{
  "instance_index": 0,
  "birth_iter": 23,
  "death_iter": 30,
  "survival_iters": 7,
  "censored": false,
  "pre_vnd_cost": -1,
  "post_vnd_cost": 742.906,
  "pre_vnd_coords": [[80,20], [87.9509,9.37329], [87.9509,9.37329], [87.9509,9.37329], [87.9509,9.37329], [87.9509,9.37329], [88.5147,23.316], [88.5147,23.316], [81.5008,46.6276], [81.5008,46.6276], [88.5147,23.316], [88.5147,23.316], [81.5008,46.6276], [72.939,30.5017], [68.6169,43.6905], [68.6169,43.6905], [81.5008,46.6276], [50.0711,39.9838], [34.8979,46.2092], [40.1218,59.2724], [34.8285,55.4019], [38.5364,48.3152], [38.5364,48.3152], [10.8337,9.7827], [14.3375,22.2905], [20.9871,31.7289], [27.7555,38.1395], [10.8337,9.7827], [10.8337,9.7827], [10.8337,9.7827], [12.2554,14.8581], [12.2554,14.8581], [10.8337,9.7827], [10.8337,9.7827], [12.2554,14.8581], [10.8337,9.7827], [2.79967,28.2245], [2.79967,28.2245], [14.3375,22.2905], [12.2554,14.8581], [10.8337,9.7827], [2.79967,28.2245], [12.2554,14.8581], [2.79967,28.2245], [14.3375,22.2905], [2.79967,28.2245], [10.8337,9.7827], [2.79967,28.2245], [2.79967,28.2245], [2.79967,28.2245], [17.6898,35.6854], [10.8337,9.7827], [2.79967,28.2245], [10.8337,9.7827], [10.8337,9.7827], [16.6508,39.7234], [16.6508,39.7234], [2.79967,28.2245], [20.9871,31.7289], [11.9765,48.4417], [16.6508,39.7234], [11.9765,48.4417], [20.9871,31.7289], [16.6508,39.7234], [22.5804,38.7598], [16.6508,39.7234], [20.9871,31.7289], [31.9141,50.6168], [2.79967,28.2245], [20.9871,31.7289], [32.435,39.5608], [20.1582,32.9481], [14.3375,22.2905], [32.435,39.5608], [32.435,39.5608], [32.435,39.5608], [32.435,39.5608], [27.7555,38.1395], [32.435,39.5608], [38.5364,48.3152], [32.435,39.5608], [38.5364,48.3152], [27.7555,38.1395], [34.8979,46.2092], [24.5813,56.5578], [38.5364,48.3152], [28.0162,40.0544], [34.8979,46.2092], [28.0162,40.0544], [34.8285,55.4019], [34.8979,46.2092], [32.435,39.5608], [28.0162,40.0544], [28.0162,40.0544], [31.9141,50.6168], [23.0131,52.1191], [38.5364,48.3152], [31.9141,50.6168], [31.9141,50.6168], [32.435,39.5608], [31.9141,50.6168], [38.5364,48.3152], [34.8979,46.2092], [28.0162,40.0544], [9.55739,47.2945], [28.0162,40.0544], [20.1582,32.9481], [28.0162,40.0544], [12.3679,49.0565], [16.6508,39.7234], [11.9765,48.4417], [34.8979,46.2092], [28.0162,40.0544], [32.435,39.5608], [11.9765,48.4417], [28.0162,40.0544], [34.8979,46.2092], [11.9765,48.4417], [16.6508,39.7234], [16.6508,39.7234], [9.55739,47.2945], [11.9765,48.4417], [16.6508,39.7234], [16.6508,39.7234], [12.3679,49.0565], [16.6508,39.7234], [16.6508,39.7234], [11.3834,50.3109], [11.3834,50.3109], [15.7316,60.8502], [11.3834,50.3109], [15.7316,60.8502], [11.3834,50.3109], [6.68414,38.9482], [6.68414,38.9482], [6.68414,38.9482], [6.68414,38.9482], [11.3834,50.3109], [11.3834,50.3109], [11.3834,50.3109], [13.8194,59.3163], [11.3834,50.3109], [7.65395,63.6004], [15.7316,60.8502], [11.3834,50.3109], [3.91094,51.2924], [6.68414,38.9482], [11.3834,50.3109], [11.3834,50.3109], [11.3834,50.3109], [15.7316,60.8502], [15.7316,60.8502], [11.3834,50.3109], [3.91094,51.2924], [11.3834,50.3109], [3.91094,51.2924], [11.3834,50.3109], [3.91094,51.2924], [9.82164,70.2139], [11.3834,50.3109], [7.65395,63.6004], [7.65395,63.6004], [13.8194,59.3163], [11.3834,50.3109], [11.3834,50.3109], [6.68414,38.9482], [13.8194,59.3163], [11.3834,50.3109], [6.68414,38.9482], [13.8194,59.3163], [6.68414,38.9482], [15.7316,60.8502], [15.7316,60.8502], [17.4732,62.6047], [15.7316,60.8502], [15.7316,60.8502], [13.2183,57.0943], [17.4732,62.6047], [13.8194,59.3163], [15.7316,60.8502], [7.65395,63.6004], [9.82164,70.2139], [17.4732,62.6047], [9.82164,70.2139], [15.7316,60.8502], [12.7509,75.9077], [20.6222,71.7801], [20.6222,71.7801], [20.6222,71.7801], [15.7316,60.8502], [9.82164,70.2139], [14.3657,61.0997], [9.82164,70.2139], [15.7316,60.8502], [14.3657,61.0997], [13.8194,59.3163], [3.91094,51.2924], [4.51935,71.103], [7.65395,63.6004], [15.7316,60.8502], [11.3834,50.3109], [20.6222,71.7801], [14.3657,61.0997], [11.3834,50.3109], [7.65395,63.6004], [7.65395,63.6004], [7.65395,63.6004], [11.3834,50.3109], [20.6222,71.7801], [9.82164,70.2139], [3.91094,51.2924], [7.65395,63.6004], [9.82164,70.2139], [7.65395,63.6004], [4.89916,82.381], [7.65395,63.6004], [7.65395,63.6004], [9.82164,70.2139], [4.51935,71.103], [2.11336,77.1617], [9.82164,70.2139], [7.65395,63.6004], [7.65395,63.6004], [9.82164,70.2139], [7.65395,63.6004], [17.1648,84.7957], [6.73321,81.9972], [4.89916,82.381], [6.73321,81.9972], [4.51935,71.103], [7.65395,63.6004], [6.73321,81.9972], [17.1648,84.7957], [14.3657,61.0997], [7.65395,63.6004], [7.65395,63.6004], [9.82164,70.2139], [20.6222,71.7801], [2.11336,77.1617], [19.738,85.0985], [20.6222,71.7801], [9.82164,70.2139], [9.82164,70.2139], [4.51935,71.103], [17.4732,62.6047], [9.82164,70.2139], [9.82164,70.2139], [26.066,76.2992], [19.738,85.0985], [26.066,76.2992], [9.82164,70.2139], [19.738,85.0985], [20.6222,71.7801], [4.51935,71.103], [20.6222,71.7801], [12.7509,75.9077], [20.6222,71.7801], [12.7509,75.9077], [26.8495,79.9842], [19.738,85.0985], [26.066,76.2992], [20.6222,71.7801], [17.1648,84.7957], [11.6242,89.2652], [19.738,85.0985], [20.6222,71.7801], [26.8495,79.9842], [26.8495,79.9842], [6.73321,81.9972], [19.738,85.0985], [4.89916,82.381], [11.6242,89.2652], [11.6242,89.2652], [6.73321,81.9972], [10.408,96.5812], [12.7509,75.9077], [25.8157,88.6743], [10.408,96.5812], [10.408,96.5812], [10.408,96.5812], [17.1648,84.7957], [19.738,85.0985], [11.6242,89.2652], [12.7509,75.9077], [17.1648,84.7957], [17.1648,84.7957], [6.73321,81.9972], [6.73321,81.9972], [9.82164,70.2139], [13.2836,83.6524], [13.2836,83.6524], [12.7509,75.9077], [4.89916,82.381], [10.408,96.5812], [8.84968,83.7165], [8.84968,83.7165], [2.11336,77.1617], [6.73321,81.9972], [4.89916,82.381], [6.73321,81.9972], [4.89916,82.381], [8.84968,83.7165], [12.7509,75.9077], [8.84968,83.7165], [11.6242,89.2652], [6.73321,81.9972], [8.84968,83.7165], [11.6242,89.2652], [6.73321,81.9972], [8.84968,83.7165], [10.408,96.5812], [10.408,96.5812], [6.73321,81.9972], [6.73321,81.9972], [12.7509,75.9077], [4.89916,82.381], [6.73321,81.9972], [6.73321,81.9972], [6.73321,81.9972], [2.11336,77.1617], [8.34887,79.156], [31.9141,50.6168], [8.34887,79.156], [16.6508,39.7234], [16.6508,39.7234], [20.6222,71.7801], [26.066,76.2992], [26.8495,79.9842], [20.6222,71.7801], [26.8495,79.9842], [26.6012,85.9517], [30.9984,88.5227], [42.6856,83.3757], [29.5321,85.9498], [29.8159,98.3259], [30.9984,88.5227], [29.8159,98.3259], [26.8381,85.0007], [29.8159,98.3259], [22.3172,89.9492], [26.8381,85.0007], [30.9984,88.5227], [30.9984,88.5227], [26.8381,85.0007], [29.5321,85.9498], [35.2921,84.1338], [30.9984,88.5227], [30.9984,88.5227], [29.8159,98.3259], [29.8159,98.3259], [30.9984,88.5227], [29.5321,85.9498], [30.9984,88.5227], [30.9984,88.5227], [30.9984,88.5227], [30.9984,88.5227], [29.8159,98.3259], [30.9984,88.5227], [29.5321,85.9498], [30.9984,88.5227], [30.9984,88.5227], [30.9984,88.5227], [30.9984,88.5227], [14.0294,93.6267], [14.0294,93.6267], [29.8159,98.3259], [30.9984,88.5227], [29.5321,85.9498], [30.9984,88.5227], [22.0215,84.8752], [30.9984,88.5227], [22.0215,84.8752], [14.0294,93.6267], [22.0215,84.8752], [22.3172,89.9492], [26.8381,85.0007], [22.0733,85.7639], [30.9984,88.5227], [22.0215,84.8752], [30.9984,88.5227], [29.5321,85.9498], [22.0215,84.8752], [22.3172,89.9492], [30.9984,88.5227], [22.0215,84.8752], [8.34887,79.156], [12.4383,94.0527], [8.34887,79.156], [2.29991,84.3731], [22.3172,89.9492], [22.0215,84.8752], [14.0294,93.6267], [22.0215,84.8752], [14.0294,93.6267], [14.0294,93.6267], [22.0215,84.8752], [22.0215,84.8752], [22.0215,84.8752], [8.34887,79.156], [17.2393,89.7669], [22.0215,84.8752], [14.0294,93.6267], [14.0294,93.6267], [22.0215,84.8752], [29.5321,85.9498], [30.9984,88.5227], [17.2393,89.7669], [22.0733,85.7639], [17.2393,89.7669], [12.4383,94.0527], [30.9984,88.5227], [30.9984,88.5227], [22.0215,84.8752], [22.3172,89.9492], [14.0294,93.6267], 