{
  "instance_index": 0,
  "birth_iter": 30,
  "death_iter": 30,
  "survival_iters": 0,
  "censored": false,
  "pre_vnd_cost": -1,
  "post_vnd_cost": 737.555,
  "pre_vnd_coords": [[80,20], [79.0669,6.93434], [79.0669,6.93434], [65.7305,20.9262], [51.253,3.71455], [65.7305,20.9262], [65.7305,20.9262], [65.7305,20.9262], [65.7305,20.9262], [57.4401,20.5631], [65.7305,20.9262], [65.7305,20.9262], [79.0669,6.93434], [57.4401,20.5631], [53.855,21.6647], [53.855,21.6647], [57.4401,20.5631], [57.4401,20.5631], [56.1669,34.961], [47.467,35.3184], [62.5313,37.6225], [57.4401,20.5631], [56.1669,34.961], [61.3047,32.3325], [52.6697,42.187], [39.2724,35.0574], [52.6697,42.187], [42.0898,25.0269], [56.1669,34.961], [57.4401,20.5631], [56.1669,34.961], [84.5192,40.0108], [62.5313,37.6225], [61.3047,32.3325], [72.6396,43.1296], [62.5981,47.821], [62.5313,37.6225], [47.467,35.3184], [52.6697,42.187], [62.5313,37.6225], [72.6396,43.1296], [61.3047,32.3325], [61.3047,32.3325], [61.3047,32.3325], [62.5981,47.821], [62.5981,47.821], [56.1669,34.961], [62.5981,47.821], [57.5909,54.5863], [62.5981,47.821], [43.5598,56.1711], [68.9384,63.9508], [67.3112,59.2803], [68.9384,63.9508], [67.3112,59.2803], [43.5598,56.1711], [61.1872,64.3157], [52.6697,42.187], [67.3112,59.2803], [77.1519,52.942], [52.6697,42.187], [67.3112,59.2803], [40.4331,39.7934], [50.8438,48.2511], [53.7049,62.3486], [43.5598,56.1711], [50.8438,48.2511], [56.1669,34.961], [47.6944,38.8914], [47.3778,38.4226], [51.0137,43.8053], [46.7605,37.5088], [37.1929,32.7094], [41.146,34.0373], [42.8516,35.0919], [47.0877,37.9932], [38.8769,32.6342], [33.2982,38.6823], [32.7051,39.6083], [44.6853,36.2257], [48.0286,39.3862], [39.3365,32.9184], [33.6364,38.1543], [26.6101,32.2056], [25.9037,34.6707], [34.1252,37.3912], [25.2563,36.9294], [39.828,33.2223], [33.2515,13.6017], [30.0155,13.7475], [37.3078,32.5741], [38.3504,32.3086], [33.2515,13.6017], [37.8146,31.9773], [33.2515,13.6017], [30.0197,22.2119], [28.5386,13.8141], [32.7075,15.051], [32.2228,13.6481], [32.212,16.3712], [31.1345,13.6971], [37.4269,32.4338], [35.5396,35.1833], [37.0603,32.8656], [25.5834,35.7883], [27.7149,28.3512], [31.7373,17.6358], [27.0407,30.7034], [31.3344,18.7092], [27.3221,29.7214], [30.9737,19.6701], [34.6729,36.5363], [25.1546,37.2843], [24.9228,41.8212], [25.3569,36.5784], [37.5453,32.2945], [32.4256,39.9208], [24.6632,39.6202], [32.2845,40.0785], [33.9613,37.6471], [27.2574,56.4499], [35.9356,34.5651], [37.6795,32.1364], [49.8856,42.1353], [30.3176,55.5436], [49.3187,41.296], [50.7269,43.3807], [52.3052,45.7173], [31.4518,41.0095], [45.0222,59.6945], [44.7888,59.8044], [29.2175,65.9789], [24.8392,41.1123], [27.6168,56.2999], [30.326,55.6451], [43.0201,60.6381], [28.6275,43.5752], [28.6123,55.8844], [33.4637,64.6328], [26.5723,56.7358], [31.5048,40.9502], [31.6079,40.835], [33.4554,38.437], [31.7416,40.6855], [33.7947,37.9072], [32.0093,40.3862], [25.5796,43.7247], [27.7149,28.3512], [24.7512,40.366], [34.2677,37.1688], [11.1032,42.2897], [25.0489,37.653], [24.9228,41.8212], [28.2872,26.8264], [26.1184,33.9216], [11.1008,41.2522], [29.7837,55.3955], [11.1266,52.1214], [31.555,40.8941], [24.945,38.0153], [27.8319,60.6629], [29.5652,55.4867], [34.8724,64.1862], [11.114,46.8724], [24.6953,38.8867], [24.7069,39.9907], [32.131,40.2501], [30.0602,55.2801], [24.8805,41.4625], [24.7938,40.7273], [25.9522,44.8045], [27.9384,56.1657], [11.1303,53.6732], [19.4452,64.5565], [28.2544,56.0338], [29.6515,55.4507], [11.128,52.7072], [11.1208,49.7134], [11.1313,54.0761], [28.9792,55.7313], [35.0646,35.9248], [21.117,59.0127], [25.4629,36.2087], [24.6113,39.1796], [11.1201,49.4235], [24.8695,38.2787], [24.7838,38.5777], [11.912,20.7413], [11.0802,32.9158], [24.9228,41.8212], [11.114,46.8638], [11.114,46.8554], [11.0584,24.257], [11.1147,47.1642], [11.1127,46.3333], [11.1188,48.8667], [11.1271,52.3183], [11.1024,41.9431], [11.0976,39.8816], [11.1,40.9034], [11.1181,48.5923], [11.114,46.8479], [11.1247,51.3487], [11.1257,51.7341], [11.1289,53.0849], [11.1056,43.315], [11.1048,42.9805], [11.1064,43.6432], [11.1222,50.2927], [11.1016,41.601], [11.1102,45.2534], [11.1175,48.3377], [11.1234,50.7686], [11.1243,51.1557], [11.1168,48.045], [11.1625,67.1803], [19.6025,63.8967], [11.1595,65.9073], [11.1604,66.3101], [11.1298,53.476], [11.1547,63.9155], [11.1109,45.5458], [26.0304,64.199], [19.0849,66.0673], [26.2677,45.719], [25.8553,66.654], [25.1574,66.6875], [25.5866,66.6669], [29.4875,55.5191], [11.1162,47.7713], [25.6866,35.4283], [25.0751,42.2626], [11.1195,49.1537], [19.5732,64.0195], [31.9565,65.1106], [31.2002,65.3504], [24.031,57.7964], [29.8267,65.7858], [26.8995,56.5992], [31.5783,65.2305], [33.0849,64.7529], [34.1903,64.4024], [45.0188,75.375], [26.4079,63.4581], [28.0338,60.2668], [35.2246,64.0745], [25.0096,66.6946], [43.4422,60.4392], [27.6174,61.0841], [24.9817,66.2576], [36.3928,63.7042], [44.5724,59.9065], [29.9246,55.3367], [36.302,63.733], [43.2306,60.5389], [37.9667,63.02], [35.5684,63.9655], [44.3612,60.006], [36.204,63.764], [42.5476,60.8608], [36.6728,63.6154], [25.2002,65.8286], [36.1111,63.7935], [52.0037,66.5073], [36.5827,63.644], [36.7666,63.5857], [34.538,64.2922], [36.0193,63.8226], [51.7552,44.9031], [41.4112,61.3965], [52.0037,66.5073], [42.8102,60.7371], [50.114,64.6633], [41.9023,61.165], [46.5558,74.8815], [39.2033,62.4371], [38.9285,77.4956], [52.0037,66.5073], [40.9276,61.6244], [42.1102,61.067], [52.6957,66.9407], [48.9115,63.4898], [46.7421,74.8217], [46.856,74.7852], [46.7793,74.8098], [47.0152,74.7341], [49.8129,64.3694], [39.0245,77.434], [52.0037,66.5073], [52.0037,66.5073], [57.8414,70.1639], [50.9992,65.5271], [56.5325,71.679], [52.0037,66.5073], [58.0473,70.2929], [58.2753,70.5478], [58.3632,70.4908], [53.1071,75.77], [57.5909,54.5863], [67.3112,59.2803], [53.7049,62.3486], [53.7049,62.3486], [53.1071,75.77], [52.795,68.5759], [61.1872,64.3157], [57.5909,54.5863], [52.795,68.5759], [53.7049,62.3486], [57.5909,54.5863], [50.7169,83.7422], [53.1071,75.77], [59.3903,57.9094], [53.1071,75.77], [43.5598,56.1711], [50.8438,48.2511], [50.8438,48.2511], [43.5598,56.1711], [44.1372,50.841], [33.5022,69.8529], [37.9993,75.6998], [43.5598,56.1711], [50.8438,48.2511], [43.5598,56.1711], [37.9993,75.6998], [26.1757,77.2109], [37.9993,75.6998], [36.2962,81.1363], [36.2962,81.1363], [28.0746,85.6259], [28.8902,73.7934], [28.8902,73.7934], [28.8902,73.7934], [30.9363,69.8905], [33.5022,69.8529], [33.5022,69.8529], [44.1372,50.841], [44.1372,50.841], [44.1372,50.841], [30.9363,69.8905], [33.8963,82.4833], [26.1757,77.2109], [26.1757,77.2109], [24.9055,100.304], [28.0746,85.6259], [36.2962,81.1363], [39.8373,93.5943], [28.7923,88.6525], [28.7923,88.6525], [34.0161,95.8987], [31.13,96.1848], [24.9055,100.304], [34.0161,95.8987], [28.7923,88.6525], [20.7555,95.0091], [28.0746,85.6259], [20.7555,95.0091], [32.3847,11.5822], [33.2515,13.6017], [52.1423,45.4761], [52.2256,45.5995], [51.6455,44.7406], [49.0049,40.8314], [51.8614,45.0603], [58.2318,70.5761], [47.0569,74.7207], [58.3151,70.522], [43.7358,75.7869], [46.7001,74.8352], [46.5905,74.8704], [46.8191,74.797], [51.9574,45.2025], [49.6139,41.733], [50.1729,42.5605], [32.5693,39.7602], [31.8707,40.5412], [48.675,40.343], [52.393,45.8473], [50.4563,42.9802], [48.3577,39.8733], [51.3297,44.2731], [52.0428,45.3288], [30.7012,20.3964], [27.7149,28.3512], [36.9138,33.038], [33.2515,13.6017], [27.5984,28.7575], [27.7149,28.3512], [27.1818,30.2111], [27.4635,29.2282], [25.2145,42.6666], [27.7149,28.3512], [36.3285,33.9518], [24.9228,41.8212], [27.7149,28.3512], [27.7149,28.3512], [16.0149,14.3783], [12.4148,18.6703], [12.7122,17.4455], [11.0584,24.257], [26.3702,33.0429], [11.0584,24.257], [11.0584,24.257], [11.0584,24.257], [11.0951,38.8371], [11.0584,24.257], [27.7149,28.3512], [12.2705,19.2646], [11.0584,24.257], [11.6495,21.8224], [11.0584,24.257], [13.2999,15.0253], [26.8396,31.405], [11.4829,22.5086], [27.7149,28.3512], [29.0279,24.8534], [27.7149,28.3512], [19.0454,14.2418], 