{
  "instance_index": 0,
  "birth_iter": 79,
  "death_iter": 80,
  "survival_iters": 1,
  "censored": false,
  "pre_vnd_cost": -1,
  "post_vnd_cost": 647.212,
  "pre_vnd_coords": [[80,20], [66.2078,18.8166], [66.3695,18.5591], [53.31,39.6743], [64.3366,21.7954], [68.2048,15.6373], [67.7307,16.3921], [63.3699,29.4603], [63.5477,30.3073], [66.5329,18.299], [63.6517,30.8025], [68.8328,14.6375], [33.5084,13.8904], [30.9612,14.263], [32.4593,18.3834], [30.1494,14.3817], [52.3104,37.8329], [39.5247,35.9257], [52.3374,37.8826], [52.8992,34.4788], [52.1217,31.7585], [51.7987,30.6284], [51.5666,29.8163], [55.3607,43.0909], [52.0815,31.6178], [52.2921,32.3547], [55.5638,43.8015], [51.4598,29.4426], [51.9385,31.1176], [51.623,30.0136], [53.8627,37.8497], [52.2135,32.0799], [59.4673,48.1095], [53.8134,55.0354], [63.9656,49.4506], [61.7488,48.7897], [63.9671,49.4512], [54.9641,41.7034], [54.7462,54.8644], [53.2638,35.7544], [66.6999,50.4019], [51.5118,29.6245], [56.3466,46.5407], [54.4554,39.9235], [53.589,36.8922], [52.0381,31.4662], [52.3332,32.4985], [52.2551,32.2251], [48.8976,55.9363], [44.5954,56.7249], [51.2397,55.507], [54.1776,38.9516], [50.1142,55.7133], [54.7462,54.8644], [66.4177,50.3037], [66.4974,50.3314], [55.7749,44.5402], [45.6183,56.5373], [56.7797,56.1434], [17.4043,76.0641], [12.2726,76.9226], [12.187,76.4937], [30.6692,88.1935], [19.5858,76.3637], [17.8817,90.2339], [24.4103,89.4761], [30.2068,88.7692], [22.518,89.6957], [10.6642,75.6309], [35.312,87.8599], [15.2856,75.773], [12.775,75.4282], [19.0634,76.2919], [18.473,76.2108], [10.5824,79.0534], [10.5824,79.0533], [10.8092,69.549], [10.5824,79.0533], [10.5989,80.61], [10.5824,79.0533], [10.7222,73.1989], [10.5846,79.2579], [10.6158,82.2056], [10.6187,82.4784], [10.8404,68.2394], [10.9314,64.4176], [10.6715,87.4513], [10.7338,72.7151], [10.8869,66.2861], [10.5824,79.0534], [10.9354,64.2479], [10.7739,71.0299], [10.8144,69.3319], [10.8295,68.6986], [10.6131,81.9519], [11.3744,90.5682], [18.8756,90.1185], [11.3689,90.7283], [10.5824,79.0534], [11.34,90.7972], [30.7661,88.6753], [12.2236,90.8903], [10.5903,79.7987], [25.1103,88.4056], [8.77712,84.8994], [8.79771,85.045], [8.5962,83.6196], [8.85321,85.4376], [8.8364,85.3187], [8.99305,86.4268], [8.87081,85.5621], [8.63228,83.8748], [8.90561,85.8083], [19.1068,88.6347], [18.5054,88.6577], [9.04747,86.8117], [8.59619,83.6196], [8.5962,83.6196], [9.01201,86.5609], [9.31573,88.7091], [8.74317,84.6592], [8.97518,86.3003], [9.29812,88.5846], [9.19527,87.8572], [9.34316,88.9032], [14.3934,88.8146], [8.5962,83.6196], [9.31941,88.7352], [8.5962,83.6196], [9.3123,88.6849], [9.33594,88.8521], [8.9568,86.1704], [10.6731,88.9566], [8.68699,84.2619], [8.59619,83.6196], [9.21624,88.0054], [8.66977,84.1401], [8.59619,83.6196], [8.72583,84.5366], [9.35025,88.9533], [9.57976,81.8279], [9.32891,88.8024], [8.59619,83.6196], [10.759,71.6536], [11.3006,90.8913], [10.6237,77.3245], [8.59619,83.6196], [9.06392,86.928], [8.70482,84.388], [9.3394,88.8766], [8.92137,85.9197], [9.29183,88.5401], [8.61386,83.7446], [11.2471,56.6865], [11.2975,62.2834], [11.3026,62.8518], [11.2668,58.8751], [11.2644,58.6037], [11.2636,58.5175], [10.9277,64.5732], [10.9094,65.3404], [10.9149,65.1111], [10.8767,41.4123], [10.8979,65.8235], [10.8922,66.0622], [28.9086,26.7824], [30.6916,34.6626], [29.962,23.8465], [30.9132,34.6943], [28.9037,26.1618], [29.5622,34.5011], [31.1652,34.7303], [28.911,27.0904], [26.4635,18.5373], [27.0206,18.6715], [27.5604,18.8015], [23.4047,17.8004], [28.084,18.9276], [25.5039,18.3061], [51.229,28.6349], [28.3796,18.9988], [27.3125,18.7418], [26.1943,18.4724], [28.6537,19.0649], [26.7712,18.6114], [29.2281,19.2032], [30.1313,34.5825], [51.3244,28.9689], [52.3689,32.6234], [51.8469,30.7969], [52.1673,31.9181], [51.7052,30.3013], [51.39,29.1983], [55.9651,45.2056], [54.7194,40.847], [51.665,30.1607], [51.892,30.9548], [51.7514,30.4631], [63.462,29.8988], [62.4058,24.8693], [58.1435,60.4316], [66.9536,46.5259], [66.348,43.6421], [66.7441,50.4172], [67.3889,48.5989], [66.5826,50.3611], [66.5821,44.7569], [65.6706,40.4165], [68.8715,57.1922], [69.3371,62.3105], [84.2104,54.8577], [69.8516,67.9661], [68.6255,54.4876], [66.1062,42.4907], [66.6189,50.3737], [66.6578,50.3872], [51.1517,28.3645], [51.0712,28.0829], [66.5422,50.347], [83.794,63.9104], [69.3031,68.265], [69.8516,67.9661], [69.1239,59.967], [68.7122,55.4412], [69.8516,67.9661], [69.8516,67.9661], [86.32,79.7062], [74.9826,87.858], [76.2312,87.9527], [76.232,87.9527], [76.2325,87.9528], [76.2313,87.9527], [73.6026,87.7534], [61.36,86.8252], [77.7823,88.0653], [76.2315,87.9527], [64.1399,87.036], [58.8298,86.6036], [65.1353,87.1115], [76.2319,87.9527], [76.2326,87.9528], [76.2318,87.9527], [46.9128,89.2748], [56.9939,86.2705], [66.5639,87.2198], [47.7253,89.1043], [47.3145,89.1905], [61.8038,86.8589], [59.0841,86.6497], [57.1313,86.2954], [56.1863,86.124], [44.3331,89.816], [58.9618,86.6275], [58.5389,86.5508], [59.9687,86.7197], [57.73,86.404], [61.5391,86.8388], [48.0429,89.0376], [48.3276,88.9779], [70.8998,87.5485], [57.433,86.3502], [60.7043,86.7755], [60.9139,86.7914], [59.7612,86.704], [51.614,87.9499], [65.8217,70.1621], [59.1114,86.6547], [58.4163,86.5286], [57.8603,86.4277], [52.4189,87.5563], [59.5087,86.6848], [54.3185,86.6273], [49.2257,84.4114], [48.9657,85.6982], [38.7828,88.0186], [48.7757,83.2542], [47.5195,88.7559], [48.5851,87.5824], [48.9941,83.7085], [60.0814,89.529], [46.8744,79.2995], [49.1061,85.0034], [48.2772,89.1067], [48.4206,88.3967], [60.0345,89.6186], [36.819,87.9288], [42.5963,86.7181], [37.9549,87.9807], [39.0795,88.0321], [39.9005,88.0697], [40.3955,88.0923], [38.7108,88.0153], [35.5183,87.8693], [34.3264,88.0726], [41.5899,87.3734], [48.3403,88.7942], [41.8192,87.2241], [39.3863,88.0462], [49.2571,84.2556], [39.5386,88.0531], [41.7388,87.2764], [40.2327,88.0849], [39.3003,88.0422], [49.1366,84.8525], [40.3133,88.0885], [48.3787,88.6041], [48.4622,88.191], [48.308,88.9542], [42.1259,87.0243], [31.7687,88.0177], [37.0116,72.6017], [41.4986,88.7935], [41.3194,88.6425], [59.2941,86.6685], [42.5766,89.3628], [26.6348,88.3475], [56.8158,86.2382], [40.7076,88.1271], [39.6191,87.2102], [42.6871,89.3913], [31.2998,88.0927], [42.3367,89.3009], [28.4808,88.277], [31.7671,88.018], [42.107,89.2416], [41.8263,89.0695], [30.6692,88.1935], [40.9258,88.3109], [30.6692,88.1935], [40.4861,87.9406], [42.4568,89.3319], [42.2222,89.2714], [31.77,88.0175], [24.9098,76.419], [30.6692,88.1935], [31.7643,88.0185], [37.342,72.6225], [41.114,88.4695], [30.8322,88.1675], [29.5369,88.8817], [35.7198,87.8785], [29.7196,88.851], [28.3885,73.6739], [34.4287,88.0505], [16.3762,90.4085], [34.8742,87.9544], [29.5368,88.8817], [28.7279,73.0703], [27.7207,74.8614], [42.3607,86.8714], [49.1711,84.6815], [44.3474,74.0434], [44.3474,74.0434], [49.0201,85.4291], [44.9609,75.3195], [27.7208,74.8614], [42.7325,86.6293], [29.5368,88.8817], [34.233,88.0928], [29.5368,88.8817], [47.9038,72.9499], [27.7822,88.3037], [30.6692,88.1935], [57.2681,86.3202], [38.1063,72.6709], [39.1177,72.7224], [38.7853,72.7138], [56.556,86.191], [62.0732,86.8793], [62.7541,86.931], [59.0927,86.6513], [60.5162,86.7612], [56.6678,86.2113], [56.4265,86.1675], [55.8223,86.0579], [47.7128,72.945], [58.1324,86.4771], [53.4021,73.0924], [60.3386,86.7478], [52.5763,71.599], [51.7873,73.0505], [49.1157,72.9813], [45.6304,61.2894], [40.0952,72.7477], [51.9658,73.0552], [54.7462,54.8644], [54.7462,54.8644], [54.7462,54.8644], [61.6293,72.3925], [61.8161,71.8263], [62.345,81.1866], [50.6117,69.1977], [50.6117,69.1977], [63.089,67.9688], [63.656,66.2505], [61.251,73.5391], [50.6117,69.1977], [50.2373,69.4873], [62.6619,69.2631], [62.7537,68.9848], [49.8354,69.7982], [63.3052,67.3135], [61.4409,72.9636], [48.9575,70.4773], [50.6117,69.1977], [62.0826,83.1328], [45.1964,75.8093], [63.424,66.9534], [36.9344,58.4738], [47.4111,56.2087], [35.2576,61.4563], [29.2881,62.0787], [40.7949,57.421], [45.9098,72.8348], [50.6117,69.1977], [29.5335,55.7998], [50.6117,