{
  "instance_index": 0,
  "birth_iter": 8,
  "death_iter": 90,
  "survival_iters": 82,
  "censored": false,
  "pre_vnd_cost": -1,
  "post_vnd_cost": 526.297,
  "pre_vnd_coords": [[80,20], [63.0319,7.07709], [79.5626,12.7571], [63.0319,7.07709], [63.0319,7.07709], [79.5626,12.7571], [53.104,10.7585], [65.4082,19.6493], [66.8411,31.7003], [65.4082,19.6493], [58.4318,26.6134], [58.4318,26.6134], [65.4082,19.6493], [58.4318,26.6134], [65.4082,19.6493], [48.6118,29.8299], [46.4617,22.9928], [48.6118,29.8299], [46.4617,22.9928], [44.2751,33.9602], [44.2751,33.9602], [46.4617,22.9928], [44.2751,33.9602], [46.4617,22.9928], [30.1906,25.0214], [44.2751,33.9602], [58.4318,26.6134], [48.6118,29.8299], [43.7727,12.631], [35.6176,14.1891], [33.0867,20.1032], [35.6176,14.1891], [35.6176,14.1891], [35.6176,14.1891], [33.0867,20.1032], [53.104,10.7585], [14.2274,11.0511], [35.6176,14.1891], [30.1906,25.0214], [43.7727,12.631], [43.7727,12.631], [30.1906,25.0214], [43.7727,12.631], [35.6176,14.1891], [35.6176,14.1891], [13.377,17.8589], [14.2274,11.0511], [6.47596,21.674], [15.9277,24.4842], [30.1906,25.0214], [6.47596,21.674], [8.67016,15.2312], [14.2274,11.0511], [-0.92952,16.6863], [14.2274,11.0511], [14.2274,11.0511], [14.2274,11.0511], [6.47596,21.674], [8.67016,15.2312], [-0.92952,16.6863], [6.47596,21.674], [6.47596,21.674], [-0.92952,16.6863], [-0.92952,16.6863], [6.47596,21.674], [6.47596,21.674], [14.2274,11.0511], [8.67016,15.2312], [14.2274,11.0511], [-0.92952,16.6863], [6.47596,21.674], [15.9277,24.4842], [8.67016,15.2312], [6.47596,21.674], [8.67016,15.2312], [52.7704,47.5795], [47.9469,55.1167], [63.7527,38.6524], [55.4359,40.0416], [63.6409,38.5042], [63.6409,38.5042], [73.1074,52.7054], [70.5608,47.6707], [63.6409,38.5042], [62.433,38.7305], [56.6761,39.8092], [63.6409,38.5042], [58.4694,39.4731], [67.9279,44.1826], [53.8956,41.6855], [73.6135,51.993], [29.2053,59.9053], [43.5456,72.0956], [45.0393,73.9409], [45.0393,73.9409], [43.5456,72.0956], [49.0054,77.0962], [29.2053,59.9053], [29.2053,59.9053], [45.0393,73.9409], [24.3717,69.4844], [29.2053,59.9053], [24.7929,65.1962], [29.2053,59.9053], [24.7929,65.1962], [29.2053,59.9053], [24.3717,69.4844], [36.9273,71.7016], [40.4226,71.9272], [44.8697,90.0369], [55.6788,77.9979], [53.7099,74.9756], [31.4113,89.1195], [46.7796,90.2476], [45.4418,90.2886], [31.3364,89.1306], [45.0837,90.2996], [44.8961,90.1083], [31.2595,89.1421], [25.4373,90.0112], [31.4113,89.1195], [31.4113,89.1195], [31.4113,89.1195], [46.3201,90.2617], [31.4113,89.1195], [45.321,90.2923], [31.4113,89.1195], [48.6451,90.1906], [31.0542,89.0252], [30.6779,88.9258], [44.8524,89.9903], [45.685,90.2811], [44.9682,90.3031], [44.8611,90.0138], [31.357,89.1052], [44.8434,89.9659], [48.4786,90.1957], [54.9906,89.9996], [58.3062,89.9], [59.6344,82.863], [64.4569,83.8683], [64.4569,83.8683], [65.4496,83.0775], [60.5659,89.8321], [71.607,89.5025], [64.4569,83.8683], [58.7241,82.6733], [59.3272,82.799], [59.1754,82.7674], [48.1562,90.2056], [47.2354,90.2337], [59.6659,89.8591], [58.54,82.3905], [60.7081,83.0868], [59.4802,82.8309], [53.7038,90.0383], [47.6954,90.2196], [47.8457,90.215], [44.9682,90.3031], [61.4249,83.2362], [44.9589,90.2782], [57.6555,89.9195], [56.3253,89.9595], [47.3909,90.2289], [44.9682,90.3031], [47.0821,90.2384], [46.933,90.2429], [51.25,90.1121], [44.9682,90.3031], [44.9141,90.157], [50.6866,90.1291], [52.4481,90.0761], [48.0028,90.2102], [45.2007,90.296], [27.5379,82.6486], [45.8074,90.2774], [46.4705,90.2571], [44.8873,90.0845], [31.4113,89.1195], [50.1519,90.1452], [47.5442,90.2243], [53.0859,90.0569], [51.8362,90.0945], [58.1754,81.8306], [57.5179,80.821], [41.2548,80.2689], [57.7989,81.2525], [57.0744,80.1403], [59.8102,82.8996], [41.744,81.5908], [46.6225,90.2524], [46.0584,90.2697], [49.4614,90.166], [55.2149,77.2858], [44.9492,90.2518], [42.5998,83.9032], [48.3142,90.2007], [61.4586,89.8053], [44.9402,90.2277], [41.4169,80.7068], [41.3067,80.4093], [42.3966,83.3542], [49.0054,77.0962], [36.9273,71.7016], [28.1505,74.5801], [45.7518,63.4989], [36.9273,71.7016], [48.6787,71.2619], [45.0393,73.9409], [48.6787,71.2619], [45.0393,73.9409], [28.1505,74.5801], [28.1505,74.5801], [36.2569,80.1952], [41.0428,68.2614], [39.5029,59.2197], [36.2569,80.1952], [28.1505,74.5801], [28.1505,74.5801], [36.2569,80.1952], [29.2053,59.9053], [36.2569,80.1952], [45.0393,73.9409], [28.1505,74.5801], [49.0054,77.0962], [23.6669,86.5678], [29.6025,87.022], [28.1505,74.5801], [22.4545,82.4593], [26.75,69.0294], [26.75,69.0294], [19.3149,79.2449], [27.5385,81.4929], [29.6025,87.022], [28.1505,74.5801], [23.6669,86.5678], [27.5385,81.4929], [26.75,69.0294], [24.3717,69.4844], [24.3717,69.4844], [19.3149,79.2449], [28.1505,74.5801], [15.855,81.3199], [19.6546,71.6096], [9.60696,85.97], [24.7929,65.1962], [22.1443,80.5728], [28.1505,74.5801], [22.4545,82.4593], [16.5207,85.3053], [22.4545,82.4593], [16.5207,85.3053], [19.3149,79.2449], [27.5385,81.4929], [29.6025,87.022], [36.2569,80.1952], [29.6025,87.022], [36.2569,80.1952], [36.2569,80.1952], [29.6025,87.022], [29.6025,87.022], [36.2569,80.1952], [29.6025,87.022], [16.5207,85.3053], [16.5207,85.3053], [23.6669,86.5678], [29.6025,87.022], [16.5207,85.3053], [29.6025,87.022], [16.5207,85.3053], [16.5207,85.3053], [9.60696,85.97], [9.60696,85.97], [15.855,81.3199], [9.60696,85.97], [8.11412,77.183], [16.5207,85.3053], [16.5207,85.3053], [16.5207,85.3053], [23.6669,86.5678], [9.60696,85.97], [9.60696,85.97], [22.4545,82.4593], [4.21809,78.4256], [9.60696,85.97], [9.60696,85.97], [16.5207,85.3053], [9.60696,85.97], [16.5207,85.3053], [16.5207,85.3053], [22.1443,80.5728], [16.5207,85.3053], [4.21809,78.4256], [4.21809,78.4256], [8.11412,77.183], [4.21809,78.4256], [9.60696,85.97], [9.60696,85.97], [4.21809,78.4256], [4.21809,78.4256], [11.6606,76.0112], [10.2327,76.5938], [11.8508,70.9575], [11.955,68.1861], [10.8027,76.7767], [11.6421,76.5019], [31.4438,71.3053], [11.9019,69.5982], [11.8909,69.8912], [17.7658,67.0438], [10.6614,76.7313], [12.1321,63.4697], [16.7736,67.1498], [11.6218,77.0396], [11.6218,77.0396], [11.7173,74.5027], [17.115,67.5601], [21.692,63.9292], [11.6219,77.0396], [16.1656,66.1457], [18.9154,66.1319], [17.3148,67.4016], [18.5626,66.4118], [32.6653,71.3897], [11.7771,72.9157], [11.9445,68.4636], [11.9979,67.0426], [11.6219,77.0396], [11.5062,49.1267], [19.6602,65.5411], [10.952,76.8246], [14.7334,63.7806], [12.0944,64.4721], [19.2855,65.8383], [11.9339,68.7462], [31.119,65.3817], [11.7488,73.6671], [11.9123,69.3198], [12.0716,65.079], [11.6218,77.0396], [16.4852,66.6734], [31.2125,67.0952], [12.1587,62.7632], [11.83,71.5098], [11.88,70.1799], [13.5116,61.7631], [11.8048,72.1789], [11.6977,75.0247], [22.4987,63.1008], [11.679,75.5223], [12.1109,64.0318], [12.1273,63.5951], [12.0832,64.7703], [12.0999,64.3269], [11.9655,67.9055], [12.0357,66.0351], [12.2455,60.4591], [15.5718,47.9825], [12.0404,65.9106], [14.6983,49.1793], [12.0446,65.7975], [12.026,66.2934], [12.0169,66.5365], [12.1053,64.1828], [12.0125,66.6545], [10.1315,76.5614], [12.0081,66.7707], [24.3717,69.4844], [15.5567,53.4767], [7.91331,57.0099], [24.3717,69.4844], [7.91331,57.0099], [15.5567,53.4767], [7.91331,57.0099], [16.7053,56.6604], [15.5567,53.4767], [19.1811,51.8153], [-2.47161,51.2456], [8.71609,45.3965], [9.08476,49.0717], [28.251,49.09], [22.2258,45.9133], [9.08476,49.0717], [24.5841,59.7995], [28.1505,74.5801], [9.60696,85.97], [28.1505,74.5801], [24.3717,69.4844], [27.5385,81.4929], [19.0599,59.4888], [19.0599,59.4888], [26.75,69.0294], [35.2751,53.0913], [16.7053,56.6604], [7.91331,57.0099], [24.5841,59.7995], [24.3717,69.4844], [29.2053,59.9053], [15.5567,53.4767], [15.5567,53.4767], [29.4569,53.1301], [26.75,69.0294], [29.4569,53.1301], [28.4507,46.1691], [29.4569,53.1301], [29.2053,59.9053], [24.7929,65.1962], [15.5567,53.4767], [22.2258,45.9133], [28.251,49.09], [29.4569,53.1301], [29.4569,53.1301], [29.2053,59.9053], [33.4795,56.4684], [29.2053,59.9053], [32.8342,42.4472], [32.8342,42.4472], 