{
  "instance_index": 0,
  "birth_iter": 5,
  "death_iter": 50,
  "survival_iters": 45,
  "censored": false,
  "pre_vnd_cost": -1,
  "post_vnd_cost": 555.135,
  "pre_vnd_coords": [[80,20], [74.038,4.38652], [74.038,4.38652], [69.1342,9.5283], [74.038,4.38652], [97.1415,17.3067], [97.1415,17.3067], [97.1415,17.3067], [97.1415,17.3067], [93.8793,37.4086], [93.8793,37.4086], [84.2973,41.7606], [84.2973,41.7606], [77.2043,43.5449], [77.2043,43.5449], [93.8793,37.4086], [64.0576,40.6548], [77.2043,43.5449], [58.6215,47.4785], [79.5739,50.9554], [64.0576,40.6548], [76.2357,49.1617], [77.7003,61.4242], [76.2357,49.1617], [85.5629,46.0846], [58.6215,47.4785], [85.5488,61.2743], [74.7699,73.6979], [83.9551,56.8418], [69.8419,59.2282], [83.9551,56.8418], [85.5629,46.0846], [85.5488,61.2743], [83.9551,56.8418], [85.5629,46.0846], [83.9551,56.8418], [85.5488,61.2743], [79.5739,50.9554], [85.7257,70.2353], [85.5488,61.2743], [85.5488,61.2743], [85.7257,70.2353], [96.2382,90.5914], [85.7257,70.2353], [96.2382,90.5914], [96.2382,90.5914], [84.1539,85.583], [68.0914,86.011], [85.7257,70.2353], [75.0117,81.0156], [75.0117,81.0156], [85.7257,70.2353], [74.7699,73.6979], [74.7699,73.6979], [77.7003,61.4242], [77.7003,61.4242], [85.5488,61.2743], [77.2043,43.5449], [83.9551,56.8418], [74.7699,73.6979], [83.9551,56.8418], [77.2043,43.5449], [69.8419,59.2282], [69.8419,59.2282], [85.5629,46.0846], [74.7699,73.6979], [63.1617,67.2133], [58.6215,47.4785], [51.9262,68.3422], [63.1617,67.2133], [76.2357,49.1617], [69.8419,59.2282], [51.9262,68.3422], [74.7699,73.6979], [65.1596,54.1946], [51.9262,68.3422], [64.4008,73.5091], [63.1617,67.2133], [74.7699,73.6979], [51.9262,68.3422], [46.6642,68.5647], [52.5491,56.5394], [51.9262,68.3422], [51.9262,68.3422], [63.1617,67.2133], [51.9262,68.3422], [52.5491,56.5394], [63.1617,67.2133], [41.9136,79.287], [60.4627,86.8086], [64.4008,73.5091], [64.4008,73.5091], [74.7699,73.6979], [55.5565,72.6404], [60.4627,86.8086], [63.1617,67.2133], [69.8419,59.2282], [74.7699,73.6979], [74.7699,73.6979], [75.0117,81.0156], [64.4008,73.5091], [64.4008,73.5091], [75.0117,81.0156], [64.4008,73.5091], [77.7003,61.4242], [68.0914,86.011], [64.4008,73.5091], [64.4008,73.5091], [75.0117,81.0156], [84.1539,85.583], [84.1539,85.583], [77.3349,98.998], [75.0117,81.0156], [84.1539,85.583], [68.0914,86.011], [77.3349,98.998], [96.2382,90.5914], [96.2382,90.5914], [77.3349,98.998], [69.1177,100.739], [69.1177,100.739], [77.3349,98.998], [77.3349,98.998], [77.3349,98.998], [77.3349,98.998], [69.1177,100.739], [55.4162,99.1962], [75.0117,81.0156], [77.3349,98.998], [69.1177,100.739], [69.1177,100.739], [55.4162,99.1962], [55.4162,99.1962], [60.4627,86.8086], [77.3349,98.998], [68.0914,86.011], [64.4008,73.5091], [60.4627,86.8086], [75.0117,81.0156], [60.4627,86.8086], [61.5059,91.599], [68.0914,86.011], [61.5059,91.599], [55.4162,99.1962], [55.4162,99.1962], [68.0914,86.011], [60.4627,86.8086], [69.1177,100.739], [44.9094,90.6115], [68.0914,86.011], [69.1177,100.739], [69.1177,100.739], [49.2064,91.7298], [69.1177,100.739], [55.4162,99.1962], [60.4627,86.8086], [44.9094,90.6115], [49.2064,91.7298], [49.2064,91.7298], [44.9094,90.6115], [41.4067,102.089], [41.9136,79.287], [49.2064,91.7298], [49.2064,91.7298], [46.848,85.9254], [49.2064,91.7298], [49.2064,91.7298], [52.5728,86.4425], [49.2064,91.7298], [44.9094,90.6115], [56.2118,94.3891], [45.3624,87.3534], [46.3697,82.7958], [36.0071,89.8724], [39.2356,103.441], [49.0761,79.2493], [36.0071,89.8724], [39.2356,103.441], [58.4182,84.1238], [32.6057,92.5949], [41.4064,76.5521], [58.4182,84.1238], [49.0761,79.2493], [38.3529,75.3423], [37.6673,82.7916], [46.3697,82.7958], [49.0761,79.2493], [58.4182,84.1238], [58.4182,84.1238], [49.0761,79.2493], [52.7712,100.252], [45.3624,87.3534], [53.1233,76.4159], [46.7355,75.0505], [58.4182,84.1238], [53.1233,76.4159], [46.3697,82.7958], [53.1233,76.4159], [58.4182,84.1238], [58.4182,84.1238], [48.1887,28.4936], [43.1279,19.2333], [48.1887,28.4936], [48.1887,28.4936], [48.1887,28.4936], [38.8435,21.2476], [48.1887,28.4936], [38.8435,21.2476], [38.8435,21.2476], [26.3974,18.9027], [60.6837,87.9402], [58.4182,84.1238], [53.1233,76.4159], [53.1233,76.4159], [53.1233,76.4159], [53.1233,76.4159], [60.6837,87.9402], [60.6837,87.9402], [56.2118,94.3891], [46.0916,94.7243], [60.6837,87.9402], [52.7712,100.252], [58.4182,84.1238], [52.7712,100.252], [46.0916,94.7243], [46.0916,94.7243], [46.0916,94.7243], [52.7712,100.252], [46.0916,94.7243], [39.2356,103.441], [46.0916,94.7243], [46.0916,94.7243], [36.0071,89.8724], [36.0071,89.8724], [36.0071,89.8724], [46.0916,94.7243], [36.0071,89.8724], [46.0916,94.7243], [46.0916,94.7243], [19.9468,86.336], [32.7662,108.141], [39.2356,103.441], [35.2729,84.6023], [32.7662,108.141], [32.7662,108.141], [15.7379,100.329], [12.4563,98.3735], [21.1735,90.1641], [12.4563,98.3735], [25.6955,97.0509], [15.7379,100.329], [17.3338,93.4239], [32.6057,92.5949], [17.3338,93.4239], [38.3529,75.3423], [32.6057,92.5949], [35.2729,84.6023], [16.0222,88.8194], [29.5868,82.2074], [29.5868,82.2074], [29.5868,82.2074], [35.2729,84.6023], [29.5868,82.2074], [32.6057,92.5949], [32.6057,92.5949], [27.5242,67.8403], [12.4605,70.7262], [29.5868,82.2074], [26.0132,74.4336], [20.3414,77.5478], [9.46176,76.6263], [15.6286,77.9664], [20.3414,77.5478], [12.4605,70.7262], [15.6286,77.9664], [9.46176,76.6263], [20.3414,77.5478], [15.6286,77.9664], [29.5868,82.2074], [29.5868,82.2074], [21.1735,90.1641], [21.1735,90.1641], [29.5868,82.2074], [20.3414,77.5478], [8.41454,84.4889], [29.5868,82.2074], [9.46176,76.6263], [32.6057,92.5949], [20.3414,77.5478], [29.5868,82.2074], [27.5242,67.8403], [21.1735,90.1641], [25.6955,97.0509], [25.6955,97.0509], [16.0222,88.8194], [20.3414,77.5478], [36.0071,89.8724], [21.1735,90.1641], [25.6955,97.0509], [29.5868,82.2074], [8.35387,93.0557], [21.1735,90.1641], [21.1735,90.1641], [32.7662,108.141], [15.7379,100.329], [15.7379,100.329], [17.3338,93.4239], [8.35387,93.0557], [17.3338,93.4239], [15.7379,100.329], [19.9468,86.336], [12.4563,98.3735], [8.35387,93.0557], [15.7379,100.329], [12.4563,98.3735], [21.1735,90.1641], [12.4563,98.3735], [8.35387,93.0557], [8.35387,93.0557], [-2.27572,90.6813], [17.3338,93.4239], [8.41454,84.4889], [3.58533,88.8301], [8.35387,93.0557], [-6.8745,87.4266], [-6.8745,87.4266], [8.35387,93.0557], [3.58533,88.8301], [8.41454,84.4889], [8.35387,93.0557], [8.35387,93.0557], [3.58533,88.8301], [3.58533,88.8301], [8.35387,93.0557], [8.41454,84.4889], [3.58533,88.8301], [3.58533,88.8301], [16.0222,88.8194], [-0.378001,80.2945], [-2.27572,90.6813], [3.58533,88.8301], [3.29925,73.9377], [8.41454,84.4889], [-0.378001,80.2945], [3.58533,88.8301], [-0.378001,80.2945], [-0.378001,80.2945], [3.29925,73.9377], [12.4605,70.7262], [12.5888,82.507], [12.4605,70.7262], [9.46176,76.6263], [9.46176,76.6263], [6.70685,73.1027], [16.0222,88.8194], [8.41454,84.4889], [3.29925,73.9377], [15.6286,77.9664], [6.70685,73.1027], [12.5888,82.507], [-2.27572,90.6813], [8.35387,93.0557], [3.58533,88.8301], [-2.27572,90.6813], [9.46176,76.6263], [8.41454,84.4889], [3.58533,88.8301], [9.46176,76.6263], [8.35387,93.0557], [8.35387,93.0557], [12.5888,82.507], [8.41454,84.4889], [8.35387,93.0557], [8.35387,93.0557], [17.3338,93.4239], [3.58533,88.8301], [3.58533,88.8301], [-6.8745,87.4266], [8.35387,93.0557], [15.7379,100.329], [15.7379,100.329], [8.41454,84.4889], [25.6955,97.0509], [17.3338,93.4239], [17.3338,93.4239], [15.6286,77.9664], [17.3338,93.4239], [3.58533,88.8301], [8.35387,93.0557], [15.6286,77.9664], [16.0222,88.8194], [21.1735,90.1641], [20.3414,77.5478], [8.41454,84.4889], [12.5888,82.507], [19.9468,86.336], [16.0222,88.8194], [8.48265,90.2733], [17.3338,93.4239], [8.35387,93.0557], [21.1735,90.1641], [8.35387,93.0557], [19.9468,86.336], [2.71961,66.2886], [8.41454,84.4889], [16.0222,88.8194], [25.6955,97.0509], [9.46176,76.6263], [6.10932,71.4992], [1.14434,64.8489], [8.39738,73.2496], [11.7495,63.2639], [1.14434,64.8489], 