{
  "instance_index": 0,
  "birth_iter": 11,
  "death_iter": 100,
  "survival_iters": 89,
  "censored": false,
  "pre_vnd_cost": -1,
  "post_vnd_cost": 559.335,
  "pre_vnd_coords": [[80,20], [69.6412,19.4869], [69.6412,19.4869], [66.6678,25.1089], [66.6678,25.1089], [66.6678,25.1089], [15.4572,45.4115], [14.0197,54.4549], [19.4968,37.8178], [22.5965,45.5232], [14.0197,54.4549], [14.8666,48.5235], [14.0197,54.4549], [19.4968,37.8178], [5.20043,54.8717], [14.0197,54.4549], [-5.81842,51.5135], [-1.40084,55.9481], [23.3762,52.9733], [14.8666,48.5235], [14.0197,54.4549], [10.9538,58.1896], [5.20043,54.8717], [14.0197,54.4549], [20.9187,56.316], [14.8666,48.5235], [-5.81842,51.5135], [15.4572,45.4115], [-5.81842,51.5135], [-5.81842,51.5135], [22.5965,45.5232], [14.8666,48.5235], [31.1192,65.3813], [31.4438,71.3053], [31.1193,65.381], [31.119,65.3817], [31.1738,66.3874], [31.2839,68.4003], [33.065,64.2478], [25.0633,82.9104], [31.1192,65.3811], [34.6404,63.3303], [25.2177,81.9193], [28.8644,83.0656], [10.6614,76.7313], [13.0204,90.2811], [10.0337,76.53], [10.3376,76.6274], [10.5226,76.6868], [31.119,65.3818], [10.3911,76.6446], [10.1315,76.5614], [15.5841,73.5978], [33.5688,88.038], [39.1267,88.201], [35.2779,79.5606], [46.65,83.1976], [39.1267,88.201], [46.65,83.1976], [30.3654,75.1435], [33.5688,88.038], [33.5688,88.038], [35.2779,79.5606], [25.4386,73.6619], [36.1049,84.4971], [33.5688,88.038], [33.5688,88.038], [33.5688,88.038], [22.6124,78.2666], [22.6124,78.2666], [15.5841,73.5978], [15.5841,73.5978], [22.6124,78.2666], [22.6124,78.2666], [22.6124,78.2666], [35.2779,79.5606], [30.3654,75.1435], [44.1021,78.5386], [22.6124,78.2666], [15.5841,73.5978], [35.5092,66.5347], [35.2779,79.5606], [46.0086,76.4159], [36.1049,84.4971], [35.5092,66.5347], [39.1267,88.201], [35.5092,66.5347], [25.4386,73.6619], [25.4386,73.6619], [51.0025,70.0596], [42.6445,66.0104], [30.3654,75.1435], [35.2779,79.5606], [30.3654,75.1435], [44.1021,78.5386], [51.0025,70.0596], [40.3957,73.8174], [42.6445,66.0104], [36.1049,84.4971], [35.2779,79.5606], [40.3957,73.8174], [45.9247,70.257], [41.4726,80.8574], [51.1224,71.0038], [33.4591,64.0183], [42.0863,58.9938], [38.8915,60.8546], [31.9894,64.8743], [50.7734,70.4678], [38.6579,60.9906], [40.1632,60.1139], [39.4795,60.5121], [37.1738,61.855], [43.754,58.0226], [49.3725,68.3161], [41.0474,59.599], [35.2125,71.5657], [34.8347,71.5396], [49.7225,68.8538], [42.3049,72.0578], [49.5464,68.5833], [67.3159,60.8598], [43.4915,58.1755], [49.8986,69.1242], [66.6885,63.1496], [47.8636,69.1655], [66.0808,62.5984], [51.5807,71.7074], [60.3458,83.0113], [52.6277,73.3145], [41.4169,80.7068], [42.1699,82.7417], [48.6814,68.7052], [41.9089,59.0972], [33.1528,71.4234], [40.8405,59.7194], [39.8286,60.3088], [56.6117,79.4299], [41.744,81.5908], [43.8316,71.4353], [44.8781,90.0597], [49.4614,90.166], [43.3742,85.9959], [58.3616,82.1166], [44.8363,70.8697], [46.8972,69.7095], [40.4226,71.9272], [42.5998,83.9032], [44.9492,90.2518], [42.3966,83.3542], [63.7877,83.7288], [50.2496,69.6632], [56.142,78.709], [44.1104,87.9852], [54.225,75.7663], [61.4586,89.8053], [43.0856,85.216], [61.9335,83.3422], [57.0744,80.1403], [62.4911,83.4585], [58.1754,81.8306], [58.8733,82.7044], [50.9483,70.7365], [60.7081,83.0868], [66.1529,62.497], [75.7294,76.5767], [62.1979,83.3973], [69.2919,80.0167], [59.9893,82.937], [65.8315,89.675], [59.0241,82.7358], [63.4578,83.66], [59.3272,82.799], [68.6769,89.59], [62.8064,83.5242], [61.4249,83.2362], [57.7989,81.2525], [43.715,86.9167], [58.54,82.3905], [60.8913,83.125], [64.126,83.7993], [46.1845,90.2658], [59.8102,82.8996], [55.6788,77.9979], [46.4705,90.2571], [60.5261,83.0489], [48.3142,90.2007], [47.2354,90.2337], [55.6534,89.9797], [44.9402,90.2277], [54.3488,90.0189], [44.9682,90.3031], [44.9315,90.204], [54.7468,76.5673], [55.2149,77.2858], [41.9535,82.1569], [48.8121,90.1855], [42.8056,84.4593], [48.0028,90.2102], [44.8697,90.0369], [53.1846,74.1694], [47.3909,90.2289], [45.2007,90.296], [51.8362,90.0945], [46.6225,90.2524], [45.8074,90.2774], [53.7099,74.9756], [57.9887,81.5439], [47.0821,90.2384], [48.1562,90.2056], [54.9906,89.9996], [57.6555,89.9195], [58.9844,89.8796], [74.1381,89.4269], [59.1754,82.7674], [50.1519,90.1452], [44.8873,90.0845], [63.1316,83.592], [75.2071,89.3949], [60.5659,89.8321], [61.0738,83.163], [71.607,89.5025], [57.0063,89.939], [81.5537,87.7376], [75.2072,89.3949], [75.2072,89.3949], [75.2072,89.3949], [59.6344,82.863], [61.2536,83.2005], [75.2071,89.3949], [72.2659,78.2004], [73.1797,77.7057], [76.7279,77.2356], [78.0569,78.1126], [60.1667,82.974], [75.0458,76.6955], [84.6661,82.4734], [71.3803,78.6799], [74.5649,76.9559], [77.1416,77.5087], [81.3327,87.948], [83.8201,81.9137], [67.2268,89.6333], [85.2916,82.9506], [80.515,64.9887], [77.5783,77.7968], [79.8983,79.3276], [78.6045,78.474], [73.6357,77.4589], [70.5251,79.1429], [81.7186,61.6397], [79.1926,78.862], [84.2707,52.1159], [67.009,61.2918], [84.167,53.4961], [68.5468,63.3968], [66.1352,41.8077], [72.8306,53.0951], [68.9208,58.6004], [67.4328,60.6953], [66.2402,62.3742], [72.9653,52.9056], [69.1163,45.7569], [72.5567,53.4808], [52.578,46.0597], [66.3285,62.2498], [52.8647,48.3241], [66.3817,62.8713], [51.1377,54.691], [44.4221,57.6335], [68.3221,59.4434], [67.2137,61.0037], [53.1137,54.4275], [68.2343,80.8592], [66.7152,61.7054], [84.1983,53.0793], [67.6506,60.3887], [67.7699,60.2207], [75.9489,76.7216], [76.3278,76.9716], [70.9536,78.9109], [70.2996,63.63], [66.6136,61.8484], [67.892,60.0488], [72.7157,77.9569], [71.8266,78.4383], [70.0994,79.3733], [61.6756,83.2884], [50.5963,70.1957], [66.8116,61.5698], [50.4243,69.9315], [52.0924,72.4928], [66.9102,61.4309], [66.8435,63.1702], [70.3668,56.5644], [84.7207,54.3632], [83.3655,43.1504], [70.4104,43.9841], [63.3498,52.2982], [63.3498,52.2982], [83.3655,43.1504], [70.4104,43.9841], [76.7272,43.7205], [76.7272,43.7205], [59.155,36.2465], [70.4104,43.9841], [63.3498,52.2982], [60.4115,33.0547], [59.155,36.2465], [63.3498,52.2982], [61.8421,43.5823], [63.3498,52.2982], [66.6678,25.1089], [70.4104,43.9841], [61.8421,43.5823], [59.155,36.2465], [60.4115,33.0547], [59.155,36.2465], [59.155,36.2465], [63.3498,52.2982], [59.155,36.2465], [70.4104,43.9841], [61.8421,43.5823], [59.155,36.2465], [51.36,46.9146], [52.7494,53.7162], [52.7494,53.7162], [55.6803,57.4788], [51.36,46.9146], [35.5845,56.0154], [51.36,46.9146], [51.36,46.9146], [51.36,46.9146], [51.36,46.9146], [51.36,46.9146], [51.36,46.9146], [51.36,46.9146], [51.36,46.9146], [51.36,46.9146], [35.5092,66.5347], [52.7494,53.7162], [68.0136,59.8777], [64.2128,69.6268], [64.2128,69.6268], [66.5168,61.9848], [66.4244,62.1148], [67.1096,61.1502], [63.3498,52.2982], [91.1856,55.7374], [84.7207,54.3632], [84.7207,54.3632], [84.7207,54.3632], [87.9914,65.5552], [91.1856,55.7374], [91.1856,55.7374], [91.1856,55.7374], [84.7207,54.3632], [83.3655,43.1504], [83.3655,43.1504], [84.8187,32.2393], [41.5764,81.1379], [81.9231,96.0362], [77.1161,93.3579], [82.3522,99.535], [77.1161,93.3579], [77.1161,93.3579], [77.1161,93.3579], [81.9231,96.0362], [82.3522,99.535], [81.9231,96.0362], [77.1161,93.3579], [94.7065,85.8131], [94.7065,85.8131], [94.7065,85.8131], [94.7065,85.8131], [87.9914,65.5552], [94.7065,85.8131], [87.9914,65.5552], [94.7065,85.8131], [87.9914,65.5552], [77.1161,93.3579], [81.9231,96.0362], [71.7773,95.6166], [55.6803,57.4788], [52.7494,53.7162], [55.6803,57.4788], [40.3957,73.8174], [35.5092,66.5347], [35.5092,66.5347], [35.5845,56.0154], [35.5845,56.0154], [35.5092,66.5347], [52.7494,53.7162], [39.3368,57.2039], [35.5092,66.5347], [39.3368,57.2039], [35.5845,56.0154], [35.5092,66.5347], [35.5092,66.5347], [35.5092,66.5347], [25.4386,73.6619], [35.5092,66.5347], [35.5092,66.5347], [35.5092,66.5347], [35.5092,66.5347], [27.5033,62.1968], [27.5033,62.1968], [20.9689,65.1793], [20.9689,65.1793], [35.5092,66.5347], [35.5092,66.5347], [35.5092,66.5347], [35.5092,66.5347], [15.5841,73.5978], [27.5033,62.1968], [22.6124,78.2666], [15.5841,