{
  "instance_index": 0,
  "birth_iter": 16,
  "death_iter": 30,
  "survival_iters": 14,
  "censored": false,
  "pre_vnd_cost": -1,
  "post_vnd_cost": 577.664,
  "pre_vnd_coords": [[80,20], [62.4758,18.7683], [79.6884,50.8803], [86.541,44.1127], [86.541,44.1128], [59.6606,43.9474], [59.2146,43.8979], [86.6142,48.1614], [79.0628,51.334], [62.5592,47.3775], [59.6606,43.9474], [59.6606,43.9474], [47.2066,45.0715], [48.5171,43.8261], [47.7531,45.3645], [62.7657,48.092], [57.3575,43.6916], [61.5012,19.6438], [58.2219,43.7876], [50.5168,43.3791], [46.3999,44.639], [56.4524,24.1797], [59.6606,43.9474], [56.9558,23.7275], [50.1932,29.8029], [57.6477,23.1058], [63.3807,17.9553], [56.2175,24.3907], [64.3108,17.1197], [45.9154,30.2221], [44.082,29.8178], [50.9746,29.1009], [51.8244,28.3375], [52.6488,27.5968], [40.8083,28.0863], [40.3812,27.5094], [36.6396,18.6349], [28.5602,15.7935], [36.3543,17.8478], [54.429,25.9975], [57.2913,23.426], [60.8161,20.2593], [55.5906,24.9539], [55.9385,24.6414], [65.2973,16.2334], [65.8595,15.7284], [60.2413,20.7758], [35.5657,15.6726], [35.8183,16.3693], [24.015,15.4993], [37.8007,21.8378], [31.1212,15.773], [12.499,17.4269], [13.0034,15.0356], [25.5822,15.6007], [12.946,15.3074], [19.6832,35.0825], [18.2903,27.2673], [18.2514,27.0489], [28.7774,15.8075], [18.2145,26.842], [33.6295,15.7163], [28.9883,15.8212], [28.9883,15.8212], [37.4904,20.9818], [36.9434,19.4729], [37.2218,20.2408], [43.2317,29.6303], [44.8685,29.9912], [18.4134,27.9582], [39.8379,26.7754], [42.3928,29.4454], [46.557,30.3636], [20.3217,38.6698], [42.0582,29.3716], [20.0399,37.0865], [41.238,28.6668], [28.9883,15.8212], [23.6795,36.2145], [17.7566,22.4298], [8.27097,16.8012], [8.27097,16.8012], [8.27097,16.8012], [8.27097,16.8012], [16.2989,24.4765], [-0.446972,27.961], [-0.446972,27.961], [-0.245351,19.6129], [8.27097,16.8012], [9.89608,27.4161], [8.27097,16.8012], [16.2989,24.4765], [8.27097,16.8012], [16.2989,24.4765], [-0.245351,19.6129], [8.27097,16.8012], [8.27097,16.8012], [10.9904,32.7113], [16.2989,24.4765], [10.9904,32.7113], [10.9904,32.7113], [16.2989,24.4765], [5.63873,40.6453], [-0.245351,19.6129], [-0.446972,27.961], [8.27097,16.8012], [-0.245351,19.6129], [-0.446972,27.961], [-0.245351,19.6129], [10.9904,32.7113], [8.27097,16.8012], [23.6795,36.2145], [17.7566,22.4298], [17.7566,22.4298], [17.7566,22.4298], [17.7566,22.4298], [16.2989,24.4765], [23.6795,36.2145], [16.6654,39.321], [36.8561,32.7867], [22.6217,47.1425], [23.6795,36.2145], [16.2989,24.4765], [39.0743,46.2305], [22.6217,47.1425], [17.7566,22.4298], [23.6795,36.2145], [16.2989,24.4765], [22.6217,47.1425], [19.9247,38.7943], [39.0743,46.2305], [16.0415,41.5962], [23.6795,36.2145], [14.326,51.6839], [31.2018,38.7458], [36.8561,32.7867], [37.7345,49.1521], [31.2018,38.7458], [31.2018,38.7458], [16.0415,41.5962], [26.6082,52.783], [16.0415,41.5962], [31.2018,38.7458], [31.2018,38.7458], [19.6184,52.4164], [23.6795,36.2145], [9.89608,27.4161], [16.0415,41.5962], [19.9247,38.7943], [10.9904,32.7113], [16.0415,41.5962], [9.5565,44.9823], [2.2209,48.0684], [19.6184,52.4164], [9.5565,44.9823], [5.63873,40.6453], [5.63873,40.6453], [5.63873,40.6453], [16.0415,41.5962], [19.9247,38.7943], [19.6184,52.4164], [10.9904,32.7113], [10.9904,32.7113], [16.0415,41.5962], [16.0415,41.5962], [14.326,51.6839], [12.1844,59.0642], [3.05619,54.5405], [10.9904,32.7113], [5.63873,40.6453], [2.2209,48.0684], [16.0415,41.5962], [4.65266,58.1065], [2.2209,48.0684], [2.2209,48.0684], [2.2209,48.0684], [16.0415,41.5962], [5.63873,40.6453], [9.5565,44.9823], [9.5565,44.9823], [9.5565,44.9823], [9.77178,62.9013], [2.2209,48.0684], [-4.18913,64.8535], [12.1844,59.0642], [12.1844,59.0642], [9.5565,44.9823], [2.2209,48.0684], [3.05619,54.5405], [14.326,51.6839], [9.5565,44.9823], [16.0415,41.5962], [22.6217,47.1425], [3.05619,54.5405], [16.0415,41.5962], [22.6217,47.1425], [9.5565,44.9823], [16.0415,41.5962], [9.5565,44.9823], [4.65266,58.1065], [9.77178,62.9013], [-4.18913,64.8535], [1.90887,59.1276], [2.2209,48.0684], [4.65266,58.1065], [2.2209,48.0684], [-4.18913,64.8535], [3.05619,54.5405], [12.1844,59.0642], [1.90887,59.1276], [7.92757,74.2925], [1.90887,59.1276], [1.90887,59.1276], [-4.18913,64.8535], [1.90887,59.1276], [1.82345,82.5303], [7.92757,74.2925], [-4.18913,64.8535], [3.90754,71.8734], [3.05619,54.5405], [18.7286,63.6736], [18.7286,63.6736], [1.90887,59.1276], [15.5376,77.1697], [12.1844,59.0642], [1.90887,59.1276], [3.90754,71.8734], [7.92757,74.2925], [18.7286,63.6736], [13.6539,61.5524], [9.77178,62.9013], [23.5747,63.5507], [30.105,59.4507], [13.6869,71.4865], [7.92757,74.2925], [3.90754,71.8734], [7.92757,74.2925], [13.6869,71.4865], [3.90754,71.8734], [3.90754,71.8734], [1.90887,59.1276], [7.92757,74.2925], [7.92757,74.2925], [8.22033,72.3862], [7.09629,88.9353], [7.92757,74.2925], [3.90754,71.8734], [18.7286,63.6736], [8.22033,72.3862], [7.92757,74.2925], [13.6869,71.4865], [18.7286,63.6736], [12.1844,59.0642], [3.90754,71.8734], [8.22033,72.3862], [1.82345,82.5303], [7.09629,88.9353], [25.7869,85.7742], [1.82345,82.5303], [7.09629,88.9353], [1.82345,82.5303], [10.8551,94.379], [1.82345,82.5303], [1.82345,82.5303], [6.56714,98.4672], [15.5171,90.4377], [7.09629,88.9353], [1.82345,82.5303], [0.252502,70.8697], [1.82345,82.5303], [7.92757,74.2925], [7.92757,74.2925], [7.09629,88.9353], [10.328,89.2244], [14.2951,81.3755], [11.0791,85.2304], [11.2998,84.0567], [11.2267,84.4452], [14.7038,81.2341], [13.809,89.1891], [12.0075,82.1668], [13.5016,89.2416], [11.6102,79.1539], [10.249,89.6445], [18.1177,88.454], [11.1524,84.8404], [24.0334,87.9389], [24.1102,87.8154], [24.0728,87.8755], [25.4385,89.0944], [14.0278,78.5846], [14.0278,78.5846], [24.1686,87.7216], [24.2054,87.6624], [24.3683,87.4008], [19.6585,88.075], [24.4071,87.3384], [24.3897,87.3664], [40.2777,90.5542], [14.0278,78.5846], [14.0278,78.5846], [14.0278,78.5846], [14.0278,78.5846], [24.0334,87.9389], [13.1624,78.7884], [24.0334,87.9389], [39.886,90.4538], [13.5342,78.7009], [15.6871,80.894], [19.0755,88.2906], [24.5312,88.3482], [25.4385,89.0944], [28.6319,88.5064], [24.2768,87.5477], [24.2427,87.6026], [15.654,88.8744], [17.3168,88.5907], [24.2584,87.5773], [25.4385,89.0944], [23.4701,86.6653], [19.0755,88.2906], [19.0755,88.2906], [37.0486,89.7263], [25.4385,89.0944], [19.0755,88.2906], [25.4385,89.0944], [26.0893,88.9746], [39.0987,75.6229], [24.225,87.631], [24.1868,87.6924], [25.0029,88.7362], [24.0334,87.9389], [29.2463,88.3933], [24.1509,87.75], [24.3518,87.4273], [24.0334,87.9389], [16.7205,88.6924], [25.4385,89.0944], [39.5329,90.3632], [36.8709,89.6808], [42.175,84.2555], [44.3487,91.5978], [44.6287,91.1411], [40.0884,90.5056], [24.0334,87.9389], [39.5087,76.7735], [38.9939,90.2251], [38.0507,89.9832], [44.7048,91.6891], [25.4385,89.0944], [43.4602,87.8621], [25.4385,89.0944], [24.0334,87.9389], [37.2362,89.7744], [28.1054,88.6033], [25.4385,89.0944], [24.827,86.6639], [42.5316,85.2563], [30.5017,88.1621], [24.0334,87.9389], [53.3594,85.193], [40.9687,80.8705], [39.8477,77.7247], [53.3838,85.2235], [29.1402,62.0948], [35.3585,67.4376], [53.3779,85.2161], [38.9061,74.988], [41.6109,82.6727], [46.6958,63.7498], [53.3979,85.2411], [53.4358,85.2884], [51.8289,83.2813], [51.2442,68.7704], [53.3808,85.2197], [53.3921,85.2339], [51.1859,68.7539], [53.4063,85.2516], [53.3673,85.2029], [53.4225,85.2719], [53.3729,85.2098], [53.4251,85.2751], [67.1523,70.1076], [53.3869,85.2273], [54.7427,89.6423], [53.4468,85.3022], [48.1791,78.7225], [53.4009,85.2448], [57.0773,70.4189], [53.4089,85.2548], [53.4387,85.292], [63.3594,72.1943], [60.2798,91.1475], [63.7365,72.3009], [63.4664,72.2246], [53.4278,85.2784], [66.0239,71.6318], [53.4144,85.2617], [63.0278,72.1006], [61.8028,71.7544], [60.0973,71.2724], [70.4044,67.7012], [50.0189,63.2314], [68.2865,68.5756], [46.4601,76.5754], [50.8364,82.0416], [59.3472,71.0604], [63.2327,72.1585], [47.3055,77.6312], [66.485,71.0089], [53.4496,85.3056], [66.9122,70.4319], [53.4331,85.2851], [50.3145,63.1852], 