{
  "instance_index": 0,
  "birth_iter": 82,
  "death_iter": 90,
  "survival_iters": 8,
  "censored": false,
  "pre_vnd_cost": -1,
  "post_vnd_cost": 507.886,
  "pre_vnd_coords": [[80,20], [86.2684,17.5916], [86.2684,17.5916], [86.2684,17.5916], [83.9254,18.4917], [86.2684,17.5916], [86.2684,17.5916], [58.5239,15.7342], [62.6602,17.7916], [59.9377,15.5497], [57.0029,15.9327], [64.993,19.7128], [68.641,20.7941], [49.0155,34.6531], [60.9558,16.388], [64.242,19.0943], [49.5007,35.0756], [63.4728,18.4608], [49.9811,36.9913], [65.7447,20.3318], [66.1698,49.2027], [66.1088,49.211], [65.9283,49.2355], [66.2563,49.191], [57.5365,50.3735], [66.1383,49.207], [57.6662,50.3559], [66.2563,49.191], [66.2563,49.191], [66.4891,20.9448], [66.0543,49.2184], [65.9,49.2393], [66.2563,49.191], [57.2729,50.4092], [50.8512,65.8289], [53.9902,47.9863], [30.8091,50.7851], [52.3626,43.8176], [52.4336,44.4716], [47.0476,37.8531], [49.7332,37.5275], [47.3521,37.8162], [51.7178,37.8759], [51.7816,38.4631], [52.5316,45.3744], [46.1261,37.9647], [47.4514,37.8042], [45.4819,38.0427], [51.9133,39.6772], [52.5713,45.7403], [44.7909,38.1264], [52.465,44.7611], [33.3748,23.8065], [51.6547,37.2944], [47.6567,37.7793], [52.9397,49.1344], [52.3886,50.076], [42.6078,38.3908], [52.5854,45.87], [52.2453,42.7364], [46.5887,37.9087], [44.2014,38.1978], [52.2839,43.0921], [35.9449,38.0676], [47.2547,37.828], [52.2046,42.3614], [47.5516,37.7921], [32.7534,51.9076], [31.8573,30.6404], [52.0906,41.311], [35.1213,37.4547], [38.947,38.8341], [33.9836,21.0649], [47.9198,37.7475], [43.424,38.2919], [50.8062,52.7795], [34.8113,37.2239], [34.4993,36.9918], [52.0509,40.9445], [52.6524,49.6253], [32.2682,28.7899], [31.2952,34.6075], [52.0201,40.661], [32.8293,26.2633], [35.6654,37.8595], [52.1651,41.9976], [36.477,38.4634], [36.2106,38.2653], [39.214,55.7018], [30.8091,50.7851], [30.8091,50.7851], [40.1316,56.336], [40.8928,38.5985], [30.8091,50.7851], [27.7547,57.3875], [30.8091,50.7851], [27.7547,57.3875], [33.5441,52.3641], [30.8091,50.7851], [32.9983,52.049], [33.642,36.3538], [27.7547,57.3875], [30.8091,50.7851], [7.48313,54.8949], [24.692,46.0015], [42.0493,57.5095], [36.7239,38.6472], [32.9415,35.8326], [33.1769,36.0078], [30.8091,50.7851], [36.9678,38.8287], [31.5509,34.7978], [30.8091,50.7851], [24.6815,46.4196], [32.0033,51.4745], [35.4062,37.6666], [24.6867,46.2107], [8.17757,46.9329], [30.8091,50.7851], [33.2701,52.2059], [27.7547,57.3875], [30.8091,50.7851], [30.8091,50.7851], [30.8091,50.7851], [24.6841,46.3138], [32.6694,35.6301], [31.1266,50.9684], [30.8091,50.7851], [31.7945,34.9791], [24.678,46.5545], [8.31788,45.3242], [31.2494,69.8973], [26.1785,51.9705], [27.7547,57.3875], [27.7547,57.3875], [27.7547,57.3875], [30.8091,50.7851], [31.4319,51.1446], [30.8091,50.7851], [37.251,39.0395], [24.6894,46.1068], [8.29103,45.632], [31.4262,34.705], [7.04019,59.9736], [32.4968,51.7594], [30.8091,50.7851], [26.5633,53.293], [33.8908,36.539], [8.35068,44.9482], [8.38285,44.5793], [8.58909,42.2151], [30.8091,50.7851], [27.7547,57.3875], [8.98962,37.6235], [24.6721,46.7902], [7.7223,52.1527], [8.90484,38.5954], [8.20711,46.5942], [8.41498,44.211], [7.61054,53.4341], [7.42268,55.588], [30.8091,50.7851], [8.7717,40.1217], [9.2023,35.1852], [8.73836,40.5039], [8.30497,45.4722], [8.14599,47.2949], [8.54113,42.7649], [8.47603,43.5112], [8.46144,43.6785], [8.3976,44.4103], [8.00186,48.9475], [7.95846,49.4451], [8.36556,44.7776], [8.44497,43.8672], [8.26362,45.9462], [26.3473,52.5505], [8.48968,43.3547], [7.57209,53.8749], [24.6751,46.6719], [7.47886,60.9058], [7.91699,49.9206], [8.04135,48.4946], [26.9612,47.6952], [8.61261,41.9455], [8.70698,40.8636], [7.64803,53.0043], [8.63552,41.6828], [8.11701,47.6272], [27.7547,57.3875], [7.5279,54.3816], [8.65664,41.4407], [7.04019,59.9736], [7.87351,50.419], [7.08322,59.4802], [7.83121,50.904], [8.83822,39.3591], [8.6775,41.2016], [7.2577,60.4358], [8.43146,44.0222], [8.3345,45.1337], [8.23644,46.2579], [10.2297,23.4056], [8.51672,43.0447], [8.80651,39.7226], [8.56482,42.4934], [32.3705,35.4077], [10.1356,24.4851], [20.6558,17.0942], [31.0216,34.4039], [22.2021,16.9184], [23.608,16.7586], [31.9227,35.0745], [20.4084,17.1224], [24.9276,46.0629], [24.6952,45.8764], [31.6664,34.8837], [17.104,17.4982], [10.1082,24.7985], [12.4725,18.0246], [10.8654,16.1098], [10.1266,24.5878], [10.1882,23.8816], [10.8654,16.1098], [10.2212,23.5024], [12.1185,17.6028], [10.1473,24.3506], [10.0677,25.263], [10.8654,16.1098], [10.0932,24.9704], [10.2129,23.5977], [10.1172,24.6958], [9.61955,30.4013], [10.042,25.5583], [16.2237,17.5983], [10.0546,25.4128], [10.0802,25.1202], [11.2237,16.5368], [10.8654,16.1098], [10.197,23.7806], [10.1795,23.9814], [10.2052,23.6868], [11.3997,16.7464], [10.159,24.2161], [11.5794,16.9605], [10.1704,24.0858], [10.6225,18.8972], [11.0422,16.3205], [10.8654,16.1098], [10.8654,16.1098], [10.7674,17.2351], [18.7352,17.3126], [10.8654,16.1098], [20.1645,17.1501], [32.6607,27.0224], [20.5358,17.1079], [29.9034,16.0427], [20.2899,17.1358], [19.7114,17.2016], [17.9656,17.4002], [19.9274,17.1771], [33.0202,25.4033], [32.1016,29.5403], [27.2073,16.3493], [30.7824,15.9428], [19.4809,17.2278], [16.1418,17.6076], [33.1863,24.6553], [34.7108,17.7903], [20.0412,17.1641], [28.0616,16.2522], [31.4639,32.412], [32.4372,28.0287], [31.6711,31.479], [33.3917,36.1676], [28.9416,16.1521], [34.3546,19.3945], [31.1565,34.5043], [31.2705,33.2829], [32.1555,35.2477], [35.2334,15.4368], [34.1494,36.7314], [33.7053,22.3185], [25.87,16.5013], [32.9021,15.7018], [32.1856,15.7833], [34.7573,15.4909], [33.5368,15.6297], [34.2843,15.5447], [31.5012,15.8611], [35.2334,15.4368], [35.2334,15.4368], [47.7568,37.7672], [47.8499,37.7559], [65.1582,71.1709], [69.5523,67.6725], [68.3172,65.4092], [69.8081,68.1414], [60.298,71.9082], [62.7463,72.5098], [65.4626,62.3696], [51.9702,66.7295], [44.9219,76.5391], [52.0265,66.7747], [58.4725,70.0112], [45.7093,78.0958], [65.5274,61.8987], [48.2396,63.7274], [44.4817,75.6685], [55.0444,88.5172], [46.4743,79.6084], [51.3206,66.2067], [49.1945,64.4958], [46.7062,80.984], [51.1829,66.0959], [52.0765,66.815], [49.9662,65.1167], [56.5267,68.8736], [51.0483,65.9876], [46.8834,83.7225], [46.7908,82.2911], [51.7015,66.5132], [35.804,85.2116], [35.804,85.2116], [63.9704,73.2257], [44.8673,89.3761], [51.5996,66.4312], [46.2803,89.6174], [51.4462,66.3078], [46.4273,89.6425], [46.6422,89.6791], [60.4886,89.7363], [47.0721,86.6343], [37.6824,63.7811], [44.441,75.5871], [28.9174,73.4873], [47.0781,86.7291], [44.4396,75.5853], [35.804,85.2116], [37.5036,63.9086], [31.0725,69.4242], [35.804,85.2116], [44.4431,75.5896], [44.4424,75.5888], [35.804,85.2116], [44.4403,75.5862], [44.4452,75.5922], [44.4438,75.5904], [44.4445,75.5913], [24.7745,68.296], [37.557,63.8705], [29.1907,72.972], [35.804,85.2116], [35.804,85.2116], [37.6454,63.8075], [27.4528,74.3757], [44.4396,75.5853], [35.804,85.2116], [44.4666,75.6388], [45.1236,76.9378], [30.5037,70.4965], [22.5192,70.9908], [44.4417,75.5879], [21.0783,73.1085], [44.446,75.5931], [23.9122,73.8772], [44.4948,75.6943], [32.0368,86.6564], [31.9065,67.8972], [30.996,87.0557], [28.1409,88.1503], [41.3592,88.7771], [35.804,85.2116], [40.8737,88.6943], [40.8376,88.6881], [35.804,85.2116], [21.0378,73.0975], [20.9923,73.0852], [23.7796,69.4848], [24.3901,68.7553], [26.044,74.2274], [27.4913,88.3993], [26.5084,74.2763], [26.2755,74.2518], [9.83119,79.579], [28.7995,87.8978], [25.829,74.2048], [25.6088,74.1816], [25.3977,74.1594], [25.2169,74.1403], [25.0808,74.126], [9.79148,76.8678], [24.9417,74.1113], [24.809,74.0973], [9.6529,67.4048], [28.1713,74.4514], [35.804,85.2116], [23.2916,70.0679], [23.5822,69.7206], [23.193,70.1858], [26.7635,74.3031], [24.6877,68.3998], [23.0772,70.3241], [23.6808,69.6029], [21.99,71.6231], [22.6192,70.8713], [27.8429,74.4168], [10.4709,62.3216], [31.6071,68.4164], [31.3444,68.9115], [27.7472,74.4067], [9.64964,67.1818], [29.7207,71.9727], [21.2631,72.4916], [9.86149,81.6477], [24.0797,69.1263], [22.3316,