{
  "instance_index": 0,
  "birth_iter": 18,
  "death_iter": 30,
  "survival_iters": 12,
  "censored": false,
  "pre_vnd_cost": -1,
  "post_vnd_cost": 738.207,
  "pre_vnd_coords": [[80,20], [92.7491,7.91799], [92.7491,7.91799], [92.7491,7.91799], [92.7491,7.91799], [92.7491,7.91799], [90.8832,31.7678], [90.8832,31.7678], [82.972,50.308], [77.7357,55.7188], [73.8275,41.6454], [68.1006,42.6994], [90.8832,31.7678], [90.8832,31.7678], [90.8832,31.7678], [90.8832,31.7678], [71.6659,54.2518], [68.1006,42.6994], [76.1125,63.9049], [76.1125,63.9049], [67.9538,64.032], [67.9538,64.032], [67.9538,64.032], [76.1125,63.9049], [84.6886,62.2707], [67.9538,64.032], [67.9538,64.032], [67.9538,64.032], [67.9538,64.032], [67.9538,64.032], [67.9538,64.032], [67.9538,64.032], [67.9538,64.032], [67.9538,64.032], [67.9538,64.032], [63.7853,72.1634], [58.11,74.3838], [58.11,74.3838], [58.11,74.3838], [67.9538,64.032], [49.657,73.3255], [39.9067,69.463], [39.8405,75.9263], [49.657,73.3255], [60.6034,66.2194], [51.1432,93.2581], [58.11,74.3838], [58.11,74.3838], [61.8766,89.3062], [49.657,73.3255], [39.8405,75.9263], [40.1094,71.8377], [39.8405,75.9263], [22.2048,76.7814], [49.657,73.3255], [41.4912,64.5076], [39.8405,75.9263], [41.4912,64.5076], [39.9067,69.463], [41.4912,64.5076], [39.9067,69.463], [39.8405,75.9263], [41.4912,64.5076], [39.8405,75.9263], [39.8405,75.9263], [41.4912,64.5076], [35.5474,51.6977], [30.2799,54.205], [41.4912,64.5076], [41.4912,64.5076], [49.9575,50.8243], [36.3864,63.0491], [49.9575,50.8243], [41.5207,57.6103], [34.8285,55.4019], [34.8285,55.4019], [35.0373,67.2844], [43.6368,60.5985], [41.5207,57.6103], [36.284,47.6912], [27.866,75.1236], [34.8285,55.4019], [34.8285,55.4019], [32.5052,71.382], [26.4094,61.9912], [34.8285,55.4019], [53.3752,52.6899], [24.5813,56.5578], [24.5813,56.5578], [27.4004,70.4639], [32.5052,71.382], [34.8285,55.4019], [34.8285,55.4019], [26.4094,61.9912], [36.3864,63.0491], [24.5813,56.5578], [27.866,75.1236], [17.8591,52.3129], [23.8286,47.1884], [24.5813,56.5578], [17.8591,52.3129], [34.8285,55.4019], [49.9575,50.8243], [32.3927,49.9259], [26.4094,61.9912], [32.3927,49.9259], [36.284,47.6912], [23.8286,47.1884], [32.3927,49.9259], [36.3864,63.0491], [34.8285,55.4019], [24.5813,56.5578], [34.8285,55.4019], [36.3749,53.8295], [24.5813,56.5578], [19.8581,38.6457], [23.4917,30.9358], [49.9575,50.8243], [36.284,47.6912], [49.9575,50.8243], [24.5813,56.5578], [23.4063,49.8626], [22.9704,65.4685], [22.9704,65.4685], [22.9704,65.4685], [24.444,75.9216], [39.8405,75.9263], [24.1828,74.1066], [24.1828,74.1066], [40.1094,71.8377], [40.1094,71.8377], [22.9704,65.4685], [11.5352,68.6279], [39.9067,69.463], [31.3544,93.6326], [39.8405,75.9263], [39.9067,69.463], [40.1094,71.8377], [39.8405,75.9263], [22.9704,65.4685], [39.9067,69.463], [41.4912,64.5076], [22.9704,65.4685], [41.4912,64.5076], [49.6549,57.4895], [49.9575,50.8243], [49.6549,57.4895], [49.9575,50.8243], [41.5207,57.6103], [49.9575,50.8243], [53.3752,52.6899], [49.6549,57.4895], [34.8285,55.4019], [49.6549,57.4895], [34.8285,55.4019], [36.284,47.6912], [54.6642,70.5972], [49.6549,57.4895], [44.2268,76.3465], [49.6549,57.4895], [36.3749,53.8295], [48.8075,70.3617], [40.6728,84.945], [44.2268,76.3465], [48.9047,75.0398], [61.6059,64.7721], [48.9047,75.0398], [27.866,75.1236], [49.6549,57.4895], [41.5207,57.6103], [27.866,75.1236], [48.8075,70.3617], [48.8075,70.3617], [41.5207,57.6103], [44.2268,76.3465], [46.3413,91.7708], [26.8381,85.0007], [41.5207,57.6103], [62.0662,60.902], [62.0662,60.902], [60.6034,66.2194], [62.0662,60.902], [62.0662,60.902], [60.6034,66.2194], [58.11,74.3838], [61.3849,61.0165], [62.0662,60.902], [61.8766,89.3062], [51.1432,93.2581], [58.11,74.3838], [61.3849,61.0165], [58.11,74.3838], [60.6034,66.2194], [58.11,74.3838], [62.0662,60.902], [57.3837,83.6966], [39.8405,75.9263], [60.6034,66.2194], [57.3837,83.6966], [67.9538,64.032], [67.9538,64.032], [67.9538,64.032], [67.9538,64.032], [62.0662,60.902], [67.9538,64.032], [62.0662,60.902], [70.8162,89.679], [70.8162,89.679], [61.5218,89.1252], [70.8162,89.679], [70.8162,89.679], [70.8162,89.679], [70.8162,89.679], [70.8162,89.679], [70.8162,89.679], [76.754,88.4906], [63.7563,94.7513], [70.8162,89.679], [70.8162,89.679], [70.8162,89.679], [67.3447,96.5085], [50.0289,95.1873], [61.5218,89.1252], [67.3447,96.5085], [66.3189,97.4589], [59.8711,90.5563], [59.8711,90.5563], [59.8711,90.5563], [51.1432,93.2581], [45.2205,97.0332], [59.8711,90.5563], [59.8711,90.5563], [51.1432,93.2581], [51.1432,93.2581], [59.8711,90.5563], [59.8711,90.5563], [59.8711,90.5563], [51.1432,93.2581], [59.8711,90.5563], [59.8711,90.5563], [51.1432,93.2581], [51.1432,93.2581], [45.2205,97.0332], [45.2205,97.0332], [59.8711,90.5563], [42.8589,95.171], [45.2205,97.0332], [45.2205,97.0332], [59.8711,90.5563], [42.8589,95.171], [42.8589,95.171], [59.8711,90.5563], [45.2205,97.0332], [42.8589,95.171], [45.2205,97.0332], [41.4692,88.811], [45.2205,97.0332], [42.8589,95.171], [42.8589,95.171], [40.4881,89.5961], [45.2205,97.0332], [45.2205,97.0332], [23.6662,91.1181], [45.2205,97.0332], [45.2205,97.0332], [23.6662,91.1181], [26.3892,94.1711], [26.3892,94.1711], [27.6031,97.6946], [22.4041,89.7677], [30.2321,102.573], [30.2321,102.573], [25.5124,101.674], [9.53026,103.045], [9.53026,103.045], [9.53026,103.045], [30.9984,88.5227], [30.9984,88.5227], [30.2321,102.573], [22.4041,89.7677], [35.0294,92.0892], [30.9984,88.5227], [17.0379,84.0515], [30.9984,88.5227], [30.9984,88.5227], [25.5324,81.5695], [43.3227,101.34], [40.6728,84.945], [38.3583,100.745], [38.3583,100.745], [43.3227,101.34], [43.3227,101.34], [38.3583,100.745], [43.3227,101.34], [30.2321,102.573], [27.6031,97.6946], [38.3583,100.745], [30.9984,88.5227], [43.3227,101.34], [84.669,99.7925], [43.3227,101.34], [43.3227,101.34], [24.444,75.9216], [17.9948,86.5721], [14.0936,87.6638], [14.37,70.1966], [22.3146,98.1052], [17.9948,86.5721], [10.4843,78.5105], [24.444,75.9216], [24.444,75.9216], [23.6662,91.1181], [19.9932,95.154], [22.2048,76.7814], [23.6662,91.1181], [13.5196,93.9804], [17.9948,86.5721], [24.444,75.9216], [10.2178,85.0684], [13.5196,93.9804], [16.8842,70.3651], [11.5352,68.6279], [14.37,70.1966], [9.9224,80.0924], [14.37,70.1966], [14.0936,87.6638], [9.9224,80.0924], [9.9224,80.0924], [11.5352,68.6279], [9.9139,70.8867], [11.9028,70.6665], [9.9139,70.8867], [6.3917,86.6949], [-5.18728,74.7246], [4.06511,70.264], [-5.18728,74.7246], [2.29991,84.3731], [-5.18728,74.7246], [-5.18728,74.7246], [2.29991,84.3731], [-5.18728,74.7246], [3.67027,65.9089], [4.85679,77.462], [7.32238,79.5296], [19.6265,64.672], [19.6265,64.672], [3.67027,65.9089], [13.5696,78.0406], [16.3043,59.3937], [13.5696,78.0406], [16.3043,59.3937], [17.0379,84.0515], [16.3043,59.3937], [23.8286,47.1884], [16.3043,59.3937], [16.3043,59.3937], [24.5813,56.5578], [19.6265,64.672], [3.67027,65.9089], [13.5174,68.9823], [16.3043,59.3937], [19.6265,64.672], [16.3043,59.3937], [17.8591,52.3129], [17.8591,52.3129], [3.67027,65.9089], [3.67027,65.9089], [16.3043,59.3937], [3.67027,65.9089], [16.3043,59.3937], [13.5174,68.9823], [3.67027,65.9089], [11.5352,68.6279], [10.9883,60.2147], [9.81292,59.5106], [11.5352,68.6279], [11.5352,68.6279], [10.9883,60.2147], [10.4843,78.5105], [11.5352,68.6279], [24.1828,74.1066], [11.5352,68.6279], [11.5352,68.6279], [22.2048,76.7814], [4.85679,77.462], [13.5696,78.0406], [4.85679,77.462], [4.06511,70.264], [19.6265,64.672], [-5.18728,74.7246], [-0.46774,51.7958], [3.67027,65.9089], [0.151696,55.2243], [4.06511,70.264], [4.06511,70.264], [-5.18728,74.7246], [-5.18728,74.7246], [4.06511,70.264], [-5.18728,74.7246], [4.85679,77.462], [4.85679,77.462], [4.85679,77.462], [11.9987,83.9941], [11.6643,82.1402], [14.0294,93.6267], [2.29991,84.3731], [9.95259,89.2273], [9.95259,89.2273], [17.9508,92.3536], [2.49923,93.9657], [14.0294,93.6267], [13.5696,78.0406], [4.06511,70.264], [2.49923,93.9657], [17.0379,84.0515], [9.95259,89.2273], [-5.2858,83.9822], [11.9987,83.9941], 