{
  "instance_index": 0,
  "birth_iter": 98,
  "death_iter": 100,
  "survival_iters": 2,
  "censored": false,
  "pre_vnd_cost": -1,
  "post_vnd_cost": 644.722,
  "pre_vnd_coords": [[80,20], [86.3833,17.5664], [86.6779,20.6282], [86.6779,20.6282], [89.4445,31.2592], [85.9482,38.2629], [85.5718,51.3686], [85.9482,38.2629], [67.6808,43.2599], [85.9482,38.2629], [89.4445,31.2592], [67.6808,43.2599], [66.0318,43.6562], [85.5718,51.3686], [85.5718,51.3686], [85.5718,51.3686], [85.5718,51.3686], [83.3636,50.8097], [85.5718,51.3686], [83.3636,50.8097], [83.3636,50.8097], [83.3636,50.8097], [85.5718,51.3686], [67.8329,45.7932], [67.6808,43.2599], [28.4977,75.5668], [36.1099,69.3493], [31.368,63.6495], [28.4977,75.5668], [31.2641,74.3438], [31.368,63.6495], [30.8975,60.2849], [28.4977,75.5668], [16.7984,73.7169], [27.6393,86.0332], [32.0871,86.6919], [20.5397,67.8124], [18.245,71.4337], [18.5217,70.9971], [24.4419,72.3222], [41.7043,60.4939], [38.8365,62.2181], [33.092,65.6721], [31.1363,49.39], [27.9953,49.7321], [30.8975,60.2849], [28.4977,75.5668], [30.8975,60.2849], [27.7917,74.0887], [27.9669,49.4491], [25.6395,65.6498], [27.9953,49.7321], [30.8975,60.2849], [19.79,57.9174], [30.8975,60.2849], [25.6395,65.6498], [25.6395,65.6498], [30.8975,60.2849], [19.79,57.9174], [31.368,63.6495], [25.6395,65.6498], [25.6395,65.6498], [28.4977,75.5668], [27.7917,74.0887], [27.7917,74.0887], [27.7917,74.0887], [10.944,89.3393], [11.6642,86.003], [10.4102,66.2694], [11.4195,75.6457], [11.4195,75.6457], [11.4195,75.6457], [10.944,89.3393], [10.4102,66.2694], [9.29699,88.9563], [12.8365,82.6767], [15.0014,74.9416], [15.0014,74.9416], [9.29699,88.9563], [25.6395,65.6498], [10.4102,66.2694], [12.8365,82.6767], [15.0014,74.9416], [11.4195,75.6457], [12.8365,82.6767], [27.7917,74.0887], [15.0014,74.9416], [27.7917,74.0887], [27.7917,74.0887], [25.6395,65.6498], [11.0562,63.9755], [25.6395,65.6498], [15.0014,74.9416], [12.8365,82.6767], [15.0014,74.9416], [15.0014,74.9416], [11.0562,63.9755], [25.6395,65.6498], [11.6642,86.003], [11.0562,63.9755], [11.0562,63.9755], [11.0562,63.9755], [10.4102,66.2694], [11.0562,63.9755], [27.9669,49.4491], [11.0562,63.9755], [25.6395,65.6498], [25.6395,65.6498], [25.6395,65.6498], [11.0562,63.9755], [10.2591,48.0172], [27.9669,49.4491], [11.0562,63.9755], [36.1099,69.3493], [27.9669,49.4491], [27.9669,49.4491], [25.6395,65.6498], [19.79,57.9174], [43.722,63.9538], [43.722,63.9538], [36.1099,69.3493], [27.9953,49.7321], [19.79,57.9174], [31.368,63.6495], [19.79,57.9174], [10.2591,48.0172], [27.9953,49.7321], [11.8657,52.6853], [22.9579,36.7641], [27.9669,49.4491], [11.8657,52.6853], [16.4417,39.1409], [10.2591,48.0172], [12.7162,42.8581], [12.7162,42.8581], [10.2591,48.0172], [11.2481,24.5254], [12.7162,42.8581], [12.7162,42.8581], [10.2591,48.0172], [12.7162,42.8581], [10.2591,48.0172], [10.2591,48.0172], [10.0003,43.6265], [27.9669,49.4491], [27.9669,49.4491], [30.8449,35.5474], [30.8449,35.5474], [27.9669,49.4491], [12.7162,42.8581], [31.1363,49.39], [10.2591,48.0172], [22.9579,36.7641], [22.9579,36.7641], [27.9669,49.4491], [27.9669,49.4491], [30.6944,24.3335], [27.9953,49.7321], [31.1363,49.39], [31.1363,49.39], [27.9953,49.7321], [27.9953,49.7321], [16.4417,39.1409], [31.1363,49.39], [27.9669,49.4491], [31.1363,49.39], [27.9669,49.4491], [34.1662,38.0086], [30.8449,35.5474], [34.1662,38.0086], [22.9579,36.7641], [27.9953,49.7321], [34.1662,38.0086], [27.9669,49.4491], [27.9669,49.4491], [27.9669,49.4491], [27.9669,49.4491], [27.9669,49.4491], [27.9953,49.7321], [30.8975,60.2849], [27.9669,49.4491], [27.9669,49.4491], [31.1363,49.39], [31.1363,49.39], [31.1363,49.39], [31.1363,49.39], [31.1363,49.39], [31.1363,49.39], [31.1363,49.39], [47.2386,61.9582], [47.4807,61.6855], [50.1365,36.6442], [34.1662,38.0086], [45.8575,48.6352], [37.0359,27.1972], [50.1365,36.6442], [27.9669,49.4491], [43.7714,36.3615], [30.8449,35.5474], [34.1662,38.0086], [31.1363,49.39], [37.0359,27.1972], [53.3103,40.5691], [43.7714,36.3615], [45.8575,48.6352], [27.9669,49.4491], [37.0359,27.1972], [38.9773,17.2881], [50.1365,36.6442], [50.1365,36.6442], [43.7714,36.3615], [22.9579,36.7641], [37.0359,27.1972], [43.7714,36.3615], [43.7714,36.3615], [31.1363,49.39], [50.1365,36.6442], [43.7714,36.3615], [43.7714,36.3615], [50.1365,36.6442], [58.5877,22.6277], [39.258,26.6963], [58.5877,22.6277], [50.1365,36.6442], [37.0359,27.1972], [30.8449,35.5474], [37.0359,27.1972], [38.9773,17.2881], [38.9773,17.2881], [38.9773,17.2881], [37.0359,27.1972], [38.9773,17.2881], [37.0359,27.1972], [38.9773,17.2881], [38.9773,17.2881], [38.9773,17.2881], [30.6944,24.3335], [38.9773,17.2881], [38.9773,17.2881], [37.0359,27.1972], [38.9773,17.2881], [38.9773,17.2881], [18.4372,14.9097], [15.4394,28.6705], [30.6944,24.3335], [31.0203,25.4988], [14.294,14.43], [31.0203,25.4988], [30.8449,35.5474], [38.9773,17.2881], [38.9773,17.2881], [16.3666,14.67], [15.4394,28.6705], [15.4394,28.6705], [14.294,14.43], [30.8449,35.5474], [12.1523,20.0886], [31.0203,25.4988], [16.4417,39.1409], [30.8449,35.5474], [30.8449,35.5474], [39.2237,25.5451], [16.4417,39.1409], [16.4417,39.1409], [15.4394,28.6705], [15.4394,28.6705], [22.9579,36.7641], [30.6944,24.3335], [15.4394,28.6705], [38.9773,17.2881], [16.4417,39.1409], [10.7757,16.1512], [10.7757,16.1512], [10.7757,16.1512], [13.4107,14.6912], [10.7757,16.1512], [14.294,14.43], [11.209,24.135], [14.294,14.43], [30.6944,24.3335], [31.0203,25.4988], [14.294,14.43], [14.294,14.43], [14.294,14.43], [10.7757,16.1512], [10.7757,16.1512], [13.4107,14.6912], [10.7757,16.1512], [13.4107,14.6912], [11.209,24.135], [10.7757,16.1512], [10.7757,16.1512], [14.294,14.43], [12.1523,20.0886], [10.7757,16.1512], [11.209,24.135], [10.7757,16.1512], [11.209,24.135], [11.2481,24.5254], [11.2481,24.5254], [11.209,24.135], [11.2481,24.5254], [11.209,24.135], [11.2481,24.5254], [10.7757,16.1512], [10.2591,48.0172], [11.209,24.135], [15.4394,28.6705], [15.4394,28.6705], [22.9579,36.7641], [10.0003,43.6265], [10.2591,48.0172], [10.2591,48.0172], [10.2591,48.0172], [10.0003,43.6265], [10.2591,48.0172], [16.4417,39.1409], [11.8657,52.6853], [12.7162,42.8581], [10.2591,48.0172], [11.2481,24.5254], [10.0003,43.6265], [16.4417,39.1409], [16.4417,39.1409], [11.8657,52.6853], [10.0003,43.6265], [10.2591,48.0172], [12.7162,42.8581], [10.2591,48.0172], [10.2591,48.0172], [10.2591,48.0172], [11.8657,52.6853], [27.9669,49.4491], [10.2591,48.0172], [11.209,24.135], [12.7162,42.8581], [11.8657,52.6853], [11.8657,52.6853], [11.8657,52.6853], [19.79,57.9174], [11.8657,52.6853], [10.2591,48.0172], [10.2591,48.0172], [12.7162,42.8581], [10.2591,48.0172], [19.79,57.9174], [10.2591,48.0172], [10.2591,48.0172], [10.2591,48.0172], [12.7162,42.8581], [19.79,57.9174], [27.9669,49.4491], [10.2591,48.0172], [10.2591,48.0172], [11.0562,63.9755], [11.0562,63.9755], [10.4102,66.2694], [11.0562,63.9755], [11.0562,63.9755], [11.0562,63.9755], [11.8657,52.6853], [10.2591,48.0172], [10.0003,43.6265], [11.8657,52.6853], [11.0562,63.9755], [11.0562,63.9755], [11.0562,63.9755], [19.79,57.9174], [11.0562,63.9755], [10.4102,66.2694], [11.0562,63.9755], [11.0562,63.9755], [11.0562,63.9755], [11.0562,63.9755], [10.4102,66.2694], [11.0562,63.9755], [19.79,57.9174], [17.359,71.0028], [19.79,57.9174], [19.79,57.9174], [11.0562,63.9755], [11.0562,63.9755], [19.79,57.9174], [11.8657,52.6853], [11.8657,52.6853], [10.4102,66.2694], [11.0562,63.9755], [10.4102,66.2694], [10.4102,66.2694], [11.0562,63.9755], [10.2591,48.0172], [10.4102,66.2694], [10.4102,66.2694], [10.4102,66.2694], [11.0562,63.9755], [30.8975,60.2849], [11.0562,63.9755], [11.0562,63.9755], [27.6393,86.0332], [17.359,71.0028], [11.6642,86.003], [28.4977,75.5668], [9.29699,88.9563], [10.944,89.3393], [25.626,86.9875], [9.29699,88.9563], [12.8365,82.6767], [10.944,89.3393], [9.29699,88.9563], [10.4102,66.2694], [11.0562,63.9755], [10.4102,66.2694], [10.944,89.3393], [11.0562,63.9755], [11.0562,63.9755], [17.359,71.0028], [10.4102,66.2694], [15.0014,74.9416], 