{
  "instance_index": 0,
  "birth_iter": 88,
  "death_iter": 101,
  "survival_iters": 13,
  "censored": true,
  "pre_vnd_cost": -1,
  "post_vnd_cost": 508.807,
  "pre_vnd_coords": [[80,20], [84.3401,15.2891], [84.0026,15.5255], [84.3401,15.2891], [86.2684,17.5916], [86.2684,17.5916], [33.5052,20.0636], [29.8354,33.0609], [28.2524,16.2084], [34.2376,18.103], [29.8623,33.2073], [26.6989,16.3151], [29.8943,33.381], [29.7113,32.3855], [30.0626,34.297], [29.5098,31.289], [30.0005,33.9592], [28.0006,16.2257], [27.4552,16.2632], [29.1019,16.15], [33.3684,15.8567], [32.6371,22.387], [28.9114,16.1631], [33.5382,15.845], [33.7065,15.8334], [27.1965,16.2809], [35.2334,15.4368], [29.4443,30.932], [30.9842,26.8105], [33.1906,15.8689], [33.1718,14.2188], [29.4248,14.2564], [19.8317,14.3528], [33.377,14.2167], [32.0557,14.23], [33.2584,14.2179], [22.4472,14.3265], [20.8054,32.8678], [12.2289,25.4285], [12.5614,20.3365], [12.6242,19.795], [28.8223,34.6256], [32.2361,23.4602], [29.7009,30.2453], [29.7873,32.799], [31.1959,26.2441], [29.4443,30.932], [29.944,29.5947], [31.827,24.5554], [29.6255,31.9184], [29.7641,32.6728], [29.9217,33.5304], [29.567,31.6002], [30.2706,28.7205], [30.8898,14.2417], [10.9354,34.3388], [22.9238,15.8523], [12.5114,20.7674], [13.1491,15.2756], [12.5939,20.0566], [12.6573,19.5101], [12.8458,17.8875], [12.4384,21.3967], [12.415,21.5981], [12.3622,22.0529], [12.3351,22.287], [12.9234,17.2191], [13.0629,16.0184], [12.4884,20.9654], [12.5361,20.5548], [12.7205,18.9652], [16.0574,15.0104], [12.3896,21.8168], [13.1268,15.4683], [19.7305,15.4607], [13.1332,15.4125], [13.1734,15.0664], [13.2203,14.6625], [13.0016,16.546], [12.4631,21.184], [12.0196,25.2775], [11.8026,25.121], [12.8955,25.9093], [10.0945,47.7547], [14.2178,26.8631], [10.1281,47.6202], [18.3574,34.1279], [13.129,26.0778], [10.653,45.5208], [11.5529,38.2895], [12.6891,25.7604], [10.0326,48.0022], [12.7311,37.0241], [11.5609,37.6265], [21.7283,32.3928], [10.1197,47.6539], [11.5407,39.2961], [10.1026,47.7222], [9.46259,47.0188], [9.46685,48.6518], [9.40894,47.481], [9.95045,42.8144], [9.40894,47.481], [9.98937,42.479], [9.88125,43.4108], [9.67612,52.8793], [9.76477,44.4148], [9.40894,47.481], [9.5269,46.4647], [9.40894,47.481], [9.50193,49.3603], [9.79484,55.2758], [9.99934,59.4058], [9.53751,50.0788], [9.40894,47.481], [9.75214,54.4143], [10.0376,42.0634], [9.82438,43.901], [10.595,71.4628], [9.40894,47.481], [24.0366,52.4868], [9.54466,49.954], [11.4165,42.4673], [10.8149,44.8737], [10.8986,44.539], [10.5636,45.8783], [10.317,46.8646], [11.155,43.5132], [7.25055,60.889], [8.32436,54.8361], [7.11656,59.6681], [11.2411,43.1689], [25.3429,50.507], [10.7362,45.1881], [9.29933,50.9354], [9.61897,49.6568], [10.3996,46.5342], [10.1359,47.5889], [24.0394,52.4622], [31.8224,50.9996], [30.4887,49.9757], [30.9173,50.3048], [30.5902,50.0536], [27.176,60.5267], [31.5238,50.7704], [34.6105,53.1401], [32.349,51.4039], [32.4694,51.4963], [33.3261,52.1541], [32.7164,51.686], [30.0808,59.8059], [32.845,51.7847], [34.6105,53.1401], [31.1396,50.4754], [21.8614,63.9189], [25.1489,61.0298], [30.3863,49.8971], [30.1223,49.6944], [33.3063,55.8328], [32.5828,51.5834], [30.1223,49.6944], [32.2277,51.3108], [29.0105,45.0052], [31.6393,41.0617], [23.8325,54.2631], [32.434,39.8695], [35.4458,34.6082], [51.3353,44.8052], [23.9255,53.4535], [24.0191,52.6388], [45.0761,57.2632], [26.9969,67.8758], [30.5399,65.5762], [30.2144,65.074], [24.0218,52.6155], [40.8273,60.9485], [29.3697,44.4663], [30.0436,34.1937], [29.95,33.6846], [29.8114,32.9303], [29.6801,32.2157], [29.9771,33.8319], [31.6215,67.2449], [30.8794,66.0999], [24.0314,52.5313], [24.0341,52.5084], [23.8186,54.3847], [31.2878,41.5889], [23.9799,52.9796], [24.014,52.6832], [23.7712,54.7969], [11.5068,42.1062], [44.8029,57.5002], [51.3353,44.8052], [45.8919,56.5556], [24.0166,52.6603], [24.0269,52.571], [9.63944,52.1384], [11.0654,43.8716], [9.56999,50.7355], [9.40894,47.481], [18.1695,68.1566], [9.40894,47.481], [9.71448,53.6537], [9.43289,47.9657], [9.40894,47.481], [26.9588,35.9267], [27.4101,34.8638], [13.8675,26.6104], [21.4193,32.058], [20.6427,32.9516], [23.9976,52.8262], [9.40894,47.481], [18.0419,68.0741], [9.40894,47.481], [27.9835,60.3264], [17.8806,68.1097], [18.8724,68.6109], [19.806,69.2143], [28.3898,60.2255], [24.6773,61.1469], [19.3962,68.9494], [31.0045,59.5767], [23.6611,71.7285], [26.6522,60.6567], [23.8237,72.0033], [23.7383,55.0837], [26.1676,67.8108], [26.0722,67.8455], [27.8726,77.1347], [25.9397,67.8412], [26.0191,67.8306], [25.9645,67.8379], [33.9143,75.398], [26.2162,67.8044], [26.3268,67.8538], [9.484,70.6092], [26.0462,67.827], [25.1252,77.399], [26.5166,77.2651], [30.9536,68.0053], [24.9171,73.9345], [26.2628,67.8517], [8.94918,68.2816], [9.47906,70.5877], [25.9397,67.8412], [8.17273,64.9024], [27.1153,67.8797], [18.3185,68.2529], [27.5734,60.4281], [10.5452,70.4507], [23.5192,62.287], [28.794,60.1252], [19.0053,68.6968], [44.3751,72.6109], [41.1598,70.7858], [48.5911,60.5228], [25.6087,60.9157], [10.0964,61.3661], [22.3775,63.4108], [18.4542,68.3406], [26.1934,67.8074], [28.2376,77.0996], [38.0311,89.3029], [25.7543,77.3385], [27.7556,77.146], [31.0301,76.308], [28.0023,77.1222], [26.6018,77.2569], [28.352,77.0886], [39.1814,73.7358], [25.9706,77.3176], [27.5234,77.1683], [33.6014,89.2966], [29.1303,89.2903], [11.5918,83.6986], [26.328,77.2833], [30.2192,76.5639], [25.5462,77.3585], [17.3125,83.3634], [26.01,67.8435], [28.1155,77.1113], [25.4588,71.0817], [26.5475,67.8611], [26.0929,67.8208], [30.1929,81.0914], [10.6561,76.387], [29.6377,59.9159], [31.7579,59.0303], [28.0556,79.154], [17.6956,68.1507], [10.5071,69.6783], [10.5786,71.1303], [10.5506,83.0485], [10.6536,76.5417], [32.8099,89.5438], [28.3862,79.7126], [28.167,79.3424], [27.9463,78.9693], [27.7769,89.628], [42.5542,71.5773], [10.3759,67.013], [28.5803,80.0407], [25.8634,77.328], [34.6478,89.2981], [27.2004,77.1994], [41.2529,74.8414], [26.2014,67.8497], [26.8891,77.2293], [26.7956,77.2383], [10.7005,73.575], [10.6928,74.0579], [10.384,67.177], [10.2266,63.9954], [18.5968,68.4327], [19.6438,66.1021], [26.0961,60.7948], [22.9262,62.8708], [10.6967,73.8149], [26.2402,77.2917], [27.0923,77.2098], [9.41651,70.3155], [39.1814,73.7359], [41.2794,70.8536], [53.2062,54.4437], [53.8844,55.0555], [28.7966,80.4062], [43.0123,71.8373], [38.2053,89.4533], [28.859,80.5115], [44.7636,72.8314], [49.6397,89.0964], [56.5728,88.9746], [52.5003,77.4725], [42.8657,71.7541], [46.1774,89.2322], [55.2031,76.1703], [58.5259,88.7706], [53.886,76.8049], [56.0429,75.7657], [53.105,77.1811], [69.3983,69.3316], [63.5959,72.127], [49.1299,75.3092], [48.7252,60.439], [52.7108,77.3711], [45.3668,73.1737], [45.1658,73.0597], [45.5471,73.2761], [51.8721,69.8482], [39.1814,73.7358], [38.0311,89.3029], [53.9089,85.6004], [38.1548,89.274], [51.5458,85.8318], [53.9002,85.4454], [53.913,85.6747], [53.9046,85.523], [39.1814,73.7358], [50.7822,68.9699], [53.8832,85.142], [53.1494,85.3585], [54.1458,71.8682], [54.3036,72.0464], [52.8814,70.6818], [46.3668,56.1437], [43.014,62.7106], [53.9938,71.6967], [52.6235,70.4688], [51.872,69.8481], [51.872,69.8482], [54.0173,87.5377], [49.3307,89.1084], [60.0493,88.7471], [54.0783,76.7122], [68.6858,88.614], [59.6155,88.7538], [52.5003,77.4725], [63.0882,88.7003], [62.4445,88.7102], [61.6829,88.7219], [52.5003,77.4725], [62.184,88.7142], [49.2776,89.1105], [36.0742,89.4891], [52.3983,88.9953], [49.6088,89.0976], [41.7492,89.394], [52.8991,77.2803], [50.4497,89.0667], [52.9094,88.9765], [53.4722,77.0042], [62.7669,88.7052], [49.4098,89.1054], [54.7114,76.4072], [52.5003,77.4725], [56.4364,88.979], [39.1814,73.7358], [47.0224,87.1667], [54.4651,72.2286], [46.473,87.3288], [53.8917,85.2933], [54.0173,87.5377], [54.0173,87.5377], [51.872,69.8481], [51.8721,69.8482], [47.0812,65.9881], [70.4849,66.5271], [70.6984,67.4238], [69.7053,88.5551], [71.8654,68.7631], [69.0374,69.5055], [68.3517,69.8358], [68.3525,88.6192], [68.8636,69.5892], [65.1599,71.3735], [83.0141,67.8783], 