{
  "instance_index": 0,
  "birth_iter": 34,
  "death_iter": 60,
  "survival_iters": 26,
  "censored": false,
  "pre_vnd_cost": -1,
  "post_vnd_cost": 573.976,
  "pre_vnd_coords": [[80,20], [85.2846,8.66076], [85.2846,8.66076], [94.0202,20.0407], [85.2846,8.66076], [94.0202,20.0407], [85.9282,33.2321], [94.0202,20.0407], [85.9282,33.2321], [77.6972,47.5605], [85.9282,33.2321], [77.6972,47.5605], [64.2328,45.8553], [70.2119,53.7601], [77.6972,47.5605], [85.9282,33.2321], [85.9282,33.2321], [91.2117,55.127], [92.0445,46.2434], [71.4721,39.1332], [72.5264,60.8587], [91.2117,55.127], [88.6234,64.6194], [91.2117,55.127], [91.2117,55.127], [88.6234,64.6194], [92.0445,46.2434], [95.0948,75.7383], [78.893,63.713], [77.0395,75.8465], [69.0064,71.7919], [78.893,63.713], [77.0395,75.8465], [78.893,63.713], [64.347,64.5816], [62.1271,74.0955], [62.1271,74.0955], [77.0395,75.8465], [69.0064,71.7919], [55.4363,51.8472], [53.3176,53.4726], [64.347,64.5816], [70.2119,53.7601], [72.5264,60.8587], [70.2119,53.7601], [77.0395,75.8465], [72.5264,60.8587], [69.0064,71.7919], [91.2117,55.127], [88.6234,64.6194], [72.5264,60.8587], [72.5264,60.8587], [91.2117,55.127], [69.0064,71.7919], [91.2117,55.127], [91.2117,55.127], [77.6972,47.5605], [77.6972,47.5605], [60.6454,51.9857], [77.6972,47.5605], [60.6454,51.9857], [77.6972,47.5605], [77.6972,47.5605], [72.5264,60.8587], [72.5264,60.8587], [61.2966,57.6593], [64.2328,45.8553], [52.0041,74.5138], [60.6454,51.9857], [48.3964,56.3908], [50.8498,41.4393], [64.2328,45.8553], [72.5264,60.8587], [63.7634,57.8794], [60.6454,51.9857], [60.6454,51.9857], [64.2328,45.8553], [72.5264,60.8587], [64.2328,45.8553], [71.4721,39.1332], [53.3176,53.4726], [77.6972,47.5605], [64.2328,45.8553], [71.4721,39.1332], [77.6972,47.5605], [60.6454,51.9857], [64.2328,45.8553], [71.4721,39.1332], [71.4721,39.1332], [64.2328,45.8553], [48.1305,45.3893], [64.2328,45.8553], [53.6028,47.0241], [50.8498,41.4393], [53.3176,53.4726], [48.8813,35.8914], [48.1305,45.3893], [48.3964,56.3908], [55.4363,51.8472], [48.3964,56.3908], [48.3964,56.3908], [48.3964,56.3908], [41.1201,41.9182], [48.3964,56.3908], [50.8498,41.4393], [51.2341,62.5593], [51.2341,62.5593], [48.1305,45.3893], [53.6028,47.0241], [55.4363,51.8472], [53.3176,53.4726], [33.7089,45.5071], [48.1305,45.3893], [37.4604,56.2975], [48.3964,56.3908], [33.9483,51.6655], [37.4604,56.2975], [33.7089,45.5071], [33.9483,51.6655], [41.1201,41.9182], [48.8813,35.8914], [33.9483,51.6655], [22.4128,46.7887], [28.5303,41.5525], [38.1593,38.0441], [25.5583,54.2818], [33.9483,51.6655], [29.8129,61.0556], [34.9887,56.0222], [37.4604,56.2975], [33.7089,45.5071], [33.9483,51.6655], [29.8129,61.0556], [29.8129,61.0556], [18.9823,55.026], [28.5303,41.5525], [33.9483,51.6655], [27.9667,73.5321], [17.5123,59.1469], [20.3358,70.9893], [17.5123,59.1469], [25.4582,70.2399], [18.9823,55.026], [17.1006,47.2027], [17.5123,59.1469], [22.4128,46.7887], [22.4128,46.7887], [22.4128,46.7887], [7.65565,49.7392], [25.5583,54.2818], [29.8129,61.0556], [7.05834,43.7945], [33.9483,51.6655], [28.5303,41.5525], [22.4128,46.7887], [28.5303,41.5525], [30.8237,38.5766], [18.9823,55.026], [33.9483,51.6655], [28.5303,41.5525], [17.8313,41.5898], [22.4128,46.7887], [12.4078,38.7061], [25.5583,54.2818], [12.4078,38.7061], [25.5583,54.2818], [7.65565,49.7392], [17.1006,47.2027], [30.8237,38.5766], [30.8237,38.5766], [17.8313,41.5898], [7.65565,49.7392], [18.9823,55.026], [12.4078,38.7061], [22.6969,40.0098], [13.6456,35.4617], [12.4078,38.7061], [22.4128,46.7887], [12.1766,52.6951], [16.8066,62.668], [12.1766,52.6951], [12.6091,74.5852], [33.2193,61.0242], [23.7001,63.4006], [12.1766,52.6951], [16.8066,62.668], [33.2193,61.0242], [15.9844,48.8491], [26.8987,64.5858], [33.965,65.0225], [33.2193,61.0242], [33.2193,61.0242], [43.3033,67.9951], [40.3873,75.1028], [46.5604,88.2263], [40.3873,75.1028], [42.6061,43.5908], [42.6061,43.5908], [43.9208,31.37], [30.3857,30.09], [43.9208,31.37], [38.219,31.1521], [41.3811,42.0042], [43.9208,31.37], [33.5332,38.6202], [43.9208,31.37], [43.9208,31.37], [43.9208,31.37], [43.9208,31.37], [42.8144,22.248], [42.8144,22.248], [83.8115,78.2989], [96.2048,86.5639], [96.2048,86.5639], [93.1305,78.5382], [96.2048,86.5639], [93.1305,78.5382], [83.8115,78.2989], [66.5418,81.3804], [66.5418,81.3804], [71.1757,83.2681], [71.1757,83.2681], [71.1757,83.2681], [71.1757,83.2681], [66.5418,81.3804], [67.5628,72.7715], [67.5628,72.7715], [42.6061,43.5908], [58.8125,62.9417], [51.5928,55.8108], [58.8125,62.9417], [58.8125,62.9417], [55.2521,70.7037], [51.5928,55.8108], [58.8125,62.9417], [62.0932,77.3027], [58.8125,62.9417], [55.2521,70.7037], [67.5628,72.7715], [49.549,67.3498], [58.8125,62.9417], [55.2521,70.7037], [55.2521,70.7037], [54.8081,82.2455], [55.5349,75.8754], [62.0932,77.3027], [55.2521,70.7037], [61.2421,89.9749], [48.1266,80.9298], [51.5684,95.2532], [46.5604,88.2263], [54.6052,87.9133], [52.0041,74.5138], [54.6052,87.9133], [54.6052,87.9133], [40.1814,71.7415], [40.7688,84.2349], [43.9651,74.6389], [59.8333,87.9514], [61.6647,78.4577], [59.2349,94.1508], [58.673,79.5423], [55.5977,86.0098], [62.1271,74.0955], [54.6052,87.9133], [59.8333,87.9514], [59.2349,94.1508], [59.2349,94.1508], [48.7307,80.9179], [61.6647,78.4577], [52.0041,74.5138], [76.9762,92.0739], [66.7603,87.6342], [70.7395,89.5824], [61.6647,78.4577], [48.7307,80.9179], [58.673,79.5423], [48.3964,56.3908], [52.0041,74.5138], [58.673,79.5423], [53.3176,53.4726], [58.673,79.5423], [48.7307,80.9179], [48.3964,56.3908], [46.5604,88.2263], [48.7307,80.9179], [40.1814,71.7415], [61.6647,78.4577], [48.7307,80.9179], [38.5758,67.5968], [51.2341,62.5593], [52.0041,74.5138], [52.0041,74.5138], [52.0041,74.5138], [38.5758,67.5968], [40.7688,84.2349], [52.0041,74.5138], [48.7307,80.9179], [54.6052,87.9133], [43.9651,74.6389], [30.4879,71.111], [52.0041,74.5138], [44.2474,61.4096], [44.2474,61.4096], [38.5758,67.5968], [48.3964,56.3908], [38.5874,74.8905], [30.4879,71.111], [35.213,62.2994], [15.5963,81.5431], [33.5563,75.6568], [22.8086,74.7567], [29.8129,61.0556], [19.8295,82.0412], [17.1385,70.6601], [10.3182,80.4502], [33.5563,75.6568], [27.9667,73.5321], [33.5563,75.6568], [22.8086,74.7567], [25.3871,81.6984], [8.13089,65.2458], [25.4582,70.2399], [20.3358,70.9893], [27.9667,73.5321], [22.4128,46.7887], [33.9483,51.6655], [25.8477,58.0082], [27.9667,73.5321], [29.8129,61.0556], [33.9483,51.6655], [25.4582,70.2399], [22.8086,74.7567], [35.213,62.2994], [34.3983,66.4151], [30.4879,71.111], [34.3983,66.4151], [44.2474,61.4096], [34.3983,66.4151], [44.2474,61.4096], [35.213,62.2994], [35.213,62.2994], [30.4879,71.111], [48.3964,56.3908], [38.5758,67.5968], [48.3964,56.3908], [38.5758,67.5968], [38.5874,74.8905], [33.5563,75.6568], [40.1814,71.7415], [48.3964,56.3908], [34.3983,66.4151], [51.2341,62.5593], [52.0041,74.5138], [44.2474,61.4096], [44.2474,61.4096], [44.2474,61.4096], [44.2474,61.4096], [40.1814,71.7415], [38.7902,77.9208], [44.2474,61.4096], [52.0041,74.5138], [52.0041,74.5138], [51.2341,62.5593], [51.2341,62.5593], [62.1271,74.0955], [53.3176,53.4726], [52.0041,74.5138], [48.3964,56.3908], [48.3964,56.3908], [48.3964,56.3908], [48.3964,56.3908], [53.3176,53.4726], [41.1201,41.9182], [48.3964,56.3908], [48.3964,56.3908], [30.4879,71.111], [34.3983,66.4151], [38.5758,67.5968], [44.2474,61.4096], [33.9483,51.6655], [34.3983,66.4151], [25.8477,58.0082], [43.9651,74.6389], [38.5758,67.5968], [25.8477,58.0082], [17.5123,59.1469], [22.8086,74.7567], [16.4581,63.8561], [27.9667,73.5321], [17.1385,70.6601], [25.8477,58.0082], [17.1385,70.6601], [25.8477,58.0082], [25.8477,58.0082], [30.4879,71.111], [10.3182,80.4502], [17.1385,70.6601], [25.3871,81.6984], [17.5123,59.1469], [17.1385,70.6601], [25.8477,58.0082], [27.9667,73.5321], [33.5563,75.6568], [19.7429,68.5136], [25.3871,81.6984], [2.20254,80.962], [2.20254,80.962], [16.5445,68.7821], [10.3182,80.4502], [16.5445,68.7821], [8.13089,65.2458], [16.5445,68.7821], [8.13089,65.2458], [27.9667,73.5321], 