{
  "instance_index": 0,
  "birth_iter": 4,
  "death_iter": 50,
  "survival_iters": 46,
  "censored": false,
  "pre_vnd_cost": -1,
  "post_vnd_cost": 755.731,
  "pre_vnd_coords": [[80,20], [68.6623,29.5421], [71.229,20.0146], [72.952,13.6188], [73.0767,10.902], [25.9801,32.0255], [25.8217,32.0785], [35.1436,31.1897], [29.9519,31.0141], [29.1082,30.9855], [25.9801,32.0255], [32.3184,31.0941], [34.2999,35.6245], [18.6457,37.3552], [27.8029,31.4195], [25.9801,32.0255], [32.8851,37.1047], [25.9801,32.0255], [26.5811,31.8257], [22.4931,33.1924], [28.4653,31.1992], [18.7562,35.4536], [18.8161,34.4229], [10.4162,44.9534], [10.4267,45.9149], [18.5327,39.2995], [10.4401,47.1443], [10.417,45.0263], [10.4362,46.7847], [10.4393,47.0693], [18.5857,38.3877], [10.4259,45.8397], [18.81,34.5272], [18.8045,34.623], [18.8161,34.4229], [18.8161,34.4229], [25.3303,39.1224], [30.1094,34.9514], [32.4726,29.1934], [32.4364,41.4116], [16.9425,41.6961], [25.3303,39.1224], [25.3303,39.1224], [25.3303,39.1224], [27.2866,33.4983], [27.2866,33.4983], [11.2354,49.3642], [27.2866,33.4983], [16.4454,51.9885], [27.2866,33.4983], [30.4345,48.2217], [18.2502,63.2703], [16.4454,51.9885], [6.49293,56.1053], [22.9704,65.4685], [16.4454,51.9885], [3.18684,59.6516], [11.2354,49.3642], [24.0348,56.3162], [3.18684,59.6516], [6.49293,56.1053], [16.9425,41.6961], [-0.580215,39.3771], [16.9425,41.6961], [25.3303,39.1224], [16.9425,41.6961], [11.2354,49.3642], [16.9425,41.6961], [6.49293,56.1053], [16.9425,41.6961], [6.49293,56.1053], [25.3303,39.1224], [24.0348,56.3162], [25.3303,39.1224], [3.18684,59.6516], [16.4454,51.9885], [10.9883,60.2147], [16.9425,41.6961], [11.2354,49.3642], [16.9425,41.6961], [16.4454,51.9885], [16.9425,41.6961], [23.4063,49.8626], [11.2354,49.3642], [25.3303,39.1224], [11.2354,49.3642], [3.2863,34.2924], [-1.86862,55.8035], [10.9883,60.2147], [3.2863,34.2924], [6.49293,56.1053], [6.49293,56.1053], [5.20201,40.564], [3.2863,34.2924], [11.2354,49.3642], [6.49293,56.1053], [-0.580215,39.3771], [2.57567,27.4476], [8.98314,20.5899], [2.57567,27.4476], [10.8337,9.7827], [8.98314,20.5899], [2.57567,27.4476], [10.3701,36.7026], [8.98314,20.5899], [-0.580215,39.3771], [8.98314,20.5899], [2.57567,27.4476], [8.98314,20.5899], [6.07772,2.39318], [10.3701,36.7026], [2.57567,27.4476], [6.07772,2.39318], [10.8337,9.7827], [2.57567,27.4476], [10.8337,9.7827], [10.8337,9.7827], [10.8337,9.7827], [10.8337,9.7827], [23.7483,25.1487], [14.3375,22.2905], [29.7462,15.8422], [23.7483,25.1487], [14.3375,22.2905], [21.9805,17.6591], [18.7724,11.7945], [10.8337,9.7827], [18.7724,11.7945], [10.8337,9.7827], [10.8337,9.7827], [10.8337,9.7827], [18.7724,11.7945], [10.8337,9.7827], [23.7483,25.1487], [30.6438,19.6908], [30.6438,19.6908], [21.9805,17.6591], [53.6366,9.82756], [50.0215,26.8236], [30.6438,19.6908], [30.6438,19.6908], [29.7462,15.8422], [30.6438,19.6908], [55.1249,32.2072], [30.6438,19.6908], [30.6438,19.6908], [30.6438,19.6908], [30.6438,19.6908], [68.5432,13.9774], [55.1249,32.2072], [53.4896,44.7636], [58.7254,38.6582], [65.923,29.5759], [50.0215,26.8236], [51.0989,37.5037], [51.0989,37.5037], [45.3,51.9136], [48.4892,31.6858], [49.8557,43.1255], [59.9387,47.4507], [51.0989,37.5037], [55.1249,32.2072], [61.7131,20.7985], [55.1249,32.2072], [46.5616,38.3013], [48.4892,31.6858], [55.1249,32.2072], [51.0989,37.5037], [75.7242,36.4569], [70.7936,49.1405], [61.7131,20.7985], [45.0845,31.9512], [55.1249,32.2072], [49.8557,43.1255], [70.7936,49.1405], [46.5616,38.3013], [59.9387,47.4507], [51.0989,37.5037], [55.1249,32.2072], [51.0989,37.5037], [66.205,53.5792], [70.7936,49.1405], [49.8557,43.1255], [66.205,53.5792], [66.205,53.5792], [47.5149,54.0634], [51.0989,37.5037], [70.7936,49.1405], [50.2381,62.9929], [53.4896,44.7636], [53.4896,44.7636], [47.8729,59.4348], [66.205,53.5792], [59.9387,47.4507], [82.2034,47.656], [56.3223,59.1672], [75.7242,36.4569], [76.0453,52.1005], [76.8198,48.5532], [75.3623,53.5496], [84.3766,62.7393], [75.685,52.4435], [83.6936,62.5176], [76.2086,61.542], [80.9615,63.1556], [63.1835,72.8595], [85.6374,69.1903], [71.8461,56.0803], [74.57,54.1199], [77.4776,46.2983], [77.2628,47.0346], [70.635,56.9521], [48.7344,59.4306], [59.3927,61.3514], [45.1452,54.4748], [59.051,61.4088], [45.9525,54.4149], [59.3997,63.6722], [58.697,61.4683], [65.7668,40.2901], [46.1568,54.7833], [46.8342,56.0046], [31.8772,41.3427], [34.1813,46.0823], [35.7177,34.6478], [33.781,46.6792], [38.5072,31.3035], [33.5637,47.0031], [31.5708,51.3755], [31.1657,41.089], [39.3961,54.901], [30.0081,40.6763], [37.1984,33.6278], [34.2999,35.6245], [33.1506,47.7565], [30.322,54.2362], [31.5732,38.4771], [24.7978,56.4317], [23.4824,56.702], [32.6155,48.9825], [31.3465,51.8894], [30.1703,54.5836], [45.4103,54.4551], [30.9804,52.7279], [46.3869,55.1981], [34.7837,45.1843], [35.0613,42.4778], [34.6178,42.3197], [35.6527,43.2053], [45.6756,54.4355], [35.7915,43.6818], [34.3486,45.8329], [58.5053,61.5006], [33.6776,41.9845], [34.6606,45.3677], [47.4019,57.0281], [49.9285,62.1131], [67.1048,35.3235], [37.217,31.2599], [60.0881,61.2345], [62.0662,60.902], [49.9285,62.1131], [49.9285,62.1131], [49.9285,62.1131], [49.9299,61.9482], [49.5112,65.0754], [48.4697,66.667], [49.9285,62.1131], [41.5614,54.7405], [57.4964,84.4459], [48.1447,66.9854], [57.4803,84.3387], [47.8483,83.3528], [57.403,83.8245], [48.8117,66.332], [57.5285,84.6586], [57.5446,84.7662], [57.4732,84.2912], [47.6685,85.2684], [57.4153,83.9063], [47.3083,89.108], [47.8836,82.9763], [57.4882,84.3911], [57.3837,83.6966], [40.7728,85.9925], [57.5042,84.4977], [42.1118,74.933], [42.5358,70.3841], [33.0082,72.2471], [27.6372,91.7436], [19.9932,95.154], [27.6372,91.7436], [27.6372,91.7436], [27.6372,91.7436], [27.6372,91.7436], [27.6372,91.7436], [27.6372,91.7436], [29.1375,95.4772], [19.4151,87.5146], [19.9932,95.154], [33.09,94.4415], [33.09,94.4415], [22.2048,76.7814], [30.1941,96.4345], [26.955,72.308], [22.8312,71.7879], [22.8312,71.7879], [26.955,72.308], [22.8312,71.7879], [17.9948,86.5721], [22.8312,71.7879], [26.955,72.308], [9.50877,59.5731], [9.81292,59.5106], [46.5672,73.2455], [46.5672,73.2455], [46.8131,85.9334], [36.4247,78.8896], [45.5424,82.7469], [46.5672,73.2455], [30.4143,86.6241], [39.8405,75.9263], [45.2205,97.0332], [37.1608,82.6794], [36.4247,78.8896], [45.2205,97.0332], [44.0656,84.4295], [27.6372,91.7436], [30.4143,86.6241], [36.6855,87.832], [45.2205,97.0332], [46.5672,73.2455], [51.1432,93.2581], [33.6117,97.8152], [51.1432,93.2581], [45.2205,97.0332], [45.2205,97.0332], [33.09,94.4415], [33.6117,97.8152], [51.1432,93.2581], [51.1432,93.2581], [41.4692,88.811], [27.6372,91.7436], [27.6372,91.7436], [48.1082,91.7584], [52.5825,91.0069], [39.8266,107.424], [45.2205,97.0332], [45.2205,97.0332], [49.6599,89.3971], [52.5825,91.0069], [59.7849,97.4118], [59.7849,97.4118], [48.1082,91.7584], [51.1432,93.2581], [45.2205,97.0332], [33.09,94.4415], [33.6117,97.8152], [45.2205,97.0332], [59.7849,97.4118], [39.8266,107.424], [45.2205,97.0332], [51.1432,93.2581], [45.2205,97.0332], [44.0656,84.4295], [36.6855,87.832], [37.1608,82.6794], [33.6117,97.8152], [45.2205,97.0332], [44.0656,84.4295], [41.4692,88.811], [46.8131,85.9334], [39.8405,75.9263], [50.2381,62.9929], [48.1082,91.7584], [45.5424,82.7469], [37.1608,82.6794], [45.5424,82.7469], [33.0082,72.2471], [42.5358,70.3841], [51.1432,93.2581], [45.2205,97.0332], [58.11,74.3838], [50.2381,62.9929], [40.1094,71.8377], [68.1961,85.7654], [73.7795,81.1814], [58.11,74.3838], [58.11,74.3838], [51.1432,93.2581], [37.1608,82.6794], [60.7082,82.9023], [67.6587,73.3959], [63.7853,72.1634], [60.7082,82.9023], [63.7853,72.1634], [58.11,74.3838], [64.1164,87.9582], [58.11,74.3838], [58.11,74.3838], [52.5825,91.0069], [52.5825,91.0069], [49.6599,89.3971], [44.0656,84.4295], [46.8131,85.9334], [46.5672,73.2455], [46.5672,73.2455], [42.5021,73.1029], [45.0688,69.9989], [57.5926,85.0852], [30.8031,89.4951], [63.8855,74.564], [59.5919,90.3343], [58.6047,87.7927], [65.9325,89.8222], [59.2751,89.5187], 