{
  "instance_index": 0,
  "birth_iter": 7,
  "death_iter": 50,
  "survival_iters": 43,
  "censored": false,
  "pre_vnd_cost": -1,
  "post_vnd_cost": 545.967,
  "pre_vnd_coords": [[80,20], [82.2154,19.0287], [104.2,9.39044], [104.2,9.39044], [90.1318,4.10498], [104.2,9.39044], [90.1318,4.10498], [67.2923,1.61147], [67.2923,1.61147], [55.5503,17.8594], [58.1727,28.9808], [55.5503,17.8594], [46.4516,16.6353], [58.1727,28.9808], [43.0004,40.6285], [67.2524,22.7936], [55.5503,17.8594], [67.2524,22.7936], [67.2524,22.7936], [67.2524,22.7936], [67.2524,22.7936], [67.2524,22.7936], [59.2956,34.6626], [68.6433,35.1784], [66.4747,51.0138], [57.2371,46.5284], [58.1727,28.9808], [64.6515,37.9331], [57.2371,46.5284], [64.6515,37.9331], [50.5598,39.9213], [48.0288,29.8035], [64.6515,37.9331], [50.5598,39.9213], [51.8309,47.1449], [50.5598,39.9213], [50.5598,39.9213], [43.0004,40.6285], [59.2956,34.6626], [43.0004,40.6285], [65.0537,43.0399], [58.1727,28.9808], [57.2371,46.5284], [68.6433,35.1784], [64.6515,37.9331], [58.1727,28.9808], [65.0537,43.0399], [64.6515,37.9331], [68.6433,35.1784], [67.2524,22.7936], [43.0004,40.6285], [57.2371,46.5284], [58.1727,28.9808], [55.5503,17.8594], [58.1727,28.9808], [58.1727,28.9808], [58.1727,28.9808], [48.0288,29.8035], [48.0288,29.8035], [58.1727,28.9808], [48.0288,29.8035], [46.4516,16.6353], [48.0288,29.8035], [46.4516,16.6353], [13.162,10.1411], [46.4516,16.6353], [48.0288,29.8035], [43.0004,40.6285], [33.808,42.7128], [33.808,42.7128], [50.5598,39.9213], [43.0004,40.6285], [33.808,42.7128], [-3.28134,15.5927], [19.7877,72.7275], [8.36157,70.8167], [7.79603,77.8483], [8.36157,70.8167], [8.36157,70.8167], [8.36157,70.8167], [7.79603,77.8483], [8.36157,70.8167], [8.36157,70.8167], [8.36157,70.8167], [7.79603,77.8483], [10.5933,81.1712], [7.79603,77.8483], [7.79603,77.8483], [8.71931,91.6641], [7.82832,100.01], [7.82832,100.01], [8.36157,70.8167], [7.79603,77.8483], [7.46923,88.0817], [7.79603,77.8483], [7.46923,88.0817], [10.5933,81.1712], [1.54988,86.003], [8.71931,91.6641], [12.6889,85.0571], [10.0513,97.1228], [7.79603,77.8483], [7.79603,77.8483], [19.7877,72.7275], [7.79603,77.8483], [7.46923,88.0817], [28.4209,86.2664], [18.9972,78.9992], [10.5933,81.1712], [8.71931,91.6641], [8.36157,70.8167], [47.929,82.206], [12.6228,53.1405], [19.0733,36.4849], [29.4564,33.6061], [31.4918,51.2462], [48.209,48.0697], [31.022,44.0663], [22.8692,39.2123], [35.6441,29.9683], [35.6441,29.9683], [24.8932,34.007], [43.8193,31.577], [41.7493,23.5044], [41.7493,23.5044], [43.8193,31.577], [31.5251,17.8029], [52.638,19.5065], [41.7493,23.5044], [32.0765,10.3347], [40.5084,12.8573], [41.7493,23.5044], [32.0765,10.3347], [40.5084,12.8573], [40.5084,12.8573], [29.4993,13.3468], [32.0765,10.3347], [29.4993,13.3468], [21.6316,29.7028], [31.5251,17.8029], [29.4564,33.6061], [35.6441,29.9683], [24.6759,27.5273], [29.4564,33.6061], [24.8932,34.007], [31.022,44.0663], [21.6316,29.7028], [24.6759,27.5273], [19.0733,36.4849], [31.5251,17.8029], [24.6759,27.5273], [24.6759,27.5273], [31.5251,17.8029], [31.5251,17.8029], [20.6635,14.599], [24.6759,27.5273], [20.6635,14.599], [21.6316,29.7028], [24.6759,27.5273], [21.6316,29.7028], [19.0733,36.4849], [24.6759,27.5273], [31.022,44.0663], [19.0733,36.4849], [21.6316,29.7028], [31.022,44.0663], [22.8692,39.2123], [17.3501,43.3012], [13.3099,34.1506], [24.8932,34.007], [24.8932,34.007], [19.0733,36.4849], [22.8692,39.2123], [39.7007,38.7223], [31.022,44.0663], [31.022,44.0663], [27.1324,49.1189], [24.8932,34.007], [27.1324,49.1189], [44.4914,52.2754], [27.1324,49.1189], [31.4918,51.2462], [21.7362,59.6676], [31.4918,51.2462], [27.1324,49.1189], [27.1324,49.1189], [20.7987,51.533], [31.4918,51.2462], [20.7987,51.533], [23.9434,62.4064], [13.3618,65.9256], [27.1324,49.1189], [21.7362,59.6676], [28.5533,56.1778], [40.3148,42.4374], [27.1324,49.1189], [10.8051,63.4668], [27.1324,49.1189], [22.8692,39.2123], [7.36874,58.8614], [21.7362,59.6676], [21.7362,59.6676], [11.1288,39.1236], [22.8692,39.2123], [8.14409,52.4179], [21.7362,59.6676], [21.7362,59.6676], [15.9706,56.2688], [23.1676,70.2332], [23.9434,62.4064], [12.6228,53.1405], [17.3501,43.3012], [5.01287,65.939], [23.9434,62.4064], [13.3618,65.9256], [23.9434,62.4064], [5.01287,65.939], [30.7344,71.7507], [13.3618,65.9256], [8.36157,70.8167], [29.4965,69.8469], [13.3618,65.9256], [15.6116,77.5116], [20.3214,63.8709], [29.4965,69.8469], [21.7362,59.6676], [5.01287,65.939], [29.4965,69.8469], [20.3214,63.8709], [34.8948,69.8486], [19.7877,72.7275], [21.7362,59.6676], [13.3618,65.9256], [23.9434,62.4064], [20.3214,63.8709], [23.1676,70.2332], [30.7344,71.7507], [13.3618,65.9256], [29.4965,69.8469], [28.5533,56.1778], [21.7362,59.6676], [19.7877,72.7275], [21.7362,59.6676], [29.4965,69.8469], [23.1676,70.2332], [29.4965,69.8469], [37.0373,76.0364], [23.1676,70.2332], [35.9966,87.9745], [30.1525,62.5905], [30.7344,71.7507], [46.9511,75.7543], [23.1676,70.2332], [15.6116,77.5116], [25.8396,79.1423], [25.8396,79.1423], [12.4878,87.1465], [12.6889,85.0571], [12.6889,85.0571], [29.4965,69.8469], [19.7877,72.7275], [13.3618,65.9256], [12.4878,87.1465], [23.1676,70.2332], [18.9972,78.9992], [23.1676,70.2332], [19.7877,72.7275], [20.3214,63.8709], [22.0495,84.7607], [19.7877,72.7275], [18.9972,78.9992], [20.7099,82.0827], [7.36874,58.8614], [18.9972,78.9992], [25.8396,79.1423], [12.6889,85.0571], [19.7877,72.7275], [20.7099,82.0827], [5.01287,65.939], [25.7445,88.5855], [15.6116,77.5116], [18.9972,78.9992], [15.9706,56.2688], [19.7877,72.7275], [7.46923,88.0817], [7.46923,88.0817], [7.46923,88.0817], [25.8396,79.1423], [10.5933,81.1712], [8.36157,70.8167], [10.8051,63.4668], [8.36157,70.8167], [8.71931,91.6641], [7.46923,88.0817], [7.79603,77.8483], [10.5933,81.1712], [7.36874,58.8614], [10.0513,97.1228], [7.79603,77.8483], [8.36157,70.8167], [19.7877,72.7275], [8.36157,70.8167], [8.36157,70.8167], [1.49419,66.3568], [7.46923,88.0817], [7.79603,77.8483], [20.7099,82.0827], [20.7099,82.0827], [5.01287,65.939], [19.7877,72.7275], [5.01287,65.939], [23.9434,62.4064], [1.49419,66.3568], [23.1676,70.2332], [10.8051,63.4668], [13.3618,65.9256], [8.36157,70.8167], [17.3501,43.3012], [8.14409,52.4179], [23.9434,62.4064], [17.3501,43.3012], [8.36157,70.8167], [22.8692,39.2123], [7.36874,58.8614], [17.3501,43.3012], [7.36874,58.8614], [15.9706,56.2688], [8.14409,52.4179], [1.62145,43.7154], [12.6228,53.1405], [12.6228,53.1405], [7.36874,58.8614], [21.7362,59.6676], [17.3501,43.3012], [31.022,44.0663], [31.4918,51.2462], [11.1288,39.1236], [27.1324,49.1189], [19.0733,36.4849], [29.4564,33.6061], [29.4564,33.6061], [31.4918,51.2462], [8.14409,52.4179], [20.7987,51.533], [11.1288,39.1236], [17.3501,43.3012], [1.62145,43.7154], [22.8692,39.2123], [27.1324,49.1189], [1.62145,43.7154], [5.17112,36.8316], [11.1288,39.1236], [17.3501,43.3012], [1.62145,43.7154], [1.62145,43.7154], [1.62145,43.7154], [12.6228,53.1405], [17.3501,43.3012], [5.17112,36.8316], [5.22262,48.7298], [1.62145,43.7154], [1.62145,43.7154], [19.0733,36.4849], [8.62142,21.9008], [5.22352,24.6263], [5.22352,24.6263], [19.0733,36.4849], [24.8932,34.007], [8.62142,21.9008], [4.47766,13.2734], [5.22352,24.6263], [4.47766,13.2734], [5.22352,24.6263], [4.47766,13.2734], [4.47766,13.2734], [4.47766,13.2734], [8.62142,21.9008], [15.2173,12.6698], [15.2173,12.6698], [4.47766,13.2734], [15.2173,12.6698], [15.2173,12.6698], [8.62142,21.9008], [20.6635,14.599], [20.6635,14.599], [20.6635,14.599], [12.6047,1.68373], [13.162,10.1411], [-3.28134,15.5927], [13.162,10.1411], [12.6047,1.68373], [-3.28134,15.5927], [2.43426,29.3358], [2.43426,29.3358], [2.43426,29.3358], [2.43426,29.3358], [-6.08821,34.9567], [-6.08821,34.9567], [6.75796,51.2135], [6.75796,51.2135], [6.75796,51.2135], [6.75796,51.2135], [6.75796,51.2135], [2.43426,29.3358], [27.3006,42.6537], [33.808,42.7128], [30.6763,53.0908], [27.3006,42.6537], [32.7817,59.5315], [30.6763,53.0908], [38.2285,48.2962], [30.6763,53.0908], [29.0652,64.8074], [29.0652,64.8074], 