{
  "instance_index": 0,
  "birth_iter": 14,
  "death_iter": 70,
  "survival_iters": 56,
  "censored": false,
  "pre_vnd_cost": -1,
  "post_vnd_cost": 555.583,
  "pre_vnd_coords": [[80,20], [91.7231,28.3418], [91.7231,28.3418], [99.8583,1.24813], [79.0669,6.93434], [99.8583,1.24813], [79.0669,6.93434], [79.0669,6.93434], [51.253,3.71455], [65.7305,20.9262], [53.855,21.6647], [34.2636,21.4761], [57.4401,20.5631], [57.4401,20.5631], [62.5313,37.6225], [47.467,35.3184], [65.7305,20.9262], [65.7305,20.9262], [65.7305,20.9262], [57.4401,20.5631], [65.7305,20.9262], [65.7305,20.9262], [65.7305,20.9262], [57.4401,20.5631], [53.855,21.6647], [62.5313,37.6225], [62.5981,47.821], [61.3047,32.3325], [61.3047,32.3325], [61.3047,32.3325], [72.6396,43.1296], [52.6697,42.187], [56.1669,34.961], [57.4401,20.5631], [52.6697,42.187], [50.8438,48.2511], [57.5909,54.5863], [56.1669,34.961], [37.7343,53.5052], [52.6697,42.187], [40.4331,39.7934], [37.7343,53.5052], [52.6697,42.187], [39.2724,35.0574], [62.5981,47.821], [56.1669,34.961], [50.8438,48.2511], [50.8438,48.2511], [47.467,35.3184], [61.3047,32.3325], [39.2724,35.0574], [41.7726,34.8782], [52.6697,42.187], [62.5313,37.6225], [52.6697,42.187], [47.467,35.3184], [62.5313,37.6225], [62.5981,47.821], [72.6396,43.1296], [61.3047,32.3325], [56.1669,34.961], [47.467,35.3184], [56.1669,34.961], [42.0898,25.0269], [56.1669,34.961], [56.1669,34.961], [57.4401,20.5631], [41.7726,34.8782], [25.7173,26.5234], [53.855,21.6647], [25.7173,26.5234], [39.2724,35.0574], [25.7173,26.5234], [34.2636,21.4761], [42.0898,25.0269], [28.658,17.2293], [47.467,35.3184], [42.0898,25.0269], [34.2636,21.4761], [34.2636,21.4761], [34.2636,21.4761], [42.0898,25.0269], [51.253,3.71455], [15.8658,12.6484], [32.3847,11.5822], [34.2636,21.4761], [34.2636,21.4761], [42.0898,25.0269], [34.2636,21.4761], [32.3847,11.5822], [28.658,17.2293], [28.658,17.2293], [25.7173,26.5234], [25.7173,26.5234], [28.658,17.2293], [40.4331,39.7934], [37.8824,31.5154], [36.2107,41.1519], [47.467,35.3184], [37.8824,31.5154], [40.4331,39.7934], [22.9341,41.1613], [39.2724,35.0574], [35.9196,44.7097], [50.8438,48.2511], [37.7343,53.5052], [36.2107,41.1519], [39.2724,35.0574], [31.9028,51.1719], [44.1372,50.841], [25.7173,26.5234], [36.2107,41.1519], [28.3443,44.5772], [22.5175,47.3031], [36.2107,41.1519], [36.2107,41.1519], [37.8824,31.5154], [35.9196,44.7097], [20.2355,23.1021], [21.6316,29.7028], [29.4564,33.6061], [24.8932,34.007], [19.0733,36.4849], [24.6759,27.5273], [20.6635,14.599], [4.47766,13.2734], [4.47766,13.2734], [19.0733,36.4849], [21.6316,29.7028], [5.22352,24.6263], [8.62142,21.9008], [5.22352,24.6263], [13.3099,34.1506], [8.62142,21.9008], [19.0733,36.4849], [5.22352,24.6263], [8.62142,21.9008], [15.2173,12.6698], [19.0733,36.4849], [15.2173,12.6698], [19.0733,36.4849], [15.2173,12.6698], [20.6635,14.599], [24.6759,27.5273], [24.6759,27.5273], [20.6635,14.599], [4.47766,13.2734], [4.47766,13.2734], [4.47766,13.2734], [8.62142,21.9008], [20.6635,14.599], [4.47766,13.2734], [15.2173,12.6698], [4.47766,13.2734], [15.2173,12.6698], [15.2173,12.6698], [20.6635,14.599], [4.47766,13.2734], [4.47766,13.2734], [4.47766,13.2734], [5.22352,24.6263], [4.47766,13.2734], [8.62142,21.9008], [5.22352,24.6263], [5.17112,36.8316], [5.17112,36.8316], [1.62145,43.7154], [7.36874,58.8614], [1.62145,43.7154], [1.62145,43.7154], [1.62145,43.7154], [1.62145,43.7154], [1.62145,43.7154], [7.36874,58.8614], [1.62145,43.7154], [1.62145,43.7154], [17.3501,43.3012], [15.9706,56.2688], [5.22262,48.7298], [8.14409,52.4179], [5.01287,65.939], [7.36874,58.8614], [1.62145,43.7154], [7.36874,58.8614], [8.36157,70.8167], [-0.756111,63.588], [7.36874,58.8614], [20.3214,63.8709], [7.36874,58.8614], [5.01287,65.939], [23.9434,62.4064], [8.14409,52.4179], [5.01287,65.939], [-0.756111,63.588], [5.01287,65.939], [1.49419,66.3568], [8.36157,70.8167], [8.14409,52.4179], [15.9706,56.2688], [12.6228,53.1405], [10.8051,63.4668], [13.3618,65.9256], [5.01287,65.939], [13.3618,65.9256], [13.3618,65.9256], [15.9706,56.2688], [20.7099,82.0827], [15.6116,77.5116], [19.7877,72.7275], [23.9434,62.4064], [23.1676,70.2332], [10.8051,63.4668], [20.3214,63.8709], [12.6228,53.1405], [17.3501,43.3012], [27.1324,49.1189], [23.9434,62.4064], [21.7362,59.6676], [23.1676,70.2332], [29.4965,69.8469], [28.5533,56.1778], [35.1296,79.5996], [50.8595,62.5121], [21.7362,59.6676], [34.8948,69.8486], [30.7344,71.7507], [34.8948,69.8486], [37.0373,76.0364], [28.5533,56.1778], [42.3174,60.0029], [20.3214,63.8709], [29.4965,69.8469], [23.1676,70.2332], [30.7344,71.7507], [25.8396,79.1423], [23.9434,62.4064], [21.7362,59.6676], [13.3618,65.9256], [21.7362,59.6676], [23.1676,70.2332], [20.3214,63.8709], [13.3618,65.9256], [19.7877,72.7275], [18.9972,78.9992], [29.4965,69.8469], [19.7877,72.7275], [25.8396,79.1423], [7.36874,58.8614], [15.6116,77.5116], [23.9434,62.4064], [22.0495,84.7607], [8.36157,70.8167], [19.7877,72.7275], [30.7344,71.7507], [1.49419,66.3568], [15.6116,77.5116], [13.3618,65.9256], [23.1676,70.2332], [5.01287,65.939], [20.7099,82.0827], [7.79603,77.8483], [8.36157,70.8167], [7.79603,77.8483], [8.36157,70.8167], [-0.756111,63.588], [8.36157,70.8167], [10.5933,81.1712], [1.54988,86.003], [1.49419,66.3568], [8.36157,70.8167], [8.36157,70.8167], [9.83542,58.9877], [17.3484,83.8675], [30.9363,69.8905], [12.7474,77.4606], [1.15959,80.5378], [21.4294,82.4611], [21.4294,82.4611], [12.7474,77.4606], [6.10263,66.6612], [19.5511,77.2827], [26.1757,77.2109], [19.5511,77.2827], [8.54488,84.3678], [21.4294,82.4611], [8.54488,84.3678], [17.3484,83.8675], [21.2519,88.3442], [19.5511,77.2827], [13.7762,94.2061], [28.0746,85.6259], [13.7762,94.2061], [21.2519,88.3442], [12.7474,77.4606], [28.0746,85.6259], [8.54488,84.3678], [19.5511,77.2827], [28.8902,73.7934], [37.7343,53.5052], [19.5511,77.2827], [28.8902,73.7934], [26.1757,77.2109], [19.5511,77.2827], [21.4294,82.4611], [26.1757,77.2109], [19.5511,77.2827], [9.83542,58.9877], [8.46467,52.5156], [18.453,55.8006], [8.92471,73.8794], [3.85565,71.6213], [9.83542,58.9877], [12.7474,77.4606], [1.15959,80.5378], [6.10263,66.6612], [18.453,55.8006], [3.85565,71.6213], [8.92471,73.8794], [6.10263,66.6612], [6.10263,66.6612], [1.15959,80.5378], [6.10263,66.6612], [6.10263,66.6612], [17.2949,49.61], [16.7727,43.8501], [10.8845,55.3076], [10.8845,55.3076], [10.8845,55.3076], [3.85565,71.6213], [26.2164,58.9287], [8.46467,52.5156], [17.2949,49.61], [16.7727,43.8501], [9.83542,58.9877], [8.46467,52.5156], [8.46467,52.5156], [22.5175,47.3031], [8.46467,52.5156], [9.83542,58.9877], [8.1151,39.5553], [22.5175,47.3031], [21.2979,51.0763], [16.7727,43.8501], [20.95,53.5044], [20.95,53.5044], [8.46467,52.5156], [16.7727,43.8501], [19.7421,46.3109], [8.46467,52.5156], [20.95,53.5044], [27.1324,49.1189], [21.7362,59.6676], [34.8948,69.8486], [29.4965,69.8469], [28.5533,56.1778], [29.4965,69.8469], [20.7987,51.533], [28.5533,56.1778], [28.5533,56.1778], [42.3174,60.0029], [37.0373,76.0364], [29.4965,69.8469], [37.1472,54.9941], [37.0373,76.0364], [30.1525,62.5905], [42.3174,60.0029], [42.3174,60.0029], [37.0373,76.0364], [42.3174,60.0029], [31.4918,51.2462], [31.4918,51.2462], [50.8595,62.5121], [34.8948,69.8486], [34.8948,69.8486], [42.3174,60.0029], [46.986,67.8499], [30.1525,62.5905], [42.4238,67.5032], [30.1525,62.5905], [29.4965,69.8469], [42.4238,67.5032], [46.9511,75.7543], [46.9511,75.7543], [46.9511,75.7543], [30.1525,62.5905], [42.4238,67.5032], [52.6112,50.9864], [46.986,67.8499], [46.986,67.8499], [50.8595,62.5121], [50.8595,62.5121], [58.0406,69.1863], [50.8595,62.5121], [46.986,67.8499], [46.986,67.8499], [46.986,67.8499], [50.8595,62.5121], [46.9511,75.7543], [50.8595,62.5121], [42.3174,60.0029], [60.8396,69.9685], [58.0406,69.1863], [53.6154,80.9523], [46.9511,75.7543], [53.6154,80.9523], [52.35,72.2663], [52.35,72.2663], [46.9511,75.7543], [53.6154,80.9523], [53.6154,80.9523], [46.986,67.8499], [46.9511,75.7543], [35.1296,79.5996], [49.7799,85.6999], [53.6154,80.9523], [64.8989,