{
  "instance_index": 0,
  "birth_iter": 49,
  "death_iter": 101,
  "survival_iters": 52,
  "censored": true,
  "pre_vnd_cost": -1,
  "post_vnd_cost": 503.529,
  "pre_vnd_coords": [[80,20], [85.9439,21.2054], [86.1057,19.4033], [86.2684,17.5916], [86.2684,17.5916], [86.2684,17.5916], [86.2684,17.5916], [66.5252,17.8501], [67.5999,18.0215], [68.6887,18.1952], [63.706,16.8822], [64.5038,17.395], [67.139,15.3678], [65.5945,16.5558], [49.4048,26.4499], [51.3822,27.4892], [61.3765,19.8011], [63.4506,18.2053], [62.414,19.0028], [64.5356,43.9658], [65.1958,44.1402], [61.1195,49.1569], [59.1055,51.4526], [61.1123,49.1635], [64.6197,59.8059], [61.1195,49.1569], [61.1195,49.1569], [59.1232,51.2212], [53.1574,47.6586], [61.6571,50.7926], [54.5653,34.6873], [61.105,49.1702], [56.0721,49.5964], [59.9291,50.2419], [61.162,49.2863], [55.3912,33.0785], [54.1544,35.4877], [53.326,37.1014], [52.8426,47.2661], [51.2375,45.2652], [52.6723,47.0538], [52.2601,46.54], [51.9869,46.1994], [51.7466,45.8998], [36.5703,41.2536], [52.9297,37.8735], [53.0236,47.4917], [61.2171,49.4538], [53.1417,37.4604], [59.1432,50.9583], [51.8667,46.0496], [61.0983,49.1762], [61.1195,49.1569], [59.1055,51.4526], [66.3675,65.1219], [66.4603,66.1163], [66.4482,65.9863], [66.3675,65.1219], [66.5668,67.2557], [59.1055,51.4526], [62.2599,58.5583], [42.978,50.3781], [51.5043,59.2508], [43.7084,51.3088], [44.5406,52.3693], [44.5406,52.3693], [62.5727,59.2696], [59.8499,59.71], [57.3152,59.5706], [61.8932,59.8223], [58.5818,59.6402], [60.9237,59.769], [43.563,55.1297], [38.781,73.4662], [45.4635,58.218], [38.8976,65.1196], [26.4912,78.805], [40.5596,65.3522], [41.5173,57.712], [24.9613,78.8755], [35.852,64.3234], [26.079,77.6406], [32.9045,84.9875], [32.8536,84.6855], [26.4912,78.805], [34.1925,83.476], [8.33943,75.6201], [32.9363,85.1762], [24.125,72.1206], [26.3369,78.3692], [22.3914,67.2229], [26.4912,78.805], [13.9308,65.8152], [17.7711,84.8877], [25.9299,77.2195], [8.33943,75.6201], [20.3468,84.7263], [20.6104,75.2883], [23.8568,90.3354], [25.2462,75.2881], [14.9282,67.6275], [21.5421,84.9971], [23.213,91.2097], [25.6574,76.4497], [14.8482,67.2398], [8.33943,75.6201], [25.3422,75.5591], [11.2143,88.0676], [13.5351,65.4646], [20.7684,64.1248], [39.9666,59.5216], [24.704,73.7561], [26.4912,78.805], [23.4285,70.1528], [13.8007,65.6999], [37.1569,87.2897], [22.1183,66.4513], [36.331,63.7643], [35.5689,64.6537], [26.0682,67.3568], [38.781,73.4662], [28.0806,56.3829], [38.781,73.4662], [28.1607,56.1338], [46.4995,58.4177], [29.8814,49.0972], [27.6469,58.0773], [43.4485,55.4527], [43.4135,57.8228], [43.2288,57.7872], [44.3527,58.0039], [43.6971,54.7508], [38.781,73.4662], [50.5478,59.1982], [38.781,73.4662], [37.922,73.9127], [29.7997,47.3744], [43.3386,55.7631], [43.6116,57.861], [44.5406,52.3693], [42.7948,57.298], [44.1313,53.5249], [44.2775,53.1122], [43.7419,51.3515], [29.8917,49.3134], [50.5478,59.1982], [42.8616,57.7164], [54.5196,59.4169], [45.3087,58.1882], [54.9707,59.4417], [43.2289,56.0725], [44.5653,58.0448], [43.115,56.3941], [29.8848,49.1679], [36.5632,43.7184], [42.8909,57.0268], [29.8726,48.9118], [16.7442,59.7151], [17.6298,41.2439], [17.5649,59.5919], [10.6261,52.1104], [26.7784,50.0682], [18.167,60.4439], [16.9439,58.7132], [31.7513,51.8577], [10.639,52.0835], [9.66323,47.4806], [10.6126,52.1385], [7.46905,60.0907], [10.5821,52.2024], [10.325,51.1417], [11.7804,41.7348], [10.5661,52.2357], [6.71592,59.4235], [23.4934,48.3661], [16.2055,41.3634], [10.381,51.4511], [11.0121,41.7992], [11.5449,52.6929], [12.3897,53.3402], [9.75623,47.9951], [9.82793,48.3917], [9.98043,62.3156], [7.02501,59.6974], [7.67072,68.9489], [23.5357,48.0169], [19.5556,32.4997], [23.4645,48.6042], [23.8295,45.7371], [7.29165,65.1672], [26.5826,49.9977], [10.2247,41.8653], [23.5733,47.7063], [24.2922,49.1734], [23.433,48.8641], [10.6537,52.0528], [9.56385,46.9308], [19.2161,40.6143], [8.55725,41.3624], [14.7945,41.4818], [9.02374,43.943], [11.3175,44.6407], [11.2693,44.6751], [11.4307,59.0147], [11.7365,44.3414], [13.1963,43.2987], [11.6538,25.1581], [15.0424,28.1734], [11.7834,44.308], [33.3546,23.5505], [30.1447,38.3755], [17.6117,40.1448], [19.7213,38.6379], [18.9793,39.1679], [11.5065,44.5057], [29.6209,51.5983], [29.888,49.2365], [29.8352,48.1225], [29.5016,41.0797], [29.8171,47.7398], [12.6798,26.0711], [30.5347,38.6938], [15.2596,28.3666], [15.643,28.7078], [16.2366,29.2359], [16.7844,40.7357], [30.7433,38.864], [29.3565,38.0156], [15.4449,28.5316], [12.5216,25.9303], [11.1782,44.7401], [29.3425,37.721], [23.6013,18.6225], [22.5028,18.2821], [13.0068,26.362], [13.4849,24.3477], [12.0464,23.8131], [20.3787,27.6992], [12.3869,23.9396], [11.6831,23.678], [10.7827,23.3434], [11.3472,23.5532], [11.0625,23.4474], [11.9809,15.5173], [11.2387,20.3639], [11.9809,15.5173], [10.9759,22.0815], [11.9809,15.5173], [18.6472,15.3511], [11.9809,15.5173], [11.5441,18.3693], [11.9809,15.5173], [11.7976,16.714], [11.9809,15.5173], [14.4837,24.7188], [11.6255,17.8377], [13.1083,24.2077], [11.8891,16.1165], [12.7496,24.0744], [11.9809,15.5173], [15.9616,15.418], [11.9809,15.5173], [29.9806,15.0687], [16.5953,25.5037], [11.468,18.8661], [20.5059,26.9572], [23.6446,15.2265], [28.1542,15.1142], [29.5424,15.0796], [35.6595,21.9381], [24.8802,15.1958], [20.4648,27.1969], [35.8501,23.0021], [30.4648,20.749], [39.448,19.0485], [31.9462,21.7938], [29.361,38.1122], [41.2469,17.7197], [31.3216,21.0145], [43.6277,20.2676], [35.8241,21.7259], [30.865,20.8731], [15.836,28.8795], [37.0816,20.7968], [16.8843,30.6004], [13.3242,26.6445], [13.1559,26.4947], [17.5732,32.0519], [18.469,26.2001], [27.416,44.531], [14.8224,24.8447], [29.3425,37.721], [18.3574,39.6121], [29.536,37.8789], [18.3842,33.7607], [34.9226,38.2485], [28.6451,50.7399], [23.8111,45.7433], [9.19552,44.8933], [9.11275,44.4354], [9.46292,46.3725], [9.28508,45.3887], [10.598,52.1691], [10.2718,50.8474], [10.0163,49.4335], [9.94634,49.0468], [25.1512,49.4825], [23.5421,48.9034], [10.6686,52.0215], [11.3081,61.3873], [11.3704,60.1811], [11.3842,59.9138], [26.7501,63.3492], [11.0289,66.7877], [11.3288,60.9859], [10.6541,74.0364], [10.8239,70.7519], [27.8487,57.1038], [29.93,50.1213], [27.2624,60.3375], [16.7442,59.7152], [25.6183,70.0009], [27.3435,59.8612], [27.4245,59.3851], [25.8696,68.5242], [29.8086,47.5625], [27.5853,58.4397], [26.8436,62.7995], [20.1931,63.3106], [24.277,72.5499], [14.5946,66.4032], [12.8646,64.8706], [32.6352,52.1758], [19.6503,62.5427], [18.7655,61.2907], [11.1825,63.3804], [10.5913,62.8567], [21.8331,65.6457], [21.8378,65.659], [15.3859,69.8471], [15.0785,68.3566], [14.6938,66.4911], [27.5723,50.3539], [36.1314,41.6002], [34.3328,42.205], [33.2945,42.5541], [32.771,42.7302], [25.6088,45.1387], [30.3099,51.339], [26.9767,50.1395], [27.1679,50.2083], [27.3575,50.2765], [29.716,51.1253], [27.7637,50.4227], [27.9387,50.4857], [28.1252,50.5528], [28.311,50.6197], [28.4891,50.6838], [36.5584,39.3857], [26.4215,49.9397], [29.8537,48.512], [29.8271,47.9529], [16.681,71.6193], [23.1414,69.3418], [22.8515,68.5227], [6.84429,60.7042], [19.0178,73.8012], [8.3445,76.1535], [7.96235,60.5277], [16.9334,71.855], [7.61724,68.4154], [6.93411,59.6168], [19.9357,74.6583], [7.40461,66.2941], [22.7723,77.2903], [14.0277,65.901], [7.54654,67.71], [7.51078,67.3533], [7.47548,67.001], [7.58481,68.0918], [7.44014,66.6485], [7.37001,65.9489], [7.05524,62.8086], [7.15487,63.8026], [6.90484,61.3082], [8.67928,61.1629], [7.2078,64.3306], [14.2529,66.1005], [7.0066,62.3233], [6.82694,59.5219], [17.2301,72.132], [8.35342,77.0923], [7.80892,70.3275], [15.5297,70.5443], [8.34056,75.7387], [8.3678,78.6049], [8.34757,76.4764], [7.25237,64.7752], [10.6671,73.7841], [10.7853,71.4966], [10.3361,80.1914], [10.4775,77.4543], [10.6191,74.7135], [10.599,75.103], [10.4508,77.9716], [10.388,79.1862], [25.6183,70.0009], [10.7091,72.9712], [25.8016,68.9238], [10.563,75.8008], [10.5113,76.8009], [10.7743,71.7097], [10.7505,72.1688], [10.7233,72.6958], [10.3649,79.6334], [10.3361,80.1914], [10.845,