{
  "instance_index": 0,
  "birth_iter": 68,
  "death_iter": 101,
  "survival_iters": 33,
  "censored": true,
  "pre_vnd_cost": -1,
  "post_vnd_cost": 489.517,
  "pre_vnd_coords": [[80,20], [83.0904,15.3192], [80.1749,15.3896], [83.6987,15.3046], [84.3401,15.2891], [84.3401,15.2891], [84.3401,15.2891], [83.0787,33.5628], [83.8482,36.9524], [82.7471,32.1024], [82.3296,30.2634], [81.8172,28.0064], [71.1554,48.3158], [71.9015,48.3852], [84.364,49.5444], [84.788,49.5839], [83.0517,49.4223], [69.5109,48.1628], [85.1217,42.5621], [78.3563,48.9855], [84.4818,39.7432], [74.5286,48.6295], [60.9757,46.1213], [59.6606,43.9474], [64.7797,47.7227], [70.2397,48.2306], [77.0399,48.8631], [82.5687,49.3774], [60.5837,45.4733], [75.8605,48.7534], [66.7297,47.9041], [48.6975,37.0481], [83.9064,49.5018], [59.6606,43.9474], [85.8129,49.6792], [79.7306,49.1134], [86.2867,49.7233], [82.2683,49.3494], [86.7571,49.7671], [80.8742,49.2197], [83.4726,49.4615], [86.3104,47.7993], [85.337,49.635], [81.9431,49.3192], [43.8626,87.918], [44.4945,90.6468], [43.9379,86.2973], [48.4225,81.3555], [44.4945,90.6468], [44.4945,90.6468], [44.4945,90.6468], [44.4945,90.6468], [44.4945,90.6468], [44.4945,90.6468], [44.4945,90.6468], [44.4945,90.6468], [52.7628,89.8624], [52.7628,89.8624], [44.4945,90.6468], [44.4945,90.6468], [43.8626,87.918], [45.1307,83.0681], [25.6425,89.233], [48.3368,74.5529], [32.6703,88.5166], [37.8208,87.3767], [32.6703,88.5166], [37.8208,87.3767], [37.8208,87.3767], [44.4945,90.6468], [25.6425,89.233], [44.4945,90.6468], [37.8208,87.3767], [44.4945,90.6468], [44.4945,90.6468], [37.8208,87.3767], [44.4945,90.6468], [44.4945,90.6468], [25.6425,89.233], [29.375,90.6106], [32.6703,88.5166], [37.8208,87.3767], [44.4945,90.6468], [44.4945,90.6468], [25.6425,89.233], [37.8208,87.3767], [37.8208,87.3767], [52.9992,74.0308], [40.5547,85.5966], [40.1756,86.8619], [43.8626,87.918], [39.7378,88.3241], [39.7378,88.3241], [39.7378,88.3241], [39.7378,88.3241], [39.7378,88.3241], [39.7378,88.3241], [39.7378,88.3241], [40.273,86.5364], [40.3821,86.1722], [10.1254,82.23], [18.466,88.3145], [9.63306,89.1089], [9.63343,89.14], [10.6022,75.7109], [9.63265,89.0757], [9.63459,89.2341], [9.68636,88.2313], [9.63149,88.9812], [9.63394,89.1814], [9.63149,88.9812], [10.5294,76.706], [9.63251,89.0644], [9.63407,89.1916], [9.63187,89.0117], [10.483,77.3412], [26.7776,77.5807], [10.8226,72.6994], [23.35,67.2329], [11.0258,69.9293], [23.0876,66.1694], [33.9849,86.2754], [30.1369,76.0593], [10.8913,71.7631], [10.0263,83.5835], [19.0621,88.2517], [26.9203,77.516], [10.745,73.7587], [24.9047,73.5353], [28.5706,76.7687], [31.6155,86.5598], [36.7898,85.9379], [24.9745,73.8182], [23.2502,66.8285], [30.2153,87.1776], [39.7378,88.3241], [32.5407,86.4488], [31.1984,75.5786], [16.294,88.5434], [31.434,75.4719], [39.7378,88.3241], [26.1389,77.8699], [39.7378,88.3241], [37.4165,72.7625], [30.5602,75.8676], [26.3891,77.7566], [27.6578,77.182], [23.9255,69.5658], [28.2054,76.934], [27.0717,77.4475], [22.5845,64.1301], [35.8346,67.5373], [40.7037,85.1004], [36.893,72.9996], [10.3528,79.1212], [24.6662,72.5686], [36.7898,85.9379], [28.7795,76.674], [10.3174,79.6052], [37.4165,72.7625], [29.3803,76.4019], [37.4165,72.7625], [33.0158,86.3917], [35.501,73.63], [25.283,75.0691], [37.0578,72.925], [35.2933,73.7241], [10.4134,78.2929], [29.7478,76.2355], [23.4472,67.627], [29.5635,76.319], [27.827,77.1054], [29.9413,76.1479], [30.3345,75.9698], [24.594,72.2757], [25.3919,75.5104], [35.447,66.2582], [10.9607,70.8169], [26.2632,77.8137], [10.9418,71.0757], [10.901,71.6316], [31.4278,52.9948], [22.6737,64.4917], [22.6439,64.3709], [21.7303,60.6666], [27.2053,77.387], [23.0303,65.9372], [11.1576,68.1327], [25.0367,74.0704], [11.0057,70.2035], [25.106,74.3516], [10.9114,71.4892], [28.0068,77.024], [26.5141,77.7], [23.3951,67.4157], [24.7492,72.9051], [24.1482,70.4689], [11.136,68.4274], [11.981,56.8875], [24.09,70.2326], [10.9219,71.3459], [21.9767,61.6655], [23.1921,66.5929], [24.5077,71.9259], [24.2112,70.7243], [11.1438,68.3218], [25.1743,74.6281], [23.299,67.0261], [9.63291,89.0967], [10.8128,72.8333], [10.8035,72.9611], [11.0151,70.076], [10.9513,70.9454], [10.8518,72.3018], [11.1705,67.9567], [10.9702,70.6881], [10.5069,77.0135], [10.8809,71.9046], [11.8073,89.0164], [9.63149,88.9812], [9.71666,87.8172], [10.7742,73.3598], [9.63149,88.9812], [10.4596,77.6607], [11.1281,68.5353], [10.9816,70.5324], [9.74096,87.4849], [10.7648,73.488], [11.3812,65.079], [10.7941,73.0886], [11.7671,59.8091], [11.0698,69.3295], [10.871,72.0408], [10.3893,78.6215], [11.0921,69.0261], [10.9321,71.2077], [11.0998,68.9218], [11.1072,68.8206], [12.298,52.5617], [11.0594,69.4715], [10.7548,73.6248], [10.8421,72.4341], [11.1641,68.0441], [11.4271,64.4521], [10.9952,70.3477], [11.0386,69.7553], [11.1209,68.6335], [11.3379,65.6708], [11.2967,66.2332], [18.244,48.1658], [12.3135,52.3501], [10.717,74.1403], [11.561,62.6234], [10.6817,74.6237], [11.6234,61.7719], [10.7843,73.2227], [11.2331,67.1017], [10.8325,72.565], [10.8614,72.1718], [11.0809,69.1783], [11.1508,68.225], [10.3922,47.1343], [11.0487,69.6172], [11.8315,58.9298], [11.9368,57.4913], [18.5176,48.8222], [23.8622,69.3093], [23.4933,67.8139], [22.9771,65.7215], [22.7012,64.6032], [23.5924,68.2156], [30.1567,59.1335], [19.6148,65.0684], [25.8144,51.3506], [31.3821,57.7636], [19.6148,65.0684], [25.8144,51.3506], [31.3821,57.7636], [19.6148,65.0684], [25.8144,51.3506], [19.6148,65.0684], [30.1567,59.1335], [19.6148,65.0684], [13.6503,50.1351], [25.8144,51.3506], [30.1567,59.1335], [19.6148,65.0684], [31.3821,57.7636], [25.8144,51.3506], [25.8144,51.3506], [31.3821,57.7636], [17.8528,38.9395], [22.8687,35.7255], [13.6503,50.1351], [13.6503,50.1351], [25.8144,51.3506], [25.8144,51.3506], [8.68615,47.634], [17.8528,38.9395], [17.8051,30.0946], [13.6503,50.1351], [22.8687,35.7255], [8.68615,47.634], [22.8687,35.7255], [25.8144,51.3506], [8.68615,47.634], [25.8144,51.3506], [17.8528,38.9395], [13.6503,50.1351], [17.8528,38.9395], [25.8144,51.3506], [8.24893,41.1375], [13.6503,50.1351], [17.8528,38.9395], [8.68615,47.634], [8.68615,47.634], [8.68615,47.634], [8.68615,47.634], [8.68615,47.634], [8.24893,41.1375], [8.24893,41.1375], [9.23451,42.452], [19.6148,65.0684], [8.68615,47.634], [8.68615,47.634], [8.68615,47.634], [8.68615,47.634], [8.24893,41.1375], [8.68615,47.634], [9.23451,42.452], [8.68615,47.634], [8.68615,47.634], [8.68615,47.634], [8.24893,41.1375], [8.68615,47.634], [9.23451,42.452], [8.68615,47.634], [8.24893,41.1375], [8.68615,47.634], [8.68615,47.634], [8.24893,41.1375], [8.68615,47.634], [8.24893,41.1375], [8.68615,47.634], [8.68615,47.634], [17.8528,38.9395], [8.68615,47.634], [29.2732,41.575], [9.23451,42.452], [8.24893,41.1375], [8.24893,41.1375], [9.23451,42.452], [8.68615,47.634], [8.68615,47.634], [25.8144,51.3506], [8.24893,41.1375], [17.8528,38.9395], [17.8528,38.9395], [8.68615,47.634], [8.68615,47.634], [8.68615,47.634], [13.6503,50.1351], [19.6148,65.0684], [19.6148,65.0684], [19.6148,65.0684], [19.6148,65.0684], [25.8144,51.3506], [31.3821,57.7636], [32.6703,88.5166], [30.1567,59.1335], [39.7489,59.6745], [30.1567,59.1335], [19.6148,65.0684], [19.6148,65.0684], [25.6425,89.233], [19.6148,65.0684], [25.6425,89.233], [25.6425,89.233], [10.8834,88.0205], [10.7299,90.3542], [10.8834,88.0205], [25.6425,89.233], [32.6703,88.5166], [32.6703,88.5166], [25.6425,89.233], [44.4945,90.6468], [43.9379,86.2973], [48.3368,74.5529], [34.7058,64.8979], [48.3368,74.5529], [34.7058,64.8979], [50.3969,65.1744], [34.7058,64.8979], [40.1241,68.7371], [43.9379,86.2973], [39.7489,59.6745], [45.1307,83.0681], [32.6703,88.5166], [50.3969,65.1744], [37.8208,87.3767], [19.6148,65.0684], [43.9379,86.2973], [39.7489,59.6745], [44.0187,58.0893], [44.0187,58.0893], [40.1241,68.7371], [39.7489,59.6745], [31.3821,57.7636], [39.7489,59.6745], [39.7489,59.6745], [17.8461,60.6401], [40.1241,68.7371], [34.7058,64.8979], [43.0643,54.8727], [41.0754,64.0265], [34.7058,64.8979], [30.1567,59.1335], 