{
  "instance_index": 0,
  "birth_iter": 24,
  "death_iter": 40,
  "survival_iters": 16,
  "censored": false,
  "pre_vnd_cost": -1,
  "post_vnd_cost": 642.268,
  "pre_vnd_coords": [[80,20], [64.0831,17.663], [63.2659,18.2643], [36.1433,24.6389], [36.4862,26.5526], [34.7999,35.6553], [35.4341,33.6365], [34.9273,35.2499], [37.1994,39.8313], [35.5982,33.1143], [35.9251,32.0736], [32.2674,42.8995], [30.6691,43.437], [35.7524,32.6235], [37.2243,40.7371], [36.7631,41.1013], [37.0113,40.9053], [20.2753,26.8715], [20.3904,26.9142], [34.5612,37.9973], [36.6187,53.6094], [36.0188,39.0106], [34.667,36.0785], [36.5584,39.3857], [34.1533,37.7138], [35.6338,38.743], [35.2711,38.4908], [34.9226,38.2485], [19.9161,30.3971], [24.9385,45.5389], [20.7107,40.021], [20.1167,36.1526], [10.639,52.0835], [19.2161,40.6143], [9.56385,46.9308], [16.2055,41.3634], [10.6537,52.0528], [10.0163,49.4335], [14.1865,24.6084], [13.8503,24.4834], [9.28508,45.3887], [10.381,51.4511], [19.5556,32.4997], [10.325,51.1417], [12.6879,41.6586], [10.2718,50.8474], [9.02374,43.943], [8.94288,43.4957], [11.7804,41.7348], [8.55725,41.3624], [8.86863,43.085], [9.19552,44.8933], [8.71784,42.2508], [9.94634,49.0468], [11.3472,23.5532], [12.0464,23.8131], [11.6831,23.678], [8.48575,40.9669], [10.7827,23.3434], [11.0625,23.4474], [12.3869,23.9396], [20.1378,29.1037], [10.9759,22.0815], [20.3787,27.6992], [19.5556,32.4997], [11.5441,18.3693], [20.7107,40.021], [20.7107,40.021], [20.7107,40.021], [20.7107,40.021], [20.7107,40.021], [20.7107,40.021], [20.7107,40.021], [20.4461,38.2978], [20.7107,40.021], [29.716,51.1253], [17.6298,41.2439], [11.5449,52.6929], [34.567,52.871], [37.7424,54.0138], [37.662,62.2111], [36.331,63.7643], [30.3099,51.339], [31.0243,51.5961], [36.7048,64.8126], [36.6029,63.447], [39.2538,60.3535], [33.5567,52.5075], [35.6408,64.5697], [8.33943,75.6201], [11.1825,63.3804], [32.6352,52.1758], [35.852,64.3234], [37.2156,64.8841], [38.1182,67.796], [40.6278,68.1439], [40.6278,68.1439], [36.1884,69.1572], [36.327,69.801], [37.3245,78.9703], [36.1537,68.9958], [47.2053,69.308], [39.1193,67.9348], [36.8236,68.0977], [36.0775,68.6415], [37.9013,67.766], [40.0974,68.0704], [36.3641,69.9738], [39.8512,68.0363], [37.7991,76.6432], [20.4754,71.1187], [20.4241,69.8569], [38.6043,67.8634], [37.7991,76.6432], [36.0357,68.4475], [37.1883,79.638], [36.0991,68.7421], [36.1209,68.8431], [37.7072,77.0938], [36.0573,68.5476], [36.5363,70.7742], [39.6145,68.0034], [51.8378,70.1277], [52.3275,70.2144], [46.48,69.1796], [56.3589,71.6219], [48.6961,69.5718], [45.7141,69.0441], [50.9253,69.9662], [40.3756,68.1089], [36.2587,69.4836], [53.3906,70.4025], [50.1706,69.8327], [36.2226,69.3161], [44.748,68.8732], [52.8332,70.3038], [50.5574,69.9011], [51.3381,70.0393], [54.4498,70.8376], [53.74,70.546], [57.5935,72.1291], [58.7741,72.6141], [55.9682,71.4614], [55.5562,71.2921], [64.5558,74.9893], [64.0026,74.7621], [54.0924,70.6908], [57.1968,71.9661], [66.7906,69.6524], [66.6214,67.8404], [66.8417,70.5274], [66.045,71.9523], [66.8397,71.1132], [64.1289,71.9085], [63.3261,71.8901], [63.7423,71.8996], [64.9772,71.9279], [66.8373,71.8044], [65.351,71.9364], [66.8427,70.2103], [66.8368,71.9704], [66.8385,71.4596], [62.914,71.8807], [60.7941,71.8322], [60.3755,71.8227], [66.4625,71.9618], [66.8402,70.9412], [66.6623,68.2791], [66.8379,71.6245], [66.841,70.7251], [66.7468,69.1829], [65.6882,71.9441], [62.4264,71.8696], [61.1486,71.8403], [24.0952,87.8497], [22.9778,91.529], [31.9095,91.1732], [35.3957,90.4131], [22.5141,92.1586], [13.5239,91.5494], [10.9804,90.6494], [13.5239,91.5494], [13.5239,91.5494], [11.4017,84.5278], [20.6741,76.0057], [22.0206,81.5615], [22.0494,81.6805], [20.6457,75.3079], [18.8686,85.3998], [22.015,81.5384], [13.5239,91.5494], [11.4095,84.4304], [11.4725,83.6437], [20.6596,75.6488], [20.6038,74.2775], [22.0319,81.6081], [20.6741,76.0057], [11.8515,90.9577], [20.6741,76.0057], [14.7797,90.1045], [20.6114,74.4642], [20.6741,76.0057], [20.5951,74.0632], [14.0026,90.9986], [13.5239,91.5494], [13.5239,91.5494], [15.6056,89.1541], [13.5239,91.5494], [11.3981,84.5735], [11.441,84.0375], [11.2663,86.2205], [22.0091,81.5143], [11.504,83.2503], [14.3671,90.5792], [20.6269,74.8447], [11.3324,85.3933], [11.0638,88.7557], [10.9734,89.8875], [11.0049,89.4922], [11.4056,84.4796], [11.0349,89.1177], [11.3688,84.9384], [13.5239,91.5494], [11.203,87.0135], [13.5239,91.5494], [12.2008,77.4575], [11.1348,87.8663], [11.3906,84.6663], [11.9564,77.5981], [12.6898,77.1764], [8.34935,76.6636], [10.224,50.583], [8.24138,74.6419], [8.33943,75.6201], [7.44014,66.6485], [8.34056,75.7387], [20.3754,68.659], [20.6741,76.0057], [11.6643,81.2483], [11.9563,77.5981], [11.636,81.6009], [11.3475,85.2049], [20.664,75.7586], [12.4586,77.3093], [11.9566,77.5979], [11.3581,85.0732], [11.9565,77.598], [11.6888,80.9417], [13.5239,91.5494], [15.165,89.6611], [16.9559,87.6003], [10.9508,90.639], [10.9144,90.6261], [10.9944,90.6544], [11.3833,84.7581], [12.6782,91.2502], [11.3651,84.9855], [11.3725,84.8924], [11.387,84.7118], [13.5239,91.5494], [10.9875,90.6519], [11.0019,90.657], [10.958,90.6415], [10.944,90.2553], [11.9567,77.5979], [11.9568,77.5979], [11.376,84.8491], [10.9293,90.6314], [10.9221,90.6288], [10.9365,90.6339], [11.094,88.3781], [13.5239,91.5494], [11.2339,86.6262], [11.3615,85.0299], [10.9728,90.6467], [11.9568,77.5978], [11.3544,85.1182], [11.7394,80.31], [11.3291,85.4353], [11.0089,90.6595], [11.3438,85.2509], [11.3798,84.8021], [11.351,85.1611], [11.1706,87.4189], [11.3364,85.3439], [11.6056,81.9811], [11.2994,85.807], [8.45964,88.3252], [8.45964,88.3252], [8.45964,88.3252], [8.45964,88.3252], [8.45964,88.3252], [20.6741,76.0057], [10.9655,90.6441], [10.9439,90.6365], [10.1632,50.2463], [19.7399,31.4248], [20.0061,29.8721], [26.4406,15.1569], [22.2392,15.2616], [35.6952,22.1373], [19.6487,31.9565], [35.6273,21.7586], [27.416,44.531], [34.5425,36.4749], [13.4849,24.3477], [35.6273,21.7586], [20.0533,29.5966], [20.0956,29.3501], [28.1542,15.1142], [27.3355,15.1346], [29.781,15.0737], [29.5424,15.0796], [29.3059,15.0855], [29.0196,15.0927], [20.257,28.4089], [19.8333,30.88], [23.6446,15.2265], [25.6902,15.1756], [24.8802,15.1958], [35.8501,23.0021], [36.2573,31.0162], [36.092,31.5423], [36.9123,28.9313], [36.3728,30.6487], [36.4876,30.2833], [36.5953,29.9402], [36.7135,29.564], [36.8152,29.2402], [20.5059,26.9572], [20.4218,27.4476], [35.7281,22.3209], [34.6188,14.953], [35.9866,23.7641], [35.6595,21.9381], [20.4648,27.1969], [20.1977,28.7547], [29.9806,15.0687], [20.3018,28.1472], [18.469,26.2001], [19.8792,30.612], [20.3408,27.92], [15.9616,15.418], [11.9809,15.5173], [11.468,18.8661], [11.9809,15.5173], [18.6472,15.3511], [11.9809,15.5173], [14.4837,24.7188], [11.8891,16.1165], [13.1083,24.2077], [11.9809,15.5173], [11.9809,15.5173], [12.7496,24.0744], [11.9809,15.5173], [16.5953,25.5037], [11.7976,16.714], [14.8224,24.8447], [11.2387,20.3639], [11.9809,15.5173], [11.6255,17.8377], [12.2745,31.517], [12.8634,18.746], [12.2996,30.9481], [22.7489,44.9522], [24.9039,45.5296], [28.5159,48.9032], [28.7875,49.1989], [29.848,51.9856], [29.3438,49.8047], [29.212,49.6613], [29.0743,49.5113], [28.9332,49.3577], [24.1964,45.3401], [21.9146,44.7286], [10.375,49.4321], [19.5553,58.8369], [10.7255,49.7911], [20.217,43.4353], [9.03763,51.6676], [9.98489,49.4691], [9.85964,49.481], [11.9313,51.0265], [11.4022,50.4845], [27.9415,59.3028], [26.419,46.6195], [26.5613,46.7745], [26.7059,46.9319], [26.847,47.0856], [26.9878,47.2389], [27.1352,47.3995], [27.2792,47.5563], [23.6249,61.2275], [27.4148,47.7039], [27.5519,47.8533], [27.6886,48.0022], [9.01685,53.6825], [18.704,57.9647], [15.0785,68.3566], [16.9439,58.7132], [18.167,60.4439], [9.11275,44.4354], [7.46905,60.0907], [12.3897,53.3402], [10.6126,52.1385], [10.598,52.1691], [17.1251,58.9697], [8.79972,42.7038], [31.7513,51.8577], [10.6261,52.1104], [10.6686,52.0215], [10.4552,51.862], [10.5661,52.2357], [13.6406,41.5787], [14.7945,41.4818], [8.63524,41.7939], [6.71592,59.4235], 