{
  "instance_index": 0,
  "birth_iter": 63,
  "death_iter": 70,
  "survival_iters": 7,
  "censored": false,
  "pre_vnd_cost": -1,
  "post_vnd_cost": 691.036,
  "pre_vnd_coords": [[80,20], [71.2045,15.3657], [63.2539,18.2526], [73.1312,15.3545], [62.1876,19.0517], [64.3261,17.4492], [67.9387,15.3846], [60.9599,19.9717], [65.4277,16.6236], [67.0746,15.3896], [68.7837,15.3797], [70.0916,15.3721], [40.4566,17.6304], [56.412,20.1608], [59.9538,20.7257], [75.5761,43.0726], [30.0371,80.1617], [20.1931,63.3106], [22.6074,67.833], [21.289,64.8613], [22.8515,68.5227], [21.8331,65.6457], [21.8229,65.6167], [19.6503,62.5427], [16.9439,58.7132], [6.96119,61.8703], [12.8646,64.8706], [24.277,72.5499], [17.8929,60.0561], [12.045,42.8634], [12.029,43.79], [11.977,46.8116], [12.0518,42.4654], [30.2334,79.7449], [13.0985,64.2694], [30.2334,79.7448], [30.2335,79.7448], [30.0989,80.0304], [24.1644,82.6622], [25.6964,81.8864], [30.2334,79.7449], [27.8192,80.8113], [27.4382,81.0042], [23.6555,82.92], [30.2334,79.7449], [30.067,80.0982], [30.1634,79.8935], [29.199,81.9433], [9.71685,89.3191], [9.64021,79.8599], [9.71587,89.1973], [22.2411,83.6363], [29.199,81.9433], [9.6614,82.4645], [9.57614,71.9191], [12.5052,64.7101], [12.294,53.2203], [8.30261,66.8518], [9.56873,71.0074], [7.59347,66.0478], [8.45839,68.6865], [12.7907,64.498], [25.184,82.1458], [8.30261,66.8518], [7.75474,66.2307], [21.8082,83.8555], [26.5497,81.4542], [7.39086,65.8181], [9.57243,71.4626], [6.78088,65.1266], [30.2334,79.7448], [10.5646,65.7354], [8.19158,66.7259], [7.99514,66.5032], [12.3964,54.6268], [7.28792,65.7014], [6.7251,65.0634], [12.3826,54.4374], [11.9484,48.4742], [7.78819,67.2855], [7.53856,65.9856], [12.0078,45.0215], [11.9844,46.3853], [7.236,65.6426], [7.49027,65.9308], [7.12852,65.5207], [8.30261,66.8518], [7.18243,65.5819], [7.34105,65.7617], [7.94579,66.4473], [12.5674,56.9754], [9.62303,77.7273], [7.07511,65.4602], [9.58005,72.4008], [7.02592,65.4044], [6.92519,65.2902], [6.87549,65.2339], [6.82625,65.1781], [6.9761,65.3479], [7.17169,65.9968], [12.7525,59.5188], [9.02369,66.4959], [7.70137,66.1702], [9.61112,76.2481], [9.60632,75.6546], [8.30261,66.8518], [8.30262,66.8518], [9.66746,83.2076], [9.12334,70.0766], [8.30261,66.8518], [12.2344,64.9113], [8.30262,66.8518], [28.2226,80.607], [7.80067,66.2827], [8.24691,66.7887], [9.7837,66.1208], [9.58513,73.029], [11.3693,65.3383], [7.89686,66.3918], [8.30261,66.8518], [9.71541,89.1408], [9.67867,84.5846], [7.64702,66.1086], [8.0445,66.5592], [9.69489,86.5778], [8.09353,66.6148], [9.71516,89.1101], [7.84746,66.3358], [9.64407,80.3372], [9.6753,84.1729], [9.71564,89.1699], [12.7633,88.4361], [9.71493,89.0817], [9.71553,89.156], [9.64885,80.9253], [9.71679,89.3118], [9.71559,89.1631], [9.71627,89.2469], [13.0662,88.2827], [10.9305,88.9737], [9.71633,89.2542], [9.87437,89.2743], [12.6911,88.4727], [10.3276,89.1453], [9.71668,89.2974], [9.7151,89.1027], [9.71547,89.1486], [9.71593,89.2051], [9.71685,89.3191], [13.2234,88.2031], [11.4503,88.8258], [9.71529,89.1261], [9.71576,89.1839], [9.66562,82.984], [9.65326,81.4673], [9.63634,79.3833], [12.9875,88.3226], [13.1423,88.2442], [9.64639,80.6216], [83.6041,48.2122], [75.0143,44.232], [77.4288,39.2492], [76.3612,41.4525], [9.71604,89.2187], [9.69104,86.1016], [9.67695,84.3734], [9.65941,82.2202], [9.68207,85.0005], [9.70733,88.1287], [9.71662,89.2899], [9.70068,87.2987], [9.68381,85.2127], [8.30262,66.8518], [9.71644,89.2686], [11.2384,88.8861], [10.785,89.0151], [10.4756,89.1032], [9.65529,81.7146], [9.71498,89.0883], [9.68562,85.4352], [11.0858,88.9295], [9.65103,81.1922], [9.68037,84.7926], [9.59642,74.4304], [9.62951,78.5331], [9.71535,89.1336], [9.71522,89.1178], [9.6015,75.059], [9.65738,81.9714], [9.7161,89.2256], [9.67167,83.7275], [9.7165,89.2757], [9.71598,89.2119], [9.71581,89.1905], [12.8443,88.3951], [11.6919,88.757], [10.0306,89.2298], [9.71621,89.2402], [24.6277,82.4276], [9.7157,89.177], [9.66965,83.4785], [28.7179,80.3561], [9.71656,89.2829], [9.71504,89.0955], [9.71639,89.2614], [9.71674,89.3047], [11.9421,88.6858], [10.1827,89.1865], [12.3392,88.5728], [12.6911,88.4727], [9.71615,89.2325], [9.59105,73.7656], [16.2288,86.6811], [9.68747,85.6616], [9.61677,76.9496], [9.66354,82.7278], [29.199,81.9433], [12.9199,88.3568], [26.1105,81.6767], [30.2334,79.7449], [18.5382,85.5115], [12.6911,88.4727], [29.509,81.2845], [22.8844,83.3105], [29.3062,81.7155], [9.67363,83.9684], [12.6911,88.4727], [29.7471,80.7783], [10.6251,89.0606], [32.8693,84.7782], [37.7477,80.2642], [46.4071,79.8162], [32.9363,85.1762], [35.1235,85.4547], [37.1569,87.2897], [40.4872,77.7893], [52.5193,83.708], [32.9516,85.267], [25.8938,79.0326], [24.4892,89.4768], [8.33943,75.6201], [37.0202,86.808], [23.3922,77.7392], [26.4912,78.805], [13.9308,65.8152], [26.4912,78.805], [26.079,77.6406], [32.9045,84.9875], [36.331,63.7643], [31.2439,91.3183], [21.776,85.0501], [38.8947,79.2279], [35.2879,82.4864], [21.3455,84.9526], [14.8482,67.2398], [23.213,91.2097], [26.4912,78.805], [25.6574,76.4497], [32.8536,84.6855], [8.33943,75.6201], [21.5421,84.9971], [32.8868,84.8822], [22.7407,91.851], [29.9174,91.6075], [22.9778,91.529], [22.8947,86.2885], [22.1034,92.7163], [21.8921,93.0032], [22.1766,92.6169], [21.6645,93.3122], [22.1385,92.6686], [23.7826,87.4432], [21.9274,92.9553], [21.9616,92.9089], [35.9211,90.2985], [37.6717,89.1047], [22.5141,92.1586], [33.0083,85.6037], [21.7466,93.2007], [33.0083,85.6037], [23.4247,90.9222], [21.7077,93.2536], [26.5868,92.3337], [21.9967,92.8612], [21.8237,93.0961], [29.5491,91.6878], [22.0341,92.8104], [24.3457,92.8223], [31.9095,91.1732], [22.217,92.5621], [21.6248,93.3662], [23.8568,90.3354], [26.2127,78.0185], [23.6605,90.602], [24.0952,87.8497], [32.9218,85.0902], [24.6817,89.2154], [24.9085,88.9074], [32.6372,91.0145], [36.9039,86.398], [37.8276,89.6541], [33.0083,85.6037], [36.9321,90.0781], [36.6742,85.588], [52.6812,87.4411], [38.326,79.7417], [26.4912,78.805], [21.7913,93.1401], [37.2768,90.0029], [37.2581,87.6465], [32.9904,85.4973], [37.8887,89.8696], [35.9269,81.9092], [26.4912,78.805], [52.5193,83.708], [52.5193,83.708], [51.5675,69.7081], [39.5079,78.674], [52.5193,83.708], [51.5675,69.7081], [34.1925,83.476], [43.9687,78.2635], [52.5193,83.708], [41.6187,76.7671], [37.0342,90.0558], [52.7563,89.1719], [36.4632,90.1803], [34.9206,90.5167], [33.3152,90.8667], [24.6887,88.6215], [36.5824,90.1543], [28.8495,91.8404], [37.0928,87.0638], [26.4912,78.805], [37.3914,89.978], [37.4364,88.2752], [35.3957,90.4131], [37.5147,88.5512], [36.964,86.6099], [37.6292,89.9261], [36.6067,85.3503], [29.2111,91.7616], [34.2943,90.6532], [36.7958,86.0168], [37.1561,90.0293], [37.5915,88.8221], [34.008,85.5332], [34.6817,83.0341], [36.7381,85.8132], [37.5115,89.9518], [52.778,89.6729], [36.6976,90.1292], [52.7731,89.5601], [52.5193,83.708], [33.7957,90.7619], [52.5193,83.708], [52.5193,83.708], [37.7568,89.8983], [37.7561,89.4022], [52.7872,89.8854], [36.6326,81.2716], [48.3627,68.8341], [52.5193,83.708], [52.5193,83.708], [60.7973,89.8031], [52.5193,83.708], [52.5193,83.708], [52.5193,83.708], [52.5193,83.708], [52.7803,89.7266], [51.5675,69.7081], [37.8887,89.8696], [52.7299,88.562], [52.7273,88.5029], [52.5193,83.708], [52.5193,83.708], [37.8887,89.8696], [52.7322,88.6164], [52.7396,88.7865], [52.7604,89.2664], [52.5193,83.708], [52.7654,89.3813], [60.2083,89.8092], [52.7491,89.0069], [60.7973,89.8031], [60.7973,89.8031], [52.5421,84.2328], [60.4112,89.8071], [52.5193,83.708], [51.5675,69.7081], [52.7754,89.6139], [52.737,88.7263], [52.7348,88.6751], [52.7679,89.441], [52.785,89.8338], [36.8207,90.1024], [52.7419,88.8408], [52.7515,89.0614], [52.5193,83.708], [52.5193,83.708], [52.5193,83.708], [60.7973,89.8031], [60.3755,71.8227], [52.5193,83.708], [52.7159,88.2388], [56.3795,89.8485], [52.7705,89.4992], [52.7825,89.7766], [52.7445,88.8996], [52.7468,88.9532], [52.5193,83.708], [52.7539,89.1167], [52.7628,89.3232], [60.1154,89.8101], [37.3411,87.9393], [52.5193,83.708], [52.6143,85.899], 