{
  "instance_index": 0,
  "birth_iter": 99,
  "death_iter": 101,
  "survival_iters": 2,
  "censored": true,
  "pre_vnd_cost": -1,
  "post_vnd_cost": 491.324,
  "pre_vnd_coords": [[80,20], [72.2877,18.2465], [69.1615,17.5357], [70.6735,17.8795], [74.6912,18.793], [62.3161,15.9794], [59.2672,16.1866], [63.4123,16.2286], [65.6761,16.7433], [67.9241,17.2544], [64.6357,16.5067], [66.8275,17.0051], [56.2904,16.3889], [44.2059,18.6441], [27.791,43.8795], [30.9588,35.2125], [31.1055,49.4488], [31.1055,49.4488], [41.2122,33.2697], [30.9588,35.2125], [11.4251,44.2853], [8.22467,49.3372], [7.95374,41.3382], [30.9588,35.2125], [30.9588,35.2125], [30.9588,35.2125], [30.9588,35.2125], [30.9588,35.2125], [30.079,35.7405], [26.8159,31.3846], [26.8159,31.3846], [11.7477,27.3429], [25.4326,32.356], [26.8159,31.3846], [26.8159,31.3846], [26.8159,31.3846], [26.8159,31.3846], [26.8159,31.3846], [22.8489,33.2141], [11.7477,27.3429], [26.8159,31.3846], [21.4102,14.476], [22.8489,33.2141], [25.4326,32.356], [26.8159,31.3846], [26.8159,31.3846], [26.8159,31.3846], [11.7477,27.3429], [11.7477,27.3429], [11.7477,27.3429], [11.7477,27.3429], [12.5114,20.7674], [11.7477,27.3429], [11.7477,27.3429], [11.7477,27.3429], [12.5114,20.7674], [11.7477,27.3429], [10.1904,40.7469], [11.7477,27.3429], [12.5114,20.7674], [12.5114,20.7674], [11.7477,27.3429], [11.7477,27.3429], [12.5114,20.7674], [12.5114,20.7674], [15.0576,12.8676], [15.0576,12.8676], [13.1268,15.4683], [15.0576,12.8676], [12.5114,20.7674], [13.1268,15.4683], [12.5114,20.7674], [15.0576,12.8676], [11.7477,27.3429], [12.5114,20.7674], [12.5114,20.7674], [12.5114,20.7674], [15.0576,12.8676], [15.0576,12.8676], [13.1268,15.4683], [12.5114,20.7674], [13.1268,15.4683], [15.0576,12.8676], [28.2524,16.2084], [28.2524,16.2084], [28.2524,16.2084], [33.5663,16.96], [28.2524,16.2084], [28.2524,16.2084], [21.4102,14.476], [32.9313,17.3604], [28.2524,16.2084], [28.2524,16.2084], [33.4503,13.8267], [28.2524,16.2084], [34.4272,18.342], [7.37159,44.495], [9.6403,44.2179], [7.01576,41.8964], [9.01195,43.6618], [8.02207,49.2452], [13.4168,45.9822], [9.71112,44.2806], [9.89291,44.4415], [9.82372,44.3803], [8.97459,43.6288], [8.78767,43.4633], [9.04902,43.6946], [9.15769,43.7908], [9.45997,44.0583], [9.0867,43.728], [7.19095,43.1758], [26.4163,47.4991], [19.1197,48.3552], [8.63899,53.7502], [8.17014,50.3264], [8.86438,43.5312], [7.27882,43.8175], [9.3077,43.9236], [9.19232,43.8215], [9.2304,43.8552], [9.67538,44.249], [9.60593,44.1875], [7.10631,42.5577], [9.78551,44.3464], [9.27024,43.8904], [8.74943,43.4295], [9.53213,44.1222], [9.34513,43.9567], [9.12247,43.7596], [9.42219,44.0249], [8.88218,55.5261], [9.74788,44.3131], [8.90124,43.5638], [9.40894,47.481], [9.48924,62.172], [29.2401,50.2707], [9.40894,47.481], [9.40894,47.481], [9.40894,47.481], [9.48924,62.172], [9.48924,62.172], [9.48924,62.172], [9.48924,62.172], [9.48924,62.172], [8.22467,49.3372], [29.2401,50.2707], [29.2401,50.2707], [29.2401,50.2707], [30.079,35.7405], [17.9543,71.6425], [29.2401,50.2707], [29.2401,50.2707], [29.2401,50.2707], [29.2401,50.2707], [29.2401,50.2707], [29.2401,50.2707], [26.4469,47.3526], [29.2401,50.2707], [29.2401,50.2707], [29.2401,50.2707], [29.2401,50.2707], [18.4542,68.3406], [23.6845,71.7681], [18.4542,68.3406], [29.2401,50.2707], [29.2401,50.2707], [29.2401,50.2707], [29.2401,50.2707], [29.2401,50.2707], [29.2401,50.2707], [29.2401,50.2707], [29.2401,50.2707], [30.079,35.7405], [29.2401,50.2707], [26.4469,47.3526], [26.4469,47.3526], [26.4469,47.3526], [22.8489,33.2141], [26.8159,31.3846], [30.9588,35.2125], [30.079,35.7405], [30.079,35.7405], [25.4326,32.356], [29.2401,50.2707], [30.9588,35.2125], [26.4469,47.3526], [26.9096,46.4058], [26.9096,46.4058], [26.9096,46.4058], [26.9096,46.4058], [27.3785,47.1567], [33.1745,66.2594], [27.4857,47.3284], [45.2119,62.2239], [47.5107,40.3735], [27.1382,46.7718], [41.2122,33.2697], [44.8052,54.7426], [46.8165,53.1519], [44.8052,54.7426], [54.753,46.258], [54.753,46.258], [45.9861,62.5762], [51.3353,44.8052], [54.0454,53.7336], [54.0454,53.7336], [51.3266,42.146], [54.753,46.258], [54.0454,53.7336], [44.8052,54.7426], [44.8052,54.7426], [46.8165,53.1519], [46.8165,53.1519], [51.3266,42.146], [51.3353,44.8052], [67.1457,43.5736], [51.3266,42.146], [44.8052,54.7426], [44.8052,54.7426], [51.3266,42.146], [51.3353,44.8052], [54.0454,53.7336], [51.3266,42.146], [46.8165,53.1519], [46.8165,53.1519], [54.0454,53.7336], [45.9861,62.5762], [45.9861,62.5762], [54.0454,53.7336], [46.8165,53.1519], [46.8165,53.1519], [60.581,59.526], [54.0454,53.7336], [54.0454,53.7336], [45.9861,62.5762], [65.014,70.9926], [45.9861,62.5762], [46.8165,53.1519], [46.8165,53.1519], [46.8165,53.1519], [23.6845,71.7681], [23.6845,71.7681], [23.6845,71.7681], [18.4542,68.3406], [28.9241,80.6216], [29.6494,76.1265], [26.2823,76.1577], [26.5146,70.8414], [27.577,70.9922], [22.8954,72.3233], [27.7631,71.1948], [28.1138,71.5767], [27.9301,71.3767], [9.35697,58.9934], [22.5191,72.6033], [23.9964,71.8278], [25.2822,71.3242], [25.7203,71.1526], [25.1662,71.3696], [24.9474,71.4553], [23.7925,71.9076], [28.318,71.7991], [21.2009,74.0958], [28.7863,72.309], [28.539,72.0397], [29.4981,73.0842], [24.2259,71.7379], [23.3848,72.0674], [23.6942,71.9462], [24.7072,71.5494], [22.7036,72.466], [23.5926,71.986], [23.4922,72.0253], [23.0778,72.1876], [9.51314,63.6272], [24.5846,71.5974], [9.58262,70.9368], [26.711,70.7645], [26.3519,70.9052], [24.4713,71.6418], [26.2043,70.963], [9.51024,63.3222], [26.0409,71.027], [22.3612,72.7208], [25.5669,71.2127], [9.53567,65.9967], [23.1784,72.1482], [9.61644,74.4972], [21.004,73.7306], [21.7581,73.1696], [9.15846,57.5437], [21.004,73.7306], [9.68751,81.9822], [9.62606,75.5103], [22.8086,77.0776], [23.2779,72.1092], [25.3861,71.2835], [9.49832,62.0684], [9.6577,78.8417], [9.58628,71.322], [9.66599,79.7157], [9.67443,80.6042], [12.6248,89.1238], [21.9549,73.0231], [9.52509,64.8841], [9.67248,80.3987], [9.6335,76.2932], [9.84256,89.3492], [21.1908,73.5916], [21.3643,73.4626], [9.69132,82.3837], [9.49097,61.2954], [9.56379,68.9548], [23.1031,77.624], [9.63576,76.5317], [9.66817,79.9456], [9.67652,80.8247], [9.59362,72.0942], [9.50433,62.7002], [21.5544,73.3211], [9.48924,62.172], [9.48924,62.172], [22.7183,83.8216], [29.6494,76.1265], [26.2823,76.1577], [26.2823,76.1577], [29.6494,76.1265], [28.9241,80.6216], [28.9241,80.6216], [22.7183,83.8216], [22.7183,83.8216], [38.0728,89.3292], [39.8952,87.6314], [41.1571,90.2426], [21.6422,74.9144], [24.0383,80.6108], [24.0739,80.3258], [24.1057,80.0723], [24.136,79.8296], [24.1655,79.5944], [23.7931,78.9037], [23.601,78.5473], [23.3733,78.1251], [23.2439,77.885], [22.9589,77.3564], [22.6611,76.8042], [22.5079,76.5199], [22.2419,76.0265], [22.0942,75.7527], [21.9349,75.4571], [21.7884,75.1855], [22.3817,76.2859], [21.4172,74.4971], [23.8472,82.1374], [37.3636,85.1933], [41.4935,88.434], [24.7633,88.0071], [23.3805,85.8664], [23.3805,85.8664], [23.3805,85.8664], [23.3805,85.8664], [23.3805,85.8664], [23.3805,85.8664], [11.4782,89.2167], [9.6598,79.063], [9.68313,81.5209], [9.63831,76.8], [9.64741,77.7583], [9.6217,75.0508], [9.6619,79.2841], [9.67034,80.1735], [9.68538,81.7577], [11.0697,89.2497], [10.9694,89.2579], [9.68085,81.2806], [9.70589,83.9178], [9.81733,89.3512], [15.9226,88.8573], [9.71747,85.137], [9.7695,89.3552], [9.66394,79.4998], [10.7699,89.274], [9.82986,89.3502], [9.69636,82.9147], [12.6903,89.1185], [10.8662,89.2662], [10.0967,89.3285], [9.64534,77.5399], [9.79458,89.3531], [9.80573,89.3522], [9.70126,83.4304], [11.1632,89.2422], [9.71144,84.5021], [12.2905,89.1509], [10.3943,89.3044], [13.5346,89.0501], [12.9732,89.0956], [13.6214,89.0431], [12.217,89.1568], [9.92854,89.3421], [9.91646,89.3431], [11.3583,89.2264], [16.4702,88.8131], [12.7649,89.1124], [11.9627,92.0574], [11.9627,92.0574], [11.9627,92.0574], [11.9627,92.0574], [11.9627,92.0574], [13.9338,91.7943], [24.7388,88.0156], [18.5692,90.5286], [16.9979,89.7506], [11.9627,92.0574], [12.0984,89.7577], 