{
  "instance_index": 0,
  "birth_iter": 9,
  "death_iter": 20,
  "survival_iters": 11,
  "censored": false,
  "pre_vnd_cost": -1,
  "post_vnd_cost": 572.277,
  "pre_vnd_coords": [[80,20], [66.451,23.2981], [66.451,23.2981], [66.451,23.2981], [75.1904,2.82919], [75.1904,2.82919], [33.7092,23.8126], [33.7092,23.8126], [29.6509,26.2151], [29.6509,26.2151], [27.6406,39.196], [33.5831,31.9228], [14.2967,20.1348], [19.1367,32.2244], [23.0208,26.5912], [14.2967,20.1348], [33.5831,31.9228], [9.70763,16.2972], [14.2967,20.1348], [23.0208,26.5912], [17.5171,39.1675], [8.15362,39.937], [6.38873,28.5091], [8.15362,39.937], [6.38873,28.5091], [12.935,48.1156], [8.15362,39.937], [12.935,48.1156], [11.6752,50.8948], [15.2817,50.9381], [17.5171,39.1675], [8.15362,39.937], [8.15362,39.937], [-0.995169,35.0961], [-3.71623,31.3226], [6.38873,28.5091], [1.06763,15.6846], [14.2967,20.1348], [19.1367,32.2244], [-3.71623,31.3226], [6.38873,28.5091], [6.38873,28.5091], [14.5419,10.5072], [6.38873,28.5091], [9.70763,16.2972], [14.5419,10.5072], [9.70763,16.2972], [9.70763,16.2972], [14.5419,10.5072], [14.2967,20.1348], [1.06763,15.6846], [14.5419,10.5072], [14.5419,10.5072], [14.5419,10.5072], [14.5419,10.5072], [6.38873,28.5091], [1.06763,15.6846], [1.06763,15.6846], [-3.71623,31.3226], [19.1367,32.2244], [-3.71623,31.3226], [6.38873,28.5091], [6.38873,28.5091], [6.38873,28.5091], [-3.71623,31.3226], [11.6752,50.8948], [-7.01074,59.8886], [11.6752,50.8948], [15.2817,50.9381], [8.15362,39.937], [19.452,55.2292], [5.39909,55.6802], [-7.01074,59.8886], [5.39909,55.6802], [13.2994,58.182], [10.2483,57.2273], [5.39909,55.6802], [8.23856,69.6749], [8.15362,39.937], [-7.01074,59.8886], [5.39909,55.6802], [15.6286,77.9664], [13.2994,58.182], [11.6752,50.8948], [10.2483,57.2273], [8.23856,69.6749], [16.3988,62.3453], [5.39909,55.6802], [12.4605,70.7262], [12.935,48.1156], [16.3988,62.3453], [3.29925,73.9377], [12.935,48.1156], [8.23856,69.6749], [12.4605,70.7262], [2.71961,66.2886], [8.23856,69.6749], [2.71961,66.2886], [5.39909,55.6802], [5.39909,55.6802], [15.2783,54.9114], [5.39909,55.6802], [8.23856,69.6749], [5.39909,55.6802], [2.71961,66.2886], [8.41454,84.4889], [5.39909,55.6802], [-7.01074,59.8886], [2.71961,66.2886], [3.29925,73.9377], [2.71961,66.2886], [3.29925,73.9377], [8.23856,69.6749], [3.29925,73.9377], [2.71961,66.2886], [16.0222,88.8194], [-0.378001,80.2945], [6.70685,73.1027], [3.29925,73.9377], [15.6286,77.9664], [3.58533,88.8301], [9.46176,76.6263], [3.58533,88.8301], [-2.27572,90.6813], [-0.378001,80.2945], [3.58533,88.8301], [3.58533,88.8301], [12.5888,82.507], [-0.378001,80.2945], [2.71961,66.2886], [3.58533,88.8301], [8.41454,84.4889], [3.58533,88.8301], [8.41454,84.4889], [2.71961,66.2886], [3.58533,88.8301], [-0.378001,80.2945], [16.0222,88.8194], [8.41454,84.4889], [16.0222,88.8194], [-6.8745,87.4266], [8.35387,93.0557], [8.35387,93.0557], [12.4563,98.3735], [8.35387,93.0557], [8.35387,93.0557], [20.3414,77.5478], [9.46176,76.6263], [3.29925,73.9377], [8.41454,84.4889], [3.58533,88.8301], [17.3338,93.4239], [3.58533,88.8301], [8.35387,93.0557], [8.41454,84.4889], [16.0222,88.8194], [19.9468,86.336], [6.70685,73.1027], [12.5888,82.507], [8.23856,69.6749], [3.29925,73.9377], [8.41454,84.4889], [15.6286,77.9664], [12.4605,70.7262], [9.46176,76.6263], [9.46176,76.6263], [20.3414,77.5478], [15.6286,77.9664], [8.41454,84.4889], [26.0132,74.4336], [3.29925,73.9377], [8.41454,84.4889], [-2.27572,90.6813], [16.0222,88.8194], [8.41454,84.4889], [8.23856,69.6749], [8.41454,84.4889], [12.5888,82.507], [8.41454,84.4889], [12.4605,70.7262], [9.46176,76.6263], [6.70685,73.1027], [3.58533,88.8301], [3.29925,73.9377], [3.29925,73.9377], [3.29925,73.9377], [6.70685,73.1027], [16.3988,62.3453], [15.6286,77.9664], [15.2783,54.9114], [-0.378001,80.2945], [2.71961,66.2886], [19.452,55.2292], [12.4605,70.7262], [8.23856,69.6749], [8.23856,69.6749], [27.5242,67.8403], [6.70685,73.1027], [9.46176,76.6263], [15.6286,77.9664], [12.4605,70.7262], [19.9468,86.336], [16.3988,62.3453], [16.3988,62.3453], [12.4605,70.7262], [15.2783,54.9114], [16.3988,62.3453], [8.23856,69.6749], [8.23856,69.6749], [9.46176,76.6263], [3.29925,73.9377], [8.23856,69.6749], [10.2483,57.2273], [19.452,55.2292], [25.5582,63.7199], [47.5149,54.0634], [36.8936,56.4929], [43.2109,56.3309], [51.0787,65.5777], [53.4631,41.2908], [47.6075,53.9061], [57.57,50.572], [54.222,30.9884], [41.8209,30.7342], [57.57,50.572], [53.4631,41.2908], [61.5048,50.8946], [47.6075,53.9061], [61.8443,46.1677], [59.6628,59.2024], [59.6628,59.2024], [59.6628,59.2024], [51.0787,65.5777], [44.6329,67.6793], [51.0787,65.5777], [47.6075,53.9061], [51.0787,65.5777], [44.6329,67.6793], [46.2624,63.3564], [41.2922,62.093], [51.0787,65.5777], [51.0787,65.5777], [41.2922,62.093], [44.6329,67.6793], [51.0787,65.5777], [56.8256,53.1566], [47.6075,53.9061], [51.0787,65.5777], [43.2109,56.3309], [51.0787,65.5777], [61.5048,50.8946], [47.6075,53.9061], [38.5984,52.2909], [47.6075,53.9061], [46.2624,63.3564], [46.2624,63.3564], [51.0787,65.5777], [43.2109,56.3309], [43.2109,56.3309], [46.2624,63.3564], [38.5984,52.2909], [27.6406,39.196], [43.2109,56.3309], [36.8816,63.1959], [36.8936,56.4929], [27.6406,39.196], [30.4317,51.8501], [23.7234,50.7737], [23.7234,50.7737], [27.6406,39.196], [27.6406,39.196], [30.4317,51.8501], [48.0407,44.9355], [34.6271,58.7814], [45.3,51.9136], [30.4345,48.2217], [30.4345,48.2217], [32.4364,41.4116], [45.3,51.9136], [46.5616,38.3013], [32.4364,41.4116], [45.3,51.9136], [45.3,51.9136], [32.4364,41.4116], [30.4345,48.2217], [30.4345,48.2217], [45.3,51.9136], [45.3,51.9136], [32.4364,41.4116], [32.4364,41.4116], [30.4345,48.2217], [30.4345,48.2217], [30.4345,48.2217], [30.4345,48.2217], [45.3,51.9136], [45.3,51.9136], [30.4345,48.2217], [30.4345,48.2217], [30.4345,48.2217], [16.3988,62.3453], [19.452,55.2292], [13.2994,58.182], [15.6286,77.9664], [16.3988,62.3453], [10.2483,57.2273], [19.452,55.2292], [11.6752,50.8948], [8.15362,39.937], [13.2994,58.182], [10.2483,57.2273], [5.39909,55.6802], [8.15362,39.937], [15.2783,54.9114], [19.452,55.2292], [25.5582,63.7199], [13.2994,58.182], [27.5242,67.8403], [15.2783,54.9114], [27.5242,67.8403], [23.7234,50.7737], [16.3988,62.3453], [25.5582,63.7199], [16.3988,62.3453], [9.46176,76.6263], [34.6271,58.7814], [16.3988,62.3453], [34.6271,58.7814], [27.8808,56.3936], [26.0132,74.4336], [23.7234,50.7737], [15.6286,77.9664], [26.0132,74.4336], [20.3414,77.5478], [26.0132,74.4336], [16.3988,62.3453], [27.5242,67.8403], [25.5582,63.7199], [29.9659,77.6515], [29.5868,82.2074], [37.9705,70.8405], [27.5242,67.8403], [27.5242,67.8403], [12.4605,70.7262], [29.9659,77.6515], [27.5242,67.8403], [38.3529,75.3423], [20.3414,77.5478], [21.1735,90.1641], [26.0132,74.4336], [29.5868,82.2074], [16.3988,62.3453], [15.6286,77.9664], [19.452,55.2292], [25.5582,63.7199], [20.3414,77.5478], [15.6286,77.9664], [26.0132,74.4336], [39.8405,75.9263], [33.0082,72.2471], [23.4063,49.8626], [31.6947,64.3364], [29.2197,52.8743], [41.4912,64.5076], [41.4912,64.5076], [36.4247,78.8896], [42.5358,70.3841], [40.86,56.301], [50.2381,62.9929], [40.1094,71.8377], [50.2381,62.9929], [41.4912,64.5076], [41.4912,64.5076], [40.1094,71.8377], [58.11,74.3838], [51.3228,80.9956], [42.5358,70.3841], [58.11,74.3838], [50.2381,62.9929], [58.11,74.3838], [51.1432,93.2581], [52.5001,73.1602], [37.1608,82.6794], [51.3228,80.9956], [60.7082,82.9023], [67.6587,73.3959], [63.7853,72.1634], [60.7082,82.9023], [63.7853,72.1634], [49.6599,89.3971], [68.1961,85.7654], [68.1961,85.7654], [60.7082,82.9023], [58.11,74.3838], [63.4491,92.9865], [52.5001,73.1602], [51.3228,80.9956], [58.11,74.3838], [44.0656,84.4295], [52.5825,91.0069], [51.3228,80.9956], [52.5825,91.0069], [51.3228,80.9956], [49.6599,89.3971], [44.0656,84.4295], [46.8131,85.9334], [46.5672,73.2455], [46.5672,73.2455], [46.5672,73.2455], [36.6855,87.832], [51.3228,80.9956], [45.5424,82.7469], [41.4692,88.811], [44.0656,84.4295], [44.0656,84.4295], [36.6855,87.832], [45.5424,