{
  "instance_index": 0,
  "birth_iter": 57,
  "death_iter": 60,
  "survival_iters": 3,
  "censored": false,
  "pre_vnd_cost": -1,
  "post_vnd_cost": 669.67,
  "pre_vnd_coords": [[80,20], [72.6626,7.91058], [66.3338,21.8327], [66.3338,21.8327], [66.3338,21.8327], [66.3338,21.8327], [66.3338,21.8327], [60.9755,35.4746], [79.1894,18.6644], [72.6626,7.91058], [47.697,35.6194], [55.0917,26.5967], [66.3338,21.8327], [55.0917,26.5967], [42.8925,21.5008], [55.0917,26.5967], [44.289,24.6513], [44.289,24.6513], [42.8925,21.5008], [42.8925,21.5008], [34.0832,15.2041], [47.697,35.6194], [32.9099,27.6403], [35.7747,3.77614], [42.8925,21.5008], [35.7747,3.77614], [44.289,24.6513], [42.8925,21.5008], [36.8509,31.8388], [34.0832,15.2041], [34.0832,15.2041], [26.5645,14.964], [35.7747,3.77614], [26.5645,14.964], [26.2889,22.2529], [34.0832,15.2041], [34.0832,15.2041], [42.8925,21.5008], [39.1403,25.4016], [26.5645,14.964], [39.1403,25.4016], [42.8925,21.5008], [42.8925,21.5008], [36.8509,31.8388], [39.1403,25.4016], [36.8509,31.8388], [34.0832,15.2041], [31.7381,29.3559], [26.2889,22.2529], [32.9099,27.6403], [25.886,31.813], [25.886,31.813], [25.886,31.813], [18.5929,45.4277], [25.9323,44.239], [25.886,31.813], [31.7381,29.3559], [32.9099,27.6403], [31.7381,29.3559], [31.7381,29.3559], [31.7381,29.3559], [3.81673,18.118], [18.1165,15.9467], [18.1165,15.9467], [17.3266,2.88411], [17.3266,2.88411], [17.3266,2.88411], [3.81673,18.118], [18.1165,15.9467], [-3.4507,11.2614], [-3.4507,11.2614], [-3.4507,11.2614], [3.81673,18.118], [10.1842,21.7369], [17.3266,2.88411], [3.81673,18.118], [2.7738,30.6226], [3.81673,18.118], [10.1842,21.7369], [18.1165,15.9467], [3.81673,18.118], [18.1165,15.9467], [18.1165,15.9467], [10.1842,21.7369], [20.2623,26.1766], [3.81673,18.118], [20.2623,26.1766], [20.2623,26.1766], [20.2623,26.1766], [32.9099,27.6403], [12.8322,29.3749], [12.6286,23.0983], [13.8427,31.2248], [2.7738,30.6226], [2.7738,30.6226], [12.6286,23.0983], [2.7738,30.6226], [2.7738,30.6226], [2.7738,30.6226], [3.81673,18.118], [10.1842,21.7369], [10.1842,21.7369], [2.7738,30.6226], [10.1842,21.7369], [2.7738,30.6226], [13.346,34.1246], [13.346,34.1246], [10.3138,41.6854], [10.3138,41.6854], [2.49147,45.4947], [12.8322,29.3749], [10.1842,21.7369], [19.4815,52.5366], [0.26846,50.3487], [13.346,34.1246], [0.26846,50.3487], [2.7738,30.6226], [20.1593,56.1249], [18.5929,45.4277], [18.1628,42.2539], [25.886,31.813], [18.1628,42.2539], [19.4815,52.5366], [12.514,57.97], [18.1628,42.2539], [25.886,31.813], [19.4815,52.5366], [2.49147,45.4947], [2.49147,45.4947], [12.8322,29.3749], [19.4815,52.5366], [13.346,34.1246], [2.49147,45.4947], [2.49147,45.4947], [10.3138,41.6854], [2.7738,30.6226], [13.346,34.1246], [8.56122,49.9948], [8.56122,49.9948], [0.26846,50.3487], [10.3138,41.6854], [8.56122,49.9948], [0.26846,50.3487], [8.56122,49.9948], [10.3138,41.6854], [10.3138,41.6854], [5.68805,59.5144], [19.4815,52.5366], [10.3138,41.6854], [27.8022,52.7989], [18.5929,45.4277], [12.514,57.97], [2.49147,45.4947], [8.56122,49.9948], [8.56122,49.9948], [8.56122,49.9948], [8.56122,49.9948], [19.4815,52.5366], [8.56122,49.9948], [8.56122,49.9948], [2.49147,45.4947], [0.26846,50.3487], [8.56122,49.9948], [10.3138,41.6854], [8.56122,49.9948], [2.49147,45.4947], [27.1624,55.3943], [20.9069,56.2017], [12.514,57.97], [20.9069,56.2017], [20.9069,56.2017], [20.6956,49.8742], [19.6423,52.508], [21.8757,48.3002], [22.2815,48.6591], [22.6833,49.0145], [28.5977,67.9051], [37.7458,47.5602], [30.4383,55.8723], [30.4383,55.8723], [30.4383,55.8723], [22.6696,72.3411], [35.2803,50.3811], [24.8685,50.9472], [20.8478,49.4935], [30.4383,55.8723], [23.5272,49.7609], [36.3128,49.2101], [26.3109,52.2228], [36.8357,48.6096], [19.9214,51.81], [37.037,48.3774], [40.6532,44.2053], [20.2954,50.8749], [23.0894,49.3737], [20.1819,51.1586], [21.008,49.0929], [27.4079,53.193], [24.4204,50.5509], [19.7973,52.1204], [23.9752,50.1571], [39.4333,45.6135], [40.0354,44.9184], [37.9984,47.269], [41.041,43.7576], [36.1955,49.3432], [34.7162,51.0209], [32.7454,53.2559], [20.0515,51.4848], [21.3224,48.3067], [35.4316,50.2095], [41.9238,42.7387], [35.8723,49.7097], [39.1192,56.1368], [38.6802,46.4829], [42.3838,42.2078], [39.0369,46.0712], [40.3419,56.0258], [36.6382,48.8372], [35.5715,50.0509], [35.0003,50.6986], [30.4383,55.8723], [38.443,46.7565], [38.9708,46.1475], [28.5026,54.1606], [43.7847,55.7133], [50.1541,55.123], [34.8519,50.8669], [28.5876,67.9086], [35.1338,50.5473], [30.4383,55.8723], [29.7786,55.2887], [29.543,55.0802], [45.538,55.5541], [33.1789,66.2948], [38.8881,59.3832], [44.547,55.644], [38.8258,60.2585], [39.6091,56.0923], [36.5918,62.8639], [38.9593,58.3816], [41.174,55.9503], [30.4383,55.8723], [23.5495,75.2204], [33.1789,66.2948], [38.8518,59.8922], [41.0158,77.6549], [21.2514,78.6672], [33.1789,66.2948], [35.0056,64.4583], [33.1789,66.2948], [37.2541,48.1271], [33.5729,65.8987], [35.3214,64.141], [22.3729,71.3703], [35.9455,63.5136], [38.9086,80.1174], [30.2172,55.6767], [33.9431,65.5265], [35.6356,63.8251], [39.0351,57.3174], [38.9247,58.8679], [36.4389,49.0671], [51.1981,55.0035], [39.0769,56.7309], [52.7578,54.825], [33.1789,66.2948], [47.3071,55.3935], [34.3134,65.1543], [48.9971,55.24], [51.1831,67.2341], [43.0781,55.7774], [52.2436,54.8838], [34.6585,64.8073], [46.705,71.0065], [40.166,78.6481], [41.6125,76.9576], [49.6443,55.1813], [49.5167,55.1929], [53.5997,76.1676], [45.9279,71.9147], [40.4022,78.372], [38.9983,57.8343], [55.9257,53.8862], [55.8829,53.6986], [51.9211,68.8221], [53.5946,54.729], [38.7985,60.6421], [55.7069,52.9278], [56.0538,54.4472], [51.6302,67.5492], [53.5997,76.1676], [52.0731,69.4875], [50.7498,66.9287], [55.9661,54.0633], [54.4426,54.6318], [51.7171,54.9441], [52.9759,40.9625], [53.617,43.7762], [53.6212,43.7944], [52.8519,40.4183], [56.0065,54.2402], [46.0977,37.9207], [55.8369,53.497], [55.1948,50.6849], [49.5808,55.1871], [47.9115,55.3386], [50.6754,55.0633], [55.7929,53.3043], [55.7481,53.1083], [48.4692,55.288], [38.2321,46.9997], [39.3092,45.7568], [39.6949,45.3115], [46.6318,55.4548], [53.2613,42.2151], [37.4861,47.8597], [38.9058,46.2225], [42.8492,41.6705], [40.3414,44.5652], [39.1062,45.9911], [41.458,43.2763], [39.371,45.6854], [39.5002,45.5363], [38.645,46.5236], [39.1756,45.911], [46.3352,37.6466], [53.0275,41.1888], [52.3486,38.2096], [42.2667,55.8511], [52.3486,38.2096], [53.4429,43.0119], [49.1069,37.7344], [50.4036,66.6846], [53.1703,41.8155], [36.0608,49.496], [53.6131,43.759], [46.5793,37.3648], [52.9144,40.6924], [38.8399,46.2985], [50.8792,37.9942], [54.6795,48.4281], [53.5328,43.4063], [53.3522,42.614], [53.0784,41.4122], [52.5378,39.0397], [52.3486,38.2096], [52.6007,39.3156], [52.6635,39.5915], [52.7266,39.8683], [52.7884,40.1397], [52.3486,38.2096], [44.0902,40.2381], [44.4716,39.7978], [43.6976,40.6912], [46.5793,37.3648], [52.4753,38.7654], [43.3079,41.1411], [44.8441,39.3679], [39.2458,45.83], [45.1178,39.052], [45.3944,38.7326], [45.6365,38.4532], [45.8767,38.1759], [39.7561,45.2409], [39.5665,45.4597], [52.3486,38.2096], [52.4116,38.486], [57.4232,88.4037], [57.9335,88.6256], [49.2874,87.9609], [53.5997,76.1676], [54.7477,86.9123], [55.5951,87.3846], [53.2741,74.7426], [52.8541,77.4892], [47.284,70.3299], [51.417,67.399], [52.6724,72.1099], [52.4576,71.1698], [46.3327,71.4416], [51.7754,68.1847], [43.6867,70.5153], [55.5229,77.288], [55.5229,77.288], [55.5229,77.288], [49.723,86.0128], [43.4287,77.7915], [57.3324,82.2796], [57.3324,82.2796], [57.3324,82.2796], [49.723,86.0128], [52.845,71.9302], [43.4287,77.7915], [43.3019,74.4171], [43.4287,77.7915], [49.723,86.0128], [49.723,86.0128], [47.44,78.0122], [47.44,78.0122], [52.845,71.9302], [43.4287,77.7915], [49.723,86.0128], [54.7059,90.0846], [52.845,71.9302], [47.44,78.0122], [52.845,71.9302], [57.3324,82.2796], [55.863,83.4409], [52.845,71.9302], [57.3324,82.2796], [47.44,78.0122], [52.845,71.9302], [47.44,78.0122], [47.44,78.0122], [49.723,86.0128], [55.5229,77.288], [55.863,83.4409], [55.863,