{
  "instance_index": 0,
  "birth_iter": 25,
  "death_iter": 40,
  "survival_iters": 15,
  "censored": false,
  "pre_vnd_cost": -1,
  "post_vnd_cost": 683.96,
  "pre_vnd_coords": [[80,20], [84.3401,15.2891], [84.3401,15.2891], [84.6488,23.2964], [84.3401,15.2891], [84.3401,15.2891], [84.3401,15.2891], [85.4971,45.2966], [85.4971,45.2966], [84.6488,23.2964], [85.4971,45.2966], [85.4971,45.2966], [85.4971,45.2966], [84.6886,62.2707], [84.6886,62.2707], [84.7727,63.0424], [69.1565,48.1732], [84.6886,62.2707], [69.1565,48.1732], [18.8756,90.9179], [20.4553,91.1307], [19.8773,91.0529], [11.3436,85.2586], [20.9676,91.1997], [10.5805,85.0422], [22.6011,91.4198], [10.1182,89.4031], [9.64863,85.8185], [10.5805,85.0422], [10.4756,84.9677], [10.2351,89.754], [10.1629,89.7443], [15.7263,90.4937], [12.6712,90.0821], [10.143,89.5922], [10.5805,85.0422], [14.7634,90.364], [12.3709,90.0417], [11.1321,85.1986], [10.7909,89.8289], [12.0766,90.002], [15.1238,90.4125], [15.5278,90.4669], [10.1989,89.7491], [10.1218,89.4304], [19.3424,90.9808], [14.2584,90.2959], [13.9303,90.2517], [13.5449,90.1998], [10.1147,89.3764], [11.2883,89.8959], [9.55923,85.136], [9.89915,87.731], [10.0558,88.9271], [9.67484,86.0186], [10.1251,89.456], [9.85032,87.3582], [10.151,89.654], [14.9567,90.39], [10.0045,84.6333], [22.1978,91.3655], [26.6647,73.8069], [27.3424,74.1966], [25.067,70.6483], [10.5082,89.7908], [12.4493,76.6991], [27.0192,74.5078], [25.7799,72.0576], [21.3461,91.2507], [12.588,78.3983], [9.49863,84.6734], [11.038,89.8621], [10.1318,89.5073], [10.5805,85.0422], [10.9038,85.1339], [10.1589,89.7143], [15.9522,90.5241], [17.6484,90.7526], [12.6273,78.8793], [10.3733,84.8951], [10.2833,84.8312], [9.90962,84.5659], [9.6388,84.3737], [10.7359,85.0863], [9.53912,84.3029], [10.1549,89.6832], [9.78815,86.8836], [11.9196,64.894], [17.0209,90.6681], [11.9636,68.3605], [9.58607,85.3409], [9.73191,84.4398], [9.94717,88.0976], [12.0098,82.7903], [9.72946,86.4355], [12.4882,77.176], [9.46951,84.451], [12.3258,75.1856], [12.2745,74.557], [10.1389,89.561], [11.5226,89.9274], [10.1354,89.5344], [12.6633,79.32], [10.1285,89.4822], [12.1547,73.0891], [10.0976,84.6993], [10.5805,85.0422], [13.237,90.1583], [9.61543,85.565], [10.5805,85.0422], [16.7561,90.6324], [12.4113,76.2328], [15.3216,90.4391], [12.9624,90.1214], [9.70191,86.2252], [10.1949,84.7685], [9.99661,88.4751], [11.7972,89.9644], [16.2041,90.558], [10.1469,89.6223], [9.75756,86.65], [11.9995,71.1878], [11.9399,66.4869], [12.5026,77.3531], [11.9891,70.3698], [11.9264,65.4269], [11.9286,65.6022], [11.9995,71.1878], [13.3588,53.0767], [11.9242,65.255], [11.9979,71.0614], [11.9341,66.0351], [11.9437,66.7856], [11.992,70.5957], [11.9304,65.7384], [12.0976,72.3897], [11.9833,69.9125], [11.9738,69.1637], [11.9517,67.4224], [11.9128,64.3547], [11.9654,68.5012], [22.3947,64.1896], [11.9705,68.9035], [11.9771,69.421], [29.4229,72.1925], [11.9848,70.0302], [12.3704,75.7321], [11.9785,69.5356], [9.52818,84.8989], [11.9995,71.1878], [20.6883,60.6131], [11.9949,70.8245], [11.9722,69.033], [9.44098,84.2332], [12.2171,73.8537], [11.9907,70.4916], [11.9475,67.0918], [9.81492,84.4987], [11.9802,69.6636], [11.9863,70.1469], [11.9597,68.0516], [17.2202,54.3305], [11.9818,69.7925], [27.7278,73.8253], [21.9721,64.3198], [20.6034,60.9035], [26.2895,73.0651], [29.9502,71.6846], [11.9963,70.9379], [12.4231,76.377], [12.4618,76.8528], [11.9755,69.2942], [11.9568,67.8239], [26.1018,72.694], [15.1976,54.6338], [12.0633,71.9704], [11.9323,65.8935], [29.6711,71.9535], [21.9319,63.1524], [23.3848,67.3216], [33.4902,68.2748], [21.6728,57.2432], [22.0511,64.2955], [21.2959,58.5332], [21.0583,61.8138], [21.8334,56.6935], [22.48,64.1634], [31.4695,61.2496], [22.0168,64.6167], [15.1976,54.6338], [11.9455,66.9325], [20.8368,60.1047], [21.2872,62.1645], [33.8513,59.6615], [11.9617,68.205], [21.5139,62.5119], [25.5303,71.5643], [14.4085,53.9656], [20.9957,59.5607], [20.8102,61.4336], [21.3707,58.277], [30.9012,61.6285], [21.147,59.0429], [30.9012,61.6285], [20.9131,59.8434], [11.9877,70.2572], [22.1319,64.2706], [11.7712,53.1594], [22.2355,65.0491], [22.2401,55.3013], [11.9418,66.6423], [21.9528,64.4902], [11.7801,53.8626], [22.0832,64.7479], [15.1976,54.6338], [11.7815,53.9678], [11.9217,65.0543], [11.7725,53.2589], [15.1976,54.6338], [11.7696,53.034], [11.7776,53.6599], [20.5604,61.0508], [11.9493,67.2266], [11.936,66.1806], [11.9379,66.3334], [11.9995,71.1878], [12.0306,71.5696], [11.7738,53.3628], [21.7441,56.9992], [22.2182,64.244], [11.9493,52.5326], [11.7679,52.8943], [24.8167,38.3792], [49.2912,34.7861], [48.301,36.9764], [47.9634,36.7375], [47.0332,35.712], [48.7201,36.7861], [63.844,42.3671], [60.3621,36.3257], [63.3145,42.6783], [60.7274,44.1987], [59.0042,35.5423], [44.3794,32.7862], [61.4069,43.7994], [56.0364,46.9558], [54.7776,47.6957], [58.3096,35.1416], [50.9748,49.9279], [50.6115,50.0613], [59.7336,35.9631], [49.4534,36.453], [56.8817,46.459], [48.9698,36.6727], [50.9246,49.9463], [50.909,49.952], [49.2912,34.7861], [49.2912,34.7861], [49.2912,34.7861], [49.2912,34.7861], [49.2912,34.7861], [49.2912,34.7861], [49.2912,34.7861], [49.2912,34.7861], [44.4909,38.9233], [49.2912,34.7861], [49.2912,34.7861], [41.9586,32.2229], [41.9586,32.2229], [41.9586,32.2229], [49.2912,34.7861], [41.9586,32.2229], [41.9586,32.2229], [49.2912,34.7861], [49.2912,34.7861], [41.9586,32.2229], [49.2912,34.7861], [41.9586,32.2229], [44.4909,38.9233], [24.7581,38.3409], [21.9972,56.1325], [21.8808,64.3479], [11.7827,54.0657], [11.954,67.6035], [11.7788,53.7578], [27.3925,40.065], [12.0625,52.307], [11.7853,54.2718], [11.806,52.8183], [11.6109,49.3123], [17.744,43.0925], [11.6109,49.3123], [23.6662,91.1181], [19.9932,95.154], [26.3892,94.1711], [19.9932,95.154], [23.6662,91.1181], [13.5196,93.9804], [41.4692,88.811], [22.3146,98.1052], [19.9932,95.154], [26.3892,94.1711], [45.2205,97.0332], [19.9932,95.154], [26.3892,94.1711], [45.2205,97.0332], [45.2205,97.0332], [22.3146,98.1052], [26.3892,94.1711], [13.5196,93.9804], [13.5196,93.9804], [26.3892,94.1711], [13.5196,93.9804], [13.5196,93.9804], [13.5196,93.9804], [13.5196,93.9804], [26.3892,94.1711], [29.8195,86.8526], [36.6855,87.832], [26.3892,94.1711], [26.3892,94.1711], [36.6855,87.832], [26.3892,94.1711], [36.6855,87.832], [29.8195,86.8526], [26.3892,94.1711], [29.8195,86.8526], [23.6662,91.1181], [44.0656,84.4295], [13.5196,93.9804], [26.3892,94.1711], [22.2048,76.7814], [23.6662,91.1181], [31.3544,93.6326], [17.9948,86.5721], [13.5196,93.9804], [26.3892,94.1711], [30.1124,87.7245], [44.0656,84.4295], [36.6855,87.832], [28.4785,82.202], [22.3146,98.1052], [26.3892,94.1711], [31.3544,93.6326], [45.2205,97.0332], [44.0656,84.4295], [42.8589,95.171], [44.0656,84.4295], [29.8195,86.8526], [39.8405,75.9263], [45.2205,97.0332], [39.9067,69.463], [31.3544,93.6326], [28.4785,82.202], [44.0656,84.4295], [36.6855,87.832], [29.8195,86.8526], [44.0656,84.4295], [36.6855,87.832], [45.5424,82.7469], [45.5424,82.7469], [42.8589,95.171], [22.2048,76.7814], [26.3892,94.1711], [40.1094,71.8377], [40.1094,71.8377], [24.1828,74.1066], [24.444,75.9216], [35.5489,59.0526], [23.6662,91.1181], [30.1124,87.7245], [24.444,75.9216], [29.8195,86.8526], [30.1124,87.7245], [39.8405,75.9263], [30.1124,87.7245], [41.4912,64.5076], [35.5489,59.0526], [41.4912,64.5076], [40.1094,71.8377], [36.6855,87.832], [56.9462,84.0045], [58.11,74.3838], [39.9067,69.463], [39.8405,75.9263], [39.9067,69.463], [41.4692,88.811], [39.8405,75.9263], [51.1432,93.2581], [56.9462,84.0045], [49.657,73.3255], [44.0656,84.4295], [51.1432,93.2581], [39.8405,75.9263], [58.11,74.3838], [58.11,74.3838], [49.657,73.3255], [49.657,73.3255], [39.8405,75.9263], [39.9067,69.463], [39.8405,75.9263], [58.11,74.3838], [49.657,73.3255], [62.0662,60.902], [50.2381,62.9929], [62.0662,60.902], [49.657,73.3255], [49.657,73.3255], [58.11,74.3838], [39.8405,75.9263], [45.5424,82.7469], [41.4912,64.5076], [61.3849,61.0165], [62.0662,60.902], [45.8286,60.1436], [61.3849,61.0165], [50.2381,62.9929], 