{
  "instance_index": 0,
  "birth_iter": 28,
  "death_iter": 40,
  "survival_iters": 12,
  "censored": false,
  "pre_vnd_cost": -1,
  "post_vnd_cost": 695.239,
  "pre_vnd_coords": [[80,20], [82.1923,30.006], [34.6188,14.953], [29.5703,17.0983], [29.5703,17.0983], [27.3516,30.7136], [34.6188,14.953], [34.4017,38.5348], [29.5703,17.0983], [29.5703,17.0983], [29.5703,17.0983], [34.6188,14.953], [29.5703,17.0983], [29.5703,17.0983], [29.5703,17.0983], [29.5703,17.0983], [29.5703,17.0983], [24.0603,19.9895], [29.5703,17.0983], [24.0603,19.9895], [24.0603,19.9895], [22.6875,31.2797], [34.4017,38.5348], [24.0603,19.9895], [24.0603,19.9895], [34.6188,14.953], [22.6875,31.2797], [22.6875,31.2797], [22.6875,31.2797], [24.0603,19.9895], [22.6875,31.2797], [27.3516,30.7136], [33.3362,31.8371], [29.5703,17.0983], [34.4017,38.5348], [29.5703,17.0983], [29.8404,30.918], [32.435,39.5608], [16.2662,31.1027], [29.8404,30.918], [14.3375,22.2905], [12.2554,14.8581], [16.2662,31.1027], [16.6508,39.7234], [32.435,39.5608], [16.6508,39.7234], [14.6179,26.2754], [16.6508,39.7234], [20.7643,46.8145], [32.435,39.5608], [29.8404,30.918], [17.9471,56.778], [11.1801,46.333], [11.1801,46.333], [11.1801,46.333], [11.1801,46.333], [10.8578,44.1885], [10.8578,44.1885], [10.8578,44.1885], [12.2967,61.6328], [11.765,44.7369], [10.8578,44.1885], [11.765,44.7369], [11.765,44.7369], [12.2967,61.6328], [10.8578,44.1885], [11.2756,67.4964], [11.2756,67.4964], [11.765,44.7369], [10.8578,44.1885], [10.8578,44.1885], [9.09019,55.897], [12.5967,54.6235], [11.765,44.7369], [9.20324,49.3976], [10.8578,44.1885], [12.2967,61.6328], [10.8578,44.1885], [29.5483,50.6586], [29.066,64.0714], [10.8578,44.1885], [11.765,44.7369], [12.3936,65.5695], [29.066,64.0714], [25.3538,70.0312], [29.5483,50.6586], [29.5483,50.6586], [30.2689,48.9973], [20.7643,46.8145], [20.7643,46.8145], [28.0162,40.0544], [37.2386,50.2082], [16.6508,39.7234], [28.0162,40.0544], [35.5286,42.5374], [37.2386,50.2082], [37.2386,50.2082], [37.2386,50.2082], [20.7643,46.8145], [24.5418,50.509], [37.2386,50.2082], [20.7643,46.8145], [28.0162,40.0544], [17.9471,56.778], [24.5418,50.509], [13.2183,57.0943], [31.5776,64.8284], [37.2386,50.2082], [17.9471,56.778], [40.1218,59.2724], [17.3577,69.6657], [16.6508,39.7234], [28.0162,40.0544], [34.9007,40.8219], [17.9471,56.778], [13.2183,57.0943], [9.20324,49.3976], [10.8578,44.1885], [10.8578,44.1885], [10.8578,44.1885], [10.8578,44.1885], [9.20324,49.3976], [10.8578,44.1885], [10.8578,44.1885], [11.765,44.7369], [11.765,44.7369], [11.765,44.7369], [10.8578,44.1885], [10.8578,44.1885], [10.8578,44.1885], [9.20324,49.3976], [9.20324,49.3976], [10.8578,44.1885], [10.864,23.9973], [10.864,23.9973], [9.20324,49.3976], [11.765,44.7369], [11.765,44.7369], [10.864,23.9973], [11.765,44.7369], [10.8578,44.1885], [10.864,23.9973], [10.864,23.9973], [10.864,23.9973], [10.864,23.9973], [11.9809,15.5173], [11.9809,15.5173], [11.9809,15.5173], [11.9809,15.5173], [11.9809,15.5173], [12.2554,14.8581], [14.3375,22.2905], [12.2554,14.8581], [12.2554,14.8581], [12.2554,14.8581], [12.2554,14.8581], [20.3985,28.913], [20.3985,28.913], [34.4017,38.5348], [11.765,44.7369], [32.0576,41.1568], [34.4814,59.1775], [32.0576,41.1568], [18.0133,36.904], [30.2689,48.9973], [50.3896,46.6784], [30.2689,48.9973], [34.4017,38.5348], [34.4017,38.5348], [34.4017,38.5348], [36.7121,51.6415], [32.0576,41.1568], [32.0576,41.1568], [42.1272,55.1525], [36.7121,51.6415], [30.2689,48.9973], [34.4017,38.5348], [39.7222,43.3274], [18.0133,36.904], [30.2689,48.9973], [34.4017,38.5348], [37.2386,50.2082], [37.2386,50.2082], [48.0301,59.6057], [40.1218,59.2724], [48.0274,59.6066], [48.0274,59.6066], [48.0274,59.6066], [40.1218,59.2724], [48.0301,59.6057], [37.2386,50.2082], [56.148,47.669], [48.0274,59.6066], [40.1218,59.2724], [56.148,47.669], [60.0001,51.0693], [56.148,47.669], [48.0274,59.6066], [50.9003,68.9739], [34.4814,59.1775], [34.4814,59.1775], [50.0205,73.5854], [45.9795,66.4133], [34.4814,59.1775], [45.9795,66.4133], [34.4814,59.1775], [51.7297,48.5361], [60.1447,43.4428], [37.2386,50.2082], [50.9003,68.9739], [34.4814,59.1775], [34.4814,59.1775], [30.2689,48.9973], [34.4814,59.1775], [25.3538,70.0312], [34.4814,59.1775], [34.4814,59.1775], [18.0133,36.904], [10.8578,44.1885], [10.8578,44.1885], [34.4017,38.5348], [10.8578,44.1885], [18.0133,36.904], [30.2689,48.9973], [20.7643,46.8145], [37.2386,50.2082], [37.2386,50.2082], [37.2386,50.2082], [17.9471,56.778], [34.4814,59.1775], [29.066,64.0714], [11.4416,69.0382], [11.4416,69.0382], [11.4416,69.0382], [9.09019,55.897], [11.2756,67.4964], [34.4814,59.1775], [12.3936,65.5695], [11.2756,67.4964], [12.2967,61.6328], [12.2967,61.6328], [11.2756,67.4964], [11.2756,67.4964], [11.4416,69.0382], [11.765,44.7369], [11.2756,67.4964], [10.8578,44.1885], [8.03709,64.0659], [8.03709,64.0659], [11.2756,67.4964], [9.09019,55.897], [12.2967,61.6328], [11.2756,67.4964], [11.765,44.7369], [12.2967,61.6328], [9.09019,55.897], [9.09019,55.897], [7.65395,63.6004], [7.65395,63.6004], [7.65395,63.6004], [7.65395,63.6004], [20.6222,71.7801], [18.752,70.8554], [9.82164,70.2139], [9.82164,70.2139], [7.65395,63.6004], [7.65395,63.6004], [7.65395,63.6004], [7.65395,63.6004], [18.752,70.8554], [7.65395,63.6004], [17.3577,69.6657], [18.752,70.8554], [6.73321,81.9972], [11.2756,67.4964], [11.2756,67.4964], [13.5239,91.5494], [8.23666,88.1756], [8.23666,88.1756], [8.23666,88.1756], [8.23666,88.1756], [8.818,88.4156], [13.5239,91.5494], [8.23666,88.1756], [26.4549,92.33], [8.23666,88.1756], [13.5239,91.5494], [8.818,88.4156], [26.4549,92.33], [8.23666,88.1756], [8.23666,88.1756], [21.3181,89.0936], [10.7191,81.3739], [10.7191,81.3739], [12.4383,94.0527], [10.7191,81.3739], [10.7191,81.3739], [9.82164,70.2139], [10.7191,81.3739], [16.2808,76.2752], [20.6222,71.7801], [20.6222,71.7801], [7.65395,63.6004], [26.3775,79.909], [10.7191,81.3739], [10.7191,81.3739], [20.6222,71.7801], [18.752,70.8554], [25.3538,70.0312], [11.2756,67.4964], [25.3538,70.0312], [11.4416,69.0382], [25.3538,70.0312], [11.2756,67.4964], [26.4384,71.4633], [9.82164,70.2139], [18.752,70.8554], [24.4955,67.9388], [26.4384,71.4633], [18.752,70.8554], [26.4384,71.4633], [24.4955,67.9388], [26.4384,71.4633], [31.5776,64.8284], [18.752,70.8554], [26.4384,71.4633], [25.2668,73.1942], [24.4955,67.9388], [31.5776,64.8284], [34.4814,59.1775], [34.4814,59.1775], [34.4814,59.1775], [34.4814,59.1775], [26.4549,92.33], [26.4549,92.33], [26.4549,92.33], [26.4549,92.33], [21.3181,89.0936], [22.3172,89.9492], [11.2756,67.4964], [9.82164,70.2139], [7.65395,63.6004], [7.65395,63.6004], [7.65395,63.6004], [7.65395,63.6004], [7.65395,63.6004], [7.65395,63.6004], [16.6508,39.7234], [20.7643,46.8145], [20.7643,46.8145], [16.2662,31.1027], [11.765,44.7369], [10.864,23.9973], [14.6179,26.2754], [14.3375,22.2905], [14.6179,26.2754], [14.3375,22.2905], [12.2554,14.8581], [12.2554,14.8581], [16.2662,31.1027], [14.3375,22.2905], [14.6179,26.2754], [14.6179,26.2754], [12.2554,14.8581], [14.3375,22.2905], [14.3375,22.2905], [11.9809,15.5173], [11.9809,15.5173], [16.6508,39.7234], [16.6508,39.7234], [20.7643,46.8145], [16.6508,39.7234], [10.864,23.9973], [10.864,23.9973], [11.765,44.7369], [11.765,44.7369], [37.2386,50.2082], [37.2386,50.2082], [37.2386,50.2082], [31.5776,64.8284], [56.6373,79.9102], [52.7491,89.0069], [67.2568,90.3316], [67.2568,90.3316], [67.2568,90.3316], [67.2568,90.3316], [27.0844,89.6496], [26.4549,92.33], [26.4549,92.33], [26.4549,92.33], [26.4549,92.33], [28.0323,78.7057], [28.0323,78.7057], [26.4549,92.33], [25.3538,70.0312], [28.0323,78.7057], [28.0323,78.7057], [39.0219,85.6487], [26.6808,87.7943], [28.0323,78.7057], [28.0323,78.7057], [28.0323,78.7057], [32.2778,73.0701], [28.0323,78.7057], [28.0323,78.7057], [9.17794,85.2871], [26.4549,92.33], [42.2042,88.5355], [28.4972,91.4763], [36.0343,90.3861], [44.7286,90.5111], [25.0235,82.28], [26.4549,92.33], [26.6808,87.7943], [36.0343,90.3861], [26.6808,87.7943], [26.6808,87.7943], [26.4549,92.33],