{
  "instance_index": 0,
  "birth_iter": 59,
  "death_iter": 60,
  "survival_iters": 1,
  "censored": false,
  "pre_vnd_cost": -1,
  "post_vnd_cost": 571.665,
  "pre_vnd_coords": [[80,20], [85.2846,8.66076], [85.2846,8.66076], [94.0202,20.0407], [85.2846,8.66076], [62.942,7.55175], [62.942,7.55175], [58.7708,17.7767], [62.942,7.55175], [63.7586,29.6352], [58.7708,17.7767], [63.7586,29.6352], [63.7586,29.6352], [63.7586,29.6352], [62.942,7.55175], [63.7586,29.6352], [58.7708,17.7767], [58.7708,17.7767], [31.9122,10.846], [33.7576,0.852798], [31.2983,16.77], [33.7576,0.852798], [33.3394,27.8872], [33.3394,27.8872], [33.3394,27.8872], [33.3394,27.8872], [41.969,24.8466], [41.969,24.8466], [41.969,24.8466], [31.2983,16.77], [41.969,24.8466], [41.969,24.8466], [41.969,24.8466], [31.2983,16.77], [32.2552,26.5517], [31.2983,16.77], [31.2983,16.77], [41.969,24.8466], [31.2983,16.77], [32.2552,26.5517], [18.9567,21.6721], [18.9567,21.6721], [18.9567,21.6721], [18.9567,21.6721], [18.9567,21.6721], [31.9122,10.846], [24.3636,20.1199], [24.3636,20.1199], [24.3636,20.1199], [24.3636,20.1199], [24.3636,20.1199], [31.9122,10.846], [18.554,22.4678], [16.891,26.1325], [16.891,26.1325], [8.1745,23.3764], [16.891,26.1325], [16.891,26.1325], [16.891,26.1325], [16.891,26.1325], [16.891,26.1325], [16.891,26.1325], [16.891,26.1325], [18.554,22.4678], [12.7942,16.859], [2.73844,29.2776], [12.7942,16.859], [12.7942,16.859], [12.7942,16.859], [12.7942,16.859], [12.7942,16.859], [12.7942,16.859], [12.7942,16.859], [12.7942,16.859], [12.7942,16.859], [12.7942,16.859], [12.7942,16.859], [19.6279,10.2501], [19.6279,10.2501], [-4.52216,7.32657], [19.6279,10.2501], [8.1745,23.3764], [8.1745,23.3764], [8.1745,23.3764], [8.1745,23.3764], [8.1745,23.3764], [8.1745,23.3764], [8.1745,23.3764], [-4.32423,29.4656], [-4.52216,7.32657], [-4.52216,7.32657], [-4.32423,29.4656], [-4.32423,29.4656], [13.6456,35.4617], [7.9807,32.0974], [7.9807,32.0974], [7.9807,32.0974], [7.9807,32.0974], [13.6456,35.4617], [2.73844,29.2776], [3.71704,38.6738], [17.5123,59.1469], [22.4128,46.7887], [3.71704,38.6738], [2.73844,29.2776], [13.6456,35.4617], [17.8313,41.5898], [7.65565,49.7392], [7.05834,43.7945], [7.05834,43.7945], [7.05834,43.7945], [7.05834,43.7945], [7.05834,43.7945], [12.4078,38.7061], [12.4078,38.7061], [12.4078,38.7061], [12.4078,38.7061], [12.4078,38.7061], [12.4078,38.7061], [12.4078,38.7061], [3.71704,38.6738], [3.71704,38.6738], [3.71704,38.6738], [3.71704,38.6738], [17.1006,47.2027], [-0.937564,56.511], [-0.937564,56.511], [9.89043,57.2009], [-0.937564,56.511], [17.8313,41.5898], [-0.937564,56.511], [3.71704,38.6738], [-0.937564,56.511], [-0.937564,56.511], [-0.937564,56.511], [9.89043,57.2009], [7.65565,49.7392], [18.9823,55.026], [5.23297,71.7698], [17.5123,59.1469], [19.7429,68.5136], [9.89043,57.2009], [9.89043,57.2009], [9.89043,57.2009], [7.65565,49.7392], [-0.937564,56.511], [29.8129,61.0556], [4.46644,61.588], [4.46644,61.588], [9.89043,57.2009], [9.89043,57.2009], [4.46644,61.588], [2.20254,80.962], [2.20254,80.962], [2.20254,80.962], [5.23297,71.7698], [5.23297,71.7698], [5.23297,71.7698], [5.23297,71.7698], [5.23297,71.7698], [5.23297,71.7698], [5.23297,71.7698], [5.23297,71.7698], [16.5445,68.7821], [5.23297,71.7698], [5.23297,71.7698], [5.23297,71.7698], [5.23297,71.7698], [8.13089,65.2458], [5.23297,71.7698], [5.23297,71.7698], [5.23297,71.7698], [5.23297,71.7698], [5.23297,71.7698], [5.23297,71.7698], [4.46644,61.588], [4.46644,61.588], [4.46644,61.588], [4.46644,61.588], [8.13089,65.2458], [8.13089,65.2458], [16.5445,68.7821], [10.3182,80.4502], [5.23297,71.7698], [19.8295,82.0412], [16.5445,68.7821], [10.3182,80.4502], [10.3182,80.4502], [10.3182,80.4502], [20.1359,79.4133], [16.5445,68.7821], [16.5445,68.7821], [19.8295,82.0412], [10.3182,80.4502], [25.3871,81.6984], [10.3182,80.4502], [2.20254,80.962], [10.7082,82.6795], [10.3182,80.4502], [2.20254,80.962], [2.20254,80.962], [2.20254,80.962], [-5.7237,85.4033], [10.3182,80.4502], [15.5963,81.5431], [10.7082,82.6795], [10.7082,82.6795], [10.7082,82.6795], [4.002,93.1097], [17.1385,70.6601], [10.3182,80.4502], [19.9411,87.684], [10.3182,80.4502], [2.20254,80.962], [10.3182,80.4502], [10.7082,82.6795], [10.7082,82.6795], [10.3182,80.4502], [2.20254,80.962], [16.5445,68.7821], [2.20254,80.962], [-5.7237,85.4033], [2.20254,80.962], [2.20254,80.962], [-5.7237,85.4033], [-5.7237,85.4033], [-5.7237,85.4033], [-5.7237,85.4033], [-5.7237,85.4033], [15.5963,81.5431], [10.7082,82.6795], [10.7082,82.6795], [10.7082,82.6795], [10.7082,82.6795], [10.7082,82.6795], [2.20254,80.962], [20.1359,79.4133], [2.20254,80.962], [4.002,93.1097], [4.002,93.1097], [4.002,93.1097], [4.002,93.1097], [4.002,93.1097], [4.002,93.1097], [10.7082,82.6795], [9.87812,87.5271], [9.89004,87.6949], [9.90202,87.8635], [9.91399,88.032], [23.9644,90.2029], [22.7807,81.9048], [23.3408,79.2752], [23.4985,83.7297], [33.0548,78.9273], [17.696,89.9354], [23.9676,84.9223], [18.6098,89.9743], [23.0237,80.7636], [19.5183,90.0129], [16.6855,89.8923], [15.7439,89.8523], [33.3643,88.9891], [33.8777,90.7649], [25.8077,89.6003], [25.7947,89.5674], [25.7809,89.5323], [25.7669,89.4967], [33.3524,88.9481], [36.7495,93.0517], [33.4766,94.0977], [23.2621,83.1286], [23.7361,84.3337], [22.5725,67.6706], [34.6234,76.4073], [25.6519,89.2043], [20.186,68.3898], [19.4867,68.1926], [17.88,63.2965], [24.1823,85.4679], [25.2723,70.2095], [17.6354,64.6956], [23.0185,82.5096], [17.9714,62.7735], [25.4565,69.3446], [17.6848,64.413], [25.1175,70.9358], [21.4232,68.5603], [24.4043,86.0322], [4.002,93.1097], [4.002,93.1097], [4.002,93.1097], [4.002,93.1097], [10.0055,89.3203], [26.0672,90.2598], [26.0552,90.2293], [26.0432,90.1988], [26.031,90.1679], [26.019,90.1373], [26.0073,90.1075], [25.9952,90.077], [25.9837,90.0476], [25.9718,90.0174], [25.9597,89.9866], [25.9481,89.9572], [25.9365,89.9276], [25.822,89.6367], [25.9124,89.8665], [25.9003,89.8358], [25.8877,89.8038], [33.6869,90.1048], [33.7817,90.4327], [25.836,89.6722], [25.5953,89.0604], [33.2105,88.4571], [33.2205,88.4919], [33.2314,88.5293], [33.2419,88.5659], [33.2524,88.6021], [33.2624,88.6369], [33.2728,88.6727], [33.2003,88.4218], [32.5591,86.2054], [33.1548,88.2646], [33.1663,88.3042], [33.1772,88.3421], [23.4398,78.8102], [31.8753,83.8418], [33.2954,88.7508], [33.3068,88.7902], [33.3185,88.8307], [33.3307,88.873], [33.284,88.7116], [25.8615,89.737], [33.3416,88.9108], [39.977,76.4227], [39.4242,76.4211], [39.1685,76.4203], [38.9181,76.4196], [31.8654,83.8077], [42.4667,76.4295], [38.4089,76.4181], [36.9353,63.328], [38.1692,76.4173], [43.2944,59.6739], [37.9413,76.4167], [49.2923,76.1674], [37.7062,76.416], [36.1311,76.4114], [45.3963,58.1172], [37.261,63.1934], [37.4726,76.4153], [37.2504,76.4146], [38.6672,76.4188], [31.8129,83.6279], [31.8234,83.6636], [31.8344,83.7016], [31.845,83.7378], [36.7686,63.3969], [31.8555,83.7738], [31.8129,83.6279], [48.5011,76.2918], [31.8752,80.8213], [23.7463,77.3717], [32.8059,79.3268], [24.9791,71.5855], [24.703,72.8812], [23.8139,66.7097], [17.4649,65.6711], [26.2776,65.4883], [22.118,68.0224], [24.8405,72.2359], [33.1768,64.8809], [24.6549,86.6693], [17.2674,67.5667], [33.8277,62.1325], [20.9452,68.6039], [18.0158,62.5196], [18.6375,58.9629], [31.2144,81.8823], [31.2806,82.0754], [32.669,79.5466], [21.7044,68.3426], [40.5216,76.4242], [21.2542,68.6911], [23.5411,78.3353], [24.4278,74.1729], [18.1505,61.7488], [24.6712,66.0461], [31.4172,82.4736], [32.9341,79.1211], [17.5893,64.9593], [24.5654,73.5269], [24.2684,66.3579], [31.5427,82.8398], [24.1426,75.5112], [23.459,66.9844], [34.3991,64.3759], [24.2956,74.7931], [51.0209,75.8955], [17.7374,64.112], [25.7546,65.2074], [32.5306,79.7689], [34.1818,64.4657], [31.6753,83.2263], [25.4035,65.4792], [40.9955,61.0151], [43.2944,59.6739], [26.1104,64.9321], [35.2444,64.0266], [26.0849,66.3928], [34.6267,58.7582], [37.8954,49.7904], [34.5977,58.8807], [18.7284,58.4433], [19.6011,53.4516], [17.8343,63.5579], [19.3572,54.8465], [19.138,56.1002], 