{
  "instance_index": 0,
  "birth_iter": 10,
  "death_iter": 10,
  "survival_iters": 0,
  "censored": false,
  "pre_vnd_cost": -1,
  "post_vnd_cost": 879.093,
  "pre_vnd_coords": [[80,20], [58.5257,19.7923], [58.5257,19.7923], [67.5971,11.2191], [58.5257,19.7923], [61.0962,29.6031], [58.5257,19.7923], [61.0962,29.6031], [58.5257,19.7923], [61.0962,29.6031], [58.5257,19.7923], [42.8144,22.248], [58.5257,19.7923], [67.5971,11.2191], [67.5971,11.2191], [67.5971,11.2191], [43.1938,8.00729], [58.5257,19.7923], [43.1938,8.00729], [42.8144,22.248], [43.1938,8.00729], [43.1938,8.00729], [24.9576,24.0985], [32.387,19.9867], [32.387,19.9867], [43.1938,8.00729], [42.8144,22.248], [42.8144,22.248], [43.1938,8.00729], [38.219,31.1521], [43.9208,31.37], [28.3256,27.0213], [43.9208,31.37], [43.9208,31.37], [33.5332,38.6202], [43.9208,31.37], [61.0962,29.6031], [50.8375,36.7091], [55.9169,40.2152], [31.6673,47.7646], [33.5332,38.6202], [38.219,31.1521], [42.8144,22.248], [38.219,31.1521], [38.219,31.1521], [21.6044,18.6033], [43.1938,8.00729], [42.8144,22.248], [33.5332,38.6202], [32.387,19.9867], [23.6846,35.7165], [32.387,19.9867], [29.2344,21.4129], [33.5332,38.6202], [30.3857,30.09], [32.387,19.9867], [42.8144,22.248], [32.387,19.9867], [38.219,31.1521], [21.6044,18.6033], [21.6044,18.6033], [6.25173,5.61383], [21.6044,18.6033], [21.6044,18.6033], [-0.984617,8.65158], [21.6044,18.6033], [6.25173,5.61383], [-0.984617,8.65158], [-0.984617,8.65158], [-0.984617,8.65158], [-0.984617,8.65158], [3.50047,19.5707], [11.6488,19.3621], [3.50047,19.5707], [21.6044,18.6033], [3.50047,19.5707], [11.6488,19.3621], [7.65696,31.4869], [6.25173,5.61383], [29.2344,21.4129], [28.3256,27.0213], [21.6044,18.6033], [29.2344,21.4129], [24.9576,24.0985], [3.50047,19.5707], [8.25985,43.8811], [11.6488,19.3621], [3.50047,19.5707], [11.6488,19.3621], [11.6488,19.3621], [3.50047,19.5707], [-0.984617,8.65158], [3.50047,19.5707], [3.50047,19.5707], [1.25059,39.5411], [3.50047,19.5707], [6.47596,21.674], [9.08476,49.0717], [6.47596,21.674], [8.66257,32.9913], [8.66257,32.9913], [8.66257,32.9913], [6.70475,36.8263], [12.7832,33.3312], [26.0968,35.7614], [22.263,40.424], [22.263,40.424], [26.0968,35.7614], [50.306,36.9684], [22.263,40.424], [8.66257,32.9913], [12.7832,33.3312], [8.66257,32.9913], [12.7832,33.3312], [6.70475,36.8263], [6.70475,36.8263], [9.08476,49.0717], [25.758,41.2047], [6.70475,36.8263], [15.5567,53.4767], [6.70475,36.8263], [9.08476,49.0717], [9.08476,49.0717], [12.7832,33.3312], [9.08476,49.0717], [9.08476,49.0717], [-3.61994,37.6291], [9.08476,49.0717], [-3.61994,37.6291], [12.7832,33.3312], [8.71609,45.3965], [8.66257,32.9913], [9.08476,49.0717], [9.08476,49.0717], [9.08476,49.0717], [-2.47161,51.2456], [9.08476,49.0717], [-2.47161,51.2456], [9.08476,49.0717], [16.7053,56.6604], [-2.47161,51.2456], [-3.61994,37.6291], [-2.47161,51.2456], [19.0599,59.4888], [15.4807,71.2233], [-2.47161,51.2456], [7.91331,57.0099], [-2.47161,51.2456], [7.91331,57.0099], [12.7284,69.424], [4.21809,78.4256], [4.21809,78.4256], [7.91331,57.0099], [12.7284,69.424], [15.4807,71.2233], [12.7284,69.424], [4.21809,78.4256], [12.7284,69.424], [9.60696,85.97], [4.21809,78.4256], [9.60696,85.97], [9.60696,85.97], [9.60696,85.97], [9.60696,85.97], [9.60696,85.97], [4.21809,78.4256], [9.60696,85.97], [16.5207,85.3053], [16.5207,85.3053], [16.5207,85.3053], [16.5207,85.3053], [16.5207,85.3053], [16.5207,85.3053], [16.5207,85.3053], [29.6025,87.022], [29.6025,87.022], [29.6025,87.022], [29.6025,87.022], [41.5604,93.1149], [48.1266,80.9298], [57.1724,93.112], [49.9984,90.8408], [57.1724,93.112], [40.3873,75.1028], [49.9984,90.8408], [49.9984,90.8408], [46.9127,72.8548], [40.9401,80.1523], [46.9127,72.8548], [48.1266,80.9298], [49.9984,90.8408], [54.8081,82.2455], [61.2421,89.9749], [46.6169,84.3975], [49.549,67.3498], [34.0614,78.0389], [40.3873,75.1028], [40.3873,75.1028], [49.549,67.3498], [43.3033,67.9951], [41.8926,58.9249], [30.2205,82.4532], [30.2205,82.4532], [39.9845,64.4106], [40.3873,75.1028], [30.2205,82.4532], [30.2205,82.4532], [40.3873,75.1028], [30.2205,82.4532], [32.7258,69.9413], [34.2839,85.2102], [34.0614,78.0389], [30.2205,82.4532], [16.8066,62.668], [17.7471,70.7077], [32.7258,69.9413], [23.7001,63.4006], [26.6143,73.0233], [30.2205,82.4532], [26.6143,73.0233], [34.0614,78.0389], [40.9401,80.1523], [22.8802,69.1229], [41.8926,58.9249], [16.8066,62.668], [30.2205,82.4532], [46.6169,84.3975], [34.0614,78.0389], [46.9127,72.8548], [39.9845,64.4106], [51.0378,72.8148], [46.9127,72.8548], [40.9401,80.1523], [33.965,65.0225], [60.4936,68.4262], [55.5349,75.8754], [33.2193,61.0242], [55.2521,70.7037], [49.549,67.3498], [55.5349,75.8754], [60.4936,68.4262], [39.9845,64.4106], [51.0378,72.8148], [55.5349,75.8754], [48.1266,80.9298], [62.0907,80.6309], [54.8081,82.2455], [69.052,65.2425], [62.0907,80.6309], [55.2521,70.7037], [51.0378,72.8148], [49.9984,90.8408], [49.9984,90.8408], [46.6169,84.3975], [55.5349,75.8754], [61.2421,89.9749], [49.9984,90.8408], [50.4845,83.2054], [62.0932,77.3027], [40.3873,75.1028], [46.9127,72.8548], [62.0932,77.3027], [61.2421,89.9749], [48.1266,80.9298], [54.8081,82.2455], [62.0907,80.6309], [61.2421,89.9749], [50.4845,83.2054], [54.8081,82.2455], [54.8081,82.2455], [58.8125,62.9417], [62.0907,80.6309], [55.5349,75.8754], [67.5628,72.7715], [55.2521,70.7037], [62.0932,77.3027], [55.2521,70.7037], [46.7822,60.517], [58.8125,62.9417], [60.4936,68.4262], [63.8138,54.9187], [46.7822,60.517], [69.052,65.2425], [58.8125,62.9417], [55.2521,70.7037], [54.8081,82.2455], [51.5928,55.8108], [46.7822,60.517], [39.9845,64.4106], [54.8081,82.2455], [51.0378,72.8148], [40.3873,75.1028], [46.9127,72.8548], [41.8926,58.9249], [33.965,65.0225], [51.5928,55.8108], [41.8926,58.9249], [33.965,65.0225], [43.3033,67.9951], [33.965,65.0225], [39.9845,64.4106], [48.8468,51.6544], [31.6673,47.7646], [43.3033,67.9951], [46.7822,60.517], [39.9845,64.4106], [48.8468,51.6544], [49.2523,55.312], [51.5928,55.8108], [39.9845,64.4106], [55.2521,70.7037], [41.8926,58.9249], [45.1354,49.4689], [46.7822,60.517], [55.5349,75.8754], [46.7822,60.517], [46.7822,60.517], [60.4936,68.4262], [58.8125,62.9417], [48.8468,51.6544], [58.8125,62.9417], [55.2521,70.7037], [67.5628,72.7715], [76.4392,63.6892], [76.4392,63.6892], [63.8138,54.9187], [78.8428,61.8649], [69.052,65.2425], [49.549,67.3498], [51.5928,55.8108], [67.0932,45.4106], [58.8125,62.9417], [45.1354,49.4689], [55.2521,70.7037], [51.5928,55.8108], [46.2463,51.0751], [60.4936,68.4262], [48.8468,51.6544], [46.2463,51.0751], [66.8084,50.8502], [36.8177,45.6265], [66.8084,50.8502], [70.1956,44.6497], [58.8125,62.9417], [46.2463,51.0751], [63.8138,54.9187], [70.1956,44.6497], [72.6216,51.8969], [67.0932,45.4106], [70.1956,44.6497], [70.1956,44.6497], [79.7972,37.9972], [76.2143,56.8013], [72.6216,51.8969], [69.052,65.2425], [71.284,66.8623], [71.284,66.8623], [72.9676,68.1303], [77.5314,64.7561], [72.9676,68.1303], [72.9676,68.1303], [72.9676,68.1303], [77.5314,64.7561], [71.1109,59.8693], [58.9302,42.0336], [50.306,36.9684], [50.306,36.9684], [50.306,36.9684], [61.2667,47.9448], [46.8306,39.199], [50.306,36.9684], [46.9173,46.7872], [51.7435,48.4941], [46.9173,46.7872], [46.9173,46.7872], [46.9173,46.7872], [28.251,49.09], [46.8306,39.199], [33.4651,33.6521], [33.4651,33.6521], [33.4651,33.6521], [33.4651,33.6521], [32.8342,42.4472], [33.4651,33.6521], [29.4569,53.1301], [33.4651,33.6521], [46.9173,46.7872], [29.4569,53.1301], [33.4651,33.6521], [22.263,40.424], [26.0968,35.7614], [33.4651,33.6521], [33.4651,33.6521], [50.306,36.9684], [50.306,36.9684], [46.9173,46.7872], [33.4651,33.6521], [50.306,36.9684], [46.8306,39.199], [22.263,40.424], [6.70475,36.8263], [12.1766,52.6951], [12.1766,52.6951], [15.9844,48.8491], [12.1766,52.6951], [19.0553,42.0903], [19.0553,42.0903], [12.1766,52.6951], [12.1766,52.6951], [12.1766,52.6951], [12.1766,52.6951], [15.9844,48.8491], [12.1766,52.6951], [19.0553,42.0903], [15.9844,48.8491], [15.9844,48.8491], 