{
  "instance_index": 0,
  "birth_iter": 20,
  "death_iter": 20,
  "survival_iters": 0,
  "censored": false,
  "pre_vnd_cost": -1,
  "post_vnd_cost": 761.215,
  "pre_vnd_coords": [[80,20], [66.7038,21.1859], [64.4229,1.32715], [78.5944,24.2772], [64.4229,1.32715], [64.4229,1.32715], [66.7038,21.1859], [59.2708,15.2246], [56.3814,32.8251], [59.2708,15.2246], [66.7038,21.1859], [43.2635,17.3276], [56.3814,32.8251], [47.8768,34.28], [66.7038,21.1859], [48.6662,25.0774], [38.7591,18.7704], [30.0923,28.884], [38.7591,18.7704], [30.0923,28.884], [36.8561,32.7867], [30.0923,28.884], [35.9372,11.6877], [38.7591,18.7704], [38.7591,18.7704], [38.7591,18.7704], [43.2635,17.3276], [17.7566,22.4298], [36.8561,32.7867], [35.9372,11.6877], [35.9372,11.6877], [43.2635,17.3276], [43.2635,17.3276], [20.6542,5.35375], [35.9372,11.6877], [20.6542,5.35375], [16.2989,24.4765], [30.0923,28.884], [38.7591,18.7704], [22.029,18.1408], [20.6542,5.35375], [17.7566,22.4298], [17.7566,22.4298], [16.2989,24.4765], [17.7566,22.4298], [8.27097,16.8012], [16.2989,24.4765], [8.27097,16.8012], [10.9904,32.7113], [16.2989,24.4765], [16.2989,24.4765], [8.27097,16.8012], [-0.245351,19.6129], [8.27097,16.8012], [8.27097,16.8012], [8.27097,16.8012], [-0.446972,27.961], [8.27097,16.8012], [8.27097,16.8012], [8.27097,16.8012], [-0.245351,19.6129], [-0.245351,19.6129], [-0.245351,19.6129], [8.27097,16.8012], [5.63873,40.6453], [10.9904,32.7113], [5.63873,40.6453], [-0.245351,19.6129], [5.63873,40.6453], [16.0415,41.5962], [10.9904,32.7113], [9.89608,27.4161], [16.0415,41.5962], [-0.446972,27.961], [10.9904,32.7113], [2.2209,48.0684], [5.63873,40.6453], [9.5565,44.9823], [16.0415,41.5962], [5.63873,40.6453], [9.5565,44.9823], [10.9904,32.7113], [10.9904,32.7113], [16.0415,41.5962], [10.9904,32.7113], [5.63873,40.6453], [23.6795,36.2145], [-0.446972,27.961], [23.6795,36.2145], [9.89608,27.4161], [16.2989,24.4765], [10.9904,32.7113], [17.7566,22.4298], [30.0923,28.884], [-0.446972,27.961], [8.27097,16.8012], [22.029,18.1408], [22.6217,47.1425], [31.2018,38.7458], [38.7591,18.7704], [22.029,18.1408], [17.7566,22.4298], [22.029,18.1408], [38.7591,18.7704], [16.2989,24.4765], [30.0923,28.884], [17.7566,22.4298], [30.0923,28.884], [30.0923,28.884], [16.2989,24.4765], [17.7566,22.4298], [19.9247,38.7943], [23.6795,36.2145], [16.6654,39.321], [22.029,18.1408], [31.2018,38.7458], [23.6795,36.2145], [22.6217,47.1425], [39.0743,46.2305], [23.6795,36.2145], [22.6217,47.1425], [19.6184,52.4164], [9.5565,44.9823], [36.8561,32.7867], [37.7345,49.1521], [23.6795,36.2145], [10.986,50.0022], [26.4172,47.4168], [17.645,47.9422], [17.645,47.9422], [26.9547,49.0991], [33.3474,50.9413], [38.6516,40.2968], [24.0649,71.7845], [22.9458,46.6481], [26.2003,46.7378], [27.6481,51.2698], [27.584,51.069], [21.5546,63.1597], [22.0253,63.0191], [27.7711,51.6548], [20.5843,63.4495], [27.1474,49.7024], [31.3182,51.3433], [17.645,47.9422], [26.1162,46.4743], [10.8457,51.3648], [22.9348,62.7475], [17.645,47.9422], [24.568,46.2522], [10.6105,53.6486], [9.73749,62.1253], [9.97537,59.8153], [10.6457,53.3067], [9.88776,60.6661], [10.986,50.0022], [9.93513,60.206], [13.4344,49.2447], [10.9593,50.2619], [17.645,47.9422], [17.645,47.9422], [10.9059,50.7801], [10.5415,54.3176], [17.645,47.9422], [10.986,50.0022], [10.986,50.0022], [30.0699,37.1532], [10.8154,51.6587], [17.645,47.9422], [17.645,47.9422], [17.645,47.9422], [10.7844,51.9593], [10.9337,50.5104], [10.8755,51.0755], [10.7492,52.3018], [10.986,50.0022], [10.986,50.0022], [17.645,47.9422], [10.6797,52.9757], [10.4366,55.3366], [11.9656,65.6751], [10.986,50.0022], [17.645,47.9422], [10.3785,55.9012], [10.1932,57.7005], [9.70304,62.4598], [19.6286,63.7349], [10.986,50.0022], [10.7158,52.6261], [10.4728,54.9851], [9.6167,63.2982], [29.1742,52.4389], [26.6082,52.783], [39.8057,71.1168], [37.7345,49.1521], [33.112,55.2508], [41.4929,50.8603], [49.5832,44.079], [41.4929,50.8603], [26.6082,52.783], [49.5832,44.079], [37.7345,49.1521], [44.1557,57.0785], [44.1557,57.0785], [56.206,43.5056], [53.682,61.8237], [41.4929,50.8603], [63.2512,56.0016], [63.2512,56.0016], [36.8561,32.7867], [56.206,43.5056], [49.5832,44.079], [61.4243,48.2069], [47.8768,34.28], [47.8768,34.28], [49.5832,44.079], [54.6587,37.2184], [63.589,46.1762], [54.6587,37.2184], [54.6587,37.2184], [48.6662,25.0774], [56.206,43.5056], [54.6587,37.2184], [63.589,46.1762], [59.2708,15.2246], [63.589,46.1762], [56.3814,32.8251], [48.6662,25.0774], [54.6587,37.2184], [56.3814,32.8251], [54.6587,37.2184], [49.5832,44.079], [49.5832,44.079], [56.206,43.5056], [61.4243,48.2069], [47.8768,34.28], [54.6587,37.2184], [56.206,43.5056], [56.206,43.5056], [54.6587,37.2184], [48.6662,25.0774], [48.6662,25.0774], [48.6662,25.0774], [47.8768,34.28], [59.2708,15.2246], [38.7591,18.7704], [39.0743,46.2305], [56.206,43.5056], [30.0923,28.884], [39.0743,46.2305], [36.8561,32.7867], [39.0743,46.2305], [39.0743,46.2305], [36.8561,32.7867], [39.0743,46.2305], [48.6662,25.0774], [37.7345,49.1521], [53.7977,50.3604], [37.7345,49.1521], [37.7345,49.1521], [39.0743,46.2305], [37.7345,49.1521], [49.5832,44.079], [39.0743,46.2305], [33.112,55.2508], [36.8561,32.7867], [23.6795,36.2145], [39.0743,46.2305], [26.5058,47.6942], [26.2714,46.9602], [25.9384,45.9178], [68.8668,55.1989], [68.149,55.0718], [69.0351,55.2288], [69.3703,55.2881], [84.3955,61.486], [83.9188,60.713], [83.4895,60.0169], [73.778,77.6844], [85.1059,69.1355], [85.9839,78.5857], [85.8136,76.7531], [85.4186,72.5019], [86.1816,80.7131], [82.8818,87.5486], [78.8562,88.7532], [82.8818,87.5486], [79.19,88.7592], [82.8818,87.5486], [73.6291,76.9277], [85.661,75.1111], [75.29,83.3675], [73.3473,75.4957], [77.0465,88.7206], [49.9229,80.1094], [64.1942,84.936], [71.5849,66.542], [63.203,86.1348], [64.34,84.7597], [73.5632,76.5931], [64.4615,84.6128], [66.4046,92.8005], [50.4588,85.371], [59.7606,90.8765], [58.1609,99.2019], [59.7606,90.8765], [67.3613,88.2155], [59.7606,90.8765], [78.1917,99.8032], [59.7606,90.8765], [66.4046,92.8005], [59.7606,90.8765], [66.4046,92.8005], [66.4046,92.8005], [49.7687,93.9145], [49.7687,93.9145], [44.1301,92.2694], [67.3613,88.2155], [49.7687,93.9145], [59.7606,90.8765], [59.7606,90.8765], [61.852,104.837], [67.3613,88.2155], [56.4781,97.4549], [66.4046,92.8005], [59.7606,90.8765], [56.4781,97.4549], [66.4046,92.8005], [66.4046,92.8005], [44.1301,92.2694], [61.852,104.837], [56.4781,97.4549], [44.1301,92.2694], [49.7687,93.9145], [44.1301,92.2694], [44.1301,92.2694], [44.1301,92.2694], [44.1301,92.2694], [49.7687,93.9145], [44.1301,92.2694], [58.1609,99.2019], [41.3144,85.154], [44.8986,86.0766], [41.3144,85.154], [56.4781,97.4549], [44.1301,92.2694], [56.4781,97.4549], [56.4781,97.4549], [59.7606,90.8765], [35.0167,103.694], [44.1301,92.2694], [44.1301,92.2694], [56.4781,97.4549], [58.1609,99.2019], [59.7606,90.8765], [44.1301,92.2694], [49.7687,93.9145], [59.7606,90.8765], [50.4588,85.371], [39.8057,71.1168], [34.4468,77.4274], [34.4468,77.4274], [44.8986,86.0766], [28.3502,100.718], [50.4588,85.371], [49.7687,93.9145], [44.8986,86.0766], [50.4588,85.371], [49.7687,93.9145], [59.7606,90.8765], [44.1301,92.2694], [44.1301,92.2694], [59.7606,90.8765], [51.9255,75.1912], [44.1301,92.2694], [50.4588,85.371], [51.9255,75.1912], [51.9255,75.1912], [59.7606,90.8765], [50.4588,85.371], [49.7687,93.9145], [44.8986,86.0766], [50.4588,85.371], [51.9255,75.1912], [39.4612,67.8994], [53.682,61.8237], [53.682,61.8237], [51.9255,75.1912], [50.4588,85.371], [39.8057,71.1168], [34.5624,66.3683], [44.8986,86.0766], [44.1301,92.2694], [51.9255,75.1912], [47.3493,63.9216], [47.3493,63.9216], [51.9255,75.1912], [44.1301,92.2694], [39.8057,71.1168], [44.1301,92.2694], [32.9576,81.5067], [34.4468,77.4274], [32.9576,81.5067], [34.5624,66.3683], [31.2635,71.16], [42.6361,59.0582], [33.4903,58.5616], [25.9699,61.7217], [33.8517,70.9349], [39.5675,56.7678], [32.2768,59.0715], [41.3091,57.775], [43.333,59.7322], [43.7534,60.1387], [40.5227,57.0144], [26.773,48.5303], [36.1725,57.683], 