{
  "instance_index": 0,
  "birth_iter": 3,
  "death_iter": 40,
  "survival_iters": 37,
  "censored": false,
  "pre_vnd_cost": -1,
  "post_vnd_cost": 608.198,
  "pre_vnd_coords": [[80,20], [90.8832,31.7678], [92.7491,7.91799], [92.7491,7.91799], [92.7491,7.91799], [92.7491,7.91799], [90.8832,31.7678], [90.8832,31.7678], [90.8832,31.7678], [90.8832,31.7678], [68.1006,42.6994], [73.8275,41.6454], [73.8275,41.6454], [73.8275,41.6454], [68.1006,42.6994], [71.6659,54.2518], [60.9774,52.2431], [68.1006,42.6994], [70.0339,59.2268], [60.9774,52.2431], [54.7688,40.3168], [60.9774,52.2431], [71.6659,54.2518], [68.1006,42.6994], [68.1006,42.6994], [73.8275,41.6454], [73.8275,41.6454], [60.9774,52.2431], [64.3724,66.4496], [61.6059,64.7721], [77.7357,55.7188], [60.9774,52.2431], [60.9774,52.2431], [77.7357,55.7188], [71.349,70.8855], [72.856,60.3496], [61.6059,64.7721], [77.7357,55.7188], [71.6659,54.2518], [77.7357,55.7188], [90.8832,31.7678], [77.7357,55.7188], [77.7357,55.7188], [82.972,50.308], [82.972,50.308], [90.5762,61.8962], [82.972,50.308], [90.5762,61.8962], [90.5762,61.8962], [82.972,50.308], [77.7357,55.7188], [82.972,50.308], [82.972,50.308], [72.856,60.3496], [77.7357,55.7188], [73.8275,41.6454], [71.349,70.8855], [72.856,60.3496], [71.6659,54.2518], [70.0339,59.2268], [71.349,70.8855], [81.6487,82.8425], [75.3974,78.8572], [75.3974,78.8572], [82.1349,73.1225], [75.3974,78.8572], [92.7404,79.4896], [92.7404,79.4896], [82.1349,73.1225], [82.1349,73.1225], [76.754,88.4906], [82.1349,73.1225], [91.3592,89.9601], [91.3592,89.9601], [91.3592,89.9601], [76.754,88.4906], [84.669,99.7925], [91.3592,89.9601], [92.7404,79.4896], [84.669,99.7925], [84.669,99.7925], [84.669,99.7925], [84.669,99.7925], [70.8162,89.679], [76.754,88.4906], [76.754,88.4906], [70.8162,89.679], [70.8162,89.679], [70.8162,89.679], [63.4532,81.6729], [70.8162,89.679], [70.8162,89.679], [81.6487,82.8425], [70.8162,89.679], [64.3724,66.4496], [71.349,70.8855], [56.7961,73.647], [70.0339,59.2268], [56.7961,73.647], [48.9047,75.0398], [64.3724,66.4496], [64.2484,76.393], [64.2484,76.393], [64.2484,76.393], [70.8162,89.679], [54.6642,70.5972], [76.754,88.4906], [75.3974,78.8572], [75.3974,78.8572], [75.3974,78.8572], [61.5218,89.1252], [58.5906,81.538], [58.5906,81.538], [75.3974,78.8572], [75.3974,78.8572], [56.7961,73.647], [70.8162,89.679], [58.5906,81.538], [49.8787,81.972], [58.5906,81.538], [63.7563,94.7513], [61.5218,89.1252], [63.7563,94.7513], [67.3447,96.5085], [70.8162,89.679], [61.5218,89.1252], [61.5218,89.1252], [67.3447,96.5085], [54.8838,107.741], [70.8162,89.679], [84.669,99.7925], [67.3447,96.5085], [70.8162,89.679], [70.8162,89.679], [43.3227,101.34], [54.8838,107.741], [54.8838,107.741], [61.5218,89.1252], [61.5218,89.1252], [50.0289,95.1873], [61.5218,89.1252], [50.0289,95.1873], [70.8162,89.679], [61.5218,89.1252], [50.6265,101.309], [50.0289,95.1873], [44.3561,81.7143], [50.1226,92.3819], [49.8787,81.972], [38.3583,100.745], [50.6265,101.309], [49.8787,81.972], [50.0289,95.1873], [49.8787,81.972], [46.3413,91.7708], [46.3413,91.7708], [50.6265,101.309], [50.6265,101.309], [50.6265,101.309], [43.3227,101.34], [43.3227,101.34], [46.3413,91.7708], [38.3583,100.745], [35.0294,92.0892], [30.9984,88.5227], [50.0289,95.1873], [46.3413,91.7708], [43.3227,101.34], [50.6265,101.309], [38.3583,100.745], [30.9984,88.5227], [63.7563,94.7513], [40.6728,84.945], [38.3583,100.745], [50.0289,95.1873], [43.3227,101.34], [50.6265,101.309], [44.3561,81.7143], [43.3227,101.34], [46.3413,91.7708], [35.0294,92.0892], [27.866,75.1236], [30.2321,102.573], [50.0289,95.1873], [50.1226,92.3819], [38.4237,91.282], [30.9984,88.5227], [30.9984,88.5227], [38.4237,91.282], [38.3583,100.745], [26.8381,85.0007], [43.3227,101.34], [25.5124,101.674], [38.4237,91.282], [35.0294,92.0892], [27.6031,97.6946], [26.8381,85.0007], [27.866,75.1236], [43.3227,101.34], [25.5324,81.5695], [35.0294,92.0892], [26.8381,85.0007], [30.2321,102.573], [27.6031,97.6946], [22.4041,89.7677], [30.9984,88.5227], [30.9984,88.5227], [16.6418,88.5659], [14.0294,93.6267], [30.2321,102.573], [35.0294,92.0892], [14.0294,93.6267], [14.0294,93.6267], [35.0294,92.0892], [14.0294,93.6267], [17.0379,84.0515], [27.6031,97.6946], [9.53026,103.045], [22.4041,89.7677], [17.2954,77.8131], [16.6418,88.5659], [25.5124,101.674], [25.5124,101.674], [9.53026,103.045], [25.5124,101.674], [14.0294,93.6267], [14.0294,93.6267], [9.53026,103.045], [-5.2858,83.9822], [14.0294,93.6267], [2.49923,93.9657], [9.53026,103.045], [9.95259,89.2273], [3.06627,90.1336], [2.49923,93.9657], [2.49923,93.9657], [6.3917,86.6949], [9.95259,89.2273], [2.49923,93.9657], [11.9987,83.9941], [-5.2858,83.9822], [9.95259,89.2273], [14.0294,93.6267], [9.53026,103.045], [2.49923,93.9657], [14.0294,93.6267], [2.29991,84.3731], [2.29991,84.3731], [4.85679,77.462], [-5.18728,74.7246], [-5.18728,74.7246], [2.29991,84.3731], [2.29991,84.3731], [4.85679,77.462], [2.29991,84.3731], [6.3917,86.6949], [13.5696,78.0406], [2.29991,84.3731], [3.67027,65.9089], [2.49923,93.9657], [12.9404,85.0433], [2.29991,84.3731], [2.29991,84.3731], [-5.2858,83.9822], [14.0294,93.6267], [3.06627,90.1336], [6.3917,86.6949], [4.85679,77.462], [11.9987,83.9941], [6.3917,86.6949], [2.49923,93.9657], [14.0294,93.6267], [12.9404,85.0433], [9.95259,89.2273], [25.5324,81.5695], [6.3917,86.6949], [14.0294,93.6267], [14.0294,93.6267], [22.4041,89.7677], [14.0294,93.6267], [6.3917,86.6949], [4.85679,77.462], [6.3917,86.6949], [14.0294,93.6267], [9.53026,103.045], [11.6643,82.1402], [9.95259,89.2273], [14.0294,93.6267], [27.6031,97.6946], [4.85679,77.462], [14.0294,93.6267], [27.6031,97.6946], [14.0294,93.6267], [12.9404,85.0433], [-5.18728,74.7246], [3.06627,90.1336], [11.6643,82.1402], [7.32238,79.5296], [3.06627,90.1336], [6.3917,86.6949], [14.0294,93.6267], [-5.18728,74.7246], [11.9987,83.9941], [11.6643,82.1402], [17.2954,77.8131], [-5.18728,74.7246], [7.32238,79.5296], [18.1005,72.1304], [-5.18728,74.7246], [-5.2858,83.9822], [13.5174,68.9823], [13.5696,78.0406], [17.0379,84.0515], [13.5174,68.9823], [18.1005,72.1304], [25.5324,81.5695], [17.2954,77.8131], [17.9508,92.3536], [13.5174,68.9823], [17.2954,77.8131], [17.2954,77.8131], [19.6265,64.672], [26.8381,85.0007], [17.2954,77.8131], [19.0288,88.3213], [26.8381,85.0007], [9.95259,89.2273], [19.0288,88.3213], [18.1005,72.1304], [16.6418,88.5659], [35.0294,92.0892], [30.9984,88.5227], [19.0288,88.3213], [17.0379,84.0515], [46.3413,91.7708], [14.0294,93.6267], [25.5324,81.5695], [30.2321,102.573], [17.9508,92.3536], [14.0294,93.6267], [30.9984,88.5227], [27.6031,97.6946], [30.9984,88.5227], [26.8381,85.0007], [27.866,75.1236], [27.6031,97.6946], [37.8576,81.6341], [46.3413,91.7708], [38.3583,100.745], [40.6728,84.945], [38.4237,91.282], [27.866,75.1236], [44.2268,76.3465], [37.9355,84.1869], [40.6728,84.945], [35.9081,73.0233], [46.3413,91.7708], [42.4603,73.1006], [42.4603,73.1006], [44.2268,76.3465], [42.4603,73.1006], [38.4237,91.282], [40.6728,84.945], [49.8787,81.972], [40.6728,84.945], [40.6728,84.945], [50.1226,92.3819], [49.8787,81.972], [48.9047,75.0398], [44.3561,81.7143], [46.3413,91.7708], [38.3583,100.745], [56.7961,73.647], [49.8787,81.972], [61.5218,89.1252], [40.6728,84.945], [50.0289,95.1873], [48.9047,75.0398], [61.5218,89.1252], [49.8787,81.972], [58.5906,81.538], [48.9047,75.0398], [58.5906,81.538], [44.2268,76.3465], [56.7961,73.647], [56.7961,73.647], [61.5218,89.1252], [67.3447,96.5085], [56.7961,73.647], [48.9047,75.0398], [58.5906,81.538], [49.8787,81.972], [58.5906,81.538], [56.7961,73.647], [58.5906,81.538], [63.4532,81.6729], [64.2484,76.393], [49.8787,81.972], [40.6728,84.945], [48.8075,70.3617], [42.4603,73.1006], [56.7961,73.647], [71.349,70.8855], [75.3974,78.8572], [64.2484,76.393], [64.3724,66.4496], [58.5906,81.538], [48.9047,75.0398], [56.7961,73.647], [48.9047,75.0398], [63.4532,81.6729], [48.8075,70.3617], [41.5207,57.6103], [64.3724,66.4496], [49.6549,57.4895], [54.6642,70.5972], [61.6059,64.7721], [61.6059,64.7721], 