{
  "instance_index": 0,
  "birth_iter": 44,
  "death_iter": 50,
  "survival_iters": 6,
  "censored": false,
  "pre_vnd_cost": -1,
  "post_vnd_cost": 736.729,
  "pre_vnd_coords": [[80,20], [84.3401,15.2891], [84.3401,15.2891], [84.3401,15.2891], [84.3401,15.2891], [84.3401,15.2891], [84.3401,15.2891], [82.3285,31.9726], [82.3285,31.9726], [82.3285,31.9726], [71.3223,47.8964], [71.3223,47.8964], [82.3285,31.9726], [84.6886,62.2707], [84.6886,62.2707], [85.8668,50.1624], [82.2036,55.3864], [83.0856,44.856], [35.7747,3.77614], [35.7747,3.77614], [35.7747,3.77614], [34.0832,15.2041], [34.0832,15.2041], [34.0832,15.2041], [26.5645,14.964], [18.1165,15.9467], [34.0832,15.2041], [18.1165,15.9467], [-3.4507,11.2614], [18.1165,15.9467], [18.1165,15.9467], [3.81673,18.118], [-3.4507,11.2614], [3.81673,18.118], [12.6286,23.0983], [-3.4507,11.2614], [3.81673,18.118], [17.3266,2.88411], [12.6286,23.0983], [18.1165,15.9467], [17.3266,2.88411], [3.81673,18.118], [17.3266,2.88411], [17.3266,2.88411], [3.81673,18.118], [3.81673,18.118], [3.81673,18.118], [3.81673,18.118], [2.7738,30.6226], [2.7738,30.6226], [2.7738,30.6226], [2.7738,30.6226], [2.7738,30.6226], [2.7738,30.6226], [2.7738,30.6226], [2.7738,30.6226], [10.1842,21.7369], [2.7738,30.6226], [25.9323,44.239], [32.3613,45.4596], [18.5929,45.4277], [10.3402,47.174], [29.1062,45.4073], [22.3066,34.0705], [32.8968,38.3795], [31.8247,53.4244], [35.1676,44.8587], [29.1062,45.4073], [31.8247,53.4244], [35.1676,44.8587], [31.8247,53.4244], [29.1062,45.4073], [31.8247,53.4244], [23.4063,49.8626], [23.4063,49.8626], [23.4063,49.8626], [35.1676,44.8587], [25.9988,66.6254], [32.8968,38.3795], [45.4635,58.218], [38.5364,48.3152], [46.5315,61.1074], [31.8247,53.4244], [45.4635,58.218], [38.5364,48.3152], [31.8247,53.4244], [35.5474,51.6977], [31.8247,53.4244], [46.5315,61.1074], [45.4635,58.218], [38.5364,48.3152], [29.1062,45.4073], [35.5474,51.6977], [31.8247,53.4244], [25.8901,59.7326], [41.4912,64.5076], [45.4635,58.218], [41.4912,64.5076], [45.8286,60.1436], [46.5315,61.1074], [22.7054,61.9792], [45.8286,60.1436], [46.5315,61.1074], [46.5315,61.1074], [45.4635,58.218], [25.9988,66.6254], [41.4912,64.5076], [25.8901,59.7326], [25.8901,59.7326], [31.8247,53.4244], [45.8286,60.1436], [46.5315,61.1074], [45.4635,58.218], [45.4635,58.218], [41.4912,64.5076], [45.8286,60.1436], [53.9038,56.5877], [47.8001,68.1287], [45.6889,58.3114], [37.9225,74.0465], [46.5315,61.1074], [46.5315,61.1074], [46.5315,61.1074], [52.0525,88.7925], [66.4588,87.2199], [52.0525,88.7925], [57.4469,83.6272], [46.0965,93.7752], [57.4469,83.6272], [52.0525,88.7925], [60.0226,90.6779], [57.4469,83.6272], [54.8175,88.2835], [60.0226,90.6779], [52.0525,88.7925], [54.8175,88.2835], [46.0965,93.7752], [54.8175,88.2835], [52.0525,88.7925], [52.0525,88.7925], [54.8175,88.2835], [57.4469,83.6272], [57.4469,83.6272], [54.8175,88.2835], [52.0525,88.7925], [66.4588,87.2199], [66.4588,87.2199], [60.0226,90.6779], [60.0226,90.6779], [52.0525,88.7925], [60.0226,90.6779], [52.0525,88.7925], [66.4588,87.2199], [54.8175,88.2835], [66.4588,87.2199], [60.0226,90.6779], [60.0226,90.6779], [42.4992,89.4074], [57.4469,83.6272], [60.0226,90.6779], [52.0525,88.7925], [46.0965,93.7752], [60.0226,90.6779], [54.8175,88.2835], [60.0226,90.6779], [60.0226,90.6779], [66.4588,87.2199], [66.4588,87.2199], [66.4588,87.2199], [69.4371,89.0785], [66.4588,87.2199], [60.0226,90.6779], [46.0965,93.7752], [54.8175,88.2835], [60.0226,90.6779], [42.4992,89.4074], [42.4992,89.4074], [52.0525,88.7925], [42.4992,89.4074], [52.0525,88.7925], [54.8175,88.2835], [47.8664,86.7584], [47.1929,94.8146], [47.8664,86.7584], [47.1929,94.8146], [47.1929,94.8146], [28.537,90.7801], [35.8467,92.0758], [49.723,86.0128], [35.8467,92.0758], [42.3123,89.0969], [40.0831,99.0183], [42.3123,89.0969], [48.9708,99.732], [57.3324,82.2796], [42.3123,89.0969], [42.3123,89.0969], [42.3123,89.0969], [25.7133,94.9661], [54.7059,90.0846], [35.8467,92.0758], [35.8467,92.0758], [31.8318,99.6554], [33.1259,93.0537], [31.1878,85.634], [35.8467,92.0758], [47.8664,86.7584], [31.1878,85.634], [38.3732,82.0625], [35.8467,92.0758], [20.8292,78.5057], [25.7133,94.9661], [37.9225,74.0465], [21.7126,76.3902], [20.545,93.1302], [28.537,90.7801], [20.9326,99.6174], [32.7981,85.1515], [35.8467,92.0758], [31.8318,99.6554], [33.1259,93.0537], [40.0831,99.0183], [42.3123,89.0969], [31.1878,85.634], [31.8318,99.6554], [31.8318,99.6554], [28.537,90.7801], [8.50416,92.6658], [31.8318,99.6554], [31.8318,99.6554], [14.4628,99.9653], [25.7133,94.9661], [35.8467,92.0758], [25.7133,94.9661], [20.9326,99.6174], [20.545,93.1302], [25.7133,94.9661], [25.7133,94.9661], [20.1539,90.0093], [14.097,96.2972], [14.097,96.2972], [31.8318,99.6554], [20.9326,99.6174], [14.097,96.2972], [8.50416,92.6658], [8.50416,92.6658], [8.50416,92.6658], [31.8318,99.6554], [8.50416,92.6658], [28.537,90.7801], [14.097,96.2972], [20.545,93.1302], [25.7133,94.9661], [14.097,96.2972], [4.0989,98.5767], [14.4628,99.9653], [13.0593,86.4636], [8.50416,92.6658], [20.9326,99.6174], [4.0989,98.5767], [20.1539,90.0093], [14.097,96.2972], [14.097,96.2972], [5.91854,84.1911], [20.9326,99.6174], [25.7133,94.9661], [8.50416,92.6658], [14.097,96.2972], [5.91854,84.1911], [12.0883,84.6031], [17.8496,66.609], [10.2178,85.0684], [9.2233,88.5634], [24.5272,77.3426], [10.2178,85.0684], [10.3361,80.1914], [21.4045,80.3102], [9.2233,88.5634], [24.4287,75.1902], [10.3778,79.3841], [21.4045,80.3102], [28.2275,80.1861], [28.2275,80.1861], [10.3361,80.1914], [10.3361,80.1914], [9.44381,67.2367], [10.3778,79.3841], [13.6747,81.2302], [9.44381,67.2367], [28.2275,80.1861], [10.3361,80.1914], [25.9988,66.6254], [25.9988,66.6254], [9.57933,70.6308], [24.5272,77.3426], [28.2275,80.1861], [10.2178,85.0684], [22.7054,61.9792], [24.5272,77.3426], [10.2178,85.0684], [25.9988,66.6254], [21.4045,80.3102], [17.8496,66.609], [25.9988,66.6254], [9.44381,67.2367], [25.9988,66.6254], [22.7054,61.9792], [9.57933,70.6308], [17.8496,66.609], [9.44381,67.2367], [28.2275,80.1861], [9.57933,70.6308], [24.4287,75.1902], [11.7578,51.7185], [22.7054,61.9792], [35.5474,51.6977], [22.7054,61.9792], [25.9988,66.6254], [9.44381,67.2367], [25.8901,59.7326], [10.3402,47.174], [25.8901,59.7326], [25.8901,59.7326], [25.8901,59.7326], [31.8247,53.4244], [31.8247,53.4244], [25.8901,59.7326], [22.7054,61.9792], [36.8791,74.4549], [25.9988,66.6254], [31.8247,53.4244], [25.9988,66.6254], [17.8496,66.609], [46.5315,61.1074], [24.4287,75.1902], [25.9988,66.6254], [25.9988,66.6254], [23.4063,49.8626], [24.4287,75.1902], [23.4063,49.8626], [9.44381,67.2367], [25.9988,66.6254], [28.2275,80.1861], [28.2275,80.1861], [24.5272,77.3426], [41.4912,64.5076], [24.4287,75.1902], [24.5272,77.3426], [12.451,66.6369], [36.8791,74.4549], [24.4287,75.1902], [33.2692,73.157], [21.7126,76.3902], [20.1539,90.0093], [31.0447,73.5076], [9.74516,77.2083], [37.9225,74.0465], [21.7126,76.3902], [31.1878,85.634], [20.1539,90.0093], [33.2692,73.157], [21.7126,76.3902], [28.537,90.7801], [20.1539,90.0093], [32.7981,85.1515], [38.3847,70.0174], [31.0447,73.5076], [21.7126,76.3902], [31.1878,85.634], [31.0447,73.5076], [31.0447,73.5076], [31.1878,85.634], [43.3019,74.4171], [42.2255,82.9843], [42.2255,82.9843], [31.1878,85.634], [11.499,68.8566], [20.1539,90.0093], [13.9592,80.464], [28.537,90.7801], [20.1539,90.0093], [20.545,93.1302], [20.9326,99.6174], [31.1878,85.634], [8.50416,92.6658], [21.7126,76.3902], [31.0447,73.5076], [5.91854,84.1911], [4.0989,98.5767], [5.91854,84.1911], [5.91854,84.1911], [-2.0423,87.5242], [5.91854,84.1911], [1.01955,80.3178], [13.9592,80.464], [14.097,96.2972], [1.01955,80.3178], [13.9592,80.464], [-2.0423,87.5242], [5.91854,84.1911], [9.74516,77.2083], [9.74516,77.2083], [9.74516,77.2083], [9.74516,77.2083], [14.4628,99.9653], [12.0883,84.6031], [9.74516,77.2083], [9.74516,77.2083], [4.28064,71.6189], [-2.0423,87.5242], [10.2178,85.0684], [9.2233,88.5634], [9.2233,88.5634], [9.2233,88.5634], [9.2233,88.5634], [9.2233,88.5634], 