{
  "instance_index": 0,
  "birth_iter": 87,
  "death_iter": 90,
  "survival_iters": 3,
  "censored": false,
  "pre_vnd_cost": -1,
  "post_vnd_cost": 609.144,
  "pre_vnd_coords": [[80,20], [86.0937,19.4993], [86.1632,18.7404], [86.2684,17.5916], [86.214,18.1858], [86.2684,17.5916], [85.5482,25.4578], [66.1623,18.1877], [67.6241,15.1898], [61.7479,27.2404], [66.9259,16.6217], [61.7817,30.4849], [66.5226,17.4487], [67.2973,15.86], [62.4311,31.5143], [63.0777,24.5132], [62.5267,25.6432], [61.0611,29.3424], [53.162,39.4769], [64.5405,21.5134], [53.2237,39.9317], [42.3458,33.1297], [47.7583,36.9395], [48.5106,44.7447], [62.5956,44.6577], [40.7924,28.9042], [64.241,34.3837], [49.6859,37.8446], [53.3404,40.7908], [53.4703,41.7471], [53.2819,40.3598], [53.3103,40.5691], [42.1082,32.4832], [39.5735,25.5884], [41.2646,30.1886], [41.479,30.7717], [40.3953,27.8239], [43.2493,34.8213], [40.5073,28.1284], [38.7674,23.3957], [39.7604,26.0969], [33.0361,16.3225], [42.6047,33.8339], [41.0268,29.5416], [40.6158,28.4238], [36.5923,17.4792], [36.0419,15.9822], [36.2175,16.4597], [31.3167,16.5171], [40.1551,27.1706], [38.0043,21.32], [37.7223,20.5531], [36.7678,17.9566], [36.9487,18.4487], [37.3262,19.4756], [37.504,19.9591], [38.3834,22.3511], [22.3481,36.9744], [19.8161,34.1381], [21.7725,37.173], [21.946,37.1131], [23.425,36.603], [21.8597,17.5881], [17.2386,30.1263], [20.9447,37.4584], [18.144,31.0591], [19.4202,32.3739], [23.1112,36.7113], [19.4184,17.8646], [22.1516,37.0422], [9.42207,16.9736], [20.746,37.527], [21.1701,37.3807], [21.1442,17.6692], [9.55078,17.3123], [9.51802,17.2261], [10.9245,23.5001], [17.5871,38.6165], [16.6287,29.4979], [20.5364,33.5239], [15.9034,28.7506], [10.7928,22.9427], [15.609,18.296], [9.57965,17.3883], [9.38978,16.8886], [11.5966,18.0598], [12.8605,39.0458], [18.2497,38.3879], [10.9621,23.6594], [9.7947,17.9543], [10.0907,19.9696], [10.6582,22.3728], [10.3347,39.2752], [9.69801,17.6998], [13.8586,41.8473], [9.40894,47.481], [9.40894,47.481], [12.1419,44.0208], [13.2803,42.5795], [10.626,49.0513], [10.5496,46.4912], [10.5458,46.3643], [10.6142,48.6576], [10.5295,45.8185], [17.0204,38.6679], [10.6879,51.1248], [10.7166,52.0883], [10.6196,48.8383], [17.5871,38.6165], [10.6037,48.3055], [20.3213,37.6734], [10.5218,45.5588], [10.6327,49.2772], [10.7268,52.4297], [10.558,46.7723], [10.5066,45.0513], [10.5833,47.6211], [10.5257,45.6895], [10.6483,49.7973], [10.4985,44.7764], [10.8776,57.4821], [21.8995,67.4666], [10.9769,60.8099], [11.3046,71.792], [11.2147,68.7786], [11.4284,75.9449], [26.3668,83.2204], [26.1545,83.4987], [11.3551,81.7549], [26.5596,82.9678], [27.085,82.2792], [11.3716,74.0409], [25.3763,84.5182], [26.7441,82.726], [10.8423,86.4117], [26.8548,82.5809], [11.3559,73.5117], [11.1787,83.3563], [21.8372,89.1548], [11.3408,73.0076], [22.6042,88.15], [26.9698,82.4301], [11.5492,79.9926], [22.1983,88.6818], [21.9938,88.9496], [10.1719,86.3782], [11.3301,89.5278], [25.2427,88.9666], [25.2901,88.5053], [25.2341,89.0507], [12.2494,89.516], [25.2148,89.2383], [12.0981,89.518], [9.9534,89.3415], [25.2032,89.3508], [9.95975,89.5452], [9.95525,89.4011], [10.209,85.8751], [10.3266,84.2795], [9.9534,89.3415], [10.2488,89.5415], [9.9571,89.4604], [12.3258,89.5151], [11.7016,89.523], [11.4723,89.526], [9.954,89.3609], [11.9353,89.52], [10.247,85.3602], [25.2262,89.1273], [9.9534,89.3415], [11.1105,89.5306], [10.5751,89.5374], [10.1362,86.8627], [10.3648,83.7627], [9.9534,89.3415], [9.9534,89.3415], [9.9534,89.3415], [12.0159,89.519], [11.8603,89.521], [11.5469,89.525], [9.9534,89.3415], [9.9534,89.3415], [9.9534,89.3415], [9.9534,89.3415], [9.9534,89.3415], [9.9534,89.3415], [11.6234,89.524], [9.9534,89.3415], [9.9534,89.3415], [11.3968,89.5269], [9.95339,89.3415], [10.1009,87.3411], [9.9534,89.3415], [10.4033,83.2393], [9.9534,89.3415], [9.99091,88.8328], [9.95833,89.4997], [10.064,87.8408], [9.9534,89.3415], [12.5761,89.5119], [10.0274,88.3375], [9.9534,89.3415], [9.9534,89.3415], [9.9534,89.3415], [9.95584,89.42], [9.9534,89.3415], [22.44,88.3651], [11.3798,74.3149], [11.2379,82.8194], [11.4136,81.224], [11.4466,80.9239], [11.5046,80.3977], [11.1575,66.8637], [11.3896,81.4417], [11.3486,73.2684], [11.4056,81.2961], [11.496,80.4752], [11.4294,81.0805], [11.4708,80.7044], [11.5218,80.2408], [11.3257,82.0214], [22.8529,87.824], [22.1562,88.7369], [22.0339,88.8971], [22.521,88.2589], [11.5131,80.3206], [22.4007,88.4165], [25.2946,88.4616], [25.2032,89.3508], [25.2652,88.7481], [25.252,88.8765], [25.3072,88.3389], [25.2184,89.2026], [22.6382,88.1055], [24.6162,85.5139], [27.2051,82.1217], [11.4547,80.8507], [11.2835,82.4052], [11.2617,82.6032], [11.4879,80.5493], [22.4827,88.3092], [10.5887,80.7258], [9.9534,89.3415], [11.1538,66.7374], [11.5311,80.1567], [11.4608,77.0311], [11.4384,80.9988], [11.4218,81.1495], [11.5331,79.4543], [11.3939,74.788], [11.146,66.4753], [11.469,77.3038], [11.0524,63.3403], [11.1344,66.0868], [11.3634,73.766], [11.4372,76.2388], [11.3977,81.3678], [11.1608,66.9727], [11.1642,67.0883], [11.5403,80.0735], [11.4195,75.6457], [11.4454,76.5135], [11.4533,76.78], [11.4795,80.6254], [11.4626,80.7787], [11.1212,65.6452], [11.1704,67.2934], [11.0567,63.4847], [11.1671,67.1856], [11.328,72.5764], [11.0469,63.1563], [11.2347,69.4513], [11.2439,69.7598], [11.0328,62.6824], [11.1252,65.7793], [11.3869,74.553], [26.0859,80.6528], [26.214,79.0231], [26.1018,80.4506], [22.6298,68.8226], [24.696,72.659], [10.9601,75.6884], [26.2251,78.8809], [25.6415,74.4148], [26.3515,77.2717], [22.8139,69.1644], [26.457,75.929], [24.4898,72.2763], [26.0683,80.8773], [23.8564,71.1002], [37.6312,64.4285], [26.2604,78.4319], [37.3623,66.5736], [26.1487,79.8534], [37.3786,68.8493], [37.3877,70.1162], [37.6704,64.35], [38.3691,62.9499], [26.3644,75.757], [37.5925,64.5061], [25.0125,73.2468], [25.2032,89.3508], [25.981,75.0451], [37.3909,70.5559], [37.4736,64.7442], [37.5529,64.5854], [29.3354,79.3298], [25.2032,89.3508], [26.1787,79.4721], [25.2565,88.8327], [25.2779,88.6243], [25.2695,88.7059], [25.2032,89.3508], [25.2472,88.9229], [12.743,89.5098], [9.9534,89.3415], [25.2223,89.1655], [25.282,88.5843], [25.2861,88.5445], [25.2032,89.3508], [25.299,88.4193], [25.2737,88.6647], [25.211,89.2748], [25.2384,89.0088], [25.303,88.3796], [24.2742,71.8759], [25.3841,87.5913], [25.2606,88.7923], [11.7843,89.522], [25.23,89.09], [25.2032,89.3508], [25.2032,89.3508], [26.0888,75.2453], [26.0493,81.1189], [26.1965,79.2447], [26.1886,75.4307], [12.8114,89.5089], [25.2032,89.3508], [26.3173,77.7073], [25.5417,74.2295], [25.2032,89.3508], [12.6672,89.5107], [25.2032,89.3508], [25.2032,89.3508], [10.9349,76.0302], [11.4773,77.5837], [11.2841,71.107], [11.5162,78.8888], [11.142,66.3443], [11.4014,75.037], [11.0497,63.2477], [11.4939,78.1384], [11.117,65.5044], [11.1385,66.2248], [11.2247,69.1138], [11.0783,64.2084], [11.0629,63.6908], [11.0607,63.6179], [11.3158,72.1679], [11.0442,63.0642], [11.15,66.6102], [11.1768,67.5106], [11.0879,64.5277], [11.1905,67.9698], [11.03,62.5901], [10.9963,61.4614], [11.0545,63.4099], [11.2941,71.4406], [11.0651,63.7636], [11.0142,62.0596], [11.0384,62.8713], [11.4095,75.31], [11.0356,62.7788], [11.1737,67.4059], [11.4855,77.8595], [11.2636,70.4204], [11.1798,67.6096], [11.1829,67.7142], [11.5028,78.4366], [11.069,63.8953], [10.8477,56.4788], [10.8341,56.0242], [11.1862,67.8231], [10.6685,50.4757], [10.6785,50.8117], [10.5694,47.1535], [10.4945,44.6448], [10.5025,44.9126], [10.4862,44.3667], [10.5378,46.0936], [10.6391,49.4897], [10.3789,40.7589], [10.8611,56.93], [10.4821,44.229], [10.4905,44.5102], [10.8194,55.5319], [10.4782,44.0989], [10.5617,46.8962], [10.6091,48.4844], [10.5106,45.1853], [10.554,46.6367], [10.5655,47.0238], [10.8074,55.1308], [10.518,45.4311], [10.7611,53.5785], [10.5987,48.1353], [10.7954,54.727], [10.7842,54.3542], [11.2036,68.4087], [10.7376,52.7895], [10.4235,42.2572], [10.5729,47.273], [10.6583,50.133], [10.5143,45.3091], [10.7497,53.1953], [10.7731,53.9798], [10.5587,67.6658], [10.2018,60.5307], [37.137,