{
  "instance_index": 0,
  "birth_iter": 2,
  "death_iter": 30,
  "survival_iters": 28,
  "censored": false,
  "pre_vnd_cost": -1,
  "post_vnd_cost": 606.418,
  "pre_vnd_coords": [[80,20], [93.6756,29.921], [83.3655,43.1504], [84.8187,32.2393], [88.2766,32.1698], [88.2766,32.1698], [91.1856,55.7374], [84.7207,54.3632], [91.1856,55.7374], [84.7207,54.3632], [66.7624,63.2802], [84.7207,54.3632], [87.9914,65.5552], [87.9914,65.5552], [94.7065,85.8131], [87.9914,65.5552], [94.7065,85.8131], [94.7065,85.8131], [94.7065,85.8131], [94.7065,85.8131], [71.7773,95.6166], [82.3522,99.535], [77.1161,93.3579], [81.9231,96.0362], [94.7065,85.8131], [77.1161,93.3579], [75.962,84.9126], [75.962,84.9126], [73.0867,87.2567], [75.962,84.9126], [75.962,84.9126], [71.7773,95.6166], [77.1161,93.3579], [55.1362,95.2045], [55.1362,95.2045], [55.1362,95.2045], [55.1362,95.2045], [45.4803,87.3187], [10.9182,70.193], [10.9182,70.193], [18.9668,67.3273], [10.9182,70.193], [18.9668,67.3273], [10.9182,70.193], [10.9182,70.193], [15.9706,56.2688], [13.3618,65.9256], [29.4965,69.8469], [29.4965,69.8469], [12.6228,53.1405], [5.01287,65.939], [5.01287,65.939], [29.4965,69.8469], [20.7987,51.533], [10.8051,63.4668], [23.9434,62.4064], [21.7362,59.6676], [21.7362,59.6676], [21.7362,59.6676], [15.9706,56.2688], [21.7362,59.6676], [21.7362,59.6676], [20.3214,63.8709], [21.7362,59.6676], [8.14409,52.4179], [30.7344,71.7507], [13.3618,65.9256], [23.9434,62.4064], [17.3501,43.3012], [7.36874,58.8614], [17.3501,43.3012], [20.7987,51.533], [12.6228,53.1405], [17.3501,43.3012], [12.6228,53.1405], [17.3501,43.3012], [7.36874,58.8614], [7.36874,58.8614], [12.6228,53.1405], [8.14409,52.4179], [5.22262,48.7298], [21.7362,59.6676], [17.3501,43.3012], [12.6228,53.1405], [17.3501,43.3012], [17.3501,43.3012], [20.7987,51.533], [7.36874,58.8614], [21.7362,59.6676], [17.3501,43.3012], [17.3501,43.3012], [8.14409,52.4179], [17.3501,43.3012], [12.6228,53.1405], [12.6228,53.1405], [15.9706,56.2688], [5.22262,48.7298], [5.22262,48.7298], [23.9434,62.4064], [30.7344,71.7507], [13.3618,65.9256], [23.1676,70.2332], [23.9434,62.4064], [20.3214,63.8709], [10.8051,63.4668], [7.36874,58.8614], [7.36874,58.8614], [19.7877,72.7275], [13.3618,65.9256], [8.36157,70.8167], [1.49419,66.3568], [1.49419,66.3568], [21.7362,59.6676], [8.14409,52.4179], [-0.756111,63.588], [23.9434,62.4064], [1.49419,66.3568], [7.46923,88.0817], [13.3618,65.9256], [19.7877,72.7275], [19.7877,72.7275], [1.49419,66.3568], [8.36157,70.8167], [10.8051,63.4668], [20.3214,63.8709], [13.3618,65.9256], [7.36874,58.8614], [10.8051,63.4668], [7.36874,58.8614], [8.36157,70.8167], [15.6116,77.5116], [8.36157,70.8167], [5.01287,65.939], [8.36157,70.8167], [8.36157,70.8167], [1.49419,66.3568], [5.01287,65.939], [-0.756111,63.588], [8.36157,70.8167], [13.3618,65.9256], [1.62145,43.7154], [8.14409,52.4179], [20.3214,63.8709], [8.36157,70.8167], [5.01287,65.939], [7.36874,58.8614], [7.36874,58.8614], [15.9706,56.2688], [1.49419,66.3568], [7.36874,58.8614], [-0.756111,63.588], [7.36874,58.8614], [7.36874,58.8614], [7.36874,58.8614], [15.9706,56.2688], [1.49419,66.3568], [8.14409,52.4179], [7.79603,77.8483], [8.36157,70.8167], [20.3214,63.8709], [5.01287,65.939], [7.79603,77.8483], [10.8051,63.4668], [8.36157,70.8167], [7.36874,58.8614], [7.46923,88.0817], [7.46923,88.0817], [7.79603,77.8483], [10.5933,81.1712], [10.5933,81.1712], [20.7099,82.0827], [7.79603,77.8483], [8.36157,70.8167], [8.36157,70.8167], [20.7099,82.0827], [7.46923,88.0817], [7.79603,77.8483], [19.7877,72.7275], [25.8396,79.1423], [5.01287,65.939], [25.8396,79.1423], [25.7445,88.5855], [20.7099,82.0827], [23.1676,70.2332], [5.01287,65.939], [20.7099,82.0827], [10.5933,81.1712], [5.01287,65.939], [20.7099,82.0827], [25.8396,79.1423], [20.7099,82.0827], [12.6889,85.0571], [12.4878,87.1465], [22.0495,84.7607], [12.6889,85.0571], [25.7445,88.5855], [12.4878,87.1465], [25.8396,79.1423], [12.6889,85.0571], [25.7445,88.5855], [25.8396,79.1423], [20.7667,92.7742], [18.9972,78.9992], [20.7667,92.7742], [25.7445,88.5855], [22.0495,84.7607], [35.1296,79.5996], [28.4209,86.2664], [35.1296,79.5996], [27.1521,93.0041], [23.3645,101.838], [20.7667,92.7742], [28.4209,86.2664], [12.4878,87.1465], [22.0495,84.7607], [28.4209,86.2664], [25.7445,88.5855], [27.1521,93.0041], [28.4209,86.2664], [27.1521,93.0041], [27.1521,93.0041], [12.4878,87.1465], [12.6889,85.0571], [20.7099,82.0827], [7.46923,88.0817], [15.6116,77.5116], [37.0373,76.0364], [27.1521,93.0041], [23.1676,70.2332], [7.46923,88.0817], [25.7445,88.5855], [10.0513,97.1228], [12.6889,85.0571], [12.6889,85.0571], [12.6889,85.0571], [10.0513,97.1228], [20.7099,82.0827], [7.79603,77.8483], [8.71931,91.6641], [20.7099,82.0827], [19.7877,72.7275], [8.36157,70.8167], [1.54988,86.003], [5.01287,65.939], [8.36157,70.8167], [10.5933,81.1712], [7.79603,77.8483], [-0.756111,63.588], [7.46923,88.0817], [10.5933,81.1712], [8.36157,70.8167], [1.54988,86.003], [12.4878,87.1465], [7.46923,88.0817], [1.54988,86.003], [1.54988,86.003], [7.46923,88.0817], [7.79603,77.8483], [7.79603,77.8483], [10.0513,97.1228], [7.79603,77.8483], [10.5933,81.1712], [7.79603,77.8483], [7.79603,77.8483], [7.79603,77.8483], [7.79603,77.8483], [7.79603,77.8483], [1.54988,86.003], [8.71931,91.6641], [7.46923,88.0817], [8.71931,91.6641], [7.82832,100.01], [7.79603,77.8483], [8.71931,91.6641], [8.71931,91.6641], [7.46923,88.0817], [7.79603,77.8483], [7.46923,88.0817], [10.0513,97.1228], [27.1521,93.0041], [8.71931,91.6641], [15.6116,77.5116], [20.7667,92.7742], [7.46923,88.0817], [7.46923,88.0817], [-0.981218,102.47], [8.71931,91.6641], [8.71931,91.6641], [8.71931,91.6641], [23.3645,101.838], [1.54988,86.003], [10.5933,81.1712], [8.71931,91.6641], [7.82832,100.01], [7.82832,100.01], [-0.981218,102.47], [-0.981218,102.47], [-0.981218,102.47], [10.0513,97.1228], [12.4878,87.1465], [10.0513,97.1228], [10.0513,97.1228], [12.6889,85.0571], [10.0513,97.1228], [27.1521,93.0041], [10.0513,97.1228], [27.1521,93.0041], [7.46923,88.0817], [20.7667,92.7742], [10.0513,97.1228], [29.0098,100.188], [10.0513,97.1228], [25.7445,88.5855], [27.1521,93.0041], [10.0513,97.1228], [27.1521,93.0041], [27.1521,93.0041], [27.1521,93.0041], [27.1521,93.0041], [43.5646,97.8838], [27.1521,93.0041], [23.3645,101.838], [27.1521,93.0041], [27.1521,93.0041], [29.0098,100.188], [25.7445,88.5855], [25.7445,88.5855], [25.8396,79.1423], [28.4209,86.2664], [35.5968,96.092], [41.8031,84.2201], [27.1521,93.0041], [35.1296,79.5996], [29.0098,100.188], [23.3645,101.838], [43.5646,97.8838], [35.5968,96.092], [43.5646,97.8838], [35.9966,87.9745], [25.7445,88.5855], [29.0098,100.188], [29.0098,100.188], [35.5968,96.092], [43.5646,97.8838], [35.9966,87.9745], [43.5646,97.8838], [20.7667,92.7742], [35.5968,96.092], [27.1521,93.0041], [43.5646,97.8838], [43.5646,97.8838], [43.5646,97.8838], [35.9966,87.9745], [43.5646,97.8838], [55.1362,95.2045], [49.7799,85.6999], [35.9966,87.9745], [22.0495,84.7607], [43.5646,97.8838], [55.1362,95.2045], [55.1362,95.2045], [43.5646,97.8838], [55.1362,95.2045], [43.5646,97.8838], [45.4803,87.3187], [55.1362,95.2045], [41.8031,84.2201], [41.8031,84.2201], [35.5968,96.092], [35.9966,87.9745], [52.0046,101.364], [43.5646,97.8838], [49.7799,85.6999], [55.1362,95.2045], [43.5646,97.8838], [52.0046,101.364], [55.1362,95.2045], [55.1362,95.2045], [65.3174,96.1108], [52.0046,101.364], [46.1324,90.6735], [57.3985,101.792], [71.7773,95.6166], [60.1314,94.1027], [60.1314,94.1027], [77.1161,93.3579], [46.1324,90.6735], [71.7773,95.6166], [60.1314,94.1027], [60.1314,94.1027], [60.1314,94.1027], [71.7773,95.6166], [77.1161,93.3579], [60.1314,94.1027], [60.1314,94.1027], [72.3461,87.1544], [60.1314,94.1027], [56.6161,92.2067], [56.6161,92.2067], [46.1324,90.6735], [81.9231,96.0362], [62.0052,103.149], [62.6804,78.8359], [52.8669,85.1284], [52.7303,82.2458], [56.6161,92.2067], [46.1324,90.6735], [56.0734,66.9232], [60.6393,84.955], [52.7303,82.2458], [52.8669,85.1284], [60.1314,94.1027], [52.7303,82.2458], [52.8669,