{
  "instance_index": 0,
  "birth_iter": 31,
  "death_iter": 40,
  "survival_iters": 9,
  "censored": false,
  "pre_vnd_cost": 9868.78,
  "post_vnd_cost": 576.398,
  "pre_vnd_coords": [[80,20], [90.1089,4.2099], [91.0244,27.9411], [91.0244,27.9411], [90.1089,4.2099], [90.1089,4.2099], [72.3804,8.53527], [58.8938,23.591], [72.3804,8.53527], [58.8938,23.591], [58.8938,23.591], [58.8938,23.591], [58.8938,23.591], [68.0655,33.5109], [72.3804,8.53527], [52.1442,8.56302], [58.9072,29.0617], [58.8938,23.591], [58.8938,23.591], [79.2838,40.3543], [58.9072,29.0617], [68.0655,33.5109], [73.4785,43.4915], [64.3651,47.3588], [64.3651,47.3588], [73.4785,43.4915], [64.3651,47.3588], [68.3675,54.6025], [56.9764,38.8792], [42.1482,36.7582], [58.8938,23.591], [51.8861,29.1356], [45.569,29.937], [52.5729,51.9313], [68.0655,33.5109], [51.8861,29.1356], [48.3042,46.8078], [58.9072,29.0617], [56.9764,38.8792], [56.9764,38.8792], [44.8944,22.8499], [58.8938,23.591], [45.569,29.937], [58.8938,23.591], [51.8861,29.1356], [40.2859,45.5326], [27.5219,45.9015], [35.89,56.3224], [48.6506,35.5012], [44.2125,41.9896], [29.4918,37.5136], [29.2447,23.5924], [41.9252,45.3336], [29.2157,38.6892], [40.5088,47.4043], [48.2223,36.1273], [26.6593,49.575], [36.8829,53.6262], [29.773,36.3162], [26.5134,50.1961], [29.5748,37.1602], [39.215,49.2957], [28.9312,39.9009], [26.6206,49.7396], [29.623,36.9551], [28.6902,40.9269], [28.224,42.912], [27.2546,47.0398], [29.7224,36.5315], [29.2341,35.6797], [27.988,25.798], [25.2801,28.4885], [41.557,45.8719], [28.4124,25.0532], [30.6414,20.1144], [47.3605,37.3872], [33.1752,13.8055], [32.8231,13.6649], [32.4284,13.7314], [32.0173,13.8007], [28.252,14.4353], [29.6894,14.193], [33.2447,13.5938], [33.2206,13.6672], [29.2152,23.6441], [31.5671,13.8766], [26.3552,14.755], [29.0465,23.9403], [28.819,24.3395], [30.2119,14.105], [29.9815,35.4285], [28.6115,24.7038], [27.2765,14.5997], [28.2059,25.4156], [29.9305,35.6456], [25.929,27.8437], [29.8775,35.8711], [18.8288,34.8986], [19.433,34.2982], [29.8252,36.0941], [29.6725,36.7443], [27.7326,36.1845], [22.8114,30.9413], [25.5067,14.898], [24.2281,15.1135], [24.6777,15.0378], [33.1964,13.7408], [24.591,29.1732], [26.8074,14.6788], [13.3133,15.4495], [31.0984,13.9556], [28.6473,14.3687], [30.6334,14.0339], [13.3819,14.9327], [13.2639,15.8214], [12.965,18.0727], [12.3603,24.9314], [13.5844,14.4926], [13.4415,14.4843], [13.665,14.4973], [12.699,20.6098], [12.8856,18.6705], [12.801,19.3073], [13.5101,14.4883], [13.1899,16.3786], [11.8403,31.5658], [11.9917,29.635], [13.0431,17.4843], [12.1753,27.2927], [29.0712,14.2972], [25.9175,14.8288], [25.0905,14.9682], [22.2363,31.5127], [27.74,14.5216], [12.1488,27.6304], [26.5671,27.2098], [27.2454,26.5359], [23.7491,30.0096], [12.1901,27.1034], [17.4492,38.3008], [17.2462,39.0453], [17.15,39.3979], [26.2607,36.6793], [17.9363,36.5142], [11.1132,40.8484], [22.4251,31.3251], [18.0698,36.0247], [19.9749,33.7598], [9.40894,47.481], [17.7828,37.0774], [10.339,46.1925], [10.5911,45.8432], [10.8778,43.8512], [11.2564,39.0202], [26.5944,49.8512], [22.3702,37.9872], [11.2004,39.7358], [27.7515,44.9241], [9.40894,47.481], [9.40894,47.481], [18.7257,39.2123], [17.5542,37.9156], [11.4022,55.9677], [26.581,49.9084], [18.335,39.3437], [27.9829,43.9386], [28.454,41.9325], [9.40894,47.481], [37.3859,51.9699], [26.5,50.2534], [21.5333,38.2686], [23.2443,37.6933], [22.9882,30.7657], [26.6339,49.6829], [10.9552,42.8641], [11.0334,41.8655], [14.2345,60.6934], [11.8979,58.078], [10.7376,45.6403], [25.2341,37.0244], [24.2416,37.3581], [35.7541,56.2372], [26.4752,50.359], [13.2457,60.1071], [33.421,54.7739], [26.5651,49.9761], [9.40894,47.481], [9.40894,47.481], [12.6317,59.743], [12.7472,59.8116], [9.40894,47.481], [17.6662,37.5049], [10.0853,46.5441], [13.904,60.4974], [13.8442,60.462], [9.94052,46.7446], [13.3138,60.1475], [14.0242,60.5687], [9.40894,47.481], [9.40894,47.481], [10.9147,43.3809], [19.1274,39.0772], [11.6207,56.8978], [11.9612,30.0234], [17.3421,38.6936], [21.1528,32.5894], [12.0963,28.2999], [9.40894,47.481], [11.0735,41.355], [12.0692,28.6458], [10.809,44.7296], [12.5238,22.8449], [22.6196,31.1319], [18.2088,35.5147], [20.5567,33.1817], [13.1164,16.9321], [12.7504,19.9529], [12.6081,21.7695], [12.0189,29.2882], [12.454,23.7352], [11.9027,30.7706], [12.1225,27.9657], [12.2051,26.9123], [11.9324,30.3915], [12.2212,26.7068], [12.0439,28.9691], [11.8703,31.1835], [9.40894,47.481], [11.3151,38.2717], [17.0467,39.7767], [10.775,45.1632], [18.2088,35.5147], [10.994,42.3682], [10.467,46.0153], [9.40894,47.481], [9.40894,47.481], [9.79867,46.9411], [9.66295,47.1291], [11.1522,40.3507], [9.5331,47.309], [12.5098,59.6708], [9.40894,47.481], [12.3382,59.5691], [12.2839,59.5368], [9.40894,47.481], [12.9233,59.916], [11.3096,73.3626], [12.1981,68.1177], [12.2171,68.0434], [11.7299,69.9481], [12.1423,68.336], [10.807,77.4467], [10.4934,79.9402], [11.9081,69.2515], [12.1789,68.193], [12.1601,68.2666], [21.1191,79.3712], [11.7869,69.7251], [11.8051,69.6539], [11.7493,69.872], [10.4918,79.9253], [11.0038,54.2716], [11.9611,69.0441], [10.8399,44.3354], [10.7639,77.7969], [13.1683,60.0612], [10.2076,46.3745], [12.2374,67.9641], [11.2104,55.1511], [12.8046,65.746], [13.099,60.0202], [9.40894,47.481], [13.5187,60.269], [12.5666,59.7045], [13.9622,60.5319], [13.0416,59.9861], [12.684,59.7741], [11.7693,69.794], [26.463,50.4108], [12.4565,59.6392], [14.0946,60.6105], [20.835,80.1326], [11.841,69.5136], [13.7245,60.391], [11.9946,68.9131], [12.0108,68.85], [26.6851,49.4649], [12.8694,59.884], [25.9991,69.9138], [12.0422,68.7273], [13.5374,63.5049], [12.089,68.5441], [12.8101,59.8489], [12.0576,68.6669], [25.9991,69.9138], [20.8392,80.1243], [13.3847,60.1895], [10.4953,79.9583], [25.9991,69.9138], [21.8836,78.8159], [11.9777,68.9795], [12.2336,59.507], [42.011,53.7859], [48.3042,46.8078], [45.569,29.937], [35.7097,52.2103], [48.3042,46.8078], [35.7097,52.2103], [35.7097,52.2103], [35.7097,52.2103], [27.1835,54.3978], [27.1835,54.3978], [27.1835,54.3978], [26.3027,67.9942], [42.011,53.7859], [52.5729,51.9313], [28.5906,51.0446], [35.7097,52.2103], [35.7097,52.2103], [19.0873,73.6452], [27.1835,54.3978], [44.411,56.9658], [27.1835,54.3978], [44.411,56.9658], [21.1691,61.9043], [35.7097,52.2103], [52.5729,51.9313], [35.7097,52.2103], [35.7097,52.2103], [35.7097,52.2103], [35.7097,52.2103], [35.7097,52.2103], [40.2859,45.5326], [42.011,53.7859], [48.3042,46.8078], [40.2859,45.5326], [51.2766,44.3163], [44.411,56.9658], [56.0737,29.6596], [48.3042,46.8078], [40.2859,45.5326], [42.011,53.7859], [51.2766,44.3163], [56.0737,29.6596], [51.8861,29.1356], [64.3651,47.3588], [56.9764,38.8792], [55.7874,52.5898], [57.0201,50.4909], [57.5192,52.4608], [50.3744,61.3682], [56.2473,51.8438], [56.4221,51.5603], [52.9541,57.185], [57.4587,64.6085], [57.3475,64.6948], [58.8398,60.5606], [55.2468,53.4666], [56.9435,50.6465], [57.0337,50.4634], [58.9279,59.4969], [56.8627,50.8105], [58.2015,64.0322], [58.294,63.9604], [55.9382,52.3452], [58.9501,59.229], [54.4076,54.8277], [58.6513,62.8364], [56.3308,65.4837], [58.4796,63.8163], [58.9718,58.9673], [31.3864,89.5417], [31.6589,89.1602], [31.4553,89.4453], [31.8402,88.9065], [31.7711,89.0033], [31.9035,88.8179], [31.4101,89.5086], [31.3635,89.5737], [31.8825,88.8473], [31.8175,88.9383], [31.5486,89.3146], [31.7485,89.0348], [34.7992,84.3671], [31.6846,89.1243], [31.8619,88.8761], [31.7269,89.065], [28.8488,90.116], [25.3317,90.8326], [47.1525,72.604], [31.5182,80.8566], [27.8676,79.1993], [28.8705,79.5374], [30.981,66.2561], [22.8757,78.0952], [27.0843,78.9351], [34.7243,67.7255], [24.9193,90.9166], [31.9207,81.2873], [18.639,90.442], [18.6469,90.4424], [29.8329,89.9154], [25.8693,90.723], [21.9565,77.9133], [18.0045,91.2214], [30.222,89.8362], [18.4575,90.4322], [18.6469,90.4424], [18.6469,90.4424], [28.0316,90.2825], [10.442,90.0001], [25.605,90.7769], [10.4594,83.8516], [18.2312,90.9465], [15.851,90.2917], [31.4323,89.4775], [18.6469,90.4424], [22.2381,78.5584], 