{
  "instance_index": 0,
  "birth_iter": 52,
  "death_iter": 60,
  "survival_iters": 8,
  "censored": false,
  "pre_vnd_cost": 10592.7,
  "post_vnd_cost": 725.752,
  "pre_vnd_coords": [[80,20], [62.4316,15.9878], [85.9812,17.5736], [73.7079,18.5631], [57.2598,28.6051], [64.866,16.5438], [70.6542,17.8657], [56.4282,28.5615], [67.4619,17.1366], [66.0335,16.8104], [44.5397,17.5673], [34.1528,20.5544], [49.9184,17.0923], [37.5331,19.5822], [39.8449,27.6907], [35.8212,20.0746], [44.9911,27.961], [39.598,27.6778], [40.6164,27.7312], [40.3447,27.717], [34.8776,20.3459], [38.368,19.3421], [41.1271,18.5486], [38.5033,27.6203], [39.2174,19.0978], [36.6629,19.8325], [33.0225,20.8795], [30.0323,22.0593], [11.8021,18.0833], [10.9201,16.2248], [13.2084,21.0468], [39.3355,27.664], [13.3248,23.3655], [31.2983,21.5598], [12.8581,24.2485], [10.8462,17.684], [12.5756,19.7134], [30.2531,32.6962], [10.7282,27.3279], [12.2363,18.9982], [10.766,24.2454], [13.7649,26.0607], [10.8926,16.1669], [10.8654,16.1098], [10.9109,16.2056], [12.0153,18.5326], [10.8837,16.1483], [10.7712,23.8165], [10.8748,16.1296], [10.8655,16.1098], [10.8654,16.1098], [12.4013,25.113], [11.3648,17.1619], [11.1406,16.6895], [10.6814,31.1489], [10.9021,16.1869], [10.7493,25.611], [10.8086,20.7522], [10.7732,23.6474], [11.5852,17.6263], [19.2267,26.3225], [13.6679,22.0152], [12.9001,20.3972], [10.7056,29.1766], [10.6543,33.3494], [10.7749,23.5077], [12.0246,25.8258], [10.791,22.1928], [10.5962,38.0746], [10.5428,42.424], [13.566,22.9089], [10.4778,47.7243], [10.5698,40.2241], [10.6238,35.8295], [10.3111,61.3637], [10.4589,49.2704], [10.4913,46.6186], [10.3111,61.3636], [10.4189,52.5395], [10.3191,60.7018], [10.5301,76.0352], [20.507,71.3948], [10.3813,55.6057], [10.3279,62.4851], [10.4393,50.8688], [9.35497,63.8866], [2.35305,70.865], [0.708337,69.3815], [7.93615,62.8114], [5.76139,65.6475], [0.708337,69.3815], [0.708337,69.3815], [7.93615,62.8114], [14.9546,66.2618], [25.7776,56.1388], [9.42422,71.46], [0.708337,69.3815], [14.9546,66.2618], [14.9546,66.2618], [9.35497,63.8866], [5.76139,65.6475], [5.76139,65.6475], [5.76139,65.6475], [7.93615,62.8114], [0.708337,69.3815], [14.9546,66.2618], [13.351,62.451], [5.76139,65.6475], [7.93615,62.8114], [14.9546,66.2618], [2.35305,70.865], [0.708337,69.3815], [7.93615,62.8114], [14.9546,66.2618], [10.3984,74.8059], [5.76139,65.6475], [9.42422,71.46], [19.2892,68.435], [5.76139,65.6475], [0.708337,69.3815], [5.76139,65.6475], [2.35305,70.865], [0.708337,69.3815], [8.47424,79.5546], [9.35497,63.8866], [19.2892,68.435], [8.47424,79.5546], [8.47424,79.5546], [5.76139,65.6475], [8.47424,79.5546], [5.76139,65.6475], [8.47424,79.5546], [5.76139,65.6475], [8.47424,79.5546], [9.69954,89.4741], [14.9546,66.2618], [8.47424,79.5546], [5.76139,65.6475], [9.42422,71.46], [2.35305,70.865], [0.708337,69.3815], [8.47424,79.5546], [14.9546,66.2618], [10.3984,74.8059], [12.1468,87.1013], [8.47424,79.5546], [8.47424,79.5546], [16.783,84.5748], [9.69954,89.4741], [10.3984,74.8059], [23.8499,73.231], [9.69954,89.4741], [0.708337,69.3815], [9.69954,89.4741], [10.3984,74.8059], [9.69954,89.4741], [9.69954,89.4741], [8.47424,79.5546], [9.69954,89.4741], [12.1468,87.1013], [9.69954,89.4741], [12.1468,87.1013], [8.47424,79.5546], [9.69954,89.4741], [9.69954,89.4741], [9.69954,89.4741], [12.1468,87.1013], [9.69954,89.4741], [16.783,84.5748], [9.69954,89.4741], [16.783,84.5748], [2.35305,70.865], [8.47424,79.5546], [9.69954,89.4741], [8.47424,79.5546], [9.69954,89.4741], [24.2933,83.7094], [12.1468,87.1013], [8.47424,79.5546], [12.1468,87.1013], [8.47424,79.5546], [24.2933,83.7094], [8.47424,79.5546], [9.69954,89.4741], [12.1468,87.1013], [0.708337,69.3815], [9.69954,89.4741], [16.783,84.5748], [9.69954,89.4741], [9.69954,89.4741], [9.69954,89.4741], [9.69954,89.4741], [9.69954,89.4741], [9.69954,89.4741], [9.69954,89.4741], [24.2933,83.7094], [9.69954,89.4741], [13.5915,93.8215], [8.47424,79.5546], [9.69954,89.4741], [9.69954,89.4741], [9.69954,89.4741], [9.69954,89.4741], [13.5915,93.8215], [9.69954,89.4741], [9.69954,89.4741], [9.69954,89.4741], [9.69954,89.4741], [9.69954,89.4741], [9.69954,89.4741], [8.47424,79.5546], [9.69954,89.4741], [24.2933,83.7094], [35.3409,90.9994], [9.69954,89.4741], [24.3888,88.2697], [24.2933,83.7094], [18.6274,99.4468], [18.6274,99.4468], [18.6274,99.4468], [12.1468,87.1013], [16.783,84.5748], [12.1468,87.1013], [30.3917,104.364], [18.6274,99.4468], [24.3888,88.2697], [18.2799,87.1472], [18.6274,99.4468], [18.6274,99.4468], [24.2933,83.7094], [24.3888,88.2697], [18.6274,99.4468], [18.6274,99.4468], [9.69954,89.4741], [13.5915,93.8215], [9.69954,89.4741], [13.5915,93.8215], [8.47424,79.5546], [18.2799,87.1472], [12.1468,87.1013], [9.69954,89.4741], [24.3888,88.2697], [13.5915,93.8215], [8.47424,79.5546], [16.783,84.5748], [24.2933,83.7094], [23.8499,73.231], [19.0084,78.3695], [8.47424,79.5546], [9.69954,89.4741], [9.69954,89.4741], [18.2799,87.1472], [9.69954,89.4741], [18.2799,87.1472], [9.69954,89.4741], [24.2933,83.7094], [16.783,84.5748], [8.47424,79.5546], [23.8499,73.231], [9.69954,89.4741], [28.4998,82.405], [36.9577,86.0993], [23.8499,73.231], [18.2799,87.1472], [19.0084,78.3695], [45.0658,88.517], [26.1731,102.601], [36.9577,86.0993], [24.3888,88.2697], [35.3409,90.9994], [40.7257,93.2253], [23.8499,73.231], [9.69954,89.4741], [24.2933,83.7094], [9.69954,89.4741], [18.2799,87.1472], [45.0658,88.517], [40.7257,93.2253], [40.7257,93.2253], [40.7257,93.2253], [24.2933,83.7094], [40.7104,101.899], [18.6274,99.4468], [43.3714,93.8344], [30.3917,104.364], [26.1731,102.601], [35.3409,90.9994], [18.6274,99.4468], [24.3888,88.2697], [40.7257,93.2253], [24.3888,88.2697], [18.6274,99.4468], [18.6274,99.4468], [18.6274,99.4468], [40.7257,93.2253], [36.9577,86.0993], [36.9577,86.0993], [24.3888,88.2697], [35.7065,104.885], [36.9577,86.0993], [40.7257,93.2253], [45.0658,88.517], [36.9577,86.0993], [40.7257,93.2253], [26.1731,102.601], [40.7104,101.899], [40.7257,93.2253], [36.9577,86.0993], [40.7257,93.2253], [45.0658,88.517], [45.0658,88.517], [40.7257,93.2253], [40.7257,93.2253], [43.4035,105.641], [42.5763,73.9254], [55.2714,87.1725], [41.3346,84.512], [47.8567,84.6846], [45.0658,88.517], [41.3346,84.512], [43.3714,93.8344], [40.7257,93.2253], [55.2714,87.1725], [41.3346,84.512], [50.5244,81.0215], [43.3714,93.8344], [45.0658,88.517], [40.7104,101.899], [41.3346,84.512], [36.9577,86.0993], [43.3714,93.8344], [55.2714,87.1725], [45.0658,88.517], [41.3346,84.512], [45.0658,88.517], [43.4035,105.641], [61.8396,93.0005], [43.3714,93.8344], [43.3714,93.8344], [40.7257,93.2253], [40.7104,101.899], [43.3714,93.8344], [61.8396,93.0005], [43.3714,93.8344], [40.7257,93.2253], [40.7257,93.2253], [50.5244,81.0215], [43.3714,93.8344], [40.7257,93.2253], [36.9577,86.0993], [61.8396,93.0005], [61.8396,93.0005], [61.8396,93.0005], [40.7257,93.2253], [43.3714,93.8344], [43.4035,105.641], [43.3714,93.8344], [43.3714,93.8344], [43.4035,105.641], [60.1188,83.4279], [55.2714,87.1725], [61.8396,93.0005], [61.8396,93.0005], [60.1188,83.4279], [55.2714,87.1725], [58.966,82.9402], [50.5244,81.0215], [40.7257,93.2253], [55.2714,87.1725], [41.3346,84.512], [41.3346,84.512], [55.2714,87.1725], [53.18,67.4733], [55.2714,87.1725], [50.5244,81.0215], [60.1188,83.4279], [55.2714,87.1725], [46.8247,75.8455], [45.0658,88.517], [41.3346,84.512], [50.5244,81.0215], [41.3346,84.512], [61.004,89.7709], [41.3346,84.512], [50.5244,81.0215], [58.966,82.9402], [55.2714,87.1725], [50.5244,81.0215], [55.2714,87.1725], [50.5244,81.0215], [55.2714,87.1725], [58.966,82.9402], [50.5244,81.0215], [50.5244,81.0215], [60.1188,83.4279], [73.3861,80.3508], [73.3861,80.3508], [55.2714,87.1725], [73.3861,80.3508], [58.966,82.9402], [58.966,82.9402], [50.5244,81.0215], [50.5244,81.0215], [55.2714,87.1725], [60.1188,83.4279], [55.2714,87.1725], [61.004,89.7709], [61.004,89.7709], [60.1188,83.4279], [61.004,89.7709], [65.9703,84.0443], [61.004,89.7709], [61.8396,93.0005], [61.004,89.7709], [61.8396,93.0005], 