{
  "instance_index": 0,
  "birth_iter": 20,
  "death_iter": 60,
  "survival_iters": 40,
  "censored": false,
  "pre_vnd_cost": 11257.2,
  "post_vnd_cost": 615.494,
  "pre_vnd_coords": [[80,20], [94.5174,30.749], [94.5174,30.749], [82.9202,32.8668], [49.7725,31.5302], [49.7725,31.5302], [45.7749,26.4171], [49.7725,31.5302], [64.7403,40.8697], [49.7725,31.5302], [45.7749,26.4171], [32.1729,9.41126], [44.7187,21.7396], [48.9974,12.2918], [32.1729,9.41126], [48.9974,12.2918], [32.1729,9.41126], [44.7187,21.7396], [32.1729,9.41126], [32.1729,9.41126], [32.1729,9.41126], [19.7182,31.1477], [19.7182,31.1477], [44.7187,21.7396], [19.7182,31.1477], [32.1729,9.41126], [26.7196,15.3379], [26.7196,15.3379], [23.7651,29.3541], [27.9451,30.2507], [19.7182,31.1477], [26.7196,15.3379], [18.9149,22.1241], [8.3388,9.1661], [11.2625,20.2615], [8.3388,9.1661], [11.2755,16.1971], [26.7196,15.3379], [11.2625,20.2615], [8.3388,9.1661], [11.2755,16.1971], [11.2755,16.1971], [11.2755,16.1971], [11.2625,20.2615], [8.3388,9.1661], [11.2755,16.1971], [11.2625,20.2615], [11.2755,16.1971], [11.2625,20.2615], [18.9149,22.1241], [11.2755,16.1971], [11.2625,20.2615], [11.2625,20.2615], [11.2625,20.2615], [11.2755,16.1971], [18.9149,22.1241], [11.2625,20.2615], [7.5881,33.9079], [11.2625,20.2615], [11.2755,16.1971], [7.5881,33.9079], [11.2625,20.2615], [11.2625,20.2615], [11.2625,20.2615], [12.0818,38.7636], [12.0818,38.7636], [23.7651,29.3541], [24.5391,28.5718], [35.3076,31.4871], [32.3769,23.5926], [32.3769,23.5926], [22.8979,40.9606], [24.8137,48.0034], [22.8979,40.9606], [24.8137,48.0034], [32.3769,23.5926], [24.5391,28.5718], [24.5391,28.5718], [35.3076,31.4871], [33.9389,35.7615], [36.5865,38.4513], [33.9389,35.7615], [22.8979,40.9606], [35.3076,31.4871], [21.0443,34.7531], [33.9389,35.7615], [36.5865,38.4513], [32.3769,23.5926], [44.1361,34.0681], [35.3076,31.4871], [35.3076,31.4871], [35.3076,31.4871], [33.9389,35.7615], [33.9389,35.7615], [35.3076,31.4871], [49.7725,31.5302], [49.7725,31.5302], [44.1361,34.0681], [49.7725,31.5302], [41.233,44.0322], [49.7725,31.5302], [49.7725,31.5302], [44.7187,21.7396], [53.5954,50.7302], [37.6663,54.8526], [37.6663,54.8526], [44.7187,21.7396], [48.9974,12.2918], [26.7196,15.3379], [44.7187,21.7396], [32.1729,9.41126], [26.7196,15.3379], [24.0248,44.6901], [12.0818,38.7636], [20.8952,48.5419], [24.0248,44.6901], [22.8979,40.9606], [22.8979,40.9606], [22.8979,40.9606], [22.8979,40.9606], [22.8979,40.9606], [70.8872,28.445], [85.8786,34.2918], [85.8786,34.2918], [40.7104,101.899], [43.3856,85.9463], [24.7177,89.7424], [14.1601,86.3048], [27.0552,82.6122], [12.1755,86.4705], [3.71462,90.4844], [14.1601,86.3048], [3.71462,90.4844], [12.1755,86.4705], [3.71462,90.4844], [14.1601,86.3048], [9.69954,89.4741], [16.783,84.5748], [23.8499,73.231], [23.8499,73.231], [19.0084,78.3695], [40.7257,93.2253], [43.3856,85.9463], [36.9577,86.0993], [37.6671,66.7376], [37.6671,66.7376], [14.6191,65.4858], [31.3976,65.1077], [14.6191,65.4858], [39.82,59.5047], [31.3976,65.1077], [30.9174,51.056], [14.6191,65.4858], [19.0084,78.3695], [19.0084,78.3695], [14.9546,66.2618], [14.9546,66.2618], [14.9546,66.2618], [14.9546,66.2618], [5.76139,65.6475], [2.35305,70.865], [0.708337,69.3815], [9.35497,63.8866], [5.76139,65.6475], [14.9546,66.2618], [5.76139,65.6475], [9.35497,63.8866], [7.46792,57.4175], [0.708337,69.3815], [9.42422,71.46], [9.69954,89.4741], [5.76139,65.6475], [2.35305,70.865], [5.76139,65.6475], [12.1468,87.1013], [0.708337,69.3815], [8.47424,79.5546], [0.708337,69.3815], [9.69954,89.4741], [16.783,84.5748], [8.47424,79.5546], [8.47424,79.5546], [9.69954,89.4741], [8.47424,79.5546], [2.35305,70.865], [2.35305,70.865], [9.69954,89.4741], [8.47424,79.5546], [9.69954,89.4741], [8.47424,79.5546], [9.42422,71.46], [8.47424,79.5546], [0.708337,69.3815], [8.47424,79.5546], [8.47424,79.5546], [9.69954,89.4741], [3.71462,90.4844], [3.71462,90.4844], [24.7177,89.7424], [35.5588,85.1943], [12.1755,86.4705], [18.2799,87.1472], [40.7257,93.2253], [36.9577,86.0993], [36.9577,86.0993], [36.9577,86.0993], [40.7257,93.2253], [36.9577,86.0993], [40.7257,93.2253], [40.7257,93.2253], [14.1601,86.3048], [9.69954,89.4741], [9.69954,89.4741], [8.47424,79.5546], [9.69954,89.4741], [12.1468,87.1013], [16.783,84.5748], [18.2799,87.1472], [23.8499,73.231], [23.8499,73.231], [8.47424,79.5546], [14.9546,66.2618], [19.2892,68.435], [7.46792,57.4175], [9.42422,71.46], [2.35305,70.865], [2.35305,70.865], [7.60895,54.1347], [0.340405,73.9828], [3.71462,90.4844], [-0.590552,79.5295], [12.1755,86.4705], [-0.590552,79.5295], [14.1601,86.3048], [3.71462,90.4844], [20.2063,88.3619], [14.4148,72.3], [3.71462,90.4844], [14.1601,86.3048], [3.71462,90.4844], [14.1601,86.3048], [3.71462,90.4844], [14.1601,86.3048], [16.0548,78.2324], [-0.590552,79.5295], [27.0552,82.6122], [12.1755,86.4705], [12.1755,86.4705], [3.71462,90.4844], [3.71462,90.4844], [1.03152,102.221], [1.03152,102.221], [1.9009,95.2265], [1.9009,95.2265], [9.69954,89.4741], [9.69954,89.4741], [9.69954,89.4741], [9.69954,89.4741], [9.69954,89.4741], [9.69954,89.4741], [9.69954,89.4741], [9.69954,89.4741], [9.69954,89.4741], [9.69954,89.4741], [9.69954,89.4741], [12.1468,87.1013], [9.69954,89.4741], [12.1468,87.1013], [16.783,84.5748], [9.69954,89.4741], [13.5915,93.8215], [9.69954,89.4741], [9.69954,89.4741], [9.69954,89.4741], [13.5915,93.8215], [24.2933,83.7094], [30.3917,104.364], [18.6274,99.4468], [8.47424,79.5546], [9.69954,89.4741], [9.69954,89.4741], [13.5915,93.8215], [9.69954,89.4741], [9.69954,89.4741], [18.6274,99.4468], [9.69954,89.4741], [18.6274,99.4468], [18.6274,99.4468], [18.6274,99.4468], [13.5915,93.8215], [18.6274,99.4468], [24.3888,88.2697], [40.7104,101.899], [26.1731,102.601], [30.3917,104.364], [18.6274,99.4468], [45.0658,88.517], [40.7257,93.2253], [26.1731,102.601], [13.5915,93.8215], [40.7257,93.2253], [26.1731,102.601], [24.2933,83.7094], [24.3888,88.2697], [18.6274,99.4468], [18.6274,99.4468], [35.3409,90.9994], [18.2799,87.1472], [24.3888,88.2697], [18.6274,99.4468], [24.3888,88.2697], [35.3409,90.9994], [24.2933,83.7094], [9.69954,89.4741], [40.7257,93.2253], [12.1468,87.1013], [40.7104,101.899], [24.2933,83.7094], [24.2933,83.7094], [18.6274,99.4468], [35.3409,90.9994], [43.3714,93.8344], [40.7257,93.2253], [24.3888,88.2697], [20.2063,88.3619], [21.7297,86.2535], [40.8027,87.6979], [20.2063,88.3619], [20.2063,88.3619], [18.534,82.7585], [28.2485,74.5167], [21.7297,86.2535], [24.7177,89.7424], [21.7297,86.2535], [18.534,82.7585], [20.2063,88.3619], [35.5588,85.1943], [14.6191,65.4858], [12.1755,86.4705], [16.0548,78.2324], [37.9809,78.0582], [24.7177,89.7424], [33.6922,78.4492], [35.5588,85.1943], [35.5588,85.1943], [28.4156,68.316], [28.2485,74.5167], [33.6922,78.4492], [24.7177,89.7424], [33.6922,78.4492], [37.9809,78.0582], [37.6671,66.7376], [37.9809,78.0582], [28.2485,74.5167], [28.2485,74.5167], [48.146,67.5113], [33.6922,78.4492], [39.149,75.8533], [37.6671,66.7376], [28.4156,68.316], [35.5557,68.9418], [28.2485,74.5167], [39.149,75.8533], [33.6922,78.4492], [30.2096,58.9932], [22.4629,62.5614], [23.6872,54.43], [26.282,49.9931], [23.6872,54.43], [31.3976,65.1077], [31.3976,65.1077], [31.3976,65.1077], [22.4629,62.5614], [34.1596,42.7635], [34.1596,42.7635], [39.82,59.5047], [33.6146,58.5816], [31.3976,65.1077], [28.4156,68.316], [31.3976,65.1077], [23.6872,54.43], [43.9928,69.1868], [35.5557,68.9418], [23.6872,54.43], [35.5557,68.9418], [42.6027,52.8134], [30.9174,51.056], [46.437,60.3644], [36.5865,38.4513], [34.1596,42.7635], [43.9928,69.1868], [36.5865,38.4513], [39.82,59.5047], [33.6146,58.5816], [34.1596,42.7635], [44.1361,34.0681], [44.9033,42.3975], [34.1596,42.7635], [35.8191,40.2932], [42.6027,52.8134], [35.8191,40.2932], [34.1596,42.7635], [41.233,44.0322], [39.82,59.5047], [26.282,49.9931], [22.8979,40.9606], [33.6146,58.5816], [34.1596,42.7635], [22.8979,40.9606], [22.8979,40.9606], [33.6146,58.5816], [41.233,44.0322], [20.2446,43.4124], [22.8979,40.9606], [35.8191,40.2932],