{
  "instance_index": 0,
  "birth_iter": 95,
  "death_iter": 100,
  "survival_iters": 5,
  "censored": false,
  "pre_vnd_cost": 5754.07,
  "post_vnd_cost": 513.007,
  "pre_vnd_coords": [[80,20], [86.2683,17.5916], [86.2684,17.5916], [86.2684,17.5916], [86.2684,17.5916], [86.2684,17.5916], [86.2684,17.5916], [86.3719,26.9079], [86.4268,31.8319], [86.5112,39.3906], [86.4788,36.487], [86.4525,34.1292], [61.0088,48.2076], [78.6563,47.6413], [60.3695,52.9287], [62.1115,48.7994], [61.7654,48.6137], [50.8893,33.5197], [50.9684,33.4286], [50.1468,34.2624], [50.6725,33.7366], [50.8893,33.5197], [50.8893,33.5197], [50.8893,33.5197], [50.8893,33.5197], [50.8893,33.5197], [50.7759,33.6332], [53.6582,30.3282], [44.0927,30.5575], [47.8412,36.5686], [49.8722,34.5371], [49.5809,34.8285], [49.2972,35.1123], [49.0094,35.4001], [48.733,35.6766], [48.4709,35.9388], [49.5456,32.3427], [49.3239,32.0284], [48.1848,30.4134], [47.5565,29.5227], [39.7488,18.454], [43.1698,23.3039], [37.7424,17.7322], [36.6057,18.1818], [36.1085,18.3785], [35.6041,18.578], [35.0642,18.7916], [34.4909,19.0183], [33.9348,19.2383], [33.3386,19.4742], [32.7313,19.7144], [32.0446,19.986], [38.9131,17.2692], [40.4414,19.4358], [41.7509,21.2923], [31.2619,20.2956], [16.501,20.6778], [17.4464,21.5125], [29.3036,21.0702], [28.3946,21.4298], [27.6168,21.7374], [26.9449,16.3046], [26.5422,16.312], [25.8451,16.2802], [25.1142,16.2468], [24.3098,16.2101], [23.4492,16.1708], [22.6192,16.1329], [11.3309,26.8252], [11.7349,19.7568], [12.084,15.569], [12.1212,15.5862], [11.792,18.7573], [12.0099,15.5348], [12.0658,15.5606], [12.0282,15.5432], [11.977,15.5196], [16.2984,15.8447], [12.1883,15.6172], [11.689,20.559], [11.6107,21.9281], [11.5135,23.6296], [10.2804,33.9567], [9.85157,36.8676], [10.487,32.5538], [10.6867,31.1985], [10.8797,29.8879], [9.85157,36.8676], [11.0316,28.857], [12.2429,39.6584], [11.1806,27.8454], [9.85157,36.8676], [11.3309,26.8252], [10.6494,37.7985], [11.3309,26.8252], [10.8483,43.8946], [10.7177,45.6351], [11.0935,40.6346], [11.035,41.4132], [10.6599,48.2667], [10.6097,47.8026], [10.686,46.0575], [10.8238,44.2199], [10.6498,46.5394], [10.76,45.071], [11.2878,38.0527], [10.7287,45.4875], [13.7512,44.7084], [10.6122,46.3277], [10.5202,45.8569], [10.7992,47.2838], [10.5489,46.0039], [10.5621,46.0711], [11.1917,49.2911], [11.2906,49.7967], [11.1276,45.641], [13.0738,44.9491], [10.6886,46.7181], [10.5741,46.1325], [11.3309,26.8252], [13.7512,44.7084], [10.5349,45.932], [10.5995,46.2627], [11.3309,26.8252], [11.3309,26.8252], [11.2987,18.6936], [11.1976,16.4031], [11.2462,17.5037], [11.2018,16.4983], [11.1998,16.4526], [11.1955,16.3563], [11.1955,16.3563], [11.4915,23.063], [11.3456,19.7557], [11.3941,20.8549], [11.4426,21.9546], [11.1955,16.3563], [11.1955,16.3563], [11.1864,16.2411], [30.2246,20.7059], [50.8893,33.5197], [50.8893,33.5197], [50.5715,33.8376], [50.4635,33.9457], [50.8893,33.5197], [55.7007,27.9741], [79.3422,50.1186], [79.3969,50.3163], [72.4252,59.1521], [79.2408,49.7525], [83.8201,58.7028], [82.97,61.1379], [85.613,49.8106], [85.1098,49.8511], [84.6371,49.8891], [84.1557,49.9279], [83.5783,49.9744], [71.5166,54.8658], [71.4331,54.7962], [72.9486,56.0579], [71.6102,54.9437], [82.5494,50.0572], [71.3491,54.7263], [81.153,50.1696], [80.6841,50.8377], [80.2004,51.5268], [79.6725,52.2788], [79.1458,53.0292], [78.7009,53.663], [81.3553,50.1533], [68.0738,51.9996], [83.0945,50.0133], [60.2736,54.0913], [60.264,54.2079], [60.283,53.9769], [72.4252,59.1521], [72.4252,59.1521], [58.8143,56.8098], [72.4252,59.1521], [72.3449,59.3606], [72.3181,59.4302], [72.3717,59.2911], [77.7444,62.0371], [74.1318,60.0777], [57.2753,63.3886], [60.1497,59.1759], [72.4252,59.1521], [79.8646,63.1871], [78.9972,62.7166], [60.2522,54.3509], [72.3982,59.2223], [75.2589,79.7042], [75.8537,80.2578], [74.852,79.3255], [64.7399,67.8567], [64.3217,67.3538], [56.594,62.2556], [51.1733,60.3728], [74.31,78.8212], [51.5449,60.5019], [51.6801,60.5489], [65.0395,68.2168], [65.9042,69.2566], [65.6154,68.9093], [60.0882,62.2633], [63.0088,65.7752], [63.7397,66.6541], [51.8127,60.5949], [52.3238,60.7725], [52.1897,60.7259], [52.056,60.6795], [51.937,60.6381], [59.5863,61.6597], [62.05,64.6223], [61.1235,63.5081], [60.5417,62.8085], [52.4518,60.817], [52.6963,60.9019], [52.5712,60.8585], [56.594,62.2556], [60.3025,53.7403], [56.6232,62.2776], [58.3067,65.1456], [64.295,74.6774], [66.1859,75.4197], [60.0983,68.1972], [56.6232,62.2776], [56.9642,61.427], [47.3408,70.1347], [57.0678,63.0351], [59.6317,88.9523], [72.3258,76.9747], [70.6478,74.96], [58.065,82.7092], [57.8142,81.4005], [72.3361,76.9844], [57.5007,79.7644], [67.3549,71.0009], [57.5007,79.7644], [51.8553,80.3704], [57.5007,79.7644], [58.0794,61.9598], [73.8023,78.3488], [67.8466,71.5921], [73.3548,77.9323], [72.4765,77.115], [55.6624,79.0774], [56.2701,79.3045], [56.6794,79.4575], [57.0802,79.6072], [75.8767,80.8152], [66.5326,70.0121], [65.334,68.5709], [67.0756,70.665], [48.3749,78.2894], [56.6232,62.2776], [60.293,88.3296], [62.5905,88.1873], [55.7595,88.6101], [75.1007,88.0425], [48.7968,75.3215], [75.4809,79.0684], [85.8451,83.3201], [85.6329,83.8454], [85.4431,82.9789], [86.0062,83.4567], [85.7163,83.7586], [85.8133,83.6575], [83.5602,82.2398], [85.9042,83.5629], [84.2143,85.1717], [83.8439,85.5607], [83.5012,85.9206], [73.0694,88.4234], [82.5736,86.8948], [66.2214,69.638], [56.8637,62.6874], [56.6232,62.2776], [56.799,61.8391], [51.3887,85.878], [54.1957,78.6627], [52.4082,79.967], [52.7034,79.7516], [52.5586,79.8572], [51.3536,86.5066], [53.9137,78.8684], [53.7789,78.9668], [51.679,80.6747], [52.1286,80.1709], [58.5484,85.2321], [52.974,79.5541], [53.6528,79.0588], [53.3784,79.259], [53.0992,79.4628], [51.9917,80.2708], [48.1723,88.2562], [43.166,88.5722], [51.4055,85.5768], [57.6834,80.7179], [40.6663,88.4676], [43.3062,88.5987], [43.1426,88.9123], [43.6071,90.2123], [47.0349,89.5909], [43.6071,90.2123], [48.5443,89.3175], [44.6725,90.0189], [45.2337,89.9171], [48.9007,89.2529], [44.4216,86.4609], [44.1298,90.1174], [47.8563,89.4422], [46.8944,89.6163], [47.9181,81.1227], [47.932,81.1146], [48.1865,89.3823], [47.7595,81.2158], [49.2759,89.1848], [43.6071,90.2123], [47.9446,81.1071], [50.7238,88.9223], [43.6071,90.2123], [43.467,88.2905], [47.5475,89.4981], [34.3468,88.7616], [50.3692,88.9866], [43.6071,90.2123], [40.2046,87.9779], [40.3383,88.1197], [51.2871,87.6997], [51.2694,88.0179], [51.3351,86.8392], [51.3068,87.3477], [51.2737,87.9403], [51.2801,87.8259], [58.7888,86.4869], [51.2717,87.9759], [48.9509,88.207], [58.6763,85.8997], [51.3704,86.2057], [40.2488,88.0247], [34.2724,88.7222], [48.5488,88.2324], [55.0014,88.6571], [56.4411,88.5678], [43.5304,90.2025], [42.8497,89.4736], [51.3173,87.1589], [51.6848,80.5689], [39.7067,87.4498], [40.5244,88.3171], [26.8668,88.486], [40.4774,88.2672], [40.2924,88.071], [33.0126,88.682], [51.2941,87.5744], [38.1343,85.7848], [37.813,85.4468], [51.6322,81.5135], [53.2382,79.3613], [57.5007,79.7644], [51.6809,80.64], [51.6869,80.5326], [31.3463,88.6289], [51.4223,85.2761], [54.2543,88.7035], [53.5576,88.7467], [52.8946,88.7878], [51.7776,88.857], [50.7238,88.9223], [50.7238,88.9223], [50.7238,88.9223], [50.7238,88.9223], [50.7238,88.9223], [50.0093,89.0519], [53.5162,79.1585], [59.2641,88.9668], [39.9816,87.7414], [59.2641,88.9668], [64.1368,88.7749], [64.0113,88.7798], [63.8802,88.785], [63.7388,88.7905], [63.5896,88.7964], [63.4407,88.8023], [63.3064,88.8076], [63.168,88.813], [62.7771,88.1757], [62.8205,88.1729], [62.8642,88.1702], [62.9087,88.1674], [62.9535,88.1646], [62.9898,88.1624], [63.0255,88.1602], [63.0621,88.1579], [63.1008,88.1555], [63.1406,88.153], [63.1831,88.1503], [63.2255,88.1477], [63.2621,88.1454], [63.2997,88.1431], [63.5166,88.1295], [63.4243,88.1353], [65.4535,88.1001], [63.8341,88.1098], [64.4692,88.106], [72.602,88.0573], [63.3744,88.1384], [51.4386,84.9831], [67.0632,88.6597], [65.649,88.7154], [65.3126,88.7286], [64.9827,88.7416], [64.6463,88.7548], [69.6173,88.5592], [71.3483,