{
  "instance_index": 0,
  "birth_iter": 42,
  "death_iter": 50,
  "survival_iters": 8,
  "censored": false,
  "pre_vnd_cost": 9208.07,
  "post_vnd_cost": 630.528,
  "pre_vnd_coords": [[80,20], [55.4249,20.6394], [71.8904,17.8707], [67.3704,16.6837], [62.7871,16.8537], [61.9867,17.2652], [57.6257,19.5077], [64.5555,15.9444], [60.0287,18.2721], [52.2936,36.2947], [61.0524,17.7457], [79.0371,48.2018], [59.0873,18.7562], [63.6371,16.4166], [52.2936,36.2947], [52.2936,36.2947], [53.31,39.6743], [79.0431,48.2123], [52.2936,36.2947], [39.8279,36.4185], [51.8587,35.3233], [54.1882,52.2821], [53.0666,39.8804], [45.1023,38.4222], [47.987,24.464], [51.605,34.7565], [49.8082,30.7424], [50.4571,32.192], [49.5335,30.1286], [50.0963,31.386], [52.2936,36.2947], [52.7052,40.1194], [52.7937,37.9577], [53.3049,39.6985], [53.31,39.6743], [46.3714,38.7464], [51.1566,33.7547], [52.2936,36.2947], [50.9104,33.2047], [48.153,27.0446], [48.7155,28.3012], [49.2265,29.4427], [53.219,39.7796], [47.4219,24.7546], [47.5768,25.7573], [50.6694,32.6662], [47.6187,24.6534], [35.9287,32.1239], [47.183,24.8774], [49.5435,23.6637], [31.9997,47.152], [28.2774,41.48], [28.9556,41.1056], [38.3398,35.9256], [25.2711,43.1394], [38.0059,42.1365], [26.8962,42.2424], [33.7217,50.9497], [23.7877,43.9583], [23.6465,44.0363], [34.3337,38.1367], [33.7963,50.7774], [32.5941,53.5513], [24.0113,43.8349], [32.9704,52.683], [24.9468,43.3185], [24.3654,43.6394], [23.7128,43.9997], [33.881,50.582], [24.7818,43.4096], [33.9635,50.3919], [26.1258,42.6677], [22.2164,60.7277], [20.8325,45.5889], [24.8626,43.365], [33.9634,50.3919], [31.7058,39.5875], [34.0931,38.2696], [27.7222,72.6166], [20.8245,45.5933], [24.5453,60.1524], [22.9964,60.535], [20.9501,61.0405], [22.3167,60.7029], [22.612,60.63], [22.8075,60.5817], [15.0338,63.672], [22.0275,60.7744], [20.8494,45.5795], [20.1173,61.2463], [21.9305,60.7983], [27.0187,59.5415], [30.9181,57.4184], [19.6734,61.3559], [29.2211,58.9975], [25.1092,43.2288], [25.0265,43.2745], [18.2237,45.8692], [34.3776,49.546], [44.4186,56.3656], [17.1385,45.9782], [26.6469,59.6333], [20.5622,61.1364], [30.8053,74.7007], [8.56465,64.5895], [22.7099,60.6058], [27.3845,59.4512], [18.0568,62.0578], [8.7605,66.8284], [31.2899,56.5606], [30.662,40.1636], [25.1883,43.1851], [14.9971,63.6916], [9.16555,72.3451], [14.9971,63.6916], [18.6263,61.7537], [15.2882,63.5361], [8.68143,65.7516], [14.9971,63.6916], [30.8408,74.7247], [15.513,82.244], [15.4244,82.2087], [15.3328,82.1723], [23.1883,60.4876], [14.9971,63.6916], [9.38206,64.8352], [9.36932,75.1203], [23.0909,60.5117], [22.9036,60.5579], [8.88093,68.4686], [8.56611,64.7927], [9.72298,79.9388], [9.72296,79.9388], [9.19383,72.7302], [15.2581,63.5522], [15.2261,63.5693], [8.90885,68.8488], [8.83167,67.7976], [8.8236,46.8139], [8.73862,66.5303], [16.009,63.1513], [23.5872,60.3891], [23.9664,82.0882], [23.9113,43.8901], [8.70514,66.0744], [9.11359,71.6374], [8.65778,65.4296], [15.3175,63.5205], [8.58324,64.4145], [8.66536,65.5328], [8.85474,68.1119], [8.71302,66.1817], [14.9971,63.6916], [9.09066,71.3251], [8.80775,67.4719], [8.64972,65.3197], [8.5676,65.0011], [8.78532,67.1664], [8.57246,64.2676], [8.94073,69.2831], [8.61426,64.8368], [8.60383,64.6949], [8.96866,69.6634], [8.64183,65.2124], [8.56335,64.4078], [8.67384,65.6483], [8.59391,64.5598], [9.72298,79.9388], [21.9175,74.4311], [9.72298,79.9388], [12.7254,46.4217], [8.8236,46.8139], [16.7699,62.7449], [20.8285,45.5911], [8.82359,46.8139], [9.37541,46.7584], [8.68925,65.858], [9.66519,46.7293], [10.3757,46.6579], [9.23567,46.7725], [14.6833,46.225], [9.24517,40.476], [25.3571,43.092], [18.734,45.8179], [8.99067,46.7971], [19.8292,45.7078], [11.7924,46.5155], [9.19918,41.1675], [20.8405,45.5845], [9.14074,42.046], [9.26802,40.1324], [9.0839,42.9003], [9.2916,39.7778], [8.89489,45.7416], [20.8451,45.5819], [8.56225,64.2553], [8.99937,44.1707], [24.6109,43.5039], [20.8363,45.5867], [19.1111,61.4949], [10.9467,46.6005], [8.93909,45.077], [9.04908,43.4237], [8.56125,64.1149], [9.17868,41.4757], [21.4231,60.9237], [9.15932,41.7667], [8.86905,46.1303], [23.5723,44.0773], [9.10104,42.6428], [8.91808,45.3928], [8.82359,46.8139], [8.9602,44.7596], [9.11959,42.364], [8.84639,46.471], [9.03199,43.6806], [9.52453,46.7434], [9.31324,39.4524], [15.7642,46.1164], [9.01613,43.9189], [20.7634,45.6139], [13.7368,46.3201], [9.22276,40.8129], [20.8534,45.5774], [8.8236,46.8139], [19.2981,45.7612], [9.06747,43.1473], [23.85,43.9239], [24.6908,43.4598], [24.2769,43.6883], [9.11081,46.785], [10.8654,16.1098], [22.0582,44.9126], [15.1228,30.4048], [9.80433,32.0627], [9.52351,36.2865], [9.61301,34.9405], [9.88146,30.9029], [10.5776,20.4366], [9.95364,29.8176], [16.319,29.1487], [23.7154,21.7327], [10.4548,22.2826], [8.98137,44.4413], [10.2307,25.6518], [18.7994,26.5441], [10.0847,27.8476], [9.726,33.2405], [10.1568,26.7638], [11.452,18.0793], [10.8085,16.9656], [20.5747,24.6799], [20.8012,24.442], [10.8654,16.1098], [10.6387,19.5178], [10.0256,28.7348], [10.8655,16.1098], [10.8655,16.1098], [10.5266,21.2023], [10.8655,16.1098], [10.8655,16.1098], [11.8662,19.4701], [10.3354,24.0775], [10.8655,16.1098], [10.8654,16.1098], [10.7538,17.7873], [10.6963,18.6524], [10.8654,16.1098], [10.8654,16.1098], [10.3969,23.152], [10.8655,16.1098], [27.4556,18.2556], [27.6455,18.0791], [28.0547,17.6987], [27.9583,17.7883], [17.8671,27.5231], [37.6698,16.8224], [28.0547,17.6987], [36.2425,16.9525], [33.4446,17.2075], [27.6013,18.1202], [30.1008,17.5122], [27.8563,17.8832], [15.747,29.7494], [27.5523,18.1657], [27.8121,17.9242], [19.655,25.6456], [28.0032,17.7465], [25.387,20.1786], [27.5003,18.214], [18.3533,27.0125], [20.2467,25.0244], [19.9454,25.3407], [24.5395,43.5433], [27.7644,17.9685], [23.5064,44.1136], [27.9051,17.8378], [22.2939,23.0543], [27.3682,18.3368], [24.4624,43.5859], [27.7231,18.0069], [17.3317,28.0852], [14.0005,26.6365], [19.2316,26.0902], [27.4111,18.2969], [16.8096,28.6335], [24.1019,43.7849], [24.1933,43.7344], [33.8767,38.389], [32.2345,39.2956], [36.2549,37.0763], [32.5089,39.1442], [32.7747,38.9974], [48.0308,29.6354], [39.1379,39.8247], [38.3398,35.9256], [30.224,40.4055], [36.2646,53.7908], [32.3323,47.2658], [39.8279,36.4185], [39.8609,36.4324], [39.8978,36.4479], [39.9313,36.462], [39.8279,36.4185], [48.2944,24.306], [54.3116,49.3148], [52.9218,39.9762], [52.9906,39.9307], [51.1894,51.54], [50.076,39.6927], [47.8138,39.1148], [53.31,39.6743], [52.2936,36.2947], [52.8506,40.0232], [52.4381,40.2961], [78.9882,48.1158], [52.6207,40.1753], [53.2989,39.7268], [52.548,40.2233], [75.5741,66.526], [75.5741,66.526], [76.9526,87.9771], [81.9969,87.3261], [35.9287,32.1239], [35.9287,32.1239], [35.9287,32.1239], [39.8279,36.4185], [46.8819,54.61], [45.326,55.7189], [54.3116,49.3148], [45.0118,61.6268], [44.7666,59.4517], [49.8991,52.4596], [53.2425,50.0767], [45.8551,55.3417], [48.9303,53.15], [55.9155,51.7869], [48.462,53.4838], [44.743,59.2423], [29.8972,74.0869], [45.3743,64.8419], [30.2898,74.3523], [30.4899,74.4876], [44.676,58.648], [44.698,58.8432], [44.7908,59.6666], [44.881,56.036], [30.4132,74.4357], [25.5575,71.5616], [44.4893,56.9921], [44.5226,57.2879], [44.5551,57.5757], [30.0636,74.1994], [47.7307,69.6287], [29.979,74.1422], [44.8137,59.8698], [50.04,74.3235], [44.6196,58.1484], [44.6502,58.4195], [48.2504,70.6844], [29.7119,73.9616], [47.4886,69.1369], [54.2582,65.26], [45.1997,63.2936], [56.4863,55.1287], [56.2021,53.4647], [55.2334,66.9249], [46.3313,66.786], [56.2212,68.6112], [54.2582,65.26], [50.0601,74.3721], [44.5883,57.8707], [54.2582,65.26], [45.8944,65.8984], [55.8342,51.3112], [50.532,52.0085], [47.9971,53.8152], [54.2582,65.26], [47.2489,68.65], [55.788,51.0403], [55.6258,50.091], [52.3161,50.737], [55.9544,52.0145], [47.4857,54.1796], [53.8202,49.665], [46.4101,54.9462], [56.3277,54.2001], [54.2582,65.26], [56.159,53.2126], [55.5392,49.5836], [56.0319,52.4684], [55.6523,50.2459], [56.2417,53.697], [55.8761,51.5561], [54.8282,62.7686], [56.5249,55.3549], [54.5732,63.8829], [56.282,