{
  "instance_index": 0,
  "birth_iter": 18,
  "death_iter": 50,
  "survival_iters": 32,
  "censored": false,
  "pre_vnd_cost": 10224.4,
  "post_vnd_cost": 674.204,
  "pre_vnd_coords": [[80,20], [83.5838,24.9542], [76.1663,34.8308], [80.7496,28.7281], [76.1663,34.8308], [76.1663,34.8308], [77.9231,32.4917], [65.083,47.948], [72.0166,43.0139], [72.0166,43.0139], [65.083,47.948], [72.0166,43.0139], [46.6967,59.6657], [52.5547,43.2109], [57.7586,48.2649], [57.7586,48.2649], [52.5547,43.2109], [52.5547,43.2109], [46.6967,59.6657], [51.3288,52.2309], [46.6967,59.6657], [31.4403,61.6909], [51.3288,52.2309], [31.4403,61.6909], [46.6967,59.6657], [46.6967,59.6657], [46.6967,59.6657], [31.4403,61.6909], [31.4403,61.6909], [6.26139,52.4312], [7.7876,39.5497], [6.26139,52.4312], [31.4403,61.6909], [-1.11566,36.4388], [4.54291,55.3692], [4.54291,55.3692], [6.26139,52.4312], [-0.72957,35.1468], [4.54291,55.3692], [6.26139,52.4312], [-0.72957,35.1468], [6.26139,52.4312], [-1.11566,36.4388], [4.54291,55.3692], [4.54291,55.3692], [6.26139,52.4312], [4.54291,55.3692], [10.9031,54.0183], [4.54291,55.3692], [6.26139,52.4312], [7.7876,39.5497], [-0.72957,35.1468], [7.7876,39.5497], [10.9031,54.0183], [-1.11566,36.4388], [6.26139,52.4312], [7.60931,60.816], [4.54291,55.3692], [4.54291,55.3692], [6.26139,52.4312], [4.54291,55.3692], [19.6719,63.2714], [7.7876,39.5497], [6.26139,52.4312], [19.6719,63.2714], [10.9031,54.0183], [6.26139,52.4312], [19.6719,63.2714], [4.54291,55.3692], [11.0973,66.2711], [11.0973,66.2711], [19.6719,63.2714], [11.0973,66.2711], [19.6719,63.2714], [7.60931,60.816], [32.9023,72.1819], [24.3069,74.8803], [29.5279,73.3225], [11.0973,66.2711], [24.3069,74.8803], [19.6719,63.2714], [19.6719,63.2714], [31.4403,61.6909], [31.8335,63.4643], [49.3046,56.0127], [24.7187,58.8764], [44.6163,63.2922], [25.5736,58.4637], [43.7987,65.8863], [61.4281,61.1853], [35.5648,66.6546], [60.2965,61.6522], [50.2495,54.5455], [47.613,58.6392], [49.929,55.0432], [57.5049,52.7749], [54.5166,52.8077], [59.4712,64.4229], [49.0184,56.457], [26.8026,69.5302], [34.7646,65.9703], [59.6652,65.6563], [56.759,52.7831], [60.6254,61.5165], [55.2557,52.7996], [63.6842,69.9724], [51.0649,53.3372], [58.2548,52.7667], [63.7746,60.2172], [62.3967,52.7212], [50.6089,53.9876], [63.4264,60.3609], [48.5548,57.1769], [68.214,52.657], [59.798,52.7497], [52.2946,52.8321], [59.1288,52.7571], [60.5703,52.7413], [68.214,52.657], [64.4814,59.9256], [65.364,59.5614], [53.7905,52.8157], [68.214,52.657], [62.7383,60.6447], [67.7862,52.6617], [61.2909,52.7334], [68.214,52.657], [68.214,52.657], [64.945,59.7343], [67.6011,52.6637], [68.0076,52.6592], [70.1004,53.8033], [61.9619,52.726], [68.214,52.657], [72.049,54.9873], [7.7876,39.5497], [9.52273,15.2815], [-3.48123,37.7848], [-1.11566,36.4388], [9.25181,30.5395], [9.25181,30.5395], [9.52273,15.2815], [9.52273,15.2815], [-0.72957,35.1468], [9.52273,15.2815], [9.52273,15.2815], [9.52273,15.2815], [9.52273,15.2815], [9.52273,15.2815], [9.52273,15.2815], [9.52273,15.2815], [9.25181,30.5395], [9.52273,15.2815], [-3.48123,37.7848], [9.52273,15.2815], [9.52273,15.2815], [9.52273,15.2815], [9.52273,15.2815], [9.52273,15.2815], [9.25181,30.5395], [-0.72957,35.1468], [-3.48123,37.7848], [-1.11566,36.4388], [-0.72957,35.1468], [7.7876,39.5497], [6.26139,52.4312], [6.26139,52.4312], [-1.11566,36.4388], [7.7876,39.5497], [6.26139,52.4312], [4.54291,55.3692], [4.54291,55.3692], [4.54291,55.3692], [4.54291,55.3692], [7.63932,77.4788], [11.0973,66.2711], [4.54291,55.3692], [10.401,76.5558], [10.401,76.5558], [7.63932,77.4788], [7.63932,77.4788], [4.54291,55.3692], [7.60931,60.816], [19.6719,63.2714], [19.6719,63.2714], [18.2173,70.0962], [24.3069,74.8803], [18.2173,70.0962], [11.0973,66.2711], [10.401,76.5558], [7.60931,60.816], [7.60931,60.816], [10.401,76.5558], [7.63932,77.4788], [7.60931,60.816], [19.6719,63.2714], [4.54291,55.3692], [7.60931,60.816], [19.6719,63.2714], [19.6719,63.2714], [19.6719,63.2714], [14.9031,83.6353], [11.0973,66.2711], [7.63932,77.4788], [18.2173,70.0962], [9.52128,84.4399], [7.60931,60.816], [7.63932,77.4788], [11.0973,66.2711], [7.63932,77.4788], [7.60931,60.816], [7.63932,77.4788], [7.63932,77.4788], [11.0973,66.2711], [14.9031,83.6353], [11.0973,66.2711], [7.63932,77.4788], [7.63932,77.4788], [14.8943,76.7624], [10.3792,76.8057], [7.07108,84.6787], [7.63932,77.4788], [9.52128,84.4399], [7.07108,84.6787], [14.8943,76.7624], [9.52128,84.4399], [24.3069,74.8803], [11.0973,66.2711], [11.0973,66.2711], [7.63932,77.4788], [7.07108,84.6787], [10.401,76.5558], [14.8943,76.7624], [7.63932,77.4788], [24.3069,74.8803], [7.63932,77.4788], [16.0865,85.5051], [10.401,76.5558], [7.63932,77.4788], [11.0973,66.2711], [9.52128,84.4399], [7.07108,84.6787], [14.9031,83.6353], [10.401,76.5558], [7.63932,77.4788], [11.3853,94.4087], [9.52128,84.4399], [11.3853,94.4087], [11.3853,94.4087], [11.3853,94.4087], [10.401,76.5558], [10.8972,93.8371], [9.52128,84.4399], [9.52128,84.4399], [11.3853,94.4087], [10.401,76.5558], [11.3853,94.4087], [11.0672,78.7478], [11.3853,94.4087], [11.3853,94.4087], [11.3853,94.4087], [16.0865,85.5051], [24.3069,74.8803], [9.52128,84.4399], [11.3853,94.4087], [16.0865,85.5051], [11.3853,94.4087], [11.3853,94.4087], [28.7656,94.3572], [11.3853,94.4087], [7.63932,77.4788], [11.0672,78.7478], [9.52128,84.4399], [17.9063,89.7991], [16.0865,85.5051], [11.3853,94.4087], [14.9031,83.6353], [7.07108,84.6787], [10.8972,93.8371], [17.9063,89.7991], [17.9063,89.7991], [11.3853,94.4087], [10.8972,93.8371], [11.3853,94.4087], [11.3853,94.4087], [11.3853,94.4087], [11.3853,94.4087], [16.0865,85.5051], [11.3853,94.4087], [11.3853,94.4087], [15.0779,83.6761], [16.8814,91.7106], [13.4873,91.269], [13.2616,91.195], [15.6808,88.7978], [12.0805,90.8081], [15.0791,83.8192], [15.08,83.9284], [15.4737,87.1194], [16.6602,91.5696], [15.0786,83.7615], [27.711,80.3597], [20.7198,71.2812], [15.8352,90.0488], [29.8785,88.0607], [15.7724,89.5398], [17.3034,91.9798], [15.0779,83.6761], [27.2989,79.2911], [17.3952,92.107], [16.3302,91.3591], [14.4901,91.5975], [12.7962,91.0426], [26.478,68.8913], [12.5645,90.9667], [17.6526,92.4638], [16.5512,91.5], [16.4384,91.4281], [15.9038,90.6048], [17.3034,91.9798], [15.0795,83.8743], [16.7203,92.3281], [15.3001,85.7123], [26.8626,78.1597], [26.9884,78.4859], [17.7335,92.5758], [28.4998,82.405], [15.5846,88.0179], [29.0843,83.9207], [17.4861,92.233], [30.1201,90.0375], [30.1259,90.0856], [29.781,87.2633], [28.7971,83.1759], [38.264,68.9627], [36.1909,90.5899], [30.683,90.3439], [29.7619,87.1064], [43.044,90.896], [29.7423,86.9461], [33.2102,90.4568], [29.9518,88.6606], [31.7241,90.3904], [28.186,81.5914], [31.1998,90.367], [32.708,90.4343], [34.1481,90.4987], [41.5751,71.794], [28.9904,83.6772], [28.6045,82.6766], [38.6369,90.6992], [29.2879,84.4485], [29.9192,88.3938], [28.7026,82.931], [26.5949,69.1213], [15.7258,89.1623], [15.0783,83.7338], [27.4143,79.5903], [27.5117,79.8427], [29.1847,84.1811], [16.7848,79.815], [16.9947,91.7829], [27.19,79.0086], [27.6098,80.0973], [29.7978,87.4006], [27.044,77.0172], [26.4224,68.5074], [17.7869,77.5484], [15.6319,88.4017], [28.0599,81.2643], [28.89,83.4167], [26.7419,69.4107], [27.8293,80.6665], [27.2125,75.9555], [26.3983,68.6455], [15.2146,85.0196], [15.1437,84.4452], [26.3868,68.7117], [26.5644,69.0613], [25.3074,58.5922], [26.8895,69.7012], [29.3901,84.7136], [26.4461,68.8284], [26.4101,68.5778], [15.0781,83.7048], [27.6393,73.2668], [27.0355,69.9886], [26.46,68.2914], [27.0854,78.7374], [28.4936,60.6087], [26.9751,69.8697], [15.9987,81.5932], [26.4139,68.765], [19.0516,74.6872], [22.0672,70.5614], [26.6205,69.1718], [29.3987,61.3825], [21.2199,71.014], [20.9656,71.1499], [18.5561,75.8082], [26.4344,68.4383], [25.7008,58.4023], [22.8018,70.1689], [24.9377,58.7707], [20.507,71.3948], [21.4779,70.8761], [19.5931,73.4623], [23.626,69.7286], [24.9905,68.9996], [15.0788,83.7891], [26.4465,68.3689], [12.3097,90.8832], [15.3877,86.422], [13.972,91.4278], [15.0793,83.8462], [14.2211,