{
  "instance_index": 0,
  "birth_iter": 21,
  "death_iter": 40,
  "survival_iters": 19,
  "censored": false,
  "pre_vnd_cost": 10312.4,
  "post_vnd_cost": 534.9,
  "pre_vnd_coords": [[80,20], [99.6131,15.9361], [99.6131,15.9361], [67.5502,15.2184], [69.6636,14.1574], [69.6636,14.1574], [72.0076,14.0365], [95.4619,5.86625], [95.4619,5.86625], [95.4619,5.86625], [99.6131,15.9361], [84.3433,61.3263], [84.0754,55.0212], [84.0754,55.0212], [77.7162,59.3561], [73.8512,69.1903], [61.982,68.7381], [75.3302,70.3936], [88.8464,75.4967], [82.7517,79.6119], [88.8464,75.4967], [67.0169,75.8558], [82.6916,76.3695], [83.2041,86.5851], [88.8464,75.4967], [73.8512,69.1903], [67.0169,75.8558], [73.8512,69.1903], [82.6916,76.3695], [59.0108,72.2857], [73.9373,90.8452], [84.0562,99.7189], [84.0562,99.7189], [82.7517,79.6119], [84.0562,99.7189], [84.0562,99.7189], [84.0562,99.7189], [88.8464,75.4967], [88.8464,75.4967], [83.2041,86.5851], [74.2266,91.0969], [74.2266,91.0969], [83.2041,86.5851], [62.3556,69.3782], [59.0108,72.2857], [59.0108,72.2857], [52.503,73.872], [49.5627,71.1152], [49.5627,71.1152], [52.503,73.872], [59.0108,72.2857], [49.5627,71.1152], [50.9009,71.3266], [36.5271,71.1788], [56.5144,71.0952], [55.6475,71.1335], [56.6572,71.0889], [61.7627,68.3624], [56.232,71.1077], [47.4653,65.3696], [36.4999,69.6754], [27.3594,43.8295], [23.5998,46.8429], [36.8878,62.0279], [24.9103,71.9361], [20.9962,48.9341], [21.888,62.8279], [24.501,54.336], [12.6166,36.2723], [9.81278,60.4593], [9.81197,64.2089], [9.81131,67.2665], [9.8148,51.0946], [9.81117,67.9068], [9.81204,63.9067], [24.8321,55.8444], [21.8237,62.9632], [21.2751,50.0384], [7.32881,46.7102], [22.1261,62.66], [20.5421,48.0518], [24.9155,44.6763], [7.32881,46.7102], [39.971,42.6501], [20.5421,48.0518], [23.5998,46.8429], [20.5421,48.0518], [20.5421,48.0518], [24.2249,53.9681], [36.3669,62.3372], [36.3798,63.0523], [59.0108,72.2857], [59.0108,72.2857], [43.9442,68.0437], [59.0108,72.2857], [59.0108,72.2857], [37.852,61.8243], [36.4473,66.777], [36.4541,67.1515], [36.4765,68.3861], [36.6347,62.0814], [36.5139,70.4497], [36.4917,69.224], [22.1261,62.66], [22.1261,62.66], [23.5998,46.8429], [22.1261,62.66], [15.7622,57.9203], [22.1261,62.66], [23.4228,52.8996], [5.64281,77.6456], [22.0308,75.3598], [3.56546,89.8368], [9.90064,78.037], [22.0308,75.3598], [5.64281,77.6456], [9.90064,78.037], [22.0308,75.3598], [9.90064,78.037], [12.4874,89.1883], [9.81045,71.2406], [14.8841,88.998], [9.80837,80.9397], [17.2035,74.8463], [9.81176,65.192], [9.81009,72.9502], [9.8099,73.7986], [3.56546,89.8368], [3.56546,89.8368], [3.56546,89.8368], [9.90064,78.037], [5.64281,77.6456], [3.56546,89.8368], [5.64281,77.6456], [3.68286,66.1262], [3.68286,66.1262], [3.56546,89.8368], [3.56546,89.8368], [10.9658,89.3091], [9.80947,75.8142], [21.3381,88.4856], [9.80997,73.4755], [13.2047,89.1314], [15.1164,88.9796], [21.2081,88.4959], [11.6195,89.2572], [14.2319,89.0498], [12.0784,89.2208], [9.81014,72.7237], [3.68286,66.1262], [3.68286,66.1262], [15.7622,57.9203], [15.7622,57.9203], [15.7622,57.9203], [3.68286,66.1262], [3.68286,66.1262], [3.56546,89.8368], [3.56546,89.8368], [3.56546,89.8368], [11.08,89.3001], [20.7648,88.5311], [9.81226,62.847], [23.5848,72.0225], [20.0443,88.5883], [24.4479,71.9662], [26.4374,71.8366], [31.2587,71.5223], [22.8382,72.0711], [20.9944,88.5129], [15.7236,87.0898], [13.8471,89.0804], [13.6096,89.0992], [18.4362,88.716], [3.56546,89.8368], [3.56546,89.8368], [3.56546,89.8368], [3.68286,66.1262], [3.68286,66.1262], [3.68286,66.1262], [3.68286,66.1262], [3.68286,66.1262], [3.68286,66.1262], [3.68286,66.1262], [3.68286,66.1262], [3.68286,66.1262], [10.1892,60.8534], [3.68286,66.1262], [9.81328,58.1286], [9.81431,53.3488], [9.81472,51.4611], [9.81245,61.9679], [9.8138,55.7319], [9.8119,64.5235], [9.81255,61.511], [23.5998,46.8429], [22.1261,62.66], [22.1261,62.66], [22.1261,62.66], [22.1261,62.66], [24.0028,71.9952], [9.81299,59.4899], [9.81617,44.7104], [9.8137,56.1641], [9.81289,59.9562], [12.7502,89.1675], [9.80814,82.0249], [9.80665,88.9641], [9.80907,77.6638], [9.80657,89.2988], [10.1124,89.3769], [9.80662,89.081], [13.0338,89.1449], [9.80757,84.6458], [16.2887,88.8865], [13.3825,89.1172], [16.9426,88.8346], [14.6607,89.0158], [11.2975,89.2828], [9.80667,88.8646], [16.5947,88.8622], [11.9638,89.2299], [12.2144,89.21], [12.6137,89.1783], [24.3666,88.0792], [29.3117,78.7418], [22.2902,70.6077], [22.0308,75.3598], [26.3054,85.8449], [36.3822,76.9424], [26.3054,85.8449], [22.0308,75.3598], [34.3155,90.007], [37.0718,77.5169], [34.3155,90.007], [30.7067,70.8468], [29.3117,78.7418], [29.3117,78.7418], [26.3054,85.8449], [43.4378,83.4375], [36.3822,76.9424], [36.3822,76.9424], [34.3155,90.007], [42.8185,76.2862], [36.4405,66.4014], [34.1105,82.4154], [52.0883,71.2907], [51.2537,71.3276], [51.6676,71.3093], [58.7816,70.9266], [34.1105,82.4154], [36.5192,70.7455], [36.5096,70.2145], [46.4426,82.2408], [46.4193,82.1951], [44.2606,91.3798], [46.9589,64.4916], [46.4686,82.2917], [21.5243,72.1568], [29.4334,71.6413], [32.4892,71.4421], [49.7825,88.7747], [49.5236,86.4455], [49.5236,86.4455], [61.8825,84.7132], [49.5236,86.4455], [58.2394,93.7187], [52.5536,90.9075], [52.9856,64.9414], [42.2468,94.4099], [49.5627,71.1152], [49.5236,86.4455], [50.3853,67.0976], [58.2394,93.7187], [60.3946,85.693], [49.5236,86.4455], [52.503,73.872], [56.9047,91.514], [64.073,87.9964], [63.5821,87.9959], [56.216,87.9888], [54.9152,87.2195], [65.9245,87.9982], [42.5512,91.1705], [49.6006,88.879], [61.3484,87.9938], [69.2867,88.0014], [76.1431,88.0081], [56.216,87.9888], [44.9176,91.4602], [56.216,87.9888], [54.009,86.6835], [43.704,91.3116], [63.099,87.9955], [42.6939,91.188], [42.2468,94.4099], [42.2468,94.4099], [26.3054,85.8449], [34.3155,90.007], [52.5536,90.9075], [42.2468,94.4099], [42.2468,94.4099], [34.3155,90.007], [42.2468,94.4099], [34.3155,90.007], [42.2468,94.4099], [43.4378,83.4375], [45.5912,103.994], [29.3117,78.7418], [34.3155,90.007], [34.3155,90.007], [34.3155,90.007], [26.3054,85.8449], [34.6672,86.8442], [49.6416,88.8555], [24.2059,88.1853], [44.1858,91.3706], [34.583,88.7444], [34.6809,86.5336], [35.8386,90.3486], [36.3287,90.4086], [36.1658,90.3886], [34.5433,89.6404], [45.0654,91.4783], [34.636,90.2014], [24.3166,88.1122], [12.3687,89.1977], [9.81005,73.138], [9.80676,88.4415], [18.7901,88.6879], [20.2957,88.5683], [14.4572,89.0319], [19.9106,88.5989], [34.519,90.187], [11.8498,89.2389], [18.0648,88.7455], [11.7342,89.2481], [23.642,88.3026], [12.8933,89.1561], [20.4224,88.5583], [9.80715,86.6152], [9.80671,88.6529], [19.521,88.6298], [22.2477,88.4133], [10.8601,89.3175], [9.90064,78.037], [9.90064,78.037], [3.56546,89.8368], [3.56546,89.8368], [3.56546,89.8368], [3.56546,89.8368], [3.56546,89.8368], [3.56546,89.8368], [3.56546,89.8368], [3.56546,89.8368], [3.56546,89.8368], [3.56546,89.8368], [9.90064,78.037], [11.3992,89.2747], [20.8731,88.5225], [9.80826,81.4479], [9.81035,71.7234], [9.80876,79.1049], [9.81019,72.4553], [17.331,74.9085], [19.2308,75.0663], [19.7683,74.45], [17.7559,75.1161], [17.953,75.1094], [17.8899,75.1116], [17.8199,75.1139], [18.6456,75.0861], [9.8104,71.4896], [14.0459,89.0646], [25.8719,71.8734], [16.9395,74.7173], [18.5742,75.0885], [22.2902,70.6077], [27.2774,78.6628], [29.3117,78.7418], [22.1261,62.66], [22.1261,62.66], [19.1514,74.3447], [5.64281,77.6456], [5.64281,77.6456], [22.0308,75.3598], [9.90064,78.037], [29.3117,78.7418], [29.3117,78.7418], [19.1514,74.3447], [25.1157,76.7035], [21.2915,72.9884], [36.4315,65.906], [9.81235,62.4308], [18.9653,75.0753], [19.1661,75.0685], [29.9218,71.6095], [34.6553,87.1126], [25.3416,71.908], [21.5243,72.1568], [17.409,72.2528], [36.3757,62.8249], [36.4689,67.9677], [20.1744,88.578], [36.5271,71.1788], [49.5236,86.4455], [49.5236,86.4455], [43.4378,83.4375], [55.1941,88.4404], [52.5536,90.9075], [52.5536,90.9075], [49.5236,86.4455], [73.4823,90.9568], [34.3155,90.007], [55.1941,88.4404], [49.5236,86.4455], [43.4378,83.4375], [34.3155,90.007], 