{
  "instance_index": 0,
  "birth_iter": 6,
  "death_iter": 40,
  "survival_iters": 34,
  "censored": false,
  "pre_vnd_cost": 11337.8,
  "post_vnd_cost": 857.539,
  "pre_vnd_coords": [[80,20], [80.7439,19.8459], [95.4619,5.86625], [95.4619,5.86625], [74.9439,49.1493], [74.9439,49.1493], [70.5359,36.772], [59.1912,47.3641], [70.5359,36.772], [86.8025,33.172], [74.9439,49.1493], [63.8069,50.8418], [78.4801,53.3493], [63.8069,50.8418], [79.7082,44.2865], [67.9528,57.5411], [59.1912,47.3641], [74.9439,49.1493], [59.1912,47.3641], [79.7082,44.2865], [59.1912,47.3641], [74.9439,49.1493], [74.9439,49.1493], [59.1912,47.3641], [59.1912,47.3641], [70.5359,36.772], [59.1912,47.3641], [38.6585,50.7858], [0.0753332,61.828], [0.0753332,61.828], [0.0753332,61.828], [1.53142,70.4673], [13.843,90.6253], [-3.03953,68.5331], [22.8813,92.0166], [24.2591,100.548], [12.8504,97.3917], [22.7977,71.2929], [12.8504,97.3917], [12.8504,97.3917], [22.9352,106.941], [24.2591,100.548], [22.8813,92.0166], [24.2591,100.548], [22.8813,92.0166], [12.8504,97.3917], [24.2591,100.548], [22.8813,92.0166], [22.8813,92.0166], [22.8813,92.0166], [27.3348,96.1841], [29.4645,89.8264], [36.5999,89.3663], [24.5871,82.6683], [27.3348,96.1841], [24.2591,100.548], [27.3348,96.1841], [12.8504,97.3917], [24.1758,89.9293], [24.2591,100.548], [12.8504,97.3917], [22.9352,106.941], [29.4645,89.8264], [42.4733,97.8155], [27.3348,96.1841], [29.4645,89.8264], [45.5912,103.994], [48.3259,97.8704], [42.0145,90.5314], [40.3273,104.432], [42.0145,90.5314], [45.5912,103.994], [42.4733,97.8155], [36.5999,89.3663], [36.5999,89.3663], [36.5999,89.3663], [55.1941,88.4404], [49.304,84.9989], [55.9835,96.151], [45.5912,103.994], [45.419,91.9002], [55.9835,96.151], [65.1432,87.1183], [55.1941,88.4404], [45.419,91.9002], [65.1432,87.1183], [55.1941,88.4404], [55.9835,96.151], [55.1941,88.4404], [55.9835,96.151], [65.1432,87.1183], [45.5912,103.994], [45.5912,103.994], [55.1941,88.4404], [55.1941,88.4404], [43.4378,83.4375], [42.4733,97.8155], [55.1941,88.4404], [42.0145,90.5314], [43.4378,83.4375], [49.304,84.9989], [55.1941,88.4404], [57.1368,72.5497], [55.9835,96.151], [55.1941,88.4404], [41.2125,86.9056], [51.4049,76.7769], [55.9835,96.151], [41.2125,86.9056], [42.4733,97.8155], [42.0145,90.5314], [45.5912,103.994], [40.3273,104.432], [42.4733,97.8155], [40.3273,104.432], [45.5912,103.994], [45.5912,103.994], [29.4645,89.8264], [55.1941,88.4404], [30.7999,81.5715], [55.9835,96.151], [36.5999,89.3663], [36.5999,89.3663], [29.4645,89.8264], [24.1758,89.9293], [29.4645,89.8264], [29.4645,89.8264], [36.5999,89.3663], [42.4733,97.8155], [30.7999,81.5715], [29.4645,89.8264], [41.2125,86.9056], [22.9352,106.941], [29.4645,89.8264], [29.4645,89.8264], [41.2125,86.9056], [42.4733,97.8155], [27.3348,96.1841], [42.4733,97.8155], [29.3117,78.7418], [29.4645,89.8264], [27.7177,68.5714], [24.1758,89.9293], [22.7977,71.2929], [30.7999,81.5715], [27.3348,96.1841], [29.4645,89.8264], [42.4733,97.8155], [36.5999,89.3663], [39.6231,82.0992], [41.7301,77.1295], [41.7301,77.1295], [37.4723,77.5442], [28.4041,78.7033], [39.6231,82.0992], [43.9442,68.0437], [49.2169,72.0113], [49.2169,72.0113], [51.549,80.813], [49.5236,86.4455], [49.5236,86.4455], [41.7301,77.1295], [43.0768,79.1595], [49.5236,86.4455], [51.549,80.813], [51.9922,85.2721], [44.7345,85.53], [55.0339,91.963], [37.5892,70.2125], [64.2032,84.233], [43.0768,79.1595], [43.0768,79.1595], [49.2169,72.0113], [59.2928,84.7082], [50.5977,74.3968], [59.2928,84.7082], [43.0768,79.1595], [67.0169,75.8558], [39.6231,82.0992], [67.0169,75.8558], [43.9442,68.0437], [52.9856,64.9414], [67.0169,75.8558], [49.2169,72.0113], [60.7382,55.8102], [43.9442,68.0437], [49.2169,72.0113], [52.9856,64.9414], [56.2642,62.4167], [70.4617,75.4357], [41.7301,77.1295], [49.2169,72.0113], [43.9442,68.0437], [59.0108,72.2857], [70.4617,75.4357], [43.9442,68.0437], [67.559,67.9097], [67.0169,75.8558], [59.2928,84.7082], [56.2642,62.4167], [64.2032,84.233], [59.0108,72.2857], [56.1186,89.8525], [70.4617,75.4357], [59.0108,72.2857], [70.4617,75.4357], [73.8512,69.1903], [64.2032,84.233], [64.2032,84.233], [64.2032,84.233], [64.2032,84.233], [64.2032,84.233], [80.5145,92.1543], [64.2032,84.233], [64.2032,84.233], [51.9922,85.2721], [64.2032,84.233], [67.0169,75.8558], [59.0108,72.2857], [51.9922,85.2721], [74.2266,91.0969], [55.0339,91.963], [74.2266,91.0969], [50.5977,74.3968], [55.0339,91.963], [49.5236,86.4455], [61.5118,91.4053], [74.2266,91.0969], [59.2928,84.7082], [64.2032,84.233], [61.5118,91.4053], [59.2928,84.7082], [74.2266,91.0969], [74.2266,91.0969], [64.2032,84.233], [74.2266,91.0969], [74.2266,91.0969], [59.2928,84.7082], [64.2032,84.233], [74.2266,91.0969], [74.2266,91.0969], [77.3131,98.6627], [77.3131,98.6627], [74.2266,91.0969], [74.2266,91.0969], [84.0562,99.7189], [64.2032,84.233], [82.6916,76.3695], [89.812,70.614], [82.6916,76.3695], [74.2266,91.0969], [83.7225,80.3028], [83.7225,80.3028], [89.66,86.9495], [74.2266,91.0969], [84.0562,99.7189], [84.0562,99.7189], [84.0562,99.7189], [77.3131,98.6627], [80.5145,92.1543], [84.0562,99.7189], [89.66,86.9495], [80.5145,92.1543], [89.66,86.9495], [89.812,70.614], [89.66,86.9495], [89.66,86.9495], [89.812,70.614], [83.7225,80.3028], [64.2032,84.233], [67.0169,75.8558], [70.4617,75.4357], [70.4617,75.4357], [67.7141,61.1629], [73.5699,55.8868], [67.7141,61.1629], [82.6916,76.3695], [73.8512,69.1903], [82.6916,76.3695], [88.2565,48.4599], [86.6673,50.6318], [89.812,70.614], [73.8512,69.1903], [74.6614,64.6814], [89.812,70.614], [77.7162,59.3561], [86.6673,50.6318], [82.1512,54.5836], [86.6673,50.6318], [86.6673,50.6318], [82.1512,54.5836], [82.1512,54.5836], [82.1512,54.5836], [86.6673,50.6318], [86.6673,50.6318], [73.8512,69.1903], [74.6614,64.6814], [77.7162,59.3561], [82.1512,54.5836], [67.7141,61.1629], [67.7141,61.1629], [67.7141,61.1629], [48.4045,55.8182], [67.559,67.9097], [73.5699,55.8868], [73.5699,55.8868], [56.2642,62.4167], [67.559,67.9097], [50.5977,74.3968], [60.7382,55.8102], [56.2642,62.4167], [70.4617,75.4357], [67.0169,75.8558], [67.559,67.9097], [56.2642,62.4167], [56.2642,62.4167], [67.7141,61.1629], [50.5977,74.3968], [67.559,67.9097], [70.4617,75.4357], [59.2928,84.7082], [50.5977,74.3968], [52.9856,64.9414], [50.5977,74.3968], [52.3193,53.2546], [59.0108,72.2857], [60.7382,55.8102], [59.0108,72.2857], [52.9856,64.9414], [52.9856,64.9414], [50.5977,74.3968], [51.549,80.813], [59.0108,72.2857], [52.9856,64.9414], [52.9856,64.9414], [74.6614,64.6814], [48.4045,55.8182], [52.9856,64.9414], [52.9856,64.9414], [60.7382,55.8102], [36.0617,55.6428], [36.0617,55.6428], [36.0617,55.6428], [43.9442,68.0437], [36.0617,55.6428], [36.0617,55.6428], [37.5892,70.2125], [43.9442,68.0437], [36.3461,64.9235], [24.5871,82.6683], [36.3461,64.9235], [45.0757,55.863], [59.1912,47.3641], [59.1912,47.3641], [63.8069,50.8418], [50.2739,51.0908], [55.1659,53.3533], [45.0757,55.863], [59.1912,47.3641], [59.1912,47.3641], [55.1659,53.3533], [42.4733,97.8155], [29.4645,89.8264], [48.3259,97.8704], [42.4733,97.8155], [55.9835,96.151], [48.3259,97.8704], [60.0342,99.0754], [48.3259,97.8704], [45.5912,103.994], [60.0342,99.0754], [45.5912,103.994], [60.0342,99.0754], [60.0342,99.0754], [60.6366,100.618], [60.6366,100.618], [60.0342,99.0754], [79.7082,44.2865], [74.9439,49.1493], [63.8069,50.8418], [74.9439,49.1493], [86.8025,33.172], [86.8025,33.172], [86.8025,33.172], [86.8025,33.172], [79.7082,44.2865], [99.6131,15.9361], [99.6131,15.9361], [99.6131,15.9361], [48.4045,55.8182], [52.6864,48.9986], [52.6892,50.7657], [52.6864,48.9986], [52.6864,48.9986], [52.6864,48.9986], [52.6864,48.9986], [39.971,42.6501], [48.4045,55.8182], [48.4045,55.8182], [46.7214,51.9632], [52.501,39.3737], [52.6864,48.9986], [48.4045,55.8182], [46.7214,51.9632], [48.4045,55.8182], [48.4045,55.8182], [43.9442,68.0437], [36.0617,55.6428], [48.4045,55.8182], [39.971,42.6501], [46.7214,51.9632], [39.971,42.6501], [52.6864,48.9986], [52.6864,48.9986], [39.971,42.6501], [46.7214,