{
  "instance_index": 0,
  "birth_iter": 9,
  "death_iter": 60,
  "survival_iters": 51,
  "censored": false,
  "pre_vnd_cost": 10545,
  "post_vnd_cost": 590.929,
  "pre_vnd_coords": [[80,20], [99.6131,15.9361], [67.5502,15.2184], [80.7439,19.8459], [95.4619,5.86625], [99.6131,15.9361], [95.4619,5.86625], [99.6131,15.9361], [87.494,33.9817], [87.494,33.9817], [77.7684,41.5637], [87.494,33.9817], [86.6673,50.6318], [88.2565,48.4599], [87.494,33.9817], [87.494,33.9817], [74.0604,42.6067], [77.7684,41.5637], [58.7846,33.2134], [67.1819,21.6469], [52.501,39.3737], [67.1819,21.6469], [67.1819,21.6469], [58.7846,33.2134], [67.1819,21.6469], [58.7846,33.2134], [52.501,39.3737], [52.6864,48.9986], [52.6864,48.9986], [52.501,39.3737], [58.7846,33.2134], [52.501,39.3737], [52.6864,48.9986], [52.6864,48.9986], [52.6864,48.9986], [52.6864,48.9986], [52.501,39.3737], [52.6864,48.9986], [52.6864,48.9986], [48.4045,55.8182], [48.4045,55.8182], [48.4045,55.8182], [48.4045,55.8182], [46.7214,51.9632], [39.971,42.6501], [52.6864,48.9986], [39.971,42.6501], [39.971,42.6501], [39.971,42.6501], [52.501,39.3737], [52.6864,48.9986], [52.501,39.3737], [47.8936,26.0003], [44.9832,48.5368], [60.0967,45.5729], [73.0219,49.3288], [66.488,58.409], [58.5819,58.3717], [58.5819,58.3717], [54.3918,61.2407], [40.3463,44.9601], [46.6776,59.4521], [46.6776,59.4521], [48.4601,71.7882], [48.4601,71.7882], [44.1498,70.8168], [44.1498,70.8168], [54.3918,61.2407], [44.1498,70.8168], [37.9055,83.6043], [44.1498,70.8168], [47.7296,78.2382], [38.8937,77.2344], [38.8937,77.2344], [26.9603,75.8727], [38.8937,77.2344], [37.9055,83.6043], [29.7539,84.7907], [38.7663,98.337], [45.2449,90.4224], [48.0983,99.9959], [28.9147,82.9022], [30.9587,88.8753], [27.9313,90.4209], [44.8297,94.0486], [34.9466,88.7985], [30.9587,88.8753], [40.5563,88.6459], [33.5614,101.669], [24.6743,85.1475], [28.9147,82.9022], [28.9147,82.9022], [28.9147,82.9022], [28.9147,82.9022], [30.9587,88.8753], [15.7236,87.0898], [28.9147,82.9022], [24.5545,94.3033], [17.4646,78.5995], [29.7539,84.7907], [17.4646,78.5995], [29.7539,84.7907], [28.9147,82.9022], [37.5892,70.2125], [12.6504,71.7355], [28.4041,78.7033], [28.9147,82.9022], [28.4041,78.7033], [24.6743,85.1475], [21.1887,93.2935], [28.4041,78.7033], [30.9587,88.8753], [27.9313,90.4209], [30.9587,88.8753], [30.9587,88.8753], [17.4646,78.5995], [48.0983,99.9959], [28.9147,82.9022], [24.2417,97.1393], [30.9587,88.8753], [33.5614,101.669], [27.9313,90.4209], [27.9313,90.4209], [9.4448,98.3169], [21.1887,93.2935], [30.9587,88.8753], [33.5614,101.669], [38.7663,98.337], [24.5545,94.3033], [48.0983,99.9959], [44.8297,94.0486], [48.0983,99.9959], [24.5545,94.3033], [40.5563,88.6459], [34.9466,88.7985], [38.7663,98.337], [48.0983,99.9959], [33.5614,101.669], [21.1887,93.2935], [33.5614,101.669], [13.843,90.6253], [21.1887,93.2935], [18.0694,80.8136], [21.1887,93.2935], [21.1887,93.2935], [21.1887,93.2935], [28.4041,78.7033], [24.6743,85.1475], [21.1887,93.2935], [27.9313,90.4209], [21.1887,93.2935], [21.1887,93.2935], [24.2417,97.1393], [21.1887,93.2935], [24.5545,94.3033], [18.0694,80.8136], [24.2417,97.1393], [29.7539,84.7907], [29.7539,84.7907], [3.56546,89.8368], [23.6743,77.5609], [13.843,90.6253], [11.4805,99.2837], [23.0781,73.25], [13.3856,83.1345], [18.595,97.8593], [13.3856,83.1345], [-2.21828,94.7807], [12.5315,91.6644], [18.595,97.8593], [5.61523,89.2384], [11.1515,78.566], [12.5315,91.6644], [5.38304,84.0753], [5.61523,89.2384], [6.49635,78.0932], [5.61523,89.2384], [12.5315,91.6644], [-2.21828,94.7807], [12.5315,91.6644], [5.61523,89.2384], [12.5315,91.6644], [14.2159,89.0777], [5.61523,89.2384], [11.4805,99.2837], [5.61523,89.2384], [-2.21828,94.7807], [-2.21828,94.7807], [6.49635,78.0932], [14.2159,89.0777], [11.1515,78.566], [6.49635,78.0932], [11.1515,78.566], [7.24834,87.061], [6.49635,78.0932], [6.49635,78.0932], [13.3856,83.1345], [21.2988,81.1031], [7.24834,87.061], [10.0069,72.2558], [10.0069,72.2558], [11.1515,78.566], [6.49635,78.0932], [6.49635,78.0932], [-0.494202,65.1325], [6.49635,78.0932], [10.0069,72.2558], [-0.494202,65.1325], [-0.494202,65.1325], [7.51794,63.1971], [10.0069,72.2558], [7.51794,63.1971], [-0.494202,65.1325], [10.6351,53.208], [10.0069,72.2558], [6.49635,78.0932], [6.49635,78.0932], [10.0069,72.2558], [-0.494202,65.1325], [-0.494202,65.1325], [-0.494202,65.1325], [6.49635,78.0932], [6.15893,69.6901], [6.49635,78.0932], [-0.494202,65.1325], [17.9043,73.9233], [14.2159,89.0777], [6.49635,78.0932], [11.4805,99.2837], [6.49635,78.0932], [-2.21828,94.7807], [11.4805,99.2837], [11.4805,99.2837], [5.61523,89.2384], [11.4805,99.2837], [5.61523,89.2384], [-2.21828,94.7807], [11.4805,99.2837], [11.4805,99.2837], [12.5315,91.6644], [5.61523,89.2384], [11.4805,99.2837], [-2.21828,94.7807], [7.24834,87.061], [5.61523,89.2384], [11.1515,78.566], [5.61523,89.2384], [13.3856,83.1345], [11.4805,99.2837], [11.4805,99.2837], [18.595,97.8593], [12.5315,91.6644], [18.595,97.8593], [11.4805,99.2837], [12.5315,91.6644], [11.4805,99.2837], [15.7236,87.0898], [13.843,90.6253], [13.843,90.6253], [15.7236,87.0898], [15.1923,80.2558], [12.6504,71.7355], [12.6504,71.7355], [17.4646,78.5995], [8.87029,85.227], [17.4646,78.5995], [17.4646,78.5995], [17.4646,78.5995], [6.21686,76.5928], [17.4646,78.5995], [6.21686,76.5928], [15.7236,87.0898], [13.2113,74.7929], [13.2113,74.7929], [18.0694,80.8136], [23.6743,77.5609], [6.21686,76.5928], [28.4041,78.7033], [24.6743,85.1475], [15.7236,87.0898], [23.6743,77.5609], [28.9147,82.9022], [9.90064,78.037], [37.5892,70.2125], [13.2113,74.7929], [18.0694,80.8136], [15.1923,80.2558], [28.9147,82.9022], [28.9147,82.9022], [13.4389,62.3656], [23.6743,77.5609], [23.6743,77.5609], [23.7454,62.7763], [13.2113,74.7929], [21.4796,67.963], [21.4796,67.963], [28.4041,78.7033], [32.2301,71.0984], [21.4796,67.963], [13.2113,74.7929], [18.0694,80.8136], [13.2113,74.7929], [37.5892,70.2125], [13.2113,74.7929], [23.7454,62.7763], [37.5892,70.2125], [23.6743,77.5609], [23.7454,62.7763], [23.7454,62.7763], [32.2301,71.0984], [21.4796,67.963], [25.7297,73.4702], [31.237,71.7745], [30.7702,62.9425], [27.9799,68.3054], [29.9821,80.9853], [29.9821,80.9853], [13.3856,83.1345], [27.9799,68.3054], [7.24834,87.061], [17.7798,62.45], [17.7798,62.45], [5.38304,84.0753], [29.9821,80.9853], [10.0069,72.2558], [10.0069,72.2558], [-0.494202,65.1325], [5.38304,84.0753], [7.51794,63.1971], [10.0069,72.2558], [14.2159,89.0777], [6.15893,69.6901], [17.7798,62.45], [22.4605,60.2669], [17.7798,62.45], [7.51794,63.1971], [17.7798,62.45], [7.51794,63.1971], [17.7798,62.45], [22.4605,60.2669], [17.7798,62.45], [10.0069,72.2558], [17.7798,62.45], [10.6351,53.208], [22.4605,60.2669], [10.0069,72.2558], [10.0069,72.2558], [31.237,71.7745], [-0.494202,65.1325], [10.0069,72.2558], [17.7798,62.45], [30.7702,62.9425], [27.1012,64.7859], [22.4605,60.2669], [30.7702,62.9425], [30.7702,62.9425], [27.9799,68.3054], [30.7702,62.9425], [25.2858,53.1964], [17.7798,62.45], [31.8642,54.4427], [22.4605,60.2669], [30.7702,62.9425], [22.4605,60.2669], [16.2662,54.8465], [11.2199,48.968], [10.6351,53.208], [11.2199,48.968], [2.46792,52.509], [17.7798,62.45], [2.46792,52.509], [10.6351,53.208], [19.4137,42.4734], [10.6351,53.208], [-0.494202,65.1325], [17.7798,62.45], [3.80283,45.8511], [26.2481,48.305], [17.7153,48.9225], [35.4896,49.0981], [23.7643,44.2743], [39.971,42.6501], [35.4896,49.0981], [29.8667,51.7093], [35.4896,49.0981], [35.4896,49.0981], [32.9585,58.118], [36.0617,55.6428], [25.0828,38.1764], [37.8893,50.7544], [37.8893,50.7544], [46.7214,51.9632], [14.3917,60.2924], [32.073,65.31], [32.9585,58.118], [37.8893,50.7544], [35.4896,49.0981], [32.9585,58.118], [14.4894,42.2692], [35.4896,49.0981], [25.0828,38.1764], [17.7153,48.9225], [24.578,57.5535], [7.32881,46.7102], [36.0617,55.6428], [7.32881,46.7102], [13.4389,62.3656], [23.7643,44.2743], [36.0617,55.6428], [32.2301,71.0984], [32.9585,58.118], [32.9585,58.118], [32.073,65.31], [37.8893,50.7544], [36.0617,55.6428], [32.9585,