{
  "instance_index": 0,
  "birth_iter": 23,
  "death_iter": 60,
  "survival_iters": 37,
  "censored": false,
  "pre_vnd_cost": 10055.2,
  "post_vnd_cost": 541.525,
  "pre_vnd_coords": [[80,20], [83.9953,8.46749], [83.9953,8.46749], [83.9953,8.46749], [83.9953,8.46749], [99.4272,17.2991], [99.4272,17.2991], [87.4127,39.0412], [87.4127,39.0412], [78.8744,47.4511], [87.4127,39.0412], [73.588,30.1106], [69.5835,50.8035], [82.701,51.4668], [78.8744,47.4511], [74.0187,46.3884], [87.4127,39.0412], [87.4127,39.0412], [69.5835,50.8035], [47.7939,41.8751], [53.4813,37.9453], [61.5204,38.4907], [52.2946,52.8321], [47.6725,28.1017], [56.0868,33.2195], [54.5757,40.2259], [55.0522,37.2887], [53.8242,28.4248], [36.9109,48.0312], [59.323,39.0398], [58.6846,39.1993], [36.8027,46.4069], [32.6442,48.0966], [36.0579,44.8478], [55.438,35.7714], [60.7718,38.6778], [51.5569,28.3057], [56.0166,33.4954], [30.7409,33.7174], [49.4715,28.1962], [55.3137,36.2602], [55.9365,33.8106], [44.9911,27.961], [57.2194,28.7639], [46.1114,28.0198], [51.0143,53.358], [32.7732,37.9719], [34.0186,40.579], [37.1855,48.027], [30.4993,33.2115], [40.8009,27.7409], [41.1927,27.7615], [42.3926,27.8245], [34.9577,42.5447], [35.6862,44.0697], [34.4798,41.5444], [26.067,48.0029], [50.6089,53.9876], [36.4312,45.6292], [48.299,57.574], [36.7325,48.0339], [54.8979,40.1454], [23.5549,47.3473], [55.3225,40.0393], [41.3748,27.7711], [56.7955,39.6713], [55.7436,39.9341], [37.2,47.2385], [54.5166,52.8077], [51.1119,53.3179], [37.4835,48.0224], [61.4281,61.1853], [64.4814,59.9256], [59.413,62.0168], [32.7356,48.0952], [42.3781,71.9937], [45.2725,62.2732], [60.0324,67.9942], [49.5951,55.5617], [44.9464,62.7797], [49.929,55.0432], [43.7987,65.8863], [54.287,40.2981], [27.5959,59.8411], [37.5738,48.021], [24.6172,47.6245], [35.4591,48.0535], [32.4984,48.0988], [24.2079,47.5177], [32.5957,48.0974], [37.2783,48.0256], [49.3046,56.0127], [44.0588,64.7681], [36.8178,48.0326], [45.8183,61.4259], [37.3781,48.024], [37.0886,48.0285], [44.281,63.8128], [32.6904,48.0959], [25.5895,47.8783], [25.2353,47.7858], [24.9919,47.7223], [25.7058,47.9087], [34.0411,48.0752], [37.0017,48.0298], [25.9455,47.9712], [24.8294,58.823], [32.5458,48.0981], [24.4873,58.9881], [32.5794,64.102], [37.5738,48.021], [35.3434,43.3521], [32.7818,48.0945], [46.9749,59.6301], [44.6163,63.2922], [34.1047,65.4061], [25.5736,58.4637], [33.4093,64.8115], [44.281,63.8128], [36.4949,67.4499], [49.0184,56.457], [34.7646,65.9703], [59.1127,62.1407], [47.301,59.1236], [50.2495,54.5455], [53.0013,52.8243], [48.7756,56.834], [44.7775,63.0419], [37.4012,68.2249], [39.8742,70.3395], [37.999,68.736], [30.4573,62.2875], [45.1138,62.5197], [35.5648,66.6546], [46.6669,60.1083], [37.5738,48.021], [74.7373,68.025], [48.5548,57.1769], [59.6652,65.6563], [67.3541,71.3943], [60.0787,68.2882], [63.4264,60.3609], [67.3943,71.8798], [60.0674,68.2167], [45.6276,61.722], [60.2965,61.6522], [65.2757,70.5891], [47.613,58.6392], [63.6842,69.9724], [47.9459,58.1223], [67.3541,71.3943], [60.9747,61.3724], [56.0108,52.7913], [59.6352,65.4652], [59.2833,63.2265], [66.7086,59.0066], [71.432,87.6824], [69.4904,70.8487], [68.1003,71.5968], [70.1883,70.4731], [67.3541,71.3943], [67.3541,71.3943], [59.7446,61.8799], [62.2766,69.4268], [67.3541,71.3943], [64.945,59.7343], [72.3856,69.2906], [73.8282,68.5143], [67.3541,71.3943], [69.7078,87.5685], [67.1141,58.8393], [66.2332,59.2028], [64.1333,60.0692], [67.3541,71.3943], [70.9213,70.0786], [84.8883,63.2784], [68.7796,71.2312], [67.3541,71.3943], [73.0314,68.943], [69.9371,56.7184], [86.329,79.829], [86.3359,79.9085], [86.3255,79.7887], [75.903,87.9777], [86.3124,79.6388], [86.2293,78.6846], [73.6182,87.8268], [74.3969,87.8782], [86.3216,79.7443], [86.341,79.9667], [78.4485,88.1458], [74.7238,87.8998], [77.8669,88.1074], [80.9745,88.3127], [79.4394,88.2113], [80.0397,88.2509], [66.6931,87.3694], [69.221,87.5363], [80.502,88.2815], [75.444,87.9474], [64.7936,89.04], [63.3636,80.8189], [70.4056,93.2987], [70.4056,93.2987], [70.4056,93.2987], [70.4056,93.2987], [63.3636,80.8189], [70.4056,93.2987], [61.6831,77.6708], [64.7936,89.04], [70.4056,93.2987], [70.4396,84.9381], [70.4056,93.2987], [64.7936,89.04], [61.6831,77.6708], [70.4056,93.2987], [70.4056,93.2987], [64.7936,89.04], [64.7936,89.04], [50.6133,94.2281], [70.4056,93.2987], [70.4056,93.2987], [70.4056,93.2987], [70.4056,93.2987], [70.4056,93.2987], [70.4056,93.2987], [63.3636,80.8189], [50.6133,94.2281], [55.8913,76.3396], [63.3636,80.8189], [50.6133,94.2281], [61.6831,77.6708], [70.4056,93.2987], [63.3636,80.8189], [63.3636,80.8189], [70.4396,84.9381], [77.7713,92.7831], [50.6133,94.2281], [63.3636,80.8189], [50.9978,82.4945], [63.3636,80.8189], [50.3904,94.1288], [61.4244,77.7], [61.6831,77.6708], [63.3636,80.8189], [50.6133,94.2281], [61.4244,77.7], [50.6133,94.2281], [58.636,78.7077], [63.3636,80.8189], [50.9978,82.4945], [50.9978,82.4945], [50.9978,82.4945], [48.8697,88.4123], [50.9978,82.4945], [50.3904,94.1288], [50.3904,94.1288], [63.3636,80.8189], [55.8913,76.3396], [55.8913,76.3396], [50.9978,82.4945], [48.8697,88.4123], [50.9978,82.4945], [50.6133,94.2281], [50.6133,94.2281], [50.9978,82.4945], [55.8913,76.3396], [50.6133,94.2281], [48.8697,88.4123], [50.3904,94.1288], [50.6133,94.2281], [50.6133,94.2281], [70.4056,93.2987], [50.6133,94.2281], [50.6133,94.2281], [46.7553,105.245], [50.6133,94.2281], [50.6133,94.2281], [50.6133,94.2281], [50.3904,94.1288], [64.7936,89.04], [50.6133,94.2281], [48.8697,88.4123], [38.5854,91.3786], [46.7553,105.245], [50.9978,82.4945], [46.7553,105.245], [46.7553,105.245], [38.5854,91.3786], [50.6133,94.2281], [38.5854,91.3786], [50.6133,94.2281], [48.8697,88.4123], [50.6133,94.2281], [37.081,100.952], [50.3904,94.1288], [50.6133,94.2281], [50.6133,94.2281], [50.3904,94.1288], [64.7936,89.04], [50.3904,94.1288], [50.6133,94.2281], [37.0308,80.4521], [50.6133,94.2281], [38.5854,91.3786], [29.7956,86.9899], [50.6133,94.2281], [50.9978,82.4945], [50.9978,82.4945], [50.6133,94.2281], [37.081,100.952], [38.5854,91.3786], [50.6133,94.2281], [50.3904,94.1288], [50.9978,82.4945], [38.5854,91.3786], [61.6831,77.6708], [37.0308,80.4521], [31.6239,90.4361], [31.6239,90.4361], [38.5854,91.3786], [38.5854,91.3786], [38.5854,91.3786], [38.5854,91.3786], [38.5854,91.3786], [50.6133,94.2281], [38.5854,91.3786], [31.6239,90.4361], [31.6239,90.4361], [37.081,100.952], [48.8697,88.4123], [23.6032,86.51], [28.9197,73.0526], [31.6239,90.4361], [27.5456,89.8857], [38.5854,91.3786], [38.5854,91.3786], [23.6032,86.51], [38.5854,91.3786], [23.6032,86.51], [38.5854,91.3786], [27.0541,91.1534], [23.6032,86.51], [38.5854,91.3786], [30.0147,77.7895], [27.0541,91.1534], [38.5854,91.3786], [37.081,100.952], [38.5854,91.3786], [31.6239,90.4361], [27.5456,89.8857], [27.5456,89.8857], [38.5854,91.3786], [38.5854,91.3786], [31.6239,90.4361], [31.6239,90.4361], [27.5456,89.8857], [27.5456,89.8857], [42.4619,71.6333], [38.264,68.9627], [40.6204,70.9776], [41.5751,71.794], [42.2836,72.3998], [59.9845,67.6898], [67.3679,71.5608], [43.3364,67.8737], [42.58,71.1257], [42.0183,72.173], [60.1268,68.5937], [60.0209,67.921], [41.253,71.5185], [59.5426,64.8765], [67.3871,71.7926], [37.7136,68.492], [59.5096,64.6667], [67.3541,71.3943], [60.0444,68.0703], [40.4132,70.8004], [59.4346,64.1899], [59.4712,64.4229], [60.0908,68.3655], [39.6203,70.1224], [43.0406,69.1454], [42.1493,72.285], [59.9969,67.7687], [60.0562,68.1456], [62.9817,69.7001], [59.5741,65.0769], [61.1146,68.9765], [60.1035,68.4461], [67.3541,71.3943], [60.009,67.8458], [76.2794,88.0026], [76.7393,88.0329], [77.2939,88.0696], [67.402,71.9726], [78.9114,88.1764], [67.3793,71.6984], [60.1152,68.5202], [91.2279,67.8185], [91.2279,67.8185], [90.6987,67.8977], [91.2279,67.8185], [96.6828,56.7451], [91.2279,67.8185], [85.2344,56.6715], [90.6987,67.8977], [82.701,51.4668], [96.6828,56.7451], [82.701,51.4668], [96.6828,56.7451], [96.6828,56.7451], [96.6828,56.7451], [82.701,51.4668], [66.835,58.9243], [85.2344,56.6715], [66.835,