{
  "instance_index": 0,
  "birth_iter": 33,
  "death_iter": 90,
  "survival_iters": 57,
  "censored": false,
  "pre_vnd_cost": 7860.58,
  "post_vnd_cost": 513.748,
  "pre_vnd_coords": [[80,20], [79.6331,14.949], [81.7796,15.1041], [69.5609,14.2217], [71.7751,14.3817], [72.6775,14.447], [70.3404,14.278], [67.6095,23.4255], [71.0302,14.3279], [69.6115,14.2254], [69.5609,14.2217], [65.1887,34.8442], [67.7686,22.675], [69.6608,14.2289], [69.5609,14.2217], [47.4668,37.2318], [52.7268,34.7333], [51.5067,34.7224], [48.8928,35.1471], [31.5671,13.8766], [25.5067,14.898], [29.2152,23.6441], [29.6894,14.193], [31.0984,13.9556], [33.2206,13.6672], [30.2119,14.105], [32.4284,13.7314], [33.1752,13.8055], [32.0173,13.8007], [28.6473,14.3687], [32.8231,13.6649], [33.2447,13.5938], [25.2801,28.4885], [29.9815,35.4285], [29.2447,23.5924], [28.819,24.3395], [30.6414,20.1144], [29.0465,23.9403], [24.2281,15.1135], [25.929,27.8437], [29.0712,14.2972], [27.2765,14.5997], [24.6777,15.0378], [24.591,29.1732], [28.252,14.4353], [22.8114,30.9413], [26.8074,14.6788], [28.2059,25.4156], [33.1964,13.7408], [30.6334,14.0339], [13.2639,15.8214], [25.9175,14.8288], [13.3819,14.9327], [25.0905,14.9682], [11.8403,31.5658], [13.5844,14.4926], [13.1899,16.3786], [13.5101,14.4883], [13.665,14.4973], [12.7504,19.9529], [12.801,19.3073], [12.699,20.6098], [11.9917,29.635], [13.1164,16.9321], [13.4415,14.4843], [12.454,23.7352], [12.1488,27.6304], [13.0431,17.4843], [11.9324,30.3915], [12.0189,29.2882], [18.2088,35.5147], [12.0963,28.2999], [12.8856,18.6705], [20.5567,33.1817], [12.1225,27.9657], [12.0439,28.9691], [12.5238,22.8449], [12.3603,24.9314], [12.2212,26.7068], [11.8703,31.1835], [11.9027,30.7706], [12.2051,26.9123], [12.6081,21.7695], [11.9612,30.0234], [23.7491,30.0096], [22.9882,30.7657], [12.0692,28.6458], [21.1528,32.5894], [27.2454,26.5359], [12.1753,27.2927], [26.5671,27.2098], [13.3133,15.4495], [12.1901,27.1034], [12.965,18.0727], [27.74,14.5216], [22.2363,31.5127], [19.433,34.2982], [26.3552,14.755], [17.15,39.3979], [18.2088,35.5147], [17.2462,39.0453], [17.3421,38.6936], [17.4492,38.3008], [17.5542,37.9156], [18.0698,36.0247], [17.6662,37.5049], [19.9749,33.7598], [17.7828,37.0774], [22.6196,31.1319], [17.0467,39.7767], [10.2076,46.3745], [18.7257,39.2123], [11.2004,39.7358], [9.40894,47.481], [19.1274,39.0772], [9.40894,47.481], [26.2607,36.6793], [25.2341,37.0244], [24.2416,37.3581], [18.8288,34.8986], [9.40894,47.481], [23.2443,37.6933], [22.3702,37.9872], [21.5333,38.2686], [18.335,39.3437], [14.299,60.7316], [27.7326,36.1845], [9.40894,47.481], [9.79867,46.9411], [12.3382,59.5691], [9.94052,46.7446], [9.40894,47.481], [9.40894,47.481], [10.467,46.0153], [9.66295,47.1291], [10.775,45.1632], [12.5098,59.6708], [9.40894,47.481], [10.809,44.7296], [11.2564,39.0202], [11.3151,38.2717], [11.1522,40.3507], [11.1132,40.8484], [9.40894,47.481], [11.0735,41.355], [11.0334,41.8655], [10.994,42.3682], [9.40894,47.481], [13.099,60.0202], [9.40894,47.481], [10.5911,45.8432], [10.9552,42.8641], [26.6851,49.4649], [10.9147,43.3809], [10.8778,43.8512], [11.841,69.5136], [9.40894,47.481], [13.904,60.4974], [9.5331,47.309], [10.8399,44.3354], [12.7472,59.8116], [13.1683,60.0612], [12.684,59.7741], [9.40894,47.481], [9.40894,47.481], [9.40894,47.481], [12.5666,59.7045], [12.0422,68.7273], [13.3847,60.1895], [12.8694,59.884], [12.0266,68.7883], [12.8101,59.8489], [10.4918,79.9253], [13.5187,60.269], [11.6207,56.8978], [12.2839,59.5368], [12.9233,59.916], [11.0038,54.2716], [12.1981,68.1177], [11.7693,69.794], [14.0946,60.6105], [9.40894,47.481], [13.0416,59.9861], [11.2104,55.1511], [26.463,50.4108], [13.9622,60.5319], [14.0242,60.5687], [21.8836,78.8159], [13.8442,60.462], [12.9879,59.9542], [12.4565,59.6392], [13.6601,60.3528], [13.3138,60.1475], [14.4207,60.8038], [12.8046,65.746], [12.1423,68.336], [12.1789,68.193], [11.9777,68.9795], [11.6237,70.8107], [12.2171,68.0434], [13.5374,63.5049], [11.8574,69.4496], [12.0108,68.85], [11.8231,69.5836], [10.4953,79.9583], [11.4053,72.5855], [23.4206,77.6994], [12.2374,67.9641], [10.4929,79.9354], [10.4633,83.3776], [13.454,60.2306], [10.4912,80.0018], [12.3957,59.6032], [11.7493,69.872], [10.4855,80.6833], [11.8741,69.3842], [12.2336,59.507], [11.9081,69.2515], [11.3096,73.3626], [11.7299,69.9481], [11.5219,71.6378], [11.8051,69.6539], [11.7869,69.7251], [11.169,74.5054], [10.4939,79.945], [10.7639,77.7969], [10.4788,81.5041], [12.1601,68.2666], [10.4727,82.2346], [10.4963,79.9672], [11.7299,69.948], [10.4594,83.8516], [10.4269,89.9993], [11.0251,75.6741], [14.3514,90.2108], [10.4556,84.3122], [12.3346,90.1021], [10.4947,79.952], [15.0165,90.2467], [10.4755,81.8982], [10.4521,84.7361], [10.4472,90.0004], [10.4956,79.9606], [10.4818,81.1402], [10.4951,79.9563], [10.4926,79.9332], [10.4931,79.9379], [10.4489,85.1323], [10.4934,79.9402], [10.4942,79.9475], [10.4924,79.9309], [10.4949,79.9542], [10.4455,85.5356], [10.4944,79.9497], [10.442,85.9596], [10.4915,79.966], [10.4381,86.4416], [10.4346,86.8639], [10.8541,77.0637], [16.6831,90.3365], [10.4666,82.9787], [10.4958,79.9629], [10.9032,76.6646], [10.4884,80.3424], [10.807,77.4467], [12.123,68.4113], [10.4264,87.8536], [10.4388,90], [10.4224,88.3457], [10.4308,87.3288], [10.4699,82.5846], [10.4937,79.9428], [10.4965,79.9693], [10.43,89.9995], [17.2991,92.0769], [10.9578,76.2212], [12.7478,90.1244], [10.4587,90.001], [10.415,89.9987], [10.4358,89.9998], [16.242,90.3128], [17.1176,92.297], [17.4789,91.8588], [10.4702,90.0017], [18.4589,92.2324], [10.4673,90.0015], [10.8161,90.0203], [16.9108,92.5478], [10.4501,90.0006], [10.4178,89.9989], [10.442,90.0001], [10.4087,89.9984], [11.4762,90.0559], [10.4328,89.9997], [18.6469,90.4424], [10.4921,79.9284], [10.4176,88.9211], [10.4122,89.9985], [10.4645,90.0014], [11.1438,90.038], [10.4134,89.4349], [13.2426,90.1511], [10.4209,89.999], [13.7714,90.1796], [10.4615,90.0012], [10.4237,89.9992], [11.8722,90.0772], [10.4731,90.0018], [10.4444,90.0003], [17.3034,90.37], [22.2381,78.5584], [18.6469,90.4424], [10.4558,90.0009], [10.4531,90.0007], [15.851,90.2917], [18.4575,90.4322], [18.639,90.442], [18.0681,90.4112], [18.6469,90.4424], [23.171,77.8808], [18.5428,90.5686], [18.6469,90.4424], [18.3817,90.7641], [18.4605,90.6685], [18.6469,90.4424], [18.6469,90.4424], [18.6469,90.4424], [18.6469,90.4424], [18.6469,90.4424], [22.7667,78.1744], [18.6469,90.4424], [22.5587,78.3255], [22.972,78.0253], [12.0727,68.608], [23.2941,77.7914], [10.4961,79.9651], [24.0308,77.9052], [18.6469,90.4424], [22.6651,78.2482], [23.0753,77.9503], [22.8757,78.0952], [22.1454,78.6257], [32.6644,82.0831], [24.6238,78.1053], [18.6469,90.4424], [22.3437,78.4817], [18.6469,90.4424], [22.054,78.6921], [12.089,68.5441], [12.1062,68.477], [22.4531,78.4022], [25.1517,78.2833], [21.9736,78.7505], [11.9427,69.1164], [13.7873,60.4282], [42.1931,90.4383], [42.7019,90.4749], [42.8017,90.4821], [42.8356,90.4845], [42.8726,90.4872], [42.555,90.4643], [46.5982,89.952], [42.6403,90.4704], [79.0812,48.161], [78.9476,47.8261], [65.1887,34.8442], [65.1887,34.8442], [46.8581,91.9022], [47.0689,91.8795], [47.2706,91.8578], [47.7074,91.8107], [48.1127,91.767], [48.5009,91.7252], [47.0643,91.4047], [41.4574,70.3685], [31.6589,89.1602], [31.6846,89.1243], [31.7032,89.0983], [31.7269,89.065], [31.7485,89.0348], [31.7711,89.0033], [31.6378,89.1897], [27.6311,90.3641], [28.0316,90.2825], [28.4048,90.2064], [28.8488,90.116], [29.2188,90.0406], [29.4877,89.9858], [29.8329,89.9154], [30.222,89.8362], [31.3385,89.6087], [31.3635,89.5737], [31.3864,89.5417], [31.4101,89.5086], [31.4323,89.4775], [31.4553,89.4453], [31.4778,89.4137], [31.5003,89.3822], [31.5239,89.3492], [31.5486,89.3146], [31.5772,89.2747], [31.6057,89.2347], [48.1355,90.192], [25.3317,90.8326], [25.605,90.7769], [25.8693,90.723], [26.1056,90.6749], [26.4796,90.5987], [26.8435,90.5245], [31.9035,88.8179], [18.2312,90.9465], [18.1477,91.0478], [18.0764,91.1343], [18.0045,91.2214], [17.8179,91.4478], [17.6542,91.6462], [18.306,90.8558], [30.2125,