{
  "instance_index": 0,
  "birth_iter": 8,
  "death_iter": 90,
  "survival_iters": 82,
  "censored": false,
  "pre_vnd_cost": 11187.9,
  "post_vnd_cost": 579.329,
  "pre_vnd_coords": [[80,20], [66.5765,20.7842], [73.4871,18.3857], [66.5765,20.7842], [73.4871,18.3857], [56.0232,9.46082], [66.5765,20.7842], [66.5765,20.7842], [59.1912,47.3641], [59.1912,47.3641], [19.6873,68.8605], [21.4438,64.3632], [15.1786,62.2705], [15.1786,62.2705], [33.5295,72.6985], [11.9571,66.3748], [21.4438,64.3632], [8.18227,71.4206], [15.4157,68.9032], [11.9571,66.3748], [25.0558,83.049], [21.4438,64.3632], [33.5295,72.6985], [19.6873,68.8605], [15.4157,68.9032], [19.6873,68.8605], [25.0558,83.049], [25.0558,83.049], [21.4438,64.3632], [26.8146,77.6498], [28.4915,78.8793], [25.6911,64.8404], [25.0558,83.049], [19.6873,68.8605], [33.5295,72.6985], [25.6911,64.8404], [17.0151,76.1778], [36.6394,70.0755], [25.3479,72.9145], [25.3479,72.9145], [31.7352,70.1116], [36.3461,64.9235], [36.6394,70.0755], [36.3461,64.9235], [43.3549,58.3458], [43.3549,58.3458], [61.0963,63.6924], [36.6394,70.0755], [53.4674,83.3746], [28.4915,78.8793], [28.4915,78.8793], [15.4157,68.9032], [14.8943,76.7624], [26.8146,77.6498], [19.3822,72.799], [15.4157,68.9032], [25.0558,83.049], [23.5028,75.7086], [8.18227,71.4206], [19.3822,72.799], [25.0558,83.049], [14.8943,76.7624], [15.1786,62.2705], [14.8943,76.7624], [19.3822,72.799], [9.37932,84.5006], [25.0558,83.049], [14.8943,76.7624], [9.7478,81.4701], [14.8943,76.7624], [11.9571,66.3748], [8.18227,71.4206], [5.69336,80.0424], [5.69336,80.0424], [8.18227,71.4206], [14.8943,76.7624], [14.8943,76.7624], [5.69336,80.0424], [9.37932,84.5006], [29.4645,89.8264], [29.4645,89.8264], [29.4645,89.8264], [29.4645,89.8264], [55.1941,88.4404], [55.1941,88.4404], [55.1941,88.4404], [55.1941,88.4404], [55.1941,88.4404], [55.1941,88.4404], [55.1941,88.4404], [29.4645,89.8264], [55.1941,88.4404], [55.1941,88.4404], [53.4674,83.3746], [53.4674,83.3746], [65.1432,87.1183], [60.1708,71.3935], [60.1708,71.3935], [26.8146,77.6498], [34.6387,98.1365], [25.341,95.0669], [40.4784,101.012], [40.8812,93.6094], [49.0016,101.114], [49.0016,101.114], [46.2344,91.2277], [54.5699,95.0114], [49.0016,101.114], [49.0016,101.114], [54.5699,95.0114], [49.0016,101.114], [40.4784,101.012], [40.8812,93.6094], [49.0016,101.114], [54.5699,95.0114], [54.5699,95.0114], [73.2179,99.9099], [73.2179,99.9099], [57.478,91.1219], [65.6229,91.4721], [54.5699,95.0114], [54.5699,95.0114], [54.5699,95.0114], [49.0016,101.114], [57.478,91.1219], [54.5699,95.0114], [54.5699,95.0114], [54.5699,95.0114], [47.9733,86.4997], [54.5699,95.0114], [52.7733,86.9635], [34.6387,98.1365], [52.7733,86.9635], [54.5699,95.0114], [54.5699,95.0114], [41.346,77.4965], [54.5699,95.0114], [40.4784,101.012], [52.7733,86.9635], [40.4784,101.012], [40.8812,93.6094], [40.8812,93.6094], [29.3287,85.0907], [49.0016,101.114], [35.0135,93.5492], [29.673,94.0156], [41.346,77.4965], [40.4784,101.012], [29.3287,85.0907], [40.8812,93.6094], [49.0016,101.114], [25.341,95.0669], [29.3287,85.0907], [33.5295,72.6985], [29.3287,85.0907], [41.346,77.4965], [39.8707,71.7854], [32.5779,82.1388], [39.8707,71.7854], [41.346,77.4965], [48.4977,79.2648], [47.9733,86.4997], [46.2344,91.2277], [46.2344,91.2277], [29.3287,85.0907], [49.0016,101.114], [35.0135,93.5492], [52.7733,86.9635], [40.4784,101.012], [48.4977,79.2648], [40.8812,93.6094], [40.8812,93.6094], [29.673,94.0156], [46.2344,91.2277], [53.4674,83.3746], [52.7733,86.9635], [49.0016,101.114], [57.5263,77.0546], [40.8812,93.6094], [41.346,77.4965], [52.7733,86.9635], [52.7733,86.9635], [54.5699,95.0114], [41.346,77.4965], [57.5263,77.0546], [65.6229,91.4721], [41.346,77.4965], [57.478,91.1219], [57.478,91.1219], [45.4409,83.8036], [49.0016,101.114], [47.9733,86.4997], [63.7333,85.035], [57.5263,77.0546], [48.4977,79.2648], [57.5263,77.0546], [48.4977,79.2648], [48.4977,79.2648], [62.2712,74.3078], [41.346,77.4965], [41.346,77.4965], [48.4977,79.2648], [57.5263,77.0546], [51.5497,66.4463], [51.3288,52.2309], [51.5497,66.4463], [48.4977,79.2648], [57.5263,77.0546], [62.2712,74.3078], [58.3482,67.4391], [45.4409,83.8036], [51.5497,66.4463], [46.4539,61.2907], [53.4674,83.3746], [66.7173,72.9741], [40.1789,66.9728], [51.5497,66.4463], [57.5263,77.0546], [62.2712,74.3078], [48.4977,79.2648], [48.4977,79.2648], [48.4977,79.2648], [62.2712,74.3078], [57.5263,77.0546], [70.2726,81.7068], [66.7173,72.9741], [66.7173,72.9741], [66.7173,72.9741], [72.3536,88.0197], [72.3536,88.0197], [70.2726,81.7068], [66.7173,72.9741], [70.2726,81.7068], [80.7343,77.7717], [72.0758,91.5848], [66.7173,72.9741], [57.5263,77.0546], [66.7173,72.9741], [57.5263,77.0546], [57.5263,77.0546], [57.478,91.1219], [57.478,91.1219], [57.478,91.1219], [55.1941,88.4404], [65.1432,87.1183], [65.1432,87.1183], [73.706,100.255], [55.1941,88.4404], [55.1941,88.4404], [79.1693,87.2198], [65.1432,87.1183], [65.1432,87.1183], [65.1432,87.1183], [55.1941,88.4404], [65.1432,87.1183], [65.1432,87.1183], [59.1989,86.5311], [65.1432,87.1183], [65.1432,87.1183], [73.706,100.255], [79.1693,87.2198], [65.1432,87.1183], [65.1432,87.1183], [73.706,100.255], [73.706,100.255], [73.706,100.255], [88.6528,99.4723], [88.6528,99.4723], [84.1377,84.7092], [88.6528,99.4723], [88.6528,99.4723], [93.7482,81.4003], [93.7482,81.4003], [93.7482,81.4003], [93.7482,81.4003], [78.9737,74.8975], [84.1377,84.7092], [83.4065,66.2703], [75.9488,71.7179], [75.9488,71.7179], [83.4065,66.2703], [72.1594,63.7217], [62.1394,62.2019], [61.0963,63.6924], [61.0963,63.6924], [61.0963,63.6924], [61.0963,63.6924], [60.1708,71.3935], [61.0963,63.6924], [60.1708,71.3935], [63.8069,50.8418], [54.9825,59.6468], [75.9488,71.7179], [65.1432,87.1183], [65.1432,87.1183], [65.1432,87.1183], [60.1708,71.3935], [81.528,83.6544], [84.1377,84.7092], [84.1377,84.7092], [55.1941,88.4404], [55.1941,88.4404], [65.1432,87.1183], [61.0963,63.6924], [60.1708,71.3935], [55.1941,88.4404], [60.1708,71.3935], [60.1708,71.3935], [40.955,71.6199], [55.1941,88.4404], [60.1708,71.3935], [43.6236,75.5222], [43.6236,75.5222], [29.4645,89.8264], [30.7999,81.5715], [29.4645,89.8264], [24.5871,82.6683], [29.4645,89.8264], [24.1758,89.9293], [27.3348,96.1841], [30.7999,81.5715], [28.4915,78.8793], [29.673,94.0156], [41.346,77.4965], [27.1555,90.5506], [14.8943,76.7624], [33.5295,72.6985], [41.346,77.4965], [28.6258,62.9614], [26.8146,77.6498], [25.341,95.0669], [8.18227,71.4206], [28.4915,78.8793], [29.673,94.0156], [29.3287,85.0907], [14.8943,76.7624], [14.8943,76.7624], [29.3287,85.0907], [29.3287,85.0907], [34.6387,98.1365], [34.6387,98.1365], [27.1555,90.5506], [29.3287,85.0907], [29.8265,103.169], [16.4875,99.6794], [25.341,95.0669], [16.4875,99.6794], [16.4875,99.6794], [19.8554,94.3617], [28.4915,78.8793], [34.6387,98.1365], [16.4875,99.6794], [29.673,94.0156], [19.8554,94.3617], [25.341,95.0669], [27.1555,90.5506], [12.2189,94.3904], [9.37932,84.5006], [16.4875,99.6794], [9.6612,98.8083], [25.0558,83.049], [29.673,94.0156], [12.2189,94.3904], [29.8265,103.169], [27.1555,90.5506], [14.8943,76.7624], [19.8554,94.3617], [25.341,95.0669], [16.4875,99.6794], [25.341,95.0669], [29.8265,103.169], [25.341,95.0669], [14.8943,76.7624], [23.5028,75.7086], [14.8943,76.7624], [4.0628,89.5934], [15.823,90.3157], [12.2189,94.3904], [16.4875,99.6794], [5.69336,80.0424], [9.37932,84.5006], [15.2283,84.7589], [15.2283,84.7589], [15.2283,84.7589], [9.6612,98.8083], [16.4875,99.6794], [11.0672,78.7478], [25.341,95.0669], [9.7478,81.4701], [12.2189,94.3904], [4.0628,89.5934], [29.8265,103.169], [25.341,95.0669], [9.37932,84.5006], [16.4875,99.6794], [9.6612,98.8083], [4.0628,89.5934], [4.0628,89.5934], [4.0628,89.5934], [4.0628,89.5934], [14.8943,76.7624], [19.8554,94.3617], [15.823,90.3157], [4.0628,89.5934], [9.37932,84.5006], [9.37932,84.5006], [16.4875,99.6794], [4.0628,89.5934], [9.37932,84.5006], [29.3287,85.0907], [9.37932,84.5006], [11.9571,66.3748], [25.0558,83.049], [14.8943,76.7624], [14.8943,76.7624], [9.37932,