{
  "instance_index": 0,
  "birth_iter": 4,
  "death_iter": 30,
  "survival_iters": 26,
  "censored": false,
  "pre_vnd_cost": 11576.5,
  "post_vnd_cost": 849.476,
  "pre_vnd_coords": [[80,20], [83.9953,8.46749], [83.9953,8.46749], [83.9953,8.46749], [83.9953,8.46749], [99.4272,17.2991], [99.4272,17.2991], [87.4127,39.0412], [87.4127,39.0412], [87.169,36.6149], [82.701,51.4668], [87.4127,39.0412], [96.6828,56.7451], [96.6828,56.7451], [96.6828,56.7451], [85.0581,47.4683], [85.0581,47.4683], [85.0581,47.4683], [82.701,51.4668], [74.0187,46.3884], [82.701,51.4668], [82.701,51.4668], [85.0581,47.4683], [82.701,51.4668], [82.701,51.4668], [65.8653,61.5047], [87.169,36.6149], [65.5621,34.7281], [65.1276,48.0819], [74.0187,46.3884], [64.9752,43.9129], [60.169,56.4365], [69.3622,54.3853], [59.4195,42.233], [48.2464,56.2392], [60.169,56.4365], [68.9245,62.3037], [60.169,56.4365], [68.9245,62.3037], [48.2464,56.2392], [48.2464,56.2392], [68.9245,62.3037], [68.9245,62.3037], [56.6288,64.9739], [56.6288,64.9739], [68.9245,62.3037], [60.169,56.4365], [56.6288,64.9739], [53.2825,62.0484], [53.2825,62.0484], [60.169,56.4365], [48.2464,56.2392], [48.2464,56.2392], [60.169,56.4365], [53.2825,62.0484], [56.6288,64.9739], [56.6288,64.9739], [56.6288,64.9739], [56.6288,64.9739], [53.2825,62.0484], [48.8174,70.8824], [53.115,65.7926], [34.8283,59.0164], [48.8174,70.8824], [48.8174,70.8824], [42.0411,59.6053], [34.8283,59.0164], [37.0057,62.4402], [34.8438,70.0642], [29.402,61.3557], [29.402,61.3557], [53.115,65.7926], [48.2464,56.2392], [42.1788,65.9103], [48.2464,56.2392], [44.8028,56.4994], [42.0411,59.6053], [48.2464,56.2392], [60.169,56.4365], [44.8028,56.4994], [60.169,56.4365], [59.4195,42.233], [53.4813,37.9453], [59.4195,42.233], [46.68,37.2312], [55.8403,33.3435], [59.4195,42.233], [47.7939,41.8751], [47.7939,41.8751], [46.68,37.2312], [23.2672,57.1025], [46.1437,26.5487], [46.68,37.2312], [46.68,37.2312], [58.8522,48.9805], [53.7268,29.1502], [46.1437,26.5487], [53.7268,29.1502], [46.1437,26.5487], [46.1437,26.5487], [46.68,37.2312], [9.90706,37.1494], [6.52944,40.9112], [9.95371,50.4071], [9.95371,50.4071], [10.8953,30.9859], [9.95371,50.4071], [1.1758,51.3053], [9.95371,50.4071], [1.1758,51.3053], [6.52944,40.9112], [20.8745,57.3403], [6.52944,40.9112], [1.49091,57.334], [12.6844,54.301], [5.61682,65.4234], [22.0372,54.8301], [12.6844,54.301], [22.484,48.4342], [6.52944,40.9112], [6.52944,40.9112], [1.49091,57.334], [15.644,61.1325], [9.95371,50.4071], [5.61682,65.4234], [19.1411,65.9766], [9.95371,50.4071], [6.73147,59.0284], [6.73147,59.0284], [21.6748,58.3064], [1.49091,57.334], [1.49091,57.334], [21.6748,58.3064], [9.95371,50.4071], [1.1758,51.3053], [9.95371,50.4071], [1.49091,57.334], [5.61682,65.4234], [11.033,63.4075], [1.1758,51.3053], [15.0394,70.3003], [10.8527,67.1212], [6.82303,74.6266], [7.21697,63.907], [19.1519,61.2207], [10.8527,67.1212], [6.82303,74.6266], [10.8527,67.1212], [20.9188,66.1933], [6.82303,74.6266], [7.21697,63.907], [16.1336,69.596], [19.1519,61.2207], [28.8591,66.9312], [19.1519,61.2207], [7.21697,63.907], [10.8527,67.1212], [18.1327,50.4049], [28.6697,79.1746], [15.0394,70.3003], [23.2672,57.1025], [8.04359,79.5066], [18.9988,77.8876], [15.0394,70.3003], [21.9734,60.6891], [20.9188,66.1933], [29.402,61.3557], [18.9988,77.8876], [15.0394,70.3003], [20.9506,73.8327], [29.7757,77.0061], [15.0394,70.3003], [28.8591,66.9312], [20.9506,73.8327], [20.4681,79.7936], [21.7785,84.1434], [15.0394,70.3003], [28.6697,79.1746], [22.2839,88.1311], [31.2387,97.4761], [16.653,81.4568], [29.7757,77.0061], [22.2839,88.1311], [21.7785,84.1434], [19.6935,88.8194], [29.7757,77.0061], [22.3806,82.9944], [22.2839,88.1311], [29.7757,77.0061], [31.2387,97.4761], [52.9509,96.7686], [52.8435,102.932], [31.2387,97.4761], [37.081,100.952], [52.8435,102.932], [52.9509,96.7686], [46.7553,105.245], [52.9509,96.7686], [52.9509,96.7686], [37.081,100.952], [48.8174,70.8824], [29.7757,77.0061], [37.0057,62.4402], [28.8591,66.9312], [48.8174,70.8824], [28.6697,79.1746], [29.7757,77.0061], [48.8174,70.8824], [22.3806,82.9944], [29.402,61.3557], [28.6697,79.1746], [37.0057,62.4402], [34.8438,70.0642], [29.7757,77.0061], [48.8174,70.8824], [56.6288,64.9739], [42.0411,59.6053], [48.8174,70.8824], [37.0057,62.4402], [34.8283,59.0164], [42.1788,65.9103], [28.8591,66.9312], [28.8591,66.9312], [42.1788,65.9103], [23.2672,57.1025], [16.653,81.4568], [42.1788,65.9103], [34.8438,70.0642], [20.9506,73.8327], [16.1336,69.596], [48.8174,70.8824], [37.0057,62.4402], [20.9188,66.1933], [21.9734,60.6891], [28.8591,66.9312], [29.7757,77.0061], [29.7757,77.0061], [25.6404,63.8953], [28.8591,66.9312], [29.7757,77.0061], [20.9506,73.8327], [29.7757,77.0061], [18.9988,77.8876], [28.6697,79.1746], [29.7757,77.0061], [20.9506,73.8327], [22.3806,82.9944], [16.6758,93.7164], [22.2839,88.1311], [28.6697,79.1746], [14.2768,83.5342], [20.4681,79.7936], [29.7757,77.0061], [28.6697,79.1746], [29.7757,77.0061], [6.82303,74.6266], [16.1336,69.596], [29.7757,77.0061], [15.0394,70.3003], [1.1758,51.3053], [12.6844,54.301], [12.6844,54.301], [22.484,48.4342], [25.7915,65.4722], [23.2316,72.2681], [26.3199,60.8031], [25.7915,65.4722], [25.7915,65.4722], [23.2316,72.2681], [23.2316,72.2681], [25.7915,65.4722], [25.7915,65.4722], [32.7713,52.206], [26.3199,60.8031], [28.5174,56.6429], [25.7915,65.4722], [25.7915,65.4722], [22.0372,54.8301], [22.0372,54.8301], [25.7915,65.4722], [26.4744,48.0772], [15.4659,41.4083], [21.6748,58.3064], [22.0372,54.8301], [25.7915,65.4722], [28.5174,56.6429], [15.4659,41.4083], [22.0372,54.8301], [20.8745,57.3403], [12.6844,54.301], [23.2316,72.2681], [20.8745,57.3403], [12.6844,54.301], [22.0372,54.8301], [21.6748,58.3064], [12.6844,54.301], [22.0372,54.8301], [12.6844,54.301], [12.6844,54.301], [12.6844,54.301], [15.4659,41.4083], [1.1758,51.3053], [6.52944,40.9112], [12.6844,54.301], [26.4744,48.0772], [15.4659,41.4083], [12.6844,54.301], [10.8953,30.9859], [54.234,96.6424], [54.234,96.6424], [38.5854,91.3786], [38.5854,91.3786], [54.234,96.6424], [47.2157,95.6442], [61.6831,77.6708], [54.234,96.6424], [43.0723,83.7937], [61.1356,81.617], [48.8697,88.4123], [47.2157,95.6442], [54.234,96.6424], [61.6831,77.6708], [56.0907,87.268], [48.8697,88.4123], [47.2157,95.6442], [43.0723,83.7937], [47.2157,95.6442], [47.2157,95.6442], [47.2157,95.6442], [38.5854,91.3786], [62.9871,90.9338], [56.0907,87.268], [61.6075,100.956], [62.9871,90.9338], [47.2157,95.6442], [54.478,94.1754], [61.1356,81.617], [62.9871,90.9338], [74.9176,100.144], [68.2245,79.6188], [62.9871,90.9338], [74.9176,100.144], [61.6075,100.956], [54.478,94.1754], [62.9871,90.9338], [71.8428,91.0062], [74.9176,100.144], [74.9176,100.144], [80.9475,85.2504], [61.6075,100.956], [74.9176,100.144], [70.4396,84.9381], [80.9475,85.2504], [79.6982,73.3216], [61.6075,100.956], [83.2789,80.8171], [62.9871,90.9338], [62.9871,90.9338], [62.1959,84.2653], [71.8428,91.0062], [71.8428,91.0062], [62.9871,90.9338], [62.9871,90.9338], [61.6075,100.956], [61.6075,100.956], [70.4396,84.9381], [48.8697,88.4123], [70.4396,84.9381], [54.478,94.1754], [71.8428,91.0062], [62.1959,84.2653], [60.6718,66.7293], [71.8428,91.0062], [61.1356,81.617], [61.6831,77.6708], [62.1959,84.2653], [61.6831,77.6708], [56.0907,87.268], [61.1356,81.617], [56.0907,87.268], [68.2245,79.6188], [42.9936,70.342], [48.8697,88.4123], [61.6831,77.6708], [48.8697,88.4123], [62.1959,84.2653], [56.0907,87.268], [61.6831,77.6708], [38.5854,91.3786], [48.8697,88.4123], [62.1959,84.2653], [43.0723,83.7937], [38.5854,91.3786], [48.8697,88.4123], [36.7309,87.1102], [33.9554,94.1112], [36.7309,87.1102], [28.6856,85.2212], [38.5854,91.3786], [33.9554,94.1112], [38.8593,101.179], [38.5854,91.3786], [33.9554,94.1112], [47.2157,95.6442], [38.5854,91.3786], [38.5854,91.3786], [38.5854,91.3786], [33.9554,94.1112], [38.8593,101.179], [38.5854,91.3786], [33.9554,94.1112], [28.6856,85.2212], [26.6683,95.6815], [28.48,82.4229], [36.7309,87.1102], [26.6683,95.6815], [28.6856,