{
  "instance_index": 0,
  "birth_iter": 13,
  "death_iter": 60,
  "survival_iters": 47,
  "censored": false,
  "pre_vnd_cost": 10944.5,
  "post_vnd_cost": 573.224,
  "pre_vnd_coords": [[80,20], [67.487,13.7355], [63.9848,21.8507], [63.9848,21.8507], [63.9848,21.8507], [63.9848,21.8507], [56.5738,27.5645], [63.9848,21.8507], [53.0189,10.2879], [63.9848,21.8507], [54.4324,34.5074], [45.7568,26.9548], [56.5738,27.5645], [63.9848,21.8507], [56.5738,27.5645], [54.4324,34.5074], [45.7568,26.9548], [40.772,29.1583], [54.4324,34.5074], [62.5381,38.3323], [62.5381,38.3323], [62.5381,38.3323], [52.3617,46.7268], [56.5738,27.5645], [54.4324,34.5074], [56.5738,27.5645], [53.2801,51.8045], [54.4324,34.5074], [62.5381,38.3323], [52.3617,46.7268], [54.4324,34.5074], [52.3617,46.7268], [46.9165,36.4172], [37.6144,41.3203], [31.0302,33.8254], [54.4324,34.5074], [54.4324,34.5074], [46.9165,36.4172], [37.5876,19.6039], [40.772,29.1583], [37.6144,41.3203], [31.0302,33.8254], [46.9165,36.4172], [16.619,57.7475], [15.4979,52.1091], [5.65039,45.8439], [11.5829,44.2758], [15.4979,52.1091], [23.3165,55.7551], [18.2268,43.0775], [11.5829,44.2758], [17.6818,71.1768], [16.8659,56.8831], [11.5829,44.2758], [5.65039,45.8439], [-1.42577,46.7028], [17.0822,60.7863], [15.4979,52.1091], [15.4979,52.1091], [15.4979,52.1091], [18.2268,43.0775], [23.3165,55.7551], [23.3165,55.7551], [23.3165,55.7551], [37.6144,41.3203], [26.0309,45.9618], [23.3165,55.7551], [12.4375,56.9484], [23.3165,55.7551], [22.0879,36.9849], [11.5829,44.2758], [21.3777,31.2768], [18.2268,43.0775], [10.9362,33.8119], [22.0879,36.9849], [18.2268,43.0775], [18.2268,43.0775], [26.0309,45.9618], [10.9362,33.8119], [22.0879,36.9849], [21.3777,31.2768], [27.627,30.7536], [14.1843,22.8907], [14.1843,22.8907], [27.627,30.7536], [27.627,30.7536], [10.9362,33.8119], [22.3676,21.1513], [22.3676,21.1513], [22.3676,21.1513], [22.3676,21.1513], [45.7568,26.9548], [21.3777,31.2768], [22.0879,36.9849], [31.0302,33.8254], [27.627,30.7536], [31.0302,33.8254], [27.627,30.7536], [31.0302,33.8254], [40.772,29.1583], [28.1326,42.3338], [37.5876,19.6039], [22.0879,36.9849], [22.3676,21.1513], [37.6144,41.3203], [21.3777,31.2768], [31.0302,33.8254], [27.627,30.7536], [37.5876,19.6039], [45.7568,26.9548], [37.5876,19.6039], [37.5876,19.6039], [41.7372,11.1135], [22.3676,21.1513], [31.0302,33.8254], [40.772,29.1583], [40.772,29.1583], [45.7568,26.9548], [45.7568,26.9548], [54.4324,34.5074], [46.9165,36.4172], [40.772,29.1583], [22.3676,21.1513], [26.325,11.0963], [41.7372,11.1135], [53.0189,10.2879], [41.7372,11.1135], [37.5876,19.6039], [26.325,11.0963], [22.3676,21.1513], [41.7372,11.1135], [41.7372,11.1135], [37.5876,19.6039], [26.325,11.0963], [17.3878,7.12007], [9.41289,14.5159], [22.3676,21.1513], [14.1843,22.8907], [22.3676,21.1513], [37.5876,19.6039], [10.9362,33.8119], [17.3878,7.12007], [14.1843,22.8907], [17.3878,7.12007], [1.80109,31.3437], [13.9221,17.1415], [9.41289,14.5159], [17.3878,7.12007], [9.41289,14.5159], [13.9221,17.1415], [9.41289,14.5159], [9.41289,14.5159], [17.3878,7.12007], [17.3878,7.12007], [2.35638,21.1715], [10.9362,33.8119], [21.3777,31.2768], [14.1843,22.8907], [2.35638,21.1715], [14.1843,22.8907], [10.9362,33.8119], [1.80109,31.3437], [2.35638,21.1715], [10.9362,33.8119], [9.41289,14.5159], [2.35638,21.1715], [2.35638,21.1715], [13.9221,17.1415], [2.35638,21.1715], [9.41289,14.5159], [2.35638,21.1715], [9.41289,14.5159], [21.3777,31.2768], [9.41289,14.5159], [10.9362,33.8119], [18.2268,43.0775], [23.3165,55.7551], [15.4979,52.1091], [-1.42577,46.7028], [11.5829,44.2758], [18.2268,43.0775], [28.1326,42.3338], [18.2268,43.0775], [5.65039,45.8439], [18.2268,43.0775], [10.9362,33.8119], [5.65039,45.8439], [15.4979,52.1091], [1.80109,31.3437], [5.65039,45.8439], [-1.42577,46.7028], [23.3165,55.7551], [18.2268,43.0775], [10.9362,33.8119], [1.80109,31.3437], [5.65039,45.8439], [15.4979,52.1091], [18.2268,43.0775], [18.2268,43.0775], [5.65039,45.8439], [11.5829,44.2758], [11.5829,44.2758], [18.2268,43.0775], [5.65039,45.8439], [5.65039,45.8439], [15.4979,52.1091], [15.4979,52.1091], [5.65039,45.8439], [-1.42577,46.7028], [12.4375,56.9484], [-1.42577,46.7028], [15.4979,52.1091], [-1.42577,46.7028], [-1.42577,46.7028], [-1.42577,46.7028], [15.4979,52.1091], [12.4375,56.9484], [-7.49649,71.9606], [12.4375,56.9484], [3.33438,60.3777], [2.60663,68.8393], [2.53464,78.6827], [3.33438,60.3777], [3.33438,60.3777], [4.47206,72.9974], [4.15292,85.5439], [3.33438,60.3777], [13.6347,72.9046], [26.7672,65.2949], [5.15789,81.8966], [13.177,87.9225], [7.34308,76.2138], [7.34308,76.2138], [4.47206,72.9974], [13.6347,72.9046], [4.15292,85.5439], [3.33438,60.3777], [13.6347,72.9046], [10.151,77.5144], [9.50576,71.4632], [11.3361,89.6908], [15.0464,83.7008], [9.57672,72.1285], [10.0933,76.9736], [9.52764,71.6683], [10.1082,77.1127], [9.56348,72.0043], [9.60256,72.3707], [10.0322,76.4003], [18.9148,63.0916], [9.44636,70.9063], [17.6985,60.2605], [18.5227,62.1789], [25.8126,77.2274], [17.6818,71.1768], [17.0822,60.7863], [12.4375,56.9484], [14.9818,76.9144], [17.0822,60.7863], [23.3165,55.7551], [38.6484,47.523], [26.0309,45.9618], [38.6484,47.523], [38.6484,47.523], [45.5878,49.3401], [38.6484,47.523], [32.9847,62.6594], [45.5878,49.3401], [43.6331,56.9825], [32.9847,62.6594], [45.5878,49.3401], [38.6484,47.523], [38.6484,47.523], [37.6144,41.3203], [38.6484,47.523], [46.9165,36.4172], [43.6331,56.9825], [52.3617,46.7268], [35.6237,55.5318], [38.6484,47.523], [18.2268,43.0775], [31.5062,50.4958], [43.6331,56.9825], [43.6331,56.9825], [45.5878,49.3401], [28.1326,42.3338], [31.5062,50.4958], [31.5062,50.4958], [30.1012,55.016], [28.1326,42.3338], [26.7672,65.2949], [31.5062,50.4958], [32.4379,58.3768], [26.0309,45.9618], [23.3165,55.7551], [31.5062,50.4958], [37.6144,41.3203], [26.0309,45.9618], [26.0309,45.9618], [35.6237,55.5318], [30.1012,55.016], [31.0302,33.8254], [26.0309,45.9618], [37.6144,41.3203], [37.6144,41.3203], [28.1326,42.3338], [38.6484,47.523], [17.0822,60.7863], [26.0309,45.9618], [30.1012,55.016], [17.3996,65.8558], [26.7672,65.2949], [32.9847,62.6594], [29.0858,59.9786], [31.5062,50.4958], [31.5062,50.4958], [17.0822,60.7863], [28.1653,71.2113], [40.8489,71.3293], [30.2476,70.8206], [17.6818,71.1768], [32.4379,58.3768], [40.8489,71.3293], [29.0858,59.9786], [32.4379,58.3768], [35.6237,55.5318], [30.2476,70.8206], [29.0858,59.9786], [28.1653,71.2113], [25.8126,77.2274], [17.0822,60.7863], [21.6088,82.597], [28.1653,71.2113], [28.1653,71.2113], [23.3165,55.7551], [30.2476,70.8206], [23.3165,55.7551], [17.0822,60.7863], [30.1012,55.016], [31.5062,50.4958], [12.4375,56.9484], [17.0822,60.7863], [28.1653,71.2113], [17.6818,71.1768], [29.0858,59.9786], [16.8659,56.8831], [32.4379,58.3768], [28.1653,71.2113], [13.6347,72.9046], [17.6818,71.1768], [13.6347,72.9046], [26.7672,65.2949], [26.7672,65.2949], [17.6818,71.1768], [21.6088,82.597], [13.6347,72.9046], [14.9818,76.9144], [14.9818,76.9144], [13.6347,72.9046], [17.3996,65.8558], [17.6818,71.1768], [14.9818,76.9144], [17.6818,71.1768], [17.6818,71.1768], [13.177,87.9225], [13.6347,72.9046], [17.6818,71.1768], [17.0822,60.7863], [17.6818,71.1768], [13.6347,72.9046], [9.80368,64.6556], [17.3996,65.8558], [17.3996,65.8558], [5.15789,81.8966], [9.80368,64.6556], [9.80368,64.6556], [14.9818,76.9144], [29.1646,90.3283], [29.6588,83.8949], [17.6818,71.1768], [31.5534,83.9873], [25.8126,77.2274], [21.6088,82.597], [29.6588,83.8949], [19.5436,88.286], [19.5492,99.8145], [19.5492,99.8145], [17.3919,97.2027], [-1.76225,83.864], [3.90366,96.3651], [19.5436,88.286], [13.5302,90.1421], [13.5302,90.1421], [2.53464,78.6827], [14.9818,76.9144], [13.5302,90.1421], [13.177,87.9225], [13.5302,90.1421], [7.34308,76.2138], [13.177,87.9225], [13.5302,90.1421], [3.90366,96.3651], [3.90366,96.3651], [13.5302,90.1421], [13.5302,90.1421], [-1.76225,83.864], [3.90366,96.3651], [13.5302,90.1421], [5.15789,81.8966], [6.29075,83.0732], [13.5302,90.1421], [-1.76225,83.864], [7.34308,76.2138], 