{
  "instance_index": 0,
  "birth_iter": 30,
  "death_iter": 100,
  "survival_iters": 70,
  "censored": false,
  "pre_vnd_cost": 8870.19,
  "post_vnd_cost": 538.598,
  "pre_vnd_coords": [[80,20], [83.8365,5.59417], [83.8365,5.59417], [83.8365,5.59417], [83.8365,5.59417], [95.9082,17.7272], [95.9082,17.7272], [94.5174,30.749], [82.9202,32.8668], [94.5174,30.749], [94.5174,30.749], [79.5192,48.3712], [82.9202,32.8668], [79.5192,48.3712], [79.5192,48.3712], [79.5192,48.3712], [79.5192,48.3712], [79.5192,48.3712], [79.5192,48.3712], [76.1225,53.3788], [73.8302,60.8653], [73.8302,60.8653], [79.5192,48.3712], [79.5192,48.3712], [79.5192,48.3712], [79.5192,48.3712], [73.5268,50.8965], [73.5268,50.8965], [76.1225,53.3788], [76.1225,53.3788], [64.9319,61.6387], [79.5192,48.3712], [73.8302,60.8653], [79.5192,48.3712], [73.5268,50.8965], [79.5192,48.3712], [91.5431,55.0788], [73.8302,60.8653], [91.5431,55.0788], [91.5431,55.0788], [91.5431,55.0788], [73.8302,60.8653], [81.1229,72.9566], [81.1229,72.9566], [64.9319,61.6387], [81.1229,72.9566], [81.1229,72.9566], [81.1229,72.9566], [81.1229,72.9566], [81.1229,72.9566], [72.7646,73.9069], [64.9319,61.6387], [81.1229,72.9566], [72.7646,73.9069], [72.7646,73.9069], [62.9373,69.6175], [62.9373,69.6175], [101.079,82.2044], [101.079,82.2044], [101.079,82.2044], [101.079,82.2044], [95.3839,80.0863], [95.3839,80.0863], [95.3839,80.0863], [81.2309,85.1346], [79.7025,82.5242], [79.7025,82.5242], [81.9959,99.807], [81.9959,99.807], [81.9959,99.807], [81.2309,85.1346], [79.7025,82.5242], [73.1073,99.5153], [72.7646,73.9069], [73.1073,99.5153], [73.1073,99.5153], [73.1073,99.5153], [81.2309,85.1346], [81.2309,85.1346], [81.9959,99.807], [73.1073,99.5153], [73.1073,99.5153], [73.1073,99.5153], [73.1073,99.5153], [73.1073,99.5153], [81.9959,99.807], [81.9959,99.807], [73.1073,99.5153], [79.7025,82.5242], [72.7646,73.9069], [63.7495,99.4952], [73.1073,99.5153], [47.1315,72.8929], [53.2752,71.2383], [53.2752,71.2383], [53.2752,71.2383], [36.4473,66.777], [46.9589,64.4916], [46.9589,64.4916], [46.9589,64.4916], [46.9589,64.4916], [46.9589,64.4916], [46.9589,64.4916], [46.9589,64.4916], [46.9589,64.4916], [46.9589,64.4916], [56.793,71.0829], [47.1315,72.8929], [53.2752,71.2383], [46.6442,71.1922], [47.1315,72.8929], [47.1315,72.8929], [47.1315,72.8929], [47.1315,72.8929], [53.2752,71.2383], [46.9589,64.4916], [47.1315,72.8929], [47.1315,72.8929], [47.1315,72.8929], [47.1315,72.8929], [53.5564,88.0123], [37.9809,78.0582], [43.0386,95.7054], [57.9052,87.515], [33.6922,78.4492], [40.8027,87.6979], [37.9809,78.0582], [28.2485,74.5167], [28.2485,74.5167], [37.9809,78.0582], [24.7177,89.7424], [33.6922,78.4492], [20.2063,88.3619], [36.8464,88.2982], [36.8464,88.2982], [43.0386,95.7054], [26.638,93.4686], [26.638,93.4686], [44.9595,99.6936], [44.9595,99.6936], [43.0386,95.7054], [26.638,93.4686], [35.5588,85.1943], [24.7177,89.7424], [36.8464,88.2982], [21.7297,86.2535], [35.5588,85.1943], [40.8027,87.6979], [35.5588,85.1943], [24.7177,89.7424], [30.6055,92.5256], [40.8027,87.6979], [36.8464,88.2982], [26.638,93.4686], [36.8464,88.2982], [26.638,93.4686], [26.638,93.4686], [26.638,93.4686], [36.8464,88.2982], [30.6055,92.5256], [26.638,93.4686], [26.638,93.4686], [44.9595,99.6936], [43.0386,95.7054], [53.5564,88.0123], [40.8027,87.6979], [44.9595,99.6936], [43.0386,95.7054], [44.9595,99.6936], [56.7862,97.6482], [53.5564,88.0123], [44.9595,99.6936], [43.0386,95.7054], [53.9677,100.614], [53.9677,100.614], [53.5564,88.0123], [43.0386,95.7054], [53.9677,100.614], [53.9677,100.614], [43.0386,95.7054], [43.3856,85.9463], [53.9677,100.614], [43.0386,95.7054], [43.0386,95.7054], [43.3856,85.9463], [53.5564,88.0123], [30.6055,92.5256], [53.5564,88.0123], [43.3856,85.9463], [43.3856,85.9463], [26.638,93.4686], [43.3856,85.9463], [63.7495,99.4952], [44.9595,99.6936], [43.3856,85.9463], [57.9052,87.515], [36.8464,88.2982], [40.8027,87.6979], [43.0386,95.7054], [43.0386,95.7054], [43.0386,95.7054], [53.9677,100.614], [44.9595,99.6936], [35.5588,85.1943], [36.8464,88.2982], [43.3856,85.9463], [60.6896,92.871], [56.7862,97.6482], [43.0386,95.7054], [55.0399,77.6748], [51.8549,71.707], [55.0399,77.6748], [56.7862,97.6482], [53.5564,88.0123], [44.9595,99.6936], [56.7862,97.6482], [53.5564,88.0123], [44.2405,78.1167], [44.2405,78.1167], [62.7258,85.9194], [51.8549,71.707], [43.3856,85.9463], [44.2405,78.1167], [57.9052,87.515], [53.9677,100.614], [57.9052,87.515], [44.9595,99.6936], [44.9595,99.6936], [43.3856,85.9463], [56.7862,97.6482], [56.7862,97.6482], [62.7258,85.9194], [53.5564,88.0123], [48.9154,82.4695], [57.9052,87.515], [48.9154,82.4695], [48.9154,82.4695], [37.9809,78.0582], [62.7258,85.9194], [55.0399,77.6748], [60.6896,92.871], [57.9052,87.515], [57.9052,87.515], [62.7258,85.9194], [53.5564,88.0123], [60.6896,92.871], [63.7495,99.4952], [71.6859,89.2272], [71.4543,88.608], [71.6859,89.2272], [71.4543,88.608], [71.6859,89.2272], [71.4543,88.608], [71.6859,89.2272], [71.4543,88.608], [71.6859,89.2272], [71.6859,89.2272], [71.4543,88.608], [65.8573,89.8656], [60.8101,71.7566], [59.9379,65.2363], [71.6859,89.2272], [71.6859,89.2272], [60.8101,71.7566], [65.8573,89.8656], [47.1315,72.8929], [71.6859,89.2272], [60.8101,71.7566], [65.8573,89.8656], [71.6859,89.2272], [53.2752,71.2383], [65.8573,89.8656], [65.8573,89.8656], [46.6442,71.1922], [36.3675,62.3716], [36.3935,70.9813], [24.2731,77.5376], [10.0916,57.2654], [10.0916,57.2654], [9.81521,49.1557], [9.81521,49.1557], [10.0916,57.2654], [9.81572,46.8046], [9.81572,46.8046], [9.81572,46.8046], [9.81572,46.8046], [9.81572,46.8046], [9.81572,46.8046], [9.81572,46.8046], [9.81572,46.8046], [9.81572,46.8046], [9.81521,49.1557], [12.5173,54.1521], [10.0916,57.2654], [10.0916,57.2654], [10.0916,57.2654], [10.0916,57.2654], [10.0916,57.2654], [19.5454,67.9232], [19.5454,67.9232], [12.5173,54.1521], [12.5173,54.1521], [12.5173,54.1521], [12.5173,54.1521], [12.5173,54.1521], [19.5454,67.9232], [19.5454,67.9232], [21.4613,54.0748], [19.5454,67.9232], [24.8525,56.5891], [25.586,56.0912], [19.5454,67.9232], [25.9991,69.9138], [24.5255,77.2647], [24.5255,77.2647], [24.5255,77.2647], [25.9991,69.9138], [24.5255,77.2647], [35.5557,68.9418], [28.4156,68.316], [22.4629,62.5614], [28.2485,74.5167], [28.2485,74.5167], [33.6922,78.4492], [33.6922,78.4492], [28.2485,74.5167], [37.9809,78.0582], [37.9809,78.0582], [28.4156,68.316], [33.6922,78.4492], [28.2485,74.5167], [28.2485,74.5167], [20.2063,88.3619], [27.0552,82.6122], [30.6055,92.5256], [26.638,93.4686], [12.1755,86.4705], [14.6191,65.4858], [12.7832,79.6365], [21.7297,86.2535], [20.2063,88.3619], [18.534,82.7585], [6.04571,82.4261], [18.534,82.7585], [18.534,82.7585], [18.534,82.7585], [14.6191,65.4858], [14.6191,65.4858], [28.2485,74.5167], [28.2485,74.5167], [28.2485,74.5167], [28.2485,74.5167], [5.34929,78.2319], [27.0552,82.6122], [14.1601,86.3048], [28.2485,74.5167], [16.0548,78.2324], [16.0548,78.2324], [28.2485,74.5167], [18.534,82.7585], [24.7177,89.7424], [16.0548,78.2324], [16.0548,78.2324], [16.0548,78.2324], [14.4148,72.3], [14.4148,72.3], [14.4148,72.3], [16.0548,78.2324], [14.4148,72.3], [14.4148,72.3], [14.4148,72.3], [14.4148,72.3], [14.4148,72.3], [14.4148,72.3], [14.4148,72.3], [31.3976,65.1077], [14.6191,65.4858], [28.2485,74.5167], [14.6191,65.4858], [14.6191,65.4858], [14.6191,65.4858], [0.340405,73.9828], [0.340405,73.9828], [14.6191,65.4858], [14.6191,65.4858], [14.6191,65.4858], [14.6191,65.4858], [14.6191,65.4858], [14.6191,65.4858], [0.340405,73.9828], [14.6191,65.4858], [14.6191,65.4858], [14.6191,65.4858], [14.6191,65.4858], [14.6191,65.4858], [14.6191,65.4858], [14.6191,65.4858], [14.6191,65.4858], [14.4148,72.3], [12.7832,79.6365], [12.7832,79.6365], [12.7832,79.6365], [12.7832,79.6365], [12.7832,79.6365], [12.7832,79.6365], [-0.590552,79.5295], [0.340405,73.9828], [0.340405,73.9828], [0.340405,73.9828], [0.340405,73.9828], [0.340405,73.9828], [0.340405,73.9828], [0.340405,73.9828], [23.6872,54.43], [7.33815,57.8203], 