{
  "instance_index": 0,
  "birth_iter": 51,
  "death_iter": 60,
  "survival_iters": 9,
  "censored": false,
  "pre_vnd_cost": 9350.67,
  "post_vnd_cost": 566.505,
  "pre_vnd_coords": [[80,20], [83.3712,13.4504], [70.3508,14.122], [69.6636,14.1574], [65.6888,27.9041], [73.6931,13.9495], [69.6636,14.1574], [68.2402,19.0804], [72.0076,14.0365], [71.1525,14.0806], [48.6383,34.4736], [67.0216,23.295], [48.7109,33.8737], [62.5381,38.8007], [68.9267,16.7061], [48.7108,33.8737], [64.5792,46.5455], [62.5381,38.8007], [64.0752,33.4846], [62.5381,38.8007], [63.2679,36.2768], [47.7595,41.7344], [48.55,35.2029], [48.4584,35.96], [62.5381,38.8007], [48.7108,33.8737], [62.5381,38.8007], [62.5381,38.8007], [74.7243,51.8207], [62.5381,38.8007], [47.1707,46.5989], [48.2852,37.3911], [47.9365,40.272], [62.5381,38.8007], [48.7108,33.8737], [62.5381,38.8007], [39.0277,44.8223], [48.0152,39.6223], [48.7108,33.8737], [63.64,43.5794], [47.0447,47.6399], [47.2173,46.2136], [47.8442,41.0351], [48.6762,34.1601], [48.5971,34.8141], [48.4023,36.4231], [48.1626,38.4042], [48.3423,36.9191], [48.7109,33.8737], [35.7855,18.7916], [35.6397,18.2198], [35.8084,18.8812], [44.2924,31.3181], [38.0175,27.5408], [47.5925,43.1138], [36.2028,42.6802], [48.7109,33.8737], [35.502,42.1488], [36.8805,43.1941], [48.5065,35.5622], [47.3055,45.4853], [33.3323,41.9311], [38.0401,27.6294], [48.0911,38.9945], [48.2214,37.9178], [48.7109,33.8737], [45.6268,48.7091], [48.7108,33.8737], [43.0882,47.7224], [47.3471,45.1412], [47.0003,48.0071], [46.9577,48.3587], [62.5381,38.8007], [46.9097,48.7553], [38.0212,44.0591], [43.2325,47.7784], [27.4406,43.7685], [24.501,54.336], [24.8525,56.5891], [26.9817,44.1129], [42.7571,47.5937], [29.621,43.0681], [20.0468,32.9165], [24.7468,56.8115], [42.9283,47.6602], [20.4873,32.2778], [27.7355,43.6458], [27.3594,43.8295], [47.2583,45.8747], [21.8237,62.9632], [24.6398,57.0368], [47.0856,47.3019], [43.5393,47.8977], [44.8373,48.4022], [38.0618,27.7144], [46.0056,48.8564], [42.6041,47.5342], [27.2033,43.9466], [26.8372,44.2213], [23.8604,46.5176], [21.7528,63.1122], [27.0547,44.0581], [30.292,42.8626], [27.1286,44.0026], [23.2153,47.0618], [9.81659,42.7714], [24.0028,71.9952], [9.81607,45.1794], [9.81497,50.3015], [24.8321,55.8444], [24.3215,57.7067], [25.0063,38.3687], [33.0554,65.7704], [21.4843,46.0721], [15.6376,58.5854], [23.1492,42.4306], [34.7154,70.2168], [31.4027,61.3432], [32.586,64.513], [30.6488,59.6724], [27.6366,61.5014], [17.6528,62.0995], [28.3045,61.0959], [26.3415,62.2878], [10.8498,43.5854], [14.0949,55.8951], [11.2752,48.3692], [30.889,59.9672], [23.7173,41.1879], [10.6517,41.3563], [13.814,55.4054], [22.5114,43.8255], [11.1192,46.6151], [21.8573,45.2562], [20.7411,50.6102], [22.385,44.102], [21.6801,45.6436], [20.7872,50.2633], [22.1926,44.5227], [23.4442,41.7853], [20.9862,48.7652], [20.8831,49.5411], [23.0931,42.5532], [29.4566,28.3069], [30.4862,30.7902], [30.7549,59.608], [24.6844,39.0729], [31.2754,61.0022], [30.577,22.2978], [22.6303,43.5654], [27.089,33.8136], [30.9564,31.9243], [30.8495,21.6924], [22.9224,13.6999], [30.6613,31.2125], [27.3799,33.1774], [32.0279,17.4023], [32.0894,13.3714], [31.0728,13.4078], [21.1398,13.7637], [32.7093,14.6403], [29.3918,24.9307], [28.8546,26.855], [30.0988,23.36], [28.7262,13.4919], [31.7353,18.5887], [30.6009,31.9112], [31.3602,20.1089], [31.1152,21.1022], [29.9946,31.8887], [29.995,13.4465], [33.0306,13.3377], [15.2058,13.9764], [23.358,13.6843], [28.8995,26.0243], [13.8601,15.0307], [19.1146,13.8363], [13.9681,14.0443], [13.5375,14.5801], [12.8651,17.0273], [12.9629,17.5489], [13.0734,15.9299], [18.8075,34.0987], [20.0093,32.9524], [9.81786,36.91], [13.6145,19.4371], [13.5536,19.2608], [10.1437,36.8358], [9.89825,36.8917], [10.0627,36.8543], [13.4883,19.0714], [10.2987,36.8005], [13.3102,18.5554], [12.8931,16.8796], [12.9918,16.3598], [12.9226,16.7245], [13.4283,18.8977], [19.3051,33.624], [13.1821,18.1842], [17.2672,22.6476], [12.8359,17.1809], [13.8146,20.0171], [13.6724,19.6051], [13.1964,15.2821], [12.957,16.5431], [13.7375,19.7936], [13.7609,14.5861], [10.647,36.7211], [9.81781,37.1061], [9.81777,37.3095], [9.81578,46.5219], [10.9833,36.6445], [9.81549,47.8584], [10.4506,36.7659], [9.81572,46.8046], [17.4944,34.9124], [12.6166,36.2723], [9.81554,47.6289], [17.8739,34.7717], [16.8076,35.1671], [9.8159,45.9661], [9.81544,48.1263], [15.4274,35.6319], [10.8191,36.6819], [9.81612,44.9509], [18.2467,34.6335], [9.81531,48.7318], [9.98299,36.8724], [9.81596,45.6827], [9.81602,45.4227], [9.81538,48.4105], [9.81731,39.4471], [9.81695,41.1018], [9.81456,52.1701], [13.2584,36.1261], [9.81388,55.3352], [10.2227,36.8178], [9.81414,54.1253], [9.81464,51.8104], [9.81423,53.7176], [9.81488,50.6921], [9.81319,58.5505], [9.81345,57.3351], [9.81584,46.2491], [9.81505,49.9177], [9.81472,51.4611], [9.81521,49.1557], [9.81566,47.1117], [9.81278,60.4593], [9.8138,55.7319], [9.8119,64.5235], [9.8131,58.9897], [23.1578,60.1555], [9.8137,56.1641], [9.81617,44.7104], [9.81406,54.5176], [9.8156,47.3745], [9.81299,59.4899], [9.81328,58.1286], [22.4687,61.6057], [9.81235,62.4308], [22.6839,61.1529], [9.81117,67.9068], [9.81204,63.9067], [9.81635,43.8776], [28.3729,71.7104], [16.8738,74.6852], [21.9482,62.7012], [9.80984,74.1109], [19.0303,75.0731], [9.80979,74.3151], [22.0134,62.564], [9.80974,74.5545], [24.0816,58.2114], [18.9046,75.0773], [16.425,74.466], [16.7418,74.6208], [26.9048,71.8061], [9.81395,55.003], [24.4479,71.9662], [27.8738,71.7429], [17.409,72.2528], [16.6767,74.589], [9.81255,61.511], [9.81218,63.2489], [9.8121,63.6183], [9.81226,62.847], [8.444,70.0928], [9.80958,75.3195], [9.8111,68.2274], [9.81183,64.8614], [9.81336,57.764], [9.81431,53.3488], [9.81131,67.2665], [9.8148,51.0946], [9.81019,72.4553], [9.81169,65.5004], [9.80964,75.0301], [9.81078,69.7109], [9.80987,73.9535], [9.8103,71.9485], [9.81097,68.8392], [9.81361,56.5775], [9.81124,67.5809], [9.81176,65.192], [9.80894,78.2765], [9.81084,69.4416], [9.81072,70.0294], [9.81137,66.9865], [9.81104,68.5328], [16.6099,74.5564], [9.81156,66.1266], [9.81162,65.8166], [9.81001,73.2878], [9.8109,69.1676], [18.0135,75.1074], [9.81014,72.7237], [9.80886,78.6736], [9.80938,76.2344], [14.2319,89.0498], [15.1164,88.9796], [9.809,77.9836], [9.80656,89.349], [9.80837,80.9397], [9.80876,79.1049], [9.80914,77.3298], [9.80861,79.8306], [21.2081,88.4959], [17.7559,75.1161], [21.3381,88.4856], [17.2035,74.8463], [9.80826,81.4479], [9.80715,86.6152], [9.8093,76.6032], [9.80907,77.6638], [9.80922,76.976], [9.80947,75.8142], [9.81009,72.9502], [10.4183,89.3526], [9.80814,82.0249], [17.8199,75.1139], [18.0851,75.105], [10.9658,89.3091], [10.8601,89.3175], [11.6195,89.2572], [12.8933,89.1561], [20.7648,88.5311], [9.80671,88.6529], [9.80676,88.4415], [12.7502,89.1675], [11.3992,89.2747], [10.2145,89.3688], [15.3467,88.9613], [12.2144,89.21], [13.2047,89.1314], [11.7342,89.2481], [9.8066,89.1873], [9.80669,88.7647], [9.80733,85.7688], [11.1883,89.2915], [11.503,89.2665], [10.3141,89.3609], [10.5303,89.3437], [13.3825,89.1172], [13.0338,89.1449], [16.5947,88.8622], [10.0068,89.3853], [9.80678,88.343], [12.0784,89.2208], [12.6137,89.1783], [9.80655,89.4012], [11.8498,89.2389], [9.80757,84.6458], [11.9638,89.2299], [9.80657,89.2988], [13.6096,89.0992], [13.8471,89.0804], [9.80667,88.8646], [17.708,88.7738], [24.0696,88.2687], [21.756,88.4524], [18.0648,88.7455], [14.6607,89.0158], [21.1004,88.5044], [9.80697,87.4775], [11.08,89.3001], [19.6571,88.619], [9.80665,88.9641], [9.80997,73.4755], [16.9426,88.8346], [9.81005,73.138], [9.80662,89.081], [10.1124,89.3769], [19.1661,75.0685], [14.4572,89.0319], [19.9106,88.5989], [17.331,74.9085], [17.953,75.1094], [24.0764,88.2672], [19.521,88.6298], [12.4874,89.1883], [24.0696,88.2687], [20.4224,88.5583], [22.7563,88.373], [17.3592,88.8015], [20.2957,88.5683], [19.7899,88.6085], [24.0696,88.2687], [24.0696,88.2687], [20.9944,88.5129], [19.397,88.6397], [20.5524,88.548], [18.7901,88.6879], [24.0696,88.2687], [24.0696,88.2687], [20.0443,88.5883], 