{
  "instance_index": 0,
  "birth_iter": 65,
  "death_iter": 70,
  "survival_iters": 5,
  "censored": false,
  "pre_vnd_cost": 9619.53,
  "post_vnd_cost": 517.714,
  "pre_vnd_coords": [[80,20], [62.2941,15.9816], [62.3158,15.9801], [62.2982,15.9813], [62.3111,15.9804], [62.3024,15.981], [62.321,15.9797], [56.4743,16.3824], [62.3065,15.9807], [41.7632,20.3101], [25.6961,19.9941], [46.3556,17.0794], [26.1339,20.1629], [31.157,20.7239], [43.7695,18.8987], [36.6057,21.1296], [29.2714,20.5835], [36.206,21.0998], [42.6496,19.6866], [28.409,20.5192], [35.2556,32.1042], [27.5534,20.4555], [12.806,16.3677], [14.1678,28.2875], [14.6189,15.7242], [12.7761,15.4923], [16.725,16.5361], [12.8011,16.2257], [30.0649,20.6425], [14.0772,27.5314], [18.8046,17.3377], [14.0663,27.44], [16.1043,16.2968], [14.0876,27.6183], [18.0422,17.0438], [14.3437,29.7572], [12.8101,16.4876], [12.7911,15.9308], [12.7595,15.0075], [12.7646,15.1576], [12.7927,15.9793], [12.8321,17.1299], [12.7971,16.108], [12.8265,16.9661], [6.61563,39.7131], [14.1267,27.9448], [12.786,15.7838], [8.13533,40.6251], [13.7835,44.0147], [14.045,27.2619], [14.4033,30.2551], [14.0557,27.3512], [12.7822,15.6717], [12.8145,16.6172], [14.2073,28.6178], [2.801,38.3942], [15.3457,28.8122], [8.06166,24.334], [8.06166,24.334], [8.06166,24.334], [8.06166,24.334], [8.06166,24.334], [12.9053,25.3353], [8.06166,24.334], [25.4997,32.0626], [25.4997,32.0626], [12.9053,25.3353], [28.1687,24.4155], [15.3457,28.8122], [25.4997,32.0626], [12.9053,25.3353], [28.1687,24.4155], [40.1539,34.5438], [81.9601,62.7582], [79.8472,58.3604], [79.8472,58.3604], [81.0271,65.7234], [90.179,84.0341], [90.179,84.0341], [90.179,84.0341], [90.179,84.0341], [73.2135,77.4263], [81.1868,84.3071], [81.0271,65.7234], [87.909,92.6296], [90.179,84.0341], [87.909,92.6296], [73.2135,77.4263], [90.179,84.0341], [90.179,84.0341], [75.2194,95.2398], [75.2194,95.2398], [75.2194,95.2398], [90.179,84.0341], [87.909,92.6296], [75.2194,95.2398], [75.2194,95.2398], [67.8826,87.8887], [56.0339,94.6567], [67.8826,87.8887], [75.2194,95.2398], [67.8826,87.8887], [75.2194,95.2398], [75.2194,95.2398], [67.8826,87.8887], [75.8152,87.1271], [81.1868,84.3071], [61.8278,91.5832], [75.8152,87.1271], [81.1868,84.3071], [75.8152,87.1271], [75.2194,95.2398], [75.8152,87.1271], [67.8826,87.8887], [60.1729,73.9303], [67.8826,87.8887], [67.8826,87.8887], [70.1646,78.4024], [73.2135,77.4263], [75.2194,95.2398], [73.2135,77.4263], [67.8826,87.8887], [61.5889,82.5159], [56.0339,94.6567], [48.1491,99.435], [52.8843,87.0186], [56.4126,89.164], [50.6967,82.4639], [56.0339,94.6567], [60.1729,73.9303], [58.2629,80.9059], [52.8843,87.0186], [75.8152,87.1271], [58.2629,80.9059], [61.8278,91.5832], [47.0981,96.5914], [56.4126,89.164], [56.0339,94.6567], [52.8843,87.0186], [50.6967,82.4639], [60.1729,73.9303], [54.0721,78.5479], [54.0721,78.5479], [75.2194,95.2398], [75.2194,95.2398], [61.5889,82.5159], [75.8152,87.1271], [54.0721,78.5479], [81.1868,84.3071], [61.5889,82.5159], [70.1646,78.4024], [60.1729,73.9303], [61.5889,82.5159], [63.9546,77.2587], [64.8013,76.9368], [53.761,86.156], [50.2193,88.4009], [54.355,85.5222], [50.8563,88.3966], [53.9574,85.9464], [56.8899,82.8171], [50.8563,88.3966], [50.8563,88.3966], [36.2702,65.4191], [44.3679,72.0308], [48.9122,88.4095], [55.2019,84.6184], [35.8028,75.9411], [44.9213,71.4012], [52.1632,87.8614], [44.3679,72.0308], [54.9659,84.8702], [35.689,78.5051], [48.2592,88.4138], [52.1108,87.9173], [33.0694,72.43], [40.2099,88.4672], [56.0202,83.7451], [52.1108,87.9173], [51.0779,88.312], [52.1337,87.8929], [50.8563,88.3966], [49.5743,88.4051], [51.2822,88.2339], [50.8563,88.3966], [40.2099,88.4672], [43.2727,88.4469], [40.2099,88.4672], [35.3529,88.3628], [40.9209,88.4624], [34.8938,88.353], [50.8563,88.3966], [40.2099,88.4672], [33.8071,88.3297], [23.3517,80.7928], [35.9691,88.376], [42.7351,88.4504], [40.2099,88.4672], [35.8463,88.3733], [40.21,88.4672], [35.7178,88.3706], [23.8056,86.9243], [27.4971,88.1947], [35.2312,88.3602], [23.7008,85.5087], [24.7528,88.0904], [40.2099,88.4672], [31.8276,88.2874], [40.2099,88.4672], [40.2099,88.4672], [40.2099,88.4672], [35.1166,88.3577], [44.3922,88.4395], [52.1404,87.8857], [52.1108,87.9173], [40.2099,88.4672], [40.2099,88.4672], [41.6322,88.4577], [50.8563,88.3966], [44.992,88.4355], [24.4163,87.938], [34.6619,88.348], [42.1995,88.454], [40.21,88.4672], [43.7992,88.4434], [24.6803,88.0576], [24.1436,87.8144], [40.2099,88.4672], [40.2099,88.4672], [24.0358,87.7656], [34.4198,88.3428], [24.8375,88.1288], [24.2548,87.8648], [36.1002,88.3788], [24.8122,88.1173], [23.6022,84.1772], [23.9812,87.7408], [25.3227,88.1482], [23.858,87.6325], [12.5781,88.7203], [14.6532,88.3725], [24.628,88.0339], [24.1962,87.8382], [24.0874,87.7889], [11.8603,88.8407], [25.8192,88.1588], [28.719,88.2209], [24.4669,87.9609], [24.5742,88.0095], [26.9172,88.1823], [13.0207,88.6461], [24.8479,88.1335], [24.8585,88.1383], [23.8526,87.5595], [9.76336,85.4238], [13.1925,88.6173], [13.3555,88.59], [14.6532,88.3725], [24.3587,87.9119], [24.7154,88.0734], [9.9643,80.6181], [14.6532,88.3725], [26.3319,88.1698], [9.78003,85.025], [11.3972,88.9183], [9.7964,84.6336], [10.9581,88.9919], [15.3455,87.3008], [14.6532,88.3725], [23.862,87.6868], [24.8237,88.1225], [17.0021,84.7366], [9.98467,80.1311], [10.1249,76.7779], [22.4226,73.8784], [9.72627,86.3107], [18.8898,81.8144], [9.6511,88.1084], [9.72038,89.1994], [9.61849,88.8884], [14.6532,88.3725], [9.61176,89.0495], [9.68826,87.2197], [10.2163,89.1163], [9.83411,83.7317], [9.91284,81.8488], [10.0829,77.7828], [9.6828,87.3504], [9.72111,86.434], [9.97468,80.37], [11.1772,88.9552], [9.78874,84.8168], [9.70503,89.202], [17.6132,73.2582], [16.2068,85.9676], [9.71585,86.5599], [12.0851,88.803], [15.2628,72.9551], [20.2677,79.6816], [12.7491,72.631], [10.1376,76.474], [9.67494,89.207], [24.8001,88.1118], [19.4924,80.8816], [12.3409,88.7601], [24.7764,88.1011], [24.3088,87.8892], [23.433,81.8912], [23.7512,86.1902], [30.007,88.2484], [14.6532,88.3725], [24.7039,88.0682], [29.435,88.2362], [40.2099,88.4672], [35.5873,88.3678], [24.7283,88.0793], [40.2099,88.4672], [18.2724,73.3432], [24.5185,87.9842], [24.7885,88.1066], [18.6382,82.2039], [22.5548,79.9639], [31.1834,88.2736], [16.6544,85.2747], [18.8677,62.5185], [23.9222,87.7141], [18.3035,82.722], [23.5116,82.953], [24.7639,88.0954], [28.094,88.2075], [40.2099,88.4672], [35.466,88.3652], [24.7408,88.0849], [27.0808,73.2446], [35.5224,77.5242], [40.2099,88.4672], [29.9091,72.8599], [32.4773,88.3013], [40.2099,88.4672], [23.649,84.809], [41.4663,66.0315], [36.2009,66.9779], [34.2249,72.2728], [35.6068,78.0213], [34.3305,72.2584], [44.3571,72.0085], [33.673,72.3478], [44.2125,71.7095], [50.8563,88.3966], [35.4362,77.0164], [44.3341,71.961], [56.4126,89.164], [54.0721,78.5479], [49.2095,66.027], [54.0721,78.5479], [50.5106,54.1979], [50.5106,54.1979], [60.1729,73.9303], [49.2095,66.027], [49.2095,66.027], [49.2095,66.027], [50.5106,54.1979], [45.6745,41.4001], [45.7656,58.1206], [41.273,51.883], [45.7656,58.1206], [41.9036,47.8543], [45.7656,58.1206], [50.5106,54.1979], [45.6745,41.4001], [45.2693,36.9485], [41.9036,47.8543], [45.2693,36.9485], [45.6745,41.4001], [41.9036,47.8543], [40.1539,34.5438], [45.6745,41.4001], [33.5876,46.7517], [45.6745,41.4001], [32.6403,59.4114], [33.5876,46.7517], [45.2693,36.9485], [40.1539,34.5438], [41.273,51.883], [45.6745,41.4001], [45.7656,58.1206], [45.6745,41.4001], [45.7656,58.1206], [32.5712,42.9217], [41.9036,47.8543], [41.9036,47.8543], [40.1539,34.5438], [40.1539,34.5438], [45.2693,36.9485], [41.9036,47.8543], [41.9036,47.8543], [28.1687,24.4155], [28.1687,24.4155], [28.1687,24.4155], [25.4997,32.0626], [15.3457,28.8122], [15.3457,28.8122], [25.4997,32.0626], [32.5712,42.9217], [25.4997,32.0626], [25.4997,32.0626], [17.0782,37.0841], [18.2346,47.8255], [26.8741,47.6831], [33.5876,46.7517], [28.1687,24.4155], [32.5712,42.9217], [18.2346,47.8255], [32.5712,42.9217], [25.4997,32.0626], [30.2228,52.83], [32.6403,