{
  "instance_index": 0,
  "birth_iter": 1,
  "death_iter": 20,
  "survival_iters": 19,
  "censored": false,
  "pre_vnd_cost": 11198.8,
  "post_vnd_cost": 778.923,
  "pre_vnd_coords": [[80,20], [66.0311,21.7282], [80.5497,3.74456], [60.4696,15.6893], [66.0311,21.7282], [60.4696,15.6893], [39.6359,24.2074], [53.4109,34.2111], [39.6359,24.2074], [39.6359,24.2074], [39.6359,24.2074], [57.5891,40.7704], [39.6359,24.2074], [57.3138,28.0574], [57.3138,28.0574], [53.4109,34.2111], [57.5891,40.7704], [41.9036,47.8543], [53.4109,34.2111], [57.5891,40.7704], [57.5891,40.7704], [57.5891,40.7704], [32.5712,42.9217], [39.6359,24.2074], [25.4997,32.0626], [41.273,51.883], [25.4997,32.0626], [32.5712,42.9217], [15.3457,28.8122], [33.5876,46.7517], [32.2973,16.9688], [12.9053,25.3353], [28.1687,24.4155], [28.1687,24.4155], [39.6359,24.2074], [25.4997,32.0626], [39.6359,24.2074], [32.2973,16.9688], [39.6359,24.2074], [39.6359,24.2074], [53.4109,34.2111], [32.2973,16.9688], [39.6359,24.2074], [39.6359,24.2074], [32.2973,16.9688], [32.6172,8.09109], [39.6359,24.2074], [39.6359,24.2074], [47.2601,10.3852], [32.6172,8.09109], [47.2601,10.3852], [24.5176,11.2319], [24.5176,11.2319], [8.03444,16.3476], [8.03444,16.3476], [20.817,15.9037], [8.03444,16.3476], [8.03444,16.3476], [8.03444,16.3476], [8.06166,24.334], [8.06166,24.334], [8.03444,16.3476], [3.54077,30.0794], [8.03444,16.3476], [12.9053,25.3353], [3.54077,30.0794], [8.06166,24.334], [20.817,15.9037], [24.5176,11.2319], [8.03444,16.3476], [8.06166,24.334], [24.5176,11.2319], [32.2973,16.9688], [28.1687,24.4155], [32.6172,8.09109], [47.2601,10.3852], [28.1687,24.4155], [20.817,15.9037], [39.6359,24.2074], [24.0732,17.4969], [32.2973,16.9688], [32.6172,8.09109], [32.2973,16.9688], [28.1687,24.4155], [25.4997,32.0626], [15.3457,28.8122], [15.3457,28.8122], [20.817,15.9037], [39.6359,24.2074], [12.9053,25.3353], [24.0732,17.4969], [-5.06361,26.4225], [9.86737,31.9065], [9.86737,31.9065], [12.5024,36.0016], [9.86737,31.9065], [9.86737,31.9065], [9.86737,31.9065], [9.86737,31.9065], [9.86737,31.9065], [9.86737,31.9065], [9.86737,31.9065], [9.86737,31.9065], [26.0231,39.2205], [9.86737,31.9065], [12.5024,36.0016], [22.2604,36.5023], [19.5901,44.6734], [12.5024,36.0016], [9.86737,31.9065], [22.2604,36.5023], [26.0231,39.2205], [26.0231,39.2205], [12.5024,36.0016], [29.6555,45.8542], [26.1829,53.213], [29.6555,45.8542], [19.5901,44.6734], [31.3542,51.1068], [16.2703,48.5422], [29.6555,45.8542], [29.6555,45.8542], [26.1829,53.213], [41.1879,50.8199], [21.3894,50.326], [19.5901,44.6734], [12.5024,36.0016], [16.2703,48.5422], [12.5024,36.0016], [22.2604,36.5023], [26.0231,39.2205], [11.7743,48.8914], [9.86737,31.9065], [14.3623,31.8115], [9.86737,31.9065], [9.86737,31.9065], [16.2703,48.5422], [14.3623,31.8115], [-3.98068,54.4701], [0.661595,48.9556], [0.661595,48.9556], [11.7743,48.8914], [15.0336,60.35], [0.661595,48.9556], [11.7743,48.8914], [11.7743,48.8914], [0.661595,48.9556], [0.661595,48.9556], [21.3894,50.326], [11.7743,48.8914], [12.5024,36.0016], [11.7743,48.8914], [22.2604,36.5023], [26.0231,39.2205], [19.5901,44.6734], [21.3894,50.326], [19.5901,44.6734], [34.3393,50.1567], [29.6555,45.8542], [29.6555,45.8542], [16.2703,48.5422], [0.661595,48.9556], [11.7743,48.8914], [19.5901,44.6734], [9.63964,60.4459], [26.0231,39.2205], [29.6555,45.8542], [0.661595,48.9556], [16.2703,48.5422], [16.2703,48.5422], [15.0336,60.35], [3.82355,54.3463], [11.7743,48.8914], [0.661595,48.9556], [4.03144,66.101], [11.7743,48.8914], [19.5901,44.6734], [19.5901,44.6734], [3.65756,60.4014], [0.661595,48.9556], [11.7743,48.8914], [0.661595,48.9556], [3.65756,60.4014], [21.3894,50.326], [0.661595,48.9556], [3.82355,54.3463], [4.03144,66.101], [3.82355,54.3463], [11.7743,48.8914], [0.661595,48.9556], [0.661595,48.9556], [11.7743,48.8914], [9.86737,31.9065], [21.3894,50.326], [11.7743,48.8914], [-3.98068,54.4701], [0.661595,48.9556], [3.65756,60.4014], [0.661595,48.9556], [15.0336,60.35], [9.37407,63.1637], [3.65756,60.4014], [9.26958,67.2374], [9.26958,67.2374], [8.11137,73.6917], [4.03144,66.101], [8.11137,73.6917], [-9.38495,81.8595], [6.1063,83.4443], [-0.73576,63.747], [9.63964,60.4459], [9.63964,60.4459], [3.82355,54.3463], [9.26958,67.2374], [4.03144,66.101], [9.17016,70.7038], [-0.73576,63.747], [0.668052,76.6992], [9.17016,70.7038], [19.0751,61.3173], [6.1063,83.4443], [9.17016,70.7038], [9.17016,70.7038], [9.17016,70.7038], [9.17016,70.7038], [9.17016,70.7038], [12.8692,72.835], [0.668052,76.6992], [9.17016,70.7038], [0.668052,76.6992], [19.454,65.2315], [12.8692,72.835], [26.6366,70.3736], [16.185,74.9505], [18.221,55.4119], [18.221,55.4119], [20.688,70.4666], [18.221,55.4119], [19.0751,61.3173], [19.0751,61.3173], [19.0751,61.3173], [22.9614,72.7757], [27.9549,74.8396], [26.6366,70.3736], [18.221,55.4119], [16.185,74.9505], [18.221,55.4119], [18.221,55.4119], [19.0751,61.3173], [32.6403,59.4114], [19.0751,61.3173], [18.221,55.4119], [19.0751,61.3173], [18.221,55.4119], [9.17016,70.7038], [9.17016,70.7038], [-0.73576,63.747], [18.221,55.4119], [19.0751,61.3173], [23.7696,59.0545], [19.0751,61.3173], [18.221,55.4119], [20.817,15.9037], [20.817,15.9037], [-5.06361,26.4225], [8.03444,16.3476], [66.2727,54.5469], [54.0542,54.5969], [45.4557,59.5187], [45.4557,59.5187], [45.4557,59.5187], [71.6382,45.3167], [71.6382,45.3167], [58.7081,39.5449], [61.6668,51.2259], [58.7081,39.5449], [58.7081,39.5449], [58.7081,39.5449], [55.2866,35.9051], [55.2866,35.9051], [54.3014,40.1008], [63.6102,46.9996], [58.7081,39.5449], [64.2792,43.936], [63.6102,46.9996], [57.9183,59.2502], [63.6102,46.9996], [61.6668,51.2259], [61.6668,51.2259], [63.6102,46.9996], [54.0542,54.5969], [64.2792,43.936], [57.9183,59.2502], [54.3014,40.1008], [61.6668,51.2259], [66.6544,66.6454], [71.6382,45.3167], [71.6382,45.3167], [64.2792,43.936], [71.6382,45.3167], [71.6382,45.3167], [77.8727,49.4691], [20.688,70.4666], [32.6403,59.4114], [26.4021,65.9913], [26.6366,70.3736], [19.454,65.2315], [18.221,55.4119], [32.6403,59.4114], [18.221,55.4119], [26.6366,70.3736], [32.6403,59.4114], [30.2228,52.83], [33.5876,46.7517], [32.9415,67.4281], [26.6366,70.3736], [32.9415,67.4281], [23.7696,59.0545], [18.221,55.4119], [18.221,55.4119], [32.6403,59.4114], [32.6403,59.4114], [32.6403,59.4114], [30.2228,52.83], [32.6403,59.4114], [32.6403,59.4114], [33.5876,46.7517], [33.5876,46.7517], [33.5876,46.7517], [33.5876,46.7517], [41.9036,47.8543], [41.273,51.883], [41.273,51.883], [31.7793,63.7001], [30.2228,52.83], [20.6603,88.3542], [9.17016,70.7038], [6.1063,83.4443], [12.8692,72.835], [12.8692,72.835], [8.65006,76.6065], [16.185,74.9505], [12.8692,72.835], [5.13001,64.3131], [6.1063,83.4443], [19.0751,61.3173], [9.17016,70.7038], [13.0045,67.9161], [9.17016,70.7038], [9.17016,70.7038], [5.5998,85.5407], [-0.73576,63.747], [8.65006,76.6065], [12.2149,83.4075], [6.1063,83.4443], [6.1063,83.4443], [13.0045,67.9161], [6.1063,83.4443], [0.668052,76.6992], [12.2149,83.4075], [2.0249,97.9014], [9.17016,70.7038], [12.2149,83.4075], [12.2149,83.4075], [-9.38495,81.8595], [6.1063,83.4443], [2.0249,97.9014], [2.0249,97.9014], [12.2149,83.4075], [-6.78256,90.9455], [12.2149,83.4075], [2.0249,97.9014], [-1.30383,98.9824], [2.0249,97.9014], [2.0249,97.9014], [9.19623,89.6804], [12.2149,83.4075], [-1.30383,98.9824], [13.32,87.7564], [12.2149,83.4075], [13.32,87.7564], [2.0249,97.9014], [2.0249,97.9014], [2.0249,97.9014], [2.0249,97.9014], [2.0249,97.9014], [2.0249,97.9014], [2.0249,97.9014], [2.0249,97.9014], [16.2341,92.8286], [5.5998,85.5407], [12.2149,83.4075], [2.0249,97.9014], [27.508,90.5725], [9.19623,89.6804], [13.32,87.7564], [27.508,90.5725], [13.32,87.7564], [16.2341,92.8286], [30.5544,99.5964], [-6.78256,90.9455], [12.2149,83.4075], [12.2149,83.4075], [19.9748,104.649], [16.2341,92.8286], [2.0249,97.9014], [21.9344,94.6518], [16.2341,92.8286], [16.2341,92.8286], [12.2149,83.4075], [13.32,87.7564], [13.32,87.7564], [38.9618,79.1484], [13.32,87.7564], [27.0932,81.7764], [23.9227,97.9346], 