{
  "instance_index": 0,
  "birth_iter": 25,
  "death_iter": 80,
  "survival_iters": 55,
  "censored": false,
  "pre_vnd_cost": 10013,
  "post_vnd_cost": 562.216,
  "pre_vnd_coords": [[80,20], [95.4619,5.86625], [95.4619,5.86625], [99.6131,15.9361], [99.6131,15.9361], [95.4619,5.86625], [99.6131,15.9361], [86.8025,33.172], [86.8025,33.172], [76.9995,40.6613], [70.5359,36.772], [86.8025,33.172], [84.0754,55.0212], [86.8025,33.172], [82.5767,49.1251], [83.0559,49.9152], [82.5767,49.1251], [68.5119,56.5691], [82.5767,49.1251], [82.5767,49.1251], [82.5767,49.1251], [82.5767,49.1251], [69.338,59.1308], [83.605,53.0398], [69.0642,58.4851], [84.1674,52.9321], [83.1374,53.1294], [82.6905,53.215], [84.8107,52.8088], [84.4941,52.2868], [82.2211,53.3049], [81.7494,53.3952], [72.8143,55.1653], [82.5767,49.1251], [80.6946,53.5973], [80.062,53.7184], [82.5767,49.1251], [74.6378,70.1918], [69.2573,59.1042], [72.0992,63.2064], [69.2971,59.1174], [81.2498,53.4909], [72.554,68.2594], [82.5767,49.1251], [68.8839,57.8596], [69.2495,59.1017], [73.8631,54.9066], [69.2888,59.1146], [69.3052,59.12], [69.3214,59.1254], [53.5207,65.9166], [52.9617,58.36], [53.0545,59.4267], [73.6671,69.2916], [70.1743,60.3652], [53.5939,65.6258], [69.2724,59.1092], [53.4091,63.5012], [69.3132,59.1227], [74.4499,80.7194], [64.968,81.2698], [72.1309,67.8671], [39.9265,58.0671], [52.503,73.872], [40.0101,38.4408], [52.9856,64.9414], [27.5698,56.3964], [39.3164,31.6405], [23.5998,46.8429], [40.0101,38.4408], [40.0101,38.4408], [27.5698,56.3964], [26.8944,39.2378], [31.7134,45.7241], [31.7134,45.7241], [40.0101,38.4408], [31.7134,45.7241], [27.5698,56.3964], [20.5421,48.0518], [31.7134,45.7241], [40.0101,38.4408], [26.4649,37.9938], [20.5421,48.0518], [23.5998,46.8429], [20.5421,48.0518], [40.0101,38.4408], [26.8944,39.2378], [26.4649,37.9938], [23.5998,46.8429], [31.7134,45.7241], [26.8944,39.2378], [40.0101,38.4408], [31.7134,45.7241], [39.3164,31.6405], [20.5421,48.0518], [26.8944,39.2378], [40.0101,38.4408], [24.9155,44.6763], [11.6982,33.6894], [48.2669,27.717], [39.3164,31.6405], [40.0101,38.4408], [39.3164,31.6405], [40.0101,38.4408], [39.3164,31.6405], [39.3164,31.6405], [39.3164,31.6405], [12.3084,23.7318], [29.3438,16.3973], [29.3438,16.3973], [30.109,20.07], [19.181,21.5381], [30.109,20.07], [22.8042,30.4309], [24.2123,25.9077], [37.5141,15.9664], [22.6561,30.9067], [10.4807,23.5623], [21.8246,22.5475], [10.5932,22.3182], [23.785,27.2802], [10.5433,22.8693], [13.0177,17.1068], [22.4878,31.4475], [23.9258,26.8279], [38.2803,15.943], [24.5773,24.7349], [23.0619,29.603], [23.482,28.2536], [10.7997,20.0347], [12.114,16.5485], [10.4192,24.2422], [11.057,17.1883], [11.1678,15.9639], [11.1362,16.3132], [11.1028,16.6818], [10.901,18.9143], [10.3592,24.9056], [9.32238,36.3713], [10.1901,26.7755], [10.009,28.7782], [22.4878,31.4475], [10.8444,19.5396], [13.8564,17.6249], [9.9443,29.4937], [10.6991,21.1467], [14.7657,18.1867], [10.134,27.396], [10.9538,18.3299], [10.6496,21.6942], [11.0033,17.7829], [16.0703,18.9926], [10.7504,20.5798], [9.87628,30.2459], [10.0749,28.0499], [10.2978,25.5848], [9.80459,31.0387], [9.72991,31.8646], [9.44901,34.9709], [9.59233,33.386], [10.2428,26.1922], [18.9647,20.7807], [22.4878,31.4475], [9.29602,36.6628], [9.53982,33.9667], [22.4878,31.4475], [9.37004,35.8442], [9.26286,37.0295], [21.3815,43.1858], [20.5421,48.0518], [23.5998,46.8429], [20.5421,48.0518], [7.32881,46.7102], [7.32881,46.7102], [22.1261,62.66], [22.1261,62.66], [22.1261,62.66], [20.5421,48.0518], [10.8427,39.0974], [7.32881,46.7102], [20.5421,48.0518], [26.8944,39.2378], [15.7622,57.9203], [10.8427,39.0974], [26.8944,39.2378], [7.32881,46.7102], [20.5421,48.0518], [26.8944,39.2378], [31.7134,45.7241], [26.4649,37.9938], [23.5998,46.8429], [23.5998,46.8429], [30.7067,70.8468], [10.8427,39.0974], [22.1261,62.66], [22.1261,62.66], [22.1261,62.66], [15.7622,57.9203], [22.1261,62.66], [22.1261,62.66], [27.5698,56.3964], [22.1261,62.66], [22.1261,62.66], [22.1261,62.66], [22.1261,62.66], [27.5698,56.3964], [15.7622,57.9203], [22.1261,62.66], [24.9155,44.6763], [27.5698,56.3964], [27.5698,56.3964], [43.9442,68.0437], [27.5698,56.3964], [15.7622,57.9203], [14.1088,68.5448], [37.0718,77.5169], [22.0308,75.3598], [14.1088,68.5448], [29.3117,78.7418], [27.2774,78.6628], [22.0308,75.3598], [29.3117,78.7418], [22.0308,75.3598], [22.1261,62.66], [13.7546,67.6765], [33.0849,74.6586], [14.0989,67.4137], [9.21204,64.707], [14.4096,66.8103], [14.6526,66.9911], [10.4713,65.2087], [11.7092,65.7019], [11.303,65.5401], [12.9784,66.2076], [12.8891,66.1721], [31.8467,73.9646], [13.6177,66.4623], [5.60055,72.5348], [9.66431,64.8872], [8.74642,64.5215], [12.1049,68.9356], [7.95778,80.2436], [6.33078,74.9229], [13.8941,66.5725], [10.0515,65.0414], [6.87116,63.4784], [13.3787,67.9634], [10.8823,65.3725], [6.9047,63.7877], [14.2924,67.266], [14.4041,67.1807], [13.0735,66.2455], [13.6184,67.7804], [16.0733,82.5378], [25.2825,97.3105], [24.6373,87.8375], [13.07,89.0983], [25.2825,97.3105], [25.2825,97.3105], [25.2825,97.3105], [17.475,90.3735], [17.475,90.3735], [17.475,90.3735], [25.2825,97.3105], [15.7236,87.0898], [17.475,90.3735], [14.3343,93.4046], [25.2825,97.3105], [17.475,90.3735], [17.475,90.3735], [14.8572,85.1944], [13.6754,87.7758], [13.7906,87.5242], [13.4338,88.3037], [12.7393,89.8208], [13.1948,88.8258], [12.7905,89.7089], [15.1102,84.6417], [14.1558,86.7265], [14.4355,86.1154], [16.1655,80.832], [16.1339,80.764], [16.199,80.9039], [16.0093,80.4959], [17.6371,82.0051], [15.6033,83.5645], [12.4364,92.2602], [16.3757,81.8772], [12.3537,68.7457], [16.1031,80.6978], [7.39505,78.4033], [14.036,86.9881], [8.1402,80.8402], [3.56546,89.8368], [5.64281,77.6456], [3.56546,89.8368], [3.56546,89.8368], [3.56546,89.8368], [9.90064,78.037], [14.3343,93.4046], [5.64281,77.6456], [14.3343,93.4046], [9.90064,78.037], [3.56546,89.8368], [3.56546,89.8368], [9.90064,78.037], [5.64281,77.6456], [3.68286,66.1262], [9.90064,78.037], [3.56546,89.8368], [17.475,90.3735], [3.56546,89.8368], [14.3343,93.4046], [9.90064,78.037], [9.90064,78.037], [14.3343,93.4046], [3.56546,89.8368], [15.7236,87.0898], [14.3343,93.4046], [15.7236,87.0898], [25.2825,97.3105], [25.2825,97.3105], [3.56546,89.8368], [27.3348,96.1841], [25.2825,97.3105], [25.2825,97.3105], [15.7236,87.0898], [25.2825,97.3105], [25.2825,97.3105], [3.56546,89.8368], [20.1771,91.8516], [25.2825,97.3105], [3.56546,89.8368], [3.56546,89.8368], [3.56546,89.8368], [15.7236,87.0898], [17.475,90.3735], [9.90064,78.037], [3.56546,89.8368], [3.56546,89.8368], [14.3343,93.4046], [14.3343,93.4046], [14.3343,93.4046], [3.56546,89.8368], [14.3343,93.4046], [25.2825,97.3105], [17.475,90.3735], [3.56546,89.8368], [3.56546,89.8368], [17.475,90.3735], [14.3343,93.4046], [9.90064,78.037], [16.2348,80.9809], [15.8426,80.1373], [10.3207,70.2973], [6.9028,63.7869], [6.8391,63.833], [7.60108,79.0771], [15.9782,80.4291], [12.685,89.9392], [21.9121,85.49], [14.7294,85.4735], [13.5204,66.4236], [6.72339,76.2068], [5.98066,73.7779], [12.1185,65.865], [13.1386,68.1466], [6.10106,74.1716], [7.19937,77.7634], [7.78189,79.6684], [7.30127,78.0967], [5.57373,73.9204], [7.49944,78.7447], [5.86381,73.3957], [7.34445,72.5689], [13.9146,87.2533], [6.99199,77.0852], [14.5713,85.819], [12.839,89.603], [13.3123,88.5691], [12.8942,89.4824], [12.9505,89.3593], [6.59285,75.7799], [6.4141,73.279], [14.2855,86.4432], [15.9149,80.2928], [8.05677,80.5673], [3.56546,89.8368], [17.475,90.3735], [9.90064,78.037], [3.68286,66.1262], [3.68286,66.1262], [15.7622,57.9203], [3.68286,66.1262], [3.68286,66.1262], [3.68286,66.1262], [22.2902,70.6077], [22.0308,75.3598], [25.1157,76.7035], [22.0308,75.3598], [22.2902,70.6077], [22.2902,70.6077], [21.2915,72.9884], [15.7622,57.9203], [3.68286,66.1262], [19.1514,74.3447], [22.1261,62.66], [22.1261,62.66], [22.2902,70.6077], [27.2774,78.6628], [30.7067,70.8468], [15.7622,57.9203], [15.7622,57.9203], [3.68286,66.1262], [15.7622,57.9203], [22.0308,75.3598], [31.8467,73.9646], [20.5734,