{
  "instance_index": 0,
  "birth_iter": 46,
  "death_iter": 50,
  "survival_iters": 4,
  "censored": false,
  "pre_vnd_cost": 7632.71,
  "post_vnd_cost": 545.156,
  "pre_vnd_coords": [[80,20], [86.1684,17.4977], [86.1684,17.4977], [70.1653,13.8222], [86.1684,17.4977], [86.1684,17.4977], [86.1684,17.4977], [86.1684,17.4977], [59.6721,29.3114], [59.6721,29.3114], [59.6721,29.3114], [59.6721,29.3114], [56.0868,33.2195], [70.1653,13.8222], [68.2402,19.0804], [68.9267,16.7061], [65.6888,27.9041], [35.7384,18.6067], [35.8084,18.8812], [34.8559,15.1474], [35.6868,18.4045], [35.6629,18.3109], [35.7855,18.7916], [48.4023,36.4231], [44.2924,31.3181], [35.9479,19.4281], [35.6397,18.2198], [35.5409,17.8326], [33.3323,41.9311], [48.7109,33.8737], [34.6731,41.5203], [35.5941,18.0411], [35.6173,18.1322], [38.0175,27.5408], [35.569,17.9426], [35.7135,18.5093], [48.7109,33.8737], [35.7622,18.7], [35.9804,19.5556], [35.1952,16.4773], [20.8185,25.3533], [20.2561,24.9248], [35.9133,19.2925], [35.8843,19.1787], [35.8563,19.0691], [35.8287,18.9609], [36.0358,19.7726], [36.0074,19.6611], [36.9346,23.296], [17.3706,14.6821], [13.8146,20.0171], [38.0618,27.7144], [7.60931,60.816], [24.0816,58.2114], [9.80979,74.3151], [9.81149,66.4345], [9.81176,65.192], [9.81097,68.8392], [9.81124,67.5809], [9.81299,59.4899], [9.8099,73.7986], [9.81162,65.8166], [9.81059,70.6345], [9.81035,71.7234], [7.60931,60.816], [7.60931,60.816], [4.54291,55.3692], [7.60931,60.816], [4.54291,55.3692], [4.54291,55.3692], [4.54291,55.3692], [7.60931,60.816], [7.60931,60.816], [7.60931,60.816], [7.60931,60.816], [7.81245,49.9157], [4.54291,55.3692], [7.81245,49.9157], [4.54291,55.3692], [7.60931,60.816], [9.5079,53.3212], [7.81245,49.9157], [4.54291,55.3692], [7.81245,49.9157], [4.54291,55.3692], [7.81245,49.9157], [7.81245,49.9157], [7.81245,49.9157], [7.81245,49.9157], [7.81245,49.9157], [9.5079,53.3212], [7.81245,49.9157], [9.5079,53.3212], [7.81245,49.9157], [7.81245,49.9157], [9.5079,53.3212], [7.81245,49.9157], [7.81245,49.9157], [7.81245,49.9157], [7.81245,49.9157], [17.1645,35.0348], [16.4709,35.2919], [22.1407,47.9685], [17.2672,22.6476], [20.0093,32.9524], [19.9681,32.9916], [24.5327,45.9504], [13.2487,18.3772], [12.8931,16.8796], [38.2168,27.804], [13.7375,19.7936], [13.1964,15.2821], [21.3067,25.7252], [21.8469,26.1368], [22.4074,26.5638], [13.3102,18.5554], [17.7758,14.6929], [13.4468,14.5777], [13.371,18.7317], [13.1821,18.1842], [10.1437,36.8358], [15.6743,14.637], [13.1089,17.9721], [13.0344,17.756], [16.5333,14.6599], [14.629,14.6092], [12.9226,16.7245], [13.0734,15.9299], [13.3307,14.5746], [13.6724,19.6051], [12.8651,17.0273], [18.2291,14.705], [13.5375,14.5801], [12.8965,17.3566], [13.4883,19.0714], [10.0627,36.8543], [13.5536,19.2608], [9.81786,36.91], [9.89825,36.8917], [10.2987,36.8005], [13.8146,20.0171], [13.6145,19.4371], [13.4283,18.8977], [12.8359,17.1809], [12.9629,17.5489], [13.7609,14.5861], [12.957,16.5431], [12.9918,16.3598], [9.81538,48.4105], [10.2227,36.8178], [10.4506,36.7659], [9.81781,37.1061], [9.81777,37.3095], [9.81531,48.7318], [9.81423,53.7176], [20.6595,49.2182], [30.292,42.8626], [9.81612,44.9509], [9.81472,51.4611], [9.81566,47.1117], [9.81521,49.1557], [9.81319,58.5505], [9.8148,51.0946], [9.81549,47.8584], [13.2584,36.1261], [9.81602,45.4227], [10.647,36.7211], [17.4944,34.9124], [9.81607,45.1794], [9.81289,59.9562], [9.8137,56.1641], [22.6839,61.1529], [9.81448,52.5594], [12.6166,36.2723], [27.841,43.6135], [9.81497,50.3015], [9.81596,45.6827], [22.0134,62.564], [23.4228,52.8996], [9.81464,51.8104], [13.9212,35.9751], [9.81513,49.5376], [23.865,58.6673], [22.7578,44.6786], [31.2787,60.9734], [7.60931,60.816], [9.96154,63.4232], [11.0973,66.2711], [39.0778,54.8868], [27.1037,50.3664], [27.1037,50.3664], [11.0973,66.2711], [9.96154,63.4232], [35.6813,72.8343], [11.0973,66.2711], [9.96154,63.4232], [35.6813,72.8343], [35.6813,72.8343], [35.6813,72.8343], [31.2787,60.9734], [35.6813,72.8343], [44.9301,66.1864], [49.0184,56.457], [35.6813,72.8343], [42.55,69.3689], [42.55,69.3689], [42.55,69.3689], [42.55,69.3689], [42.55,69.3689], [42.55,69.3689], [42.55,69.3689], [42.55,69.3689], [42.55,69.3689], [42.55,69.3689], [42.55,69.3689], [42.55,69.3689], [35.6813,72.8343], [42.55,69.3689], [42.55,69.3689], [35.6813,72.8343], [35.6813,72.8343], [31.2787,60.9734], [31.2787,60.9734], [31.2787,60.9734], [31.2787,60.9734], [31.2787,60.9734], [31.2787,60.9734], [31.2787,60.9734], [44.5406,50.1973], [31.2787,60.9734], [31.2787,60.9734], [24.9504,56.3832], [24.9504,56.3832], [23.0094,52.3489], [24.7234,55.3493], [24.6398,57.0368], [43.9796,48.0688], [46.689,64.0235], [42.6188,60.8176], [48.3422,66.8901], [44.1083,60.503], [43.1665,60.7019], [46.9589,64.4916], [46.4193,82.1951], [37.132,61.9764], [37.852,61.8243], [48.8792,67.8212], [39.6987,61.4343], [57.494,57.1805], [58.4201,62.6363], [47.2215,64.9468], [46.481,82.3159], [40.3541,61.2959], [46.4426,82.2408], [47.7361,65.8392], [47.4653,65.3696], [57.5443,71.0497], [46.8574,49.1875], [45.5199,61.9963], [41.0464,61.1497], [46.4302,82.2166], [57.7004,71.0429], [58.4623,71.0092], [57.0987,71.0694], [57.2467,71.0629], [56.9443,71.0762], [49.9648,69.7035], [50.2081,70.1254], [50.4474,70.5403], [50.6589,70.9071], [48.6343,67.3965], [48.0427,66.3707], [49.6956,69.2367], [58.73,63.1672], [50.8919,71.3112], [61.2769,67.5302], [57.9862,71.0302], [58.141,71.0234], [58.3028,71.0162], [57.3338,60.7755], [56.072,71.1148], [56.232,71.1077], [56.3706,71.1016], [55.9303,71.121], [60.1154,50.8368], [64.9208,48.0194], [64.1967,45.9937], [45.2498,48.5626], [43.734,60.5821], [46.8574,49.1875], [57.5164,56.6779], [61.6937,49.9115], [47.8442,41.0351], [47.2583,45.8747], [57.5367,56.2228], [60.8326,50.4163], [57.6216,54.3187], [47.3055,45.4853], [45.7597,62.4121], [57.5572,55.7627], [57.5789,55.2764], [57.6016,54.767], [58.9129,51.4419], [46.0218,62.8667], [46.2153,63.2022], [44.4511,48.2521], [64.399,46.2855], [62.5381,38.8007], [64.9288,47.0498], [44.8479,60.8312], [47.1707,46.5989], [47.3471,45.1412], [47.2173,46.2136], [63.1578,41.4883], [65.1064,47.306], [62.5381,38.8007], [57.4768,57.5682], [64.0294,48.542], [64.7718,46.8233], [63.5124,48.8451], [65.4044,47.7358], [76.1663,34.8308], [76.1663,34.8308], [70.1572,53.3378], [49.3918,43.5946], [49.3918,43.5946], [62.9742,67.0781], [62.9742,67.0781], [67.3943,71.8798], [67.3943,71.8798], [67.3943,71.8798], [67.3943,71.8798], [67.3943,71.8798], [67.3943,71.8798], [67.3943,71.8798], [67.3943,71.8798], [74.7373,68.025], [74.7373,68.025], [82.0839,69.8764], [82.0839,69.8764], [82.0839,69.8764], [74.7373,68.025], [67.3943,71.8798], [67.3943,71.8798], [67.3943,71.8798], [67.3943,71.8798], [67.3943,71.8798], [66.2548,71.4266], [59.0289,83.3064], [67.3943,71.8798], [59.0289,83.3064], [67.3943,71.8798], [52.1813,85.6181], [62.9742,67.0781], [62.9742,67.0781], [66.2548,71.4266], [66.2548,71.4266], [52.1813,85.6181], [52.7733,86.9635], [45.1798,90.9914], [45.1798,90.9914], [52.1813,85.6181], [45.1798,90.9914], [52.1813,85.6181], [52.7733,86.9635], [52.1813,85.6181], [39.0778,54.8868], [44.5406,50.1973], [44.5406,50.1973], [44.5406,50.1973], [44.5406,50.1973], [31.2787,60.9734], [31.2787,60.9734], [31.2787,60.9734], [31.2787,60.9734], [31.2787,60.9734], [31.2787,60.9734], [31.2787,60.9734], [31.2787,60.9734], [31.2787,60.9734], [22.5761,51.7717], [20.9962,48.9341], [24.7468,56.8115], [27.2788,43.89], [24.3215,57.7067], [24.8525,56.5891], [42.6041,47.5342], [24.9504,56.3832], [24.501,54.336], [26.9113,44.1657], [27.4406,43.7685], [27.2033,43.9466], [27.1286,44.0026], [27.0547,44.0581], [26.9817,44.1129], [19.3051,33.624], [18.2467,34.6335], [18.2467,34.6335], [28.0622,43.5457], [9.81554,47.6289], [24.9504,56.3832], [9.81617,44.7104], [9.81635,43.8776], [9.81659,42.7714], [15.756,35.557], [16.1025,35.4286], [15.4274,35.6319], [18.2467,34.6335], [18.8075,34.0987], [27.6739,43.6647], [24.5327,45.9504], [23.8604,46.5176], [21.577,48.444], [23.2153,47.0618], [9.8159,45.9661], [18.2467,34.6335], [20.4873,