{
  "instance_index": 0,
  "birth_iter": 54,
  "death_iter": 60,
  "survival_iters": 6,
  "censored": false,
  "pre_vnd_cost": 6088.9,
  "post_vnd_cost": 534.537,
  "pre_vnd_coords": [[80,20], [64.866,16.5438], [66.0335,16.8104], [67.4619,17.1366], [68.817,17.4461], [70.6542,17.8657], [73.7079,18.5631], [63.721,16.2823], [62.4316,15.9878], [34.1528,20.5544], [34.8776,20.3459], [35.8212,20.0746], [36.6629,19.8325], [37.5331,19.5822], [38.368,19.3421], [39.2174,19.0978], [41.1271,18.5486], [44.5397,17.5673], [49.9184,17.0923], [33.0225,20.8795], [30.7409,33.7174], [43.5055,27.8829], [40.6164,27.7312], [38.7261,27.632], [38.9247,27.6424], [39.1146,27.6524], [39.3355,27.664], [39.598,27.6778], [39.8449,27.6907], [40.1019,27.7042], [40.3447,27.717], [38.5033,27.6203], [27.6526,22.9982], [28.7875,22.5504], [30.0323,22.0593], [31.2983,21.5598], [26.5185,23.4456], [13.8432,22.3844], [13.8432,22.3844], [13.566,22.9089], [13.3248,23.3655], [12.8581,24.2485], [13.8432,22.3844], [11.1406,16.6895], [11.3648,17.1619], [10.9201,16.2248], [11.8021,18.0833], [11.5852,17.6263], [12.2363,18.9982], [12.5756,19.7134], [12.9001,20.3972], [10.8655,16.1098], [12.0153,18.5326], [10.8654,16.1098], [10.8654,16.1098], [10.8748,16.1296], [10.8837,16.1483], [10.8926,16.1669], [10.9021,16.1869], [10.9109,16.2056], [13.7649,26.0607], [10.7282,27.3279], [12.4013,25.113], [10.766,24.2454], [10.7712,23.8165], [10.7732,23.6474], [10.791,22.1928], [10.8086,20.7522], [10.8268,19.2627], [10.8462,17.684], [10.7493,25.611], [13.6679,22.0152], [10.7749,23.5077], [10.6543,33.3494], [10.6814,31.1489], [10.7056,29.1766], [13.2084,21.0468], [12.0246,25.8258], [10.6238,35.8295], [10.5962,38.0746], [9.88247,75.7578], [12.1146,75.895], [14.995,77.4279], [9.88248,75.7578], [9.88248,75.7578], [10.4508,88.0016], [9.88248,75.7578], [9.88248,75.7578], [9.88248,75.7578], [10.4508,88.0016], [10.6965,75.8078], [9.88248,75.7578], [12.1146,75.895], [9.88248,75.7578], [9.88248,75.7578], [10.4355,88.3688], [10.4422,88.2062], [9.58489,74.7337], [13.7478,76.7641], [9.52325,74.8709], [9.0903,75.8348], [10.4508,88.0016], [12.1146,75.895], [9.30583,75.3549], [10.4378,88.3131], [9.46755,74.9949], [9.24959,75.4802], [9.88248,75.7578], [9.88247,75.7578], [10.4508,88.0016], [10.4508,88.0016], [10.4508,88.0016], [10.4508,88.0016], [10.4464,88.1068], [8.97149,76.0993], [10.4285,88.5354], [10.4264,88.5864], [8.91665,76.2214], [10.4236,88.6544], [10.4508,88.0016], [10.4207,88.7217], [10.4183,88.7811], [10.4158,88.8413], [10.4131,88.9055], [10.4508,88.0016], [10.4108,88.9598], [10.4086,89.0134], [10.406,89.0756], [10.4508,88.0016], [10.4508,88.0016], [10.4034,89.1364], [10.401,89.1948], [10.3984,89.2571], [10.4508,88.0016], [10.4508,88.0016], [10.44,88.2586], [10.3959,89.3166], [10.4444,88.1549], [10.3931,89.3839], [10.3905,89.4455], [9.40858,75.1262], [10.3876,89.5164], [10.3851,89.5769], [10.3825,89.6374], [10.4159,89.957], [11.1482,89.9652], [10.3743,89.8351], [10.3717,89.8978], [10.3692,89.9565], [10.392,89.9568], [28.4886,90.1578], [19.3473,90.0562], [19.8923,90.0623], [10.4508,88.0016], [10.4308,88.4811], [10.4508,88.0016], [10.4508,88.0016], [11.1707,87.1504], [11.0913,87.2443], [11.0039,87.3476], [13.4873,91.269], [13.7298,91.3484], [13.972,91.4278], [14.2211,91.5093], [14.4901,91.5975], [15.0769,91.7897], [15.08,83.9284], [15.0797,83.9011], [15.0779,83.6761], [15.4737,87.1194], [29.8178,87.5644], [17.3034,91.9798], [15.0779,83.6761], [29.8785,88.0607], [16.5512,91.5], [16.4384,91.4281], [16.6602,91.5696], [16.7848,79.815], [16.7705,91.6399], [15.9038,90.6048], [16.8814,91.7106], [15.6808,88.7978], [15.6319,88.4017], [15.5846,88.0179], [15.3877,86.422], [15.7258,89.1623], [30.1201,90.0375], [16.7203,92.3281], [17.2394,92.4982], [16.0173,92.0978], [30.1375,90.1806], [30.1316,90.1321], [30.1259,90.0856], [30.114,89.9879], [30.1074,89.9338], [30.1546,90.3203], [30.0716,89.6412], [30.0612,89.5559], [30.0827,89.7314], [29.8562,87.8785], [29.8979,88.2197], [17.7335,92.5758], [17.6526,92.4638], [17.5695,92.3486], [17.4861,92.233], [17.3952,92.107], [17.3034,91.9798], [16.104,91.2147], [17.3034,91.9798], [17.2071,91.9184], [17.1052,91.8534], [16.9947,91.7829], [17.813,92.6861], [30.1489,90.2734], [30.1433,90.2278], [16.3302,91.3591], [29.6865,86.4896], [29.7032,86.6269], [29.7423,86.9461], [29.7619,87.1064], [29.781,87.2633], [29.7978,87.4006], [29.8382,87.7315], [29.5062,85.0147], [36.6456,90.6102], [36.1909,90.5899], [37.0832,90.6298], [35.1821,90.5449], [34.6483,90.521], [34.1481,90.4987], [33.6986,90.4786], [33.2102,90.4568], [32.708,90.4343], [32.2014,90.4117], [31.7241,90.3904], [31.1998,90.367], [30.683,90.3439], [35.7348,90.5695], [30.0215,89.2314], [29.9876,88.954], [29.9518,88.6606], [30.051,89.4727], [30.0919,89.807], [30.1014,89.8851], [41.9819,90.8486], [41.3258,90.8193], [40.7402,90.7931], [40.184,90.7683], [39.6479,90.7443], [39.1345,90.7214], [38.6369,90.6992], [38.1543,90.6776], [37.613,90.6534], [42.6439,90.8782], [11.8899,86.3002], [18.0292,79.0428], [12.9886,76.3601], [12.5805,76.143], [9.14119,75.7215], [9.03409,75.9599], [9.88247,75.7578], [12.8198,85.201], [13.3408,84.5851], [13.7892,84.0551], [14.0886,83.7011], [14.371,83.3673], [14.7532,82.9155], [15.0804,82.5288], [15.4755,82.0618], [15.8399,81.631], [16.994,80.2666], [12.3878,85.7117], [9.35503,75.2454], [11.2534,87.0526], [9.19322,75.6056], [14.7549,91.6842], [10.4599,71.2997], [10.5466,77.1461], [10.4861,73.0658], [10.3833,66.1681], [10.6806,86.1443], [10.4903,73.35], [20.7198,71.2812], [10.5816,79.4999], [10.5383,76.5864], [10.4693,71.9335], [10.5072,74.4888], [18.5561,75.8082], [10.5589,77.9754], [10.3111,61.3636], [10.3111,61.3636], [10.4818,72.7734], [10.3111,61.3636], [10.3111,61.3635], [10.3111,61.3636], [21.2199,71.014], [10.3191,60.7018], [10.4511,70.7053], [10.4464,70.3914], [10.4208,68.6697], [15.7724,89.5398], [10.5301,76.0352], [24.9377,58.7707], [10.3281,59.967], [10.3471,58.4009], [27.711,80.3597], [10.4084,67.8449], [29.3987,61.3825], [26.8895,69.7012], [26.6487,69.2273], [18.5359,56.164], [10.396,67.0195], [26.8626,78.1597], [26.3868,68.7117], [10.3111,61.3637], [10.5424,76.8618], [22.8018,70.1689], [19.0516,74.6872], [27.19,79.0086], [19.5931,73.4623], [26.5644,69.0613], [10.5227,75.5378], [10.3111,61.3637], [10.4373,69.775], [19.4385,57.3233], [10.3111,61.3636], [10.3111,61.3637], [10.3372,59.2182], [10.3456,63.6656], [10.3629,57.1116], [10.3111,61.3637], [11.3222,46.0089], [10.3111,61.3637], [15.5109,51.9252], [11.3359,46.0538], [11.337,46.0574], [26.6747,69.2785], [13.4629,49.0563], [16.0292,52.6516], [10.3813,55.6057], [11.3233,46.0125], [11.3325,46.0426], [17.8132,55.1514], [19.3195,57.262], [10.3279,62.4851], [18.1926,44.7849], [11.3303,46.0355], [10.4913,46.6186], [14.4131,50.3873], [11.3257,46.0203], [16.607,53.4612], [12.9156,48.2896], [10.4189,52.5395], [11.3447,46.0828], [11.3431,46.0774], [11.3336,46.0462], [10.5428,42.424], [11.328,46.0279], [11.3397,46.0664], [10.4002,54.0611], [25.7008,58.4023], [11.3268,46.0241], [10.3111,61.3636], [11.3209,46.0048], [11.3292,46.0318], [10.4393,50.8688], [18.1455,55.6171], [11.3481,46.0938], [11.3464,46.0884], [11.3481,46.0938], [18.3461,45.3474], [11.3414,46.072], [23.9362,47.4468], [12.1578,47.2281], [10.4589,49.2704], [17.1944,54.2843], [11.3348,46.0501], [11.3314,46.039], [12.0008,45.6394], [10.4778,47.7243], [12.7404,45.242], [10.5698,40.2241], [19.6648,46.3319], [18.5342,46.0368], [16.3154,53.0527], [18.2733,45.0806], [18.3289,26.6767], [18.4351,45.6736], [24.3447,47.5534], [25.4718,47.8476], [25.1182,47.7553], [24.8655,47.6893], [24.7369,47.6558], [24.4802,47.5888], [24.6172,47.6245], [24.0716,47.4821], [23.8091,47.4136], [20.6491,46.5888], [18.5342,46.0368], [19.1073,46.1864], [26.6796,59.0577], [25.8364,58.3368], [32.4525,48.0995], [34.7308,48.0646], [33.6048,48.0819], [33.1988,48.0881], [32.8206,48.0939], [26.1778,48.0318], [29.2417,48.0649], [25.4453,58.5256], [23.8984,59.2724], [27.0047,69.9279], [24.0123,59.2174], [24.1366,59.1574], [24.253,59.1012], [24.6036,