{
  "instance_index": 0,
  "birth_iter": 2,
  "death_iter": 60,
  "survival_iters": 58,
  "censored": false,
  "pre_vnd_cost": 11409.4,
  "post_vnd_cost": 600.077,
  "pre_vnd_coords": [[80,20], [68.5706,27.1446], [68.5706,27.1446], [68.5706,27.1446], [55.8403,33.3435], [53.4813,37.9453], [64.0125,11.2427], [64.0125,11.2427], [64.0125,11.2427], [64.0125,11.2427], [43.9493,7.84701], [42.269,10.4762], [42.269,10.4762], [42.269,10.4762], [43.9493,7.84701], [42.269,10.4762], [42.269,10.4762], [25.8571,23.4143], [25.8571,23.4143], [37.7734,30.1071], [42.269,10.4762], [21.2824,23.9687], [30.953,24.1367], [9.92808,20.0962], [25.8571,23.4143], [9.92808,20.0962], [17.9173,12.7676], [25.8571,23.4143], [14.255,19.0031], [21.2824,23.9687], [30.953,24.1367], [30.953,24.1367], [46.1437,26.5487], [30.953,24.1367], [26.4015,9.2496], [37.7734,30.1071], [25.8571,23.4143], [42.269,10.4762], [26.4015,9.2496], [26.4015,9.2496], [42.269,10.4762], [9.92808,20.0962], [17.9173,12.7676], [5.00069,3.12172], [5.03128,24.7222], [17.9173,12.7676], [5.00069,3.12172], [5.03128,24.7222], [0.849446,6.04825], [5.03128,24.7222], [-5.41714,25.622], [9.39981,32.4679], [9.39981,32.4679], [9.92808,20.0962], [10.4652,48.5905], [-5.41714,25.622], [5.03128,24.7222], [9.39981,32.4679], [9.92808,20.0962], [9.90706,37.1494], [-5.41714,25.622], [9.39981,32.4679], [0.849446,6.04825], [9.92808,20.0962], [5.03128,24.7222], [14.255,19.0031], [5.00069,3.12172], [14.255,19.0031], [5.03128,24.7222], [17.9173,12.7676], [9.92808,20.0962], [14.255,19.0031], [-5.41714,25.622], [14.6325,30.3863], [9.39981,32.4679], [21.2824,23.9687], [23.2846,33.0391], [41.2724,22.8724], [14.255,19.0031], [21.2824,23.9687], [23.2846,33.0391], [30.953,24.1367], [37.7734,30.1071], [23.2846,33.0391], [24.1604,44.023], [24.1604,44.023], [29.7407,37.3121], [23.2846,33.0391], [23.2672,57.1025], [19.1735,37.4725], [30.3827,46.8983], [41.8793,42.9725], [29.7407,37.3121], [30.3827,46.8983], [25.8571,23.4143], [47.7939,41.8751], [24.1604,44.023], [46.68,37.2312], [25.8571,23.4143], [41.2724,22.8724], [41.2724,22.8724], [30.953,24.1367], [29.7407,37.3121], [37.7734,30.1071], [42.269,10.4762], [37.7734,30.1071], [53.7268,29.1502], [46.1437,26.5487], [68.5706,27.1446], [46.68,37.2312], [68.8491,38.7745], [68.5706,27.1446], [53.7268,29.1502], [68.5706,27.1446], [64.9752,43.9129], [68.5706,27.1446], [68.8491,38.7745], [47.7939,41.8751], [59.4195,42.233], [59.4195,42.233], [68.8491,38.7745], [58.8522,48.9805], [68.5706,27.1446], [68.5706,27.1446], [59.4195,42.233], [59.4195,42.233], [46.1437,26.5487], [46.68,37.2312], [46.1437,26.5487], [52.4167,44.7084], [46.1437,26.5487], [41.1728,51.6207], [53.7268,29.1502], [44.25,46.0244], [55.8403,33.3435], [46.68,37.2312], [53.4813,37.9453], [59.4195,42.233], [59.4195,42.233], [53.4813,37.9453], [58.8522,48.9805], [55.8403,33.3435], [46.68,37.2312], [44.25,46.0244], [50.9139,48.7266], [55.8403,33.3435], [41.1728,51.6207], [55.8403,33.3435], [68.9245,62.3037], [58.8522,48.9805], [60.169,56.4365], [58.8522,48.9805], [60.169,56.4365], [58.8522,48.9805], [59.4195,42.233], [68.8491,38.7745], [64.9752,43.9129], [76.15,43.0386], [83.4461,37.3048], [68.8491,38.7745], [68.8491,38.7745], [69.3622,54.3853], [76.15,43.0386], [68.9245,62.3037], [68.9245,62.3037], [60.169,56.4365], [80.927,58.3907], [80.927,58.3907], [85.2994,53.5458], [58.8522,48.9805], [70.0455,70.576], [68.9432,71.9898], [69.9186,67.5051], [68.9245,62.3037], [80.927,58.3907], [68.9245,62.3037], [68.9245,62.3037], [70.0455,70.576], [69.9186,67.5051], [60.169,56.4365], [60.169,56.4365], [60.169,56.4365], [50.9139,48.7266], [52.4167,44.7084], [46.9026,51.4715], [29.8911,43.0869], [43.981,54.6815], [31.7663,50.9746], [51.8113,50.984], [22.5064,53.5654], [43.7133,65.0915], [36.0154,58.2824], [43.981,54.6815], [43.7133,65.0915], [31.7663,50.9746], [36.0154,58.2824], [40.3829,60.3978], [36.7485,49.9791], [36.7485,49.9791], [36.7485,49.9791], [29.8911,43.0869], [36.7485,49.9791], [22.5064,53.5654], [49.6195,44.6885], [36.7485,49.9791], [20.0498,47.0239], [31.7663,50.9746], [22.5064,53.5654], [22.7513,62.6676], [24.5622,55.5817], [13.0874,51.1784], [13.0874,51.1784], [22.3857,54.5658], [20.0498,47.0239], [20.0498,47.0239], [12.3561,41.1471], [20.0498,47.0239], [10.7001,45.6689], [12.3561,41.1471], [18.4047,37.9049], [10.6079,30.5213], [10.6079,30.5213], [18.4047,37.9049], [7.52191,38.4563], [10.6079,30.5213], [7.52191,38.4563], [18.4047,37.9049], [12.3561,41.1471], [12.3561,41.1471], [10.6079,30.5213], [10.6079,30.5213], [10.6079,30.5213], [10.6079,30.5213], [2.98313,46.2494], [2.75851,53.1656], [1.58954,50.0167], [4.74802,51.5144], [6.38509,55.897], [4.74802,51.5144], [20.0498,47.0239], [20.0498,47.0239], [2.75851,53.1656], [2.75851,53.1656], [6.38509,55.897], [6.14669,76.4506], [6.14669,76.4506], [6.14669,76.4506], [5.66948,63.4734], [4.74802,51.5144], [6.38509,55.897], [22.5064,53.5654], [13.0874,51.1784], [13.0874,51.1784], [2.75851,53.1656], [6.14669,76.4506], [5.66948,63.4734], [5.66948,63.4734], [5.66948,63.4734], [20.0498,47.0239], [6.14669,76.4506], [13.0874,51.1784], [13.0874,51.1784], [5.66948,63.4734], [17.2861,60.7626], [3.58194,65.1639], [6.38509,55.897], [4.74802,51.5144], [22.3857,54.5658], [24.9525,64.104], [17.2861,60.7626], [1.58954,50.0167], [10.7001,45.6689], [2.98313,46.2494], [4.74802,51.5144], [13.0874,51.1784], [7.52191,38.4563], [12.3561,41.1471], [20.0498,47.0239], [1.58954,50.0167], [2.98313,46.2494], [4.74802,51.5144], [2.98313,46.2494], [2.98313,46.2494], [18.4047,37.9049], [6.38509,55.897], [10.6079,30.5213], [29.8911,43.0869], [12.3561,41.1471], [18.4047,37.9049], [4.74802,51.5144], [22.5064,53.5654], [18.4047,37.9049], [5.66948,63.4734], [13.0874,51.1784], [17.2861,60.7626], [12.3561,41.1471], [13.0874,51.1784], [13.0874,51.1784], [20.0498,47.0239], [22.3857,54.5658], [14.5621,66.0937], [21.9103,72.1484], [36.0154,58.2824], [24.9525,64.104], [28.8823,58.5104], [22.7513,62.6676], [10.4821,67.0715], [29.0006,65.878], [31.7663,50.9746], [24.9525,64.104], [36.7485,49.9791], [28.8823,58.5104], [29.0006,65.878], [20.0498,47.0239], [43.981,54.6815], [22.5064,53.5654], [28.8823,58.5104], [17.2861,60.7626], [24.9525,64.104], [34.4889,65.2417], [29.0006,65.878], [43.7133,65.0915], [24.9525,64.104], [29.0006,65.878], [28.8823,58.5104], [35.7797,63.4335], [36.7485,49.9791], [36.7485,49.9791], [43.981,54.6815], [33.3629,54.5432], [60.8881,63.1131], [51.8113,50.984], [40.2347,69.9694], [51.8113,50.984], [43.7133,65.0915], [47.4801,41.2952], [65.4893,65.9351], [49.6195,44.6885], [60.8881,63.1131], [43.7133,65.0915], [51.8113,50.984], [51.8113,50.984], [51.8113,50.984], [60.8881,63.1131], [60.8881,63.1131], [61.2099,71.4083], [50.2416,69.2031], [51.6353,47.8954], [65.4893,65.9351], [60.8881,63.1131], [58.43,69.0855], [58.43,69.0855], [60.8881,63.1131], [43.7133,65.0915], [48.0372,72.3971], [60.8881,63.1131], [43.7133,65.0915], [40.3829,60.3978], [42.7712,74.5553], [34.4889,65.2417], [32.4268,67.5704], [51.5316,74.4997], [34.4889,65.2417], [50.6327,63.9077], [40.2347,69.9694], [48.0372,72.3971], [43.7133,65.0915], [43.7133,65.0915], [40.2347,69.9694], [36.0154,58.2824], [28.8823,58.5104], [36.0154,58.2824], [40.2347,69.9694], [40.2347,69.9694], [50.6327,63.9077], [37.579,76.7357], [32.4268,67.5704], [42.8225,80.0705], [33.3629,54.5432], [22.7513,62.6676], [40.2347,69.9694], [40.2347,69.9694], [32.4268,67.5704], [30.0096,78.4483], [29.0006,65.878], [29.5094,74.7395], [29.0006,65.878], [10.4821,67.0715], [32.5943,86.4212], [21.9103,72.1484], [30.0096,78.4483], [21.9103,72.1484], [32.4268,67.5704], [30.0096,78.4483], [32.4268,67.5704], [30.0096,78.4483], [45.8846,87.0348], [34.4889,65.2417], [29.5094,74.7395], [28.9155,85.9437], [21.9103,72.1484], [24.7183,80.5], [32.5943,86.4212], [30.0096,78.4483], [19.1172,80.9589], [30.0096,78.4483], [21.9103,72.1484], [30.0096,78.4483], [16.2737,78.41], [29.0006,65.878], [40.2347,69.9694], [12.5088,77.5617], [14.5621,66.0937], [24.7183,80.5], [16.2737,78.41], [6.14669,76.4506], [21.9103,72.1484], 