{
  "instance_index": 0,
  "birth_iter": 81,
  "death_iter": 90,
  "survival_iters": 9,
  "censored": false,
  "pre_vnd_cost": 9270.77,
  "post_vnd_cost": 538.838,
  "pre_vnd_coords": [[80,20], [85.2272,28.3911], [84.4968,35.9673], [84.1268,39.8054], [84.6376,34.5062], [62.5381,38.8007], [62.5381,38.8007], [62.5381,38.8007], [62.5381,38.8007], [62.5381,38.8007], [55.6424,49.1115], [53.9882,45.7348], [55.2092,48.2271], [55.3204,48.4542], [55.7468,49.3246], [54.9998,47.7998], [50.6914,39.0051], [50.6914,39.0051], [53.0307,33.6709], [50.6914,39.0051], [50.6914,39.0051], [50.6914,39.0051], [50.6914,39.0051], [51.1005,39.8402], [50.6914,39.0051], [52.7973,33.668], [50.6914,39.0051], [54.3255,33.6872], [53.2744,33.674], [51.3696,33.65], [52.5928,33.6654], [52.5725,42.845], [50.6914,39.0051], [52.3972,33.6629], [52.1913,33.6603], [55.8152,33.706], [59.6661,33.7545], [55.1466,33.6976], [50.6914,39.0051], [54.69,33.6918], [58.111,33.7349], [52.0161,33.6581], [56.6996,33.7172], [50.6914,39.0051], [54.9112,33.6946], [54.5184,33.6897], [55.4276,48.673], [54.1097,33.6845], [50.6914,39.0051], [53.915,33.6821], [50.6914,39.0051], [50.72,37.6153], [51.5197,40.6959], [24.6158,69.0018], [35.9185,62.6656], [24.9686,68.0588], [21.1932,78.2867], [24.8314,68.4258], [21.2963,77.8732], [32.1674,75.4825], [35.3568,62.9422], [10.6831,75.7032], [27.1415,66.9886], [10.6908,75.5025], [10.7065,75.0924], [16.8087,74.6534], [9.81183,64.8614], [9.80947,75.8142], [21.5243,72.1568], [9.80845,80.539], [9.81162,65.8166], [9.81149,66.4345], [9.8093,76.6032], [9.80886,78.6736], [9.80853,80.1874], [9.80987,73.9535], [9.8121,63.6183], [25.3416,71.908], [29.9218,71.6095], [21.5243,72.1568], [9.81204,63.9067], [9.81084,69.4416], [9.81097,68.8392], [9.81255,61.511], [9.81059,70.6345], [9.81025,72.1936], [21.8787,72.1337], [16.548,74.5261], [9.81245,61.9679], [16.8738,74.6852], [22.2436,62.0794], [9.81143,66.7178], [9.80837,80.9397], [22.6839,61.1529], [9.81131,67.2665], [9.81266,61.0198], [9.81001,73.2878], [9.80894,78.2765], [24.4479,71.9662], [18.9653,75.0753], [9.81235,62.4308], [17.46,74.9715], [14.0459,89.0646], [9.81395,55.003], [9.81289,59.9562], [9.80964,75.0301], [9.81218,63.2489], [9.80958,75.3195], [9.81104,68.5328], [9.81117,67.9068], [9.8119,64.5235], [9.80984,74.1109], [9.80979,74.3151], [9.81197,64.2089], [9.81072,70.0294], [9.81124,67.5809], [9.81336,57.764], [9.81361,56.5775], [9.8137,56.1641], [9.81617,44.7104], [9.81353,56.9504], [16.6767,74.589], [23.8336,53.4468], [9.81078,69.7109], [30.292,42.8626], [27.6739,43.6647], [22.0134,62.564], [24.3215,57.7067], [20.9962,48.9341], [21.7528,63.1122], [9.81554,47.6289], [27.6218,43.6807], [24.9504,56.3832], [24.9504,56.3832], [18.2467,34.6335], [19.3051,33.624], [28.0622,43.5457], [9.81659,42.7714], [24.0816,58.2114], [27.841,43.6135], [24.7234,55.3493], [9.81406,54.5176], [21.8237,62.9632], [23.4228,52.8996], [16.1025,35.4286], [9.81544,48.1263], [18.2467,34.6335], [9.81566,47.1117], [23.659,59.1009], [9.81531,48.7318], [9.81472,51.4611], [9.81278,60.4593], [9.8159,45.9661], [13.9212,35.9751], [16.8076,35.1671], [10.8191,36.6819], [9.81448,52.5594], [9.81345,57.3351], [9.8144,52.9483], [10.9833,36.6445], [13.2584,36.1261], [9.81731,39.4471], [10.2227,36.8178], [9.81488,50.6921], [9.81602,45.4227], [9.81414,54.1253], [21.2751,50.0384], [9.81388,55.3352], [9.81497,50.3015], [9.98299,36.8724], [9.81505,49.9177], [9.81538,48.4105], [9.81578,46.5219], [9.81584,46.2491], [15.756,35.557], [9.81513,49.5376], [9.81572,46.8046], [20.6595,49.2182], [23.2153,47.0618], [9.81521,49.1557], [24.5327,45.9504], [9.81328,58.1286], [9.81549,47.8584], [10.4506,36.7659], [9.8131,58.9897], [9.81464,51.8104], [12.6166,36.2723], [15.4274,35.6319], [9.81612,44.9509], [9.81423,53.7176], [9.81456,52.1701], [9.8148,51.0946], [9.81431,53.3488], [9.81319,58.5505], [9.81635,43.8776], [9.81607,45.1794], [9.8138,55.7319], [23.1578,60.1555], [21.9039,50.8761], [18.2467,34.6335], [9.8156,47.3745], [17.4944,34.9124], [21.577,48.444], [38.2168,27.804], [16.4709,35.2919], [9.81596,45.6827], [35.5941,18.0411], [27.4406,43.7685], [17.8739,34.7717], [24.5327,45.9504], [20.0844,32.8807], [27.5136,43.7138], [14.7795,35.7795], [22.2816,28.7669], [18.2467,34.6335], [21.8469,26.1368], [22.1407,47.9685], [9.81777,37.3095], [17.2672,22.6476], [9.81695,41.1018], [19.9681,32.9916], [12.9226,16.7245], [22.4074,26.5638], [18.8075,34.0987], [10.647,36.7211], [10.2987,36.8005], [13.4283,18.8977], [12.8931,16.8796], [9.81786,36.91], [13.7375,19.7936], [13.4883,19.0714], [9.81781,37.1061], [12.957,16.5431], [12.9918,16.3598], [13.0734,15.9299], [9.89825,36.8917], [10.1437,36.8358], [13.7609,14.5861], [12.8965,17.3566], [13.8146,20.0171], [13.1964,15.2821], [12.8651,17.0273], [13.6145,19.4371], [12.9629,17.5489], [10.0627,36.8543], [12.8359,17.1809], [13.5536,19.2608], [13.2487,18.3772], [13.3102,18.5554], [13.0344,17.756], [17.7758,14.6929], [13.371,18.7317], [13.3307,14.5746], [13.6724,19.6051], [16.5333,14.6599], [18.2291,14.705], [14.629,14.6092], [13.5375,14.5801], [15.6743,14.637], [17.1645,35.0348], [20.2898,32.5734], [13.1821,18.1842], [13.4468,14.5777], [36.0074,19.6611], [21.3067,25.7252], [20.2561,24.9248], [19.9303,33.0277], [13.1089,17.9721], [35.8287,18.9609], [35.7855,18.7916], [35.9133,19.2925], [35.6397,18.2198], [35.9479,19.4281], [34.8559,15.1474], [35.8084,18.8812], [35.1952,16.4773], [21.5023,30.2918], [13.8146,20.0171], [36.9346,23.296], [35.8843,19.1787], [35.7135,18.5093], [35.6868,18.4045], [35.8563,19.0691], [35.7384,18.6067], [35.6629,18.3109], [20.8185,25.3533], [35.6173,18.1322], [35.7622,18.7], [17.3706,14.6821], [32.2116,28.6693], [29.9527,47.9609], [30.7183,41.4227], [31.8045,32.1463], [32.5086,26.1328], [31.1753,37.5201], [28.7489,58.2427], [10.7803,73.1674], [10.7195,74.7533], [10.6781,75.8353], [10.7328,74.4069], [10.8415,71.5688], [10.646,76.6727], [10.7669,73.5166], [18.4195,89.4058], [22.2477,88.4133], [18.4196,89.4058], [30.5291,88.6623], [18.9578,87.2484], [31.2525,88.3933], [30.4092,88.7069], [18.5071,89.0552], [18.4196,89.4058], [19.9899,83.1105], [18.4196,89.4058], [18.4196,89.4058], [18.4196,89.4058], [18.4196,89.4058], [30.4863,88.6782], [30.9171,88.518], [21.034,78.9247], [29.3291,82.0885], [29.6902,85.9674], [21.2963,77.8733], [29.5541,85.0911], [31.177,88.4214], [32.7246,75.0934], [39.1106,87.5773], [20.2875,81.9176], [30.3184,88.7407], [33.7402,74.3841], [38.6052,87.2865], [31.707,75.8041], [29.2953,82.196], [33.4749,87.567], [31.386,76.0283], [49.151,89.6801], [34.0277,74.1833], [30.9574,88.503], [34.9688,73.526], [34.6197,87.1413], [31.5572,75.9087], [36.1795,72.6805], [48.4889,90.6597], [31.1013,88.4495], [30.2833,88.7538], [14.0506,89.5754], [18.4195,89.4058], [24.0764,88.2672], [24.1424,88.2272], [24.3666,88.0792], [19.6206,84.5911], [10.8416,71.5688], [10.8415,71.5688], [10.7504,73.9474], [10.7019,75.2122], [10.6979,75.3174], [10.4392,82.0667], [10.5744,78.539], [20.9276,79.351], [10.6944,75.4098], [10.8415,71.5688], [10.7281,74.5295], [10.7146,74.8814], [10.76,73.6965], [10.7549,73.8297], [10.2258,87.6314], [10.7233,74.6559], [11.7616,89.6641], [10.7367,74.305], [10.7858,73.0228], [21.2963,77.8732], [10.4629,81.4486], [18.4196,89.4058], [18.4196,89.4058], [11.0199,89.6929], [12.1366,89.6496], [13.6451,89.5911], [12.6746,89.6287], [10.7888,89.7019], [10.5383,89.7116], [10.3897,83.3582], [10.1497,89.6164], [10.9092,89.6972], [21.1004,88.5044], [18.0629,89.4197], [10.5317,79.6535], [18.4196,89.4058], [18.4197,89.4058], [18.4196,89.4058], [18.4195,89.4058], [10.2915,89.7211], [17.6998,89.4337], [21.2963,77.8732], [18.4196,89.4058], [18.4196,89.4058], [29.5602,81.3557], [18.4196,89.4058], [18.4196,89.4058], [39.779,87.9619], [18.4195,89.4058], [30.1321,88.81], [10.149,89.6335], [18.4197,89.4058], [18.4196,89.4058], [13.3013,89.6044], [10.414,89.7164], [18.6688,88.4072], [10.5024,80.417], [18.4195,89.4058], [10.3306,84.8992], [18.4195,89.4058], [12.5274,89.6344], [18.4196,89.4058], [11.6427,89.6687], [13.8252,89.5841], [14.4353,