{
  "instance_index": 0,
  "birth_iter": 14,
  "death_iter": 20,
  "survival_iters": 6,
  "censored": false,
  "pre_vnd_cost": 11122,
  "post_vnd_cost": 781.047,
  "pre_vnd_coords": [[80,20], [86.9657,10.2431], [86.9657,10.2431], [86.9657,10.2431], [86.9657,10.2431], [83.0033,15.7932], [86.9657,10.2431], [82.2551,31.9474], [82.2551,31.9474], [82.2551,31.9474], [82.2551,31.9474], [82.2551,31.9474], [82.2551,31.9474], [64.616,34.0872], [20.9649,53.9489], [27.329,55.3203], [23.2503,46.4814], [21.7246,40.0197], [15.766,54.9008], [4.19174,45.667], [23.2503,46.4814], [8.70186,52.4096], [17.7013,47.4344], [15.8683,43.2117], [23.2503,46.4814], [20.9649,53.9489], [20.6707,27.8559], [15.8683,43.2117], [20.6707,27.8559], [18.6493,36.5003], [18.6493,36.5003], [15.8683,43.2117], [33.8723,39.6435], [5.79449,28.6846], [33.8723,39.6435], [32.3821,49.6957], [32.3821,49.6957], [23.2503,46.4814], [32.3821,49.6957], [29.9511,44.7892], [18.6493,36.5003], [20.2242,45.7475], [4.19174,45.667], [20.2242,45.7475], [18.6493,36.5003], [27.329,55.3203], [20.9649,53.9489], [4.19174,45.667], [29.9511,44.7892], [20.2242,45.7475], [21.7246,40.0197], [30.332,19.8023], [20.2242,45.7475], [15.8683,43.2117], [18.6493,36.5003], [30.7526,24.1623], [32.3821,49.6957], [18.6493,36.5003], [41.1322,25.7854], [33.8723,39.6435], [30.7526,24.1623], [29.9511,44.7892], [29.9511,44.7892], [30.332,19.8023], [18.6493,36.5003], [21.7246,40.0197], [9.30145,22.1983], [28.2175,16.5107], [33.8723,39.6435], [46.9929,40.3986], [32.3821,49.6957], [46.9929,40.3986], [44.7106,42.7816], [41.1322,25.7854], [30.7526,24.1623], [42.5849,17.1337], [46.9929,40.3986], [41.1322,25.7854], [33.8978,34.6078], [37.326,21.4752], [30.7526,24.1623], [41.1322,25.7854], [43.921,12.1441], [30.7526,24.1623], [46.9929,40.3986], [52.4753,31.1193], [54.4383,33.8022], [37.326,21.4752], [30.7526,24.1623], [54.4383,33.8022], [43.921,12.1441], [28.2175,16.5107], [39.3263,31.6376], [43.921,12.1441], [28.2175,16.5107], [28.2175,16.5107], [28.2175,16.5107], [28.2175,16.5107], [28.2175,16.5107], [33.8723,39.6435], [33.8978,34.6078], [30.332,19.8023], [9.30145,22.1983], [18.6493,36.5003], [28.2175,16.5107], [30.332,19.8023], [20.6707,27.8559], [12.0029,13.9714], [20.6707,27.8559], [33.8978,34.6078], [28.2175,16.5107], [6.14028,14.2777], [21.8541,14.284], [21.8541,14.284], [18.6493,36.5003], [20.6707,27.8559], [21.8541,14.284], [30.7526,24.1623], [28.2175,16.5107], [21.8541,14.284], [30.332,19.8023], [6.14028,14.2777], [12.0029,13.9714], [21.8541,14.284], [9.30145,22.1983], [9.30145,22.1983], [9.30145,22.1983], [6.14028,14.2777], [6.14028,14.2777], [6.14028,14.2777], [6.14028,14.2777], [6.14028,14.2777], [6.14028,14.2777], [20.6707,27.8559], [9.30145,22.1983], [6.14028,14.2777], [9.30145,22.1983], [5.79449,28.6846], [9.30145,22.1983], [9.30145,22.1983], [-3.61781,33.3144], [9.30145,22.1983], [15.4268,35.7042], [20.6707,27.8559], [15.4268,35.7042], [15.8683,43.2117], [15.4268,35.7042], [8.70186,52.4096], [15.8683,43.2117], [4.9673,36.3232], [15.8683,43.2117], [5.79449,28.6846], [2.99031,41.7491], [18.6493,36.5003], [20.6707,27.8559], [4.60686,51.0348], [4.9673,36.3232], [2.99031,41.7491], [15.8683,43.2117], [15.8683,43.2117], [4.9673,36.3232], [-3.61781,33.3144], [4.19174,45.667], [5.79449,28.6846], [-3.61781,33.3144], [5.79449,28.6846], [8.70186,52.4096], [-5.96766,53.5625], [-5.96766,53.5625], [4.19174,45.667], [4.19174,45.667], [4.19174,45.667], [7.11322,64.064], [10.1785,57.7054], [10.1785,57.7054], [17.7013,47.4344], [3.12839,59.2012], [10.1785,57.7054], [15.8683,43.2117], [2.99031,41.7491], [3.12839,59.2012], [4.19174,45.667], [-5.96766,53.5625], [10.1785,57.7054], [4.60686,51.0348], [23.2503,46.4814], [20.1848,59.2784], [8.70186,52.4096], [15.8683,43.2117], [-5.96766,53.5625], [-5.96766,53.5625], [10.1785,57.7054], [4.19174,45.667], [4.60686,51.0348], [4.19174,45.667], [4.60686,51.0348], [4.60686,51.0348], [15.8683,43.2117], [2.99031,41.7491], [21.7246,40.0197], [4.9673,36.3232], [12.4844,72.5208], [2.00607,68.9368], [15.086,71.5889], [10.1785,57.7054], [-5.96766,53.5625], [3.12839,59.2012], [3.12839,59.2012], [7.11322,64.064], [15.1786,63.5337], [15.086,71.5889], [3.12839,59.2012], [-4.15962,65.9629], [2.00607,68.9368], [10.1785,57.7054], [2.00607,68.9368], [3.12839,59.2012], [3.12839,59.2012], [2.00607,68.9368], [15.7686,57.5012], [2.00607,68.9368], [6.54792,79.2343], [-3.8341,84.4678], [7.11322,64.064], [12.4844,72.5208], [13.1691,86.3633], [-4.15962,65.9629], [3.12839,59.2012], [2.00607,68.9368], [2.00607,68.9368], [15.086,71.5889], [13.1691,86.3633], [-3.8341,84.4678], [13.1691,86.3633], [13.1691,86.3633], [5.37349,83.3642], [28.75,79.1951], [7.11322,64.064], [7.11322,64.064], [6.54792,79.2343], [2.00607,68.9368], [13.1691,86.3633], [11.4222,95.7899], [13.1691,86.3633], [13.1691,86.3633], [13.1691,86.3633], [13.1691,86.3633], [13.1691,86.3633], [6.54792,79.2343], [13.1691,86.3633], [13.1691,86.3633], [28.75,79.1951], [22.6031,70.8017], [18.3565,74.7865], [2.00607,68.9368], [13.1019,79.2886], [12.4844,72.5208], [7.11322,64.064], [6.54792,79.2343], [2.00607,68.9368], [8.70186,52.4096], [22.6031,70.8017], [5.37349,83.3642], [18.3565,74.7865], [10.1785,57.7054], [7.11322,64.064], [7.11322,64.064], [12.4844,72.5208], [22.6031,70.8017], [-4.15962,65.9629], [7.11322,64.064], [15.1786,63.5337], [20.1848,59.2784], [15.1786,63.5337], [15.086,71.5889], [15.1786,63.5337], [18.3565,74.7865], [15.1786,63.5337], [10.1785,57.7054], [15.1786,63.5337], [22.6031,70.8017], [26.058,63.0263], [22.6031,70.8017], [20.9649,53.9489], [15.8683,43.2117], [20.9649,53.9489], [8.70186,52.4096], [12.4844,72.5208], [28.75,79.1951], [22.6031,70.8017], [7.11322,64.064], [15.086,71.5889], [28.8147,58.2598], [26.058,63.0263], [6.54792,79.2343], [15.086,71.5889], [15.1786,63.5337], [13.1019,79.2886], [22.6031,70.8017], [18.3565,74.7865], [15.1786,63.5337], [15.7686,57.5012], [18.3565,74.7865], [27.329,55.3203], [15.086,71.5889], [18.3565,74.7865], [18.3565,74.7865], [22.6031,70.8017], [31.7916,71.3908], [15.086,71.5889], [28.9709,83.0699], [22.6031,70.8017], [22.6031,70.8017], [13.1019,79.2886], [26.424,74.6488], [28.9709,83.0699], [26.058,63.0263], [20.1848,59.2784], [22.6031,70.8017], [15.7686,57.5012], [15.086,71.5889], [28.75,79.1951], [18.3565,74.7865], [31.7916,71.3908], [28.9709,83.0699], [26.424,74.6488], [36.5491,84.0696], [22.6031,70.8017], [27.077,86.2604], [28.75,79.1951], [26.424,74.6488], [26.424,74.6488], [28.9709,83.0699], [28.75,79.1951], [18.3565,74.7865], [33.0085,90.9565], [13.1691,86.3633], [24.0688,89.9397], [28.75,79.1951], [28.9709,83.0699], [22.5023,86.5549], [13.1691,86.3633], [26.424,74.6488], [34.1356,87.2778], [21.3601,84.3168], [36.5491,84.0696], [43.4899,94.5776], [29.9387,90.8604], [36.5491,84.0696], [42.5009,77.7531], [28.75,79.1951], [43.4899,94.5776], [36.5491,84.0696], [22.5023,86.5549], [29.9387,90.8604], [43.4899,94.5776], [29.9387,90.8604], [24.0688,89.9397], [36.5491,84.0696], [24.5231,94.972], [27.077,86.2604], [43.4899,94.5776], [39.3358,72.0697], [27.077,86.2604], [36.5491,84.0696], [34.1356,87.2778], [18.3751,96.6145], [18.3751,96.6145], [28.75,79.1951], [27.1652,101.625], [28.75,79.1951], [24.5231,94.972], [24.5231,94.972], [6.54792,79.2343], [28.75,79.1951], [5.37349,83.3642], [24.0688,89.9397], [11.4222,95.7899], [6.54792,79.2343], [13.1691,86.3633], [22.5023,86.5549], [27.1652,101.625], [13.1691,86.3633], [22.5023,86.5549], [22.5023,86.5549], [5.24955,104.526], [28.75,79.1951], [6.54792,79.2343], [13.1691,86.3633], [13.1691,86.3633], [5.37349,83.3642], [6.54792,79.2343], [11.4222,95.7899], [6.54792,79.2343], [18.3751,96.6145], [24.5231,94.972], [13.1691,86.3633], [13.1019,79.2886], [13.1019,79.2886], [18.3565,74.7865], [27.077,86.2604], [28.75,79.1951], [11.4222,95.7899], [11.4222,95.7899], [13.1691,86.3633], [6.54792,79.2343], [2.00607,68.9368], [13.1691,86.3633], [13.1691,86.3633], [5.37349,83.3642], [5.37349,83.3642], [-3.8341,84.4678], [5.37349,83.3642], [13.1019,79.2886], [5.37349,83.3642], [13.1691,86.3633], 