{
  "instance_index": 0,
  "birth_iter": 73,
  "death_iter": 80,
  "survival_iters": 7,
  "censored": false,
  "pre_vnd_cost": 8979.88,
  "post_vnd_cost": 613.525,
  "pre_vnd_coords": [[80,20], [69.6236,16.3777], [73.8988,17.8704], [68.9286,16.135], [63.81,19.8882], [67.6279,15.6809], [71.5226,17.0408], [70.316,16.6195], [68.2465,15.8969], [66.9301,15.4372], [61.9851,22.4916], [51.0434,34.936], [59.3586,26.2386], [32.9349,15.1238], [51.1973,33.3861], [33.9344,22.8641], [51.2133,33.2248], [34.38,15.9897], [34.1107,20.1444], [34.223,18.4124], [51.1887,33.4727], [34.4562,14.8138], [34.147,19.5843], [34.2624,17.8042], [20.3062,17.3007], [34.4195,15.3805], [21.8682,33.6253], [33.9163,14.9238], [20.8868,17.4731], [20.9941,17.5049], [20.6429,17.4007], [33.352,31.8491], [21.0976,17.5357], [33.4753,29.9478], [20.7683,17.4379], [25.9671,34.5961], [33.0102,34.2296], [19.5948,17.0896], [14.1708,29.8541], [24.0148,38.2745], [34.1848,19.0006], [34.0096,21.7031], [34.0737,20.7154], [34.3051,17.1448], [34.3449,16.5317], [33.392,15.0306], [12.535,18.1048], [17.9792,16.61], [12.655,15.9648], [21.0976,17.5357], [13.0652,26.1354], [11.9036,16.0327], [19.2322,30.4069], [18.452,17.4794], [19.2671,30.431], [11.8222,16.4626], [13.5392,15.974], [11.6328,17.4635], [11.6328,17.4635], [14.6841,16.3248], [12.0038,15.5035], [11.6352,18.349], [11.9532,15.7705], [12.2383,25.5629], [11.6328,17.4635], [11.7393,16.901], [11.6657,17.2895], [11.7829,16.6703], [11.8642,16.241], [11.6328,17.4635], [11.8458,25.2911], [11.6328,17.4635], [12.4405,25.7029], [11.6435,21.3841], [13.4349,26.3914], [11.6538,25.1581], [11.704,17.0876], [12.6566,25.8525], [11.6418,20.7396], [13.2478,26.2619], [11.6399,20.0492], [11.6453,22.0538], [13.6533,26.5426], [11.6538,25.1581], [11.6538,25.1581], [29.0781,39.8125], [12.038,25.4242], [16.3157,28.3867], [11.6379,19.3234], [27.417,46.2215], [15.2285,50.6113], [12.8643,25.9963], [11.6538,25.1581], [9.88227,49.3516], [19.1997,30.3844], [9.75521,49.3216], [28.2732,42.5032], [28.3275,46.1209], [26.0502,34.5479], [19.3927,30.518], [19.4143,30.5329], [19.3504,30.4887], [19.4986,30.5913], [11.6328,17.4635], [19.478,30.577], [28.2453,35.8734], [19.4566,30.5622], [27.9,43.7508], [18.5371,51.3909], [18.2307,62.6008], [9.34658,49.2254], [27.1859,46.3906], [27.9676,46.1607], [27.0891,46.4614], [28.1187,46.144], [17.5914,51.1681], [28.4729,41.8356], [22.8253,52.4014], [20.4704,51.8465], [28.7039,46.0793], [25.8835,52.7015], [19.4965,51.617], [17.9412,62.0488], [10.014,49.3826], [17.0227,51.0341], [11.3556,49.6987], [16.074,50.8105], [19.1643,30.3598], [9.07512,49.1614], [8.14826,48.943], [13.3681,50.1729], [10.9558,49.6045], [19.0109,51.5026], [8.03156,48.9155], [25.8835,52.7015], [8.13157,49.8544], [8.54531,49.0366], [10.6324,49.5283], [8.67987,49.0683], [9.07173,58.6799], [27.275,46.3254], [8.94081,49.1298], [10.4712,49.4903], [8.52427,53.5407], [11.1352,49.6468], [15.654,50.7116], [13.0715,50.1031], [11.5442,49.7432], [8.26793,48.9712], [9.18351,59.7291], [12.4679,49.9608], [21.0174,51.9754], [13.6761,50.2455], [9.21064,49.1933], [12.7647,50.0308], [11.7276,49.7864], [8.40422,49.0033], [8.31572,51.5829], [10.1477,49.4141], [11.92,49.8317], [8.81327,49.0997], [16.4943,50.9096], [12.154,49.8869], [21.5562,52.1024], [14.8228,50.5157], [18.0636,62.2821], [9.61403,63.7706], [18.0155,62.1904], [10.3148,49.4535], [27.138,46.4257], [8.23285,50.8051], [9.6319,49.2926], [10.7939,49.5664], [16.218,63.1236], [9.243,60.2876], [9.66392,64.239], [9.52415,62.9269], [9.47399,49.2554], [14.0371,50.3306], [14.4371,50.4248], [9.39173,61.6839], [10.5387,83.4421], [9.01854,58.1806], [11.7013,76.3833], [18.0412,62.2395], [9.57224,63.3784], [8.95168,57.5529], [9.45056,62.2361], [18.4505,63.0201], [22.0234,69.8343], [18.4614,73.6366], [11.7013,76.3834], [21.5531,72.3804], [25.8835,52.7015], [18.0896,51.2855], [23.9513,52.6667], [8.72597,55.4342], [9.91464,66.5927], [21.8733,72.2503], [21.5482,68.9279], [11.7013,76.3834], [11.294,78.8563], [9.83312,65.8275], [11.7013,76.3834], [9.54855,63.156], [11.7013,76.3833], [11.5758,77.1457], [9.71361,64.7056], [9.5939,63.5817], [19.3135,64.6659], [17.9908,62.1434], [9.79144,65.4361], [18.7452,73.5213], [17.9673,62.0986], [20.3402,72.8732], [19.3773,73.2645], [18.8218,63.7282], [18.9354,63.9448], [9.42399,61.9867], [9.35926,61.379], [14.3161,64.4569], [9.50161,62.7154], [9.95582,66.9792], [11.5353,77.391], [10.9946,80.674], [14.0091,75.4456], [19.6968,73.1346], [11.4973,77.622], [11.7013,76.3834], [11.231,79.2387], [9.87431,66.2141], [11.7013,76.3833], [9.30618,60.8808], [19.1839,64.4188], [18.2106,62.5625], [22.2047,67.6549], [22.1611,67.5692], [27.7543,78.5647], [26.4089,75.92], [25.3486,73.8357], [22.2737,67.7905], [29.6268,42.7953], [21.9557,67.1655], [22.0225,67.2967], [23.3194,62.408], [27.7543,78.5647], [11.3891,79.0523], [11.2972,80.2544], [11.1745,81.8607], [11.4822,77.8344], [11.4903,77.7283], [11.4942,77.6768], [27.6572,48.842], [30.4408,40.7344], [22.0462,67.3433], [22.4134,68.065], [39.2057,54.9097], [26.9516,51.0488], [27.2616,50.0793], [21.8848,67.026], [22.3895,68.0181], [39.5563,66.2121], [22.25,67.7439], [39.2057,54.9097], [22.2275,67.6997], [50.1906,43.527], [29.1486,44.1773], [30.0991,41.5995], [30.2565,41.2009], [29.7871,42.3896], [30.6294,40.2569], [31.087,39.0983], [29.2996,43.7051], [31.3382,38.4624], [31.6025,37.7932], [26.2652,53.1959], [29.5015,43.1127], [26.6492,51.9947], [29.5653,42.951], [32.6157,35.2284], [39.352,54.9178], [39.2057,54.9097], [32.7436,34.9046], [30.8417,39.7193], [39.2057,54.9097], [29.4358,43.279], [39.2057,54.9097], [33.595,28.1011], [50.7,38.3956], [28.8959,44.9677], [29.9339,42.0178], [32.402,35.7695], [33.8305,24.4668], [32.5108,35.494], [29.4358,43.279], [21.0976,17.5357], [33.748,25.739], [19.0558,64.1745], [18.3137,62.7591], [11.7013,76.3833], [17.6064,73.984], [20.0557,72.9888], [20.1711,66.3015], [19.7574,65.5126], [21.11,68.0922], [20.9517,72.6247], [18.8393,84.0395], [18.5902,63.2865], [10.9377,81.0194], [34.5442,88.2947], [12.7344,75.9636], [21.5999,85.0352], [26.3776,88.9671], [19.7988,83.3097], [21.2511,72.5031], [19.0475,73.3985], [15.3482,74.9015], [17.8763,73.8743], [11.7013,76.3833], [19.9252,83.4308], [11.7013,76.3834], [21.4276,84.8702], [16.8253,74.3013], [17.5597,85.0127], [19.2028,83.763], [22.586,70.9072], [13.6413,87.9929], [20.6421,84.1176], [38.1526,76.4226], [20.658,67.2302], [40.4063,76.3563], [23.0111,86.3872], [19.5001,83.5368], [38.2943,76.4185], [27.677,88.8602], [19.7988,83.3097], [37.3075,88.2122], [22.3219,85.727], [38.7524,76.405], [37.8726,76.4309], [14.6968,75.1662], [20.7185,84.1908], [20.8782,84.3438], [37.8905,88.261], [20.3297,83.8183], [45.9887,76.192], [23.7248,87.0709], [23.0414,71.7757], [20.6346,72.7536], [39.7128,76.3767], [38.0193,76.4266], [36.4334,88.139], [26.6085,88.9481], [42.3709,88.4964], [41.2953,76.3302], [39.2226,76.3912], [51.5865,76.0271], [50.0887,88.6551], [40.1602,88.4511], [49.7652,88.6485], [57.6017,88.2183], [51.5865,76.0271], [50.2523,67.3916], [54.6754,85.8724], [50.3739,62.9571], [51.5865,76.0271], [49.525,88.6435], [44.2258,76.2439], [49.4945,66.1882], [51.7156,73.7058], [54.5608,56.5649], [49.0709,65.5156], [49.2813,65.8496], [49.7445,66.5852], [48.8882,65.2253], [55.241,55.5266], [55.241,55.5266], [45.5343,55.2608], [59.496,68.0836], [55.6964,55.8561], [57.1763,52.649], [55.775,56.1409], [60.7024,69.5535], [57.2443,52.4224], [58.5547,66.9368], [57.526,51.484], [61.4121,70.4181], [56.1777,55.9761], [55.7832,56.1705], [54.3502,74.9419], [55.7116,55.9114], [57.0436,53.0911], [55.7041,55.8842], [56.7625,54.0277], [62.1576,71.3264], [79.7132,59.6024], [55.7663,56.1093], [80.8258,58.6064], [79.4655,48.2675], [57.3652,52.0196], [56.8292,53.8057], [56.9793,53.3054], [57.3041,52.2233], [55.0718,32.3532], [77.8356,61.2834], [77.0479,63.2508], [58.8007,46.2642], [77.6955,45.2593], [77.1053,63.4226], [56.4068,55.2129], [57.4776,51.6451], [56.9117,53.5308], [76.4335,43.1146], [76.6974,43.5631], [55.6875,55.8241], [77.4823,44.8971], [81.4148,58.079],