{
  "instance_index": 0,
  "birth_iter": 11,
  "death_iter": 20,
  "survival_iters": 9,
  "censored": false,
  "pre_vnd_cost": 11157.7,
  "post_vnd_cost": 839.181,
  "pre_vnd_coords": [[80,20], [64.93,10.6399], [64.93,10.6399], [64.93,10.6399], [60.0762,26.7409], [68.9318,24.5812], [73.022,27.8346], [64.93,10.6399], [73.022,27.8346], [57.6515,32.3689], [57.6515,32.3689], [68.9318,24.5812], [60.0762,26.7409], [68.9318,24.5812], [57.6515,32.3689], [30.8729,25.8388], [34.7497,14.8169], [34.7497,14.8169], [23.6589,16.0196], [29.3267,17.9673], [30.8729,25.8388], [18.554,24.6504], [23.6589,16.0196], [23.6589,16.0196], [22.4637,18.3024], [34.7497,14.8169], [34.7497,14.8169], [29.3267,17.9673], [23.6589,16.0196], [23.6589,16.0196], [8.99595,20.0615], [22.4637,18.3024], [30.8729,25.8388], [23.6589,16.0196], [8.99595,20.0615], [29.3267,17.9673], [9.52273,15.2815], [23.6589,16.0196], [22.4637,18.3024], [18.554,24.6504], [8.99595,20.0615], [23.6589,16.0196], [30.8729,25.8388], [23.6589,16.0196], [24.5805,26.0148], [14.8943,76.7624], [7.7876,39.5497], [7.7876,39.5497], [1.99616,46.5408], [1.99616,46.5408], [8.99595,20.0615], [9.52273,15.2815], [9.25181,30.5395], [8.99595,20.0615], [9.25181,30.5395], [24.5805,26.0148], [22.4637,18.3024], [8.99595,20.0615], [9.52273,15.2815], [-3.4558,20.9511], [9.52273,15.2815], [9.52273,15.2815], [-3.4558,20.9511], [-3.9594,11.2823], [-3.9594,11.2823], [9.52273,15.2815], [5.63966,0.757178], [5.63966,0.757178], [5.63966,0.757178], [-3.4558,20.9511], [9.25181,30.5395], [-3.48123,37.7848], [-3.48123,37.7848], [-3.48123,37.7848], [-3.4558,20.9511], [9.52273,15.2815], [9.52273,15.2815], [9.25181,30.5395], [18.554,24.6504], [9.25181,30.5395], [-3.48123,37.7848], [7.7876,39.5497], [1.99616,46.5408], [1.99616,46.5408], [9.25181,30.5395], [1.99616,46.5408], [-3.48123,37.7848], [1.99616,46.5408], [7.7876,39.5497], [1.99616,46.5408], [9.25181,30.5395], [9.52273,15.2815], [-3.48123,37.7848], [1.99616,46.5408], [1.99616,46.5408], [7.60931,60.816], [1.99616,46.5408], [1.99616,46.5408], [1.99616,46.5408], [7.60931,60.816], [7.60931,60.816], [2.35769,73.5373], [11.0672,78.7478], [1.99616,46.5408], [7.60931,60.816], [7.60931,60.816], [2.35769,73.5373], [2.35769,73.5373], [7.60931,60.816], [1.74008,83.861], [2.35769,73.5373], [2.35769,73.5373], [2.35769,73.5373], [2.35769,73.5373], [11.0672,78.7478], [2.35769,73.5373], [7.60931,60.816], [7.60931,60.816], [5.69336,80.0424], [25.0558,83.049], [15.2283,84.7589], [14.8943,76.7624], [25.0558,83.049], [25.0558,83.049], [25.0558,83.049], [25.0558,83.049], [25.0558,83.049], [14.8943,76.7624], [14.8943,76.7624], [25.0558,83.049], [25.341,95.0669], [29.3287,85.0907], [14.8943,76.7624], [14.8943,76.7624], [29.3287,85.0907], [25.0558,83.049], [25.0558,83.049], [14.8943,76.7624], [15.2283,84.7589], [14.8943,76.7624], [14.8943,76.7624], [15.2283,84.7589], [15.823,90.3157], [14.8943,76.7624], [2.35769,73.5373], [5.69336,80.0424], [9.37932,84.5006], [25.0558,83.049], [4.0628,89.5934], [2.35769,73.5373], [5.69336,80.0424], [2.35769,73.5373], [1.74008,83.861], [14.8943,76.7624], [2.35769,73.5373], [2.35769,73.5373], [11.0672,78.7478], [11.0672,78.7478], [4.0628,89.5934], [2.35769,73.5373], [4.0628,89.5934], [5.69336,80.0424], [-0.271149,85.16], [6.89929,90.1512], [18.8909,89.1966], [4.33658,80.1748], [4.33658,80.1748], [11.3853,94.4087], [11.3853,94.4087], [11.3853,94.4087], [6.89929,90.1512], [11.3853,94.4087], [35.657,88.6153], [18.8909,89.1966], [6.89929,90.1512], [11.3853,94.4087], [25.8006,88.0048], [25.8006,88.0048], [11.6028,86.1287], [18.8909,89.1966], [6.89929,90.1512], [11.3853,94.4087], [18.8909,89.1966], [18.8909,89.1966], [34.3505,89.7961], [34.3505,89.7961], [18.8909,89.1966], [18.8909,89.1966], [18.8909,89.1966], [11.3853,94.4087], [6.89929,90.1512], [11.3853,94.4087], [11.3853,94.4087], [11.3853,94.4087], [18.8909,89.1966], [12.2911,88.3166], [6.89929,90.1512], [11.3853,94.4087], [12.2911,88.3166], [18.8909,89.1966], [11.3853,94.4087], [18.8909,89.1966], [13.6901,85.4421], [6.89929,90.1512], [11.3853,94.4087], [-0.271149,85.16], [11.6028,86.1287], [11.6028,86.1287], [13.6901,85.4421], [11.3853,94.4087], [11.3853,94.4087], [6.89929,90.1512], [-0.271149,85.16], [11.3853,94.4087], [11.3853,94.4087], [12.2911,88.3166], [11.3853,94.4087], [11.3853,94.4087], [11.3853,94.4087], [11.3853,94.4087], [11.3853,94.4087], [4.33658,80.1748], [11.3853,94.4087], [11.6028,86.1287], [-0.271149,85.16], [-0.271149,85.16], [11.6028,86.1287], [11.6028,86.1287], [-0.271149,85.16], [11.6028,86.1287], [4.33658,80.1748], [-8.30736,75.4485], [6.89929,90.1512], [6.89929,90.1512], [0.803987,73.8697], [35.6477,25.1896], [30.5253,35.0819], [35.6477,25.1896], [53.8193,46.2406], [51.0371,57.8489], [51.0371,57.8489], [51.0371,57.8489], [25.0558,83.049], [14.8943,76.7624], [29.3287,85.0907], [29.3287,85.0907], [29.673,94.0156], [45.4409,83.8036], [29.673,94.0156], [29.3287,85.0907], [35.0135,93.5492], [35.0135,93.5492], [40.8812,93.6094], [40.8812,93.6094], [29.3287,85.0907], [29.673,94.0156], [35.0135,93.5492], [40.8812,93.6094], [29.3287,85.0907], [29.3287,85.0907], [25.0558,83.049], [29.673,94.0156], [29.8265,103.169], [29.3287,85.0907], [25.0558,83.049], [29.8265,103.169], [25.0558,83.049], [27.1555,90.5506], [14.8943,76.7624], [34.6387,98.1365], [27.1555,90.5506], [14.8943,76.7624], [14.8943,76.7624], [9.7478,81.4701], [5.69336,80.0424], [14.8943,76.7624], [14.8943,76.7624], [14.8943,76.7624], [14.8943,76.7624], [9.7478,81.4701], [11.0672,78.7478], [5.69336,80.0424], [29.673,94.0156], [14.8943,76.7624], [5.69336,80.0424], [5.69336,80.0424], [14.8943,76.7624], [34.3505,89.7961], [21.3605,81.6584], [25.8006,88.0048], [21.3605,81.6584], [31.2716,80.1522], [33.9,70.3942], [34.3505,89.7961], [33.9,70.3942], [34.7892,93.5701], [24.3069,74.8803], [29.1302,79.9096], [25.8006,88.0048], [24.3069,74.8803], [21.3605,81.6584], [26.8014,64.1836], [20.4897,72.3262], [33.9,70.3942], [33.9,70.3942], [24.3069,74.8803], [33.9,70.3942], [24.8968,57.0633], [24.3069,74.8803], [19.9549,83.7335], [10.0947,73.2766], [19.9549,83.7335], [14.6781,79.5145], [37.6746,67.9262], [24.3069,74.8803], [22.5614,67.009], [19.6719,63.2714], [20.4897,72.3262], [19.6719,63.2714], [11.0973,66.2711], [20.4897,72.3262], [22.5614,67.009], [20.4897,72.3262], [20.4897,72.3262], [16.5571,58.5785], [16.5571,58.5785], [20.4897,72.3262], [20.4897,72.3262], [11.0973,66.2711], [24.3069,74.8803], [20.4897,72.3262], [14.6781,79.5145], [-8.30736,75.4485], [-8.30736,75.4485], [6.78803,70.6071], [1.19436,63.1413], [4.33658,80.1748], [4.25273,77.2732], [22.5614,67.009], [0.803987,73.8697], [20.4897,72.3262], [20.4897,72.3262], [11.0973,66.2711], [11.0973,66.2711], [11.0973,66.2711], [1.19436,63.1413], [14.2074,60.8988], [10.0947,73.2766], [6.78803,70.6071], [11.0973,66.2711], [11.0973,66.2711], [14.2074,60.8988], [14.2074,60.8988], [14.2074,60.8988], [24.083,53.8288], [6.78803,70.6071], [15.2227,50.9024], [15.2227,50.9024], [1.19436,63.1413], [19.6719,63.2714], [15.2227,50.9024], [19.6719,63.2714], [24.083,53.8288], [4.54291,55.3692], [10.0947,73.2766], [19.6719,63.2714], [29.5817,69.9082], [20.4897,72.3262], [20.4897,72.3262], [16.5571,58.5785], [20.4897,72.3262], [19.6719,63.2714], [33.9,70.3942], [29.1302,79.9096], [31.2716,80.1522], [33.9,70.3942], [29.1302,79.9096], [29.5817,69.9082], [28.7878,64.098], [29.5817,69.9082], [22.5614,67.009], [26.8014,64.1836], [29.5817,69.9082], [29.5817,69.9082], [42.6549,88.1028], [31.2716,80.1522], [42.6549,88.1028], [24.3069,74.8803], [29.1302,79.9096], [51.3938,86.7193], [33.9,70.3942], [29.0438,91.9707], [52.5747,72.232], [43.7997,76.7373], [37.6746,67.9262], [42.6549,88.1028], [43.6774,69.9142], [29.1302,79.9096], [42.6549,88.1028], [42.6549,88.1028], [46.2977,65.7151], [43.6774,69.9142], [37.6746,67.9262], [43.7561,54.8759], [32.6874,57.4998], [54.4414,68.2854], [37.6746,67.9262], [43.6774,69.9142], [42.6549,88.1028], [43.7997,76.7373], [52.5747,72.232], [33.9,70.3942], [31.2716,80.1522], [46.2977,65.7151], [43.7997,76.7373], [46.2977,