{
  "instance_index": 0,
  "birth_iter": 58,
  "death_iter": 90,
  "survival_iters": 32,
  "censored": false,
  "pre_vnd_cost": 9973.26,
  "post_vnd_cost": 547.596,
  "pre_vnd_coords": [[80,20], [86.2684,17.5916], [85.2632,17.9778], [86.2684,17.5916], [86.2436,22.0201], [86.2684,17.5916], [86.1448,39.6579], [86.1649,36.0816], [86.1797,33.4249], [86.1724,34.7328], [86.1252,43.156], [86.2007,29.6931], [86.1869,32.141], [78.9092,52.5734], [78.7723,52.4199], [78.8333,52.4883], [79.1398,52.832], [78.9354,52.6028], [78.9604,52.6308], [78.9872,52.6608], [79.0217,52.6995], [73.2029,55.0356], [79.0761,52.7606], [79.1116,52.8004], [78.7053,52.3448], [79.158,54.2229], [79.1078,54.0147], [79.0682,53.8505], [79.029,53.6878], [78.9822,53.4936], [78.9344,53.2952], [78.8883,53.104], [78.8312,52.8672], [86.0835,50.608], [78.5345,56.3249], [79.211,54.4427], [72.0558,65.1079], [79.1687,52.8644], [77.6521,58.961], [72.3615,58.0951], [77.6658,58.8319], [77.6794,58.704], [78.7658,52.5956], [77.6239,59.2272], [72.54,57.4459], [77.6368,59.1054], [72.1898,58.7195], [72.2198,69.155], [73.3861,80.3508], [71.1903,66.0536], [73.3861,80.3508], [60.0457,68.4943], [71.1903,66.0536], [71.1903,66.0536], [71.1903,66.0536], [82.3754,74.9261], [66.6982,57.8007], [53.18,67.4733], [82.3754,74.9261], [66.6982,57.8007], [66.6982,57.8007], [66.6982,57.8007], [66.6982,57.8007], [53.5954,50.7302], [64.5541,46.1704], [66.6982,57.8007], [66.6982,57.8007], [71.1903,66.0536], [66.6982,57.8007], [60.7917,53.2025], [71.1903,66.0536], [71.1903,66.0536], [71.1903,66.0536], [71.1903,66.0536], [60.7917,53.2025], [49.1822,48.0419], [51.2483,59.8547], [50.4301,55.177], [49.6233,50.5643], [49.5644,34.2563], [50.47,55.4049], [36.7952,52.9104], [50.7294,56.8878], [49.1439,47.8235], [50.6079,56.1934], [50.6636,56.5119], [52.2278,65.455], [50.931,58.0406], [52.9296,69.4676], [50.3557,54.7515], [52.0953,64.6974], [53.3114,71.6505], [51.6238,62.002], [47.7698,50.5693], [49.2194,48.2547], [36.3709,51.5861], [49.254,48.4527], [46.8714,51.6081], [49.9756,52.5781], [48.0408,49.8993], [46.8936,30.3309], [47.8873,32.0205], [51.7208,62.5564], [47.629,31.5814], [50.3932,54.966], [48.2361,32.6136], [51.1509,32.6089], [51.1509,32.6089], [32.1729,9.41126], [48.9974,12.2918], [44.7187,21.7396], [44.7187,21.7396], [44.7187,21.7396], [48.9974,12.2918], [48.9974,12.2918], [32.1729,9.41126], [32.1729,9.41126], [32.1729,9.41126], [32.1729,9.41126], [44.7187,21.7396], [44.7187,21.7396], [32.1729,9.41126], [32.1729,9.41126], [26.7196,15.3379], [14.2112,20.9728], [26.7196,15.3379], [26.7196,15.3379], [8.3388,9.1661], [8.3388,9.1661], [11.2755,16.1971], [11.2755,16.1971], [18.9149,22.1241], [11.2625,20.2615], [18.9149,22.1241], [11.2625,20.2615], [18.9149,22.1241], [8.3388,9.1661], [11.2755,16.1971], [11.2755,16.1971], [8.3388,9.1661], [11.2625,20.2615], [11.2755,16.1971], [11.2755,16.1971], [11.2625,20.2615], [11.2625,20.2615], [11.2625,20.2615], [11.2625,20.2615], [15.1387,22.3209], [44.7187,21.7396], [26.7196,15.3379], [39.4901,60.2178], [43.0357,54.0469], [43.0357,54.0469], [37.9348,56.4678], [38.08,56.9211], [38.7944,56.5773], [53.9202,75.1312], [37.1806,54.1136], [50.695,77.9467], [45.4278,90.269], [37.738,55.8536], [37.1246,90.48], [53.6495,73.5834], [53.6038,73.3224], [54.0316,75.7683], [53.7559,74.1918], [53.8552,74.7595], [64.6323,83.231], [37.8677,56.2584], [52.3595,66.2082], [43.0357,54.0469], [51.9678,63.9684], [53.2392,71.2379], [51.3854,60.6388], [52.6296,67.7527], [52.4848,66.9247], [52.7678,68.5428], [53.7969,74.4265], [54.2087,76.7805], [51.8561,63.3298], [59.4078,80.995], [50.5129,55.6504], [64.838,83.3191], [61.8396,93.0005], [53.7763,74.3086], [58.3287,82.1849], [53.8893,74.9547], [44.6497,85.6639], [53.8325,77.5188], [53.2741,71.4376], [50.5244,81.0215], [66.6982,57.8007], [60.6247,68.0172], [66.6982,57.8007], [66.6982,57.8007], [60.7917,53.2025], [66.6982,57.8007], [66.6982,57.8007], [39.4901,60.2178], [38.2644,56.8935], [37.5002,55.1113], [39.7612,56.0005], [39.491,56.1617], [38.0025,56.679], [22.237,44.8288], [22.8845,49.6655], [11.2625,20.2615], [32.1729,9.41126], [86.2684,17.5916], [53.8195,74.5559], [60.6247,68.0172], [82.3754,74.9261], [73.3861,80.3508], [71.1903,66.0536], [71.1903,66.0536], [71.1903,66.0536], [71.1903,66.0536], [58.966,82.9402], [71.1903,66.0536], [73.3861,80.3508], [73.3861,80.3508], [71.1903,66.0536], [63.4234,81.7071], [89.24,80.3714], [73.3861,80.3508], [60.1188,83.4279], [63.5325,82.9598], [73.3861,80.3508], [73.3861,80.3508], [82.3754,74.9261], [82.3754,74.9261], [89.24,80.3714], [89.24,80.3714], [82.3754,74.9261], [89.24,80.3714], [89.24,80.3714], [73.3861,80.3508], [89.24,80.3714], [89.24,80.3714], [89.24,80.3714], [78.4145,108.01], [82.3754,74.9261], [63.5325,82.9598], [89.24,80.3714], [78.4145,108.01], [89.24,80.3714], [78.4145,108.01], [78.4145,108.01], [61.004,89.7709], [80.4004,99.3955], [61.004,89.7709], [65.9703,84.0443], [80.4004,99.3955], [65.9703,84.0443], [63.4234,81.7071], [61.004,89.7709], [80.4004,99.3955], [61.004,89.7709], [60.5667,81.491], [58.3032,88.9029], [58.3022,89.1623], [72.4841,86.5943], [55.2394,89.2764], [64.2715,83.0766], [58.3084,87.5203], [63.9469,82.9377], [72.4841,86.5943], [58.3115,86.7261], [58.3176,85.1179], [55.2394,89.2764], [58.3104,86.9937], [64.4515,83.1537], [58.3049,88.4383], [53.2709,77.7669], [46.3665,86.2496], [58.3124,86.4707], [58.3042,88.6293], [54.217,77.349], [53.9795,75.4705], [53.7153,73.9597], [53.6951,73.8446], [58.3145,85.9157], [54.4298,89.0003], [49.2961,87.249], [54.0842,76.069], [49.7102,78.0154], [58.3166,85.366], [50.9366,87.8086], [48.305,86.9109], [58.7923,81.6737], [58.3186,84.8494], [58.3231,83.6763], [50.1367,87.5357], [58.3217,84.0388], [44.7189,86.0736], [41.3346,84.512], [45.0658,88.517], [45.0658,88.517], [45.0658,88.517], [45.0658,88.517], [41.3346,84.512], [43.4035,105.641], [40.7104,101.899], [40.7257,93.2253], [45.0658,88.517], [45.0658,88.517], [40.7257,93.2253], [40.7257,93.2253], [50.5244,81.0215], [41.3346,84.512], [41.3346,84.512], [43.3714,93.8344], [43.4035,105.641], [40.7257,93.2253], [61.8396,93.0005], [61.8396,93.0005], [45.0658,88.517], [61.8396,93.0005], [40.7257,93.2253], [61.8396,93.0005], [40.7257,93.2253], [36.9577,86.0993], [43.3714,93.8344], [43.4035,105.641], [40.7104,101.899], [30.3917,104.364], [36.9577,86.0993], [36.9577,86.0993], [40.7104,101.899], [40.7257,93.2253], [40.7257,93.2253], [45.0658,88.517], [40.7257,93.2253], [40.7257,93.2253], [43.3714,93.8344], [40.7257,93.2253], [45.0658,88.517], [40.7257,93.2253], [43.3714,93.8344], [43.3714,93.8344], [40.7257,93.2253], [40.1033,90.863], [44.6983,85.9515], [38.0663,78.8274], [34.5954,90.1548], [44.7122,86.0338], [47.1467,86.5158], [34.1037,78.0433], [33.8633,90.0606], [54.1282,76.3203], [44.7053,85.9931], [44.6573,85.709], [45.4604,85.9405], [53.7379,77.5606], [44.6497,85.6639], [44.6649,85.7539], [44.6729,85.8015], [53.6604,77.5949], [44.6804,85.8459], [41.5371,78.5853], [44.6895,85.8995], [58.3196,84.5973], [48.1348,78.1253], [53.5603,73.0736], [53.3545,77.73], [65.051,83.4102], [53.9129,77.4833], [54.1695,76.5566], [53.5196,77.6571], [61.6432,81.9517], [53.5874,77.6271], [53.4749,72.5853], [44.6497,85.6639], [58.3206,84.3194], [52.2275,88.249], [58.3076,87.7454], [54.2513,77.0242], [39.9413,90.8422], [54.001,77.4444], [38.1414,90.6108], [61.8396,93.0005], [61.8396,93.0005], [43.3714,93.8344], [43.4035,105.641], [43.3714,93.8344], [61.8396,93.0005], [61.8396,93.0005], [61.8396,93.0005], [61.8396,93.0005], [73.3861,80.3508], [71.9568,71.0443], [61.8396,93.0005], [72.4841,86.5943], [54.1179,77.3927], [54.3016,77.3116], [64.1183,83.011], [53.4197,72.2696], [60.6247,68.0172], [53.7354,74.0747], [53.5177,72.8302], [53.4412,77.6917], [40.7257,93.2253], [29.6615,75.6079], [36.2304,90.365], [40.7257,93.2253], [40.7257,93.2253], [43.3714,93.8344], [43.3714,93.8344], [43.3714,93.8344], [35.7065,104.885], [43.3714,93.8344], [11.9895,67.0742], [5.76139,65.6475], [7.93615,62.8114], [5.76139,65.6475], [5.76139,65.6475], [14.0599,69.3224], 