{
  "instance_index": 0,
  "birth_iter": 68,
  "death_iter": 70,
  "survival_iters": 2,
  "censored": false,
  "pre_vnd_cost": 9319.52,
  "post_vnd_cost": 639.397,
  "pre_vnd_coords": [[80,20], [80.0882,15.0109], [83.7563,15.2509], [84.3401,15.2891], [82.1143,15.1434], [84.3401,15.2891], [83.7234,15.9586], [81.4237,27.5753], [83.244,47.3447], [82.0673,30.9978], [81.7859,29.5014], [82.2712,32.082], [82.8286,40.8309], [82.5122,35.8669], [84.0593,52.0007], [83.514,51.1943], [83.9025,51.7689], [73.3135,54.9953], [76.056,54.5145], [83.3916,49.6567], [83.7385,51.5263], [83.3634,49.2148], [83.5401,51.2329], [83.1788,46.3238], [83.4506,50.5807], [83.0961,45.0269], [77.9627,57.1539], [83.0652,55.3811], [82.444,55.5969], [79.1743,49.7989], [66.8256,52.6646], [79.1038,50.1178], [83.6193,55.1885], [81.6839,55.861], [80.3287,56.3319], [84.0732,55.0308], [64.0064,52.9247], [58.6748,55.6063], [70.4134,55.5597], [69.5437,54.6018], [57.5411,52.9541], [62.4709,64.312], [72.0858,57.4013], [69.8094,54.8945], [62.9733,64.72], [62.7202,64.5144], [60.5562,60.0086], [70.886,56.0801], [57.2407,52.2508], [56.8148,50.8692], [71.4325,56.682], [62.7513,53.0403], [60.8938,60.7995], [59.9436,58.574], [59.5252,57.5946], [62.3547,64.2176], [62.7513,53.0403], [62.7513,53.0403], [72.7503,58.133], [60.7273,60.4093], [62.3547,64.2176], [62.3547,64.2176], [60.2049,59.1858], [60.3847,59.607], [62.3547,64.2176], [61.7169,62.7254], [62.7513,53.0403], [62.7513,53.0403], [73.3245,58.7652], [56.7085,50.8352], [69.2942,54.327], [69.9508,55.0502], [69.6726,54.7438], [66.8256,52.6646], [56.8459,50.8618], [56.7801,50.8775], [69.417,54.4622], [56.8459,50.8618], [56.93,51.5235], [57.8255,53.6201], [56.8459,50.8618], [56.8459,50.8618], [63.1122,64.8328], [61.0585,61.1851], [56.8459,50.8618], [56.7029,50.8959], [56.7411,50.8868], [56.8459,50.8618], [62.5922,64.4105], [62.3547,64.2176], [62.8445,64.6154], [36.8008,89.6253], [8.59052,87.319], [8.48513,88.3428], [8.73785,85.8881], [8.75313,85.7396], [8.5586,87.629], [8.63662,86.8712], [8.78087,85.4703], [8.57936,87.4274], [8.50976,88.1035], [8.68611,86.3906], [8.51969,88.007], [8.48513,88.3428], [9.12217,82.156], [8.61369,87.094], [8.48513,88.3428], [8.48513,88.3428], [8.5292,87.9146], [9.0311,83.0405], [8.60221,87.2055], [8.56761,87.5415], [9.01229,83.2231], [8.48513,88.3428], [8.95832,83.7472], [8.83831,84.9124], [8.62516,86.9826], [8.94143,83.9111], [9.69341,76.6102], [9.43096,79.1581], [8.53937,87.8158], [9.38878,79.5677], [8.79908,85.2934], [8.64804,86.7603], [8.54902,87.7221], [25.2893,83.146], [11.6082,53.741], [22.6296,77.9375], [22.5351,77.7527], [23.7099,78.3129], [23.0859,78.8311], [22.6553,77.9878], [15.9467,46.5338], [16.9511,45.1242], [9.90923,33.7724], [11.349,57.338], [11.6182,53.6024], [16.5481,45.6359], [19.02,39.4172], [12.0382,52.6375], [11.7817,53.1385], [11.7251,53.249], [14.5288,48.7292], [14.7241,48.4268], [12.1684,52.3832], [9.84818,34.2676], [11.6303,53.4341], [11.376,56.964], [12.1292,52.4597], [12.3508,52.1007], [11.5036,55.1934], [12.6495,51.6383], [15.4412,47.3165], [17.1475,44.8749], [11.612,53.6893], [10.9933,62.2743], [11.9845,52.7423], [10.5852,67.9369], [26.545,64.3737], [11.673,53.3508], [11.2932,58.1125], [11.0572,61.3877], [10.3922,70.6151], [11.1507,60.091], [10.3162,71.6698], [22.5088,77.701], [10.9135,63.3824], [11.1992,59.418], [11.544,54.6316], [11.5864,54.0445], [10.8443,64.3416], [10.0229,75.7406], [10.5608,68.2755], [10.2864,72.0843], [10.2352,72.7944], [11.4006,56.6222], [10.536,68.6197], [10.512,68.9528], [11.2212,59.112], [14.468,61.1099], [17.7776,60.2873], [21.8802,58.8452], [21.2624,59.0624], [15.9174,60.9416], [10.0416,73.2299], [10.888,72.3237], [10.0796,61.6194], [9.99573,73.6751], [9.91926,74.4175], [9.97209,73.9046], [9.2976,80.4527], [25.7468,79.8501], [9.35222,79.9226], [9.71855,76.366], [10.9666,61.5163], [9.7435,76.1238], [15.9175,60.9416], [21.2562,69.01], [16.3723,60.7816], [19.2405,69.6542], [13.7248,71.4172], [16.5966,60.7027], [9.89026,74.6991], [15.9175,60.9416], [9.648,77.0508], [10.1093,72.5726], [11.4172,61.4639], [11.7716,72.0413], [18.4107,60.0647], [10.0193,73.4462], [17.2543,60.4714], [8.49282,88.2681], [11.2916,72.1947], [16.2751,70.6021], [13.0137,71.6444], [8.87343,84.5713], [9.11134,82.2611], [9.14144,81.9689], [10.3141,72.5072], [9.27816,80.6415], [17.925,70.0747], [9.76542,75.911], [10.0654,72.9987], [9.05035,82.8535], [20.7779,69.1629], [10.5291,72.4384], [8.85713,84.7296], [9.23931,81.0186], [10.0883,72.7768], [8.97613,83.5742], [9.08777,82.49], [8.48513,88.3428], [9.16098,81.7792], [9.82958,75.2884], [9.25949,80.8226], [9.78576,75.7137], [8.48513,88.3428], [8.9072,84.2435], [9.59176,77.597], [9.31505,80.2833], [9.06223,82.7381], [9.94509,74.1667], [9.80663,75.5111], [9.51903,78.3032], [9.37013,79.7487], [9.21841,81.2215], [9.40937,79.3678], [8.49928,88.2054], [9.0744,82.62], [9.17996,81.5948], [8.89051,84.4055], [9.09955,82.3756], [8.99505,83.3905], [8.71067,86.152], [8.69875,86.2678], [8.92306,84.0895], [8.48513,88.3428], [9.56561,77.851], [8.72438,86.0189], [8.75494,88.1389], [8.48513,88.3428], [8.48513,88.3428], [12.7818,89.2414], [13.168,89.2769], [11.2681,89.1019], [9.57401,88.9458], [27.4055,90.5874], [10.2375,89.0069], [17.709,82.7943], [24.0139,90.2752], [19.5754,83.2456], [20.3124,77.364], [22.6836,78.0432], [33.6145,76.559], [21.6031,74.6736], [19.659,78.727], [20.0931,83.3082], [19.5693,78.914], [18.253,81.6599], [19.4779,79.1047], [31.5994,81.0625], [31.7636,80.702], [26.0852,90.4659], [30.9089,90.0213], [12.0888,89.1776], [19.5261,79.0041], [21.1424,83.435], [23.2583,90.2057], [12.0151,89.1708], [27.4055,90.5874], [14.1427,89.3666], [20.2243,77.5476], [20.5806,76.8046], [19.7154,78.6093], [17.8187,82.5656], [17.1251,89.6411], [25.2245,90.3867], [24.8851,82.3547], [17.9219,82.3504], [29.0562,90.3207], [18.3574,89.7546], [27.4055,90.5874], [11.6919,89.141], [24.0055,80.6321], [27.4055,90.5874], [28.5282,90.406], [31.1126,89.9884], [29.5968,90.2334], [19.8379,89.8909], [28.0416,90.4847], [31.3277,89.9537], [20.1348,77.7344], [11.7298,89.1445], [23.5389,79.7183], [26.2978,79.6305], [25.6547,90.4263], [24.4304,90.3136], [19.4251,79.2149], [19.6134,78.822], [19.0715,83.1847], [31.0592,89.9971], [30.2007,90.1358], [24.8018,90.3477], [27.4055,90.5874], [31.4869,89.9279], [12.7497,89.2384], [20.4833,77.0073], [15.7554,89.5151], [24.4517,81.5059], [18.5339,83.1197], [27.4055,90.5874], [27.4055,90.5874], [20.6285,89.9637], [12.3761,89.204], [17.751,89.6987], [27.703,90.5394], [26.5256,90.5064], [23.6245,90.2394], [27.4055,90.5874], [31.1309,82.0914], [35.2619,89.4215], [31.1783,89.9778], [31.2794,89.9615], [31.1309,82.0914], [43.1005,90.3317], [42.9555,91.9072], [19.6864,78.6698], [43.814,91.5218], [24.3949,83.8277], [22.8774,90.1707], [43.6087,91.1794], [27.4055,90.5874], [36.5671,89.8432], [43.7083,91.3456], [31.1309,82.0914], [31.1309,82.0914], [22.1339,83.5549], [18.6837,80.7614], [21.3856,90.0334], [30.2839,72.8936], [34.5043,89.3335], [40.8791,90.1436], [35.8475,89.5042], [38.003,89.7781], [36.163,89.5443], [39.3894,89.9543], [37.7059,89.7404], [40.3929,90.0818], [29.3181,73.403], [40.6253,90.1113], [39.7898,90.0051], [37.3995,89.7014], [35.1721,89.4184], [34.0782,70.8923], [42.3515,90.3307], [38.7535,89.8735], [38.5334,89.8455], [45.4546,90.7251], [49.633,90.9529], [54.9724,82.4119], [49.4212,90.9412], [45.4546,90.7251], [39.9883,90.0304], [40.1967,90.0568], [51.8498,91.0754], [45.4546,90.7251], [41.1374,90.1764], [54.6474,82.6265], [52.0635,91.0872], [52.7413,91.1246], [38.987,89.9032], [49.217,90.9299], [52.499,91.1113], [51.4236,91.0519], [45.4546,90.7251], [55.6106,89.6516], [45.4546,90.7251], [45.4546,90.7251], [38.3118,89.8174], [45.4546,90.7251], [37.1125,89.6649], [53.9694,91.1923], [49.8413,90.9644], [51.6375,91.0637], [39.1924,89.9292], [36.4978,89.5868], [53.5429,86.2441], [62.4964,83.7568], [45.4546,90.7251], [46.5401,90.784], [35.5261,89.4634], [39.5923,89.9801], [51.2182,91.0405], [50.8234,91.0187], [47.6263,90.843], [44.4172,90.5932], [41.3986,