{
  "instance_index": 0,
  "birth_iter": 3,
  "death_iter": 10,
  "survival_iters": 7,
  "censored": false,
  "pre_vnd_cost": 10696.7,
  "post_vnd_cost": 793.617,
  "pre_vnd_coords": [[80,20], [95.9082,17.7272], [61.3083,66.502], [61.3083,66.502], [70.8543,72.2846], [70.8543,72.2846], [61.2581,63.633], [61.3083,66.502], [70.8543,72.2846], [61.2581,63.633], [70.8543,72.2846], [61.3083,66.502], [58.925,61.3933], [58.925,61.3933], [61.2581,63.633], [58.925,61.3933], [59.0621,66.5465], [62.9373,69.6175], [62.9373,69.6175], [59.0621,66.5465], [72.7646,73.9069], [62.9373,69.6175], [37.6671,66.7376], [35.5557,68.9418], [28.4156,68.316], [54.6211,64.7549], [46.437,60.3644], [46.437,60.3644], [31.3976,65.1077], [31.3976,65.1077], [23.6872,54.43], [23.6872,54.43], [33.6146,58.5816], [35.5557,68.9418], [31.3976,65.1077], [31.3976,65.1077], [33.6146,58.5816], [23.6872,54.43], [35.5557,68.9418], [31.3976,65.1077], [35.5557,68.9418], [46.437,60.3644], [33.6146,58.5816], [22.4629,62.5614], [34.1596,42.7635], [22.8979,40.9606], [34.1596,42.7635], [39.82,59.5047], [31.3976,65.1077], [14.6191,65.4858], [9.17016,70.7038], [14.6191,65.4858], [14.6191,65.4858], [5.34929,78.2319], [0.340405,73.9828], [0.340405,73.9828], [6.72861,71.872], [0.340405,73.9828], [14.6191,65.4858], [7.60895,54.1347], [0.340405,73.9828], [14.6191,65.4858], [14.6191,65.4858], [12.6743,92.6465], [6.04571,82.4261], [12.6743,92.6465], [3.71462,90.4844], [6.04571,82.4261], [6.04571,82.4261], [6.78597,82.4978], [18.5957,51.4961], [23.6872,54.43], [28.4156,68.316], [31.3976,65.1077], [30.9174,51.056], [26.282,49.9931], [34.1596,42.7635], [26.1829,53.213], [11.7743,48.8914], [26.1829,53.213], [26.0231,39.2205], [26.0231,39.2205], [26.1829,53.213], [9.86737,31.9065], [16.2703,48.5422], [21.59,34.8109], [19.5901,44.6734], [26.1829,53.213], [11.7743,48.8914], [11.7641,51.2316], [19.5901,44.6734], [9.86737,31.9065], [19.5901,44.6734], [9.86737,31.9065], [15.9652,56.5102], [5.60509,48.8472], [5.60509,48.8472], [3.12351,57.823], [7.33815,57.8203], [7.33815,57.8203], [3.12351,57.823], [22.8979,40.9606], [5.60509,48.8472], [21.0443,34.7531], [15.9652,56.5102], [14.6741,50.2341], [7.60895,54.1347], [18.5957,51.4961], [22.8979,40.9606], [5.60509,48.8472], [22.8979,40.9606], [18.5957,51.4961], [22.8979,40.9606], [22.8979,40.9606], [32.3769,23.5926], [32.3769,23.5926], [21.0443,34.7531], [24.5391,28.5718], [35.3076,31.4871], [35.3076,31.4871], [21.0443,34.7531], [22.8979,40.9606], [24.5391,28.5718], [32.3769,23.5926], [21.0443,34.7531], [24.5391,28.5718], [32.3769,23.5926], [32.3769,23.5926], [35.3076,31.4871], [37.6626,24.2236], [35.3076,31.4871], [37.6626,24.2236], [37.6626,24.2236], [35.3076,31.4871], [37.6626,24.2236], [33.9389,35.7615], [36.5865,38.4513], [36.5865,38.4513], [35.3076,31.4871], [33.9389,35.7615], [33.9389,35.7615], [35.3076,31.4871], [22.8979,40.9606], [36.5865,38.4513], [36.5865,38.4513], [34.1596,42.7635], [22.8979,40.9606], [41.233,44.0322], [24.5391,28.5718], [35.8191,40.2932], [34.1596,42.7635], [24.5391,28.5718], [33.9389,35.7615], [23.6872,54.43], [34.1596,42.7635], [35.8191,40.2932], [14.6741,50.2341], [33.6146,58.5816], [46.437,60.3644], [34.1596,42.7635], [42.1421,46.9028], [42.1421,46.9028], [22.8979,40.9606], [33.6146,58.5816], [22.8979,40.9606], [18.5957,51.4961], [22.8979,40.9606], [22.8979,40.9606], [14.6191,65.4858], [22.4629,62.5614], [22.4629,62.5614], [39.82,59.5047], [23.6872,54.43], [22.8979,40.9606], [33.9389,35.7615], [31.3976,65.1077], [21.0443,34.7531], [33.6146,58.5816], [31.3976,65.1077], [23.6872,54.43], [31.3976,65.1077], [31.3976,65.1077], [23.6872,54.43], [46.437,60.3644], [37.6671,66.7376], [39.82,59.5047], [37.6663,54.8526], [39.82,59.5047], [39.82,59.5047], [46.437,60.3644], [43.9928,69.1868], [39.82,59.5047], [48.146,67.5113], [42.6027,52.8134], [33.6146,58.5816], [34.1596,42.7635], [43.9928,69.1868], [42.6027,52.8134], [35.8191,40.2932], [41.233,44.0322], [39.82,59.5047], [41.233,44.0322], [42.6027,52.8134], [37.6663,54.8526], [46.437,60.3644], [42.6027,52.8134], [51.3219,31.8611], [9.17016,70.7038], [35.3707,80.8183], [39.928,84.3174], [48.9154,82.4695], [36.8464,88.2982], [43.3856,85.9463], [36.8464,88.2982], [35.5588,85.1943], [36.8464,88.2982], [35.5588,85.1943], [44.2405,78.1167], [48.9154,82.4695], [37.6671,66.7376], [48.9154,82.4695], [39.149,75.8533], [16.0548,78.2324], [35.5588,85.1943], [43.3856,85.9463], [12.7832,79.6365], [28.2485,74.5167], [18.534,82.7585], [26.638,93.4686], [28.2485,74.5167], [16.0548,78.2324], [14.6191,65.4858], [14.4148,72.3], [36.8464,88.2982], [30.6055,92.5256], [16.0548,78.2324], [26.638,93.4686], [35.5588,85.1943], [12.1755,86.4705], [28.2485,74.5167], [35.5588,85.1943], [18.534,82.7585], [18.534,82.7585], [24.7177,89.7424], [24.7177,89.7424], [24.7177,89.7424], [36.8464,88.2982], [26.638,93.4686], [26.638,93.4686], [26.638,93.4686], [24.7177,89.7424], [15.8833,95.2554], [26.638,93.4686], [26.638,93.4686], [26.638,93.4686], [26.638,93.4686], [30.6055,92.5256], [26.638,93.4686], [18.534,82.7585], [30.6055,92.5256], [26.638,93.4686], [26.638,93.4686], [26.638,93.4686], [15.8833,95.2554], [26.638,93.4686], [3.71462,90.4844], [12.6743,92.6465], [26.638,93.4686], [35.5588,85.1943], [12.6743,92.6465], [6.04571,82.4261], [15.8833,95.2554], [16.0017,98.0776], [15.8833,95.2554], [17.5134,104.769], [26.638,93.4686], [26.638,93.4686], [26.638,93.4686], [26.638,93.4686], [12.1755,86.4705], [17.5134,104.769], [13.8854,95.4877], [12.6743,92.6465], [17.5134,104.769], [1.03152,102.221], [12.6743,92.6465], [1.9009,95.2265], [15.8833,95.2554], [12.6743,92.6465], [14.1601,86.3048], [12.1755,86.4705], [1.9009,95.2265], [16.0017,98.0776], [1.03152,102.221], [1.03152,102.221], [1.03152,102.221], [12.6743,92.6465], [12.6743,92.6465], [12.6743,92.6465], [13.8854,95.4877], [12.6743,92.6465], [12.1755,86.4705], [14.1601,86.3048], [15.8833,95.2554], [3.71462,90.4844], [12.1755,86.4705], [6.04571,82.4261], [14.1601,86.3048], [3.71462,90.4844], [3.71462,90.4844], [12.1755,86.4705], [3.71462,90.4844], [12.1755,86.4705], [3.71462,90.4844], [6.04571,82.4261], [12.6743,92.6465], [1.9009,95.2265], [5.34929,78.2319], [3.71462,90.4844], [14.4148,72.3], [5.34929,78.2319], [14.1601,86.3048], [0.340405,73.9828], [-0.590552,79.5295], [6.72861,71.872], [14.6191,65.4858], [3.71462,90.4844], [0.340405,73.9828], [6.04571,82.4261], [6.72861,71.872], [6.04571,82.4261], [6.04571,82.4261], [6.04571,82.4261], [14.7245,83.3612], [9.17016,70.7038], [12.2149,83.4075], [14.0406,71.4418], [14.0406,71.4418], [9.17016,70.7038], [9.17016,70.7038], [12.2149,83.4075], [14.0406,71.4418], [9.17016,70.7038], [16.4436,74.9081], [9.17016,70.7038], [14.0406,71.4418], [9.17016,70.7038], [14.7245,83.3612], [14.0406,71.4418], [16.185,74.9505], [16.185,74.9505], [24.7177,89.7424], [26.638,93.4686], [40.8027,87.6979], [43.0386,95.7054], [24.7177,89.7424], [36.8464,88.2982], [26.638,93.4686], [40.8027,87.6979], [26.638,93.4686], [36.8464,88.2982], [40.8027,87.6979], [53.9677,100.614], [43.3856,85.9463], [43.3856,85.9463], [43.0386,95.7054], [43.3856,85.9463], [43.3856,85.9463], [44.9595,99.6936], [43.0386,95.7054], [36.8464,88.2982], [43.0386,95.7054], [43.0386,95.7054], [53.9677,100.614], [26.638,93.4686], [30.6055,92.5256], [30.6055,92.5256], [44.9595,99.6936], [26.638,93.4686], [43.0386,95.7054], [62.7258,85.9194], [53.5564,88.0123], [53.5564,88.0123], [44.9595,99.6936], [35.5588,85.1943], [14.7245,83.3612], [12.6743,92.6465], [6.78597,82.4978], [48.9154,82.4695], [53.5564,88.0123], [43.3856,85.9463], [27.0552,82.6122], [44.2405,78.1167], [57.9052,87.515], [60.6896,92.871], [62.7258,85.9194], [63.7495,99.4952], [53.5564,88.0123], [53.9677,100.614], [53.5564,88.0123], [44.9595,99.6936], [53.5564,88.0123], [43.0386,95.7054], [30.6055,92.5256], [26.638,93.4686], [44.9595,99.6936], [43.3856,85.9463], [44.9595,99.6936], [53.9677,100.614], [53.9677,100.614], [53.9677,100.614], [56.7862,97.6482], [43.0386,95.7054], [44.9595,99.6936], [53.5564,88.0123], [62.7258,85.9194], [57.9052,87.515], 