{
  "instance_index": 0,
  "birth_iter": 27,
  "death_iter": 30,
  "survival_iters": 3,
  "censored": false,
  "pre_vnd_cost": 9728.16,
  "post_vnd_cost": 663.581,
  "pre_vnd_coords": [[80,20], [86.6549,10.6129], [83.9953,8.46749], [66.7703,19.9021], [64.6871,21.1666], [65.8459,15.7314], [65.8459,15.7314], [65.8459,15.7314], [66.7703,19.9021], [61.627,31.8495], [66.7703,19.9021], [54.5149,32.771], [66.7703,19.9021], [66.7703,19.9021], [65.8459,15.7314], [54.5149,32.771], [46.68,37.2312], [47.3533,29.5571], [47.3533,29.5571], [21.2235,46.9785], [11.0574,51.8036], [9.40894,47.481], [14.0574,59.6702], [24.1947,53.7426], [29.7594,41.6153], [25.5918,51.4432], [23.9335,54.1725], [17.2182,44.1025], [14.0574,59.6702], [24.0207,54.029], [26.0941,50.6165], [24.1074,53.8863], [24.9881,52.4368], [9.40894,47.481], [18.4194,42.308], [14.0574,59.6702], [10.8485,51.2557], [25.7849,51.1255], [28.3999,44.9885], [13.7889,58.966], [13.8753,59.1928], [14.0574,59.6702], [18.4194,42.308], [23.6741,54.5994], [22.4929,70.0215], [11.6935,53.4714], [13.6661,58.6442], [22.8843,64.9101], [14.0574,59.6702], [14.0574,59.6702], [14.0574,59.6702], [13.6105,58.4982], [23.0003,63.3955], [24.8927,52.5938], [10.6679,50.7823], [13.5445,58.3252], [22.3143,72.3531], [23.3617,58.6769], [22.7929,66.1049], [14.0574,59.6702], [14.0574,59.6702], [22.4135,71.0576], [11.9229,54.0731], [14.0574,59.6702], [22.5157,69.7238], [14.0574,59.6702], [23.1294,61.7096], [22.7367,66.8386], [11.1422,70.5621], [21.8607,78.2752], [23.7626,54.4537], [22.4437,70.6632], [25.8824,50.9649], [14.0574,59.6702], [23.262,59.9776], [42.6889,45.6833], [47.5698,61.0843], [22.5974,68.6567], [22.6676,67.7408], [42.4679,45.9787], [29.7372,41.6704], [43.8711,44.1031], [24.4117,53.3854], [34.381,40.2563], [47.2245,59.0208], [51.3598,53.7189], [42.9237,45.3694], [18.4194,42.308], [18.4194,42.308], [29.8839,41.3064], [26.7577,49.0644], [25.9939,50.7814], [42.4679,45.9787], [35.6128,41.1281], [29.0355,43.4115], [25.3897,51.7758], [24.3085,53.5553], [24.6117,53.0562], [47.2245,59.0208], [42.4679,45.9787], [51.9801,53.2883], [42.1854,45.7787], [29.6913,41.7843], [42.4679,45.9787], [42.3754,45.9132], [44.0999,43.7974], [46.9405,41.4167], [31.0162,39.838], [35.0441,40.7256], [43.4047,44.7266], [49.9092,39.9136], [44.3325,43.4865], [43.1672,45.0441], [44.5645,43.1763], [50.3361,55.0315], [54.337,37.6691], [48.5216,40.6161], [55.1732,39.6222], [58.9539,48.4454], [54.3939,37.8021], [54.337,37.6691], [54.337,37.6691], [54.337,37.6691], [54.337,37.6691], [54.337,37.6691], [55.3913,40.1316], [54.7343,38.5972], [56.0718,41.7208], [54.9455,39.0904], [54.337,37.6691], [54.337,37.6691], [54.337,37.6691], [42.2789,45.8449], [58.5746,48.7087], [58.9539,48.4454], [43.6413,44.4104], [58.8282,48.5327], [50.621,54.6662], [54.337,37.6691], [55.8357,41.1694], [45.0157,42.5732], [54.337,37.6691], [54.337,37.6691], [55.6101,40.6427], [58.9539,48.4454], [58.9539,48.4454], [58.7062,48.6174], [53.3532,52.3351], [58.9539,48.4454], [58.9539,48.4454], [58.9539,48.4454], [54.337,37.6691], [54.528,38.1154], [54.3661,37.737], [55.4579,72.5696], [55.4579,72.5696], [50.8508,80.7346], [55.4579,72.5696], [55.4579,72.5696], [53.1183,68.7247], [52.3159,78.1381], [55.7235,71.9072], [52.554,69.0925], [48.5862,67.1534], [58.2232,65.3974], [48.7529,68.1327], [49.6136,80.0453], [57.9021,65.6067], [58.0743,65.4945], [55.4579,72.5696], [55.4579,72.5696], [48.203,64.8625], [48.6283,67.4052], [45.6927,76.502], [45.4507,76.0561], [51.1807,69.9876], [46.1871,77.4126], [56.2796,70.5203], [56.2387,66.6909], [55.6216,67.0931], [48.755,68.1258], [53.873,75.3784], [57.3005,65.9989], [55.5989,72.2181], [51.9875,69.4617], [53.616,68.4003], [57.6802,65.7513], [48.71,67.8948], [47.6799,58.4368], [57.9472,65.5773], [58.1206,65.4643], [57.3457,65.9694], [47.9822,63.5446], [58.1687,65.4329], [57.3911,65.9398], [49.7865,55.736], [48.4616,66.4066], [58.0326,65.5216], [57.9903,65.5492], [56.8966,66.2621], [57.4423,65.9064], [54.1828,68.0309], [57.0532,66.16], [57.4952,65.8719], [55.4579,72.5696], [57.5921,65.8087], [57.8121,65.6654], [58.9539,48.4454], [58.9539,48.4454], [57.6368,65.7796], [57.8572,65.636], [57.724,65.7228], [58.325,65.3311], [57.7639,65.6968], [56.1084,70.9472], [58.3721,65.3003], [58.3311,48.8778], [58.9539,48.4454], [58.9539,48.4454], [58.9539,48.4454], [58.9539,48.4454], [57.5452,65.8393], [57.2036,66.062], [57.2531,66.0297], [53.4649,52.2575], [58.4529,48.7932], [58.279,65.361], [53.5188,52.2201], [56.9486,66.2283], [50.8655,54.3527], [54.6266,67.7417], [53.6896,52.1015], [57.0982,66.1307], [48.7562,68.1222], [41.9826,45.6352], [57.0057,66.191], [52.6553,52.8196], [51.1267,54.0178], [47.2245,59.0208], [49.2441,56.4315], [53.4079,52.2971], [57.1514,66.096], [53.6273,52.1448], [48.1532,57.8301], [47.8025,62.4739], [47.2245,59.0208], [53.569,52.1853], [42.0838,45.7068], [23.0387,62.8939], [55.0273,67.4805], [26.2074,50.4301], [25.6909,51.2801], [42.4679,45.9787], [47.2245,59.0208], [48.5029,66.6543], [48.7519,68.1358], [43.6935,72.8194], [48.6206,57.2309], [42.1788,65.9103], [52.9399,86.9507], [42.1788,65.9103], [36.1137,85.6503], [50.9978,82.4945], [47.6878,71.4273], [52.9399,86.9507], [52.9399,86.9507], [52.9399,86.9507], [52.9399,86.9507], [47.013,92.0748], [52.9399,86.9507], [47.013,92.0748], [40.8853,88.733], [50.9978,82.4945], [47.6878,71.4273], [52.9399,86.9507], [50.9978,82.4945], [50.9978,82.4945], [38.3852,92.4589], [21.2235,46.9785], [21.2235,46.9785], [21.2235,46.9785], [21.2235,46.9785], [21.2235,46.9785], [21.2235,46.9785], [21.2235,46.9785], [21.2235,46.9785], [21.2235,46.9785], [21.2235,46.9785], [21.2235,46.9785], [21.2235,46.9785], [18.4194,42.308], [13.0716,26.2863], [30.8139,40.0838], [29.838,41.4203], [18.4194,42.308], [29.8133,41.4815], [31.4739,39.2822], [24.5167,53.2126], [30.602,40.341], [29.9086,41.2451], [27.9988,45.984], [18.4194,42.308], [27.223,47.9096], [29.787,41.5468], [31.3413,39.4433], [17.2182,44.1025], [30.3817,40.6085], [30.2852,19.8153], [44.7965,42.8662], [29.9335,41.1832], [29.861,41.3632], [42.4679,45.9787], [31.2167,39.5947], [32.5055,19.4798], [31.6081,19.6155], [32.1078,19.54], [32.7224,39.0826], [32.5055,19.4798], [27.6797,20.2092], [32.5055,19.4798], [36.5303,16.6782], [24.8455,19.7593], [31.0106,19.7058], [36.5498,16.4817], [36.4223,17.7648], [38.9291,18.2525], [42.0674,18.4341], [37.0973,42.1788], [45.2347,42.2805], [36.4698,17.2876], [27.1839,20.2841], [25.6893,20.0619], [28.6536,20.0619], [15.5997,28.2969], [23.8806,19.4132], [18.7791,17.5847], [17.9984,40.2157], [36.569,16.2892], [36.517,16.8121], [36.4848,17.136], [36.455,17.4356], [36.4394,17.5927], [22.7346,19.0022], [36.4064,17.9248], [28.1698,20.1351], [13.2214,26.4055], [15.6621,28.6068], [13.1774,26.3705], [11.9246,21.3589], [36.3885,18.1056], [31.6185,39.1067], [29.6789,19.9069], [26.5681,20.3771], [13.1356,26.3372], [15.6295,28.4447], [12.1011,18.8816], [13.2425,26.4223], [15.8451,16.5324], [29.1361,19.989], [16.9416,16.9256], [12.2674,16.5464], [11.854,22.3484], [15.6922,28.756], [19.6543,17.8986], [14.7845,16.1521], [12.6464,15.3851], [13.393,15.6529], [17.8523,17.2523], [14.0688,15.8953], [12.3575,15.2814], [12.1764,17.8244], [11.6985,24.5299], [11.6538,25.1581], [13.1546,26.3524], [11.7357,24.0087], [12.4542,15.3161], [12.3907,15.2933], [11.7736,23.4771], [13.0916,26.3022], [12.0116,20.1382], [12.8035,15.4414], [11.898,21.731], [12.4872,15.328], [11.6538,25.1581], [11.8129,22.925], [17.4546,37.5159], [9.40894,47.481], [11.6538,25.1581], [13.1992,26.3879], [11.6538,25.1581], [12.4236,15.3051], [16.822,34.3747], [11.6538,25.1581], [16.5956,33.2501], [11.6538,25.1581], [11.9812,20.565], [18.4194,42.308], [16.1468,31.0182], [18.4194,42.308], [17.7437,38.9514], [12.3804,25.7363], [11.9517,20.9791], [29.9575,41.1237], [10.416,50.1216], [9.40894,47.481], [9.96036,48.927], [12.513,55.6203], [9.40894,47.481], [18.4194,42.3079], [13.7193,58.7835], [18.4194,42.308], [17.6055,38.265], [18.4194,42.308], [17.1676,36.0911], [18.4194,42.308], [9.40894,47.481], [11.4098,