instance,run,cohort_rank,relative_gain
concentricCircles4,run-1783974249_i0,0.7272727272727273,0.2611089206637861
concentricCircles4,run-1783974249_i0,0.0,0.1820232550179997
concentricCircles4,run-1783974249_i0,0.5,0.1960231045993738
concentricCircles4,run-1783974249_i0,0.2692307692307692,0.20330085001849182
concentricCircles4,run-1783974249_i0,0.19047619047619047,0.22735339407450003
concentricCircles4,run-1783974249_i0,0.7,0.28793209045135887
concentricCircles4,run-1783974249_i0,0.0,0.11591507696815727
concentricCircles4,run-1783974249_i0,0.8695652173913043,0.30186608559947775
concentricCircles4,run-1783974249_i0,0.85,0.2917865025750786
concentricCircles4,run-1783974249_i0,0.8,0.25869240569340973
concentricCircles4,run-1783974249_i0,0.19047619047619047,0.22322390342824847
concentricCircles4,run-1783974249_i0,0.34782608695652173,0.242098079417795
concentricCircles4,run-1783974249_i0,0.7894736842105263,0.2810616672639019
concentricCircles4,run-1783974249_i0,0.0,0.058399190457670815
concentricCircles4,run-1783974249_i0,0.8333333333333334,0.30153744019041917
concentricCircles4,run-1783974249_i0,0.11764705882352941,0.18182121080864955
concentricCircles4,run-1783974249_i0,0.8125,0.27312268838740333
concentricCircles4,run-1783974249_i0,0.7142857142857143,0.286779129608759
concentricCircles4,run-1783974249_i0,0.631578947368421,0.2665221422843493
concentricCircles4,run-1783974249_i0,0.25,0.21497656452199254
concentricCircles4,run-1783974249_i0,0.38461538461538464,0.24926314637577435
concentricCircles4,run-1783974249_i0,0.8235294117647058,0.28293372583956305
concentricCircles4,run-1783974249_i0,0.95,0.3177365146398983
concentricCircles4,run-1783974249_i0,0.05555555555555555,0.17645162558477798
concentricCircles4,run-1783974249_i0,0.037037037037037035,0.1470366983420142
concentricCircles4,run-1783974249_i0,0.3684210526315789,0.22854902635034788
concentricCircles4,run-1783974249_i0,0.0,0.17470099623228438
concentricCircles4,run-1783974249_i0,0.05555555555555555,0.15124780299039473
concentricCircles4,run-1783974249_i0,0.0,0.18639644246730191
concentricCircles4,run-1783974249_i0,0.36363636363636365,0.23894865403934626
concentricCircles4,run-1783974249_i0,0.0,0.16590193607403697
concentricCircles4,run-1783974249_i0,0.8571428571428571,0.29066175687396345
concentricCircles4,run-1783974249_i0,0.25,0.21780795424515284
concentricCircles4,run-1783974249_i0,0.08333333333333333,0.22411699638438676
concentricCircles4,run-1783974249_i0,0.5,0.2595060353260634
concentricCircles4,run-1783974249_i0,0.5,0.28731912254151676
concentricCircles4,run-1783974249_i0,0.058823529411764705,0.17661652597879782
concentricCircles4,run-1783974249_i0,0.8888888888888888,0.3098691478902505
concentricCircles4,run-1783974249_i0,0.6923076923076923,0.26709207946938446
concentricCircles4,run-1783974249_i0,0.0,0.13541672037549776
concentricCircles4,run-1783974249_i0,0.64,0.2571668588918955
concentricCircles4,run-1783974249_i0,0.2222222222222222,0.24681263733463646
concentricCircles4,run-1783974249_i0,0.8,0.25264294207075266
concentricCircles4,run-1783974249_i0,0.0,0.1308760617411223
concentricCircles4,run-1783974249_i0,0.36363636363636365,0.24356129827822065
concentricCircles4,run-1783974249_i0,0.07692307692307693,0.15922669138459655
concentricCircles4,run-1783974249_i0,0.07142857142857142,0.22851629777077337
concentricCircles4,run-1783974249_i0,0.3333333333333333,0.2188472652001122
concentricCircles4,run-1783974249_i0,0.2857142857142857,0.22426108784583756
concentricCircles4,run-1783974249_i0,0.0625,0.12007689973390305
concentricCircles4,run-1783974249_i0,0.75,0.2829840311947497
concentricCircles4,run-1783974249_i0,0.5,0.2675317468603538
concentricCircles4,run-1783974249_i0,0.2222222222222222,0.24530047954754738
concentricCircles4,run-1783974249_i0,0.35714285714285715,0.243866140449496
concentricCircles4,run-1783974249_i0,0.8,0.30206560721218706
concentricCircles4,run-1783974249_i0,1.0,0.331269257734786
concentricCircles4,run-1783974249_i0,0.7142857142857143,0.266642539508222
concentricCircles4,run-1783974249_i0,0.125,0.20880004817037492
concentricCircles4,run-1783974249_i0,0.9090909090909091,0.287406360228131
concentricCircles4,run-1783974249_i0,0.5,0.25645746607314196
concentricCircles4,run-1783974249_i0,0.8333333333333334,0.24356635398704726
concentricCircles4,run-1783974249_i0,0.5,0.257707570099918
concentricCircles4,run-1783974249_i0,0.16666666666666666,0.1894399231924121
concentricCircles4,run-1783974249_i0,0.4,0.23614280928588233
concentricCircles4,run-1783974249_i0,0.05555555555555555,0.19139323625105037
concentricCircles4,run-1783974249_i0,0.0,0.08579862992348053
concentricCircles4,run-1783974249_i0,0.5454545454545454,0.24277359892035535
concentricCircles4,run-1783974249_i0,0.2857142857142857,0.22897702374130355
concentricCircles4,run-1783974249_i0,1.0,0.28854837120714566
concentricCircles4,run-1783974249_i0,0.42857142857142855,0.23232315442349152
concentricCircles4,run-1783974249_i0,0.5,0.23936396511380553
concentricCircles4,run-1783974249_i0,0.5652173913043478,0.2459020978238677
concentricCircles4,run-1783974249_i0,0.21052631578947367,0.2228895229650963
concentricCircles4,run-1783974249_i0,1.0,0.5997939814268752
concentricCircles4,run-1783974249_i0,0.7142857142857143,0.31932185972033234
concentricCircles4,run-1783974249_i0,0.0,0.15973266694174176
concentricCircles4,run-1783974249_i0,1.0,0.30873669289592676
concentricCircles4,run-1783974249_i0,0.6666666666666666,0.20139370406323673
concentricCircles4,run-1783974249_i0,0.4,0.20253858937410701
concentricCircles4,run-1783974249_i0,0.625,0.25479248939324983
concentricCircles4,run-1783974249_i0,0.0,0.06392793495889638
concentricCircles4,run-1783974319_i0,0.7272727272727273,0.2611089206637861
concentricCircles4,run-1783974319_i0,0.0,0.1820232550179997
concentricCircles4,run-1783974319_i0,0.5,0.1960231045993738
concentricCircles4,run-1783974319_i0,0.84,0.26131659618267655
concentricCircles4,run-1783974319_i0,0.09090909090909091,0.09064483167665635
concentricCircles4,run-1783974319_i0,0.043478260869565216,0.0
concentricCircles4,run-1783974319_i0,0.28,0.1667279825223658
concentricCircles4,run-1783974319_i0,0.1,0.09601084685004854
concentricCircles4,run-1783974319_i0,0.3333333333333333,0.18116169761602996
concentricCircles4,run-1783974319_i0,0.7083333333333334,0.23354938868018457
concentricCircles4,run-1783974319_i0,0.10714285714285714,0.06057413534261123
concentricCircles4,run-1783974319_i0,0.75,0.22122043831111707
concentricCircles4,run-1783974319_i0,0.19047619047619047,0.12934121686335967
concentricCircles4,run-1783974319_i0,0.45,0.22382954336856895
concentricCircles4,run-1783974319_i0,0.8846153846153846,0.2912222307769757
concentricCircles4,run-1783974319_i0,0.5,0.1934958496213615
concentricCircles4,run-1783974319_i0,0.9259259259259259,0.290611692945103
concentricCircles4,run-1783974319_i0,0.9629629629629629,0.27693529260423544
concentricCircles4,run-1783974319_i0,0.09090909090909091,0.07073322390190356
concentricCircles4,run-1783974319_i0,0.2857142857142857,0.17491825692045954
concentricCircles4,run-1783974319_i0,0.5833333333333334,0.20447427884297742
concentricCircles4,run-1783974319_i0,0.35714285714285715,0.1725022996861402
concentricCircles4,run-1783974319_i0,0.32,0.17870950167458854
concentricCircles4,run-1783974319_i0,0.6086956521739131,0.2274342267332183
concentricCircles4,run-1783974319_i0,0.041666666666666664,0.14206793452871372
concentricCircles4,run-1783974319_i0,0.21052631578947367,0.052014092062113604
concentricCircles4,run-1783974319_i0,0.8947368421052632,0.28503792101844183
concentricCircles4,run-1783974319_i0,0.2692307692307692,0.154728451296426
concentricCircles4,run-1783974319_i0,0.0,0.0032988198737935607
concentricCircles4,run-1783974319_i0,0.9,0.27345655120448675
concentricCircles4,run-1783974319_i0,0.3181818181818182,0.14329059663529203
concentricCircles4,run-1783974319_i0,0.9166666666666666,0.3126631712324512
concentricCircles4,run-1783974319_i0,0.21739130434782608,0.10298369861291538
concentricCircles4,run-1783974319_i0,0.34615384615384615,0.1265858716188194
concentricCircles4,run-1783974319_i0,0.8888888888888888,0.2660048421414391
concentricCircles4,run-1783974319_i0,0.4230769230769231,0.20254225663379616
concentricCircles4,run-1783974319_i0,0.36,0.14086570404714088
concentricCircles4,run-1783974319_i0,0.0,0.0
concentricCircles4,run-1783974319_i0,0.6153846153846154,0.24712932280805003
concentricCircles4,run-1783974319_i0,0.45,0.18418920652550216
concentricCircles4,run-1783974319_i0,0.56,0.1690626535562089
concentricCircles4,run-1783974319_i0,0.4642857142857143,0.1504965402473155
concentricCircles4,run-1783974319_i0,0.21739130434782608,0.10734245037898019
concentricCircles4,run-1783974319_i0,0.375,0.13440838606901195
concentricCircles4,run-1783974319_i0,0.09090909090909091,0.03154792424829822
concentricCircles4,run-1783974319_i0,1.0,0.563420712571534
concentricCircles4,run-1783974319_i0,0.782608695652174,0.2440183930797805
concentricCircles4,run-1783974319_i0,1.0,0.5823503273160088
concentricCircles4,run-1783974319_i0,0.8947368421052632,0.31864111622595725
concentricCircles4,run-1783974319_i0,0.4074074074074074,0.147878243165164
concentricCircles4,run-1783974319_i0,0.16666666666666666,0.05295224876077578
concentricCircles4,run-1783974319_i0,0.7727272727272727,0.22277780059976182
concentricCircles4,run-1783974319_i0,0.6538461538461539,0.19158115084889618
concentricCircles4,run-1783974319_i0,0.09523809523809523,0.018218529028755107
concentricCircles4,run-1783974319_i0,0.55,0.1841988482823521
concentricCircles4,run-1783974319_i0,0.84,0.26962592957933706
concentricCircles4,run-1783974319_i0,0.0,3.191652339691039e-05
concentricCircles4,run-1783974319_i0,0.47619047619047616,0.20175270087635042
concentricCircles4,run-1783974319_i0,0.6818181818181818,0.20515229018090353
concentricCircles4,run-1783974319_i0,0.13043478260869565,0.03334263337252635
concentricCircles4,run-1783974319_i0,0.9629629629629629,0.27962351114520706
concentricCircles4,run-1783974319_i0,0.19230769230769232,0.10069988169395874
concentricCircles4,run-1783974319_i0,0.7619047619047619,0.19420905993150983
concentricCircles4,run-1783974319_i0,0.5,0.16613830318131068
concentricCircles4,run-1783974319_i0,0.875,0.21459743403454853
concentricCircles4,run-1783974319_i0,0.12,0.18333586448228523
concentricCircles4,run-1783974319_i0,0.23809523809523808,0.12175993544023965
concentricCircles4,run-1783974319_i0,0.4230769230769231,0.15233985821224919
concentricCircles4,run-1783974319_i0,0.8,0.2512334714821393
concentricCircles4,run-1783974319_i0,0.6666666666666666,0.17619920690951113
concentricCircles4,run-1783974319_i0,0.19230769230769232,0.09594750221880424
concentricCircles4,run-1783974319_i0,0.34782608695652173,0.12013298582651057
concentricCircles4,run-1783974319_i0,0.04,0.025144576594119582
concentricCircles4,run-1783974319_i0,0.7,0.1855865794611822
concentricCircles4,run-1783974319_i0,0.19047619047619047,0.1125206125301334
concentricCircles4,run-1783974319_i0,0.9047619047619048,0.2683063202748527
concentricCircles4,run-1783974319_i0,0.07142857142857142,0.008190738100088302
concentricCircles4,run-1783974319_i0,0.5,0.1850847710680662
concentricCircles4,run-1783974319_i0,0.8695652173913043,0.2504829050843817
concentricCircles4,run-1783974319_i0,0.9047619047619048,0.24166833711709776
concentricCircles4,run-1783974319_i0,1.0,0.3234865149703987
concentricCircles4,run-1783974319_i0,0.15384615384615385,0.10846016833189354
concentricCircles4,run-1783974319_i0,0.75,0.21559221527065495
concentricCircles4,run-1783974319_i0,0.2,0.12876680356719342
concentricCircles4,run-1783974319_i0,0.7407407407407407,0.22317559791328895
concentricCircles4,run-1783974319_i0,1.0,0.5307404386441907
concentricCircles4,run-1783974319_i0,0.4074074074074074,0.16579767634530887
concentricCircles4,run-1783974319_i0,0.08,0.04175675429229114
concentricCircles4,run-1783974319_i0,0.15789473684210525,0.056610608631966
concentricCircles4,run-1783974319_i0,1.0,0.2971006045966196
concentricCircles4,run-1783974319_i0,0.4,0.1547924503685665
concentricCircles4,run-1783974319_i0,0.11538461538461539,0.0867129577866624
concentricCircles4,run-1783974319_i0,0.6842105263157895,0.17892868473628704
concentricCircles4,run-1783974319_i0,1.0,0.5270971499426983
concentricCircles4,run-1783974319_i0,0.43478260869565216,0.1603103888077111
concentricCircles4,run-1783974319_i0,0.13636363636363635,0.08290885114443439
concentricCircles4,run-1783974319_i0,0.52,0.2565827812259763
concentricCircles4,run-1783974319_i0,0.2,0.10134776251902645
concentricCircles4,run-1783974319_i0,0.6538461538461539,0.2432628484124844
concentricCircles4,run-1783974319_i0,0.7368421052631579,0.21694511923057852
concentricCircles4,run-1783974319_i0,0.043478260869565216,0.10715833574111526
concentricCircles4,run-1783974319_i0,0.6111111111111112,0.17641681746546303
concentricCircles4,run-1783974319_i0,0.2962962962962963,0.1214544230283645
concentricCircles4,run-1783974319_i0,0.48,0.19768766750358502
concentricCircles4,run-1783974319_i0,0.7619047619047619,0.23539290735822524
concentricCircles4,run-1783974319_i0,0.65,0.2079664647288207
concentricCircles4,run-1783974319_i0,0.8636363636363636,0.24924637542466152
concentricCircles4,run-1783974319_i0,0.25,0.20330085001849182
concentricCircles4,run-1783974319_i0,0.5714285714285714,0.24337354993113391
concentricCircles4,run-1783974319_i0,0.9259259259259259,0.27546520991577256
concentricCircles4,run-1783974319_i0,0.85,0.29619746094899707
concentricCircles4,run-1783974319_i0,0.23809523809523808,0.13060865916660108
concentricCircles4,run-1783974319_i0,0.0,0.0001577832533610771
concentricCircles4,run-1783974319_i0,0.23076923076923078,0.13220032920037011
concentricCircles4,run-1783974319_i0,0.55,0.17347307798750045
concentricCircles4,run-1783974319_i0,0.043478260869565216,0.09439091835249609
concentricCircles4,run-1783974319_i0,0.7142857142857143,0.22798136250770853
concentricCircles4,run-1783974319_i0,0.7727272727272727,0.23001758597149125
concentricCircles4,run-1783974319_i0,0.047619047619047616,0.1490525309921762
concentricCircles4,run-1783974319_i0,0.34782608695652173,0.16476610817202317
concentricCircles4,run-1783974319_i0,0.07407407407407407,0.048845574433461394
concentricCircles4,run-1783974319_i0,0.2727272727272727,0.12125253923253787
concentricCircles4,run-1783974319_i0,0.0,0.015319084107762632
concentricCircles4,run-1783974319_i0,0.1,0.0686185338208047
concentricCircles4,run-1783974319_i0,0.3333333333333333,0.12714455457021973
concentricCircles4,run-1783974319_i0,0.21052631578947367,0.14795024623486502
concentricCircles4,run-1783974319_i0,0.5238095238095238,0.19192689555715792
concentricCircles4,run-1783974319_i0,0.34782608695652173,0.16449918073662462
concentricCircles4,run-1783974319_i0,0.0,0.0
concentricCircles4,run-1783974319_i0,0.45454545454545453,0.2484348217393394
concentricCircles4,run-1783974319_i0,0.36,0.148675403555665
concentricCircles4,run-1783974319_i0,0.44,0.19826841732734127
concentricCircles4,run-1783974319_i0,0.4,0.16477772684402145
concentricCircles4,run-1783974319_i0,0.7619047619047619,0.1977419032053634
concentricCircles4,run-1783974319_i0,1.0,0.5699776569729597
concentricCircles4,run-1783974319_i0,0.875,0.275072265024866
concentricCircles4,run-1783974319_i0,0.6153846153846154,0.2190755707773857
concentricCircles4,run-1783974319_i0,0.0,0.06314970779311198
concentricCircles4,run-1783974319_i0,0.36363636363636365,0.1555187008359214
concentricCircles4,run-1783974319_i0,0.22727272727272727,0.19473016123309803
concentricCircles4,run-1783974319_i0,0.23809523809523808,0.1483601088594662
concentricCircles4,run-1783974319_i0,0.041666666666666664,0.09710470599925092
concentricCircles4,run-1783974319_i0,0.9629629629629629,0.27450817416825257
concentricCircles4,run-1783974319_i0,0.25,0.14451075885184061
concentricCircles4,run-1783974319_i0,0.36363636363636365,0.16135166971800002
concentricCircles4,run-1783974319_i0,0.8947368421052632,0.28880440020214604
concentricCircles4,run-1783974319_i0,0.48,0.19584453560242807
concentricCircles4,run-1783974319_i0,0.0,0.052878583894290704
concentricCircles4,run-1783974319_i0,0.3333333333333333,0.16479850733255444
concentricCircles4,run-1783974319_i0,0.6666666666666666,0.2687385110294118
concentricCircles4,run-1783974319_i0,0.9166666666666666,0.30492188817163746
concentricCircles4,run-1783974319_i0,0.8181818181818182,0.24997768517779045
concentricCircles4,run-1783974319_i0,0.34615384615384615,0.15333658778217688
concentricCircles4,run-1783974319_i0,0.95,0.27528290737184224
concentricCircles4,run-1783974319_i0,0.5263157894736842,0.22777296691119142
concentricCircles4,run-1783974319_i0,0.23809523809523808,0.14758371185070532
concentricCircles4,run-1783974319_i0,0.0,0.0
concentricCircles4,run-1783974319_i0,0.5416666666666666,0.1930890811868496
concentricCircles4,run-1783974319_i0,0.0,0.11411191657709996
concentricCircles4,run-1783974319_i0,0.631578947368421,0.2659497003304767
concentricCircles4,run-1783974319_i0,0.7222222222222222,0.22643140437018214
concentricCircles4,run-1783974319_i0,0.625,0.20030889727334905
concentricCircles4,run-1783974319_i0,0.375,0.14197529737847123
concentricCircles4,run-1783974319_i0,0.0,0.08365223952999518
concentricCircles4,run-1783974319_i0,0.30434782608695654,0.14584475854665896
concentricCircles4,run-1783974319_i0,0.75,0.22448630551409782
concentricCircles4,run-1783974319_i0,0.7692307692307693,0.24929917225578466
concentricCircles4,run-1783974319_i0,0.0,0.08970856448058362
concentricCircles4,run-1783974319_i0,1.0,0.27882007098215894
concentricCircles4,run-1783974319_i0,0.34615384615384615,0.2090430046294335
concentricCircles4,run-1783974319_i0,0.0,0.0
concentricCircles4,run-1783974319_i0,0.8095238095238095,0.27071055509794195
concentricCircles4,run-1783974319_i0,1.0,0.28283522082528617
concentricCircles4,run-1783974319_i0,0.9130434782608695,0.25990914529161874
concentricCircles4,run-1783974319_i0,0.24,0.1490805200309081
concentricCircles4,run-1783974319_i0,0.6538461538461539,0.22552645806136848
concentricCircles4,run-1783974319_i0,0.4444444444444444,0.1846772407448422
concentricCircles4,run-1783974319_i0,0.0,0.09379501588030092
concentricCircles4,run-1783974319_i0,0.5909090909090909,0.20170441637034037
concentricCircles4,run-1783974319_i0,0.7272727272727273,0.2274446315666033
concentricCircles4,run-1783974319_i0,0.4642857142857143,0.24651835801846195
concentricCircles4,run-1783974319_i0,0.3181818181818182,0.15213408463906425
concentricCircles4,run-1783974319_i0,0.08,0.10856229130414345
concentricCircles4,run-1783974319_i0,0.6190476190476191,0.21107853110725466
concentricCircles4,run-1783974319_i0,0.3888888888888889,0.19220377092278315
concentricCircles4,run-1783974319_i0,0.2727272727272727,0.14824629999710373
concentricCircles4,run-1783974319_i0,0.24,0.16754519284066727
concentricCircles4,run-1783974319_i0,0.6923076923076923,0.21658808939068247
concentricCircles4,run-1783974319_i0,0.34615384615384615,0.13944590133248674
concentricCircles4,run-1783974319_i0,0.75,0.23784809962549722
concentricCircles4,run-1783974319_i0,1.0,0.3337823134978489
concentricCircles4,run-1783974319_i0,0.7727272727272727,0.20108080376229157
concentricCircles4,run-1783974319_i0,0.6111111111111112,0.18756124097012453
concentricCircles4,run-1783974319_i0,0.7777777777777778,0.23156126418673437
concentricCircles4,run-1783974319_i0,1.0,0.6425477759586148
concentricCircles4,run-1783974319_i0,0.09523809523809523,0.11651954697954907
concentricCircles4,run-1783974319_i0,0.5,0.21207492656937763
concentricCircles4,run-1783974319_i0,0.2,0.1635574875956493
concentricCircles4,run-1783974319_i0,0.07692307692307693,0.06410253873986872
concentricCircles4,run-1783974319_i0,0.05555555555555555,0.06365782872738053
concentricCircles4,run-1783974319_i0,0.6,0.18317511876377085
concentricCircles4,run-1783974319_i0,0.9259259259259259,0.3039031101532372
concentricCircles4,run-1783974319_i0,0.391304347826087,0.14850692498598997
concentricCircles4,run-1783974319_i0,0.34615384615384615,0.20165366291514197
concentricCircles4,run-1783974319_i0,0.10526315789473684,0.12008205256746012
concentricCircles4,run-1783974319_i0,0.875,0.2529136316337149
concentricCircles4,run-1783974319_i0,0.47368421052631576,0.22831442762473161
concentricCircles4,run-1783974319_i0,0.6521739130434783,0.2259322971063463
concentricCircles4,run-1783974319_i0,0.3,0.1989971314961046
concentricCircles4,run-1783974319_i0,0.7777777777777778,0.23959289667654698
concentricCircles4,run-1783974319_i0,0.44,0.2095077985732213
concentricCircles4,run-1783974319_i0,0.045454545454545456,0.05928192712553838
concentricCircles4,run-1783974319_i0,0.17391304347826086,0.22735339407450003
concentricCircles4,run-1783974319_i0,0.39285714285714285,0.27008784013185744
concentricCircles4,run-1783974319_i0,0.9565217391304348,0.33037987533754287
concentricCircles4,run-1783974319_i0,0.14285714285714285,0.12474986595905167
concentricCircles4,run-1783974319_i0,0.6538461538461539,0.18133014870124683
concentricCircles4,run-1783974319_i0,0.17391304347826086,0.0561585869749196
concentricCircles4,run-1783974319_i0,0.3333333333333333,0.16511977123352717
concentricCircles4,run-1783974319_i0,0.20833333333333334,0.15261602239017624
concentricCircles4,run-1783974319_i0,0.23076923076923078,0.11954471629905172
concentricCircles4,run-1783974319_i0,0.08333333333333333,0.015103637781800305
concentricCircles4,run-1783974319_i0,0.13636363636363635,0.04081746998921437
concentricCircles4,run-1783974319_i0,0.7916666666666666,0.2851823472508048
concentricCircles4,run-1783974319_i0,0.05,0.0
concentricCircles4,run-1783974319_i0,0.8571428571428571,0.2939663402043631
concentricCircles4,run-1783974319_i0,0.9090909090909091,0.5279509595291502
concentricCircles4,run-1783974319_i0,0.47368421052631576,0.19925945018050492
concentricCircles4,run-1783974319_i0,1.0,0.6030359992634422
concentricCircles4,run-1783974319_i0,0.7647058823529411,0.2580370739904427
concentricCircles4,run-1783974319_i0,0.6666666666666666,0.2171817983859792
concentricCircles4,run-1783974319_i0,0.15,0.12085058849680676
concentricCircles4,run-1783974319_i0,0.20833333333333334,0.15149559514645897
concentricCircles4,run-1783974319_i0,0.84,0.3315267416875664
concentricCircles4,run-1783974319_i0,0.9583333333333334,0.3295588899159483
concentricCircles4,run-1783974319_i0,0.72,0.2191726446676231
concentricCircles4,run-1783974319_i0,0.9565217391304348,0.31948399468664535
concentricCircles4,run-1783974319_i0,0.22727272727272727,0.1417628752315071
concentricCircles4,run-1783974319_i0,1.0,0.5660060187343704
concentricCircles4,run-1783974319_i0,0.5263157894736842,0.2052303134379418
concentricCircles4,run-1783974319_i0,0.058823529411764705,0.014496283804884071
concentricCircles4,run-1783974319_i0,0.24,0.12342320013952773
concentricCircles4,run-1783974319_i0,0.16666666666666666,0.12975391085163085
concentricCircles4,run-1783974319_i0,0.2222222222222222,0.11664378740850587
concentricCircles4,run-1783974319_i0,1.0,0.5518382072068249
concentricCircles4,run-1783974319_i0,1.0,0.3243931264045057
concentricCircles4,run-1783974319_i0,0.23076923076923078,0.16298611503076132
concentricCircles4,run-1783974319_i0,0.9411764705882353,0.24414665968346247
concentricCircles4,run-1783974319_i0,0.09523809523809523,0.03692778080055865
concentricCircles4,run-1783974319_i0,0.20833333333333334,0.11246784657460954
concentricCircles4,run-1783974319_i0,0.2727272727272727,0.16964617064817458
concentricCircles4,run-1783974319_i0,0.15,0.15160549390302885
concentricCircles4,run-1783974319_i0,0.6,0.2271206542956686
concentricCircles4,run-1783974319_i0,0.14285714285714285,0.1443645022718488
concentricCircles4,run-1783974319_i0,0.045454545454545456,0.12084086791316641
concentricCircles4,run-1783974319_i0,0.5,0.21077288893678933
concentricCircles4,run-1783974319_i0,0.15789473684210525,0.09113479910756846
concentricCircles4,run-1783974319_i0,0.6111111111111112,0.23642196001750873
concentricCircles4,run-1783974319_i0,0.5555555555555556,0.20902035804088315
concentricCircles4,run-1783974319_i0,0.058823529411764705,0.0478151702911757
concentricCircles4,run-1783974319_i0,0.19230769230769232,0.13473499389935423
concentricCircles4,run-1783974319_i0,0.043478260869565216,0.0426121444816109
concentricCircles4,run-1783974319_i0,0.6363636363636364,0.22879998946767316
concentricCircles4,run-1783974319_i0,0.2916666666666667,0.17717450753991326
concentricCircles4,run-1783974319_i0,0.24,0.22067177744408442
concentricCircles4,run-1783974319_i0,0.3333333333333333,0.201069358911013
concentricCircles4,run-1783974319_i0,0.25,0.18293841646281628
concentricCircles4,run-1783974319_i0,0.08695652173913043,0.0661766177818882
concentricCircles4,run-1783974319_i0,0.5416666666666666,0.21586784243845733
concentricCircles4,run-1783974319_i0,0.5714285714285714,0.21823987933957106
concentricCircles4,run-1783974319_i0,0.15789473684210525,0.1482632837440882
concentricCircles4,run-1783974319_i0,0.11764705882352941,0.1206725422208099
concentricCircles4,run-1783974319_i0,0.6190476190476191,0.2140325703903731
concentricCircles4,run-1783974319_i0,0.6956521739130435,0.23916899114815954
concentricCircles4,run-1783974319_i0,0.16666666666666666,0.13796874943784251
concentricCircles4,run-1783974319_i0,0.9545454545454546,0.31879475769274485
concentricCircles4,run-1783974319_i0,0.8695652173913043,0.3326493561442491
concentricCircles4,run-1783974319_i0,0.21739130434782608,0.18620844643114237
concentricCircles4,run-1783974319_i0,0.8695652173913043,0.2979220095535492
concentricCircles4,run-1783974319_i0,0.23809523809523808,0.17612744078012482
concentricCircles4,run-1783974319_i0,0.15,0.14894360305730883
concentricCircles4,run-1783974319_i0,0.8421052631578947,0.2590821666450857
concentricCircles4,run-1783974319_i0,0.8235294117647058,0.28531532370190416
concentricCircles4,run-1783974319_i0,0.875,0.27712079826957386
concentricCircles4,run-1783974319_i0,0.43478260869565216,0.2320309778057591
concentricCircles4,run-1783974319_i0,0.1111111111111111,0.10470364550060951
concentricCircles4,run-1783974319_i0,0.55,0.19964840905095552
concentricCircles4,run-1783974319_i0,0.7727272727272727,0.21659750627220803
concentricCircles4,run-1783974319_i0,1.0,0.3125414598725497
concentricCircles4,run-1783974319_i0,0.3333333333333333,0.16841354041996667
concentricCircles4,run-1783974319_i0,0.125,0.07247957766259952
concentricCircles4,run-1783974319_i0,0.2,0.12386227478064132
concentricCircles4,run-1783974319_i0,0.043478260869565216,0.012827831764477049
concentricCircles4,run-1783974319_i0,0.3157894736842105,0.16044959693006183
concentricCircles4,run-1783974319_i0,0.6190476190476191,0.19184513311497442
concentricCircles4,run-1783974319_i0,0.07142857142857142,0.1723832197964334
concentricCircles4,run-1783974319_i0,0.3684210526315789,0.18481149535941632
concentricCircles4,run-1783974319_i0,0.17647058823529413,0.12727191174189398
concentricCircles4,run-1783974319_i0,0.125,0.10963508112538381
concentricCircles4,run-1783974319_i0,0.8947368421052632,0.28789819771644154
concentricCircles4,run-1783974319_i0,0.2916666666666667,0.11509722905515625
concentricCircles4,run-1783974319_i0,0.05555555555555555,0.07203979184818662
concentricCircles4,run-1783974319_i0,0.9583333333333334,0.29993057527848777
concentricCircles4,run-1783974319_i0,0.75,0.2277647180806511
concentricCircles4,run-1783974319_i0,0.38095238095238093,0.19652691622950452
concentricCircles4,run-1783974319_i0,0.782608695652174,0.29255776184560284
concentricCircles4,run-1783974319_i0,0.375,0.1474629346768108
concentricCircles4,run-1783974319_i0,0.6666666666666666,0.22051727769880583
concentricCircles4,run-1783974319_i0,0.8888888888888888,0.2890443943033355
concentricCircles4,run-1783974319_i0,0.47368421052631576,0.18149968134122263
concentricCircles4,run-1783974319_i0,0.2222222222222222,0.11421421383977172
concentricCircles4,run-1783974319_i0,0.043478260869565216,0.0
concentricCircles4,run-1783974319_i0,0.8695652173913043,0.28667708580563983
concentricCircles4,run-1783974319_i0,0.85,0.269165110408246
concentricCircles4,run-1783974319_i0,0.09090909090909091,0.10504428715720168
concentricCircles4,run-1783974319_i0,0.7142857142857143,0.28793209045135887
concentricCircles4,run-1783974319_i0,0.631578947368421,0.22895555623120553
concentricCircles4,run-1783974319_i0,0.0625,0.05872238276592727
concentricCircles4,run-1783974319_i0,0.2,0.160981122374289
concentricCircles4,run-1783974319_i0,0.11764705882352941,0.10618960972576666
concentricCircles4,run-1783974319_i0,1.0,0.5311596825838786
concentricCircles4,run-1783974319_i0,0.625,0.20988218285502017
concentricCircles4,run-1783974319_i0,0.30434782608695654,0.13740164647343184
concentricCircles4,run-1783974319_i0,0.6470588235294118,0.2050948186554512
concentricCircles4,run-1783974319_i0,0.1875,0.12744307598209567
concentricCircles4,run-1783974319_i0,0.045454545454545456,0.029956138731264657
concentricCircles4,run-1783974319_i0,0.6842105263157895,0.2774400811950761
concentricCircles4,run-1783974319_i0,0.5,0.22195094024462528
concentricCircles4,run-1783974319_i0,0.0625,0.03320642762813839
concentricCircles4,run-1783974319_i0,0.391304347826087,0.1720218309454327
concentricCircles4,run-1783974319_i0,0.8823529411764706,0.28694554196968086
concentricCircles4,run-1783974319_i0,0.5909090909090909,0.2239400176904827
concentricCircles4,run-1783974319_i0,0.7142857142857143,0.21074354568957365
concentricCircles4,run-1783974319_i0,0.45454545454545453,0.2080666559629539
concentricCircles4,run-1783974319_i0,0.8888888888888888,0.1986725388452268
concentricCircles4,run-1783974319_i0,0.7058823529411765,0.19603208463491212
concentricCircles4,run-1783974319_i0,1.0,0.58984603263189
concentricCircles4,run-1783974319_i0,0.75,0.2783487464138174
concentricCircles4,run-1783974319_i0,0.1,0.12280178337345493
concentricCircles4,run-1783974319_i0,0.08695652173913043,0.11400350849006026
concentricCircles4,run-1783974319_i0,0.13636363636363635,0.1319022840328024
concentricCircles4,run-1783974319_i0,0.4090909090909091,0.15129505227903506
concentricCircles4,run-1783974319_i0,0.3684210526315789,0.14768858342122201
concentricCircles4,run-1783974319_i0,0.875,0.2597167456671905
concentricCircles4,run-1783974319_i0,0.23529411764705882,0.13828796927704692
concentricCircles4,run-1783974319_i0,0.2857142857142857,0.12306938501072033
concentricCircles4,run-1783974319_i0,0.7222222222222222,0.22367407652260138
concentricCircles4,run-1783974319_i0,0.6086956521739131,0.2569976597822708
concentricCircles4,run-1783974319_i0,0.23529411764705882,0.1313612030476021
concentricCircles4,run-1783974319_i0,0.058823529411764705,0.11964134519689251
concentricCircles4,run-1783974319_i0,0.8636363636363636,0.406062099499145
concentricCircles4,run-1783974319_i0,0.6086956521739131,0.20642120414117154
concentricCircles4,run-1783974319_i0,0.875,0.5075326233688315
concentricCircles4,run-1783974319_i0,0.6875,0.24909710296597404
concentricCircles4,run-1783974319_i0,0.6,0.20410251206994232
concentricCircles4,run-1783974319_i0,0.85,0.23969743939878937
concentricCircles4,run-1783974319_i0,0.9333333333333333,0.6236743321823776
concentricCircles4,run-1783974319_i0,0.6,0.21526704560337379
concentricCircles4,run-1783974319_i0,0.16666666666666666,0.19202525575447574
concentricCircles4,run-1783974319_i0,0.6,0.21678507325625074
concentricCircles4,run-1783974319_i0,0.5294117647058824,0.2076830087306918
concentricCircles4,run-1783974319_i0,0.38095238095238093,0.1761897538103682
concentricCircles4,run-1783974319_i0,0.8666666666666667,0.30724808791754415
concentricCircles4,run-1783974319_i0,0.16666666666666666,0.1479471090170875
concentricCircles4,run-1783974319_i0,0.0625,0.14210432957384214
concentricCircles4,run-1783974319_i0,0.2857142857142857,0.1908494501650785
concentricCircles4,run-1783974319_i0,0.09090909090909091,9.880489041259443e-05
concentricCircles4,run-1783974319_i0,0.05263157894736842,3.6675238604778795e-05
concentricCircles4,run-1783974319_i0,0.8333333333333334,0.29095769321314385
concentricCircles4,run-1783974319_i0,0.42105263157894735,0.14503527160846816
concentricCircles4,run-1783974319_i0,0.14285714285714285,0.111342397130957
concentricCircles4,run-1783974319_i0,0.5909090909090909,0.18342499778231175
concentricCircles4,run-1783974319_i0,0.35714285714285715,0.1948546638794224
concentricCircles4,run-1783974319_i0,0.3684210526315789,0.19475652262190782
concentricCircles4,run-1783974319_i0,0.1875,0.08926803968988238
concentricCircles4,run-1783974319_i0,0.3333333333333333,0.1599557441868902
concentricCircles4,run-1783974319_i0,0.09523809523809523,0.011247571571121917
concentricCircles4,run-1783974319_i0,0.3333333333333333,0.2296543550824699
concentricCircles4,run-1783974319_i0,0.9047619047619048,0.30368618936431635
concentricCircles4,run-1783974319_i0,0.21052631578947367,0.11972611182238727
concentricCircles4,run-1783974319_i0,0.1,0.04692782066803351
concentricCircles4,run-1783974319_i0,0.11764705882352941,0.0002459791047224379
concentricCircles4,run-1783974319_i0,0.47368421052631576,0.15782975889358863
concentricCircles4,run-1783974319_i0,0.5,0.19498447648487446
concentricCircles4,run-1783974319_i0,0.8,0.27052281409888473
concentricCircles4,run-1783974319_i0,0.35714285714285715,0.15601957867356459
concentricCircles4,run-1783974319_i0,0.5,0.14980418619358102
concentricCircles4,run-1783974319_i0,0.2692307692307692,0.20856894439896168
concentricCircles4,run-1783974319_i0,0.875,0.2162170415060862
concentricCircles4,run-1783974319_i0,0.8421052631578947,0.2709929909728093
concentricCircles4,run-1783974319_i0,0.125,0.08712156335481466
concentricCircles4,run-1783974319_i0,0.5789473684210527,0.21882560703442822
concentricCircles4,run-1783974319_i0,0.7692307692307693,0.24136096194541967
concentricCircles4,run-1783974319_i0,0.2,0.1437360544810995
concentricCircles4,run-1783974319_i0,0.75,0.2575913270111319
concentricCircles4,run-1783974319_i0,0.5555555555555556,0.20142370128780715
concentricCircles4,run-1783974319_i0,0.7647058823529411,0.2175186951321271
concentricCircles4,run-1783974319_i0,0.7916666666666666,0.2873283649535154
concentricCircles4,run-1783974319_i0,0.7142857142857143,0.21547956497725199
concentricCircles4,run-1783974319_i0,0.0,0.0
concentricCircles4,run-1783974319_i0,0.2222222222222222,0.12169669627751935
concentricCircles4,run-1783974319_i0,0.9047619047619048,0.27538594815522327
concentricCircles4,run-1783974319_i0,0.29411764705882354,0.15066684487728757
concentricCircles4,run-1783974319_i0,0.5625,0.2027860879390913
concentricCircles4,run-1783974319_i0,0.7142857142857143,0.25471834253234915
concentricCircles4,run-1783974319_i0,0.38461538461538464,0.17316458125636425
concentricCircles4,run-1783974319_i0,0.16666666666666666,0.11490134393436126
concentricCircles4,run-1783974319_i0,0.18181818181818182,0.20039179092553422
concentricCircles4,run-1783974319_i0,0.35714285714285715,0.15930624299609814
concentricCircles4,run-1783974319_i0,0.4375,0.16507092766338974
concentricCircles4,run-1783974319_i0,0.29411764705882354,0.1980078222969354
concentricCircles4,run-1783974319_i0,0.5294117647058824,0.1502845377790626
concentricCircles4,run-1783974319_i0,0.4666666666666667,0.21477425038594236
concentricCircles4,run-1783974319_i0,0.3333333333333333,0.15893554511264635
concentricCircles4,run-1783974319_i0,0.8,0.24983832289007504
concentricCircles4,run-1783974319_i0,0.14285714285714285,0.05846812617339723
concentricCircles4,run-1783974319_i0,0.7692307692307693,0.22254625889042404
concentricCircles4,run-1783974319_i0,0.8666666666666667,0.29763335352712755
concentricCircles4,run-1783974319_i0,0.13333333333333333,0.11711458028279009
concentricCircles4,run-1783974319_i0,0.2727272727272727,0.1421293561724749
concentricCircles4,run-1783974319_i0,0.3076923076923077,0.10120337912906291
concentricCircles4,run-1783974319_i0,0.2,0.10364880123203836
concentricCircles4,run-1783974319_i0,0.8888888888888888,0.25480990983591023
concentricCircles4,run-1783974319_i0,0.7857142857142857,0.19982674326796981
concentricCircles4,run-1783974319_i0,0.7894736842105263,0.21076681374515316
concentricCircles4,run-1783974319_i0,0.47058823529411764,0.14707981608567902
concentricCircles4,run-1783974319_i0,0.16666666666666666,0.110945915512312
concentricCircles4,run-1783974319_i0,0.36363636363636365,0.2343117173839103
concentricCircles4,run-1783974319_i0,0.3,0.13268279946530456
concentricCircles4,run-1783974319_i0,0.9285714285714286,0.4667598396444015
concentricCircles4,run-1783974319_i0,0.8181818181818182,0.1927280369903321
concentricCircles4,run-1783974319_i0,0.8666666666666667,0.21876093518521542
concentricCircles4,run-1783974319_i0,0.5384615384615384,0.1607519090452425
concentricCircles4,run-1783974319_i0,0.14285714285714285,0.0
concentricCircles4,run-1783974319_i0,0.25,0.06776771884742264
concentricCircles4,run-1783974319_i0,0.6842105263157895,0.20379051153034936
concentricCircles4,run-1783974319_i0,0.21052631578947367,0.055511487606141496
concentricCircles4,run-1783974319_i0,0.038461538461538464,0.14023183873270562
concentricCircles4,run-1783974319_i0,0.5,0.18237707440513354
concentricCircles4,run-1783974319_i0,0.0625,0.0
concentricCircles4,run-1783974319_i0,0.35294117647058826,0.12302733437757475
concentricCircles4,run-1783974319_i0,0.6666666666666666,0.18166773176254836
concentricCircles4,run-1783974319_i0,0.2857142857142857,0.13242006622285984
concentricCircles4,run-1783974319_i0,0.25,0.11860926712062077
concentricCircles4,run-1783974319_i0,0.6153846153846154,0.1743859354852236
concentricCircles4,run-1783974319_i0,0.8333333333333334,0.21423863103995266
concentricCircles4,run-1783974319_i0,0.17647058823529413,0.06507346553201353
concentricCircles4,run-1783974319_i0,0.4375,0.14773086294144422
concentricCircles4,run-1783974319_i0,0.3333333333333333,0.23068524941980886
concentricCircles4,run-1783974319_i0,0.5,0.15923708661046831
concentricCircles4,run-1783974319_i0,0.8666666666666667,0.4438260857667667
concentricCircles4,run-1783974319_i0,0.10526315789473684,0.01707304649030458
concentricCircles4,run-1783974319_i0,0.7777777777777778,0.21854725397591646
concentricCircles4,run-1783974319_i0,0.14285714285714285,0.1013837441502416
concentricCircles4,run-1783974319_i0,0.7333333333333333,0.2059949725490329
concentricCircles4,run-1783974319_i0,0.7692307692307693,0.22199173465870836
concentricCircles4,run-1783974319_i0,0.3,0.14183348765515663
concentricCircles4,run-1783974319_i0,0.1875,0.1422219452651334
concentricCircles4,run-1783974319_i0,0.18181818181818182,0.14365432745474654
concentricCircles4,run-1783974319_i0,0.2727272727272727,0.206049369320067
concentricCircles4,run-1783974319_i0,0.6666666666666666,0.1879080119966459
concentricCircles4,run-1783974319_i0,1.0,0.6555107589892645
concentricCircles4,run-1783974319_i0,0.9411764705882353,0.6123702991727906
concentricCircles4,run-1783974319_i0,0.46153846153846156,0.19724255365430463
concentricCircles4,run-1783974319_i0,0.18181818181818182,0.1196941372595248
concentricCircles4,run-1783974319_i0,0.75,0.24310764216702865
concentricCircles4,run-1783974319_i0,0.125,0.0819114695599665
concentricCircles4,run-1783974319_i0,0.2222222222222222,0.13690699825152092
concentricCircles4,run-1783974319_i0,0.8571428571428571,0.5984398704798134
concentricCircles4,run-1783974319_i0,0.45,0.22805573109080304
concentricCircles4,run-1783974319_i0,0.0,0.0
concentricCircles4,run-1783974319_i0,0.2857142857142857,0.11916359985402762
concentricCircles4,run-1783974319_i0,0.5,0.15723034810505765
concentricCircles4,run-1783974319_i0,0.8181818181818182,0.20520082132243553
concentricCircles4,run-1783974319_i0,0.6,0.20655778810471065
concentricCircles4,run-1783974319_i0,0.16666666666666666,0.00942425379901391
concentricCircles4,run-1783974319_i0,0.5555555555555556,0.17519281978378717
concentricCircles4,run-1783974319_i0,1.0,0.507297063492818
concentricCircles4,run-1783974319_i0,0.25,0.09130470094268171
concentricCircles4,run-1783974319_i0,1.0,0.23217041021444285
concentricCircles4,run-1783974319_i0,0.5384615384615384,0.25212431320314915
concentricCircles4,run-1783974319_i0,1.0,0.5771266752166915
concentricCircles4,run-1783974319_i0,0.8333333333333334,0.23483858524001253
concentricCircles4,run-1783974319_i0,0.4642857142857143,0.15464242187013486
concentricCircles4,run-1783974319_i0,0.2,0.07231245469328589
concentricCircles4,run-1783974319_i0,1.0,0.6016667203452608
concentricCircles4,run-1783974319_i0,0.75,0.25811353883645777
concentricCircles4,run-1783974319_i0,0.5,0.2066899868823787
concentricCircles4,run-1783974319_i0,0.2857142857142857,0.0854893607344012
concentricCircles4,run-1783974319_i0,0.16666666666666666,0.16556669659373105
concentricCircles4,run-1783974319_i0,0.1,0.1863456138971991
concentricCircles4,run-1783974319_i0,0.56,0.2439000516517258
concentricCircles4,run-1783974319_i0,0.0,0.11591507696815727
concentricCircles4,run-1783974319_i0,0.6153846153846154,0.24424263183848957
concentricCircles4,run-1783974319_i0,0.9,0.2793722363115018
concentricCircles4,run-1783974319_i0,0.23809523809523808,0.22506447083051387
concentricCircles4,run-1783974319_i0,0.18181818181818182,0.19643386515947492
concentricCircles4,run-1783974319_i0,0.5555555555555556,0.26388015737186254
concentricCircles4,run-1783974319_i0,0.56,0.24365769373690202
concentricCircles4,run-1783974319_i0,0.23809523809523808,0.2037941135444274
concentricCircles4,run-1783974319_i0,0.0,0.08832243187711411
concentricCircles4,run-1783974319_i0,0.391304347826087,0.23857220251087433
concentricCircles4,run-1783974319_i0,0.5416666666666666,0.2516188379352465
concentricCircles4,run-1783974319_i0,0.88,0.30186608559947775
concentricCircles4,run-1783974319_i0,0.08,0.1670748641200149
concentricCircles4,run-1783974319_i0,0.84,0.27651777755769036
concentricCircles4,run-1783974319_i0,0.9642857142857143,0.3190728360471108
concentricCircles4,run-1783974319_i0,0.13043478260869565,0.19393897020968268
concentricCircles4,run-1783974319_i0,0.5,0.27985308903473827
concentricCircles4,run-1783974319_i0,0.23076923076923078,0.21566404565692382
concentricCircles4,run-1783974319_i0,0.043478260869565216,0.13394940209294257
concentricCircles4,run-1783974319_i0,0.13636363636363635,0.14714415530772404
concentricCircles4,run-1783974319_i0,0.0,0.087381083271992
concentricCircles4,run-1783974319_i0,0.8636363636363636,0.2917865025750786
concentricCircles4,run-1783974319_i0,0.14285714285714285,0.2069499888834689
concentricCircles4,run-1783974319_i0,0.0,0.13622443574060472
concentricCircles4,run-1783974319_i0,0.75,0.2644572739090698
concentricCircles4,run-1783974319_i0,0.5714285714285714,0.27489751346048275
concentricCircles4,run-1783974319_i0,0.6785714285714286,0.2670046787059719
concentricCircles4,run-1783974319_i0,0.48148148148148145,0.238422220605355
concentricCircles4,run-1783974319_i0,0.7272727272727273,0.27866849835603036
concentricCircles4,run-1783974319_i0,0.3076923076923077,0.24407814676573897
concentricCircles4,run-1783974319_i0,0.2,0.19885836407548832
concentricCircles4,run-1783974319_i0,0.92,0.2835463061030797
concentricCircles4,run-1783974319_i0,0.9629629629629629,0.3488084744492151
concentricCircles4,run-1783974319_i0,0.07142857142857142,0.05504439773794324
concentricCircles4,run-1783974319_i0,0.625,0.26564072072019296
concentricCircles4,run-1783974319_i0,0.14285714285714285,0.14903251175846752
concentricCircles4,run-1783974319_i0,0.05263157894736842,0.047144741473679384
concentricCircles4,run-1783974319_i0,0.21739130434782608,0.2075209864943434
concentricCircles4,run-1783974319_i0,0.09090909090909091,0.1645490840566746
concentricCircles4,run-1783974319_i0,0.21428571428571427,0.21214881737031305
concentricCircles4,run-1783974319_i0,0.6,0.22741356320850284
concentricCircles4,run-1783974319_i0,0.8,0.25869240569340973
concentricCircles4,run-1783974319_i0,0.39285714285714285,0.25543500794692836
concentricCircles4,run-1783974319_i0,0.45,0.2142730850483329
concentricCircles4,run-1783974319_i0,0.043478260869565216,0.124959944719237
concentricCircles4,run-1783974319_i0,0.48148148148148145,0.228689387439684
concentricCircles4,run-1783974319_i0,0.85,0.30720951461448004
concentricCircles4,run-1783974319_i0,0.4583333333333333,0.252929448228549
concentricCircles4,run-1783974319_i0,0.3076923076923077,0.1791530783999159
concentricCircles4,run-1783974319_i0,0.045454545454545456,0.13075333458576002
concentricCircles4,run-1783974319_i0,0.8888888888888888,0.2913121831760615
concentricCircles4,run-1783974319_i0,0.52,0.2605139660101795
concentricCircles4,run-1783974319_i0,0.18181818181818182,0.22322390342824847
concentricCircles4,run-1783974319_i0,0.34615384615384615,0.242098079417795
concentricCircles4,run-1783974319_i0,0.7692307692307693,0.3052560740018075
concentricCircles4,run-1783974319_i0,0.1111111111111111,0.19784468506847924
concentricCircles4,run-1783974319_i0,0.25,0.19630188752124436
concentricCircles4,run-1783974319_i0,0.6785714285714286,0.28782534877841043
concentricCircles4,run-1783974319_i0,0.04,0.046337084055194634
concentricCircles4,run-1783974319_i0,0.9523809523809523,0.32969640227898345
concentricCircles4,run-1783974319_i0,0.47619047619047616,0.26020181258714353
concentricCircles4,run-1783974319_i0,0.14285714285714285,0.13905984878785368
concentricCircles4,run-1783974319_i0,0.09090909090909091,0.13592988091620734
concentricCircles4,run-1783974319_i0,0.8095238095238095,0.2810616672639019
concentricCircles4,run-1783974319_i0,0.8148148148148148,0.2952689802336029
concentricCircles4,run-1783974319_i0,0.34615384615384615,0.20866019699203006
concentricCircles4,run-1783974319_i0,0.0,0.1661876466015886
concentricCircles4,run-1783974319_i0,0.1,0.08709714330666987
concentricCircles4,run-1783974319_i0,0.08,0.08119150159497136
concentricCircles4,run-1783974319_i0,1.0,0.3473699717768198
concentricCircles4,run-1783974319_i0,0.5,0.22086894785630792
concentricCircles4,run-1783974319_i0,0.14285714285714285,0.15409143108461398
concentricCircles4,run-1783974319_i0,1.0,0.535927168525127
concentricCircles4,run-1783974319_i0,0.0,0.058399190457670815
concentricCircles4,run-1783974319_i0,0.10526315789473684,0.15254113576003497
concentricCircles4,run-1783974319_i0,0.8846153846153846,0.32646121823136387
concentricCircles4,run-1783974319_i0,0.391304347826087,0.22328140294783913
concentricCircles4,run-1783974319_i0,0.7619047619047619,0.294031340711567
concentricCircles4,run-1783974319_i0,0.9047619047619048,0.331756959723316
concentricCircles4,run-1783974319_i0,0.8333333333333334,0.3168883366940275
concentricCircles4,run-1783974319_i0,0.1111111111111111,0.11516725597799894
concentricCircles4,run-1783974319_i0,0.5217391304347826,0.23247019194615448
concentricCircles4,run-1783974319_i0,0.5,0.22858458656559913
concentricCircles4,run-1783974319_i0,0.85,0.30153744019041917
concentricCircles4,run-1783974319_i0,0.21052631578947367,0.22646456823587993
concentricCircles4,run-1783974319_i0,0.7037037037037037,0.3062893555831295
concentricCircles4,run-1783974319_i0,0.7037037037037037,0.2620377513609277
concentricCircles4,run-1783974319_i0,0.5,0.2670899178385946
concentricCircles4,run-1783974319_i0,1.0,0.504121903496142
concentricCircles4,run-1783974319_i0,0.0,0.016117988322343228
concentricCircles4,run-1783974319_i0,0.14814814814814814,0.1732968140142307
concentricCircles4,run-1783974319_i0,0.9545454545454546,0.5405185892981237
concentricCircles4,run-1783974319_i0,0.55,0.22699134792311007
concentricCircles4,run-1783974319_i0,0.07692307692307693,0.07976884845940697
concentricCircles4,run-1783974319_i0,0.10526315789473684,0.18182121080864955
concentricCircles4,run-1783974319_i0,0.5,0.208667668086401
concentricCircles4,run-1783974319_i0,0.8636363636363636,0.2853801978437319
concentricCircles4,run-1783974319_i0,0.1111111111111111,0.10752877541661367
concentricCircles4,run-1783974319_i0,0.875,0.35376192342872076
concentricCircles4,run-1783974319_i0,0.3333333333333333,0.1951793276866067
concentricCircles4,run-1783974319_i0,0.14285714285714285,0.11086239753168588
concentricCircles4,run-1783974319_i0,0.76,0.25347856216978126
concentricCircles4,run-1783974319_i0,0.7857142857142857,0.27201994390414397
concentricCircles4,run-1783974319_i0,0.55,0.20281287268932605
concentricCircles4,run-1783974319_i0,0.8125,0.27312268838740333
concentricCircles4,run-1783974319_i0,0.56,0.23695931131643735
concentricCircles4,run-1783974319_i0,0.30434782608695654,0.221319072970028
concentricCircles4,run-1783974319_i0,0.8214285714285714,0.28112439981536097
concentricCircles4,run-1783974319_i0,0.7272727272727273,0.2436232019831161
concentricCircles4,run-1783974319_i0,0.7916666666666666,0.24505613918555946
concentricCircles4,run-1783974319_i0,0.24,0.20836249657648886
concentricCircles4,run-1783974319_i0,0.0,0.02798003038154216
concentricCircles4,run-1783974319_i0,0.8095238095238095,0.27137954459754304
concentricCircles4,run-1783974319_i0,0.2692307692307692,0.20344944550547805
concentricCircles4,run-1783974319_i0,0.6956521739130435,0.286779129608759
concentricCircles4,run-1783974319_i0,0.9583333333333334,0.36132973347616804
concentricCircles4,run-1783974319_i0,0.6521739130434783,0.2149845013048677
concentricCircles4,run-1783974319_i0,0.09523809523809523,0.11368466810497643
concentricCircles4,run-1783974319_i0,0.84,0.32668880601384187
concentricCircles4,run-1783974319_i0,0.782608695652174,0.2896374620636249
concentricCircles4,run-1783974319_i0,0.5185185185185185,0.24920762958244588
concentricCircles4,run-1783974319_i0,0.85,0.29313368444255283
concentricCircles4,run-1783974319_i0,0.65,0.3020720552548068
concentricCircles4,run-1783974319_i0,0.6538461538461539,0.31406619842898087
concentricCircles4,run-1783974319_i0,0.5714285714285714,0.2665221422843493
concentricCircles4,run-1783974319_i0,0.3,0.2088941222216648
concentricCircles4,run-1783974319_i0,0.7307692307692307,0.26342954019308257
concentricCircles4,run-1783974319_i0,0.16666666666666666,0.14409633370517325
concentricCircles4,run-1783974319_i0,0.25,0.22256950395664019
concentricCircles4,run-1783974319_i0,0.0,0.054596128788445414
concentricCircles4,run-1783974319_i0,0.45,0.20885828056661665
concentricCircles4,run-1783974319_i0,0.32,0.19877479452423263
concentricCircles4,run-1783974319_i0,0.46153846153846156,0.20199319357694587
concentricCircles4,run-1783974319_i0,0.14814814814814814,0.14771373591129847
concentricCircles4,run-1783974319_i0,0.5217391304347826,0.22110396744270472
concentricCircles4,run-1783974319_i0,0.23076923076923078,0.21497656452199254
concentricCircles4,run-1783974319_i0,0.5217391304347826,0.22623522713331676
concentricCircles4,run-1783974319_i0,0.2631578947368421,0.20897710743171818
concentricCircles4,run-1783974319_i0,0.05263157894736842,0.07423306844042617
concentricCircles4,run-1783974319_i0,0.6153846153846154,0.23944051417645834
concentricCircles4,run-1783974319_i0,0.5,0.21887535658734106
concentricCircles4,run-1783974319_i0,0.08333333333333333,0.13577206922080653
concentricCircles4,run-1783974319_i0,0.04,0.11106774100612447
concentricCircles4,run-1783974319_i0,0.7272727272727273,0.3135896425428653
concentricCircles4,run-1783974319_i0,0.35714285714285715,0.14872110040032463
concentricCircles4,run-1783974319_i0,0.15,0.16965387328961123
concentricCircles4,run-1783974319_i0,0.38461538461538464,0.24926314637577435
concentricCircles4,run-1783974319_i0,0.18518518518518517,0.137150749869977
concentricCircles4,run-1783974319_i0,0.20833333333333334,0.1602032297063609
concentricCircles4,run-1783974319_i0,0.0,0.05990006691775294
concentricCircles4,run-1783974319_i0,1.0,0.553371445074921
concentricCircles4,run-1783974319_i0,0.4074074074074074,0.1980029718273421
concentricCircles4,run-1783974319_i0,0.34782608695652173,0.21970208301311825
concentricCircles4,run-1783974319_i0,0.3,0.1879877686231207
concentricCircles4,run-1783974319_i0,0.0,0.06423664019071935
concentricCircles4,run-1783974319_i0,0.3181818181818182,0.1517769978347009
concentricCircles4,run-1783974319_i0,0.8235294117647058,0.28293372583956305
concentricCircles4,run-1783974319_i0,0.9545454545454546,0.3177365146398983
concentricCircles4,run-1783974319_i0,0.9642857142857143,0.47352437972374517
concentricCircles4,run-1783974319_i0,0.7083333333333334,0.26286654876562393
concentricCircles4,run-1783974319_i0,0.6,0.2251723670509369
concentricCircles4,run-1783974319_i0,0.08,0.11776174167418364
concentricCircles4,run-1783974319_i0,0.9130434782608695,0.3153588596880974
concentricCircles4,run-1783974319_i0,0.2857142857142857,0.21757787379338597
concentricCircles4,run-1783974319_i0,0.3333333333333333,0.1943078594736168
concentricCircles4,run-1783974319_i0,0.0,0.11506256139331082
concentricCircles4,run-1783974319_i0,0.30434782608695654,0.20587602538942215
concentricCircles4,run-1783974319_i0,0.39285714285714285,0.21668928020536243
concentricCircles4,run-1783974319_i0,0.05,0.17645162558477798
concentricCircles4,run-1783974319_i0,0.9565217391304348,0.33805173028426566
concentricCircles4,run-1783974319_i0,0.7272727272727273,0.26156359507844845
concentricCircles4,run-1783974319_i0,0.5,0.24505622517108075
concentricCircles4,run-1783974319_i0,0.125,0.21911035301330775
concentricCircles4,run-1783974319_i0,0.043478260869565216,0.11653868678454642
concentricCircles4,run-1783974319_i0,0.12,0.1370665220282044
concentricCircles4,run-1783974319_i0,0.4444444444444444,0.2148176812505543
concentricCircles4,run-1783974319_i0,0.9047619047619048,0.339632445255127
concentricCircles4,run-1783974319_i0,0.2692307692307692,0.18040618649123222
concentricCircles4,run-1783974319_i0,0.75,0.30066872354165175
concentricCircles4,run-1783974319_i0,0.03571428571428571,0.1470366983420142
concentricCircles4,run-1783974319_i0,0.6428571428571429,0.23774789185159872
concentricCircles4,run-1783974319_i0,0.6666666666666666,0.26075537638025026
concentricCircles4,run-1783974319_i0,0.34615384615384615,0.1715968339772203
concentricCircles4,run-1783974319_i0,0.47619047619047616,0.21692459347475898
concentricCircles4,run-1783974319_i0,0.625,0.20729834703278846
concentricCircles4,run-1783974319_i0,0.0,0.0202893279993534
concentricCircles4,run-1783974319_i0,0.04,0.08667608999599144
concentricCircles4,run-1783974319_i0,0.3,0.21815759708432822
concentricCircles4,run-1783974319_i0,0.6296296296296297,0.22861880663542952
concentricCircles4,run-1783974319_i0,0.4444444444444444,0.19931356121718105
concentricCircles4,run-1783974319_i0,0.4444444444444444,0.22854902635034788
concentricCircles4,run-1783974319_i0,0.47619047619047616,0.2069172981235162
concentricCircles4,run-1783974319_i0,0.6956521739130435,0.27496898777922324
concentricCircles4,run-1783974319_i0,0.4090909090909091,0.22916484567817844
concentricCircles4,run-1783974319_i0,0.6153846153846154,0.24973444322247476
concentricCircles4,run-1783974319_i0,0.21052631578947367,0.20132538820242538
concentricCircles4,run-1783974319_i0,0.13636363636363635,0.14729351782111985
concentricCircles4,run-1783974319_i0,0.0,0.0003198669353548439
concentricCircles4,run-1783974319_i0,0.14285714285714285,0.15841322360055043
concentricCircles4,run-1783974319_i0,0.37037037037037035,0.19205056684506353
concentricCircles4,run-1783974319_i0,0.03571428571428571,0.17470099623228438
concentricCircles4,run-1783974319_i0,0.8571428571428571,0.31786842377970415
concentricCircles4,run-1783974319_i0,0.75,0.27004347897129966
concentricCircles4,run-1783974319_i0,0.2,0.17542170734835216
concentricCircles4,run-1783974319_i0,0.12,0.15099039259874264
concentricCircles4,run-1783974319_i0,0.23076923076923078,0.17597055089098373
concentricCircles4,run-1783974319_i0,0.42857142857142855,0.19083059502042
concentricCircles4,run-1783974319_i0,0.84,0.32349893038051847
concentricCircles4,run-1783974319_i0,0.44,0.20642086166018253
concentricCircles4,run-1783974319_i0,0.7307692307692307,0.26487391121309695
concentricCircles4,run-1783974319_i0,0.08695652173913043,0.09818818180953563
concentricCircles4,run-1783974319_i0,0.34782608695652173,0.19660152707870632
concentricCircles4,run-1783974319_i0,0.4583333333333333,0.2019140989729225
concentricCircles4,run-1783974319_i0,0.3157894736842105,0.18772295159193464
concentricCircles4,run-1783974319_i0,0.03571428571428571,0.07888698095535435
concentricCircles4,run-1783974319_i0,0.8636363636363636,0.3056885560782786
concentricCircles4,run-1783974319_i0,0.07407407407407407,0.10691566660195381
concentricCircles4,run-1783974319_i0,0.3076923076923077,0.1876701307408649
concentricCircles4,run-1783974319_i0,0.75,0.25785087453327904
concentricCircles4,run-1783974319_i0,0.47619047619047616,0.19586598199157354
concentricCircles4,run-1783974319_i0,0.07692307692307693,0.15124780299039473
concentricCircles4,run-1783974319_i0,0.18518518518518517,0.19321767098924014
concentricCircles4,run-1783974319_i0,0.5185185185185185,0.2642030058959536
concentricCircles4,run-1783974319_i0,0.7307692307692307,0.25110272705793474
concentricCircles4,run-1783974319_i0,0.07142857142857142,0.103252791646023
concentricCircles4,run-1783974319_i0,0.8181818181818182,0.2995116899936222
concentricCircles4,run-1783974319_i0,0.6,0.21887460802911224
concentricCircles4,run-1783974319_i0,0.4782608695652174,0.1869658727159003
concentricCircles4,run-1783974319_i0,0.9090909090909091,0.33060846860850734
concentricCircles4,run-1783974319_i0,0.4,0.1904399485220243
concentricCircles4,run-1783974319_i0,0.04,0.18639644246730191
concentricCircles4,run-1783974319_i0,0.5789473684210527,0.23305885866854265
concentricCircles4,run-1783974319_i0,0.3,0.173909015414521
concentricCircles4,run-1783974319_i0,0.3,0.14906144492244058
concentricCircles4,run-1783974319_i0,0.2631578947368421,0.1890330981540268
concentricCircles4,run-1783974319_i0,0.391304347826087,0.20279694006066945
concentricCircles4,run-1783974319_i0,0.2727272727272727,0.14859511546589
concentricCircles4,run-1783974319_i0,0.42857142857142855,0.19929944992727758
concentricCircles4,run-1783974319_i0,0.25,0.1546064469235127
concentricCircles4,run-1783974319_i0,0.9523809523809523,0.2960663088156017
concentricCircles4,run-1783974319_i0,0.6521739130434783,0.2459602441498512
concentricCircles4,run-1783974319_i0,0.34782608695652173,0.23894865403934626
concentricCircles4,run-1783974319_i0,0.2631578947368421,0.19749670440643738
concentricCircles4,run-1783974319_i0,0.3157894736842105,0.16637936117595226
concentricCircles4,run-1783974319_i0,0.9047619047619048,0.3395493863286971
concentricCircles4,run-1783974319_i0,0.5384615384615384,0.2213351455068756
concentricCircles4,run-1783974319_i0,0.07142857142857142,0.09854621154444265
concentricCircles4,run-1783974319_i0,0.0,0.05240887065885493
concentricCircles4,run-1783974319_i0,0.5454545454545454,0.24225791301514077
concentricCircles4,run-1783974319_i0,0.32,0.1651191042469404
concentricCircles4,run-1783974319_i0,0.16666666666666666,0.1069211462347866
concentricCircles4,run-1783974319_i0,0.6538461538461539,0.23231605410326037
concentricCircles4,run-1783974319_i0,0.045454545454545456,0.16590193607403697
concentricCircles4,run-1783974319_i0,0.6956521739130435,0.2557110481760623
concentricCircles4,run-1783974319_i0,0.8421052631578947,0.31234157351768077
concentricCircles4,run-1783974319_i0,0.5416666666666666,0.21909536996860565
concentricCircles4,run-1783974319_i0,0.55,0.2348898511055372
concentricCircles4,run-1783974319_i0,0.5,0.19908263329361128
concentricCircles4,run-1783974319_i0,0.28,0.16242717413860147
concentricCircles4,run-1783974319_i0,0.2692307692307692,0.15913513358405568
concentricCircles4,run-1783974319_i0,0.3181818181818182,0.17414155208624313
concentricCircles4,run-1783974319_i0,0.42857142857142855,0.20172918177595608
concentricCircles4,run-1783974319_i0,0.8571428571428571,0.29066175687396345
concentricCircles4,run-1783974319_i0,0.24,0.21780795424515284
concentricCircles4,run-1783974319_i0,0.08333333333333333,0.09873321736027481
concentricCircles4,run-1783974319_i0,0.8518518518518519,0.2991332583130749
concentricCircles4,run-1783974319_i0,0.30434782608695654,0.14749712380338528
concentricCircles4,run-1783974319_i0,0.6428571428571429,0.25636099693705383
concentricCircles4,run-1783974319_i0,0.44,0.14431548792435647
concentricCircles4,run-1783974319_i0,0.25925925925925924,0.1406593287563163
concentricCircles4,run-1783974319_i0,0.9,0.3158792065659685
concentricCircles4,run-1783974319_i0,0.38095238095238093,0.1642507765673535
concentricCircles4,run-1783974319_i0,0.07142857142857142,0.12340114805735027
concentricCircles4,run-1783974319_i0,0.4166666666666667,0.1875707437389107
concentricCircles4,run-1783974319_i0,0.3,0.22411699638438676
concentricCircles4,run-1783974319_i0,0.625,0.23691385297048861
concentricCircles4,run-1783974319_i0,0.11538461538461539,0.08405397534219974
concentricCircles4,run-1783974319_i0,0.9166666666666666,0.30046630054646295
concentricCircles4,run-1783974319_i0,0.2857142857142857,0.20765674537608098
concentricCircles4,run-1783974319_i0,0.56,0.2376549385511336
concentricCircles4,run-1783974319_i0,0.76,0.22176943167199206
concentricCircles4,run-1783974319_i0,0.6428571428571429,0.2238887485021642
concentricCircles4,run-1783974319_i0,0.48148148148148145,0.2138726576667338
concentricCircles4,run-1783974319_i0,0.6818181818181818,0.21121087344202857
concentricCircles4,run-1783974319_i0,0.5416666666666666,0.2595060353260634
concentricCircles4,run-1783974319_i0,0.782608695652174,0.2323287424973383
concentricCircles4,run-1783974319_i0,0.72,0.23028874862360668
concentricCircles4,run-1783974319_i0,0.38461538461538464,0.13733698335705374
concentricCircles4,run-1783974319_i0,0.5714285714285714,0.20306478237848496
concentricCircles4,run-1783974319_i0,0.8,0.2296771323720206
concentricCircles4,run-1783974319_i0,0.4444444444444444,0.15677761088403935
concentricCircles4,run-1783974319_i0,0.8148148148148148,0.26656824635239634
concentricCircles4,run-1783974319_i0,0.13043478260869565,0.10358909001099142
concentricCircles4,run-1783974319_i0,0.38095238095238093,0.14190480841051353
concentricCircles4,run-1783974319_i0,0.12,0.11247672185060613
concentricCircles4,run-1783974319_i0,0.12,0.10721545388020448
concentricCircles4,run-1783974319_i0,0.5652173913043478,0.19289496398520042
concentricCircles4,run-1783974319_i0,0.875,0.26735486933048563
concentricCircles4,run-1783974319_i0,1.0,0.6688830241698154
concentricCircles4,run-1783974319_i0,0.9,0.21384025835062978
concentricCircles4,run-1783974319_i0,0.7692307692307693,0.20375431251695938
concentricCircles4,run-1783974319_i0,0.4444444444444444,0.15060655649140053
concentricCircles4,run-1783974319_i0,0.6666666666666666,0.15741778774289977
concentricCircles4,run-1783974319_i0,0.9047619047619048,0.25522596389664337
concentricCircles4,run-1783974319_i0,0.5769230769230769,0.28731912254151676
concentricCircles4,run-1783974319_i0,0.36363636363636365,0.12998153365546036
concentricCircles4,run-1783974319_i0,0.5357142857142857,0.16930611097493464
concentricCircles4,run-1783974319_i0,0.875,0.31433833829231816
concentricCircles4,run-1783974319_i0,0.3157894736842105,0.16754828934627045
concentricCircles4,run-1783974319_i0,0.9,0.3309083569056527
concentricCircles4,run-1783974319_i0,0.96,0.3251948411152319
concentricCircles4,run-1783974319_i0,0.5769230769230769,0.18835166320341923
concentricCircles4,run-1783974319_i0,0.22727272727272727,0.12866063497040145
concentricCircles4,run-1783974319_i0,0.14814814814814814,0.11126565463816925
concentricCircles4,run-1783974319_i0,0.07407407407407407,0.17661652597879782
concentricCircles4,run-1783974319_i0,0.21428571428571427,0.08827161455695713
concentricCircles4,run-1783974319_i0,0.2962962962962963,0.16685701394470062
concentricCircles4,run-1783974319_i0,0.6153846153846154,0.21928736907364516
concentricCircles4,run-1783974319_i0,0.6923076923076923,0.21895044635645536
concentricCircles4,run-1783974319_i0,0.44,0.1384266344188436
concentricCircles4,run-1783974319_i0,0.7272727272727273,0.2372221764134303
concentricCircles4,run-1783974319_i0,0.8095238095238095,0.28499815999928185
concentricCircles4,run-1783974319_i0,0.037037037037037035,0.0
concentricCircles4,run-1783974319_i0,0.391304347826087,0.13705550772429692
concentricCircles4,run-1783974319_i0,0.8888888888888888,0.3098691478902505
concentricCircles4,run-1783974319_i0,0.0,3.662948414924306e-05
concentricCircles4,run-1783974319_i0,0.42857142857142855,0.1385884881733643
concentricCircles4,run-1783974319_i0,0.2,0.10393824439251885
concentricCircles4,run-1783974319_i0,0.07142857142857142,0.11268133598230677
concentricCircles4,run-1783974319_i0,0.8095238095238095,0.24580989738877998
concentricCircles4,run-1783974319_i0,0.5555555555555556,0.21212317100368147
concentricCircles4,run-1783974319_i0,0.46153846153846156,0.15999871329081242
concentricCircles4,run-1783974319_i0,0.75,0.2116669493526491
concentricCircles4,run-1783974319_i0,0.07142857142857142,0.006442684578483101
concentricCircles4,run-1783974319_i0,0.7142857142857143,0.26709207946938446
concentricCircles4,run-1783974319_i0,0.55,0.1560217984593128
concentricCircles4,run-1783974319_i0,0.05,0.0917556994419716
concentricCircles4,run-1783974319_i0,0.4444444444444444,0.16713800664801678
concentricCircles4,run-1783974319_i0,0.7391304347826086,0.2723487843073112
concentricCircles4,run-1783974319_i0,0.0,0.06156803087971714
concentricCircles4,run-1783974319_i0,0.3333333333333333,0.1273581042343498
concentricCircles4,run-1783974319_i0,0.65,0.19104993924189567
concentricCircles4,run-1783974319_i0,0.782608695652174,0.23443087042449126
concentricCircles4,run-1783974319_i0,0.68,0.2456990278598338
concentricCircles4,run-1783974319_i0,0.5,0.20420985590855784
concentricCircles4,run-1783974319_i0,0.0,0.13541672037549776
concentricCircles4,run-1783974319_i0,0.9642857142857143,0.2823561516815193
concentricCircles4,run-1783974319_i0,0.9473684210526315,0.34072536460508523
concentricCircles4,run-1783974319_i0,0.6190476190476191,0.24062401063762426
concentricCircles4,run-1783974319_i0,0.6818181818181818,0.189329685362517
concentricCircles4,run-1783974319_i0,0.5357142857142857,0.22541959329702993
concentricCircles4,run-1783974319_i0,0.7727272727272727,0.2693242311896954
concentricCircles4,run-1783974319_i0,0.6956521739130435,0.23032725608360669
concentricCircles4,run-1783974319_i0,0.55,0.20976080098889158
concentricCircles4,run-1783974319_i0,0.28,0.15443420461626683
concentricCircles4,run-1783974319_i0,0.6153846153846154,0.2571668588918955
concentricCircles4,run-1783974319_i0,0.375,0.14621187370296218
concentricCircles4,run-1783974319_i0,0.7777777777777778,0.24295279321420873
concentricCircles4,run-1783974319_i0,0.45454545454545453,0.17767684920450355
concentricCircles4,run-1783974319_i0,0.0,0.00015894153528934292
concentricCircles4,run-1783974319_i0,0.34782608695652173,0.20011255665858824
concentricCircles4,run-1783974319_i0,0.38461538461538464,0.15060728030222795
concentricCircles4,run-1783974319_i0,0.6190476190476191,0.20941673340134173
concentricCircles4,run-1783974319_i0,0.4782608695652174,0.19257711624880539
concentricCircles4,run-1783974319_i0,0.375,0.15080243740251362
concentricCircles4,run-1783974319_i0,0.4,0.24681263733463646
concentricCircles4,run-1783974319_i0,0.6666666666666666,0.24384309792880002
concentricCircles4,run-1783974319_i0,1.0,0.527065513631777
concentricCircles4,run-1783974319_i0,0.8181818181818182,0.29114541489727985
concentricCircles4,run-1783974319_i0,0.9259259259259259,0.31953613656456825
concentricCircles4,run-1783974319_i0,0.5769230769230769,0.22595106626810169
concentricCircles4,run-1783974319_i0,0.07142857142857142,0.01226625758522349
concentricCircles4,run-1783974319_i0,0.4583333333333333,0.19359857071826456
concentricCircles4,run-1783974319_i0,0.6956521739130435,0.2874265566378039
concentricCircles4,run-1783974319_i0,0.05,0.019022230064997012
concentricCircles4,run-1783974319_i0,0.8095238095238095,0.25264294207075266
concentricCircles4,run-1783974319_i0,0.4074074074074074,0.2109560932125707
concentricCircles4,run-1783974319_i0,0.125,0.055852122243416354
concentricCircles4,run-1783974319_i0,0.18518518518518517,0.12020057253396406
concentricCircles4,run-1783974319_i0,0.7692307692307693,0.22534063210471378
concentricCircles4,run-1783974319_i0,0.7407407407407407,0.25655346965184544
concentricCircles4,run-1783974319_i0,0.8,0.24366290273032779
concentricCircles4,run-1783974319_i0,0.39285714285714285,0.1746407471541315
concentricCircles4,run-1783974319_i0,0.09090909090909091,0.10758123803165144
concentricCircles4,run-1783974319_i0,0.782608695652174,0.2206122765328088
concentricCircles4,run-1783974319_i0,0.0,0.1308760617411223
concentricCircles4,run-1783974319_i0,0.0,0.0033615043312909534
concentricCircles4,run-1783974319_i0,0.3181818181818182,0.09986073669013282
concentricCircles4,run-1783974319_i0,0.2222222222222222,0.1296709603949718
concentricCircles4,run-1783974319_i0,0.45454545454545453,0.18429173142329425
concentricCircles4,run-1783974319_i0,0.6190476190476191,0.21563185158414658
concentricCircles4,run-1783974319_i0,0.19047619047619047,0.11623771152447225
concentricCircles4,run-1783974319_i0,0.9473684210526315,0.28568074512076447
concentricCircles4,run-1783974319_i0,0.4166666666666667,0.1511477208021993
concentricCircles4,run-1783974319_i0,0.52,0.16207794351829247
concentricCircles4,run-1783974319_i0,0.5,0.24356129827822065
concentricCircles4,run-1783974319_i0,0.8695652173913043,0.28693992476036284
concentricCircles4,run-1783974319_i0,0.16666666666666666,0.13426994574236017
concentricCircles4,run-1783974319_i0,0.18181818181818182,0.09803487717982372
concentricCircles4,run-1783974319_i0,0.34782608695652173,0.14606606885989712
concentricCircles4,run-1783974319_i0,0.8,0.26932801044246274
concentricCircles4,run-1783974319_i0,0.44,0.19201885617777723
concentricCircles4,run-1783974319_i0,0.5384615384615384,0.18362153399304262
concentricCircles4,run-1783974319_i0,0.8,0.25563384269649525
concentricCircles4,run-1783974319_i0,0.375,0.1350812647940027
concentricCircles4,run-1783974319_i0,0.08333333333333333,0.15922669138459655
concentricCircles4,run-1783974319_i0,1.0,0.4821049531664615
concentricCircles4,run-1783974319_i0,1.0,0.5557211843150556
concentricCircles4,run-1783974319_i0,0.2916666666666667,0.12117975783918025
concentricCircles4,run-1783974319_i0,0.52,0.1812555838835501
concentricCircles4,run-1783974319_i0,0.8888888888888888,0.2848574053287561
concentricCircles4,run-1783974319_i0,0.5714285714285714,0.22446631685298046
concentricCircles4,run-1783974319_i0,0.18518518518518517,0.0835620414070367
concentricCircles4,run-1783974319_i0,0.1,0.03555352117590787
concentricCircles4,run-1783974319_i0,0.21739130434782608,0.11497454271167255
concentricCircles4,run-1783974319_i0,0.4642857142857143,0.18185833388755596
concentricCircles4,run-1783974319_i0,0.2608695652173913,0.22851629777077337
concentricCircles4,run-1783974319_i0,0.8181818181818182,0.25876366055455124
concentricCircles4,run-1783974319_i0,0.9473684210526315,0.3070410435205933
concentricCircles4,run-1783974319_i0,0.14285714285714285,0.040947529187466025
concentricCircles4,run-1783974319_i0,0.4230769230769231,0.16297237533763279
concentricCircles4,run-1783974319_i0,0.44,0.1632285266579652
concentricCircles4,run-1783974319_i0,0.0,0.00038239110446580666
concentricCircles4,run-1783974319_i0,0.5,0.2007656897266832
concentricCircles4,run-1783974319_i0,0.3181818181818182,0.11930619434930721
concentricCircles4,run-1783974319_i0,0.21428571428571427,0.09703241142512158
concentricCircles4,run-1783974319_i0,0.03571428571428571,0.0
concentricCircles4,run-1783974319_i0,0.8695652173913043,0.29950387995105227
concentricCircles4,run-1783974319_i0,1.0,0.5331322575780426
concentricCircles4,run-1783974319_i0,0.5384615384615384,0.20102737921409916
concentricCircles4,run-1783974319_i0,0.5384615384615384,0.21518507752254468
concentricCircles4,run-1783974319_i0,0.75,0.24767096243832587
concentricCircles4,run-1783974319_i0,0.6296296296296297,0.2086643464950244
concentricCircles4,run-1783974319_i0,0.45,0.18853071860088305
concentricCircles4,run-1783974319_i0,0.7619047619047619,0.22092506719248847
concentricCircles4,run-1783974319_i0,0.4074074074074074,0.2188472652001122
concentricCircles4,run-1783974319_i0,0.875,0.3168370251839062
concentricCircles4,run-1783974319_i0,0.8928571428571429,0.3260234830772024
concentricCircles4,run-1783974319_i0,0.12,0.06357076294473248
concentricCircles4,run-1783974319_i0,0.9545454545454546,0.3181432262308723
concentricCircles4,run-1783974319_i0,0.52,0.18191562361565922
concentricCircles4,run-1783974319_i0,0.2692307692307692,0.13302371410225186
concentricCircles4,run-1783974319_i0,1.0,0.5226677562007307
concentricCircles4,run-1783974319_i0,0.45,0.17353621154995882
concentricCircles4,run-1783974319_i0,0.18518518518518517,0.13730717110026186
concentricCircles4,run-1783974319_i0,0.5217391304347826,0.21906554089187108
concentricCircles4,run-1783974319_i0,0.38461538461538464,0.22426108784583756
concentricCircles4,run-1783974319_i0,0.5384615384615384,0.23717620797098077
concentricCircles4,run-1783974319_i0,0.041666666666666664,0.049237453678721045
concentricCircles4,run-1783974319_i0,0.4444444444444444,0.2091049982550187
concentricCircles4,run-1783974319_i0,1.0,0.31104027769665316
concentricCircles4,run-1783974319_i0,0.3,0.11935463506579001
concentricCircles4,run-1783974319_i0,0.4230769230769231,0.17263987359305585
concentricCircles4,run-1783974319_i0,0.9,0.29352913147824966
concentricCircles4,run-1783974319_i0,0.84,0.25315109728565377
concentricCircles4,run-1783974319_i0,0.2727272727272727,0.15836431886553012
concentricCircles4,run-1783974319_i0,0.03571428571428571,0.12007689973390305
concentricCircles4,run-1783974319_i0,0.2,0.16980485648706167
concentricCircles4,run-1783974319_i0,0.25925925925925924,0.16758851904768643
concentricCircles4,run-1783974319_i0,0.9090909090909091,0.29241862149670944
concentricCircles4,run-1783974319_i0,0.5238095238095238,0.21345601508912931
concentricCircles4,run-1783974319_i0,0.4583333333333333,0.22400229031382593
concentricCircles4,run-1783974319_i0,0.35714285714285715,0.17148927421012947
concentricCircles4,run-1783974319_i0,0.8846153846153846,0.2352800924369234
concentricCircles4,run-1783974319_i0,0.8095238095238095,0.22517533336048046
concentricCircles4,run-1783974319_i0,0.12,0.15292747765367176
concentricCircles4,run-1783974319_i0,0.75,0.2829840311947497
concentricCircles4,run-1783974319_i0,0.4583333333333333,0.2675317468603538
concentricCircles4,run-1783974319_i0,0.38095238095238093,0.13385804018739186
concentricCircles4,run-1783974319_i0,0.35714285714285715,0.19905752246681793
concentricCircles4,run-1783974319_i0,0.17391304347826086,0.1540067247478219
concentricCircles4,run-1783974319_i0,0.5652173913043478,0.23444065825810315
concentricCircles4,run-1783974319_i0,0.21428571428571427,0.13174871585553974
concentricCircles4,run-1783974319_i0,1.0,0.3218871084258225
concentricCircles4,run-1783974319_i0,0.8333333333333334,0.24560017129486286
concentricCircles4,run-1783974319_i0,0.4090909090909091,0.20987699972098872
concentricCircles4,run-1783974319_i0,0.1,0.0103955251749501
concentricCircles4,run-1783974319_i0,0.38095238095238093,0.24530047954754738
concentricCircles4,run-1783974319_i0,0.7,0.23480115410356825
concentricCircles4,run-1783974319_i0,0.5384615384615384,0.24002968177039258
concentricCircles4,run-1783974319_i0,0.041666666666666664,0.034866039397299514
concentricCircles4,run-1783974319_i0,1.0,0.3012572465708254
concentricCircles4,run-1783974319_i0,0.18181818181818182,0.1410850497377067
concentricCircles4,run-1783974319_i0,0.6071428571428571,0.21770864926878794
concentricCircles4,run-1783974319_i0,0.15,0.17295024156292976
concentricCircles4,run-1783974319_i0,0.2222222222222222,0.13425674128356324
concentricCircles4,run-1783974319_i0,0.34782608695652173,0.16342976049614427
concentricCircles4,run-1783974319_i0,0.48,0.21058791887476586
concentricCircles4,run-1783974319_i0,0.8,0.32203894324966326
concentricCircles4,run-1783974319_i0,0.5384615384615384,0.2008994036562714
concentricCircles4,run-1783974319_i0,0.16,0.13022063164108624
concentricCircles4,run-1783974319_i0,0.8518518518518519,0.2868043062007208
concentricCircles4,run-1783974319_i0,0.3181818181818182,0.20813689126942342
concentricCircles4,run-1783974319_i0,0.25,0.18680973339931078
concentricCircles4,run-1783974319_i0,0.7391304347826086,0.241193583712066
concentricCircles4,run-1783974319_i0,0.5,0.20736940573106957
concentricCircles4,run-1783974319_i0,0.38095238095238093,0.2085088415952067
concentricCircles4,run-1783974319_i0,0.48148148148148145,0.243866140449496
concentricCircles4,run-1783974319_i0,0.5,0.2061939266143763
concentricCircles4,run-1783974319_i0,0.6538461538461539,0.25585004320422894
concentricCircles4,run-1783974319_i0,0.6190476190476191,0.22479890548716622
concentricCircles4,run-1783974319_i0,0.0,0.0070755569158308575
concentricCircles4,run-1783974319_i0,0.20833333333333334,0.1623596756469464
concentricCircles4,run-1783974319_i0,0.1,0.09452163549298721
concentricCircles4,run-1783974319_i0,0.5185185185185185,0.2391086710802518
concentricCircles4,run-1783974319_i0,0.43478260869565216,0.20497544507871535
concentricCircles4,run-1783974319_i0,0.5,0.2293355430446898
concentricCircles4,run-1783974319_i0,0.8,0.30206560721218706
concentricCircles4,run-1783974319_i0,0.9523809523809523,0.31672098888651035
concentricCircles4,run-1783974319_i0,0.3,0.18578805974784707
concentricCircles4,run-1783974319_i0,0.15384615384615385,0.11128580166076925
concentricCircles4,run-1783974319_i0,0.8947368421052632,0.2409166917107828
concentricCircles4,run-1783974319_i0,0.3181818181818182,0.18938233183749512
concentricCircles4,run-1783974319_i0,0.84,0.2693708967876376
concentricCircles4,run-1783974319_i0,0.14814814814814814,0.12296092423204134
concentricCircles4,run-1783974319_i0,0.2692307692307692,0.16971568074332555
concentricCircles4,run-1783974319_i0,0.17391304347826086,0.14267096105671914
concentricCircles4,run-1783974319_i0,0.7083333333333334,0.253157147869721
concentricCircles4,run-1783974319_i0,1.0,0.331269257734786
concentricCircles4,run-1783974319_i0,0.14814814814814814,0.16426511939299265
concentricCircles4,run-1783974319_i0,0.35,0.17815652232146592
concentricCircles4,run-1783974319_i0,0.4583333333333333,0.22054130262245786
concentricCircles4,run-1783974319_i0,0.96,0.29255039966959506
concentricCircles4,run-1783974319_i0,0.7142857142857143,0.23949634393309321
concentricCircles4,run-1783974319_i0,0.13043478260869565,0.1316694212442346
concentricCircles4,run-1783974319_i0,0.22727272727272727,0.15905276703493484
concentricCircles4,run-1783974319_i0,0.6538461538461539,0.2602884637789221
concentricCircles4,run-1783974319_i0,0.96,0.5761788402552909
concentricCircles4,run-1783974319_i0,0.7,0.266642539508222
concentricCircles4,run-1783974319_i0,0.09523809523809523,0.10000860840371499
concentricCircles4,run-1783974319_i0,0.9473684210526315,0.30950981707156866
concentricCircles4,run-1783974319_i0,0.32,0.1855167122089099
concentricCircles4,run-1783974319_i0,0.9545454545454546,0.593553770645445
concentricCircles4,run-1783974319_i0,0.35714285714285715,0.19013530613907742
concentricCircles4,run-1783974319_i0,0.42857142857142855,0.20759903945831742
concentricCircles4,run-1783974319_i0,0.125,0.06880510151163015
concentricCircles4,run-1783974319_i0,0.72,0.2080824758874817
concentricCircles4,run-1783974319_i0,0.7037037037037037,0.21766731106738701
concentricCircles4,run-1783974319_i0,0.25,0.20880004817037492
concentricCircles4,run-1783974319_i0,0.08333333333333333,0.04226458605268659
concentricCircles4,run-1783974319_i0,0.75,0.2412165159017405
concentricCircles4,run-1783974319_i0,0.25,0.1610611034441219
concentricCircles4,run-1783974319_i0,0.6666666666666666,0.21105728748115016
concentricCircles4,run-1783974319_i0,0.14285714285714285,0.09113202454988328
concentricCircles4,run-1783974319_i0,0.2,0.10369233862020433
concentricCircles4,run-1783974319_i0,0.8214285714285714,0.29342370761513886
concentricCircles4,run-1783974319_i0,0.2222222222222222,0.12153375266352787
concentricCircles4,run-1783974319_i0,0.36363636363636365,0.20342794289789154
concentricCircles4,run-1783974319_i0,0.08695652173913043,0.07827641469686047
concentricCircles4,run-1783974319_i0,0.9130434782608695,0.287406360228131
concentricCircles4,run-1783974319_i0,0.2916666666666667,0.19158147566354436
concentricCircles4,run-1783974319_i0,0.8518518518518519,0.27201734975965075
concentricCircles4,run-1783974319_i0,0.8333333333333334,0.24842090090090088
concentricCircles4,run-1783974319_i0,0.68,0.27447220352024626
concentricCircles4,run-1783974319_i0,0.8,0.26908610487779666
concentricCircles4,run-1783974319_i0,0.05263157894736842,0.07251483679525227
concentricCircles4,run-1783974319_i0,0.03571428571428571,0.0
concentricCircles4,run-1783974319_i0,0.5,0.23800032118801784
concentricCircles4,run-1783974319_i0,0.6153846153846154,0.26339931913918635
concentricCircles4,run-1783974319_i0,0.5909090909090909,0.25645746607314196
concentricCircles4,run-1783974319_i0,0.5,0.22545981513394947
concentricCircles4,run-1783974319_i0,0.6538461538461539,0.22619042027726247
concentricCircles4,run-1783974319_i0,0.23076923076923078,0.12698155220975335
concentricCircles4,run-1783974319_i0,1.0,0.6298383920942155
concentricCircles4,run-1783974319_i0,0.17857142857142858,0.09258232534939716
concentricCircles4,run-1783974319_i0,0.9,0.5161763605060259
concentricCircles4,run-1783974319_i0,0.037037037037037035,0.0010030964226435842
concentricCircles4,run-1783974319_i0,0.2,0.11669613302989514
concentricCircles4,run-1783974319_i0,0.043478260869565216,6.156210661282395e-05
concentricCircles4,run-1783974319_i0,0.047619047619047616,0.0
concentricCircles4,run-1783974319_i0,0.8333333333333334,0.24356635398704726
concentricCircles4,run-1783974319_i0,0.48148148148148145,0.257707570099918
concentricCircles4,run-1783974319_i0,0.6818181818181818,0.24961589879681537
concentricCircles4,run-1783974319_i0,0.14285714285714285,0.10085988718945892
concentricCircles4,run-1783974319_i0,0.631578947368421,0.267446336731237
concentricCircles4,run-1783974319_i0,0.95,0.3520735763252562
concentricCircles4,run-1783974319_i0,0.48148148148148145,0.20753181306443513
concentricCircles4,run-1783974319_i0,0.9565217391304348,0.5860549302261691
concentricCircles4,run-1783974319_i0,0.42105263157894735,0.21022491369513835
concentricCircles4,run-1783974319_i0,0.0,0.0
concentricCircles4,run-1783974319_i0,0.2857142857142857,0.1847164050873721
concentricCircles4,run-1783974319_i0,0.15,0.1894399231924121
concentricCircles4,run-1783974319_i0,0.7692307692307693,0.25004378119410076
concentricCircles4,run-1783974319_i0,0.8928571428571429,0.30384390367313374
concentricCircles4,run-1783974319_i0,0.07142857142857142,0.0809867422167264
concentricCircles4,run-1783974319_i0,0.5,0.2093034165911738
concentricCircles4,run-1783974319_i0,0.4230769230769231,0.17464530376549314
concentricCircles4,run-1783974319_i0,0.17857142857142858,0.12471542255664929
concentricCircles4,run-1783974319_i0,0.7619047619047619,0.28030229716815663
concentricCircles4,run-1783974319_i0,0.4782608695652174,0.22451631343612113
concentricCircles4,run-1783974319_i0,0.3181818181818182,0.18385844064393336
concentricCircles4,run-1783974319_i0,0.4,0.23614280928588233
concentricCircles4,run-1783974319_i0,0.20833333333333334,0.12863388038594215
concentricCircles4,run-1783974319_i0,0.88,0.30261604894875066
concentricCircles4,run-1783974319_i0,0.10714285714285714,0.0849603085340976
concentricCircles4,run-1783974319_i0,0.3,0.1537860613449554
concentricCircles4,run-1783974319_i0,0.9090909090909091,0.5420301756032414
concentricCircles4,run-1783974319_i0,0.28,0.16747940629585092
concentricCircles4,run-1783974319_i0,0.8461538461538461,0.29499434754404785
concentricCircles4,run-1783974319_i0,0.7777777777777778,0.2622372933018364
concentricCircles4,run-1783974319_i0,0.4230769230769231,0.15372069813295688
concentricCircles4,run-1783974319_i0,0.05263157894736842,0.19139323625105037
concentricCircles4,run-1783974319_i0,0.125,0.12858029918148473
concentricCircles4,run-1783974319_i0,0.9259259259259259,0.2956962887200893
concentricCircles4,run-1783974319_i0,0.6818181818181818,0.22143065395252454
concentricCircles4,run-1783974319_i0,0.5217391304347826,0.1718792843432958
concentricCircles4,run-1783974319_i0,0.8148148148148148,0.27696005911715815
concentricCircles4,run-1783974319_i0,0.9615384615384616,0.3000097637180239
concentricCircles4,run-1783974319_i0,0.68,0.2047952080562107
concentricCircles4,run-1783974319_i0,0.15,0.08257550524024573
concentricCircles4,run-1783974319_i0,0.19047619047619047,0.09035299197581952
concentricCircles4,run-1783974319_i0,0.0,0.08579862992348053
concentricCircles4,run-1783974319_i0,0.75,0.23627834893747282
concentricCircles4,run-1783974319_i0,0.24,0.14776559186694746
concentricCircles4,run-1783974319_i0,0.09090909090909091,0.018956756196204474
concentricCircles4,run-1783974319_i0,0.6923076923076923,0.23374406006307666
concentricCircles4,run-1783974319_i0,0.0,0.0
concentricCircles4,run-1783974319_i0,0.7083333333333334,0.2089325816644916
concentricCircles4,run-1783974319_i0,0.13043478260869565,0.040597488465590546
concentricCircles4,run-1783974319_i0,0.95,0.265529051252779
concentricCircles4,run-1783974319_i0,0.39285714285714285,0.16161432548126442
concentricCircles4,run-1783974319_i0,0.5,0.24277359892035535
concentricCircles4,run-1783974319_i0,0.75,0.22078265838532524
concentricCircles4,run-1783974319_i0,0.6785714285714286,0.24182068912985183
concentricCircles4,run-1783974319_i0,0.5,0.18503118147515926
concentricCircles4,run-1783974319_i0,0.4230769230769231,0.15864753179357388
concentricCircles4,run-1783974319_i0,1.0,0.5203240718213225
concentricCircles4,run-1783974319_i0,0.8148148148148148,0.249795587886052
concentricCircles4,run-1783974319_i0,0.25,0.1310639204884762
concentricCircles4,run-1783974319_i0,0.2857142857142857,0.14185726174937668
concentricCircles4,run-1783974319_i0,0.08695652173913043,0.05600722135070272
concentricCircles4,run-1783974319_i0,0.36,0.15265175582001325
concentricCircles4,run-1783974319_i0,0.2857142857142857,0.22897702374130355
concentricCircles4,run-1783974319_i0,0.6363636363636364,0.20411850684340982
concentricCircles4,run-1783974319_i0,0.38461538461538464,0.15532482259450556
concentricCircles4,run-1783974319_i0,0.42857142857142855,0.16760963886207975
concentricCircles4,run-1783974319_i0,0.9583333333333334,0.25585538729685514
concentricCircles4,run-1783974319_i0,0.3,0.15279047165730697
concentricCircles4,run-1783974319_i0,0.19230769230769232,0.12292345690151009
concentricCircles4,run-1783974319_i0,0.6666666666666666,0.20309765531574472
concentricCircles4,run-1783974319_i0,0.6190476190476191,0.18301290733324935
concentricCircles4,run-1783974319_i0,0.08695652173913043,0.026349956892738103
concentricCircles4,run-1783974319_i0,0.9545454545454546,0.28854837120714566
concentricCircles4,run-1783974319_i0,0.14285714285714285,0.08896055889566465
concentricCircles4,run-1783974319_i0,0.5263157894736842,0.16880050345256817
concentricCircles4,run-1783974319_i0,0.8571428571428571,0.22841448642832463
concentricCircles4,run-1783974319_i0,0.09523809523809523,0.03849723138463692
concentricCircles4,run-1783974319_i0,0.05,0.017464428390181568
concentricCircles4,run-1783974319_i0,0.32,0.14515880771612558
concentricCircles4,run-1783974319_i0,0.6363636363636364,0.20555117251103694
concentricCircles4,run-1783974319_i0,0.9130434782608695,0.2803793085876496
concentricCircles4,run-1783974319_i0,0.38461538461538464,0.1677246761177444
concentricCircles4,run-1783974319_i0,0.4166666666666667,0.15301789320023423
concentricCircles4,run-1783974319_i0,0.38095238095238093,0.23232315442349152
concentricCircles4,run-1783974319_i0,0.96,0.30010167349069833
concentricCircles4,run-1783974319_i0,0.14814814814814814,0.07451533446027535
concentricCircles4,run-1783974319_i0,0.7916666666666666,0.23328757949531456
concentricCircles4,run-1783974319_i0,0.7037037037037037,0.233290856255672
concentricCircles4,run-1783974319_i0,0.045454545454545456,0.01609547422157841
concentricCircles4,run-1783974319_i0,0.14814814814814814,0.09614626083978385
concentricCircles4,run-1783974319_i0,0.6521739130434783,0.2130907361397977
concentricCircles4,run-1783974319_i0,0.047619047619047616,0.02241084904783839
concentricCircles4,run-1783974319_i0,0.2857142857142857,0.11949942607575792
concentricCircles4,run-1783974319_i0,0.46153846153846156,0.23936396511380553
concentricCircles4,run-1783974319_i0,0.5357142857142857,0.22420625685160725
concentricCircles4,run-1783974319_i0,0.6923076923076923,0.20001115053883337
concentricCircles4,run-1783974319_i0,0.8571428571428571,0.2652207758175526
concentricCircles4,run-1783974319_i0,0.375,0.20807558525290032
concentricCircles4,run-1783974319_i0,0.5,0.17857130863185894
concentricCircles4,run-1783974319_i0,0.9130434782608695,0.3411917412918853
concentricCircles4,run-1783974319_i0,1.0,0.5551505220365694
concentricCircles4,run-1783974319_i0,0.04,0.01155664359277393
concentricCircles4,run-1783974319_i0,0.8461538461538461,0.26900513623184835
concentricCircles4,run-1783974319_i0,0.3181818181818182,0.16980935679530287
concentricCircles4,run-1783974319_i0,0.5416666666666666,0.2459020978238677
concentricCircles4,run-1783974319_i0,0.2,0.2228895229650963
concentricCircles4,run-1783974319_i0,0.9615384615384616,0.5705060394471035
concentricCircles4,run-1783974319_i0,0.8571428571428571,0.3049266268714001
concentricCircles4,run-1783974319_i0,0.18518518518518517,0.08344717603415847
concentricCircles4,run-1783974319_i0,0.8928571428571429,0.2677683808805861
concentricCircles4,run-1783974319_i0,0.9130434782608695,0.3003375318537639
concentricCircles4,run-1783974319_i0,0.12,0.10619533994179646
concentricCircles4,run-1783974319_i0,0.45454545454545453,0.17429332533708036
concentricCircles4,run-1783974319_i0,0.6666666666666666,0.22781814561882582
concentricCircles4,run-1783974319_i0,0.25,0.15645188949159278
concentricCircles4,run-1783974319_i0,1.0,0.5997939814268752
concentricCircles4,run-1783974319_i0,0.7692307692307693,0.22279330296688407
concentricCircles4,run-1783974319_i0,0.037037037037037035,0.014692699201094925
concentricCircles4,run-1783974319_i0,0.6190476190476191,0.19353341818249065
concentricCircles4,run-1783974319_i0,0.8421052631578947,0.23864424517902924
concentricCircles4,run-1783974319_i0,0.65,0.2032569922107453
concentricCircles4,run-1783974319_i0,0.3333333333333333,0.16597701555245645
concentricCircles4,run-1783974319_i0,0.5,0.20170288173494783
concentricCircles4,run-1783974319_i0,1.0,0.6184632713562729
concentricCircles4,run-1783974319_i0,0.6956521739130435,0.22011260577418126
concentricCircles4,run-1783974319_i0,0.68,0.20485812694767924
concentricCircles4,run-1783974319_i0,0.9259259259259259,0.31932185972033234
concentricCircles4,run-1783974319_i0,0.2692307692307692,0.14756063987017123
concentricCircles4,run-1783974319_i0,0.92,0.2771992866936098
concentricCircles4,run-1783974319_i0,0.2,0.12368088889707853
concentricCircles4,run-1783974319_i0,0.6666666666666666,0.19862981329138502
concentricCircles4,run-1783974319_i0,0.22727272727272727,0.14498577505573168
concentricCircles4,run-1783974319_i0,0.22727272727272727,0.14966065359097788
concentricCircles4,run-1783974319_i0,0.25,0.13454286600835963
concentricCircles4,run-1783974319_i0,0.875,0.2882733550118809
concentricCircles4,run-1783974319_i0,0.037037037037037035,0.0004168678337548655
concentricCircles4,run-1783974319_i0,0.041666666666666664,0.15973266694174176
concentricCircles4,run-1783974319_i0,0.56,0.17491627630025572
concentricCircles4,run-1783974319_i0,0.30434782608695654,0.11358462497839951
concentricCircles4,run-1783974319_i0,0.7368421052631579,0.20367732811431796
concentricCircles4,run-1783974319_i0,0.8518518518518519,0.25499182757235084
concentricCircles4,run-1783974319_i0,0.17391304347826086,0.10528255005100927
concentricCircles4,run-1783974319_i0,0.6923076923076923,0.21225925994614914
concentricCircles4,run-1783974319_i0,0.5238095238095238,0.18483015211570653
concentricCircles4,run-1783974319_i0,0.45454545454545453,0.17649192975937378
concentricCircles4,run-1783974319_i0,0.17391304347826086,0.11465992561512717
concentricCircles4,run-1783974319_i0,0.2222222222222222,0.14344006336431753
concentricCircles4,run-1783974319_i0,1.0,0.30873669289592676
concentricCircles4,run-1783974319_i0,0.75,0.21643939150291067
concentricCircles4,run-1783974319_i0,0.38095238095238093,0.17596817003936813
concentricCircles4,run-1783974319_i0,0.72,0.24416025926161278
concentricCircles4,run-1783974319_i0,0.5,0.18585168204772506
concentricCircles4,run-1783974319_i0,0.5454545454545454,0.20139734632395354
concentricCircles4,run-1783974319_i0,0.13043478260869565,0.1159094727423401
concentricCircles4,run-1783974319_i0,0.9642857142857143,0.6020645363408521
concentricCircles4,run-1783974319_i0,0.8571428571428571,0.2734208202787023
concentricCircles4,run-1783974319_i0,0.7,0.26660832886636826
concentricCircles4,run-1783974319_i0,0.1,0.19018703498170753
concentricCircles4,run-1783974319_i0,0.76,0.21847640148970648
concentricCircles4,run-1783974319_i0,0.0,0.00038488002064155334
concentricCircles4,run-1783974319_i0,0.3333333333333333,0.1403953972973801
concentricCircles4,run-1783974319_i0,0.75,0.25575449541058193
concentricCircles4,run-1783974319_i0,0.7368421052631579,0.2912131353336491
concentricCircles4,run-1783974319_i0,0.08333333333333333,0.010521943206809973
concentricCircles4,run-1783974319_i0,0.6,0.20526348436763914
concentricCircles4,run-1783974319_i0,0.6521739130434783,0.20560725806316893
concentricCircles4,run-1783974319_i0,0.6785714285714286,0.19979500354417576
concentricCircles4,run-1783974319_i0,0.2857142857142857,0.20139370406323673
concentricCircles4,run-1783974319_i0,0.22727272727272727,0.14825102583367047
concentricCircles4,run-1783974319_i0,0.38461538461538464,0.1511968556382489
concentricCircles4,run-1783974319_i0,0.5384615384615384,0.18618411929637046
concentricCircles4,run-1783974319_i0,0.4074074074074074,0.1694118962081425
concentricCircles4,run-1783974319_i0,0.9259259259259259,0.49105655598316456
concentricCircles4,run-1783974319_i0,0.125,0.09692186601744711
concentricCircles4,run-1783974319_i0,0.68,0.20673040216435126
concentricCircles4,run-1783974319_i0,0.5,0.20505053600860879
concentricCircles4,run-1783974319_i0,0.7857142857142857,0.25284709487221146
concentricCircles4,run-1783974319_i0,0.17391304347826086,0.20253858937410701
concentricCircles4,run-1783974319_i0,0.4,0.1722460753470206
concentricCircles4,run-1783974319_i0,0.46153846153846156,0.15976015157088236
concentricCircles4,run-1783974319_i0,0.375,0.19303279176438767
concentricCircles4,run-1783974319_i0,0.8,0.2775859925035972
concentricCircles4,run-1783974319_i0,0.6296296296296297,0.22508160035297478
concentricCircles4,run-1783974319_i0,0.35714285714285715,0.18700359770914374
concentricCircles4,run-1783974319_i0,0.5652173913043478,0.1946902950820769
concentricCircles4,run-1783974319_i0,0.7142857142857143,0.23891147734812546
concentricCircles4,run-1783974319_i0,0.038461538461538464,0.0
concentricCircles4,run-1783974319_i0,0.6666666666666666,0.24543486803742104
concentricCircles4,run-1783974319_i0,0.9,0.28056198500833285
concentricCircles4,run-1783974319_i0,0.9545454545454546,0.4197531430195682
concentricCircles4,run-1783974319_i0,0.3076923076923077,0.16970758056812119
concentricCircles4,run-1783974319_i0,0.8214285714285714,0.30091978374459394
concentricCircles4,run-1783974319_i0,0.75,0.2821998822596534
concentricCircles4,run-1783974319_i0,0.4074074074074074,0.19520251042895556
concentricCircles4,run-1783974319_i0,0.17391304347826086,0.08453965860275395
concentricCircles4,run-1783974319_i0,0.5714285714285714,0.21639007407795202
concentricCircles4,run-1783974319_i0,0.5357142857142857,0.25479248939324983
concentricCircles4,run-1783974319_i0,0.10714285714285714,0.0704234592445328
concentricCircles4,run-1783974319_i0,0.23809523809523808,0.11261358237320357
concentricCircles4,run-1783974319_i0,0.0,0.0
concentricCircles4,run-1783974319_i0,0.34782608695652173,0.18792492172271164
concentricCircles4,run-1783974319_i0,0.4,0.14018849903587965
concentricCircles4,run-1783974319_i0,0.6818181818181818,0.19007772387782781
concentricCircles4,run-1783974319_i0,0.7083333333333334,0.2008392094547621
concentricCircles4,run-1783974319_i0,1.0,0.6011975314313716
concentricCircles4,run-1783974319_i0,0.22727272727272727,0.12535372906129566
concentricCircles4,run-1783974319_i0,0.0,0.06392793495889638
concentricCircles4,run-1783974319_i0,0.375,0.1993085325767706
concentricCircles4,run-1783974319_i0,0.7142857142857143,0.25866636866930215
concentricCircles4,run-1783974319_i0,0.043478260869565216,0.03795896887819689
concentricCircles4,run-1783974319_i0,0.05,0.005881131651758945
concentricCircles4,run-1783974319_i0,0.8214285714285714,0.24595195529047673
concentricCircles4,run-1783974319_i0,0.5,0.17181325842346568
concentricCircles4,run-1783974319_i0,1.0,0.5238535381239715
concentricCircles4,run-1783974319_i0,0.2857142857142857,0.14700823555134468
concentricCircles4,run-1783974319_i0,0.48148148148148145,0.20631508917376737
concentricCircles4,run-1783974319_i0,0.76,0.29207208831750076
concentricCircles4,run-1783974319_i0,0.5238095238095238,0.26876639883425
concentricCircles4,run-1783974319_i0,0.043478260869565216,0.0
concentricCircles4,run-1783974319_i0,0.23076923076923078,0.06161276758112128
concentricCircles4,run-1783974319_i0,0.15,0.09340530256347064
concentricCircles4,run-1783974319_i0,1.0,0.5057691900123831
concentricCircles4,run-1783974319_i0,0.34782608695652173,0.15259004176679267
concentricCircles4,run-1783974319_i0,0.6666666666666666,0.20736880435450838
concentricCircles4,run-1783974319_i0,0.6666666666666666,0.25314427167342846
concentricCircles4,run-1783974319_i0,0.7619047619047619,0.3139731256746249
concentricCircles4,run-1783974319_i0,0.037037037037037035,0.025813420781746428
concentricCircles4,run-1783974319_i0,0.5217391304347826,0.20808766410479787
concentricCircles4,run-1783974319_i0,0.7727272727272727,0.2768749121085011
concentricCircles4,run-1783974319_i0,0.6,0.24501328825716553
concentricCircles4,run-1783974319_i0,0.64,0.2220456603931706
concentricCircles4,run-1783974319_i0,0.6,0.19565395694310475
concentricCircles4,run-1783974319_i0,0.9259259259259259,0.32302573278319324
concentricCircles4,run-1783974319_i0,1.0,0.6042636679028592
concentricCircles4,run-1783974319_i0,0.37037037037037035,0.16015636496469157
concentricCircles4,run-1783974319_i0,0.14285714285714285,0.14924195344378569
concentricCircles4,run-1783974319_i0,0.08695652173913043,0.11010199566603505
concentricCircles4,run-1783974319_i0,0.20833333333333334,0.13561361635705282
concentricCircles4,run-1783974319_i0,0.6785714285714286,0.24385329528668614
concentricCircles4,run-1783974319_i0,0.2222222222222222,0.22632022303817392
concentricCircles4,run-1783974319_i0,0.0,0.060632513393766775
concentricCircles4,run-1783974319_i0,0.21428571428571427,0.1519863174850234
concentricCircles4,run-1783974319_i0,0.17391304347826086,0.14634547531596143
concentricCircles4,run-1783974319_i0,0.14285714285714285,0.11802387979608261
concentricCircles4,run-1783974319_i0,0.0,0.0003763403137020212
concentricCircles4,run-1783974319_i0,0.9166666666666666,0.29352745312680634
concentricCircles4,run-1783974319_i0,0.9285714285714286,0.3077709909467283
concentricCircles4,run-1783974319_i0,0.5714285714285714,0.22295794062960825
concentricCircles4,run-1783974319_i0,0.65,0.26393052699388014
concentricCircles4,run-1783974319_i0,0.23076923076923078,0.21209436645028681
concentricCircles4,run-1783974319_i0,0.5,0.19185347618717521
concentricCircles4,run-1783974319_i0,0.6785714285714286,0.2550302601287905
concentricCircles4,run-1783974319_i0,0.4,0.1835757342654963
concentricCircles4,run-1783974319_i0,0.4074074074074074,0.17139128333747372
concentricCircles4,run-1783974319_i0,0.84,0.24945327456675764
concentricCircles4,run-1783974319_i0,0.8095238095238095,0.2510984418840666
concentricCircles4,run-1783974319_i0,0.5769230769230769,0.1827994112317316
concentricCircles4,run-1783974319_i0,0.65,0.22440746427266972
concentricCircles4,run-1783974319_i0,0.0,0.038091047187326685
concentricCircles4,run-1783974319_i0,0.9090909090909091,0.308510381303848
concentricCircles4,run-1783974319_i0,0.36,0.1729517339546765
concentricCircles4,run-1783974319_i0,0.2857142857142857,0.1416492945113388
concentricCircles4,run-1783974319_i0,0.5185185185185185,0.2067497616128592
concentricCircles4,run-1783974319_i0,0.0,0.04883763826419025
concentricCircles4,run-1783974319_i0,0.25,0.12913856049749298
concentricCircles4,run-1783974319_i0,1.0,0.5679516512362103
concentricCircles4,run-1783974319_i0,0.1,0.10241375526727638
concentricCircles4,run-1783974319_i0,0.52,0.18662890795802356
concentricCircles4,run-1783974319_i0,0.3,0.2058429522482957
concentricCircles4,run-1783974319_i0,0.8181818181818182,0.2795851074877973
concentricCircles4,run-1783974319_i0,0.7272727272727273,0.2539248477453234
concentricCircles4,run-1783974319_i0,0.38095238095238093,0.17952955800863138
concentricCircles4,run-1783974319_i0,0.6086956521739131,0.209138974187972
concentricCircles4,run-1783974319_i0,0.36363636363636365,0.1735844775154673
concentricCircles4,run-1783974319_i0,0.5714285714285714,0.21461192617132044
concentricCircles4,run-1783974319_i0,0.76,0.2677388864762356
concentricCircles4,run-1783974319_i0,0.25,0.13130477287164993
concentricCircles4,run-1783974319_i0,0.12,0.07410559021970146
concentricCircles4,run-1783974319_i0,0.6538461538461539,0.22450844554893198
concentricCircles4,run-1783974319_i0,1.0,0.574562884999796
concentricCircles4,run-1783974319_i0,0.6818181818181818,0.26501813799558327
concentricCircles4,run-1783974319_i0,0.7142857142857143,0.2387619643804327
concentricCircles4,run-1783974319_i0,0.08695652173913043,0.07547292555414489
concentricCircles4,run-1783974319_i0,0.6842105263157895,0.23190815337037426
concentricCircles4,run-1783974319_i0,1.0,0.6074778359073963
concentricCircles4,run-1783974319_i0,0.782608695652174,0.2593601184896322
concentricCircles4,run-1783974319_i0,0.04,0.017794049767110055
concentricCircles4,run-1783974319_i0,0.16666666666666666,0.11195998942284088
concentricCircles4,run-1783974319_i0,0.7407407407407407,0.2134754806935409
concentricCircles4,run-1783974319_i0,0.95,0.3028610829722574
concentricCircles4,run-1783974319_i0,0.0,0.11570252235558658
concentricCircles4,run-1783974319_i0,0.08333333333333333,0.08044522453201271
concentricCircles4,run-1783974319_i0,0.17857142857142858,0.15543804922585314
concentricCircles4,run-1783974319_i0,0.9130434782608695,0.3292931613866789
concentricCircles4,run-1783974319_i0,0.2,0.12100178744168441
concentricCircles4,run-1783974319_i0,0.04,0.05621811341343753
concentricCircles4,run-1783974319_i0,0.2,0.11535608926044774
concentricCircles4,run-1783974319_i0,0.1111111111111111,0.06931639352079987
concentricCircles4,run-1783974319_i0,0.0,0.00037989298969379616
concentricCircles4,run-1783974319_i0,0.6666666666666666,0.22102222005810657
concentricCircles4,run-1783974319_i0,0.6071428571428571,0.23711111562089587
concentricCircles4,run-1783974319_i0,0.08333333333333333,0.12304026206933162
concentricCircles4,run-1783974319_i0,1.0,0.2857943773662988
concentricCircles4,run-1783974319_i0,0.7083333333333334,0.2652035191405271
concentricCircles4,run-1783974319_i0,0.25925925925925924,0.17404922484015065
concentricCircles4,run-1783974319_i0,0.36363636363636365,0.1738030632918788
concentricCircles4,run-1783974319_i0,0.19230769230769232,0.15388813787220504
concentricCircles4,run-1783974319_i0,0.6086956521739131,0.21441885625189447
concentricCircles4,run-1783974319_i0,1.0,0.6219238235386205
concentricCircles4,run-1783974319_i0,0.6071428571428571,0.21727453547425202
concentricCircles4,run-1783974441_i0,0.0,0.11374571981028062
concentricCircles4,run-1783974441_i0,0.0,0.11573222701170556
concentricCircles4,run-1783974441_i0,0.037037037037037035,0.14471875949116444
concentricCircles4,run-1783974441_i0,0.4642857142857143,0.2245113271166704
concentricCircles4,run-1783974441_i0,0.047619047619047616,0.10129666744348642
concentricCircles4,run-1783974441_i0,0.375,0.20474953279547828
concentricCircles4,run-1783974441_i0,0.2,0.17258651315451717
concentricCircles4,run-1783974441_i0,0.9166666666666666,0.5826181495822635
concentricCircles4,run-1783974441_i0,0.0,0.0
concentricCircles4,run-1783974441_i0,0.14285714285714285,0.08383931636070974
concentricCircles4,run-1783974441_i0,0.75,0.3058550662799615
concentricCircles4,run-1783974441_i0,0.14285714285714285,0.19176865343367766
concentricCircles4,run-1783974441_i0,0.75,0.2081353811111368
concentricCircles4,run-1783974441_i0,0.7142857142857143,0.30894790880779643
concentricCircles4,run-1783974441_i0,0.75,0.2616453069439086
concentricCircles4,run-1783974441_i0,0.18518518518518517,0.15244005295684224
concentricCircles4,run-1783974441_i0,0.8214285714285714,0.26769442883111716
concentricCircles4,run-1783974441_i0,0.6521739130434783,0.24852527942468647
concentricCircles4,run-1783974441_i0,0.9545454545454546,0.2903329480420625
concentricCircles4,run-1783974441_i0,0.12,0.1065682046058599
concentricCircles4,run-1783974441_i0,0.08695652173913043,0.03477345607857994
concentricCircles4,run-1783974441_i0,0.20833333333333334,0.21402657836746014
concentricCircles4,run-1783974441_i0,0.038461538461538464,0.1305298422541321
concentricCircles4,run-1783974441_i0,0.7391304347826086,0.23324744219001217
concentricCircles4,run-1783974441_i0,0.32142857142857145,0.24342205346331014
concentricCircles4,run-1783974441_i0,0.5,0.20170183371012315
concentricCircles4,run-1783974441_i0,0.14285714285714285,0.15561455758963275
concentricCircles4,run-1783974441_i0,0.3333333333333333,0.20158207789380683
concentricCircles4,run-1783974441_i0,0.8095238095238095,0.27857231983173
concentricCircles4,run-1783974441_i0,1.0,0.5821345543095364
concentricCircles4,run-1783974441_i0,0.9230769230769231,0.3254300835051632
concentricCircles4,run-1783974441_i0,0.3,0.20549258162631406
concentricCircles4,run-1783974441_i0,0.22727272727272727,0.20081601583314312
concentricCircles4,run-1783974441_i0,0.95,0.2862952675876512
concentricCircles4,run-1783974441_i0,0.0,0.22431162606666114
concentricCircles4,run-1783974441_i0,0.7407407407407407,0.26624693552524054
concentricCircles4,run-1783974441_i0,0.875,0.2857901707615925
concentricCircles4,run-1783974441_i0,0.8695652173913043,0.3069210668612936
concentricCircles4,run-1783974441_i0,0.35714285714285715,0.16831898342569687
concentricCircles4,run-1783974441_i0,0.0,0.0
concentricCircles4,run-1783974441_i0,0.19047619047619047,0.20008637349700942
concentricCircles4,run-1783974441_i0,0.56,0.21777881574287772
concentricCircles4,run-1783974441_i0,0.8181818181818182,0.2654540926205371
concentricCircles4,run-1783974441_i0,0.8333333333333334,0.29107206485508447
concentricCircles4,run-1783974441_i0,0.35,0.18562457953813824
concentricCircles4,run-1783974441_i0,0.21428571428571427,0.22953511484780587
concentricCircles4,run-1783974441_i0,0.038461538461538464,0.005886520389239744
concentricCircles4,run-1783974441_i0,0.08695652173913043,0.13269877889675075
concentricCircles4,run-1783974441_i0,0.28,0.18120860712992198
concentricCircles4,run-1783974441_i0,0.8636363636363636,0.3076072780936474
concentricCircles4,run-1783974441_i0,1.0,0.30745710476185345
concentricCircles4,run-1783974441_i0,0.6071428571428571,0.25136990846568835
concentricCircles4,run-1783974441_i0,0.375,0.2182062647235678
concentricCircles4,run-1783974441_i0,0.3076923076923077,0.22823413821715383
concentricCircles4,run-1783974441_i0,0.08333333333333333,0.2189428921548737
concentricCircles4,run-1783974441_i0,0.14814814814814814,0.15231011776537992
concentricCircles4,run-1783974441_i0,0.47368421052631576,0.24276033203592431
concentricCircles4,run-1783974441_i0,0.03571428571428571,0.18914022509165182
concentricCircles4,run-1783974441_i0,0.20833333333333334,0.20808365086281747
concentricCircles4,run-1783974441_i0,0.9545454545454546,0.2912138495312492
concentricCircles4,run-1783974441_i0,0.047619047619047616,0.06001295130270818
concentricCircles4,run-1783974441_i0,0.0,0.19311144202519415
concentricCircles4,run-1783974441_i0,0.3,0.17492157633587163
concentricCircles4,run-1783974441_i0,0.8695652173913043,0.26300557737213887
concentricCircles4,run-1783974441_i0,0.04,0.15993575965024687
concentricCircles4,run-1783974441_i0,0.047619047619047616,0.10731890902650693
concentricCircles4,run-1783974441_i0,0.5833333333333334,0.25483398482480357
concentricCircles4,run-1783974441_i0,0.391304347826087,0.2298406954332691
concentricCircles4,run-1783974441_i0,0.5357142857142857,0.24055316890106904
concentricCircles4,run-1783974441_i0,0.45454545454545453,0.23311054479011398
concentricCircles4,run-1783974441_i0,0.5263157894736842,0.24500131604026168
concentricCircles4,run-1783974441_i0,0.4230769230769231,0.21525006937068833
concentricCircles4,run-1783974441_i0,0.07692307692307693,0.1623132063794904
concentricCircles4,run-1783974441_i0,0.18518518518518517,0.20325259288433772
concentricCircles4,run-1783974441_i0,0.75,0.2589680780530026
concentricCircles4,run-1783974441_i0,0.3333333333333333,0.21709135452910172
concentricCircles4,run-1783974441_i0,0.0,0.0
concentricCircles4,run-1783974441_i0,0.5789473684210527,0.25255251604603535
concentricCircles4,run-1783974441_i0,0.2727272727272727,0.2027431382131764
concentricCircles4,run-1783974441_i0,0.6,0.24891995379676027
concentricCircles4,run-1783974441_i0,0.13636363636363635,0.21455097206243917
concentricCircles4,run-1783974441_i0,0.3076923076923077,0.17982987100517692
concentricCircles4,run-1783974441_i0,0.043478260869565216,0.151423340769951
concentricCircles4,run-1783974441_i0,0.047619047619047616,0.17974800444098885
concentricCircles4,run-1783974441_i0,0.041666666666666664,0.10203870302008541
concentricCircles4,run-1783974441_i0,0.8846153846153846,0.33165414489899164
concentricCircles4,run-1783974441_i0,0.6,0.22740801153983095
concentricCircles4,run-1783974441_i0,0.14814814814814814,0.18878134350785966
concentricCircles4,run-1783974441_i0,0.45454545454545453,0.2406116134277906
concentricCircles4,run-1783974441_i0,0.4166666666666667,0.2514954945091707
concentricCircles4,run-1783974441_i0,0.8,0.2748553716056966
concentricCircles4,run-1783974441_i0,0.08695652173913043,0.1786425952494819
concentricCircles4,run-1783974441_i0,0.25,0.20680439087441815
concentricCircles4,run-1783974441_i0,0.2,0.21242422986292023
concentricCircles4,run-1783974441_i0,0.38461538461538464,0.23637360847802905
concentricCircles4,run-1783974441_i0,0.14285714285714285,0.17990266572691824
concentricCircles4,run-1783974441_i0,0.0,0.08216297423439876
concentricCircles4,run-1783974441_i0,0.08,0.13277745218178916
concentricCircles4,run-1783974441_i0,0.37037037037037035,0.24050183038438072
concentricCircles4,run-1783974441_i0,0.6538461538461539,0.23345900151469623
concentricCircles4,run-1783974441_i0,0.4166666666666667,0.24186388783809343
concentricCircles4,run-1783974441_i0,0.9523809523809523,0.5221320816673428
concentricCircles4,run-1783974441_i0,0.9090909090909091,0.35053562329977006
concentricCircles4,run-1783974441_i0,0.5,0.24865480851655347
concentricCircles4,run-1783974441_i0,0.5185185185185185,0.275970829667653
concentricCircles4,run-1783974441_i0,0.9285714285714286,0.32409710962308336
concentricCircles4,run-1783974441_i0,0.15789473684210525,0.1722122200055147
concentricCircles4,run-1783974441_i0,0.45,0.2510838358827907
concentricCircles4,run-1783974441_i0,0.7391304347826086,0.28036138263699395
concentricCircles4,run-1783974441_i0,0.0,0.09640497363108497
concentricCircles4,run-1783974441_i0,0.5833333333333334,0.30013459341029497
concentricCircles4,run-1783974441_i0,0.17857142857142858,0.19625079885886715
concentricCircles4,run-1783974441_i0,0.36363636363636365,0.23169994890010975
concentricCircles4,run-1783974441_i0,0.42857142857142855,0.22486899953318654
concentricCircles4,run-1783974441_i0,0.045454545454545456,0.20945479641131812
concentricCircles4,run-1783974441_i0,1.0,0.6438355613359971
concentricCircles4,run-1783974441_i0,0.18518518518518517,0.1988181411864437
concentricCircles4,run-1783974441_i0,0.07407407407407407,0.14775822085317902
concentricCircles4,run-1783974441_i0,1.0,0.2926716397572009
concentricCircles4,run-1783974441_i0,0.16,0.2068642821354108
concentricCircles4,run-1783974441_i0,0.21428571428571427,0.20320322430027762
concentricCircles4,run-1783974441_i0,0.4,0.2370976547789908
concentricCircles4,run-1783974441_i0,0.4166666666666667,0.24500727417008336
concentricCircles4,run-1783974441_i0,1.0,0.6546443102288694
concentricCircles4,run-1783974441_i0,0.15384615384615385,0.1864068269467466
concentricCircles4,run-1783974441_i0,0.6,0.24223291822938736
concentricCircles4,run-1783974441_i0,0.23809523809523808,0.21370552747024496
concentricCircles4,run-1783974441_i0,0.0,0.13745228292229958
concentricCircles4,run-1783974441_i0,0.08,0.16785599000006868
concentricCircles4,run-1783974441_i0,1.0,0.577476698678151
concentricCircles4,run-1783974441_i0,0.7727272727272727,0.316463931251513
concentricCircles4,run-1783974441_i0,0.25,0.2231167227151574
concentricCircles4,run-1783974441_i0,0.07692307692307693,0.17635109012330338
concentricCircles4,run-1783974441_i0,0.34782608695652173,0.23203844464346968
concentricCircles4,run-1783974441_i0,0.25,0.21703071762499665
concentricCircles4,run-1783974441_i0,0.2,0.21965893771484513
concentricCircles4,run-1783974441_i0,0.1,0.14536640322277797
concentricCircles4,run-1783974441_i0,0.46153846153846156,0.26296537676975856
concentricCircles4,run-1783974441_i0,0.22727272727272727,0.1483461771581955
concentricCircles4,run-1783974441_i0,0.7037037037037037,0.2760649248818613
concentricCircles4,run-1783974441_i0,0.05,0.167502664152096
concentricCircles4,run-1783974441_i0,0.0,0.133273632954609
concentricCircles4,run-1783974441_i0,0.64,0.2523612662249914
concentricCircles4,run-1783974441_i0,0.875,0.3077018953085346
concentricCircles4,run-1783974441_i0,0.4782608695652174,0.26901710873464835
concentricCircles4,run-1783974441_i0,0.8888888888888888,0.2973514657028483
concentricCircles4,run-1783974441_i0,0.0,0.1793620646690779
concentricCircles4,run-1783974441_i0,0.47619047619047616,0.24516017567948492
concentricCircles4,run-1783974441_i0,0.15,0.20931161286536737
concentricCircles4,run-1783974441_i0,0.07142857142857142,0.12785961353364383
concentricCircles4,run-1783974441_i0,0.0,0.09936275054647851
concentricCircles4,run-1783974441_i0,0.4642857142857143,0.20680260381151455
concentricCircles4,run-1783974441_i0,0.0,0.1402098898911821
concentricCircles4,run-1783974441_i0,0.2608695652173913,0.24205159773026802
concentricCircles4,run-1783974441_i0,0.13636363636363635,0.1706230418849733
concentricCircles4,run-1783974441_i0,1.0,0.3214479472462265
concentricCircles4,run-1783974441_i0,0.75,0.30051735303117644
concentricCircles4,run-1783974441_i0,0.045454545454545456,0.21102526899855242
concentricCircles4,run-1783974441_i0,0.4642857142857143,0.2577874474647654
concentricCircles4,run-1783974441_i0,0.56,0.21277584962929796
concentricCircles4,run-1783974441_i0,0.9130434782608695,0.47389242027561346
concentricCircles4,run-1783974441_i0,0.8571428571428571,0.29866305261569626
concentricCircles4,run-1783974441_i0,0.4230769230769231,0.24692395206971027
concentricCircles4,run-1783974441_i0,0.0,0.06343556252980727
concentricCircles4,run-1783974441_i0,0.85,0.3074212398064906
concentricCircles4,run-1783974441_i0,0.16666666666666666,0.1885320753047644
concentricCircles4,run-1783974441_i0,0.125,0.20595165010204258
concentricCircles4,run-1783974441_i0,0.0,0.11311414412131082
concentricCircles4,run-1783974441_i0,0.88,0.3149482550239427
concentricCircles4,run-1783974441_i0,0.15384615384615385,0.2285153829597114
concentricCircles4,run-1783974441_i0,0.48,0.29604165227999907
concentricCircles4,run-1783974441_i0,0.037037037037037035,0.12698744919571817
concentricCircles4,run-1783974441_i0,0.8461538461538461,0.2876124250030956
concentricCircles4,run-1783974441_i0,0.5,0.2963862541653295
concentricCircles4,run-1783974441_i0,0.21428571428571427,0.21293727478554794
concentricCircles4,run-1783974441_i0,0.5,0.190283670514669
concentricCircles4,run-1783974441_i0,0.5769230769230769,0.2728832416582617
concentricCircles4,run-1783974441_i0,0.21739130434782608,0.15618530968149907
concentricCircles4,run-1783974441_i0,0.3333333333333333,0.24165340085707995
concentricCircles4,run-1783974441_i0,1.0,0.6435219203246237
concentricCircles4,run-1783974441_i0,0.5833333333333334,0.27181202233810087
concentricCircles4,run-1783974441_i0,0.0,0.018276762402088836
concentricCircles4,run-1783974441_i0,0.0,0.14418774410437077
concentricCircles4,run-1783974441_i0,0.8571428571428571,0.3119644973811897
concentricCircles4,run-1783974441_i0,0.09523809523809523,0.16167152796845938
concentricCircles4,run-1783974441_i0,0.9523809523809523,0.5315300023474602
concentricCircles4,run-1783974441_i0,0.2962962962962963,0.23165116399387312
concentricCircles4,run-1783974441_i0,0.0,0.12411114315254924
concentricCircles4,run-1783974441_i0,0.85,0.5008430995618615
concentricCircles4,run-1783974441_i0,0.5769230769230769,0.2782540700403857
concentricCircles4,run-1783974441_i0,0.5217391304347826,0.2606158462355672
concentricCircles4,run-1783974441_i0,0.9642857142857143,0.33054066290802187
concentricCircles4,run-1783974441_i0,0.44,0.27544281765127465
concentricCircles4,run-1783974441_i0,0.5454545454545454,0.25963861459453713
concentricCircles4,run-1783974441_i0,0.9565217391304348,0.5411622082489609
concentricCircles4,run-1783974441_i0,0.6363636363636364,0.28226229578892137
concentricCircles4,run-1783974441_i0,0.0,0.1002631604130183
concentricCircles4,run-1783974441_i0,0.2,0.1683587694591821
concentricCircles4,run-1783974441_i0,0.3076923076923077,0.20534059563401447
concentricCircles4,run-1783974441_i0,0.2857142857142857,0.22715743910304112
concentricCircles4,run-1783974441_i0,0.2,0.21412409309658545
concentricCircles4,run-1783974441_i0,0.20833333333333334,0.1690798637528823
concentricCircles4,run-1783974441_i0,0.2608695652173913,0.2046325914114093
concentricCircles4,run-1783974441_i0,0.18181818181818182,0.2235359602379552
concentricCircles4,run-1783974441_i0,0.5833333333333334,0.2825411333270718
concentricCircles4,run-1783974441_i0,0.08333333333333333,0.17795449218241335
concentricCircles4,run-1783974441_i0,0.6785714285714286,0.2750743884027381
concentricCircles4,run-1783974441_i0,0.8518518518518519,0.3140465126456084
concentricCircles4,run-1783974441_i0,0.25,0.22556413409932466
concentricCircles4,run-1783974441_i0,0.3333333333333333,0.21524996062274737
concentricCircles4,run-1783974441_i0,0.23809523809523808,0.18794580734720834
concentricCircles4,run-1783974441_i0,0.043478260869565216,0.17053410127223118
concentricCircles4,run-1783974441_i0,0.07692307692307693,0.1096766344769619
concentricCircles4,run-1783974441_i0,0.0,0.07843003731008943
concentricCircles4,run-1783974441_i0,0.55,0.2843219247195588
concentricCircles4,run-1783974441_i0,0.6521739130434783,0.2512871272391698
concentricCircles4,run-1783974441_i0,0.68,0.28534933606758556
concentricCircles4,run-1783974441_i0,0.9615384615384616,0.5263052263296358
concentricCircles4,run-1783974441_i0,0.09523809523809523,0.15741980689988777
concentricCircles4,run-1783974441_i0,0.038461538461538464,0.0985431241975392
concentricCircles4,run-1783974441_i0,0.17391304347826086,0.18384378834368886
concentricCircles4,run-1783974441_i0,0.08333333333333333,0.15181393517441347
concentricCircles4,run-1783974441_i0,0.5454545454545454,0.26653128303901347
concentricCircles4,run-1783974441_i0,0.7,0.2732105109413425
concentricCircles4,run-1783974441_i0,0.5714285714285714,0.2832191381794516
concentricCircles4,run-1783974441_i0,0.6190476190476191,0.30823136865787715
concentricCircles4,run-1783974441_i0,0.25925925925925924,0.16757800153138067
concentricCircles4,run-1783974441_i0,0.4166666666666667,0.24637987575976983
concentricCircles4,run-1783974441_i0,0.6296296296296297,0.27821811440393346
concentricCircles4,run-1783974441_i0,0.10526315789473684,0.17598210088804792
concentricCircles4,run-1783974441_i0,0.23809523809523808,0.19076550642074563
concentricCircles4,run-1783974441_i0,0.3333333333333333,0.21721810587177476
concentricCircles4,run-1783974441_i0,0.24,0.21581786553504245
concentricCircles4,run-1783974441_i0,0.25,0.21086930332659345
concentricCircles4,run-1783974441_i0,0.6666666666666666,0.23240487639708132
concentricCircles4,run-1783974441_i0,0.8,0.30241694603161207
concentricCircles4,run-1783974441_i0,0.2222222222222222,0.1907173899224833
concentricCircles4,run-1783974441_i0,0.6785714285714286,0.2494819432079769
concentricCircles4,run-1783974441_i0,0.8461538461538461,0.2986732406481696
concentricCircles4,run-1783974441_i0,0.1,0.11074729278186925
concentricCircles4,run-1783974441_i0,0.9565217391304348,0.34481981951237495
concentricCircles4,run-1783974441_i0,0.7407407407407407,0.2822096463761455
concentricCircles4,run-1783974441_i0,0.13636363636363635,0.16205103021835504
concentricCircles4,run-1783974441_i0,0.12,0.11660332603579646
concentricCircles4,run-1783974441_i0,0.0,0.0002446647136040157
concentricCircles4,run-1783974441_i0,0.8823529411764706,0.3016250122618348
concentricCircles4,run-1783974441_i0,0.16666666666666666,0.09991108745039107
concentricCircles4,run-1783974441_i0,0.13636363636363635,0.15866021026022056
concentricCircles4,run-1783974441_i0,0.3181818181818182,0.22817612968183
concentricCircles4,run-1783974441_i0,0.7619047619047619,0.2572461357973925
concentricCircles4,run-1783974441_i0,0.9629629629629629,0.5922428517206477
concentricCircles4,run-1783974441_i0,0.18518518518518517,0.14303041529153412
concentricCircles4,run-1783974441_i0,0.8695652173913043,0.29198132837441026
concentricCircles4,run-1783974441_i0,0.9166666666666666,0.30798683174694047
concentricCircles4,run-1783974441_i0,0.09090909090909091,0.08872090255629064
concentricCircles4,run-1783974441_i0,0.19230769230769232,0.14000804654176724
concentricCircles4,run-1783974441_i0,0.24,0.21870672189420123
concentricCircles4,run-1783974441_i0,0.9615384615384616,0.30846629725107994
concentricCircles4,run-1783974441_i0,0.25,0.20743864970104808
concentricCircles4,run-1783974441_i0,0.15789473684210525,0.1669691101390789
concentricCircles4,run-1783974441_i0,0.7857142857142857,0.26839263066452185
concentricCircles4,run-1783974441_i0,0.9545454545454546,0.3175715102767742
concentricCircles4,run-1783974441_i0,0.9047619047619048,0.3015671899371289
concentricCircles4,run-1783974441_i0,0.037037037037037035,0.050573662766464585
concentricCircles4,run-1783974441_i0,0.39285714285714285,0.2549151881636513
concentricCircles4,run-1783974441_i0,0.12,0.15802042706577268
concentricCircles4,run-1783974441_i0,0.5217391304347826,0.2440994920726892
concentricCircles4,run-1783974441_i0,0.34615384615384615,0.2394478312019679
concentricCircles4,run-1783974441_i0,0.2692307692307692,0.20845822651679485
concentricCircles4,run-1783974441_i0,0.25,0.19053776933101285
concentricCircles4,run-1783974441_i0,0.22727272727272727,0.17084848157208307
concentricCircles4,run-1783974441_i0,0.6785714285714286,0.25711442090092923
concentricCircles4,run-1783974441_i0,0.75,0.2948520654632071
concentricCircles4,run-1783974441_i0,0.64,0.24682005323705228
concentricCircles4,run-1783974441_i0,0.45454545454545453,0.27120718847604747
concentricCircles4,run-1783974441_i0,0.39285714285714285,0.2119250651337827
concentricCircles4,run-1783974441_i0,0.0,0.08210478611258888
concentricCircles4,run-1783974441_i0,0.0,0.016642220929375083
concentricCircles4,run-1783974441_i0,0.5925925925925926,0.25757187085360456
concentricCircles4,run-1783974441_i0,0.625,0.23041612073867151
concentricCircles4,run-1783974441_i0,0.8181818181818182,0.23085395091616612
concentricCircles4,run-1783974441_i0,0.17857142857142858,0.19196125230051672
concentricCircles4,run-1783974441_i0,0.3684210526315789,0.19419782582334566
concentricCircles4,run-1783974441_i0,0.4,0.19907465585194498
concentricCircles4,run-1783974441_i0,0.14814814814814814,0.1672021023014559
concentricCircles4,run-1783974441_i0,0.047619047619047616,0.1323830170526236
concentricCircles4,run-1783974441_i0,0.75,0.26029700407003353
concentricCircles4,run-1783974441_i0,0.46153846153846156,0.22998651603911474
concentricCircles4,run-1783974441_i0,0.2857142857142857,0.23652303557837173
concentricCircles4,run-1783974441_i0,0.5,0.22357346325870361
concentricCircles4,run-1783974441_i0,0.07142857142857142,0.10752201803310547
concentricCircles4,run-1783974441_i0,0.6923076923076923,0.2801379030137903
concentricCircles4,run-1783974441_i0,0.8,0.26013195519411864
concentricCircles4,run-1783974441_i0,0.09523809523809523,0.13552128457143675
concentricCircles4,run-1783974441_i0,1.0,0.33473599786124847
concentricCircles4,run-1783974441_i0,0.9545454545454546,0.2898108526441829
concentricCircles4,run-1783974441_i0,0.0,0.06873221253997595
concentricCircles4,run-1783974441_i0,0.12,0.11321589739670444
concentricCircles4,run-1783974441_i0,0.8260869565217391,0.26592419709686055
concentricCircles4,run-1783974441_i0,0.5217391304347826,0.23421890274433144
concentricCircles4,run-1783974441_i0,0.17391304347826086,0.20148179119454773
concentricCircles4,run-1783974441_i0,0.15,0.16690623077990532
concentricCircles4,run-1783974441_i0,0.23809523809523808,0.18067810504969373
concentricCircles4,run-1783974441_i0,0.7368421052631579,0.26656082774136547
concentricCircles4,run-1783974441_i0,0.68,0.27174787392519806
concentricCircles4,run-1783974441_i0,0.7083333333333334,0.2797454620099117
concentricCircles4,run-1783974441_i0,0.17391304347826086,0.15058872922272465
concentricCircles4,run-1783974441_i0,0.45454545454545453,0.22279685094156076
concentricCircles4,run-1783974441_i0,0.39285714285714285,0.19209249915855156
concentricCircles4,run-1783974441_i0,0.35,0.21643426067508045
concentricCircles4,run-1783974441_i0,0.0,0.14750575516433478
concentricCircles4,run-1783974441_i0,0.0,0.08038306206017683
concentricCircles4,run-1783974441_i0,0.16666666666666666,0.1701796860157253
concentricCircles4,run-1783974441_i0,0.3333333333333333,0.21440258109362043
concentricCircles4,run-1783974441_i0,0.9473684210526315,0.29238581388231394
concentricCircles4,run-1783974441_i0,0.9230769230769231,0.3078493434944227
concentricCircles4,run-1783974441_i0,0.45454545454545453,0.24818183662988455
concentricCircles4,run-1783974441_i0,0.7037037037037037,0.2845743822624317
concentricCircles4,run-1783974441_i0,0.0,0.0
concentricCircles4,run-1783974441_i0,0.34782608695652173,0.22260487916823382
concentricCircles4,run-1783974441_i0,0.2,0.21552553970287977
concentricCircles4,run-1783974441_i0,0.0,0.13861375972839213
concentricCircles4,run-1783974441_i0,0.25925925925925924,0.19294135278249572
concentricCircles4,run-1783974441_i0,0.9047619047619048,0.31515346104231906
concentricCircles4,run-1783974441_i0,0.6666666666666666,0.2610205990538089
concentricCircles4,run-1783974441_i0,0.9230769230769231,0.29120410520154233
concentricCircles4,run-1783974441_i0,0.44,0.22668078215291532
concentricCircles4,run-1783974441_i0,0.7407407407407407,0.2567634301761734
concentricCircles4,run-1783974441_i0,0.2916666666666667,0.21456941279466488
concentricCircles4,run-1783974441_i0,0.15384615384615385,0.16092145723667065
concentricCircles4,run-1783974441_i0,1.0,0.5013608950960164
concentricCircles4,run-1783974441_i0,0.39285714285714285,0.1713606391471333
concentricCircles4,run-1783974441_i0,0.47368421052631576,0.23521115569504594
concentricCircles4,run-1783974441_i0,0.96,0.32893897396034694
concentricCircles4,run-1783974441_i0,0.7407407407407407,0.28623458435150767
concentricCircles4,run-1783974441_i0,0.038461538461538464,0.15235499685198686
concentricCircles4,run-1783974441_i0,1.0,0.5717081118161551
concentricCircles4,run-1783974441_i0,0.3181818181818182,0.23993100802475598
concentricCircles4,run-1783974441_i0,0.3,0.20145860131728704
concentricCircles4,run-1783974441_i0,0.5714285714285714,0.2433194822666565
concentricCircles4,run-1783974441_i0,0.42857142857142855,0.23537240995755157
concentricCircles4,run-1783974441_i0,0.045454545454545456,0.09728543253967528
concentricCircles4,run-1783974441_i0,0.7857142857142857,0.29139889627686155
concentricCircles4,run-1783974441_i0,0.36,0.2629955701794657
concentricCircles4,run-1783974441_i0,0.0,0.031005399794388572
concentricCircles4,run-1783974441_i0,0.9285714285714286,0.2899739656754001
concentricCircles4,run-1783974441_i0,0.45,0.2326081309985355
concentricCircles4,run-1783974441_i0,0.2222222222222222,0.17777797341315263
concentricCircles4,run-1783974441_i0,0.0,0.09633154979817889
concentricCircles4,run-1783974441_i0,0.39285714285714285,0.2119972231227426
concentricCircles4,run-1783974441_i0,0.5,0.231889205108488
concentricCircles4,run-1783974441_i0,0.3333333333333333,0.16497230131367285
concentricCircles4,run-1783974441_i0,0.13043478260869565,0.1555114970032588
concentricCircles4,run-1783974441_i0,0.8888888888888888,0.2853548205966649
concentricCircles4,run-1783974441_i0,0.20833333333333334,0.16357973034159198
concentricCircles4,run-1783974441_i0,0.4642857142857143,0.2161082602453481
concentricCircles4,run-1783974441_i0,0.0,0.006045089253964839
concentricCircles4,run-1783974441_i0,0.09090909090909091,0.11683106869152289
concentricCircles4,run-1783974441_i0,0.15,0.1489847804130533
concentricCircles4,run-1783974441_i0,0.5217391304347826,0.23128067171045907
concentricCircles4,run-1783974441_i0,1.0,0.32817215117114523
concentricCircles4,run-1783974441_i0,0.4230769230769231,0.21247002241375937
concentricCircles4,run-1783974441_i0,0.5925925925925926,0.24817223532367394
concentricCircles4,run-1783974441_i0,0.48148148148148145,0.2279682276291833
concentricCircles4,run-1783974441_i0,0.625,0.24973339531322633
concentricCircles4,run-1783974441_i0,0.9166666666666666,0.28495238980520204
concentricCircles4,run-1783974441_i0,0.21739130434782608,0.18409336211548843
concentricCircles4,run-1783974441_i0,0.7777777777777778,0.269791473318748
concentricCircles4,run-1783974441_i0,0.4,0.20331620837349978
concentricCircles4,run-1783974441_i0,0.1,0.16604044195764567
concentricCircles4,run-1783974441_i0,0.07692307692307693,0.11333946537235025
concentricCircles4,run-1783974441_i0,0.4090909090909091,0.2246147316181271
concentricCircles4,run-1783974441_i0,0.8461538461538461,0.29116117850953205
concentricCircles4,run-1783974441_i0,0.4782608695652174,0.24350774568403016
concentricCircles4,run-1783974441_i0,0.6,0.2408270211342165
concentricCircles4,run-1783974441_i0,0.3684210526315789,0.2070340724769717
concentricCircles4,run-1783974441_i0,0.4166666666666667,0.23912364613173667
concentricCircles4,run-1783974441_i0,0.8571428571428571,0.2807677663553495
concentricCircles4,run-1783974441_i0,0.92,0.29148323713473434
concentricCircles4,run-1783974441_i0,0.23809523809523808,0.16198307797532868
concentricCircles4,run-1783974441_i0,0.3333333333333333,0.22554584467325334
concentricCircles4,run-1783974441_i0,0.038461538461538464,0.05781759120339947
concentricCircles4,run-1783974441_i0,0.7142857142857143,0.2554182994875454
concentricCircles4,run-1783974441_i0,1.0,0.35722638930059375
concentricCircles4,run-1783974441_i0,0.48148148148148145,0.2371054706376053
concentricCircles4,run-1783974441_i0,0.8928571428571429,0.29214096624751823
concentricCircles4,run-1783974441_i0,0.07142857142857142,0.14418646543244107
concentricCircles4,run-1783974441_i0,0.375,0.22705579410172508
concentricCircles4,run-1783974441_i0,0.36,0.19536178505599755
concentricCircles4,run-1783974441_i0,0.21428571428571427,0.17589072645540813
concentricCircles4,run-1783974441_i0,0.8695652173913043,0.2723572964079407
concentricCircles4,run-1783974441_i0,1.0,0.647109019802938
concentricCircles4,run-1783974441_i0,0.09090909090909091,0.07821181097446768
concentricCircles4,run-1783974441_i0,0.0,0.023158764382291887
concentricCircles4,run-1783974441_i0,0.47368421052631576,0.20935358863659806
concentricCircles4,run-1783974441_i0,0.9583333333333334,0.29900766640395504
concentricCircles4,run-1783974441_i0,0.07692307692307693,0.0741135513309783
concentricCircles4,run-1783974441_i0,0.36363636363636365,0.20432975682209917
concentricCircles4,run-1783974441_i0,0.6842105263157895,0.26555213293407287
concentricCircles4,run-1783974441_i0,0.45,0.21501404229303148
concentricCircles4,run-1783974441_i0,0.7777777777777778,0.2664049802756142
concentricCircles4,run-1783974441_i0,0.13043478260869565,0.19602662843028063
concentricCircles4,run-1783974441_i0,0.9523809523809523,0.2863988443124606
concentricCircles4,run-1783974441_i0,0.2631578947368421,0.18933302626440648
concentricCircles4,run-1783974441_i0,0.07692307692307693,0.14085030966036605
concentricCircles4,run-1783974441_i0,0.6956521739130435,0.25015653893869527
concentricCircles4,run-1783974441_i0,0.2608695652173913,0.1919924669552776
concentricCircles4,run-1783974441_i0,0.1,0.1431377636791556
concentricCircles4,run-1783974441_i0,0.8571428571428571,0.2545386887810509
concentricCircles4,run-1783974441_i0,0.4166666666666667,0.21510354679427873
concentricCircles4,run-1783974441_i0,0.0,0.0071849554173623025
concentricCircles4,run-1783974441_i0,0.15384615384615385,0.15414407299236535
concentricCircles4,run-1783974441_i0,0.11538461538461539,0.14118886024416144
concentricCircles4,run-1783974441_i0,0.07142857142857142,0.12925851703406804
concentricCircles4,run-1783974441_i0,0.18181818181818182,0.2123838738538744
concentricCircles4,run-1783974441_i0,0.0,0.05852871042582375
concentricCircles4,run-1783974441_i0,0.4642857142857143,0.21250141476241013
concentricCircles4,run-1783974441_i0,1.0,0.34717256842737815
concentricCircles4,run-1783974441_i0,0.25,0.2259003540465556
concentricCircles4,run-1783974441_i0,0.43478260869565216,0.22359644894976607
concentricCircles4,run-1783974441_i0,0.6956521739130435,0.31051390114557653
concentricCircles4,run-1783974441_i0,0.46153846153846156,0.22039564306094142
concentricCircles4,run-1783974441_i0,0.08695652173913043,0.17116110827353487
concentricCircles4,run-1783974441_i0,0.7857142857142857,0.28065705442828925
concentricCircles4,run-1783974441_i0,0.75,0.29788258568500864
concentricCircles4,run-1783974441_i0,0.7692307692307693,0.2718047847571659
concentricCircles4,run-1783974441_i0,0.0,0.08118682390494776
concentricCircles4,run-1783974441_i0,0.35,0.20644430484642728
concentricCircles4,run-1783974441_i0,0.7,0.2872796195943325
concentricCircles4,run-1783974441_i0,0.07407407407407407,0.0690403744536116
concentricCircles4,run-1783974441_i0,0.5714285714285714,0.24677546517751692
concentricCircles4,run-1783974441_i0,0.0,0.00023451810754448977
concentricCircles4,run-1783974441_i0,0.041666666666666664,0.12171733604110291
concentricCircles4,run-1783974441_i0,0.48,0.24406732977228687
concentricCircles4,run-1783974441_i0,0.6190476190476191,0.26501393454119676
concentricCircles4,run-1783974441_i0,0.047619047619047616,0.15268370333967218
concentricCircles4,run-1783974441_i0,0.2,0.17200163448413774
concentricCircles4,run-1783974441_i0,0.7037037037037037,0.2787719131373369
concentricCircles4,run-1783974441_i0,0.9,0.27556122167828107
concentricCircles4,run-1783974441_i0,0.6818181818181818,0.26036026182373884
concentricCircles4,run-1783974441_i0,0.7142857142857143,0.29630591519866367
concentricCircles4,run-1783974441_i0,0.3333333333333333,0.19870235600494746
concentricCircles4,run-1783974441_i0,0.8181818181818182,0.2755897871478716
concentricCircles4,run-1783974441_i0,0.46153846153846156,0.24687215218712028
concentricCircles4,run-1783974441_i0,0.6,0.2661174576846925
concentricCircles4,run-1783974441_i0,0.15,0.12445821914908883
concentricCircles4,run-1783974441_i0,0.9583333333333334,0.34089180743576447
concentricCircles4,run-1783974441_i0,0.19230769230769232,0.1530230778531783
concentricCircles4,run-1783974441_i0,1.0,0.31342334803180016
concentricCircles4,run-1783974441_i0,0.6071428571428571,0.29507382457034625
concentricCircles4,run-1783974441_i0,1.0,0.6744521126938267
concentricCircles4,run-1783974441_i0,0.07692307692307693,0.05107470007914307
concentricCircles4,run-1783974441_i0,0.48,0.2302902149452937
concentricCircles4,run-1783974441_i0,0.15,0.16214302614561635
concentricCircles4,run-1783974441_i0,0.6,0.2582786005044577
concentricCircles4,run-1783974441_i0,1.0,0.5442493675201406
concentricCircles4,run-1783974441_i0,0.0,0.0002751410097674755
concentricCircles4,run-1783974441_i0,0.045454545454545456,0.12061374976703942
concentricCircles4,run-1783974441_i0,0.17391304347826086,0.18618353168363455
concentricCircles4,run-1783974441_i0,0.6785714285714286,0.2829388244883859
concentricCircles4,run-1783974441_i0,0.04,0.09975349092992755
concentricCircles4,run-1783974441_i0,0.25,0.2137774053762956
concentricCircles4,run-1783974441_i0,0.7307692307692307,0.30098676860097545
concentricCircles4,run-1783974441_i0,0.8888888888888888,0.32068863606859843
concentricCircles4,run-1783974441_i0,0.8518518518518519,0.32550295195724555
concentricCircles4,run-1783974441_i0,0.0,0.00196847470785756
concentricCircles4,run-1783974441_i0,0.4782608695652174,0.2109109529987452
concentricCircles4,run-1783974441_i0,0.0,0.15576579596451817
concentricCircles4,run-1783974441_i0,0.5833333333333334,0.2322489065367526
concentricCircles4,run-1783974441_i0,0.15789473684210525,0.18277893655830435
concentricCircles4,run-1783974441_i0,0.15384615384615385,0.1414126990229408
concentricCircles4,run-1783974441_i0,0.7272727272727273,0.27439627441096975
concentricCircles4,run-1783974441_i0,0.08333333333333333,0.08803880027725676
concentricCircles4,run-1783974441_i0,0.6,0.24011414209178616
concentricCircles4,run-1783974441_i0,0.0,0.0
concentricCircles4,run-1783974441_i0,0.4782608695652174,0.2440644101552619
concentricCircles4,run-1783974441_i0,0.12,0.1280994005353801
concentricCircles4,run-1783974441_i0,0.2,0.1896176951153093
concentricCircles4,run-1783974441_i0,0.3684210526315789,0.20217632516400305
concentricCircles4,run-1783974441_i0,0.34782608695652173,0.226815635053958
concentricCircles4,run-1783974441_i0,0.37037037037037035,0.2526635504428858
concentricCircles4,run-1783974441_i0,0.6071428571428571,0.26872103757460536
concentricCircles4,run-1783974441_i0,0.8695652173913043,0.33849770318334554
concentricCircles4,run-1783974441_i0,0.041666666666666664,0.054686174473340614
concentricCircles4,run-1783974441_i0,1.0,0.4725462102649279
concentricCircles4,run-1783974441_i0,0.14814814814814814,0.1601157513427989
concentricCircles4,run-1783974441_i0,0.4,0.19208591455702978
concentricCircles4,run-1783974441_i0,0.5,0.22525965860133682
concentricCircles4,run-1783974441_i0,0.43478260869565216,0.23140388248060764
concentricCircles4,run-1783974441_i0,0.9615384615384616,0.34016036244391207
concentricCircles4,run-1783974441_i0,0.5714285714285714,0.26704226042494783
concentricCircles4,run-1783974441_i0,0.6666666666666666,0.2639294413095112
concentricCircles4,run-1783974441_i0,0.9047619047619048,0.3048726248251459
concentricCircles4,run-1783974441_i0,0.5416666666666666,0.2701406900888156
concentricCircles4,run-1783974441_i0,0.14285714285714285,0.12486520826124603
concentricCircles4,run-1783974441_i0,0.0,0.0016402769577584738
concentricCircles4,run-1783974441_i0,0.4,0.236967503618216
concentricCircles4,run-1783974441_i0,0.8333333333333334,0.3194799623602347
concentricCircles4,run-1783974441_i0,0.6923076923076923,0.2896152427196021
concentricCircles4,run-1783974441_i0,0.05,0.10009632318995045
concentricCircles4,run-1783974441_i0,0.2857142857142857,0.18003400655248214
concentricCircles4,run-1783974441_i0,0.0,0.0
concentricCircles4,run-1783974441_i0,0.5217391304347826,0.20767290949519315
concentricCircles4,run-1783974441_i0,0.52,0.194818038622379
concentricCircles4,run-1783974441_i0,0.35,0.18556842845351992
concentricCircles4,run-1783974441_i0,0.6428571428571429,0.263114214402744
concentricCircles4,run-1783974441_i0,0.05,0.1452353655941291
concentricCircles4,run-1783974441_i0,0.52,0.23613195539428938
concentricCircles4,run-1783974441_i0,0.7857142857142857,0.30691751640990517
concentricCircles4,run-1783974441_i0,0.18518518518518517,0.1718012143017765
concentricCircles4,run-1783974441_i0,0.16666666666666666,0.13223137456791942
concentricCircles4,run-1783974441_i0,0.23809523809523808,0.16766414533536161
concentricCircles4,run-1783974441_i0,0.7142857142857143,0.30572742754463417
concentricCircles4,run-1783974441_i0,0.038461538461538464,0.10897494628943694
concentricCircles4,run-1783974441_i0,0.4,0.19492599052992526
concentricCircles4,run-1783974441_i0,0.24,0.16496587573880217
concentricCircles4,run-1783974441_i0,0.12,0.16581850177163412
concentricCircles4,run-1783974441_i0,0.48,0.20263564145205434
concentricCircles4,run-1783974441_i0,0.8571428571428571,0.3129080856983403
concentricCircles4,run-1783974441_i0,0.7272727272727273,0.30708092380273827
concentricCircles4,run-1783974441_i0,0.07692307692307693,0.14995937101945803
concentricCircles4,run-1783974441_i0,0.7037037037037037,0.26324280037197956
concentricCircles4,run-1783974441_i0,0.25925925925925924,0.14667621013735205
concentricCircles4,run-1783974441_i0,0.35,0.15956231331112
concentricCircles4,run-1783974441_i0,0.6666666666666666,0.2796388295680192
concentricCircles4,run-1783974441_i0,0.5,0.20528841380679752
concentricCircles4,run-1783974441_i0,0.7777777777777778,0.2750934882125925
concentricCircles4,run-1783974441_i0,0.42857142857142855,0.20313839043250947
concentricCircles4,run-1783974441_i0,0.17391304347826086,0.13879293301461207
concentricCircles4,run-1783974441_i0,0.09523809523809523,0.20115391570478589
concentricCircles4,run-1783974441_i0,0.0,0.041853721941708756
concentricCircles4,run-1783974441_i0,0.125,0.14249584533770687
concentricCircles4,run-1783974441_i0,0.047619047619047616,0.06825984704355106
concentricCircles4,run-1783974441_i0,0.10714285714285714,0.09615967087671445
concentricCircles4,run-1783974441_i0,0.10714285714285714,0.1201415452765549
concentricCircles4,run-1783974441_i0,0.4782608695652174,0.21218826226623833
concentricCircles4,run-1783974441_i0,0.32,0.16480543742353188
concentricCircles4,run-1783974441_i0,0.7727272727272727,0.273934087784302
concentricCircles4,run-1783974441_i0,0.8,0.27601612116659857
concentricCircles4,run-1783974441_i0,0.8888888888888888,0.33515363421836203
concentricCircles4,run-1783974441_i0,0.16666666666666666,0.16561054915192505
concentricCircles4,run-1783974441_i0,0.12,0.16353111432706224
concentricCircles4,run-1783974441_i0,0.2962962962962963,0.1789340300048496
concentricCircles4,run-1783974441_i0,0.5714285714285714,0.2268688247581371
concentricCircles4,run-1783974441_i0,0.23809523809523808,0.20166542715500588
concentricCircles4,run-1783974441_i0,0.5652173913043478,0.24764462633755388
concentricCircles4,run-1783974441_i0,0.038461538461538464,0.12706613301845854
concentricCircles4,run-1783974441_i0,0.0,0.12704124149425214
concentricCircles4,run-1783974441_i0,0.3333333333333333,0.23437853314624663
concentricCircles4,run-1783974441_i0,0.10526315789473684,0.14804785905307902
concentricCircles4,run-1783974441_i0,0.23076923076923078,0.18792549580972734
concentricCircles4,run-1783974441_i0,0.24,0.18886262015409486
concentricCircles4,run-1783974441_i0,0.7083333333333334,0.2873136176004105
concentricCircles4,run-1783974441_i0,0.36363636363636365,0.24171657007080127
concentricCircles4,run-1783974441_i0,0.46153846153846156,0.23421523026062888
concentricCircles4,run-1783974441_i0,0.0,0.0
concentricCircles4,run-1783974441_i0,0.6296296296296297,0.25686117893373756
concentricCircles4,run-1783974441_i0,0.3333333333333333,0.21852654955666126
concentricCircles4,run-1783974441_i0,0.21052631578947367,0.1952367501627578
concentricCircles4,run-1783974441_i0,0.125,0.16909942796995564
concentricCircles4,run-1783974441_i0,0.43478260869565216,0.2337222920407416
concentricCircles4,run-1783974441_i0,0.56,0.2573753924722472
concentricCircles4,run-1783974441_i0,0.8260869565217391,0.3161174530959785
concentricCircles4,run-1783974441_i0,0.23809523809523808,0.18488846920785765
concentricCircles4,run-1783974441_i0,0.0,0.05623723321828548
concentricCircles4,run-1783974441_i0,0.7307692307692307,0.28667371799022884
concentricCircles4,run-1783974441_i0,0.18181818181818182,0.1782512999938618
concentricCircles4,run-1783974441_i0,0.25,0.18810678575028317
concentricCircles4,run-1783974441_i0,0.9523809523809523,0.3534277966224438
concentricCircles4,run-1783974441_i0,0.8076923076923077,0.3240277115735331
concentricCircles4,run-1783974441_i0,0.6666666666666666,0.2614612629014216
concentricCircles4,run-1783974441_i0,0.30434782608695654,0.21129324248708078
concentricCircles4,run-1783974441_i0,0.72,0.2894655241298294
concentricCircles4,run-1783974441_i0,0.21428571428571427,0.1763555482807243
concentricCircles4,run-1783974441_i0,0.25,0.2107163047454358
concentricCircles4,run-1783974441_i0,0.7,0.29534478523077273
concentricCircles4,run-1783974441_i0,0.037037037037037035,0.12363257998293946
concentricCircles4,run-1783974441_i0,0.18181818181818182,0.1870294221312163
concentricCircles4,run-1783974441_i0,0.08333333333333333,0.15472038346196298
concentricCircles4,run-1783974441_i0,0.23809523809523808,0.20917487551101827
concentricCircles4,run-1783974441_i0,0.8846153846153846,0.3328506086041332
concentricCircles4,run-1783974441_i0,0.17391304347826086,0.1763862823231067
concentricCircles4,run-1783974441_i0,0.09523809523809523,0.14600364148181125
concentricCircles4,run-1783974441_i0,0.6842105263157895,0.28179063413741345
concentricCircles4,run-1783974441_i0,0.5,0.25925897683044374
concentricCircles4,run-1783974441_i0,0.3333333333333333,0.21990957945918277
concentricCircles4,run-1783974441_i0,0.03571428571428571,0.12341282609209393
concentricCircles4,run-1783974441_i0,0.24,0.16216165190930368
concentricCircles4,run-1783974441_i0,0.42105263157894735,0.2292452251755112
concentricCircles4,run-1783974441_i0,0.19230769230769232,0.17176123273395208
concentricCircles4,run-1783974441_i0,0.18181818181818182,0.15170664920950017
concentricCircles4,run-1783974441_i0,0.7916666666666666,0.29244494210967925
concentricCircles4,run-1783974441_i0,0.75,0.3107021418305465
concentricCircles4,run-1783974441_i0,0.96,0.32370183969339805
concentricCircles4,run-1783974441_i0,0.5652173913043478,0.2835624716261151
concentricCircles4,run-1783974441_i0,0.3,0.21352398621088914
concentricCircles4,run-1783974441_i0,0.5357142857142857,0.23892293576257864
concentricCircles4,run-1783974441_i0,0.25925925925925924,0.16311080288513144
concentricCircles4,run-1783974441_i0,0.4782608695652174,0.2684576152348237
concentricCircles4,run-1783974441_i0,0.6086956521739131,0.2521488985819927
concentricCircles4,run-1783974441_i0,0.19047619047619047,0.1621012682049619
concentricCircles4,run-1783974441_i0,0.5714285714285714,0.2860018787397341
concentricCircles4,run-1783974441_i0,0.6153846153846154,0.26614809579802234
concentricCircles4,run-1783974441_i0,0.32,0.19190768155110055
concentricCircles4,run-1783974441_i0,0.2608695652173913,0.20194568932969206
concentricCircles4,run-1783974441_i0,0.4074074074074074,0.20117632467083146
concentricCircles4,run-1783974441_i0,0.65,0.2610775874704729
concentricCircles4,run-1783974441_i0,0.19230769230769232,0.18508599808072962
concentricCircles4,run-1783974441_i0,0.45454545454545453,0.21374206847682553
concentricCircles4,run-1783974441_i0,0.6785714285714286,0.2474912721082546
concentricCircles4,run-1783974441_i0,0.9166666666666666,0.307066630016336
concentricCircles4,run-1783974441_i0,0.6363636363636364,0.2344229402006478
concentricCircles4,run-1783974441_i0,0.043478260869565216,0.07798840111123324
concentricCircles4,run-1783974441_i0,0.9230769230769231,0.3196845353628574
concentricCircles4,run-1783974441_i0,0.2727272727272727,0.19809575861390957
concentricCircles4,run-1783974441_i0,0.48,0.22053628617456958
concentricCircles4,run-1783974441_i0,0.037037037037037035,0.04609445865022709
concentricCircles4,run-1783974441_i0,0.05,0.14446314505843796
concentricCircles4,run-1783974441_i0,0.0,0.0
concentricCircles4,run-1783974441_i0,0.42857142857142855,0.21394754098360652
concentricCircles4,run-1783974441_i0,0.041666666666666664,0.16667873053056873
concentricCircles4,run-1783974441_i0,0.5217391304347826,0.22945328194593298
concentricCircles4,run-1783974441_i0,0.0,0.1035269312228503
concentricCircles4,run-1783974441_i0,0.05263157894736842,0.1634013554391777
concentricCircles4,run-1783974441_i0,0.13043478260869565,0.15047084717048673
concentricCircles4,run-1783974441_i0,0.875,0.3273144494597846
concentricCircles4,run-1783974441_i0,0.4,0.22018214421311624
concentricCircles4,run-1783974441_i0,0.8571428571428571,0.2875782577326786
concentricCircles4,run-1783974441_i0,0.375,0.19379801024218496
concentricCircles4,run-1783974441_i0,0.52,0.22996306518712836
concentricCircles4,run-1783974441_i0,0.92,0.3303936318988315
concentricCircles4,run-1783974441_i0,1.0,0.5728432473854245
concentricCircles4,run-1783974441_i0,0.7727272727272727,0.2836016840453305
concentricCircles4,run-1783974441_i0,0.08333333333333333,0.10334937402941008
concentricCircles4,run-1783974441_i0,0.25925925925925924,0.21300525109039722
concentricCircles4,run-1783974441_i0,0.6086956521739131,0.2760782358616423
concentricCircles4,run-1783974441_i0,0.6428571428571429,0.2690783793783917
concentricCircles4,run-1783974441_i0,0.9090909090909091,0.336184591360069
concentricCircles4,run-1783974441_i0,0.13043478260869565,0.15149990377875824
concentricCircles4,run-1783974441_i0,0.0,0.009416476069822228
concentricCircles4,run-1783974441_i0,0.0,0.002192724181422232
concentricCircles4,run-1783974441_i0,0.5,0.2677275018811699
concentricCircles4,run-1783974441_i0,0.1111111111111111,0.11726347295167312
concentricCircles4,run-1783974441_i0,0.03571428571428571,0.11344353175810434
concentricCircles4,run-1783974441_i0,0.0,0.0
concentricCircles4,run-1783974441_i0,0.5714285714285714,0.2118761209545678
concentricCircles4,run-1783974441_i0,0.4,0.21720032922466267
concentricCircles4,run-1783974441_i0,0.2,0.13569705520913927
concentricCircles4,run-1783974441_i0,0.7,0.2626477465840854
concentricCircles4,run-1783974441_i0,0.4090909090909091,0.20557231314542104
concentricCircles4,run-1783974441_i0,0.041666666666666664,0.048405946339111335
concentricCircles4,run-1783974441_i0,0.38461538461538464,0.2364042518057331
concentricCircles4,run-1783974441_i0,0.8148148148148148,0.29296876726211607
concentricCircles4,run-1783974441_i0,0.9130434782608695,0.29126233471446056
concentricCircles4,run-1783974441_i0,0.2,0.1982155631168574
concentricCircles4,run-1783974441_i0,0.8095238095238095,0.29020069076594274
concentricCircles4,run-1783974441_i0,0.88,0.344597914430723
concentricCircles4,run-1783974441_i0,0.5416666666666666,0.25649351660639585
concentricCircles4,run-1783974441_i0,0.0,0.01677817677286307
concentricCircles4,run-1783974441_i0,0.09090909090909091,0.12883505474777796
concentricCircles4,run-1783974441_i0,0.07407407407407407,0.15022257510761172
concentricCircles4,run-1783974441_i0,0.48148148148148145,0.22497130545401067
concentricCircles4,run-1783974441_i0,0.42105263157894735,0.18098225715834443
concentricCircles4,run-1783974441_i0,0.88,0.3166842951696039
concentricCircles4,run-1783974441_i0,0.47619047619047616,0.20765694905589385
concentricCircles4,run-1783974441_i0,0.9166666666666666,0.3351863323440775
concentricCircles4,run-1783974441_i0,0.4,0.19114019523077658
concentricCircles4,run-1783974441_i0,0.8148148148148148,0.2803529036393919
concentricCircles4,run-1783974441_i0,0.09090909090909091,0.1612976566179296
concentricCircles4,run-1783974441_i0,0.875,0.3063463840800155
concentricCircles4,run-1783974441_i0,0.08695652173913043,0.16077315442076817
concentricCircles4,run-1783974441_i0,0.34615384615384615,0.17356243631912577
concentricCircles4,run-1783974441_i0,0.2,0.18830236842230746
concentricCircles4,run-1783974441_i0,0.5,0.23613110077359997
concentricCircles4,run-1783974441_i0,0.8636363636363636,0.28694536948648625
concentricCircles4,run-1783974441_i0,1.0,0.3543624933581208
concentricCircles4,run-1783974441_i0,0.08,0.1410168134654615
concentricCircles4,run-1783974441_i0,0.7894736842105263,0.25601375100679213
concentricCircles4,run-1783974441_i0,0.9,0.30636397810011423
concentricCircles4,run-1783974441_i0,0.8571428571428571,0.2889559439367988
concentricCircles4,run-1783974441_i0,0.0,0.043246720312722274
concentricCircles4,run-1783974441_i0,0.14285714285714285,0.13515167632668976
concentricCircles4,run-1783974441_i0,0.5909090909090909,0.26217889570880304
concentricCircles4,run-1783974441_i0,0.6190476190476191,0.25312482164260025
concentricCircles4,run-1783974441_i0,0.9,0.3102204177314695
concentricCircles4,run-1783974441_i0,0.6071428571428571,0.2750234858826283
concentricCircles4,run-1783974441_i0,0.043478260869565216,0.10363503996616304
concentricCircles4,run-1783974441_i0,0.36,0.20228519882733217
concentricCircles4,run-1783974441_i0,0.7037037037037037,0.2710526934193933
concentricCircles4,run-1783974441_i0,0.9230769230769231,0.40308341019897215
concentricCircles4,run-1783974441_i0,0.9090909090909091,0.3106393396951183
concentricCircles4,run-1783974441_i0,0.6428571428571429,0.26023401921559874
concentricCircles4,run-1783974441_i0,0.3333333333333333,0.15555816284803767
concentricCircles4,run-1783974441_i0,0.6521739130434783,0.28397355596909546
concentricCircles4,run-1783974441_i0,0.9615384615384616,0.5562084178318568
concentricCircles4,run-1783974441_i0,0.09090909090909091,0.16669547396232007
concentricCircles4,run-1783974441_i0,0.5454545454545454,0.2353270956386184
concentricCircles4,run-1783974441_i0,0.43478260869565216,0.21731938692909278
concentricCircles4,run-1783974441_i0,0.9259259259259259,0.545037054811588
concentricCircles4,run-1783974441_i0,0.1,0.1440475580006886
concentricCircles4,run-1783974441_i0,0.7083333333333334,0.2539543750196931
concentricCircles4,run-1783974441_i0,0.12,0.15787689792485693
concentricCircles4,run-1783974441_i0,0.07142857142857142,0.12377709739377044
concentricCircles4,run-1783974441_i0,0.7142857142857143,0.2700805195972793
concentricCircles4,run-1783974441_i0,0.34615384615384615,0.17748512511069875
concentricCircles4,run-1783974441_i0,0.07692307692307693,0.12653602090332206
concentricCircles4,run-1783974441_i0,0.3333333333333333,0.245898916804525
concentricCircles4,run-1783974441_i0,0.875,0.3198078094143224
concentricCircles4,run-1783974441_i0,0.8181818181818182,0.2832746830947029
concentricCircles4,run-1783974441_i0,0.2727272727272727,0.18805537685866558
concentricCircles4,run-1783974441_i0,0.0,0.027236567939379973
concentricCircles4,run-1783974441_i0,0.75,0.2797557986473605
concentricCircles4,run-1783974441_i0,1.0,0.5680702848825119
concentricCircles4,run-1783974441_i0,0.07407407407407407,0.12217871091553137
concentricCircles4,run-1783974441_i0,0.84,0.2769631646491623
concentricCircles4,run-1783974441_i0,0.7857142857142857,0.2739051296600615
concentricCircles4,run-1783974441_i0,0.7619047619047619,0.27372990036499945
concentricCircles4,run-1783974441_i0,0.375,0.20112405205057557
concentricCircles4,run-1783974441_i0,0.5,0.20349327618662652
concentricCircles4,run-1783974441_i0,0.08695652173913043,0.1551321401666725
concentricCircles4,run-1783974441_i0,0.45,0.2175272824061751
concentricCircles4,run-1783974441_i0,0.9047619047619048,0.3331424592023547
concentricCircles4,run-1783974441_i0,0.07692307692307693,0.13856342520801643
concentricCircles4,run-1783974441_i0,0.045454545454545456,0.20532631329239037
concentricCircles4,run-1783974441_i0,1.0,0.5873659108617121
concentricCircles4,run-1783974441_i0,1.0,0.5945253649756683
concentricCircles4,run-1783974441_i0,0.5384615384615384,0.2275893850309868
concentricCircles4,run-1783974441_i0,0.7142857142857143,0.2496344507985664
concentricCircles4,run-1783974441_i0,0.7142857142857143,0.24616475542213462
concentricCircles4,run-1783974441_i0,0.5925925925925926,0.24595172286131511
concentricCircles4,run-1783974441_i0,0.0,0.09399156435705665
concentricCircles4,run-1783974441_i0,0.8888888888888888,0.29720477770295567
concentricCircles4,run-1783974441_i0,0.7391304347826086,0.2730633333233436
concentricCircles4,run-1783974441_i0,0.12,0.12551153725718847
concentricCircles4,run-1783974441_i0,0.4,0.2090976734810036
concentricCircles4,run-1783974441_i0,0.6538461538461539,0.2436038866482512
concentricCircles4,run-1783974441_i0,0.09090909090909091,0.12922238474883677
concentricCircles4,run-1783974441_i0,0.18518518518518517,0.1351645295183214
concentricCircles4,run-1783974441_i0,0.9523809523809523,0.5518784921837864
concentricCircles4,run-1783974441_i0,0.9285714285714286,0.5415343375505509
concentricCircles4,run-1783974441_i0,0.45,0.20133519751777176
concentricCircles4,run-1783974441_i0,0.391304347826087,0.19697089628528075
concentricCircles4,run-1783974441_i0,0.7857142857142857,0.29503404676444955
concentricCircles4,run-1783974441_i0,0.0,0.0
concentricCircles4,run-1783974441_i0,1.0,0.5763176641161238
concentricCircles4,run-1783974441_i0,0.55,0.23028450141743045
concentricCircles4,run-1783974441_i0,0.9047619047619048,0.3373870232934088
concentricCircles4,run-1783974441_i0,0.8421052631578947,0.32242594213705966
concentricCircles4,run-1783974441_i0,0.3333333333333333,0.18759564626786115
concentricCircles4,run-1783974441_i0,0.04,0.1187411695948463
concentricCircles4,run-1783974441_i0,0.6818181818181818,0.2656870272908422
concentricCircles4,run-1783974441_i0,0.47368421052631576,0.194931042867466
concentricCircles4,run-1783974441_i0,0.34782608695652173,0.1614592241719346
concentricCircles4,run-1783974441_i0,0.8181818181818182,0.4182798127295683
concentricCircles4,run-1783974441_i0,0.7619047619047619,0.23803131991051457
concentricCircles4,run-1783974441_i0,0.16666666666666666,0.12490544192145718
concentricCircles4,run-1783974441_i0,0.4074074074074074,0.1687577894905412
concentricCircles4,run-1783974441_i0,0.7857142857142857,0.2706087948722752
concentricCircles4,run-1783974441_i0,0.2,0.15713544110275252
concentricCircles4,run-1783974441_i0,0.32,0.1672756665392559
concentricCircles4,run-1783974441_i0,0.47619047619047616,0.22597410620228642
concentricCircles4,run-1783974441_i0,0.0,0.0
concentricCircles4,run-1783974441_i0,0.05,0.056109462246591975
concentricCircles4,run-1783974441_i0,0.25925925925925924,0.13134220683187248
concentricCircles4,run-1783974441_i0,0.5454545454545454,0.17109252429407878
concentricCircles4,run-1783974441_i0,0.96,0.3273149052343463
concentricCircles4,run-1783974441_i0,0.5769230769230769,0.19740190762830023
concentricCircles4,run-1783974441_i0,0.9166666666666666,0.2915893372725441
concentricCircles4,run-1783974441_i0,0.5,0.21488189278510808
concentricCircles4,run-1783974441_i0,0.2777777777777778,0.15483635448583105
concentricCircles4,run-1783974441_i0,0.08,0.10790401485753974
concentricCircles4,run-1783974441_i0,0.46153846153846156,0.15958725269435164
concentricCircles4,run-1783974441_i0,0.7037037037037037,0.23944419271049389
concentricCircles4,run-1783974441_i0,0.6666666666666666,0.2202337765735456
concentricCircles4,run-1783974441_i0,0.875,0.2602378388528809
concentricCircles4,run-1783974441_i0,0.3684210526315789,0.17687752269765755
concentricCircles4,run-1783974441_i0,0.36363636363636365,0.17774454618693827
concentricCircles4,run-1783974441_i0,0.7142857142857143,0.2947185521705734
concentricCircles4,run-1783974441_i0,0.9,0.2866476926033416
concentricCircles4,run-1783974441_i0,0.8076923076923077,0.2901401819411353
concentricCircles4,run-1783974441_i0,0.8148148148148148,0.2946699388666823
concentricCircles4,run-1783974441_i0,0.6521739130434783,0.23013925159431203
concentricCircles4,run-1783974441_i0,0.8,0.23904547077096008
concentricCircles4,run-1783974441_i0,0.2631578947368421,0.10903873479174685
concentricCircles4,run-1783974441_i0,0.5454545454545454,0.22340993772636075
concentricCircles4,run-1783974441_i0,0.9583333333333334,0.344002886238632
concentricCircles4,run-1783974441_i0,0.0,0.0
concentricCircles4,run-1783974441_i0,0.4782608695652174,0.26053242089428913
concentricCircles4,run-1783974441_i0,0.09523809523809523,0.07677992532309069
concentricCircles4,run-1783974441_i0,0.47619047619047616,0.21212685808750803
concentricCircles4,run-1783974441_i0,0.95,0.3119456549602666
concentricCircles4,run-1783974441_i0,0.4166666666666667,0.18940371686498944
concentricCircles4,run-1783974441_i0,0.85,0.29699772208904923
concentricCircles4,run-1783974441_i0,0.07692307692307693,0.0624665981908885
concentricCircles4,run-1783974441_i0,0.8260869565217391,0.2948093229851032
concentricCircles4,run-1783974441_i0,0.6363636363636364,0.24644735758341185
concentricCircles4,run-1783974441_i0,0.0,0.0
concentricCircles4,run-1783974441_i0,0.12,0.09457239234885961
concentricCircles4,run-1783974441_i0,0.2631578947368421,0.19542091641603201
concentricCircles4,run-1783974441_i0,0.55,0.1818665889629502
concentricCircles4,run-1783974441_i0,0.16666666666666666,0.1282738940102493
concentricCircles4,run-1783974441_i0,0.7272727272727273,0.24346044093566122
concentricCircles4,run-1783974441_i0,0.30434782608695654,0.20031394926702573
concentricCircles4,run-1783974441_i0,0.14285714285714285,0.16418130373234216
concentricCircles4,run-1783974441_i0,0.9130434782608695,0.27282482206366027
concentricCircles4,run-1783974441_i0,0.23809523809523808,0.10922795967426348
concentricCircles4,run-1783974441_i0,0.6190476190476191,0.2076615512461601
concentricCircles4,run-1783974441_i0,0.10526315789473684,0.09695505810304486
concentricCircles4,run-1783974441_i0,0.07692307692307693,0.11398644906777515
concentricCircles4,run-1783974441_i0,0.29411764705882354,0.12463828523687348
concentricCircles4,run-1783974441_i0,0.7058823529411765,0.2568784896324549
concentricCircles4,run-1783974441_i0,0.4,0.17046578698057607
concentricCircles4,run-1783974441_i0,0.8636363636363636,0.2861640670546627
concentricCircles4,run-1783974441_i0,0.6666666666666666,0.2666917835399042
concentricCircles4,run-1783974441_i0,0.8666666666666667,0.3050558954090659
concentricCircles4,run-1783974441_i0,0.43478260869565216,0.19460607531728966
concentricCircles4,run-1783974441_i0,0.9375,0.33649868292778307
concentricCircles4,run-1783974441_i0,0.2631578947368421,0.12549573720979676
concentricCircles4,run-1783974441_i0,0.5555555555555556,0.2498868796986265
concentricCircles4,run-1783974441_i0,0.08333333333333333,0.06687658388748542
concentricCircles4,run-1783974441_i0,0.7368421052631579,0.24279205900395343
concentricCircles4,run-1783974441_i0,0.3333333333333333,0.1568084431890635
concentricCircles4,run-1783974441_i0,0.375,0.14302401611677593
concentricCircles4,run-1783974441_i0,0.4666666666666667,0.20037846002409926
concentricCircles4,run-1783974441_i0,0.6190476190476191,0.2260037739049994
concentricCircles4,run-1783974441_i0,0.6153846153846154,0.24025710635579697
concentricCircles4,run-1783974441_i0,0.6153846153846154,0.22979234263465284
concentricCircles4,run-1783974441_i0,0.45,0.1809513000022356
concentricCircles4,run-1783974441_i0,0.04,0.07711365517497931
concentricCircles4,run-1783974441_i0,0.8,0.2544006844174947
concentricCircles4,run-1783974441_i0,0.8235294117647058,0.25453479943864404
concentricCircles4,run-1783974441_i0,0.2857142857142857,0.1572517570733465
concentricCircles4,run-1783974441_i0,1.0,0.5699628716130222
concentricCircles4,run-1783974441_i0,0.2692307692307692,0.1772523242669015
concentricCircles4,run-1783974441_i0,0.375,0.18021695528122264
concentricCircles4,run-1783974441_i0,0.6666666666666666,0.24740961737155748
concentricCircles4,run-1783974441_i0,0.55,0.19683112939414082
concentricCircles4,run-1783974441_i0,0.5,0.20128043955592245
concentricCircles4,run-1783974441_i0,0.0,0.0
concentricCircles4,run-1783974441_i0,0.8,0.2376573525261078
concentricCircles4,run-1783974441_i0,0.8260869565217391,0.29667677949594673
concentricCircles4,run-1783974441_i0,0.625,0.27736429477859165
concentricCircles4,run-1783974441_i0,0.47368421052631576,0.17896989520383394
concentricCircles4,run-1783974441_i0,0.7894736842105263,0.29030336475586427
concentricCircles4,run-1783974441_i0,0.8947368421052632,0.24813275414856723
concentricCircles4,run-1783974441_i0,0.2777777777777778,0.15467716390358321
concentricCircles4,run-1783974441_i0,0.5714285714285714,0.2529247638908169
concentricCircles4,run-1783974441_i0,0.45,0.24937046469134935
concentricCircles4,run-1783974441_i0,0.2,0.15900035041200508
concentricCircles4,run-1783974441_i0,0.29411764705882354,0.1642254349406904
concentricCircles4,run-1783974441_i0,0.28,0.2089142415160012
concentricCircles4,run-1783974441_i0,0.6,0.255148574229274
concentricCircles4,run-1783974441_i0,1.0,0.561958097246014
concentricCircles4,run-1783974441_i0,0.5789473684210527,0.1972066299074395
concentricCircles4,run-1783974441_i0,0.0,0.06427264911745294
concentricCircles4,run-1783974441_i0,0.8823529411764706,0.28744193300111626
concentricCircles4,run-1783974441_i0,0.3333333333333333,0.14073401719122514
concentricCircles4,run-1783974441_i0,0.8571428571428571,0.33266069846112484
concentricCircles4,run-1783974441_i0,0.375,0.15777977483212266
concentricCircles4,run-1783974441_i0,1.0,0.5553091568449683
concentricCircles4,run-1783974441_i0,0.4666666666666667,0.1721583470632764
concentricCircles4,run-1783974441_i0,0.6,0.21496312251158547
concentricCircles4,run-1783974441_i0,0.75,0.24718165543337978
concentricCircles4,run-1783974441_i0,0.8461538461538461,0.266576777457299
concentricCircles4,run-1783974441_i0,0.48,0.1931591145208983
concentricCircles4,run-1783974441_i0,0.9444444444444444,0.3106863587211839
concentricCircles4,run-1783974441_i0,0.0,0.02390858482273655
concentricCircles4,run-1783974441_i0,0.14285714285714285,0.10813296274879226
concentricCircles4,run-1783974441_i0,0.4375,0.19844330823382036
concentricCircles4,run-1783974441_i0,0.8181818181818182,0.25381253688527644
concentricCircles4,run-1783974441_i0,0.0,0.05035341190390927
concentricCircles4,run-1783974441_i0,0.8461538461538461,0.3173530079580885
concentricCircles4,run-1783974441_i0,0.2777777777777778,0.15633721386713875
concentricCircles4,run-1783974441_i0,0.6153846153846154,0.20287773405710172
concentricCircles4,run-1783974441_i0,0.23529411764705882,0.16007637338016997
concentricCircles4,run-1783974441_i0,0.5882352941176471,0.23604157734116882
concentricCircles4,run-1783974441_i0,0.9565217391304348,0.3135528089604516
concentricCircles4,run-1783974441_i0,0.5,0.1713451453166461
concentricCircles4,run-1783974441_i0,0.1111111111111111,0.11911886420067491
concentricCircles4,run-1783974441_i0,0.6842105263157895,0.19299622101828903
concentricCircles4,run-1783974441_i0,0.5,0.1718877167517691
concentricCircles4,run-1783974441_i0,0.125,0.21381601614411574
concentricCircles4,run-1783974441_i0,0.4,0.12935757748536714
concentricCircles4,run-1783974441_i0,0.4444444444444444,0.19808800531642304
concentricCircles4,run-1783974441_i0,0.8125,0.2704728299441955
concentricCircles4,run-1783974441_i0,0.5454545454545454,0.19834128665118528
concentricCircles4,run-1783974441_i0,0.0,0.0
concentricCircles4,run-1783974441_i0,0.8333333333333334,0.2828122706590342
concentricCircles4,run-1783974441_i0,1.0,0.6192082836008118
concentricCircles4,run-1783974441_i0,0.5,0.19289925854695444
concentricCircles4,run-1783974441_i0,0.8,0.25408001277354897
concentricCircles4,run-1783974441_i0,0.8235294117647058,0.3443475458371684
concentricCircles4,run-1783974441_i0,0.30434782608695654,0.22037817454255734
concentricCircles4,run-1783974441_i0,0.5263157894736842,0.21003898635477586
concentricCircles4,run-1783974441_i0,0.0,0.095190152966776
concentricCircles4,run-1783974441_i0,0.0,0.05888163675920701
concentricCircles4,run-1783974441_i0,0.8888888888888888,0.49852114349065574
concentricCircles4,run-1783974441_i0,0.15,0.16664646860686852
concentricCircles4,run-1783974441_i0,0.08695652173913043,0.12560344534738452
concentricCircles4,run-1783974441_i0,0.6153846153846154,0.25116283369359743
concentricCircles4,run-1783974441_i0,0.45454545454545453,0.2086531402255891
concentricCircles4,run-1783974441_i0,0.058823529411764705,0.07383705104796032
concentricCircles4,run-1783974441_i0,0.35714285714285715,0.1873392573074416
concentricCircles4,run-1783974441_i0,0.7,0.2541591558321006
concentricCircles4,run-1783974441_i0,0.2857142857142857,0.15283371377891508
concentricCircles4,run-1783974441_i0,0.18181818181818182,0.12689833797761396
concentricCircles4,run-1783974441_i0,0.0,0.05922687768584436
concentricCircles4,run-1783974441_i0,1.0,0.5963655807321534
concentricCircles4,run-1783974441_i0,0.6666666666666666,0.3090507726269316
concentricCircles4,run-1783974441_i0,0.4166666666666667,0.24234202276061087
concentricCircles4,run-1783974441_i0,0.46153846153846156,0.25646959385152923
concentricCircles4,run-1783974441_i0,0.6666666666666666,0.2891478984363793
concentricCircles4,run-1783974441_i0,0.26666666666666666,0.12672455770167185
concentricCircles4,run-1783974441_i0,0.6875,0.29917690001415437
concentricCircles4,run-1783974441_i0,0.8148148148148148,0.29621059595029914
concentricCircles4,run-1783974441_i0,0.21428571428571427,0.15172550064002888
concentricCircles4,run-1783974441_i0,0.7272727272727273,0.2970651717946448
concentricCircles4,run-1783974441_i0,0.875,0.5677966672560857
concentricCircles4,run-1783974441_i0,0.9230769230769231,0.31077446415184573
concentricCircles4,run-1783974441_i0,0.4166666666666667,0.26274573666452694
concentricCircles4,run-1783974441_i0,0.7058823529411765,0.24368778111411513
concentricCircles4,run-1783974441_i0,0.6666666666666666,0.2657778759866927
concentricCircles4,run-1783974441_i0,0.4,0.21296423494081745
concentricCircles4,run-1783974441_i0,0.0,0.08262683008193789
concentricCircles4,run-1783974441_i0,0.10714285714285714,0.12118664595830775
concentricCircles4,run-1783974441_i0,0.7692307692307693,0.29590774893486715
concentricCircles4,run-1783974441_i0,1.0,0.3097542465261967
concentricCircles4,run-1783974441_i0,0.2222222222222222,0.18396672042758205
concentricCircles4,run-1783974441_i0,0.7142857142857143,0.2644069470636711
concentricCircles4,run-1783974441_i0,0.2727272727272727,0.141054817666405
concentricCircles4,run-1783974441_i0,0.5454545454545454,0.2562505423127936
concentricCircles4,run-1783974441_i0,0.0,0.00020057368387003198
concentricCircles4,run-1783974441_i0,0.5833333333333334,0.20892289665702057
concentricCircles4,run-1783974441_i0,0.5714285714285714,0.22354758472092404
concentricCircles4,run-1783974441_i0,0.09523809523809523,0.18948626006240657
concentricCircles4,run-1783974441_i0,0.125,0.1040927288615626
concentricCircles4,run-1783974441_i0,0.8,0.3232682661869822
concentricCircles4,run-1783974441_i0,0.6153846153846154,0.2075743515104363
concentricCircles4,run-1783974441_i0,0.0,0.0
concentricCircles4,run-1783974441_i0,0.6666666666666666,0.2384966174046663
concentricCircles4,run-1783974441_i0,1.0,0.625668441343859
concentricCircles4,run-1783974441_i0,0.6363636363636364,0.2587706311679828
concentricCircles4,run-1783974441_i0,0.8888888888888888,0.5685653820846152
concentricCircles4,run-1783974441_i0,0.7692307692307693,0.5322184256095416
concentricCircles4,run-1783974530_i0,0.17647058823529413,0.1622395293201203
concentricCircles4,run-1783974530_i0,0.17391304347826086,0.1757537296923721
concentricCircles4,run-1783974530_i0,0.2727272727272727,0.13475286379200202
concentricCircles4,run-1783974530_i0,0.13333333333333333,0.16878357774331393
concentricCircles4,run-1783974530_i0,0.9444444444444444,0.3357427733412009
concentricCircles4,run-1783974530_i0,0.3888888888888889,0.19727861428476626
concentricCircles4,run-1783974530_i0,0.7058823529411765,0.2804024465378949
concentricCircles4,run-1783974530_i0,0.6923076923076923,0.28219943814170034
concentricCircles4,run-1783974530_i0,0.7,0.27147098578898793
concentricCircles4,run-1783974530_i0,0.4444444444444444,0.2248457992060701
concentricCircles4,run-1783974530_i0,0.36363636363636365,0.2217980524618484
concentricCircles4,run-1783974530_i0,0.5333333333333333,0.24792390109806942
concentricCircles4,run-1783974530_i0,1.0,0.31709160289619226
concentricCircles4,run-1783974530_i0,0.75,0.2784582122207943
concentricCircles4,run-1783974530_i0,0.375,0.22652704110877694
concentricCircles4,run-1783974530_i0,0.0,0.13730132497916242
concentricCircles4,run-1783974530_i0,0.9166666666666666,0.5301160917820397
concentricCircles4,run-1783974530_i0,0.3,0.14943866819219684
concentricCircles4,run-1783974530_i0,0.1111111111111111,0.12149740163724597
concentricCircles4,run-1783974530_i0,0.5,0.23539420227876717
concentricCircles4,run-1783974530_i0,0.7142857142857143,0.28828306514843083
concentricCircles4,run-1783974530_i0,0.8,0.2896881453241654
concentricCircles4,run-1783974530_i0,0.36363636363636365,0.17838389513419883
concentricCircles4,run-1783974530_i0,0.11538461538461539,0.14812179753496738
concentricCircles4,run-1783974530_i0,0.3181818181818182,0.18643401815949634
concentricCircles4,run-1783974530_i0,0.42857142857142855,0.21131709852020897
concentricCircles4,run-1783974530_i0,0.9473684210526315,0.2832177161152615
concentricCircles4,run-1783974530_i0,0.75,0.27498810090433135
concentricCircles4,run-1783974530_i0,0.16666666666666666,0.1485697844320303
concentricCircles4,run-1783974530_i0,1.0,0.6558851943236856
concentricCircles4,run-1783974530_i0,0.7,0.2609064506378797
concentricCircles4,run-1783974530_i0,0.6666666666666666,0.2607572650665652
concentricCircles4,run-1783974530_i0,0.5714285714285714,0.25266743095615046
concentricCircles4,run-1783974530_i0,0.25,0.1946361289366051
concentricCircles4,run-1783974530_i0,0.75,0.2753632087122645
concentricCircles4,run-1783974530_i0,0.11764705882352941,0.13101672738060133
concentricCircles4,run-1783974530_i0,0.6666666666666666,0.21465489041544
concentricCircles4,run-1783974530_i0,0.2727272727272727,0.18610106507584534
concentricCircles4,run-1783974530_i0,0.16666666666666666,0.17692014870370226
concentricCircles4,run-1783974530_i0,0.6923076923076923,0.2548330138991594
concentricCircles4,run-1783974530_i0,1.0,0.2481896043056127
concentricCircles4,run-1783974530_i0,0.6,0.22770710403964817
concentricCircles4,run-1783974530_i0,0.0,0.10258563478557473
concentricCircles4,run-1783974530_i0,1.0,0.5206698178886813
concentricCircles4,run-1783974530_i0,0.36363636363636365,0.22876069973128332
concentricCircles4,run-1783974530_i0,0.88,0.31518161367665887
concentricCircles4,run-1783974530_i0,0.75,0.25585155884825883
concentricCircles4,run-1783974530_i0,0.46153846153846156,0.2624566714995075
concentricCircles4,run-1783974530_i0,0.85,0.2871051215343131
concentricCircles4,run-1783974530_i0,1.0,0.2952158928024995
concentricCircles4,run-1783974530_i0,0.8333333333333334,0.2708800972689862
concentricCircles4,run-1783974530_i0,0.9375,0.28538048308746666
concentricCircles4,run-1783974530_i0,0.23809523809523808,0.13025164558333566
concentricCircles4,run-1783974530_i0,0.7368421052631579,0.26224073851186835
concentricCircles4,run-1783974530_i0,0.4444444444444444,0.23314764717088968
concentricCircles4,run-1783974530_i0,0.4090909090909091,0.19734970155293638
concentricCircles4,run-1783974530_i0,0.20833333333333334,0.1614998179600022
concentricCircles4,run-1783974530_i0,0.3333333333333333,0.1901855184288543
concentricCircles4,run-1783974530_i0,0.43478260869565216,0.22421592442645072
concentricCircles4,run-1783974530_i0,0.95,0.28434687699499583
concentricCircles4,run-1783974530_i0,0.29411764705882354,0.14001983245461253
concentricCircles4,run-1783974530_i0,0.4117647058823529,0.24941418643884167
concentricCircles4,run-1783974530_i0,1.0,0.3737194179542268
concentricCircles4,run-1783974530_i0,0.05263157894736842,0.0487002166305615
concentricCircles4,run-1783974530_i0,1.0,0.24512665368230221
concentricCircles4,run-1783974530_i0,0.9375,0.31705416485581966
concentricCircles4,run-1783974530_i0,0.47619047619047616,0.20690794509170338
concentricCircles4,run-1783974530_i0,0.4,0.24962037579082183
concentricCircles4,run-1783974530_i0,0.26666666666666666,0.1350901559496654
concentricCircles4,run-1783974530_i0,0.16666666666666666,0.09830166068056755
concentricCircles4,run-1783974530_i0,0.8095238095238095,0.27753998165572774
concentricCircles4,run-1783974530_i0,0.5625,0.21878499440089574
concentricCircles4,run-1783974530_i0,0.2,0.2024372189208321
concentricCircles4,run-1783974530_i0,0.18181818181818182,0.19364969687996117
concentricCircles4,run-1783974530_i0,0.5555555555555556,0.24898311179028504
concentricCircles4,run-1783974530_i0,1.0,0.33164665534037857
concentricCircles4,run-1783974530_i0,0.5333333333333333,0.22426832639703523
concentricCircles4,run-1783974530_i0,1.0,0.2309557814556554
concentricCircles4,run-1783974530_i0,0.8,0.29530468811621563
concentricCircles4,run-1783974530_i0,0.625,0.25193601435192103
concentricCircles4,run-1783974530_i0,0.9523809523809523,0.3083934772133328
concentricCircles4,run-1783974530_i0,0.3888888888888889,0.19990351883786675
concentricCircles4,run-1783974530_i0,0.5882352941176471,0.20009165480064345
concentricCircles4,run-1783974530_i0,0.22727272727272727,0.20985020833842963
concentricCircles4,run-1783974530_i0,0.9473684210526315,0.3282294954655352
concentricCircles4,run-1783974530_i0,0.85,0.27941263694828805
concentricCircles4,run-1783974530_i0,0.13333333333333333,0.13022882690051626
concentricCircles4,run-1783974530_i0,0.23809523809523808,0.1785046250230902
concentricCircles4,run-1783974530_i0,0.2222222222222222,0.19105224463463788
concentricCircles4,run-1783974530_i0,0.1875,0.12713277231866468
concentricCircles4,run-1783974530_i0,0.47368421052631576,0.22722734396091895
concentricCircles4,run-1783974530_i0,0.2222222222222222,0.10748357746739501
concentricCircles4,run-1783974530_i0,0.8666666666666667,0.30071996215439994
concentricCircles4,run-1783974530_i0,0.35,0.20559842672179648
concentricCircles4,run-1783974530_i0,0.55,0.23093732492672076
concentricCircles4,run-1783974530_i0,0.07142857142857142,0.073868115439334
concentricCircles4,run-1783974530_i0,0.8636363636363636,0.2679127903577066
concentricCircles4,run-1783974530_i0,0.21428571428571427,0.20096253240921177
concentricCircles4,run-1783974530_i0,0.45,0.2343174162869031
concentricCircles4,run-1783974530_i0,0.5882352941176471,0.2873498702396041
concentricCircles4,run-1783974530_i0,0.6956521739130435,0.23753759909515038
concentricCircles4,run-1783974530_i0,0.0,0.022521098989303722
concentricCircles4,run-1783974530_i0,0.35,0.23466712185222582
concentricCircles4,run-1783974530_i0,0.5882352941176471,0.2350254942302531
concentricCircles4,run-1783974530_i0,0.3684210526315789,0.2351074986074504
concentricCircles4,run-1783974530_i0,0.4444444444444444,0.24543915228315485
concentricCircles4,run-1783974530_i0,0.9375,0.27166652340164765
concentricCircles4,run-1783974530_i0,0.8571428571428571,0.2919559412073161
concentricCircles4,run-1783974530_i0,0.9375,0.2912723726874178
concentricCircles4,run-1783974530_i0,0.6086956521739131,0.2781915071112601
concentricCircles4,run-1783974530_i0,0.46153846153846156,0.21860902798039092
concentricCircles4,run-1783974530_i0,0.35714285714285715,0.15982797792924372
concentricCircles4,run-1783974530_i0,0.6190476190476191,0.2514720284731511
concentricCircles4,run-1783974530_i0,0.47058823529411764,0.24234957956739944
concentricCircles4,run-1783974530_i0,0.6666666666666666,0.26620552927542146
concentricCircles4,run-1783974530_i0,0.19047619047619047,0.12408940672845005
concentricCircles4,run-1783974530_i0,0.47368421052631576,0.23068665437639052
concentricCircles4,run-1783974530_i0,0.0,0.0889364960708882
concentricCircles4,run-1783974530_i0,0.14285714285714285,0.18137965329979572
concentricCircles4,run-1783974530_i0,0.1,0.1317521990653204
concentricCircles4,run-1783974530_i0,0.18181818181818182,0.1439977318573024
concentricCircles4,run-1783974530_i0,0.38461538461538464,0.1852293412302809
concentricCircles4,run-1783974530_i0,0.5454545454545454,0.23665436396112127
concentricCircles4,run-1783974530_i0,0.9230769230769231,0.5902882584996153
concentricCircles4,run-1783974530_i0,0.625,0.2787303021016468
concentricCircles4,run-1783974530_i0,0.47058823529411764,0.2401162853165229
concentricCircles4,run-1783974530_i0,0.5833333333333334,0.29347033980568865
concentricCircles4,run-1783974530_i0,1.0,0.5958653460458514
concentricCircles4,run-1787235951_i0,0.0,0.13228622799466913
concentricCircles4,run-1787235951_i0,0.0,0.06777369114629046
concentricCircles4,run-1787235951_i0,1.0,0.26841901578667565
concentricCircles4,run-1787235951_i0,0.2631578947368421,0.17489439795745695
concentricCircles4,run-1787235951_i0,1.0,0.34094410644168116
concentricCircles4,run-1787235951_i0,0.8888888888888888,0.3014739604034699
concentricCircles4,run-1787235951_i0,0.1,0.14831906964583422
concentricCircles4,run-1787235951_i0,0.17647058823529413,0.08637418916218251
concentricCircles4,run-1787235951_i0,0.22727272727272727,0.18376282148022907
concentricCircles4,run-1787235951_i0,0.18181818181818182,0.17293331899590195
concentricCircles4,run-1787235951_i0,0.0,0.02245909385153678
concentricCircles4,run-1787235951_i0,0.8421052631578947,0.30698375790927857
concentricCircles4,run-1787235951_i0,0.42857142857142855,0.2399932251498789
concentricCircles4,run-1787235951_i0,0.6666666666666666,0.23132079300096686
concentricCircles4,run-1787235951_i0,0.3125,0.18197841449914212
concentricCircles4,run-1787235951_i0,0.6,0.2859360501677683
concentricCircles4,run-1787235951_i0,0.9444444444444444,0.2996272935779817
concentricCircles4,run-1787235951_i0,0.2,0.14757300011234117
concentricCircles4,run-1787235951_i0,0.11764705882352941,0.12973413907339892
concentricCircles4,run-1787235951_i0,0.6428571428571429,0.26193412797713134
concentricCircles4,run-1787235951_i0,0.25,0.15579405769873705
concentricCircles4,run-1787235951_i0,0.9230769230769231,0.2855725813499577
concentricCircles4,run-1787235951_i0,0.03571428571428571,0.10319981677336405
concentricCircles4,run-1787235951_i0,0.75,0.25406257507496377
concentricCircles4,run-1787235951_i0,0.25,0.12243560802105474
concentricCircles4,run-1787235951_i0,0.4,0.19559370198423845
concentricCircles4,run-1787235951_i0,0.18181818181818182,0.08556463913914568
concentricCircles4,run-1787235951_i0,0.07692307692307693,0.03136813994732726
concentricCircles4,run-1787235951_i0,0.6428571428571429,0.24911366674465704
concentricCircles4,run-1787235951_i0,0.3,0.2053787025445032
concentricCircles4,run-1787235951_i0,0.0,0.022961600739747078
concentricCircles4,run-1787235951_i0,0.6666666666666666,0.2683752316142575
concentricCircles4,run-1787235951_i0,0.4,0.2357596307699417
concentricCircles4,run-1787235951_i0,0.9565217391304348,0.3110658315965596
concentricCircles4,run-1787235951_i0,1.0,0.5862667082124909
concentricCircles4,run-1787235951_i0,0.0,0.010536042485352481
concentricCircles4,run-1787235951_i0,0.6666666666666666,0.23904549582008788
concentricCircles4,run-1787235951_i0,0.07142857142857142,0.005875900322874407
concentricCircles4,run-1787235951_i0,0.35714285714285715,0.07922538053764099
concentricCircles4,run-1787235951_i0,0.8,0.2884469384872525
concentricCircles4,run-1787235951_i0,0.18181818181818182,0.04416793688151068
concentricCircles4,run-1787235951_i0,0.8461538461538461,0.3007570418085886
concentricCircles4,run-1787235951_i0,0.4444444444444444,0.18983639433226657
concentricCircles4,run-1787235951_i0,0.9565217391304348,0.298740488583644
concentricCircles4,run-1787235951_i0,0.2692307692307692,0.20889946123163344
concentricCircles4,run-1787235951_i0,0.375,0.2363069361599539
concentricCircles4,run-1787235951_i0,0.25,0.1831534405028163
concentricCircles4,run-1787235951_i0,1.0,0.5639123346296894
concentricCircles4,run-1787235951_i0,0.3333333333333333,0.1624425527292969
concentricCircles4,run-1787235951_i0,0.0,0.07790081977714759
concentricCircles4,run-1787235951_i0,0.18181818181818182,0.1112766572123691
concentricCircles4,run-1787235951_i0,0.2631578947368421,0.22437404769715155
concentricCircles4,run-1787235951_i0,0.875,0.2918743106266429
concentricCircles4,run-1787235951_i0,0.0,0.11364560318161734
concentricCircles4,run-1787235951_i0,0.1111111111111111,0.149027397873049
concentricCircles4,run-1787235951_i0,0.09523809523809523,0.17456402574846822
concentricCircles4,run-1787235951_i0,0.6153846153846154,0.24576929308504997
concentricCircles4,run-1787235951_i0,0.2857142857142857,0.20386594293229054
concentricCircles4,run-1787235951_i0,0.3,0.22809025963993262
concentricCircles4,run-1787235951_i0,0.5714285714285714,0.26522345898104044
concentricCircles4,run-1787235951_i0,0.3076923076923077,0.278339197261387
concentricCircles4,run-1787235951_i0,0.125,0.15641433587522452
concentricCircles4,run-1787235951_i0,0.6666666666666666,0.28243997614548455
concentricCircles4,run-1787235951_i0,0.14814814814814814,0.20450420972826297
concentricCircles4,run-1787235951_i0,0.09090909090909091,0.16188452356489766
concentricCircles4,run-1787235951_i0,0.8095238095238095,0.3004037800572077
concentricCircles4,run-1787235951_i0,0.48148148148148145,0.24393223897334557
concentricCircles4,run-1787235951_i0,0.6,0.2781871231062884
concentricCircles4,run-1787235951_i0,0.08333333333333333,0.13029941252646235
concentricCircles4,run-1787235951_i0,1.0,0.3345340755656737
concentricCircles4,run-1787235951_i0,1.0,0.5109875645474544
concentricCircles4,run-1787235951_i0,0.17391304347826086,0.18399682786322422
concentricCircles4,run-1787235951_i0,0.125,0.21493110551237965
concentricCircles4,run-1787235951_i0,0.4166666666666667,0.26884980681288984
concentricCircles4,run-1787235951_i0,0.7272727272727273,0.29033110618186236
concentricCircles4,run-1787235951_i0,0.1,0.18799380224047693
concentricCircles4,run-1787235951_i0,0.5,0.29871341341717744
concentricCircles4,run-1787235951_i0,0.2727272727272727,0.23112418437833734
concentricCircles4,run-1787235951_i0,0.20833333333333334,0.19260186722556408
concentricCircles4,run-1787235951_i0,0.9523809523809523,0.29799607838426234
concentricCircles4,run-1787235951_i0,0.5294117647058824,0.23648964728065686
concentricCircles4,run-1787235951_i0,0.8,0.2885331682060232
concentricCircles4,run-1787235951_i0,0.4444444444444444,0.24918264758551517
concentricCircles4,run-1787235951_i0,0.9545454545454546,0.28455897059804
concentricCircles4,run-1787235951_i0,0.38461538461538464,0.220984590434828
concentricCircles4,run-1787235951_i0,0.15,0.1655052948655591
concentricCircles4,run-1787235951_i0,0.5555555555555556,0.25963017904076685
concentricCircles4,run-1787235951_i0,0.1875,0.17009710542210663
concentricCircles4,run-1787235951_i0,1.0,0.26736001335780446
concentricCircles4,run-1787235951_i0,0.5238095238095238,0.25734832594284857
concentricCircles4,run-1787235951_i0,0.08,0.10894368182666984
concentricCircles4,run-1787235951_i0,0.16666666666666666,0.17387322080284828
concentricCircles4,run-1787235951_i0,0.17391304347826086,0.16039213144284173
concentricCircles4,run-1787235951_i0,0.9,0.2862830454153551
concentricCircles4,run-1787235951_i0,0.4090909090909091,0.22663985196788483
concentricCircles4,run-1787235951_i0,0.375,0.21494639528021744
concentricCircles4,run-1787235951_i0,0.23809523809523808,0.2212537994920852
concentricCircles4,run-1787235951_i0,0.2631578947368421,0.18796160036261902
concentricCircles4,run-1787235951_i0,0.47058823529411764,0.23530780047331984
concentricCircles4,run-1787235951_i0,0.2,0.17893424203470457
concentricCircles4,run-1787235951_i0,0.44,0.22519881462328778
concentricCircles4,run-1787235951_i0,0.8,0.25470144055897664
concentricCircles4,run-1787235951_i0,0.6923076923076923,0.2837414909000524
concentricCircles4,run-1787235951_i0,0.5,0.22977908366743005
concentricCircles4,run-1787235951_i0,0.4444444444444444,0.24255113205959092
concentricCircles4,run-1787235951_i0,0.631578947368421,0.271989760440371
concentricCircles4,run-1787235951_i0,0.42857142857142855,0.2388793363499246
concentricCircles4,run-1787235951_i0,0.0,0.13977732631612627
concentricCircles4,run-1787235951_i0,0.6190476190476191,0.2520304390624476
concentricCircles4,run-1787235951_i0,0.0,0.02107300953156023
concentricCircles4,run-1787235951_i0,0.5909090909090909,0.2808248102256693
concentricCircles4,run-1787235951_i0,0.13333333333333333,0.10753294750888347
concentricCircles4,run-1787235951_i0,0.3,0.18570658611129937
concentricCircles4,run-1787235951_i0,0.5789473684210527,0.2266033930273446
concentricCircles4,run-1787235951_i0,0.16666666666666666,0.11517733191868972
concentricCircles4,run-1787235951_i0,0.35714285714285715,0.1872569112073338
concentricCircles4,run-1787235951_i0,0.35294117647058826,0.21239099293810154
concentricCircles4,run-1787235951_i0,0.7368421052631579,0.2599232892363024
concentricCircles4,run-1787235951_i0,1.0,0.3199953388506796
concentricCircles4,run-1787235951_i0,0.8571428571428571,0.3220952669163519
concentricCircles4,run-1787235951_i0,0.23076923076923078,0.22200887361298155
concentricCircles4,run-1787235951_i0,0.0625,0.11935407426271367
concentricCircles4,run-1787235951_i0,0.29411764705882354,0.21734928511202026
concentricCircles4,run-1787235951_i0,0.043478260869565216,0.13822198266642702
concentricCircles4,run-1787235951_i0,0.05263157894736842,0.11503763998042435
concentricCircles4,run-1787235951_i0,0.9130434782608695,0.3206597006903965
concentricCircles4,run-1787235951_i0,0.72,0.2933335497018847
concentricCircles4,run-1787235951_i0,0.5555555555555556,0.23552822830059233
concentricCircles4,run-1787235951_i0,0.45,0.26383167258118795
concentricCircles4,run-1787235951_i0,0.2631578947368421,0.226127678683381
concentricCircles4,run-1787235951_i0,1.0,0.5754401841708343
concentricCircles4,run-1787235951_i0,0.26666666666666666,0.2362967649443133
concentricCircles4,run-1787235951_i0,0.17857142857142858,0.2315126923522292
concentricCircles4,run-1787235951_i0,0.5625,0.21460865777761418
concentricCircles4,run-1787235951_i0,0.15384615384615385,0.16228048289604566
concentricCircles4,run-1787235951_i0,0.8823529411764706,0.2864268166582719
concentricCircles4,run-1787235951_i0,0.05263157894736842,0.15202246097621633
concentricCircles4,run-1787235951_i0,0.36363636363636365,0.24739459057626914
concentricCircles4,run-1787236091_i0,0.7857142857142857,0.28501548798988446
concentricCircles4,run-1787236091_i0,0.2,0.20325201937565887
concentricCircles4,run-1787236091_i0,0.2727272727272727,0.2024275535337287
concentricCircles4,run-1787236091_i0,0.8636363636363636,0.31753917557962924
concentricCircles4,run-1787236091_i0,0.64,0.27297875627213486
concentricCircles4,run-1787236091_i0,0.9523809523809523,0.30930004208163836
concentricCircles4,run-1787236091_i0,0.4074074074074074,0.2879974359418583
concentricCircles4,run-1787236091_i0,0.75,0.29908288491810425
concentricCircles4,run-1787236091_i0,1.0,0.4930301200124689
concentricCircles4,run-1787236091_i0,0.52,0.27011776990190856
concentricCircles4,run-1787236091_i0,0.041666666666666664,0.1301524630363979
concentricCircles4,run-1787236091_i0,0.5,0.26223708141804036
concentricCircles4,run-1787236091_i0,0.4074074074074074,0.22681276174659404
concentricCircles4,run-1787236091_i0,0.7037037037037037,0.2967345040153434
concentricCircles4,run-1787236091_i0,0.3333333333333333,0.21160577369263725
concentricCircles4,run-1787236091_i0,0.7619047619047619,0.2936566596077454
concentricCircles4,run-1787236091_i0,0.04,0.14127313146904244
concentricCircles4,run-1787236091_i0,0.625,0.27763986054218254
concentricCircles4,run-1787236091_i0,0.2,0.20389677532279998
concentricCircles4,run-1787236091_i0,0.5185185185185185,0.22664222656669847
concentricCircles4,run-1787236091_i0,0.4166666666666667,0.27681276099469543
concentricCircles4,run-1787236091_i0,0.2692307692307692,0.1906431396722658
concentricCircles4,run-1787236091_i0,0.34615384615384615,0.2410171222571105
concentricCircles4,run-1787236091_i0,0.0,0.061170872738588074
concentricCircles4,run-1787236091_i0,0.5714285714285714,0.2562253748791294
concentricCircles4,run-1787236091_i0,0.16666666666666666,0.14923125456598263
concentricCircles4,run-1787236091_i0,0.25,0.20064817169261562
concentricCircles4,run-1787236091_i0,0.5238095238095238,0.2765294851749315
concentricCircles4,run-1787236091_i0,0.75,0.285295334686725
concentricCircles4,run-1787236091_i0,0.6,0.27993844471840307
concentricCircles4,run-1787236091_i0,0.36,0.18725134671640126
concentricCircles4,run-1787236091_i0,0.42857142857142855,0.24547257336047307
concentricCircles4,run-1787236091_i0,0.36363636363636365,0.2491990053591347
concentricCircles4,run-1787236091_i0,0.17391304347826086,0.17290064062925123
concentricCircles4,run-1787236091_i0,0.5909090909090909,0.29508253040763477
concentricCircles4,run-1787236091_i0,0.2608695652173913,0.18048171502635993
concentricCircles4,run-1787236091_i0,0.2727272727272727,0.19331150348458298
concentricCircles4,run-1787236091_i0,0.11538461538461539,0.14565113934673696
concentricCircles4,run-1787236091_i0,0.4166666666666667,0.22917199287875759
concentricCircles4,run-1787236091_i0,0.2962962962962963,0.20985401164867742
concentricCircles4,run-1787236091_i0,0.04,0.14508353741114724
concentricCircles4,run-1787236091_i0,0.8095238095238095,0.2857730498233989
concentricCircles4,run-1787236091_i0,0.2857142857142857,0.2074568469505178
concentricCircles4,run-1787236091_i0,0.21739130434782608,0.17861617872381944
concentricCircles4,run-1787236091_i0,0.35294117647058826,0.20879053289376567
concentricCircles4,run-1787236091_i0,0.6428571428571429,0.2723650580976401
concentricCircles4,run-1787236091_i0,0.5925925925925926,0.23049297782847372
concentricCircles4,run-1787236091_i0,0.043478260869565216,0.12803429697004817
concentricCircles4,run-1787236091_i0,0.20833333333333334,0.18808741688588085
concentricCircles4,run-1787236091_i0,0.2,0.18025676122935377
concentricCircles4,run-1787236091_i0,0.3333333333333333,0.22168715895653168
concentricCircles4,run-1787236091_i0,0.3076923076923077,0.20433073445587366
concentricCircles4,run-1787236091_i0,0.22727272727272727,0.20683067397836197
concentricCircles4,run-1787236091_i0,0.3157894736842105,0.1778082622925804
concentricCircles4,run-1787236091_i0,0.35,0.2303178230162027
concentricCircles4,run-1787236091_i0,0.03571428571428571,0.10357251220482674
concentricCircles4,run-1787236091_i0,0.0,0.11259939595255913
concentricCircles4,run-1787236091_i0,0.47368421052631576,0.23721776130670505
concentricCircles4,run-1787236091_i0,0.47368421052631576,0.27410282208375497
concentricCircles4,run-1787236091_i0,0.2857142857142857,0.22042472331356075
concentricCircles4,run-1787236091_i0,0.3333333333333333,0.17185426721980981
concentricCircles4,run-1787236091_i0,0.0,0.08002559280442782
concentricCircles4,run-1787236091_i0,0.8947368421052632,0.28992896818532515
concentricCircles4,run-1787236091_i0,0.5185185185185185,0.24958406437171032
concentricCircles4,run-1787236091_i0,0.2,0.16494834974409947
concentricCircles4,run-1787236091_i0,0.8,0.2955343339557595
concentricCircles4,run-1787236091_i0,0.16666666666666666,0.16805212722633622
concentricCircles4,run-1787236091_i0,0.631578947368421,0.2601659881257721
concentricCircles4,run-1787236091_i0,0.0,0.14504937047790056
concentricCircles4,run-1787236091_i0,0.23076923076923078,0.20632663385311023
concentricCircles4,run-1787236091_i0,0.6153846153846154,0.2682911365044599
concentricCircles4,run-1787236091_i0,0.2727272727272727,0.20546048892796243
concentricCircles4,run-1787236091_i0,0.8518518518518519,0.2932860474154684
concentricCircles4,run-1787236091_i0,0.45454545454545453,0.231322777828914
concentricCircles4,run-1787236091_i0,0.75,0.2596233173737987
concentricCircles4,run-1787236091_i0,0.0,0.10531211439417737
concentricCircles4,run-1787236091_i0,0.3,0.23014845359577177
concentricCircles4,run-1787236091_i0,0.19047619047619047,0.16542952061415236
concentricCircles4,run-1787236091_i0,0.37037037037037035,0.21962787019973112
concentricCircles4,run-1787236091_i0,0.19047619047619047,0.15944661751534506
concentricCircles4,run-1787236091_i0,0.10714285714285714,0.14503486860384954
concentricCircles4,run-1787236091_i0,0.8,0.2910551599168206
concentricCircles4,run-1787236091_i0,0.35714285714285715,0.22196316666328997
concentricCircles4,run-1787236091_i0,0.3,0.17157916854072755
concentricCircles4,run-1787236091_i0,0.6538461538461539,0.2751321392651559
concentricCircles4,run-1787236091_i0,0.5263157894736842,0.26507267751059005
concentricCircles4,run-1787236091_i0,0.10714285714285714,0.15587611717466446
concentricCircles4,run-1787236091_i0,0.3,0.1992311976115744
concentricCircles4,run-1787236091_i0,0.5,0.28120719515649956
concentricCircles4,run-1787236091_i0,0.5769230769230769,0.2773922788945323
concentricCircles4,run-1787236091_i0,0.4642857142857143,0.22080605159871355
concentricCircles4,run-1787236091_i0,0.7368421052631579,0.28716932654500055
concentricCircles4,run-1787236091_i0,0.19230769230769232,0.18227917291611437
concentricCircles4,run-1787236091_i0,0.0,0.11683540184033588
concentricCircles4,run-1787236091_i0,0.7619047619047619,0.2879610404839589
concentricCircles4,run-1787236091_i0,0.8260869565217391,0.3185894216046832
concentricCircles4,run-1787236091_i0,0.3333333333333333,0.2011783166600461
concentricCircles4,run-1787236091_i0,0.64,0.2809472089019778
concentricCircles4,run-1787236091_i0,0.75,0.30952532608618727
concentricCircles4,run-1787236091_i0,0.5652173913043478,0.244329851663302
concentricCircles4,run-1787236091_i0,0.8636363636363636,0.30032908638690864
concentricCircles4,run-1787236091_i0,0.95,0.28525938594348077
concentricCircles4,run-1787236091_i0,0.0,0.0835858415819361
concentricCircles4,run-1787236091_i0,1.0,0.6279300206889042
concentricCircles4,run-1787236091_i0,0.5217391304347826,0.2611217765786333
concentricCircles4,run-1787236091_i0,0.6666666666666666,0.27126133160634247
concentricCircles4,run-1787236091_i0,0.08333333333333333,0.15030266648391588
concentricCircles4,run-1787236091_i0,0.2727272727272727,0.15899489785372786
concentricCircles4,run-1787236091_i0,0.42857142857142855,0.23697187204067763
concentricCircles4,run-1787236091_i0,0.23076923076923078,0.2070557987456218
concentricCircles4,run-1787236091_i0,0.24,0.2056842576167561
concentricCircles4,run-1787236091_i0,0.13043478260869565,0.17517176884049165
concentricCircles4,run-1787236091_i0,0.6428571428571429,0.2861506498289999
concentricCircles4,run-1787236091_i0,0.3181818181818182,0.2447888516556769
concentricCircles4,run-1787236091_i0,0.0,0.06389178788378715
concentricCircles4,run-1787236091_i0,0.05,0.16707145445505342
concentricCircles4,run-1787236091_i0,0.6190476190476191,0.2726282395403822
concentricCircles4,run-1787236091_i0,0.0,0.1299202924901962
concentricCircles4,run-1787236091_i0,0.125,0.20355756811659415
concentricCircles4,run-1787236091_i0,1.0,0.526124388794955
concentricCircles4,run-1787236091_i0,0.8214285714285714,0.301033323309915
concentricCircles4,run-1787236091_i0,0.8636363636363636,0.2919054299436019
concentricCircles4,run-1787236091_i0,0.3333333333333333,0.20174236417000121
concentricCircles4,run-1787236091_i0,0.3684210526315789,0.2518620627989806
concentricCircles4,run-1787236091_i0,0.2,0.19260497765240503
concentricCircles4,run-1787236091_i0,0.3076923076923077,0.19634900476323733
concentricCircles4,run-1787236091_i0,0.07692307692307693,0.13343346621267155
concentricCircles4,run-1787236091_i0,0.5789473684210527,0.27132243429151925
concentricCircles4,run-1787236091_i0,0.34615384615384615,0.2366555028762128
concentricCircles4,run-1787236091_i0,0.25,0.23497121049406317
concentricCircles4,run-1787236091_i0,0.6666666666666666,0.25440774295518825
concentricCircles4,run-1787236091_i0,0.92,0.33629398350418793
concentricCircles4,run-1787236091_i0,0.13636363636363635,0.15329473528469714
concentricCircles4,run-1787236091_i0,0.6666666666666666,0.2922798689718311
concentricCircles4,run-1787236091_i0,0.46153846153846156,0.24935647445827777
concentricCircles4,run-1787236091_i0,0.7857142857142857,0.3120482904584965
concentricCircles4,run-1787236091_i0,0.6071428571428571,0.2596703375800763
concentricCircles4,run-1787236091_i0,0.25,0.1915634852244962
concentricCircles4,run-1787236091_i0,0.7857142857142857,0.264650756139098
concentricCircles4,run-1787236091_i0,0.0,0.08689297149316402
concentricCircles4,run-1787236091_i0,0.6190476190476191,0.25021949581953723
concentricCircles4,run-1787236091_i0,0.2222222222222222,0.1762740319435492
concentricCircles4,run-1787236091_i0,0.3333333333333333,0.25633186301582583
concentricCircles4,run-1787236091_i0,0.0,0.17067191931082454
concentricCircles4,run-1787236091_i0,0.8095238095238095,0.28892111539913995
concentricCircles4,run-1787236091_i0,0.13333333333333333,0.15422539882590955
concentricCircles4,run-1787236091_i0,0.14285714285714285,0.14361191004284607
concentricCircles4,run-1787236091_i0,0.7692307692307693,0.2537551804587324
concentricCircles4,run-1787236091_i0,0.16666666666666666,0.12383633639806538
concentricCircles4,run-1787236091_i0,1.0,0.5954235299566204
concentricCircles4,run-1787236091_i0,0.35,0.24593324587463955
concentricCircles4,run-1787236091_i0,1.0,0.3233378447511057
concentricCircles4,run-1787236091_i0,0.15789473684210525,0.1923266295496724
concentricCircles4,run-1787236091_i0,0.19230769230769232,0.1917363772651283
concentricCircles4,run-1787236091_i0,0.5,0.23033016620830546
concentricCircles4,run-1787236091_i0,0.7142857142857143,0.29724975110088664
concentricCircles4,run-1787236091_i0,0.23809523809523808,0.2335612715205167
concentricCircles4,run-1787236091_i0,0.28,0.22234381463348377
concentricCircles4,run-1787236091_i0,0.0,0.12645098835752014
concentricCircles4,run-1787236091_i0,0.1,0.1326901023765815
concentricCircles4,run-1787236091_i0,0.0,0.030232121505578278
concentricCircles4,run-1787236091_i0,0.20833333333333334,0.18708685387673965
concentricCircles4,run-1787236091_i0,0.3181818181818182,0.24054353092834072
concentricCircles4,run-1787236091_i0,0.6956521739130435,0.29294880468790996
concentricCircles4,run-1787236091_i0,0.038461538461538464,0.07908362087576337
concentricCircles4,run-1787236091_i0,0.4642857142857143,0.24056490384615392
concentricCircles4,run-1787236091_i0,0.09090909090909091,0.1650832025326558
concentricCircles4,run-1787236091_i0,1.0,0.3165818642595411
concentricCircles4,run-1787236091_i0,0.3333333333333333,0.19922810856983433
concentricCircles4,run-1787236091_i0,0.52,0.25137970092857675
concentricCircles4,run-1787236091_i0,0.0,0.0691655469410087
concentricCircles4,run-1787236091_i0,0.6470588235294118,0.22555853083979488
concentricCircles4,run-1787236091_i0,0.15789473684210525,0.18117042325873084
concentricCircles4,run-1787236091_i0,0.18518518518518517,0.18042400218260024
concentricCircles4,run-1787236091_i0,0.9130434782608695,0.3066034881735293
concentricCircles4,run-1787236091_i0,0.8518518518518519,0.3060893128028345
concentricCircles4,run-1787236091_i0,0.043478260869565216,0.10505250211831826
concentricCircles4,run-1787236091_i0,0.14814814814814814,0.12689892185337817
concentricCircles4,run-1787236091_i0,0.3181818181818182,0.2128982188450964
concentricCircles4,run-1787236091_i0,0.5,0.25128785686075183
concentricCircles4,run-1787236091_i0,0.32,0.18454942384931378
concentricCircles4,run-1787236091_i0,0.43478260869565216,0.2602689793133212
concentricCircles4,run-1787236091_i0,0.4583333333333333,0.23164370187119643
concentricCircles4,run-1787236091_i0,0.6,0.2669258040480921
concentricCircles4,run-1787236091_i0,0.2962962962962963,0.2120642344970903
concentricCircles4,run-1787236091_i0,0.39285714285714285,0.20069623409123738
concentricCircles4,run-1787236091_i0,0.2857142857142857,0.18089029254370892
concentricCircles4,run-1787236091_i0,0.11538461538461539,0.18351076286893864
concentricCircles4,run-1787236091_i0,0.2608695652173913,0.1819272718439527
concentricCircles4,run-1787236199_i0,0.36363636363636365,0.23834624517093353
concentricCircles4,run-1787236199_i0,0.42857142857142855,0.2111372054442536
concentricCircles4,run-1787236199_i0,0.23809523809523808,0.21487718528729877
concentricCircles4,run-1787236199_i0,0.4230769230769231,0.2127660231803374
concentricCircles4,run-1787236199_i0,0.8095238095238095,0.27904708315046994
concentricCircles4,run-1787236199_i0,0.631578947368421,0.2678494301657961
concentricCircles4,run-1787236199_i0,0.9583333333333334,0.3100465212832209
concentricCircles4,run-1787236199_i0,0.7142857142857143,0.29904082527315806
concentricCircles4,run-1787236199_i0,0.6071428571428571,0.26379510353902624
concentricCircles4,run-1787236199_i0,0.09090909090909091,0.1906560878356979
concentricCircles4,run-1787236199_i0,0.8888888888888888,0.30865548943599824
concentricCircles4,run-1787236199_i0,0.05,0.1885780846713371
concentricCircles4,run-1787236199_i0,0.6,0.2826239256600167
concentricCircles4,run-1787236199_i0,0.08,0.24031198660776917
concentricCircles4,run-1787236199_i0,0.05,0.2206431688443884
concentricCircles4,run-1787236199_i0,0.07142857142857142,0.17385853679293767
concentricCircles4,run-1787236199_i0,0.9565217391304348,0.3544332166869815
concentricCircles4,run-1787236199_i0,0.5,0.23848386540758154
concentricCircles4,run-1787236199_i0,0.24,0.21760267037904193
concentricCircles4,run-1787236199_i0,0.42857142857142855,0.22944716181186095
concentricCircles4,run-1787236199_i0,0.48148148148148145,0.23600846728031824
concentricCircles4,run-1787236199_i0,0.05,0.18580653827755908
concentricCircles4,run-1787236199_i0,0.36363636363636365,0.2353691971039632
concentricCircles4,run-1787236199_i0,0.6818181818181818,0.314985542832228
concentricCircles4,run-1787236199_i0,0.20833333333333334,0.19547404824429235
concentricCircles4,run-1787236199_i0,0.7037037037037037,0.30956435582252223
concentricCircles4,run-1787236199_i0,0.7391304347826086,0.3110604777976891
concentricCircles4,run-1787236199_i0,0.6428571428571429,0.2733419554574737
concentricCircles4,run-1787236199_i0,0.041666666666666664,0.15733381288373227
concentricCircles4,run-1787236199_i0,0.0,0.10640193039903915
concentricCircles4,run-1787236199_i0,0.15384615384615385,0.1997226524277632
concentricCircles4,run-1787236199_i0,0.9565217391304348,0.32853793552588734
concentricCircles4,run-1787236199_i0,0.9047619047619048,0.3170916386935937
concentricCircles4,run-1787236199_i0,0.037037037037037035,0.13621167355138913
concentricCircles4,run-1787236199_i0,0.5416666666666666,0.24146899118191958
concentricCircles4,run-1787236199_i0,0.48,0.22035361325160457
concentricCircles4,run-1787236199_i0,0.2916666666666667,0.1921860279992105
concentricCircles4,run-1787236199_i0,0.13043478260869565,0.16482736951895396
concentricCircles4,run-1787236199_i0,0.13043478260869565,0.17255800688893175
concentricCircles4,run-1787236199_i0,0.6818181818181818,0.2806247156759635
concentricCircles4,run-1787236199_i0,0.17857142857142858,0.16781619294469094
concentricCircles4,run-1787236199_i0,0.0,0.20244446752723508
concentricCircles4,run-1787236199_i0,0.2692307692307692,0.23000421809962676
concentricCircles4,run-1787236199_i0,0.7692307692307693,0.2720900835493928
concentricCircles4,run-1787236199_i0,0.5833333333333334,0.26593465891728246
concentricCircles4,run-1787236199_i0,0.75,0.2639589634193407
concentricCircles4,run-1787236199_i0,0.8695652173913043,0.3492480487850622
concentricCircles4,run-1787236199_i0,0.05263157894736842,0.14754872823849954
concentricCircles4,run-1787236199_i0,0.0,0.11785359068508314
concentricCircles4,run-1787236199_i0,0.0,0.07001704414471277
concentricCircles4,run-1787236199_i0,0.05,0.15814546442094624
concentricCircles4,run-1787236199_i0,0.4,0.2395113002945077
concentricCircles4,run-1787236199_i0,0.36,0.26356133767243795
concentricCircles4,run-1787236199_i0,0.65,0.26241829841695685
concentricCircles4,run-1787236199_i0,0.3181818181818182,0.23565090367309277
concentricCircles4,run-1787236199_i0,0.2692307692307692,0.21661033135217322
concentricCircles4,run-1787236199_i0,0.6086956521739131,0.2562011967248165
concentricCircles4,run-1787236199_i0,1.0,0.5969911701712621
concentricCircles4,run-1787236199_i0,0.8571428571428571,0.29451156075500545
concentricCircles4,run-1787236199_i0,0.7083333333333334,0.28177927643377954
concentricCircles4,run-1787236199_i0,0.1,0.19533876160817176
concentricCircles4,run-1787236199_i0,0.22727272727272727,0.21310342611043254
concentricCircles4,run-1787236199_i0,0.8421052631578947,0.305408478373487
concentricCircles4,run-1787236199_i0,0.05,0.1711192392099488
concentricCircles4,run-1787236199_i0,0.8095238095238095,0.2751462054455166
concentricCircles4,run-1787236199_i0,0.043478260869565216,0.14016221537407977
concentricCircles4,run-1787236199_i0,0.6,0.28065751254290994
concentricCircles4,run-1787236199_i0,0.9615384615384616,0.5548824625528561
concentricCircles4,run-1787236199_i0,0.7777777777777778,0.3023129267124472
concentricCircles4,run-1787236199_i0,0.2727272727272727,0.2058923187727435
concentricCircles4,run-1787236199_i0,0.9166666666666666,0.3205391969248753
concentricCircles4,run-1787236199_i0,0.38095238095238093,0.22470149555942523
concentricCircles4,run-1787236199_i0,0.75,0.25460113891946207
concentricCircles4,run-1787236199_i0,0.7727272727272727,0.3254463404835823
concentricCircles4,run-1787236199_i0,0.5454545454545454,0.2390869067187647
concentricCircles4,run-1787236199_i0,0.0,0.09118022855174007
concentricCircles4,run-1787236199_i0,0.18518518518518517,0.1729917436206299
concentricCircles4,run-1787236199_i0,0.9545454545454546,0.34805574927344984
concentricCircles4,run-1787236199_i0,0.9230769230769231,0.32365793010211885
concentricCircles4,run-1787236199_i0,0.8571428571428571,0.28365362990284276
concentricCircles4,run-1787236199_i0,0.875,0.30827584357895066
concentricCircles4,run-1787236199_i0,0.1,0.15474522951158462
concentricCircles4,run-1787236199_i0,0.7142857142857143,0.2557271942495976
concentricCircles4,run-1787236199_i0,0.07692307692307693,0.1703443829112646
concentricCircles4,run-1787236199_i0,0.55,0.28976766707305474
concentricCircles4,run-1787236199_i0,0.52,0.2622790649615871
concentricCircles4,run-1787236199_i0,0.045454545454545456,0.1946635417136161
concentricCircles4,run-1787236199_i0,0.28,0.2257953579013737
concentricCircles4,run-1787236199_i0,0.15,0.16986176395436378
concentricCircles4,run-1787236199_i0,0.48148148148148145,0.25234150338970424
concentricCircles4,run-1787236199_i0,0.6666666666666666,0.28379693655792765
concentricCircles4,run-1787236199_i0,0.2608695652173913,0.20025255519837448
concentricCircles4,run-1787236199_i0,0.64,0.2815463725984609
concentricCircles4,run-1787236199_i0,0.9642857142857143,0.5438716442595418
concentricCircles4,run-1787236199_i0,0.8333333333333334,0.339037752564228
concentricCircles4,run-1787236199_i0,0.08,0.20644535313085088
concentricCircles4,run-1787236199_i0,0.6785714285714286,0.2614580572633467
concentricCircles4,run-1787236199_i0,0.42105263157894735,0.25134911982191155
concentricCircles4,run-1787236199_i0,0.7619047619047619,0.26994248650983926
concentricCircles4,run-1787236199_i0,0.04,0.0971505819464685
concentricCircles4,run-1787236199_i0,0.21052631578947367,0.1845409260366699
concentricCircles4,run-1787236199_i0,0.047619047619047616,0.2257327441766223
concentricCircles4,run-1787236199_i0,0.3076923076923077,0.23538110128233636
concentricCircles4,run-1787236199_i0,0.0,0.1025275733586932
concentricCircles4,run-1787236199_i0,0.75,0.2667986762870938
concentricCircles4,run-1787236199_i0,0.6666666666666666,0.28569533725234414
concentricCircles4,run-1787236199_i0,0.07142857142857142,0.12066629713422557
concentricCircles4,run-1787236199_i0,0.6428571428571429,0.2260873615260958
concentricCircles4,run-1787236199_i0,0.0,0.14914492555891878
concentricCircles4,run-1787236199_i0,0.5769230769230769,0.25341379167553163
concentricCircles4,run-1787236199_i0,0.09090909090909091,0.17184385448978776
concentricCircles4,run-1787236199_i0,0.0,0.163068683447839
concentricCircles4,run-1787236199_i0,0.8,0.30131031721605933
concentricCircles4,run-1787236199_i0,0.14285714285714285,0.20422770471944343
concentricCircles4,run-1787236199_i0,0.7,0.2763529623496223
concentricCircles4,run-1787236199_i0,0.5217391304347826,0.22459445453698537
concentricCircles4,run-1787236199_i0,1.0,0.6110623640588231
concentricCircles4,run-1787236199_i0,0.44,0.24788497554732317
concentricCircles4,run-1787236199_i0,0.13636363636363635,0.2004077933135092
concentricCircles4,run-1787236199_i0,0.2916666666666667,0.24440619621342505
concentricCircles4,run-1787236199_i0,0.6071428571428571,0.25763604514924077
concentricCircles4,run-1787236199_i0,0.4444444444444444,0.23977202197811914
concentricCircles4,run-1787236199_i0,0.2608695652173913,0.23008638794465985
concentricCircles4,run-1787236199_i0,0.5,0.2655385896920025
concentricCircles4,run-1787236199_i0,0.08333333333333333,0.16962291312965597
concentricCircles4,run-1787236199_i0,0.0,0.10063930147444776
concentricCircles4,run-1787236199_i0,0.09090909090909091,0.17135927379476246
concentricCircles4,run-1787236199_i0,0.1111111111111111,0.22752908823363868
concentricCircles4,run-1787236199_i0,0.36,0.22522884435517262
concentricCircles4,run-1787236199_i0,0.8571428571428571,0.28639883741974176
concentricCircles4,run-1787236199_i0,0.6,0.2603482432927921
concentricCircles4,run-1787236199_i0,1.0,0.555353495477249
concentricCircles4,run-1787236199_i0,0.4642857142857143,0.26053296270259085
concentricCircles4,run-1787236199_i0,0.6111111111111112,0.2777331402761387
concentricCircles4,run-1787236199_i0,0.5833333333333334,0.26658796757218034
concentricCircles4,run-1787236199_i0,0.8571428571428571,0.30165369110828516
concentricCircles4,run-1787236199_i0,0.48148148148148145,0.24840962258951552
concentricCircles4,run-1787236199_i0,0.08333333333333333,0.19584964610132882
concentricCircles4,run-1787236199_i0,0.22727272727272727,0.21886192739064741
concentricCircles4,run-1787236199_i0,0.39285714285714285,0.23236302696691016
concentricCircles4,run-1787236199_i0,0.038461538461538464,0.16959092351214874
concentricCircles4,run-1787236199_i0,0.13043478260869565,0.18034195722643262
concentricCircles4,run-1787236199_i0,0.08,0.19273617569936408
concentricCircles4,run-1787236199_i0,0.0,0.036101763308563746
concentricCircles4,run-1787236199_i0,0.5263157894736842,0.27196476184814716
concentricCircles4,run-1787236199_i0,0.5555555555555556,0.23385893156209767
concentricCircles4,run-1787236199_i0,0.5769230769230769,0.28764456179019027
concentricCircles4,run-1787236199_i0,0.7037037037037037,0.2979540434819152
concentricCircles4,run-1787236199_i0,0.21428571428571427,0.2355884599237498
concentricCircles4,run-1787236199_i0,0.038461538461538464,0.13366579351582636
concentricCircles4,run-1787236199_i0,0.6296296296296297,0.2813903955925368
concentricCircles4,run-1787236199_i0,0.75,0.2940521722008071
concentricCircles4,run-1787236199_i0,0.47619047619047616,0.2794852974571069
concentricCircles4,run-1787236199_i0,0.25,0.19739975073322877
concentricCircles4,run-1787236199_i0,0.6666666666666666,0.27637398458698437
concentricCircles4,run-1787236199_i0,0.045454545454545456,0.1655149651346155
concentricCircles4,run-1787236199_i0,0.16666666666666666,0.18434420056880438
concentricCircles4,run-1787236199_i0,0.9629629629629629,0.3477481508846875
concentricCircles4,run-1787236199_i0,0.08695652173913043,0.16874217788026655
concentricCircles4,run-1787236199_i0,0.15,0.19898870097704988
concentricCircles4,run-1787236199_i0,0.08333333333333333,0.11885348633179679
concentricCircles4,run-1787236199_i0,0.0,0.042302277497756634
concentricCircles4,run-1787236199_i0,0.15384615384615385,0.20056619441051338
concentricCircles4,run-1787236199_i0,0.6190476190476191,0.27761814119474204
concentricCircles4,run-1787236199_i0,0.0,0.05006602174503421
concentricCircles4,run-1787236199_i0,0.8695652173913043,0.2958231162685198
concentricCircles4,run-1787236199_i0,0.9545454545454546,0.30801532518016694
concentricCircles4,run-1787236199_i0,0.5789473684210527,0.29271101448258924
concentricCircles4,run-1787236199_i0,0.3333333333333333,0.24826779582946348
concentricCircles4,run-1787236199_i0,0.043478260869565216,0.11054035382599278
concentricCircles4,run-1787236199_i0,0.7307692307692307,0.2909476895172925
concentricCircles4,run-1787236199_i0,0.8333333333333334,0.2780581070421028
concentricCircles4,run-1787236199_i0,0.041666666666666664,0.11936305665662439
concentricCircles4,run-1787236199_i0,0.25,0.20929913782216156
concentricCircles4,run-1787236199_i0,0.55,0.29424439371634614
concentricCircles4,run-1787236199_i0,0.3333333333333333,0.21276781011301232
concentricCircles4,run-1787236199_i0,0.8,0.27097908952150734
concentricCircles4,run-1787236199_i0,0.46153846153846156,0.2633056166452
concentricCircles4,run-1787236199_i0,0.07142857142857142,0.20459442388658766
concentricCircles4,run-1787236199_i0,0.5,0.2596167481963699
concentricCircles4,run-1787236199_i0,0.34782608695652173,0.22812216118008388
concentricCircles4,run-1787236199_i0,0.36,0.2396079442558856
concentricCircles4,run-1787236199_i0,0.36,0.21426204408005964
concentricCircles4,run-1787236199_i0,0.037037037037037035,0.18348014973131696
concentricCircles4,run-1787236199_i0,0.047619047619047616,0.22435436650560547
concentricCircles4,run-1787236199_i0,0.7916666666666666,0.30384190645468473
concentricCircles4,run-1787236313_i0,0.3333333333333333,0.22499826712267149
concentricCircles4,run-1787236313_i0,0.16666666666666666,0.1857577984166477
concentricCircles4,run-1787236313_i0,0.047619047619047616,0.21726066879474393
concentricCircles4,run-1787236313_i0,0.5769230769230769,0.266774154095808
concentricCircles4,run-1787236313_i0,0.4583333333333333,0.21266253398312895
concentricCircles4,run-1787236313_i0,0.07692307692307693,0.11823487216726743
concentricCircles4,run-1787236313_i0,0.2916666666666667,0.2116804272050845
concentricCircles4,run-1787236313_i0,0.28,0.21669210373251307
concentricCircles4,run-1787236313_i0,0.4642857142857143,0.2283785770286163
concentricCircles4,run-1787236313_i0,0.7,0.28228839263429967
concentricCircles4,run-1787236313_i0,0.19047619047619047,0.16823898598104045
concentricCircles4,run-1787236313_i0,0.25925925925925924,0.20075870360504922
concentricCircles4,run-1787236313_i0,0.22727272727272727,0.18921779857959214
concentricCircles4,run-1787236313_i0,0.13333333333333333,0.21410161780187073
concentricCircles4,run-1787236313_i0,0.92,0.3279083141218442
concentricCircles4,run-1787236313_i0,0.6153846153846154,0.2670813395720705
concentricCircles4,run-1787236313_i0,0.6428571428571429,0.2622185546145599
concentricCircles4,run-1787236313_i0,0.7894736842105263,0.3101623966732105
concentricCircles4,run-1787236313_i0,0.4782608695652174,0.23533372119525447
concentricCircles4,run-1787236313_i0,0.0,0.12189149061767698
concentricCircles4,run-1787236313_i0,0.28,0.21602752657132462
concentricCircles4,run-1787236313_i0,0.65,0.3105814333420095
concentricCircles4,run-1787236313_i0,0.32142857142857145,0.18831639183917342
concentricCircles4,run-1787236313_i0,0.15384615384615385,0.1878278326628881
concentricCircles4,run-1787236313_i0,0.35,0.24880949420599788
concentricCircles4,run-1787236313_i0,0.6818181818181818,0.28455680797769267
concentricCircles4,run-1787236313_i0,0.6666666666666666,0.26346417208039224
concentricCircles4,run-1787236313_i0,1.0,0.5369842290724957
concentricCircles4,run-1787236313_i0,0.75,0.2982652612189902
concentricCircles4,run-1787236313_i0,0.35,0.22200107916441839
concentricCircles4,run-1787236313_i0,0.23076923076923078,0.17104456221044553
concentricCircles4,run-1787236313_i0,0.22727272727272727,0.15182534136622028
concentricCircles4,run-1787236313_i0,0.42857142857142855,0.23240100466269778
concentricCircles4,run-1787236313_i0,0.391304347826087,0.2200840398631564
concentricCircles4,run-1787236313_i0,0.6666666666666666,0.25008151110724697
concentricCircles4,run-1787236313_i0,0.07407407407407407,0.1428327927108944
concentricCircles4,run-1787236313_i0,0.125,0.1611743569367906
concentricCircles4,run-1787236313_i0,0.09090909090909091,0.14152893103406114
concentricCircles4,run-1787236313_i0,0.1111111111111111,0.16223191410969343
concentricCircles4,run-1787236313_i0,0.92,0.28042545697883287
concentricCircles4,run-1787236313_i0,0.34615384615384615,0.18147638395542984
concentricCircles4,run-1787236313_i0,0.5,0.20247327134409476
concentricCircles4,run-1787236313_i0,0.7619047619047619,0.26046574136703715
concentricCircles4,run-1787236313_i0,0.2608695652173913,0.18249607005754923
concentricCircles4,run-1787236313_i0,0.47368421052631576,0.2580635572248373
concentricCircles4,run-1787236313_i0,0.6956521739130435,0.21930757787494928
concentricCircles4,run-1787236313_i0,0.42857142857142855,0.1982312864612991
concentricCircles4,run-1787236313_i0,0.23809523809523808,0.1881961396998991
concentricCircles4,run-1787236313_i0,0.04,0.13908409195677346
concentricCircles4,run-1787236313_i0,0.045454545454545456,0.16478763265121862
concentricCircles4,run-1787236313_i0,0.1,0.1593384922006164
concentricCircles4,run-1787236313_i0,0.47619047619047616,0.21470101607973988
concentricCircles4,run-1787236313_i0,0.0,0.11758485191176264
concentricCircles4,run-1787236313_i0,0.3181818181818182,0.22976061305763085
concentricCircles4,run-1787236313_i0,0.045454545454545456,0.1435039442820669
concentricCircles4,run-1787236313_i0,0.55,0.23239689515633827
concentricCircles4,run-1787236313_i0,0.24,0.18857853726601048
concentricCircles4,run-1787236313_i0,0.09090909090909091,0.17150674402628238
concentricCircles4,run-1787236313_i0,0.5652173913043478,0.24349817584710448
concentricCircles4,run-1787236313_i0,0.8571428571428571,0.2791917692073254
concentricCircles4,run-1787236313_i0,0.6428571428571429,0.22397669408538967
concentricCircles4,run-1787236313_i0,0.46153846153846156,0.22095462826964604
concentricCircles4,run-1787236313_i0,0.5555555555555556,0.22157173478632838
concentricCircles4,run-1787236313_i0,1.0,0.5811816600861316
concentricCircles4,run-1787236313_i0,0.5714285714285714,0.21724372137353207
concentricCircles4,run-1787236313_i0,0.1,0.09537671690747201
concentricCircles4,run-1787236313_i0,0.5769230769230769,0.25345699525145493
concentricCircles4,run-1787236313_i0,0.041666666666666664,0.06850778210116736
concentricCircles4,run-1787236313_i0,0.13043478260869565,0.15684532168969015
concentricCircles4,run-1787236313_i0,0.5555555555555556,0.20967072641050938
concentricCircles4,run-1787236313_i0,0.4,0.2004593239843186
concentricCircles4,run-1787236313_i0,0.038461538461538464,0.052068644041239766
concentricCircles4,run-1787236313_i0,0.45454545454545453,0.214800175172951
concentricCircles4,run-1787236313_i0,0.5833333333333334,0.26183559003278034
concentricCircles4,run-1787236313_i0,0.0,0.009863223039656885
concentricCircles4,run-1787236313_i0,0.8421052631578947,0.25555321329660036
concentricCircles4,run-1787236313_i0,0.3333333333333333,0.20061899174677678
concentricCircles4,run-1787236313_i0,0.16,0.1523651144956827
concentricCircles4,run-1787236313_i0,0.7037037037037037,0.24606822016778757
concentricCircles4,run-1787236313_i0,0.16666666666666666,0.15911557863828105
concentricCircles4,run-1787236313_i0,0.7272727272727273,0.27873487762098265
concentricCircles4,run-1787236313_i0,1.0,0.3537695876638902
concentricCircles4,run-1787236313_i0,0.92,0.34765317109106547
concentricCircles4,run-1787236313_i0,0.041666666666666664,0.15253819265778323
concentricCircles4,run-1787236313_i0,0.6666666666666666,0.30051736619511316
concentricCircles4,run-1787236313_i0,0.125,0.1997789771440738
concentricCircles4,run-1787236313_i0,0.3333333333333333,0.21326607294441127
concentricCircles4,run-1787236313_i0,0.14285714285714285,0.18228290601948022
concentricCircles4,run-1787236313_i0,0.625,0.28000940967443116
concentricCircles4,run-1787236313_i0,0.28,0.1693122224173838
concentricCircles4,run-1787236313_i0,0.3333333333333333,0.20864103836461473
concentricCircles4,run-1787236313_i0,0.6086956521739131,0.301521047829873
concentricCircles4,run-1787236313_i0,0.7142857142857143,0.2820657120838425
concentricCircles4,run-1787236313_i0,0.13636363636363635,0.13843728549936177
concentricCircles4,run-1787236313_i0,0.16666666666666666,0.15749173771128225
concentricCircles4,run-1787236313_i0,0.4,0.23835978260080828
concentricCircles4,run-1787236313_i0,0.8928571428571429,0.30122113094740127
concentricCircles4,run-1787236313_i0,0.3333333333333333,0.24865228597570535
concentricCircles4,run-1787236313_i0,0.5357142857142857,0.20459472282616517
concentricCircles4,run-1787236313_i0,0.25,0.18425603800093665
concentricCircles4,run-1787236313_i0,0.038461538461538464,0.0921072418726069
concentricCircles4,run-1787236313_i0,0.3333333333333333,0.20218769078208426
concentricCircles4,run-1787236313_i0,0.43478260869565216,0.20465663862472572
concentricCircles4,run-1787236313_i0,0.047619047619047616,0.11582137389709463
concentricCircles4,run-1787236313_i0,0.1111111111111111,0.16640656259315528
concentricCircles4,run-1787236313_i0,0.68,0.29501022189394127
concentricCircles4,run-1787236313_i0,0.25,0.22215492499506165
concentricCircles4,run-1787236313_i0,0.15384615384615385,0.23061650656000057
concentricCircles4,run-1787236313_i0,0.47619047619047616,0.25050347589187155
concentricCircles4,run-1787236313_i0,0.22727272727272727,0.18228010465932282
concentricCircles4,run-1787236313_i0,0.5833333333333334,0.24368571637336828
concentricCircles4,run-1787236313_i0,0.1,0.16786152791287287
concentricCircles4,run-1787236313_i0,0.3333333333333333,0.22638473705320988
concentricCircles4,run-1787236313_i0,0.8695652173913043,0.30734374594608616
concentricCircles4,run-1787236313_i0,0.08695652173913043,0.17231847324663135
concentricCircles4,run-1787236313_i0,0.125,0.19241856528980977
concentricCircles4,run-1787236313_i0,0.8518518518518519,0.29937762724006783
concentricCircles4,run-1787236313_i0,0.375,0.23158842579981234
concentricCircles4,run-1787236313_i0,0.07692307692307693,0.222097458216947
concentricCircles4,run-1787236313_i0,0.4642857142857143,0.24542861102073774
concentricCircles4,run-1787236313_i0,0.14814814814814814,0.16195909618532175
concentricCircles4,run-1787236313_i0,0.6538461538461539,0.26922557335395175
concentricCircles4,run-1787236313_i0,0.35,0.21287669414306234
concentricCircles4,run-1787236313_i0,0.6,0.26991453643539653
concentricCircles4,run-1787236313_i0,0.5925925925925926,0.28330278097511763
concentricCircles4,run-1787236313_i0,0.0,0.13802909872771166
concentricCircles4,run-1787236313_i0,0.4090909090909091,0.25241210114479207
concentricCircles4,run-1787236313_i0,0.8823529411764706,0.3316650151219563
concentricCircles4,run-1787236313_i0,0.48,0.2605568230779685
concentricCircles4,run-1787236313_i0,0.8095238095238095,0.3134202427284586
concentricCircles4,run-1787236313_i0,0.10714285714285714,0.16897437841754506
concentricCircles4,run-1787236313_i0,0.6538461538461539,0.2815856820086933
concentricCircles4,run-1787236313_i0,0.8,0.30669900883120266
concentricCircles4,run-1787236313_i0,0.5652173913043478,0.2595561548723982
concentricCircles4,run-1787236313_i0,0.782608695652174,0.3072832639891313
concentricCircles4,run-1787236313_i0,0.875,0.3098362448214838
concentricCircles4,run-1787236313_i0,0.5925925925925926,0.2502385361460287
concentricCircles4,run-1787236313_i0,0.5263157894736842,0.22913646418731984
concentricCircles4,run-1787236313_i0,0.2857142857142857,0.22237512972070572
concentricCircles4,run-1787236313_i0,0.5769230769230769,0.24217455528223128
concentricCircles4,run-1787236313_i0,0.15,0.14684071376846236
concentricCircles4,run-1787236313_i0,0.12,0.1556067832810502
concentricCircles4,run-1787236313_i0,0.3181818181818182,0.2221627111528202
concentricCircles4,run-1787236313_i0,0.92,0.3119592655438243
concentricCircles4,run-1787236313_i0,0.13636363636363635,0.1556464463133856
concentricCircles4,run-1787236313_i0,0.25,0.2268689204187725
concentricCircles4,run-1787236313_i0,0.03571428571428571,0.11182687635899441
concentricCircles4,run-1787236313_i0,0.5,0.2425665350361526
concentricCircles4,run-1787236313_i0,0.07407407407407407,0.0851018637841853
concentricCircles4,run-1787236313_i0,0.16666666666666666,0.15250775822847565
concentricCircles4,run-1787236313_i0,0.14285714285714285,0.17214210733610447
concentricCircles4,run-1787236313_i0,0.7,0.2786071014979745
concentricCircles4,run-1787236313_i0,0.11538461538461539,0.13349224241045426
concentricCircles4,run-1787236313_i0,0.0,0.14890868071040697
concentricCircles4,run-1787236313_i0,0.6666666666666666,0.30227174210149954
concentricCircles4,run-1787236313_i0,0.037037037037037035,0.20275903603120388
concentricCircles4,run-1787236313_i0,0.21428571428571427,0.17735647034702273
concentricCircles4,run-1787236313_i0,0.04,0.05389012419725275
concentricCircles4,run-1787236313_i0,0.10526315789473684,0.19999555868562469
concentricCircles4,run-1787236313_i0,0.0,0.012941358562114307
concentricCircles4,run-1787236313_i0,0.7307692307692307,0.26711924352922267
concentricCircles4,run-1787236313_i0,0.8214285714285714,0.3069684038247135
concentricCircles4,run-1787236313_i0,0.19047619047619047,0.13731745604435944
concentricCircles4,run-1787236313_i0,0.9130434782608695,0.2978408074613518
concentricCircles4,run-1787236313_i0,0.21428571428571427,0.209218482498723
concentricCircles4,run-1787236313_i0,0.65,0.2562808484815713
concentricCircles4,run-1787236313_i0,0.3157894736842105,0.20540148402048802
concentricCircles4,run-1787236313_i0,0.46153846153846156,0.22429049520243605
concentricCircles4,run-1787236313_i0,0.32142857142857145,0.22837378779257586
concentricCircles4,run-1787236313_i0,0.75,0.28341829365438315
concentricCircles4,run-1787236313_i0,0.7368421052631579,0.2770103608390972
concentricCircles4,run-1787236313_i0,0.6521739130434783,0.23027471064589758
concentricCircles4,run-1787236313_i0,0.12,0.14397422075764665
concentricCircles4,run-1787236313_i0,0.6818181818181818,0.26544738038700544
concentricCircles4,run-1787236313_i0,1.0,0.31920109257381946
concentricCircles4,run-1787236313_i0,0.6296296296296297,0.25757023980771687
concentricCircles4,run-1787236313_i0,0.5217391304347826,0.23595851265641452
concentricCircles4,run-1787236313_i0,0.21739130434782608,0.15473104588115266
concentricCircles4,run-1787236313_i0,0.6,0.23805261887816034
concentricCircles4,run-1787236313_i0,0.2916666666666667,0.21733433710816738
concentricCircles4,run-1787236313_i0,0.64,0.2449343887001931
concentricCircles4,run-1787236313_i0,1.0,0.6260989636715636
concentricCircles4,run-1787236313_i0,0.0,0.08955142122071416
concentricCircles4,run-1787236313_i0,0.2962962962962963,0.21174765476929935
concentricCircles4,run-1787236431_i0,1.0,0.33935704165653957
concentricCircles4,run-1787236431_i0,0.0,0.12741534372388943
concentricCircles4,run-1787236431_i0,0.38461538461538464,0.22235421502219602
concentricCircles4,run-1787236431_i0,0.38095238095238093,0.20470674906888225
concentricCircles4,run-1787236431_i0,0.7391304347826086,0.2501999049898056
concentricCircles4,run-1787236431_i0,0.34782608695652173,0.23269692925997001
concentricCircles4,run-1787236431_i0,0.2,0.2001376747766485
concentricCircles4,run-1787236431_i0,0.6785714285714286,0.2860108535472854
concentricCircles4,run-1787236431_i0,0.4583333333333333,0.23045605474065756
concentricCircles4,run-1787236431_i0,0.25,0.16079220870375033
concentricCircles4,run-1787236431_i0,0.76,0.2760036576061317
concentricCircles4,run-1787236431_i0,0.8076923076923077,0.2683712891419276
concentricCircles4,run-1787236431_i0,0.6842105263157895,0.2619388732977517
concentricCircles4,run-1787236431_i0,0.625,0.28331560652598714
concentricCircles4,run-1787236431_i0,0.7,0.25562844466012685
concentricCircles4,run-1787236431_i0,0.19230769230769232,0.1350377837771723
concentricCircles4,run-1787236431_i0,0.9629629629629629,0.5623910906193851
concentricCircles4,run-1787236431_i0,0.6363636363636364,0.2292135419391973
concentricCircles4,run-1787236431_i0,0.041666666666666664,0.0995036621683256
concentricCircles4,run-1787236431_i0,0.44,0.2660020677528657
concentricCircles4,run-1787236431_i0,0.5652173913043478,0.2633536198223731
concentricCircles4,run-1787236431_i0,0.9523809523809523,0.5949038327697308
concentricCircles4,run-1787236431_i0,0.8518518518518519,0.2946438203576159
concentricCircles4,run-1787236431_i0,0.7307692307692307,0.29678907680551353
concentricCircles4,run-1787236431_i0,0.75,0.2812368197549124
concentricCircles4,run-1787236431_i0,0.8518518518518519,0.25310291037061916
concentricCircles4,run-1787236431_i0,0.3333333333333333,0.2007902542503531
concentricCircles4,run-1787236431_i0,0.24,0.16387755032794168
concentricCircles4,run-1787236431_i0,1.0,0.6058702593255977
concentricCircles4,run-1787236431_i0,0.8571428571428571,0.271211126183101
concentricCircles4,run-1787236431_i0,0.0,0.045696562114993775
concentricCircles4,run-1787236431_i0,0.5925925925925926,0.2623852250635562
concentricCircles4,run-1787236431_i0,0.7307692307692307,0.2639521631833986
concentricCircles4,run-1787236431_i0,0.15384615384615385,0.203205987055499
concentricCircles4,run-1787236431_i0,0.6956521739130435,0.27641958140024075
concentricCircles4,run-1787236431_i0,0.23076923076923078,0.17384381815023778
concentricCircles4,run-1787236431_i0,0.5,0.2296359114238882
concentricCircles4,run-1787236431_i0,0.47619047619047616,0.244643076909052
concentricCircles4,run-1787236431_i0,0.12,0.14137541230402717
concentricCircles4,run-1787236431_i0,0.5263157894736842,0.2544115904242711
concentricCircles4,run-1787236431_i0,0.43478260869565216,0.2038612153767018
concentricCircles4,run-1787236431_i0,0.8571428571428571,0.2572086114733288
concentricCircles4,run-1787236431_i0,0.375,0.2132849166399381
concentricCircles4,run-1787236431_i0,0.7727272727272727,0.2785091253226605
concentricCircles4,run-1787236431_i0,0.0,0.1534552504699255
concentricCircles4,run-1787236431_i0,0.23809523809523808,0.21667915059651466
concentricCircles4,run-1787236431_i0,0.3157894736842105,0.19412143195289952
concentricCircles4,run-1787236431_i0,0.13636363636363635,0.1146744084587473
concentricCircles4,run-1787236431_i0,0.13043478260869565,0.11677173686923956
concentricCircles4,run-1787236431_i0,0.36363636363636365,0.20576737582592383
concentricCircles4,run-1787236431_i0,0.65,0.25937050985374405
concentricCircles4,run-1787236431_i0,0.38461538461538464,0.2038543201568645
concentricCircles4,run-1787236431_i0,0.6071428571428571,0.21014269764114696
concentricCircles4,run-1787236431_i0,0.2962962962962963,0.19642585397031517
concentricCircles4,run-1787236431_i0,0.125,0.1939880296109623
concentricCircles4,run-1787236431_i0,0.8636363636363636,0.3086058202931388
concentricCircles4,run-1787236431_i0,0.5185185185185185,0.19682760495366924
concentricCircles4,run-1787236431_i0,0.2857142857142857,0.18906796075106322
concentricCircles4,run-1787236431_i0,0.56,0.20987761814927688
concentricCircles4,run-1787236431_i0,0.5416666666666666,0.21916413273087235
concentricCircles4,run-1787236431_i0,1.0,0.6308186309603975
concentricCircles4,run-1787236431_i0,0.4074074074074074,0.22219557254388225
concentricCircles4,run-1787236431_i0,0.6190476190476191,0.22043687126736122
concentricCircles4,run-1787236431_i0,0.5217391304347826,0.19956437266142377
concentricCircles4,run-1787236431_i0,0.8076923076923077,0.2716084983426251
concentricCircles4,run-1787236431_i0,0.26666666666666666,0.24398916879801053
concentricCircles4,run-1787236431_i0,0.4444444444444444,0.21209493946268626
concentricCircles4,run-1787236431_i0,0.65,0.24271486931102385
concentricCircles4,run-1787236431_i0,0.75,0.2388700062081341
concentricCircles4,run-1787236431_i0,0.76,0.29043639471054267
concentricCircles4,run-1787236431_i0,0.23076923076923078,0.14157923644467135
concentricCircles4,run-1787236431_i0,0.6071428571428571,0.2190805485981006
concentricCircles4,run-1787236431_i0,0.4583333333333333,0.17137217644842664
concentricCircles4,run-1787236431_i0,0.65,0.2701846925934578
concentricCircles4,run-1787236431_i0,0.2962962962962963,0.17377062675140878
concentricCircles4,run-1787236431_i0,0.13636363636363635,0.19982104231182216
concentricCircles4,run-1787236431_i0,0.782608695652174,0.2943845205371984
concentricCircles4,run-1787236431_i0,0.0,0.08844847304153847
concentricCircles4,run-1787236431_i0,0.6071428571428571,0.24806978499560337
concentricCircles4,run-1787236431_i0,0.8461538461538461,0.30014133331849524
concentricCircles4,run-1787236431_i0,0.07142857142857142,0.10984569897440633
concentricCircles4,run-1787236431_i0,0.9259259259259259,0.3295589762450781
concentricCircles4,run-1787236431_i0,0.19047619047619047,0.12112590548960657
concentricCircles4,run-1787236431_i0,0.8333333333333334,0.3133531190644564
concentricCircles4,run-1787236431_i0,0.3181818181818182,0.1282858469978878
concentricCircles4,run-1787236431_i0,0.3,0.22718608903317297
concentricCircles4,run-1787236431_i0,0.48148148148148145,0.25580218968679735
concentricCircles4,run-1787236431_i0,0.5454545454545454,0.2743480543029609
concentricCircles4,run-1787236431_i0,0.36363636363636365,0.20367505347125126
concentricCircles4,run-1787236431_i0,0.25,0.2062036698181174
concentricCircles4,run-1787236431_i0,0.2916666666666667,0.18125959010378265
concentricCircles4,run-1787236431_i0,0.8947368421052632,0.31001751182360054
concentricCircles4,run-1787236431_i0,0.125,0.11273591069628909
concentricCircles4,run-1787236431_i0,0.6,0.22388924763359733
concentricCircles4,run-1787236431_i0,0.0,0.06215514505416358
concentricCircles4,run-1787236431_i0,0.65,0.2467295434620509
concentricCircles4,run-1787236431_i0,0.0625,0.1516543956560463
concentricCircles4,run-1787236431_i0,0.2631578947368421,0.16466343133691047
concentricCircles4,run-1787236431_i0,0.95,0.355059794665159
concentricCircles4,run-1787236431_i0,0.12,0.11815151035667891
concentricCircles4,run-1787236431_i0,0.08,0.10028893184520095
concentricCircles4,run-1787236431_i0,0.2608695652173913,0.15717622324558198
concentricCircles4,run-1787236431_i0,1.0,0.3204493066579985
concentricCircles4,run-1787236431_i0,0.9047619047619048,0.29258959090430753
concentricCircles4,run-1787236431_i0,0.8214285714285714,0.2627291183918849
concentricCircles4,run-1787236431_i0,0.5263157894736842,0.20167892192480216
concentricCircles4,run-1787236431_i0,0.16,0.12217893450748063
concentricCircles4,run-1787236431_i0,0.6666666666666666,0.2747219056921157
concentricCircles4,run-1787236431_i0,0.6666666666666666,0.27435113728536514
concentricCircles4,run-1787236431_i0,0.07407407407407407,0.1615892524433694
concentricCircles4,run-1787236431_i0,0.11538461538461539,0.1899276500008093
concentricCircles4,run-1787236431_i0,0.5294117647058824,0.23701197575702163
concentricCircles4,run-1787236431_i0,0.8181818181818182,0.26850511463844795
concentricCircles4,run-1787236431_i0,0.08,0.19196035099543757
concentricCircles4,run-1787236431_i0,0.16666666666666666,0.22380155690444262
concentricCircles4,run-1787236431_i0,0.8571428571428571,0.2560409922978572
concentricCircles4,run-1787236431_i0,0.08695652173913043,0.17632800143126978
concentricCircles4,run-1787236431_i0,0.391304347826087,0.2620717541538009
concentricCircles4,run-1787236431_i0,0.18181818181818182,0.23026710485513435
concentricCircles4,run-1787236431_i0,0.8571428571428571,0.31691634881975395
concentricCircles4,run-1787236431_i0,0.08,0.21433668431556682
concentricCircles4,run-1787236431_i0,0.5714285714285714,0.25210837157098065
concentricCircles4,run-1787236431_i0,0.16,0.21867751277605205
concentricCircles4,run-1787236431_i0,0.8695652173913043,0.3011825638731334
concentricCircles4,run-1787236431_i0,0.625,0.2914157459655113
concentricCircles4,run-1787236431_i0,0.0,0.13192618041116458
concentricCircles4,run-1787236431_i0,0.9166666666666666,0.33756314230970214
concentricCircles4,run-1787236431_i0,0.85,0.2650491477264835
concentricCircles4,run-1787236431_i0,0.47619047619047616,0.23668947252262193
concentricCircles4,run-1787236431_i0,0.42105263157894735,0.25677833513443765
concentricCircles4,run-1787236431_i0,0.6086956521739131,0.2500930200908918
concentricCircles4,run-1787236431_i0,0.6923076923076923,0.2723179741727662
concentricCircles4,run-1787236431_i0,0.0,0.15443612129639958
concentricCircles4,run-1787236431_i0,0.625,0.2673467891385515
concentricCircles4,run-1787236431_i0,1.0,0.5833067403004323
concentricCircles4,run-1787236431_i0,1.0,0.29533206909665727
concentricCircles4,run-1787236431_i0,0.1,0.20143570129649044
concentricCircles4,run-1787236431_i0,0.7,0.29387424123704864
concentricCircles4,run-1787236431_i0,0.3333333333333333,0.23600895377490042
concentricCircles4,run-1787236431_i0,0.14285714285714285,0.2149899155796398
concentricCircles4,run-1787236431_i0,0.6190476190476191,0.2597382742790683
concentricCircles4,run-1787236431_i0,1.0,0.2653610774382006
concentricCircles4,run-1787236431_i0,0.25925925925925924,0.24586528142837147
concentricCircles4,run-1787236431_i0,1.0,0.5394080771035012
concentricCircles4,run-1787236431_i0,0.0,0.11258041520174694
concentricCircles4,run-1787236431_i0,0.6923076923076923,0.2474258378159199
concentricCircles4,run-1787236431_i0,0.8181818181818182,0.29927800615966776
concentricCircles4,run-1787236431_i0,0.0,0.19962005581688833
concentricCircles4,run-1787236431_i0,0.10714285714285714,0.17598911414096605
concentricCircles4,run-1787236431_i0,0.72,0.27421681488661026
concentricCircles4,run-1787236431_i0,0.65,0.24781639487331855
concentricCircles4,run-1787236431_i0,0.8181818181818182,0.25279907449165673
concentricCircles4,run-1787236431_i0,0.375,0.23079658331078734
concentricCircles4,run-1787236431_i0,1.0,0.32770123268028634
concentricCircles4,run-1787236431_i0,0.043478260869565216,0.05021240170672227
concentricCircles4,run-1787236431_i0,0.2857142857142857,0.21264255397101886
concentricCircles4,run-1787236431_i0,0.1,0.12170794753903856
concentricCircles4,run-1787236431_i0,0.5217391304347826,0.24427117971694262
concentricCircles4,run-1787236431_i0,0.2857142857142857,0.2563411755165298
concentricCircles4,run-1787236431_i0,0.2916666666666667,0.21239475590865947
concentricCircles4,run-1787236431_i0,0.42857142857142855,0.24830622312687342
concentricCircles4,run-1787236431_i0,0.7142857142857143,0.25769570072421505
concentricCircles4,run-1787236431_i0,0.11538461538461539,0.19443896382631623
concentricCircles4,run-1787236431_i0,0.05,0.10701643013159166
concentricCircles4,run-1787236431_i0,0.52,0.24935543442381639
concentricCircles4,run-1787236431_i0,0.6428571428571429,0.25863163491803987
concentricCircles4,run-1787236431_i0,0.4782608695652174,0.2534964956838444
concentricCircles4,run-1787236431_i0,0.125,0.19144899446733513
concentricCircles4,run-1787236431_i0,0.30434782608695654,0.1876215382552136
concentricCircles4,run-1787236431_i0,0.64,0.2642333976535292
concentricCircles4,run-1787236431_i0,0.03571428571428571,0.09823832863685342
concentricCircles4,run-1787236431_i0,0.8,0.26199761983281467
concentricCircles4,run-1787236431_i0,1.0,0.3624772967942753
concentricCircles4,run-1787236431_i0,0.3181818181818182,0.20601535370390595
concentricCircles4,run-1787236431_i0,0.6666666666666666,0.28386047804740305
concentricCircles4,run-1787236431_i0,0.16,0.1266831815024555
concentricCircles4,run-1787236431_i0,0.23076923076923078,0.16032523821958697
concentricCircles4,run-1787236431_i0,0.2727272727272727,0.2075395382591338
concentricCircles4,run-1787236431_i0,0.043478260869565216,0.09655689687042324
concentricCircles4,run-1787236431_i0,0.2692307692307692,0.2251448992327412
concentricCircles4,run-1787236431_i0,0.8947368421052632,0.2981639327594388
concentricCircles4,run-1787236431_i0,0.21428571428571427,0.10727438282313621
concentricCircles4,run-1787236431_i0,0.75,0.2900318574529522
concentricCircles4,run-1787236431_i0,0.6071428571428571,0.27509191567994107
concentricCircles4,run-1787236431_i0,0.45454545454545453,0.2512266051837599
concentricCircles4,run-1787236431_i0,0.68,0.27427449364675144
concentricCircles4,run-1787236431_i0,0.9629629629629629,0.32215283727015587
kroD100_or2,run-1783974546_i0,0.625,0.17290176302724686
kroD100_or2,run-1783974546_i0,0.875,0.2196627889184349
kroD100_or2,run-1783974546_i0,0.14285714285714285,0.05155130297286626
kroD100_or2,run-1783974546_i0,0.95,0.3029123680520074
kroD100_or2,run-1783974546_i0,1.0,0.2703141866066386
kroD100_or2,run-1783974546_i0,0.7727272727272727,0.23501832159499889
kroD100_or2,run-1783974546_i0,0.3333333333333333,0.1959475922799068
kroD100_or2,run-1783974546_i0,0.6071428571428571,0.25130617347265854
kroD100_or2,run-1783974546_i0,0.42857142857142855,0.23168979197458334
kroD100_or2,run-1783974546_i0,0.7142857142857143,0.19887105783728617
kroD100_or2,run-1783974546_i0,0.041666666666666664,0.038958033326475974
kroD100_or2,run-1783974546_i0,0.8636363636363636,0.2694598872821541
kroD100_or2,run-1783974546_i0,0.5,0.1637974201153016
kroD100_or2,run-1783974546_i0,0.9230769230769231,0.28209155761908616
kroD100_or2,run-1783974546_i0,0.07142857142857142,0.0906088580628217
kroD100_or2,run-1783974546_i0,0.08333333333333333,0.09922821960572721
kroD100_or2,run-1783974546_i0,0.4642857142857143,0.1936023781334378
kroD100_or2,run-1783974546_i0,0.5714285714285714,0.23841890492721846
kroD100_or2,run-1783974546_i0,0.2222222222222222,0.14700087270240847
kroD100_or2,run-1783974546_i0,1.0,0.6733756905511784
kroD100_or2,run-1783974546_i0,0.43478260869565216,0.20777387548444087
kroD100_or2,run-1783974546_i0,0.3181818181818182,0.163876463182707
kroD100_or2,run-1783974546_i0,0.2,0.11256703788082473
kroD100_or2,run-1783974546_i0,0.75,0.2380039846694244
kroD100_or2,run-1783974546_i0,0.07142857142857142,0.1089814269148148
kroD100_or2,run-1783974546_i0,0.5,0.2314815579013395
kroD100_or2,run-1783974546_i0,0.4230769230769231,0.2033427132512272
kroD100_or2,run-1783974546_i0,0.8,0.2558632537906251
kroD100_or2,run-1783974546_i0,0.25925925925925924,0.17976558003244206
kroD100_or2,run-1783974546_i0,0.19047619047619047,0.1216024492234169
kroD100_or2,run-1783974546_i0,0.5217391304347826,0.23088178793600966
kroD100_or2,run-1783974546_i0,0.4444444444444444,0.2070422893805535
kroD100_or2,run-1783974546_i0,0.72,0.25318827202922173
kroD100_or2,run-1783974546_i0,0.75,0.2440378934829326
kroD100_or2,run-1783974546_i0,0.14285714285714285,0.051661699516642144
kroD100_or2,run-1783974546_i0,0.05,0.01664707364178351
kroD100_or2,run-1783974546_i0,0.0,0.0
kroD100_or2,run-1783974546_i0,0.43478260869565216,0.2352501592590777
kroD100_or2,run-1783974546_i0,0.037037037037037035,0.0
kroD100_or2,run-1783974546_i0,1.0,0.5668421485188296
kroD100_or2,run-1783974546_i0,0.8,0.25962383133588507
kroD100_or2,run-1783974546_i0,0.75,0.2579640435262576
kroD100_or2,run-1783974546_i0,1.0,0.23587404355503241
kroD100_or2,run-1783974546_i0,0.8095238095238095,0.24573217791889435
kroD100_or2,run-1783974546_i0,0.4782608695652174,0.20018887758852036
kroD100_or2,run-1783974546_i0,0.34615384615384615,0.17118709215659414
kroD100_or2,run-1783974546_i0,0.6923076923076923,0.24793172059901564
kroD100_or2,run-1783974546_i0,0.45454545454545453,0.2319009837109875
kroD100_or2,run-1783974546_i0,0.92,0.2739127087983989
kroD100_or2,run-1783974546_i0,0.25925925925925924,0.12292525290370931
kroD100_or2,run-1783974546_i0,0.32142857142857145,0.13405877358142287
kroD100_or2,run-1783974546_i0,0.5909090909090909,0.218044893798498
kroD100_or2,run-1783974546_i0,1.0,0.2851836793002275
kroD100_or2,run-1783974546_i0,0.36,0.16599993756382986
kroD100_or2,run-1783974546_i0,1.0,0.31782643536265787
kroD100_or2,run-1783974546_i0,0.7083333333333334,0.24577997671711294
kroD100_or2,run-1783974546_i0,1.0,0.5853416983512532
kroD100_or2,run-1783974546_i0,0.14285714285714285,0.08829014935309697
kroD100_or2,run-1783974546_i0,0.55,0.15882549662229953
kroD100_or2,run-1783974546_i0,0.21052631578947367,0.15236241610738255
kroD100_or2,run-1783974546_i0,0.8888888888888888,0.3079754333208339
kroD100_or2,run-1783974546_i0,1.0,0.24759090477546758
kroD100_or2,run-1783974546_i0,1.0,0.31174932283929085
kroD100_or2,run-1783974546_i0,0.7692307692307693,0.2383348764446715
kroD100_or2,run-1783974546_i0,0.9047619047619048,0.273913967396254
kroD100_or2,run-1783974546_i0,0.6153846153846154,0.2316260001975699
kroD100_or2,run-1783974546_i0,0.21052631578947367,0.11604942898097227
kroD100_or2,run-1783974546_i0,0.2,0.050231932976927844
kroD100_or2,run-1783974546_i0,0.5555555555555556,0.2116717696976297
kroD100_or2,run-1783974546_i0,0.6818181818181818,0.23382193754222044
kroD100_or2,run-1783974546_i0,0.48,0.18436380707306052
kroD100_or2,run-1783974546_i0,0.21052631578947367,0.09641913210701539
kroD100_or2,run-1783974546_i0,0.0,0.0
kroD100_or2,run-1783974546_i0,0.22727272727272727,0.09020014840177107
kroD100_or2,run-1783974546_i0,1.0,0.6399136102405262
kroD100_or2,run-1783974546_i0,0.19047619047619047,0.12002730337131183
kroD100_or2,run-1783974546_i0,0.19230769230769232,0.07018525579760025
kroD100_or2,run-1783974546_i0,0.8095238095238095,0.26176742268368197
kroD100_or2,run-1783974546_i0,0.8518518518518519,0.25679351048774124
kroD100_or2,run-1783974546_i0,0.5238095238095238,0.17270975497648766
kroD100_or2,run-1783974546_i0,0.5652173913043478,0.20304734858828027
kroD100_or2,run-1783974546_i0,0.95,0.26009870725588347
kroD100_or2,run-1783974546_i0,0.4166666666666667,0.12536535271348453
kroD100_or2,run-1783974546_i0,0.38461538461538464,0.13386952882855535
kroD100_or2,run-1783974546_i0,0.56,0.2074480484161997
kroD100_or2,run-1783974546_i0,0.05,0.010543678301131268
kroD100_or2,run-1783974546_i0,1.0,0.28779724228894565
kroD100_or2,run-1783974546_i0,0.4583333333333333,0.1614900121106254
kroD100_or2,run-1783974546_i0,0.42857142857142855,0.157195692226905
kroD100_or2,run-1783974546_i0,0.2727272727272727,0.10926362382156816
kroD100_or2,run-1783974546_i0,0.6,0.19648019844324696
kroD100_or2,run-1783974546_i0,0.041666666666666664,0.0
kroD100_or2,run-1783974546_i0,0.2,0.08421686806484907
kroD100_or2,run-1783974546_i0,0.5185185185185185,0.1629391826847736
kroD100_or2,run-1783974546_i0,0.08695652173913043,0.003632161135875782
kroD100_or2,run-1783974546_i0,0.7142857142857143,0.21810916673243305
kroD100_or2,run-1783974546_i0,0.8421052631578947,0.2518352787553545
kroD100_or2,run-1783974546_i0,0.6,0.1923785455674822
kroD100_or2,run-1783974546_i0,0.5,0.23162663952591228
kroD100_or2,run-1783974546_i0,0.043478260869565216,0.0
kroD100_or2,run-1783974546_i0,0.96,0.2709175267346431
kroD100_or2,run-1783974546_i0,0.75,0.2204663918649893
kroD100_or2,run-1783974546_i0,0.11764705882352941,0.014702435823320674
kroD100_or2,run-1783974546_i0,1.0,0.28161390412465775
kroD100_or2,run-1783974546_i0,0.5714285714285714,0.21146286296144823
kroD100_or2,run-1783974546_i0,0.08333333333333333,0.06794261245397788
kroD100_or2,run-1783974546_i0,0.17857142857142858,0.06935223398528614
kroD100_or2,run-1783974546_i0,0.058823529411764705,0.039635889695389837
kroD100_or2,run-1783974546_i0,0.8636363636363636,0.25313939509361644
kroD100_or2,run-1783974546_i0,0.28,0.15306390296886313
kroD100_or2,run-1783974546_i0,0.391304347826087,0.1635617345842584
kroD100_or2,run-1783974546_i0,0.6,0.1921861349504086
kroD100_or2,run-1783974546_i0,0.7727272727272727,0.2580907995937871
kroD100_or2,run-1783974546_i0,0.5,0.1681327281264674
kroD100_or2,run-1783974546_i0,0.5416666666666666,0.15805464354287604
kroD100_or2,run-1783974546_i0,0.84,0.26109857035364936
kroD100_or2,run-1783974546_i0,0.058823529411764705,0.002554094549487653
kroD100_or2,run-1783974546_i0,0.125,0.11930308796653909
kroD100_or2,run-1783974546_i0,0.2,0.1000319667164456
kroD100_or2,run-1783974546_i0,0.7619047619047619,0.21350668478053852
kroD100_or2,run-1783974546_i0,0.84,0.2582635013939874
kroD100_or2,run-1783974546_i0,0.0,0.0
kroD100_or2,run-1783974546_i0,0.2222222222222222,0.11453133666112031
kroD100_or2,run-1783974546_i0,0.5652173913043478,0.2021932918072351
kroD100_or2,run-1783974546_i0,0.7916666666666666,0.2428148815704406
kroD100_or2,run-1783974546_i0,0.8636363636363636,0.24206374681025208
kroD100_or2,run-1783974546_i0,0.23076923076923078,0.1446123580434588
kroD100_or2,run-1783974546_i0,0.5714285714285714,0.20367009305483788
kroD100_or2,run-1783974546_i0,1.0,0.29810827704101983
kroD100_or2,run-1783974546_i0,0.058823529411764705,0.08650475040218267
kroD100_or2,run-1783974546_i0,0.5789473684210527,0.17353649540974572
kroD100_or2,run-1783974546_i0,0.6875,0.2115500911278584
kroD100_or2,run-1783974546_i0,0.7894736842105263,0.23328165163817377
kroD100_or2,run-1783974546_i0,0.6190476190476191,0.21358408087831965
kroD100_or2,run-1783974546_i0,0.47058823529411764,0.18943172641334252
kroD100_or2,run-1783974546_i0,0.5555555555555556,0.18270326255826003
kroD100_or2,run-1783974546_i0,0.4090909090909091,0.163410796961388
kroD100_or2,run-1783974546_i0,0.125,0.09428908792443053
kroD100_or2,run-1783974546_i0,1.0,0.29653292412566906
kroD100_or2,run-1783974546_i0,0.9,0.24575954895576915
kroD100_or2,run-1783974546_i0,0.7058823529411765,0.2210362267701717
kroD100_or2,run-1783974546_i0,0.05555555555555555,0.007295045846230602
kroD100_or2,run-1783974546_i0,0.8695652173913043,0.25210526946251244
kroD100_or2,run-1783974546_i0,0.8095238095238095,0.23537946977522017
kroD100_or2,run-1783974546_i0,0.15789473684210525,0.02535442777891929
kroD100_or2,run-1783974546_i0,0.5714285714285714,0.19068971492938214
kroD100_or2,run-1783974546_i0,0.0,0.0
kroD100_or2,run-1783974546_i0,0.4782608695652174,0.20103187371709239
kroD100_or2,run-1783974546_i0,0.7727272727272727,0.21371621564855034
kroD100_or2,run-1783974546_i0,0.1,0.10176642068905788
kroD100_or2,run-1783974546_i0,0.375,0.16108875333862693
kroD100_or2,run-1783974546_i0,0.9523809523809523,0.27363998997938055
kroD100_or2,run-1783974546_i0,0.05555555555555555,0.0536673085348086
kroD100_or2,run-1783974546_i0,0.7083333333333334,0.21512332687936697
kroD100_or2,run-1783974546_i0,0.06666666666666667,0.02052617270008568
kroD100_or2,run-1783974546_i0,0.4,0.16311296335341596
kroD100_or2,run-1783974546_i0,0.7222222222222222,0.2113620428333313
kroD100_or2,run-1783974546_i0,0.05,0.0
kroD100_or2,run-1783974546_i0,0.3181818181818182,0.14892260095527565
kroD100_or2,run-1783974546_i0,0.625,0.206769357884797
kroD100_or2,run-1783974546_i0,0.23529411764705882,0.12253789299917456
kroD100_or2,run-1783974546_i0,0.0,0.0
kroD100_or2,run-1783974546_i0,0.09523809523809523,0.029656537600530705
kroD100_or2,run-1783974546_i0,0.8260869565217391,0.24800958787472804
kroD100_or2,run-1783974546_i0,0.8947368421052632,0.25054103280472206
kroD100_or2,run-1783974546_i0,0.6875,0.18957085764629272
kroD100_or2,run-1783974546_i0,0.47058823529411764,0.21093100494178318
kroD100_or2,run-1783974546_i0,0.2727272727272727,0.1814479618022889
kroD100_or2,run-1783974546_i0,0.26666666666666666,0.16319555027250096
kroD100_or2,run-1783974546_i0,0.65,0.22140850010229515
kroD100_or2,run-1783974546_i0,0.7083333333333334,0.23975271379615884
kroD100_or2,run-1783974546_i0,0.2857142857142857,0.17665390202033535
kroD100_or2,run-1783974546_i0,0.4,0.1998943417448097
kroD100_or2,run-1783974546_i0,0.9375,0.2813491633515471
kroD100_or2,run-1783974546_i0,0.6086956521739131,0.20664534695098566
kroD100_or2,run-1783974546_i0,0.2631578947368421,0.1735784220384992
kroD100_or2,run-1783974546_i0,0.0,0.0
kroD100_or2,run-1783974546_i0,0.5714285714285714,0.21503662250711053
kroD100_or2,run-1783974546_i0,0.3125,0.17517757076866813
kroD100_or2,run-1783974546_i0,0.5294117647058824,0.20300268647891304
kroD100_or2,run-1783974546_i0,1.0,0.28246578458505506
kroD100_or2,run-1783974546_i0,0.5384615384615384,0.2167451046306412
kroD100_or2,run-1783974546_i0,0.0,0.02951450624385553
kroD100_or2,run-1783974546_i0,0.42105263157894735,0.1596662676647669
kroD100_or2,run-1783974546_i0,0.0,0.04210585968491444
kroD100_or2,run-1783974546_i0,0.45454545454545453,0.17246282958930959
kroD100_or2,run-1783974546_i0,0.9444444444444444,0.2918466602015928
kroD100_or2,run-1783974546_i0,0.14285714285714285,0.11922270389212265
kroD100_or2,run-1783974546_i0,0.5833333333333334,0.21129002139001118
kroD100_or2,run-1783974546_i0,0.5384615384615384,0.17803082290333871
kroD100_or2,run-1783974546_i0,0.6428571428571429,0.19821601289629237
kroD100_or2,run-1783974546_i0,0.35714285714285715,0.16256873633148242
kroD100_or2,run-1783974546_i0,0.0625,0.05379780765126648
kroD100_or2,run-1783974546_i0,1.0,0.2718965126546177
kroD100_or2,run-1783974546_i0,0.25,0.11987246305720764
kroD100_or2,run-1783974546_i0,0.85,0.2476345565319931
kroD100_or2,run-1783974546_i0,0.42857142857142855,0.17912947639276405
kroD100_or2,run-1783974546_i0,0.0,0.0
kroD100_or2,run-1783974546_i0,0.8461538461538461,0.2491877383811272
kroD100_or2,run-1783974546_i0,1.0,0.5323157061360996
kroD100_or2,run-1783974546_i0,0.9130434782608695,0.26221301639227407
kroD100_or2,run-1783974546_i0,0.058823529411764705,0.048640151399529964
kroD100_or2,run-1783974546_i0,0.2727272727272727,0.15309421147367797
kroD100_or2,run-1783974546_i0,0.5555555555555556,0.18071162276388644
kroD100_or2,run-1783974546_i0,0.875,0.2472225682153318
kroD100_or2,run-1783974546_i0,0.6,0.1999448837258601
kroD100_or2,run-1783974546_i0,0.05263157894736842,0.0
kroD100_or2,run-1783974546_i0,0.21428571428571427,0.10245933841439461
kroD100_or2,run-1783974546_i0,0.36363636363636365,0.16122975296353279
kroD100_or2,run-1783974546_i0,0.6666666666666666,0.20834344647274988
kroD100_or2,run-1783974546_i0,0.0,0.0
kroD100_or2,run-1783974546_i0,0.25,0.10116127040183714
kroD100_or2,run-1783974546_i0,0.5882352941176471,0.1956248972421969
kroD100_or2,run-1783974546_i0,1.0,0.6046521399339491
kroD100_or2,run-1783974546_i0,0.4,0.17870410766932396
kroD100_or2,run-1783974546_i0,0.3333333333333333,0.14203914748760457
kroD100_or2,run-1783974546_i0,0.782608695652174,0.2615010298256371
kroD100_or2,run-1783974546_i0,0.9166666666666666,0.6323624831547383
kroD100_or2,run-1783974546_i0,0.46153846153846156,0.16871815782516542
kroD100_or2,run-1783974546_i0,0.9090909090909091,0.5835588847601509
kroD100_or2,run-1783974546_i0,0.13333333333333333,0.08296775716562078
kroD100_or2,run-1783974546_i0,0.6842105263157895,0.2018620870319552
kroD100_or2,run-1783974546_i0,0.46153846153846156,0.18491022250154945
kroD100_or2,run-1783974546_i0,0.4,0.11248472380161466
kroD100_or2,run-1783974546_i0,1.0,0.6499739574796668
kroD100_or2,run-1783974546_i0,0.0,0.011366279684493252
kroD100_or2,run-1783974546_i0,0.6111111111111112,0.21879839918720342
kroD100_or2,run-1783974546_i0,0.06666666666666667,0.09754124411314322
kroD100_or2,run-1783974546_i0,0.7857142857142857,0.5299675084884988
kroD100_or2,run-1783974546_i0,0.42857142857142855,0.17074668268636148
kroD100_or2,run-1783974546_i0,0.10526315789473684,0.07993391726562528
kroD100_or2,run-1783974546_i0,0.875,0.2806095008144992
kroD100_or2,run-1783974546_i0,0.0,0.0
kroD100_or2,run-1783974546_i0,0.0,0.046833394781041406
kroD100_or2,run-1783974546_i0,0.7222222222222222,0.22273650053738425
kroD100_or2,run-1783974546_i0,0.3333333333333333,0.1117357091388023
kroD100_or2,run-1783974546_i0,0.7272727272727273,0.2105841146764948
kroD100_or2,run-1783974546_i0,0.0,0.1380747351631432
kroD100_or2,run-1783974546_i0,0.7777777777777778,0.2120813854830392
kroD100_or2,run-1783974546_i0,1.0,0.6072338363704799
kroD100_or2,run-1783974546_i0,0.6,0.23083405950963667
kroD100_or2,run-1783974546_i0,0.9,0.3528099500799004
kroD100_or2,run-1783974546_i0,0.0,0.09318722186442238
kroD100_or2,run-1783974546_i0,0.0,0.06743656832375973
kroD100_or2,run-1783974546_i0,0.9090909090909091,0.2457533713692946
kroD100_or2,run-1783974546_i0,0.8888888888888888,0.5161300127662162
kroD100_or2,run-1783974546_i0,0.7142857142857143,0.25917560477592644
kroD100_or2,run-1783974546_i0,0.5555555555555556,0.19023140651639386
kroD100_or2,run-1783974546_i0,0.68,0.2188210259616061
kroD100_or2,run-1783974546_i0,0.7391304347826086,0.2451459657056421
kroD100_or2,run-1783974546_i0,0.9444444444444444,0.2727227863718326
kroD100_or2,run-1783974546_i0,0.4,0.2035183254982876
kroD100_or2,run-1783974546_i0,0.0,0.047202690619411465
kroD100_or2,run-1783974546_i0,1.0,0.27918808850415466
kroD100_or2,run-1783974546_i0,0.65,0.2053108560395677
kroD100_or2,run-1783974546_i0,0.4,0.10442507778732021
kroD100_or2,run-1783974546_i0,0.8571428571428571,0.25979423693296266
kroD100_or2,run-1783974546_i0,1.0,0.3191412877807495
kroD100_or2,run-1783974546_i0,0.2,0.043614590878927786
kroD100_or2,run-1783974546_i0,0.03571428571428571,0.002753251179584381
kroD100_or2,run-1783974546_i0,0.4090909090909091,0.17244558145689523
kroD100_or2,run-1783974546_i0,0.8,0.2584825147747317
kroD100_or2,run-1783974546_i0,0.9615384615384616,0.29029491324140666
kroD100_or2,run-1783974546_i0,0.16666666666666666,0.08886838425051537
kroD100_or2,run-1783974546_i0,0.3076923076923077,0.10954470190931465
kroD100_or2,run-1783974546_i0,0.8846153846153846,0.25717310620479633
kroD100_or2,run-1783974546_i0,0.6521739130434783,0.22593172154449895
kroD100_or2,run-1783974546_i0,0.5,0.19839229818692225
kroD100_or2,run-1783974546_i0,0.047619047619047616,0.0005610862630051234
kroD100_or2,run-1783974546_i0,0.038461538461538464,0.0
kroD100_or2,run-1783974546_i0,0.36,0.12608389969533634
kroD100_or2,run-1783974546_i0,0.7916666666666666,0.27067148531259605
kroD100_or2,run-1783974546_i0,0.7272727272727273,0.2360425493847742
kroD100_or2,run-1783974546_i0,0.9090909090909091,0.24240827034343965
kroD100_or2,run-1783974546_i0,0.05,0.0605868940928034
kroD100_or2,run-1783974546_i0,0.7272727272727273,0.24187245331575308
kroD100_or2,run-1783974546_i0,1.0,0.2930950386298054
kroD100_or2,run-1783974546_i0,0.2222222222222222,0.0937683926443778
kroD100_or2,run-1783974546_i0,0.64,0.23395467528773622
kroD100_or2,run-1783974546_i0,0.9545454545454546,0.270270480094404
kroD100_or2,run-1783974546_i0,0.4074074074074074,0.12846521680650447
kroD100_or2,run-1783974546_i0,0.21052631578947367,0.07898928219629212
kroD100_or2,run-1783974546_i0,0.5,0.16749981281738455
kroD100_or2,run-1783974546_i0,0.5882352941176471,0.18157284875787832
kroD100_or2,run-1783974546_i0,0.6190476190476191,0.23878610997210095
kroD100_or2,run-1783974546_i0,0.46153846153846156,0.22401928336809504
kroD100_or2,run-1783974546_i0,0.4074074074074074,0.20787543484638923
kroD100_or2,run-1783974546_i0,0.5217391304347826,0.24048940566381724
kroD100_or2,run-1783974546_i0,0.9285714285714286,0.2600184866673687
kroD100_or2,run-1783974546_i0,0.08695652173913043,0.03424661008781055
kroD100_or2,run-1783974546_i0,0.2962962962962963,0.14599898109568593
kroD100_or2,run-1783974546_i0,0.48,0.23403560746099952
kroD100_or2,run-1783974546_i0,0.35,0.1890486969845179
kroD100_or2,run-1783974546_i0,0.0,0.038026114381401424
kroD100_or2,run-1783974546_i0,0.6666666666666666,0.1563622847230827
kroD100_or2,run-1783974546_i0,0.5333333333333333,0.19340194606001557
kroD100_or2,run-1783974546_i0,0.6296296296296297,0.24273399407246882
kroD100_or2,run-1783974546_i0,0.14285714285714285,0.1266249487838492
kroD100_or2,run-1783974546_i0,0.08333333333333333,0.09228486360033249
kroD100_or2,run-1783974546_i0,1.0,0.5132460908252262
kroD100_or2,run-1783974546_i0,0.75,0.24230495631948717
kroD100_or2,run-1783974546_i0,1.0,0.2878769624637627
kroD100_or2,run-1783974546_i0,0.043478260869565216,0.061672251475985436
kroD100_or2,run-1783974546_i0,0.8571428571428571,0.21542623711511047
kroD100_or2,run-1783974546_i0,0.6,0.24140186953398107
kroD100_or2,run-1783974546_i0,0.8636363636363636,0.23856458721142987
kroD100_or2,run-1783974546_i0,0.2692307692307692,0.1948827511647661
kroD100_or2,run-1783974546_i0,0.88,0.26304058977326317
kroD100_or2,run-1783974546_i0,0.17857142857142858,0.14084532987022547
kroD100_or2,run-1783974546_i0,0.375,0.20639037534312227
kroD100_or2,run-1783974546_i0,0.9047619047619048,0.27018614133618696
kroD100_or2,run-1783974546_i0,0.5,0.24221689906044402
kroD100_or2,run-1783974546_i0,0.045454545454545456,0.10360343183984756
kroD100_or2,run-1783974546_i0,1.0,0.6550715266825159
kroD100_or2,run-1783974579_i0,0.25,0.1489474846437761
kroD100_or2,run-1783974579_i0,0.35714285714285715,0.21119898527046155
kroD100_or2,run-1783974579_i0,0.7,0.24503986909015257
kroD100_or2,run-1783974579_i0,1.0,0.5578633783266542
kroD100_or2,run-1783974579_i0,1.0,0.6852189826149319
kroD100_or2,run-1783974579_i0,0.2857142857142857,0.08938506907622357
kroD100_or2,run-1783974579_i0,0.0,0.0
kroD100_or2,run-1783974579_i0,0.125,0.0
kroD100_or2,run-1783974579_i0,0.5294117647058824,0.2192200420405193
kroD100_or2,run-1783974579_i0,0.3076923076923077,0.07277938670786402
kroD100_or2,run-1783974579_i0,0.75,0.23524290793064634
kroD100_or2,run-1783974579_i0,0.2222222222222222,0.12007496739012707
kroD100_or2,run-1783974579_i0,0.25,0.13077481704932692
kroD100_or2,run-1783974579_i0,0.7142857142857143,0.23310262500562123
kroD100_or2,run-1783974579_i0,0.6153846153846154,0.16147982062780264
kroD100_or2,run-1783974579_i0,0.8333333333333334,0.24126222475245507
kroD100_or2,run-1783974579_i0,0.2727272727272727,0.1181579872158956
kroD100_or2,run-1783974579_i0,0.6666666666666666,0.23403697283385996
kroD100_or2,run-1783974579_i0,0.4,0.13410553291911725
kroD100_or2,run-1783974579_i0,0.1,0.0
kroD100_or2,run-1783974579_i0,0.36,0.19805888916333783
kroD100_or2,run-1783974579_i0,0.9473684210526315,0.30685290747215943
kroD100_or2,run-1783974579_i0,0.2,0.05538017178038462
kroD100_or2,run-1783974579_i0,0.5454545454545454,0.15213151672109004
kroD100_or2,run-1783974579_i0,0.9,0.6019678585843609
kroD100_or2,run-1783974579_i0,0.5833333333333334,0.15863452009460519
kroD100_or2,run-1783974579_i0,0.5,0.14751601650669158
kroD100_or2,run-1783974579_i0,0.3333333333333333,0.07002075979867475
kroD100_or2,run-1783974579_i0,0.6666666666666666,0.23984423903941987
kroD100_or2,run-1783974579_i0,0.0,0.0004795491160670433
kroD100_or2,run-1783974579_i0,0.5714285714285714,0.18444904352202568
kroD100_or2,run-1783974579_i0,0.9333333333333333,0.2544783466497222
kroD100_or2,run-1783974579_i0,0.4166666666666667,0.1495801779953785
kroD100_or2,run-1783974579_i0,0.6666666666666666,0.3037309060238626
kroD100_or2,run-1783974579_i0,0.9230769230769231,0.6152670674195965
kroD100_or2,run-1783974579_i0,0.0,0.0
kroD100_or2,run-1783974579_i0,0.3333333333333333,0.1171491886482237
kroD100_or2,run-1783974579_i0,0.125,0.08002132848834338
kroD100_or2,run-1783974579_i0,1.0,0.6219644145227218
kroD100_or2,run-1783974579_i0,0.5714285714285714,0.2289493049877351
kroD100_or2,run-1783974579_i0,0.5,0.13326563113070375
kroD100_or2,run-1783974579_i0,1.0,0.28329043046917574
kroD100_or2,run-1783974579_i0,0.75,0.24376669285153177
kroD100_or2,run-1783974579_i0,0.4782608695652174,0.1752509792448133
kroD100_or2,run-1783974579_i0,0.5,0.19981685292272214
kroD100_or2,run-1783974579_i0,0.05,0.006191461469208471
kroD100_or2,run-1783974579_i0,0.5789473684210527,0.23055806334331452
kroD100_or2,run-1783974579_i0,0.8888888888888888,0.2587328619301371
kroD100_or2,run-1783974579_i0,0.6086956521739131,0.23373572196636158
kroD100_or2,run-1783974579_i0,0.0,0.012926304237717312
kroD100_or2,run-1783974579_i0,0.11538461538461539,0.1199189666842145
kroD100_or2,run-1783974579_i0,0.95,0.2645255065952601
kroD100_or2,run-1783974579_i0,0.5833333333333334,0.23208569217610886
kroD100_or2,run-1783974579_i0,0.3181818181818182,0.17269742663976498
kroD100_or2,run-1783974579_i0,0.4117647058823529,0.1712825052561691
kroD100_or2,run-1783974579_i0,0.3888888888888889,0.2076061057647782
kroD100_or2,run-1783974579_i0,0.42857142857142855,0.2119112296057816
kroD100_or2,run-1783974579_i0,0.6,0.21947083044559504
kroD100_or2,run-1783974579_i0,0.21052631578947367,0.14137813133960933
kroD100_or2,run-1783974579_i0,0.36363636363636365,0.17937100441927312
kroD100_or2,run-1783974579_i0,0.5,0.22588789417700353
kroD100_or2,run-1783974579_i0,0.7777777777777778,0.2545161366629081
kroD100_or2,run-1783974579_i0,0.6086956521739131,0.255202195559844
kroD100_or2,run-1783974579_i0,0.35,0.16736387102952638
kroD100_or2,run-1783974579_i0,0.72,0.262716579551599
kroD100_or2,run-1783974579_i0,0.0,0.029560216896463626
kroD100_or2,run-1783974579_i0,0.38461538461538464,0.15661811018346045
kroD100_or2,run-1783974579_i0,1.0,0.6784584160792614
kroD100_or2,run-1783974579_i0,0.09090909090909091,0.017002337756067992
kroD100_or2,run-1783974579_i0,0.20833333333333334,0.14535101115901486
kroD100_or2,run-1783974579_i0,0.4166666666666667,0.21252105085887507
kroD100_or2,run-1783974579_i0,0.6428571428571429,0.224133736345755
kroD100_or2,run-1783974579_i0,0.42105263157894735,0.1903732421001959
kroD100_or2,run-1783974579_i0,0.2222222222222222,0.09904574986464539
kroD100_or2,run-1783974579_i0,0.1,0.05487286964300975
kroD100_or2,run-1783974579_i0,0.9375,0.29785578324741613
kroD100_or2,run-1783974579_i0,0.6521739130434783,0.25502517559279964
kroD100_or2,run-1783974579_i0,0.9166666666666666,0.27570331696508993
kroD100_or2,run-1783974579_i0,0.9090909090909091,0.26380368098159523
kroD100_or2,run-1783974579_i0,0.16666666666666666,0.1370051776942552
kroD100_or2,run-1783974579_i0,0.08695652173913043,0.04272064101324073
kroD100_or2,run-1783974579_i0,0.23529411764705882,0.056105477491280795
kroD100_or2,run-1783974579_i0,0.3125,0.13568029319524477
kroD100_or2,run-1783974579_i0,0.9047619047619048,0.2618203813851773
kroD100_or2,run-1783974579_i0,0.22727272727272727,0.12693964107881886
kroD100_or2,run-1783974579_i0,1.0,0.6430536807263447
kroD100_or2,run-1783974579_i0,0.65,0.24067489870113237
kroD100_or2,run-1783974579_i0,0.1111111111111111,0.05429461277747814
kroD100_or2,run-1783974579_i0,0.34782608695652173,0.1292429661309751
kroD100_or2,run-1783974579_i0,0.65,0.22847075233762337
kroD100_or2,run-1783974579_i0,0.4,0.16304636582601298
kroD100_or2,run-1783974579_i0,0.7894736842105263,0.26163405709091764
kroD100_or2,run-1783974579_i0,1.0,0.3242181967538169
kroD100_or2,run-1783974579_i0,1.0,0.567774556063826
kroD100_or2,run-1783974579_i0,0.10526315789473684,0.04963991115945047
kroD100_or2,run-1783974579_i0,1.0,0.2891738159154481
kroD100_or2,run-1783974579_i0,0.25,0.16225981055480374
kroD100_or2,run-1783974579_i0,0.5238095238095238,0.21332622690062378
kroD100_or2,run-1783974579_i0,0.3333333333333333,0.18009989012961206
kroD100_or2,run-1783974579_i0,0.7333333333333333,0.259300571859486
kroD100_or2,run-1783974579_i0,0.09523809523809523,0.05892292706200423
kroD100_or2,run-1783974579_i0,0.5294117647058824,0.17662242531000927
kroD100_or2,run-1783974579_i0,0.1875,0.0650123102892044
kroD100_or2,run-1783974579_i0,1.0,0.5806376598468305
kroD100_or2,run-1783974579_i0,0.3333333333333333,0.11490079355600046
kroD100_or2,run-1783974579_i0,0.5,0.21581629237926309
kroD100_or2,run-1783974579_i0,0.35714285714285715,0.12270741535796333
kroD100_or2,run-1783974579_i0,0.2727272727272727,0.08631080079572492
kroD100_or2,run-1783974579_i0,0.4666666666666667,0.17462543523370733
kroD100_or2,run-1783974579_i0,0.3,0.15346570332066087
kroD100_or2,run-1783974579_i0,0.3333333333333333,0.19548910743822845
kroD100_or2,run-1783974579_i0,0.6666666666666666,0.25872580792314076
kroD100_or2,run-1783974579_i0,0.8125,0.26948883080488256
kroD100_or2,run-1783974579_i0,0.35294117647058826,0.18347611037947834
kroD100_or2,run-1783974579_i0,0.6,0.25393934531450574
kroD100_or2,run-1783974579_i0,0.7777777777777778,0.26279037070595035
kroD100_or2,run-1783974579_i0,0.3333333333333333,0.15625863560792413
kroD100_or2,run-1783974579_i0,0.25,0.0874318824584397
kroD100_or2,run-1783974579_i0,0.38461538461538464,0.2377559667294671
kroD100_or2,run-1783974579_i0,1.0,0.6404973544375566
kroD100_or2,run-1783974579_i0,0.0,0.0006403539410874868
kroD100_or2,run-1783974579_i0,0.6428571428571429,0.24474422786419844
kroD100_or2,run-1783974579_i0,0.75,0.25376966934529815
kroD100_or2,run-1783974579_i0,0.0,0.0
kroD100_or2,run-1783974579_i0,0.5454545454545454,0.2528236351748938
kroD100_or2,run-1783974579_i0,0.3333333333333333,0.15519825775558457
kroD100_or2,run-1783974579_i0,0.4,0.20837199582027172
kroD100_or2,run-1783974579_i0,0.8666666666666667,0.5920787321852986
kroD100_or2,run-1783974579_i0,1.0,0.6231463937866024
kroD100_or2,run-1783974579_i0,0.6875,0.2654610544331175
kroD100_or2,run-1783974596_i0,0.0,0.0
kroD100_or2,run-1783974596_i0,0.2777777777777778,0.16107692854856492
kroD100_or2,run-1783974596_i0,0.21428571428571427,0.1260612453501234
kroD100_or2,run-1783974596_i0,0.2,0.13860868368540566
kroD100_or2,run-1783974596_i0,0.96,0.5372106902358936
kroD100_or2,run-1783974596_i0,0.36363636363636365,0.20276600586520332
kroD100_or2,run-1783974596_i0,0.0,0.0
kroD100_or2,run-1783974596_i0,0.16666666666666666,0.16934758405700295
kroD100_or2,run-1783974596_i0,0.7692307692307693,0.2680667718857643
kroD100_or2,run-1783974596_i0,0.7916666666666666,0.26255599082296743
kroD100_or2,run-1783974596_i0,1.0,0.5840675875785459
kroD100_or2,run-1783974596_i0,0.0,0.1016252030893984
kroD100_or2,run-1783974596_i0,0.08695652173913043,0.07417430194130566
kroD100_or2,run-1783974596_i0,0.65,0.2379512837818722
kroD100_or2,run-1783974596_i0,0.32142857142857145,0.13846543195674674
kroD100_or2,run-1783974596_i0,0.21428571428571427,0.12782549305789448
kroD100_or2,run-1783974596_i0,0.782608695652174,0.2815089535513085
kroD100_or2,run-1783974596_i0,0.19230769230769232,0.10302737643312701
kroD100_or2,run-1783974596_i0,0.9285714285714286,0.2821920297398895
kroD100_or2,run-1783974596_i0,0.9047619047619048,0.26577348615850754
kroD100_or2,run-1783974596_i0,0.5,0.21573533617049903
kroD100_or2,run-1783974596_i0,0.1,0.11251801668568105
kroD100_or2,run-1783974596_i0,0.9629629629629629,0.28899345891807793
kroD100_or2,run-1783974596_i0,0.5833333333333334,0.20541872749907478
kroD100_or2,run-1783974596_i0,0.782608695652174,0.24840108030219482
kroD100_or2,run-1783974596_i0,0.08333333333333333,0.06742313762310966
kroD100_or2,run-1783974596_i0,0.75,0.20534768686377847
kroD100_or2,run-1783974596_i0,0.08,0.0
kroD100_or2,run-1783974596_i0,0.25,0.15060547746416023
kroD100_or2,run-1783974596_i0,0.6153846153846154,0.2308663411844013
kroD100_or2,run-1783974596_i0,0.0,0.0
kroD100_or2,run-1783974596_i0,0.5,0.2168674196293022
kroD100_or2,run-1783974596_i0,0.0,0.0
kroD100_or2,run-1783974596_i0,0.0,0.0
kroD100_or2,run-1783974596_i0,0.17857142857142858,0.05768669851646972
kroD100_or2,run-1783974596_i0,1.0,0.6856111667463703
kroD100_or2,run-1783974596_i0,1.0,0.3289334177737612
kroD100_or2,run-1783974596_i0,0.15384615384615385,0.06222413499744777
kroD100_or2,run-1783974596_i0,0.36,0.14776754875091996
kroD100_or2,run-1783974596_i0,0.4782608695652174,0.20387962617783542
kroD100_or2,run-1783974596_i0,0.12,0.14797638354866335
kroD100_or2,run-1783974596_i0,0.5833333333333334,0.24055622732769041
kroD100_or2,run-1783974596_i0,0.4,0.191084373850382
kroD100_or2,run-1783974596_i0,0.058823529411764705,0.13540876187706474
kroD100_or2,run-1783974596_i0,0.14285714285714285,0.11246186207811404
kroD100_or2,run-1783974596_i0,0.8571428571428571,0.25209093886550094
kroD100_or2,run-1783974596_i0,0.05,0.03698414669481351
kroD100_or2,run-1783974596_i0,0.47619047619047616,0.19028017642501283
kroD100_or2,run-1783974596_i0,0.42105263157894735,0.23624088841054747
kroD100_or2,run-1783974596_i0,0.18518518518518517,0.1221495291759634
kroD100_or2,run-1783974596_i0,0.5,0.20918548742085125
kroD100_or2,run-1783974596_i0,0.10526315789473684,0.02956217711214315
kroD100_or2,run-1783974596_i0,0.07692307692307693,0.0
kroD100_or2,run-1783974596_i0,0.6153846153846154,0.2495970748839335
kroD100_or2,run-1783974596_i0,0.30434782608695654,0.12383493036445947
kroD100_or2,run-1783974596_i0,0.6428571428571429,0.23615922984514076
kroD100_or2,run-1783974596_i0,0.0,0.004770507231483211
kroD100_or2,run-1783974596_i0,0.6538461538461539,0.2474961510412446
kroD100_or2,run-1783974596_i0,0.6363636363636364,0.23732985573396362
kroD100_or2,run-1783974596_i0,0.9545454545454546,0.24561577370098472
kroD100_or2,run-1783974596_i0,0.04,0.0
kroD100_or2,run-1783974596_i0,0.45454545454545453,0.20046932332110246
kroD100_or2,run-1783974596_i0,0.5833333333333334,0.22307826854682203
kroD100_or2,run-1783974596_i0,0.7727272727272727,0.263370004533847
kroD100_or2,run-1783974596_i0,0.17391304347826086,0.09672231693123491
kroD100_or2,run-1783974596_i0,1.0,0.276588790138061
kroD100_or2,run-1783974596_i0,1.0,0.589204272813339
kroD100_or2,run-1783974596_i0,0.52,0.206835499202198
kroD100_or2,run-1783974596_i0,0.18518518518518517,0.06774270731561424
kroD100_or2,run-1783974596_i0,0.95,0.26254251114254984
kroD100_or2,run-1783974596_i0,0.7391304347826086,0.26664846735824044
kroD100_or2,run-1783974596_i0,1.0,0.5833331524440672
kroD100_or2,run-1783974596_i0,0.7407407407407407,0.24595222536847455
kroD100_or2,run-1783974596_i0,0.631578947368421,0.24617371205589356
kroD100_or2,run-1783974596_i0,1.0,0.607024576066408
kroD100_or2,run-1783974596_i0,0.5,0.17961832094581243
kroD100_or2,run-1783974596_i0,0.13043478260869565,0.07146033062392902
kroD100_or2,run-1783974596_i0,0.6,0.19968175851633627
kroD100_or2,run-1783974596_i0,1.0,0.2583780319931646
kroD100_or2,run-1783974596_i0,0.6666666666666666,0.23486497949950513
kroD100_or2,run-1783974596_i0,0.7272727272727273,0.23823445926766962
kroD100_or2,run-1783974596_i0,0.5789473684210527,0.1815468561970258
kroD100_or2,run-1783974596_i0,0.6190476190476191,0.2089702358564323
kroD100_or2,run-1783974596_i0,1.0,0.594410674415375
kroD100_or2,run-1783974596_i0,0.0,0.0999942507258459
kroD100_or2,run-1783974596_i0,0.56,0.20717601933540902
kroD100_or2,run-1783974596_i0,0.0,0.0
kroD100_or2,run-1783974596_i0,0.9,0.261314211357785
kroD100_or2,run-1783974596_i0,0.0,0.0
kroD100_or2,run-1783974596_i0,0.2962962962962963,0.14614866300970922
kroD100_or2,run-1783974596_i0,0.19047619047619047,0.1282890571877418
kroD100_or2,run-1783974596_i0,0.5454545454545454,0.19897055282259446
kroD100_or2,run-1783974596_i0,1.0,0.6382743864636414
kroD100_or2,run-1783974596_i0,0.34615384615384615,0.14609234815244346
kroD100_or2,run-1783974596_i0,0.96,0.6035868184940775
kroD100_or2,run-1783974596_i0,0.9583333333333334,0.26709876422700746
kroD100_or2,run-1783974596_i0,0.2608695652173913,0.13289648200191057
kroD100_or2,run-1783974596_i0,0.48,0.24302925434297717
kroD100_or2,run-1783974596_i0,0.3,0.13090214336724762
kroD100_or2,run-1783974596_i0,1.0,0.29109225475654477
kroD100_or2,run-1783974596_i0,0.9259259259259259,0.25461620119889034
kroD100_or2,run-1783974596_i0,0.16666666666666666,0.1120378580607228
kroD100_or2,run-1783974596_i0,0.5769230769230769,0.2117471703386278
kroD100_or2,run-1783974596_i0,0.2631578947368421,0.16109106176192095
kroD100_or2,run-1783974596_i0,0.48,0.18070681304064365
kroD100_or2,run-1783974596_i0,0.4444444444444444,0.22437357630979496
kroD100_or2,run-1783974596_i0,1.0,0.2724314930851939
kroD100_or2,run-1783974596_i0,0.35,0.14443789873637394
kroD100_or2,run-1783974596_i0,0.3157894736842105,0.13395816240920744
kroD100_or2,run-1783974596_i0,0.36,0.15480679451267682
kroD100_or2,run-1783974596_i0,0.782608695652174,0.2393621922637767
kroD100_or2,run-1783974596_i0,0.631578947368421,0.2475317687189219
kroD100_or2,run-1783974596_i0,0.4583333333333333,0.17238882599194333
kroD100_or2,run-1783974596_i0,0.18181818181818182,0.06677305017424022
kroD100_or2,run-1783974596_i0,0.7222222222222222,0.22165117865036513
kroD100_or2,run-1783974596_i0,0.5,0.18696286756814767
kroD100_or2,run-1783974596_i0,0.5238095238095238,0.22864871461112923
kroD100_or2,run-1783974596_i0,0.5384615384615384,0.1807980103527063
kroD100_or2,run-1783974596_i0,0.0,0.0
kroD100_or2,run-1783974596_i0,0.3157894736842105,0.13551660558811554
kroD100_or2,run-1783974596_i0,0.9615384615384616,0.5434238834905549
kroD100_or2,run-1783974596_i0,0.3333333333333333,0.20861761088930442
kroD100_or2,run-1783974596_i0,0.6111111111111112,0.22572083434492232
kroD100_or2,run-1783974596_i0,0.45,0.18435330900603533
kroD100_or2,run-1783974596_i0,0.9565217391304348,0.31012905320845174
kroD100_or2,run-1783974596_i0,0.7272727272727273,0.24746265528388436
kroD100_or2,run-1783974596_i0,0.0,0.021026177356664517
kroD100_or2,run-1783974596_i0,0.44,0.20165647449979215
kroD100_or2,run-1783974596_i0,0.5555555555555556,0.21334750806564162
kroD100_or2,run-1783974596_i0,0.4444444444444444,0.1645138814449565
kroD100_or2,run-1783974596_i0,0.0,0.0009651836798164372
kroD100_or2,run-1783974596_i0,0.0,0.0
kroD100_or2,run-1783974596_i0,0.6153846153846154,0.23935716894606546
kroD100_or2,run-1783974596_i0,0.7619047619047619,0.2260930998011247
kroD100_or2,run-1783974596_i0,0.8571428571428571,0.257719108726362
kroD100_or2,run-1783974596_i0,1.0,0.6429079619688247
kroD100_or2,run-1783974596_i0,0.9230769230769231,0.26056420552643283
kroD100_or2,run-1783974596_i0,0.0,0.0
kroD100_or2,run-1783974596_i0,0.35,0.14674099289483897
kroD100_or2,run-1783974596_i0,0.16666666666666666,0.11297574414216914
kroD100_or2,run-1783974596_i0,0.3157894736842105,0.13854679802955666
kroD100_or2,run-1783974596_i0,1.0,0.5636034659084523
kroD100_or2,run-1783974596_i0,0.5,0.1839935327405012
kroD100_or2,run-1783974596_i0,0.9473684210526315,0.30316517389145353
kroD100_or2,run-1783974596_i0,0.5,0.22784581689320546
kroD100_or2,run-1783974596_i0,0.6666666666666666,0.25262205569166224
kroD100_or2,run-1783974596_i0,0.0,0.03740706080768403
kroD100_or2,run-1783974596_i0,0.9,0.2960635853392098
kroD100_or2,run-1783974596_i0,0.21739130434782608,0.131255180635367
kroD100_or2,run-1783974596_i0,0.3181818181818182,0.15646767964774252
kroD100_or2,run-1783974596_i0,0.9545454545454546,0.31753382498112764
kroD100_or2,run-1783974596_i0,0.782608695652174,0.24474255688956864
kroD100_or2,run-1783974596_i0,0.875,0.2715778780597394
kroD100_or2,run-1783974596_i0,0.36,0.16644645232470723
kroD100_or2,run-1783974596_i0,0.15,0.10776842529585086
kroD100_or2,run-1783974596_i0,0.5652173913043478,0.22633441585477565
kroD100_or2,run-1783974596_i0,0.64,0.24437321020624864
kroD100_or2,run-1783974596_i0,0.23809523809523808,0.13075978503961638
kroD100_or2,run-1783974596_i0,0.18181818181818182,0.17442157346105094
kroD100_or2,run-1783974596_i0,0.0,0.000989077148017532
kroD100_or2,run-1783974596_i0,0.29411764705882354,0.14185375929370156
kroD100_or2,run-1783974596_i0,0.0,0.000523966102601036
kroD100_or2,run-1783974596_i0,0.6,0.20783683916131326
kroD100_or2,run-1783974596_i0,0.4583333333333333,0.19260413812003285
kroD100_or2,run-1783974596_i0,0.8421052631578947,0.24511291474996585
kroD100_or2,run-1783974596_i0,0.17647058823529413,0.08867537504324137
kroD100_or2,run-1783974596_i0,0.4,0.17574932474593435
kroD100_or2,run-1783974596_i0,0.0,0.10700270667678156
kroD100_or2,run-1783974596_i0,0.3333333333333333,0.15314407124451881
kroD100_or2,run-1783974596_i0,0.36,0.19704017092927928
kroD100_or2,run-1783974596_i0,0.6666666666666666,0.24337149320903964
kroD100_or2,run-1783974596_i0,0.5,0.2199528145730054
kroD100_or2,run-1783974596_i0,0.8235294117647058,0.28223672672649774
kroD100_or2,run-1783974596_i0,1.0,0.5948364178507771
kroD100_or2,run-1783974596_i0,0.5833333333333334,0.23358964741185287
kroD100_or2,run-1783974596_i0,0.8888888888888888,0.3025885623715188
kroD100_or2,run-1783974596_i0,0.8181818181818182,0.2605671883325768
kroD100_or2,run-1783974596_i0,0.2727272727272727,0.16770711289586898
kroD100_or2,run-1783974596_i0,0.3333333333333333,0.16546061600210968
kroD100_or2,run-1783974596_i0,0.3157894736842105,0.17373757128316358
kroD100_or2,run-1783974596_i0,0.047619047619047616,0.1415007042670836
kroD100_or2,run-1783974596_i0,0.4,0.22651706319347154
kroD100_or2,run-1783974596_i0,0.8333333333333334,0.263581950297692
kroD100_or2,run-1783974596_i0,0.04,0.017246946845735543
kroD100_or2,run-1783974596_i0,1.0,0.5768222061852041
kroD100_or2,run-1783974596_i0,0.47368421052631576,0.20109877827548556
kroD100_or2,run-1783974596_i0,0.7142857142857143,0.25678218289457116
kroD100_or2,run-1783974596_i0,0.5833333333333334,0.23564627753684614
kroD100_or2,run-1783974596_i0,0.2,0.12135052457884757
kroD100_or2,run-1783974596_i0,0.8888888888888888,0.2772359625540271
kroD100_or2,run-1783974596_i0,0.1,0.1598848239994643
kroD100_or2,run-1783974596_i0,0.17391304347826086,0.13061824631829533
kroD100_or2,run-1783974596_i0,0.5294117647058824,0.22732122913146194
kroD100_or2,run-1783974596_i0,0.6666666666666666,0.24572080792436995
kroD100_or2,run-1783974596_i0,0.0,0.01015365796894369
kroD100_or2,run-1783974596_i0,0.4782608695652174,0.22052560809601326
kroD100_or2,run-1783974596_i0,0.7619047619047619,0.2476394435917423
kroD100_or2,run-1783974596_i0,0.47368421052631576,0.15458213830104858
kroD100_or2,run-1783974596_i0,0.21739130434782608,0.12326157007425399
kroD100_or2,run-1783974596_i0,0.2777777777777778,0.1363086051218544
kroD100_or2,run-1783974596_i0,0.18181818181818182,0.09436285159757836
kroD100_or2,run-1783974596_i0,0.6111111111111112,0.2468394717546672
kroD100_or2,run-1783974596_i0,0.4375,0.1461897285366465
kroD100_or2,run-1783974596_i0,0.5833333333333334,0.2089762041633273
kroD100_or2,run-1783974596_i0,0.5333333333333333,0.20580308065823708
kroD100_or2,run-1783974596_i0,0.2222222222222222,0.17901597071667325
kroD100_or2,run-1783974596_i0,0.55,0.17555761306940593
kroD100_or2,run-1783974596_i0,0.0,0.0010141987829614483
kroD100_or2,run-1783974596_i0,0.5217391304347826,0.18023847098018592
kroD100_or2,run-1783974596_i0,0.3888888888888889,0.15601456980611295
kroD100_or2,run-1783974596_i0,0.875,0.2562274378820649
kroD100_or2,run-1783974596_i0,0.42105263157894735,0.2271502173430734
kroD100_or2,run-1783974596_i0,0.23809523809523808,0.11866355104963637
kroD100_or2,run-1783974596_i0,0.5833333333333334,0.21422955974842764
kroD100_or2,run-1783974596_i0,0.0625,0.04229280102973777
kroD100_or2,run-1783974596_i0,0.7058823529411765,0.22247836500210122
kroD100_or2,run-1783974596_i0,0.9545454545454546,0.6582196627049878
kroD100_or2,run-1783974596_i0,0.19047619047619047,0.11370652347744344
kroD100_or2,run-1783974596_i0,0.3125,0.1418891255445508
kroD100_or2,run-1783974596_i0,0.4375,0.14387047172747072
kroD100_or2,run-1783974596_i0,0.5,0.20373032784780878
kroD100_or2,run-1783974596_i0,0.0,0.0
kroD100_or2,run-1783974596_i0,0.5,0.19027800260707317
kroD100_or2,run-1783974596_i0,0.8,0.28177563562603164
kroD100_or2,run-1783974596_i0,0.058823529411764705,0.04553543935827661
kroD100_or2,run-1783974596_i0,1.0,0.6635683541709367
kroD100_or2,run-1783974596_i0,0.38461538461538464,0.17335674750483474
kroD100_or2,run-1783974596_i0,0.6923076923076923,0.25262839607569126
kroD100_or2,run-1783974596_i0,0.35,0.1250558831418797
kroD100_or2,run-1783974596_i0,0.1111111111111111,0.04286764441291529
kroD100_or2,run-1783974596_i0,0.8095238095238095,0.27639239726449394
kroD100_or2,run-1783974596_i0,0.0,0.1627442372987647
kroD100_or2,run-1783974596_i0,0.0,0.0
kroD100_or2,run-1783974596_i0,0.5,0.17419215360993945
kroD100_or2,run-1783974596_i0,0.09090909090909091,0.07538613210647388
kroD100_or2,run-1783974596_i0,0.0,0.0
kroD100_or2,run-1783974596_i0,0.125,0.09104826560757542
kroD100_or2,run-1783974596_i0,0.5384615384615384,0.19790758127682856
kroD100_or2,run-1783974596_i0,0.8125,0.27904509688694873
kroD100_or2,run-1783974596_i0,0.9473684210526315,0.30824516016510667
kroD100_or2,run-1783974596_i0,0.9259259259259259,0.25014902596628436
kroD100_or2,run-1783974596_i0,0.07142857142857142,0.0
kroD100_or2,run-1783974596_i0,0.0,0.07203208002249145
kroD100_or2,run-1783974596_i0,0.47058823529411764,0.16469217671834394
kroD100_or2,run-1783974596_i0,0.8947368421052632,0.30163679750839306
kroD100_or2,run-1783974596_i0,0.5789473684210527,0.22870581833472126
kroD100_or2,run-1783974596_i0,0.3157894736842105,0.13402499584633273
kroD100_or2,run-1783974596_i0,0.7222222222222222,0.25242617092610065
kroD100_or2,run-1783974596_i0,0.25,0.13333364190102379
kroD100_or2,run-1783974596_i0,0.6923076923076923,0.2325878071717708
kroD100_or2,run-1783974596_i0,0.0,0.0
kroD100_or2,run-1783974596_i0,0.5,0.162573189036181
kroD100_or2,run-1783974596_i0,0.44,0.2312758797037135
kroD100_or2,run-1783974596_i0,0.9333333333333333,0.2886787007996598
kroD100_or2,run-1783974596_i0,0.5882352941176471,0.2033281951269364
kroD100_or2,run-1783974596_i0,0.4117647058823529,0.1489430420918078
kroD100_or2,run-1783974596_i0,0.5333333333333333,0.2346740021166287
kroD100_or2,run-1783974596_i0,0.47619047619047616,0.1716808734625345
kroD100_or2,run-1783974596_i0,0.1,0.0848257377908658
kroD100_or2,run-1783974596_i0,0.1875,0.13538290582461332
kroD100_or2,run-1783974596_i0,0.16666666666666666,0.09088107536980503
kroD100_or2,run-1783974596_i0,0.9375,0.2667627101439091
kroD100_or2,run-1783974596_i0,0.6,0.18786704659971504
kroD100_or2,run-1783974596_i0,0.6428571428571429,0.19710522728821644
kroD100_or2,run-1783974596_i0,0.6,0.22914023945686032
kroD100_or2,run-1783974596_i0,0.5555555555555556,0.1838527431650091
kroD100_or2,run-1783974596_i0,0.4117647058823529,0.17310468678474594
kroD100_or2,run-1783974596_i0,0.18181818181818182,0.12836608568849378
kroD100_or2,run-1783974596_i0,0.7142857142857143,0.23842968794662187
kroD100_or2,run-1783974596_i0,0.4666666666666667,0.1427476667913478
kroD100_or2,run-1783974596_i0,0.8333333333333334,0.26491147131686177
kroD100_or2,run-1783974596_i0,0.08333333333333333,0.12280865784675803
kroD100_or2,run-1783974596_i0,0.18181818181818182,0.1256642964071856
kroD100_or2,run-1783974596_i0,0.7,0.2360858807960084
kroD100_or2,run-1783974596_i0,0.2727272727272727,0.14004497109986075
kroD100_or2,run-1783974596_i0,0.5,0.22875222300343276
kroD100_or2,run-1783974596_i0,1.0,0.673133805853911
kroD100_or2,run-1783974596_i0,0.6153846153846154,0.23228389756290302
kroD100_or2,run-1783974596_i0,0.06666666666666667,0.052887783300046405
kroD100_or2,run-1783974596_i0,0.8823529411764706,0.26219407770277
kroD100_or2,run-1783974596_i0,0.375,0.16046218316449004
kroD100_or2,run-1783974596_i0,0.7692307692307693,0.23304029779331265
kroD100_or2,run-1783974596_i0,0.07407407407407407,0.08849604733498223
kroD100_or2,run-1783974596_i0,1.0,0.5365637664000308
kroD100_or2,run-1783974596_i0,0.14285714285714285,0.1237043034542493
kroD100_or2,run-1783974596_i0,0.5384615384615384,0.15864176816825523
kroD100_or2,run-1783974596_i0,0.6363636363636364,0.21267805363303496
kroD100_or2,run-1783974596_i0,0.75,0.23746138747995407
kroD100_or2,run-1783974596_i0,0.75,0.23554119944486063
kroD100_or2,run-1783974596_i0,0.7,0.23297815685633183
kroD100_or2,run-1783974596_i0,0.5555555555555556,0.20652645734566905
kroD100_or2,run-1783974596_i0,0.9411764705882353,0.30815375590751626
kroD100_or2,run-1783974596_i0,1.0,0.31037799785750203
kroD100_or2,run-1783974596_i0,0.15,0.16168501932054227
kroD100_or2,run-1783974596_i0,0.46153846153846156,0.18203099313942528
kroD100_or2,run-1783974596_i0,0.36363636363636365,0.19623781373159085
kroD100_or2,run-1783974596_i0,0.0,0.04276680491109936
kroD100_or2,run-1783974596_i0,0.6875,0.2536658879063574
kroD100_or2,run-1783974596_i0,0.8181818181818182,0.1914707321469959
kroD100_or2,run-1783974596_i0,0.42857142857142855,0.16814568682137446
kroD100_or2,run-1783974596_i0,0.06666666666666667,0.004173618255182307
kroD100_or2,run-1783974596_i0,0.23076923076923078,0.08864955653121968
kroD100_or2,run-1783974596_i0,0.8333333333333334,0.2396367814024228
kroD100_or2,run-1783974596_i0,0.4444444444444444,0.13304061064176667
kroD100_or2,run-1783974596_i0,0.4,0.10709907341411257
kroD100_or2,run-1783974596_i0,0.75,0.19823845383037378
kroD100_or2,run-1783974596_i0,0.15384615384615385,0.07533631391960394
kroD100_or2,run-1783974596_i0,0.6666666666666666,0.19762459044662875
kroD100_or2,run-1783974596_i0,0.0,0.0
kroD100_or2,run-1783974596_i0,1.0,0.576748304395313
kroD100_or2,run-1783974596_i0,0.5714285714285714,0.10367961451657436
kroD100_or2,run-1783974596_i0,0.875,0.20423837536095696
kroD100_or2,run-1783974596_i0,0.18181818181818182,0.07048510867451495
kroD100_or2,run-1783974596_i0,0.0,0.016557435376499955
kroD100_or2,run-1783974596_i0,0.5652173913043478,0.23685149590845314
kroD100_or2,run-1783974596_i0,0.9,0.2118539528560759
kroD100_or2,run-1783974596_i0,0.9047619047619048,0.26085501547728607
kroD100_or2,run-1783974596_i0,0.7,0.22712980553277595
kroD100_or2,run-1783974596_i0,0.25,0.10890876844218365
kroD100_or2,run-1783974596_i0,0.875,0.5040793969587104
kroD100_or2,run-1783974596_i0,0.6666666666666666,0.19210896324474463
kroD100_or2,run-1783974596_i0,0.4444444444444444,0.12431703583016136
kroD100_or2,run-1783974596_i0,0.2608695652173913,0.1395991865953865
kroD100_or2,run-1783974596_i0,0.0,0.0
kroD100_or2,run-1783974596_i0,1.0,0.6515632046520324
kroD100_or2,run-1783974596_i0,0.42857142857142855,0.11719696576824622
kroD100_or2,run-1783974596_i0,0.5,0.2105837077769716
kroD100_or2,run-1783974596_i0,0.09090909090909091,0.04988214211166717
kroD100_or2,run-1783974596_i0,0.1,0.08487079430295752
kroD100_or2,run-1783974596_i0,0.5,0.1792190445224589
kroD100_or2,run-1783974596_i0,0.6666666666666666,0.26388712393175967
kroD100_or2,run-1783974596_i0,0.4,0.15999349693362355
kroD100_or2,run-1783974596_i0,1.0,0.6645912332992014
kroD100_or2,run-1783974596_i0,0.6842105263157895,0.23876461444887478
kroD100_or2,run-1783974596_i0,0.6666666666666666,0.4837106839943059
kroD100_or2,run-1783974596_i0,0.9090909090909091,0.6410636211527205
kroD100_or2,run-1783974596_i0,0.08695652173913043,0.13463191721182977
kroD100_or2,run-1783974596_i0,0.9285714285714286,0.27821956735203973
kroD100_or2,run-1783974596_i0,0.24,0.1695268041008835
kroD100_or2,run-1783974596_i0,0.23809523809523808,0.17422052060642076
kroD100_or2,run-1783974596_i0,0.15,0.14353887010668082
kroD100_or2,run-1783974596_i0,0.18518518518518517,0.15872772803430193
kroD100_or2,run-1783974596_i0,0.6111111111111112,0.22020192078996795
kroD100_or2,run-1783974596_i0,0.7272727272727273,0.2635598766375503
kroD100_or2,run-1783974596_i0,0.375,0.21561501714486678
kroD100_or2,run-1783974596_i0,0.23809523809523808,0.19553936561393867
kroD100_or2,run-1783974596_i0,0.3076923076923077,0.17984006352576645
kroD100_or2,run-1783974596_i0,0.5416666666666666,0.23425583004354725
kroD100_or2,run-1783974596_i0,0.25925925925925924,0.19421865167958208
kroD100_or2,run-1783974596_i0,0.08695652173913043,0.1453816216117333
kroD100_or2,run-1783974596_i0,0.6071428571428571,0.2462936356002022
kroD100_or2,run-1783974596_i0,0.375,0.21845069951694046
kroD100_or2,run-1783974596_i0,0.7142857142857143,0.20507346686902728
kroD100_or2,run-1783974596_i0,0.7272727272727273,0.2806885653354608
kroD100_or2,run-1783974596_i0,0.07692307692307693,0.1389109688802305
kroD100_or2,run-1783974596_i0,0.9411764705882353,0.3129857978644008
kroD100_or2,run-1783974596_i0,0.7272727272727273,0.26318254817987147
kroD100_or2,run-1783974596_i0,0.6956521739130435,0.266210278068093
kroD100_or2,run-1783974596_i0,0.6190476190476191,0.23982348848873133
kroD100_or2,run-1783974596_i0,0.0,0.06479444007447759
kroD100_or2,run-1783974596_i0,0.7407407407407407,0.27239244755787556
kroD100_or2,run-1783974596_i0,0.9285714285714286,0.30487871653069043
kroD100_or2,run-1783974596_i0,0.7391304347826086,0.2574651755934863
kroD100_or2,run-1783974596_i0,0.75,0.2131274131274131
kroD100_or2,run-1783974596_i0,0.23809523809523808,0.209031849820713
kroD100_or2,run-1783974596_i0,0.125,0.13964660408614019
kroD100_or2,run-1783974596_i0,1.0,0.2749829033025908
kroD100_or2,run-1783974596_i0,0.45,0.2336165490875808
kroD100_or2,run-1783974596_i0,1.0,0.6349929626015266
kroD100_or2,run-1783974596_i0,0.15384615384615385,0.14147781461465092
kroD100_or2,run-1783974596_i0,0.6,0.2572984689135258
kroD100_or2,run-1783974596_i0,0.6,0.2539209219844151
kroD100_or2,run-1783974596_i0,0.2857142857142857,0.2051120147500821
kroD100_or2,run-1783974596_i0,0.75,0.2726106846850295
kroD100_or2,run-1783974596_i0,1.0,0.30075580268630464
kroD100_or2,run-1783974596_i0,0.9565217391304348,0.3219982635027016
kroD100_or2,run-1783974596_i0,0.7857142857142857,0.2908045406470384
kroD100_or2,run-1783974596_i0,0.21052631578947367,0.16466856140883146
kroD100_or2,run-1783974596_i0,0.24,0.1597800358206806
kroD100_or2,run-1783974596_i0,0.34615384615384615,0.21436177735626155
kroD100_or2,run-1783974596_i0,0.46153846153846156,0.21692650708140354
kroD100_or2,run-1783974596_i0,0.55,0.2199278044020294
kroD100_or2,run-1783974596_i0,0.09523809523809523,0.0900143233199133
kroD100_or2,run-1783974596_i0,0.041666666666666664,0.06652357323789373
kroD100_or2,run-1783974596_i0,0.631578947368421,0.23158644867468298
kroD100_or2,run-1783974596_i0,0.0,0.0
kroD100_or2,run-1783974596_i0,0.8235294117647058,0.2724036262224823
kroD100_or2,run-1783974596_i0,0.46153846153846156,0.2023629253681671
kroD100_or2,run-1783974596_i0,0.8518518518518519,0.2887548815629903
kroD100_or2,run-1783974596_i0,0.4166666666666667,0.1971698113207547
kroD100_or2,run-1783974596_i0,0.5,0.2502812103929024
kroD100_or2,run-1783974596_i0,0.9130434782608695,0.276523489325775
kroD100_or2,run-1783974596_i0,0.9047619047619048,0.2981321093298136
kroD100_or2,run-1783974596_i0,0.07142857142857142,0.12131921012810512
kroD100_or2,run-1787235809_i0,0.5,0.17584236316608098
kroD100_or2,run-1787235809_i0,0.375,0.18868990236589647
kroD100_or2,run-1787235809_i0,0.38095238095238093,0.20332497414792827
kroD100_or2,run-1787235809_i0,0.5217391304347826,0.25387766465160677
kroD100_or2,run-1787235809_i0,0.8571428571428571,0.28690132239010874
kroD100_or2,run-1787235809_i0,0.8888888888888888,0.24293651451790607
kroD100_or2,run-1787235809_i0,0.7142857142857143,0.26275724872320866
kroD100_or2,run-1787235809_i0,0.18518518518518517,0.14749611792403422
kroD100_or2,run-1787235809_i0,0.6296296296296297,0.24422126448143605
kroD100_or2,run-1787235809_i0,0.2692307692307692,0.1749883689288003
kroD100_or2,run-1787235809_i0,0.125,0.11257534934156632
kroD100_or2,run-1787235809_i0,0.25,0.1702686967414124
kroD100_or2,run-1787235809_i0,1.0,0.6073499858795794
kroD100_or2,run-1787235809_i0,0.65,0.2784500836908632
kroD100_or2,run-1787235809_i0,0.047619047619047616,0.09096631891551607
kroD100_or2,run-1787235809_i0,0.631578947368421,0.27617659468374817
kroD100_or2,run-1787235809_i0,0.16666666666666666,0.16503694191402357
kroD100_or2,run-1787235809_i0,0.36,0.21642358266685816
kroD100_or2,run-1787235809_i0,0.19047619047619047,0.1596129882794863
kroD100_or2,run-1787235809_i0,0.5652173913043478,0.24523504444622407
kroD100_or2,run-1787235809_i0,0.34615384615384615,0.20212363500342184
kroD100_or2,run-1787235809_i0,0.9090909090909091,0.29487061728213637
kroD100_or2,run-1787235809_i0,0.11538461538461539,0.13055767335477994
kroD100_or2,run-1787235809_i0,0.14285714285714285,0.07453978819671801
kroD100_or2,run-1787235809_i0,0.3181818181818182,0.1822370976117436
kroD100_or2,run-1787235809_i0,0.7037037037037037,0.2510532468245687
kroD100_or2,run-1787235809_i0,0.13636363636363635,0.11317666647745543
kroD100_or2,run-1787235809_i0,0.043478260869565216,0.02904212486605145
kroD100_or2,run-1787235809_i0,0.041666666666666664,0.01881667873202749
kroD100_or2,run-1787235809_i0,0.8181818181818182,0.2811450558374094
kroD100_or2,run-1787235809_i0,0.0,0.0
kroD100_or2,run-1787235809_i0,0.06666666666666667,0.04496067275768617
kroD100_or2,run-1787235809_i0,0.25925925925925924,0.1411010716537087
kroD100_or2,run-1787235809_i0,0.65,0.25696519073061386
kroD100_or2,run-1787235809_i0,0.7692307692307693,0.2672181788397183
kroD100_or2,run-1787235809_i0,0.92,0.27713127954698946
kroD100_or2,run-1787235809_i0,0.5652173913043478,0.2265131387097819
kroD100_or2,run-1787235809_i0,0.23809523809523808,0.18768858605119634
kroD100_or2,run-1787235809_i0,0.8260869565217391,0.29142717147541597
kroD100_or2,run-1787235809_i0,0.32,0.2021515988106227
kroD100_or2,run-1787235809_i0,0.2,0.1533663581139716
kroD100_or2,run-1787235809_i0,0.08695652173913043,0.09962275771806917
kroD100_or2,run-1787235809_i0,0.55,0.2263726299107106
kroD100_or2,run-1787235809_i0,0.3333333333333333,0.21483056568111242
kroD100_or2,run-1787235809_i0,0.9615384615384616,0.3133550274703225
kroD100_or2,run-1787235809_i0,0.47368421052631576,0.20565553776645243
kroD100_or2,run-1787235809_i0,0.7142857142857143,0.2544891493176334
kroD100_or2,run-1787235809_i0,0.7272727272727273,0.24949232022572368
kroD100_or2,run-1787235809_i0,0.6190476190476191,0.24378596547314577
kroD100_or2,run-1787235809_i0,0.5909090909090909,0.24045666363511975
kroD100_or2,run-1787235809_i0,0.76,0.28821066682846924
kroD100_or2,run-1787235809_i0,0.6956521739130435,0.249652712003536
kroD100_or2,run-1787235809_i0,0.3,0.1829456691546606
kroD100_or2,run-1787235809_i0,0.043478260869565216,0.08304914842805623
kroD100_or2,run-1787235809_i0,0.4782608695652174,0.22085915048422727
kroD100_or2,run-1787235809_i0,0.38461538461538464,0.20862813349980866
kroD100_or2,run-1787235809_i0,0.9642857142857143,0.5734868756514794
kroD100_or2,run-1787235809_i0,0.15,0.14252273003923335
kroD100_or2,run-1787235809_i0,0.22727272727272727,0.1327566389859534
kroD100_or2,run-1787235809_i0,0.96,0.30058450072969983
kroD100_or2,run-1787235809_i0,0.4444444444444444,0.20924353298376117
kroD100_or2,run-1787235809_i0,0.5,0.24179056818408606
kroD100_or2,run-1787235809_i0,0.7391304347826086,0.251958824430419
kroD100_or2,run-1787235809_i0,0.041666666666666664,0.09179371525983594
kroD100_or2,run-1787235809_i0,0.25925925925925924,0.16389171384086468
kroD100_or2,run-1787235809_i0,0.8695652173913043,0.28087947507770233
kroD100_or2,run-1787235809_i0,0.5,0.2316516035226278
kroD100_or2,run-1787235809_i0,0.0,0.010567214674631259
kroD100_or2,run-1787235809_i0,0.7916666666666666,0.2677513995518354
kroD100_or2,run-1787235809_i0,0.3157894736842105,0.19770664199595137
kroD100_or2,run-1787235809_i0,0.8333333333333334,0.28794062375429463
kroD100_or2,run-1787235809_i0,0.8,0.27556316570247463
kroD100_or2,run-1787235809_i0,1.0,0.6189729992750816
kroD100_or2,run-1787235809_i0,0.0,0.0
kroD100_or2,run-1787235809_i0,0.21428571428571427,0.1513626645662204
kroD100_or2,run-1787235809_i0,0.38095238095238093,0.16672014117269596
kroD100_or2,run-1787235809_i0,0.24,0.14861964023694366
kroD100_or2,run-1787235809_i0,0.2,0.1368353779679621
kroD100_or2,run-1787235809_i0,0.4166666666666667,0.20308323309275603
kroD100_or2,run-1787235809_i0,0.5714285714285714,0.21461370750660766
kroD100_or2,run-1787235809_i0,0.3,0.17999410245012387
kroD100_or2,run-1787235809_i0,0.3157894736842105,0.1753552047041149
kroD100_or2,run-1787235809_i0,0.6111111111111112,0.2227215808008559
kroD100_or2,run-1787235809_i0,0.21428571428571427,0.08681284070260446
kroD100_or2,run-1787235809_i0,0.76,0.2601009803806184
kroD100_or2,run-1787235809_i0,1.0,0.269689728460496
kroD100_or2,run-1787235809_i0,0.3181818181818182,0.20590436661166586
kroD100_or2,run-1787235809_i0,0.14814814814814814,0.07171722161841713
kroD100_or2,run-1787235809_i0,0.47619047619047616,0.21869658606033274
kroD100_or2,run-1787235809_i0,0.2857142857142857,0.13633114294355395
kroD100_or2,run-1787235809_i0,0.0,0.001429239507963385
kroD100_or2,run-1787235809_i0,0.2962962962962963,0.14293668505917087
kroD100_or2,run-1787235809_i0,0.43478260869565216,0.2094088678202315
kroD100_or2,run-1787235809_i0,0.0,0.013028674485253395
kroD100_or2,run-1787235809_i0,0.7777777777777778,0.2801070781585942
kroD100_or2,run-1787235809_i0,0.68,0.2602385536548048
kroD100_or2,run-1787235809_i0,0.08333333333333333,0.047409479853779087
kroD100_or2,run-1787235809_i0,0.0,0.0
kroD100_or2,run-1787235809_i0,0.3076923076923077,0.18933321779818893
kroD100_or2,run-1787235809_i0,0.5,0.21637780355130115
kroD100_or2,run-1787235809_i0,0.65,0.23478409311964296
kroD100_or2,run-1787235809_i0,0.34782608695652173,0.1973181383922479
kroD100_or2,run-1787235809_i0,0.25925925925925924,0.17371894495392648
kroD100_or2,run-1787235809_i0,0.7307692307692307,0.26392686529637316
kroD100_or2,run-1787235809_i0,0.0,0.05685072399467583
kroD100_or2,run-1787235809_i0,0.18518518518518517,0.14776602613653925
kroD100_or2,run-1787235809_i0,0.75,0.2593452062553097
kroD100_or2,run-1787235809_i0,0.6,0.22937544121584888
kroD100_or2,run-1787235809_i0,0.47619047619047616,0.2388031193995278
kroD100_or2,run-1787235809_i0,0.047619047619047616,0.09538473494525992
kroD100_or2,run-1787235809_i0,0.42857142857142855,0.13271902518755227
kroD100_or2,run-1787235809_i0,0.22727272727272727,0.16596397944751773
kroD100_or2,run-1787235809_i0,0.32,0.19646547850831206
kroD100_or2,run-1787235809_i0,0.875,0.2923262396477617
kroD100_or2,run-1787235809_i0,1.0,0.3080531693512965
kroD100_or2,run-1787235809_i0,0.16666666666666666,0.12754399842707626
kroD100_or2,run-1787235809_i0,0.6666666666666666,0.24067796610169498
kroD100_or2,run-1787235809_i0,0.04,0.02558982439171512
kroD100_or2,run-1787235809_i0,0.3181818181818182,0.1337574374476921
kroD100_or2,run-1787235809_i0,0.07692307692307693,0.0728065842816414
kroD100_or2,run-1787235809_i0,0.07407407407407407,0.060022103888274926
kroD100_or2,run-1787235809_i0,0.15384615384615385,0.0809970826390144
kroD100_or2,run-1787235809_i0,0.6190476190476191,0.25068922330835197
kroD100_or2,run-1787235809_i0,0.0,0.0
kroD100_or2,run-1787235809_i0,0.43478260869565216,0.21450642448873788
kroD100_or2,run-1787235809_i0,0.25,0.0879341768012657
kroD100_or2,run-1787235809_i0,0.0,0.0
kroD100_or2,run-1787235809_i0,0.36363636363636365,0.1957040873813348
kroD100_or2,run-1787235809_i0,0.5789473684210527,0.2263558327722249
kroD100_or2,run-1787235809_i0,0.25,0.20017775896730503
kroD100_or2,run-1787235809_i0,0.625,0.2389748363076133
kroD100_or2,run-1787235809_i0,0.7368421052631579,0.27162009715517965
kroD100_or2,run-1787235809_i0,0.625,0.21939880957322289
kroD100_or2,run-1787235809_i0,0.14814814814814814,0.16191101053787346
kroD100_or2,run-1787235809_i0,0.45,0.21725812694303753
kroD100_or2,run-1787235809_i0,0.19230769230769232,0.11824489397048762
kroD100_or2,run-1787235809_i0,0.045454545454545456,0.07879329652841903
kroD100_or2,run-1787235809_i0,0.8636363636363636,0.2847139351090897
kroD100_or2,run-1787235809_i0,0.6190476190476191,0.24174886077166935
kroD100_or2,run-1787235809_i0,0.05,0.10592426846952398
kroD100_or2,run-1787235809_i0,0.2222222222222222,0.18453945790880277
kroD100_or2,run-1787235809_i0,0.125,0.10121861291786409
kroD100_or2,run-1787235809_i0,0.6842105263157895,0.24582286084633503
kroD100_or2,run-1787235809_i0,0.0,0.0
kroD100_or2,run-1787235809_i0,0.7692307692307693,0.25237876809804405
kroD100_or2,run-1787235809_i0,0.3076923076923077,0.1835742243019264
kroD100_or2,run-1787235809_i0,0.3,0.20622064785029187
kroD100_or2,run-1787235809_i0,0.21739130434782608,0.1782178217821782
kroD100_or2,run-1787235809_i0,0.05263157894736842,0.14879834135344475
kroD100_or2,run-1787235809_i0,0.18518518518518517,0.1497381677176198
kroD100_or2,run-1787235809_i0,0.7037037037037037,0.2473326678001528
kroD100_or2,run-1787235809_i0,0.0,0.08741737225642031
kroD100_or2,run-1787235809_i0,0.47058823529411764,0.21469491979160238
kroD100_or2,run-1787235809_i0,0.36363636363636365,0.20815999932970533
kroD100_or2,run-1787235809_i0,0.5263157894736842,0.22827275043351766
kroD100_or2,run-1787235809_i0,0.42857142857142855,0.20689902014038897
kroD100_or2,run-1787235809_i0,0.52,0.23107235273742335
kroD100_or2,run-1787235809_i0,0.12,0.1168181225675499
kroD100_or2,run-1787235809_i0,0.17857142857142858,0.14036908775249632
kroD100_or2,run-1787235809_i0,0.875,0.29467200700077406
kroD100_or2,run-1787235809_i0,0.3888888888888889,0.21118322932202405
kroD100_or2,run-1787235809_i0,0.2727272727272727,0.18358669492594995
kroD100_or2,run-1787235809_i0,0.19230769230769232,0.1597497505595555
kroD100_or2,run-1787237635_i0,0.5,0.17584236316608098
kroD100_or2,run-1787237635_i0,0.375,0.18868990236589647
kroD100_or2,run-1787237635_i0,0.38095238095238093,0.20332497414792827
kroD100_or2,run-1787237635_i0,0.5217391304347826,0.25387766465160677
kroD100_or2,run-1787237635_i0,0.8571428571428571,0.28690132239010874
kroD100_or2,run-1787237635_i0,0.8888888888888888,0.24293651451790607
kroD100_or2,run-1787237635_i0,0.7142857142857143,0.26275724872320866
kroD100_or2,run-1787237635_i0,0.18518518518518517,0.14749611792403422
kroD100_or2,run-1787237635_i0,0.6296296296296297,0.24422126448143605
kroD100_or2,run-1787237635_i0,0.2692307692307692,0.1749883689288003
kroD100_or2,run-1787237635_i0,0.125,0.11257534934156632
kroD100_or2,run-1787237635_i0,0.25,0.1702686967414124
kroD100_or2,run-1787237635_i0,1.0,0.6073499858795794
kroD100_or2,run-1787237635_i0,0.65,0.2784500836908632
kroD100_or2,run-1787237635_i0,0.047619047619047616,0.09096631891551607
kroD100_or2,run-1787237635_i0,0.631578947368421,0.27617659468374817
kroD100_or2,run-1787237635_i0,0.16666666666666666,0.16503694191402357
kroD100_or2,run-1787237635_i0,0.36,0.21642358266685816
kroD100_or2,run-1787237635_i0,0.19047619047619047,0.1596129882794863
kroD100_or2,run-1787237635_i0,0.5652173913043478,0.24523504444622407
kroD100_or2,run-1787237635_i0,0.34615384615384615,0.20212363500342184
kroD100_or2,run-1787237635_i0,0.9090909090909091,0.29487061728213637
kroD100_or2,run-1787237635_i0,0.11538461538461539,0.13055767335477994
kroD100_or2,run-1787237635_i0,0.14285714285714285,0.07453978819671801
kroD100_or2,run-1787237635_i0,0.3181818181818182,0.1822370976117436
kroD100_or2,run-1787237635_i0,0.7037037037037037,0.2510532468245687
kroD100_or2,run-1787237635_i0,0.13636363636363635,0.11317666647745543
kroD100_or2,run-1787237635_i0,0.043478260869565216,0.02904212486605145
kroD100_or2,run-1787237635_i0,0.041666666666666664,0.01881667873202749
kroD100_or2,run-1787237635_i0,0.8181818181818182,0.2811450558374094
kroD100_or2,run-1787237635_i0,0.0,0.0
kroD100_or2,run-1787237635_i0,0.06666666666666667,0.04496067275768617
kroD100_or2,run-1787237635_i0,0.25925925925925924,0.1411010716537087
kroD100_or2,run-1787237635_i0,0.65,0.25696519073061386
kroD100_or2,run-1787237635_i0,0.7692307692307693,0.2672181788397183
kroD100_or2,run-1787237635_i0,0.92,0.27713127954698946
kroD100_or2,run-1787237635_i0,0.5652173913043478,0.2265131387097819
kroD100_or2,run-1787237635_i0,0.23809523809523808,0.18768858605119634
kroD100_or2,run-1787237635_i0,0.8260869565217391,0.29142717147541597
kroD100_or2,run-1787237635_i0,0.32,0.2021515988106227
kroD100_or2,run-1787237635_i0,0.2,0.1533663581139716
kroD100_or2,run-1787237635_i0,0.08695652173913043,0.09962275771806917
kroD100_or2,run-1787237635_i0,0.55,0.2263726299107106
kroD100_or2,run-1787237635_i0,0.3333333333333333,0.21483056568111242
kroD100_or2,run-1787237635_i0,0.9615384615384616,0.3133550274703225
kroD100_or2,run-1787237635_i0,0.47368421052631576,0.20565553776645243
kroD100_or2,run-1787237635_i0,0.7142857142857143,0.2544891493176334
kroD100_or2,run-1787237635_i0,0.7272727272727273,0.24949232022572368
kroD100_or2,run-1787237635_i0,0.6190476190476191,0.24378596547314577
kroD100_or2,run-1787237635_i0,0.5909090909090909,0.24045666363511975
kroD100_or2,run-1787237635_i0,0.76,0.28821066682846924
kroD100_or2,run-1787237635_i0,0.6956521739130435,0.249652712003536
kroD100_or2,run-1787237635_i0,0.3,0.1829456691546606
kroD100_or2,run-1787237635_i0,0.043478260869565216,0.08304914842805623
kroD100_or2,run-1787237635_i0,0.4782608695652174,0.22085915048422727
kroD100_or2,run-1787237635_i0,0.38461538461538464,0.20862813349980866
kroD100_or2,run-1787237635_i0,0.9642857142857143,0.5734868756514794
kroD100_or2,run-1787237635_i0,0.15,0.14252273003923335
kroD100_or2,run-1787237635_i0,0.22727272727272727,0.1327566389859534
kroD100_or2,run-1787237635_i0,0.96,0.30058450072969983
kroD100_or2,run-1787237635_i0,0.4444444444444444,0.20924353298376117
kroD100_or2,run-1787237635_i0,0.5,0.24179056818408606
kroD100_or2,run-1787237635_i0,0.7391304347826086,0.251958824430419
kroD100_or2,run-1787237635_i0,0.041666666666666664,0.09179371525983594
kroD100_or2,run-1787237635_i0,0.25925925925925924,0.16389171384086468
kroD100_or2,run-1787237635_i0,0.8695652173913043,0.28087947507770233
kroD100_or2,run-1787237635_i0,0.5,0.2316516035226278
kroD100_or2,run-1787237635_i0,0.0,0.010567214674631259
kroD100_or2,run-1787237635_i0,0.7916666666666666,0.2677513995518354
kroD100_or2,run-1787237635_i0,0.3157894736842105,0.19770664199595137
kroD100_or2,run-1787237635_i0,0.8333333333333334,0.28794062375429463
kroD100_or2,run-1787237635_i0,0.8,0.27556316570247463
kroD100_or2,run-1787237635_i0,1.0,0.6189729992750816
kroD100_or2,run-1787237635_i0,0.0,0.0
kroD100_or2,run-1787237635_i0,0.21428571428571427,0.1513626645662204
kroD100_or2,run-1787237635_i0,0.38095238095238093,0.16672014117269596
kroD100_or2,run-1787237635_i0,0.24,0.14861964023694366
kroD100_or2,run-1787237635_i0,0.2,0.1368353779679621
kroD100_or2,run-1787237635_i0,0.4166666666666667,0.20308323309275603
kroD100_or2,run-1787237635_i0,0.5714285714285714,0.21461370750660766
kroD100_or2,run-1787237635_i0,0.3,0.17999410245012387
kroD100_or2,run-1787237635_i0,0.3157894736842105,0.1753552047041149
kroD100_or2,run-1787237635_i0,0.6111111111111112,0.2227215808008559
kroD100_or2,run-1787237635_i0,0.21428571428571427,0.08681284070260446
kroD100_or2,run-1787237635_i0,0.76,0.2601009803806184
kroD100_or2,run-1787237635_i0,1.0,0.269689728460496
kroD100_or2,run-1787237635_i0,0.3181818181818182,0.20590436661166586
kroD100_or2,run-1787237635_i0,0.14814814814814814,0.07171722161841713
kroD100_or2,run-1787237635_i0,0.47619047619047616,0.21869658606033274
kroD100_or2,run-1787237635_i0,0.2857142857142857,0.13633114294355395
kroD100_or2,run-1787237635_i0,0.0,0.001429239507963385
kroD100_or2,run-1787237635_i0,0.2962962962962963,0.14293668505917087
kroD100_or2,run-1787237635_i0,0.43478260869565216,0.2094088678202315
kroD100_or2,run-1787237635_i0,0.0,0.013028674485253395
kroD100_or2,run-1787237635_i0,0.7777777777777778,0.2801070781585942
kroD100_or2,run-1787237635_i0,0.68,0.2602385536548048
kroD100_or2,run-1787237635_i0,0.08333333333333333,0.047409479853779087
kroD100_or2,run-1787237635_i0,0.0,0.0
kroD100_or2,run-1787237635_i0,0.3076923076923077,0.18933321779818893
kroD100_or2,run-1787237635_i0,0.5,0.21637780355130115
kroD100_or2,run-1787237635_i0,0.65,0.23478409311964296
kroD100_or2,run-1787237635_i0,0.34782608695652173,0.1973181383922479
kroD100_or2,run-1787237635_i0,0.25925925925925924,0.17371894495392648
kroD100_or2,run-1787237635_i0,0.7307692307692307,0.26392686529637316
kroD100_or2,run-1787237635_i0,0.0,0.05685072399467583
kroD100_or2,run-1787237635_i0,0.18518518518518517,0.14776602613653925
kroD100_or2,run-1787237635_i0,0.75,0.2593452062553097
kroD100_or2,run-1787237635_i0,0.6,0.22937544121584888
kroD100_or2,run-1787237635_i0,0.47619047619047616,0.2388031193995278
kroD100_or2,run-1787237635_i0,0.047619047619047616,0.09538473494525992
kroD100_or2,run-1787237635_i0,0.42857142857142855,0.13271902518755227
kroD100_or2,run-1787237635_i0,0.22727272727272727,0.16596397944751773
kroD100_or2,run-1787237635_i0,0.32,0.19646547850831206
kroD100_or2,run-1787237635_i0,0.875,0.2923262396477617
kroD100_or2,run-1787237635_i0,1.0,0.3080531693512965
kroD100_or2,run-1787237635_i0,0.16666666666666666,0.12754399842707626
kroD100_or2,run-1787237635_i0,0.6666666666666666,0.24067796610169498
kroD100_or2,run-1787237635_i0,0.04,0.02558982439171512
kroD100_or2,run-1787237635_i0,0.3181818181818182,0.1337574374476921
kroD100_or2,run-1787237635_i0,0.07692307692307693,0.0728065842816414
kroD100_or2,run-1787237635_i0,0.07407407407407407,0.060022103888274926
kroD100_or2,run-1787237635_i0,0.15384615384615385,0.0809970826390144
kroD100_or2,run-1787237635_i0,0.6190476190476191,0.25068922330835197
kroD100_or2,run-1787237635_i0,0.0,0.0
kroD100_or2,run-1787237635_i0,0.43478260869565216,0.21450642448873788
kroD100_or2,run-1787237635_i0,0.25,0.0879341768012657
kroD100_or2,run-1787237635_i0,0.0,0.0
kroD100_or2,run-1787237635_i0,0.36363636363636365,0.1957040873813348
kroD100_or2,run-1787237635_i0,0.5789473684210527,0.2263558327722249
kroD100_or2,run-1787237635_i0,0.25,0.20017775896730503
kroD100_or2,run-1787237635_i0,0.625,0.2389748363076133
kroD100_or2,run-1787237635_i0,0.7368421052631579,0.27162009715517965
kroD100_or2,run-1787237635_i0,0.625,0.21939880957322289
kroD100_or2,run-1787237635_i0,0.14814814814814814,0.16191101053787346
kroD100_or2,run-1787237635_i0,0.45,0.21725812694303753
kroD100_or2,run-1787237635_i0,0.19230769230769232,0.11824489397048762
kroD100_or2,run-1787237635_i0,0.045454545454545456,0.07879329652841903
kroD100_or2,run-1787237635_i0,0.8636363636363636,0.2847139351090897
kroD100_or2,run-1787237635_i0,0.6190476190476191,0.24174886077166935
kroD100_or2,run-1787237635_i0,0.05,0.10592426846952398
kroD100_or2,run-1787237635_i0,0.2222222222222222,0.18453945790880277
kroD100_or2,run-1787237635_i0,0.125,0.10121861291786409
kroD100_or2,run-1787237635_i0,0.6842105263157895,0.24582286084633503
kroD100_or2,run-1787237635_i0,0.0,0.0
kroD100_or2,run-1787237635_i0,0.7692307692307693,0.25237876809804405
kroD100_or2,run-1787237635_i0,0.3076923076923077,0.1835742243019264
kroD100_or2,run-1787237635_i0,0.3,0.20622064785029187
kroD100_or2,run-1787237635_i0,0.21739130434782608,0.1782178217821782
kroD100_or2,run-1787237635_i0,0.05263157894736842,0.14879834135344475
kroD100_or2,run-1787237635_i0,0.18518518518518517,0.1497381677176198
kroD100_or2,run-1787237635_i0,0.7037037037037037,0.2473326678001528
kroD100_or2,run-1787237635_i0,0.0,0.08741737225642031
kroD100_or2,run-1787237635_i0,0.47058823529411764,0.21469491979160238
kroD100_or2,run-1787237635_i0,0.36363636363636365,0.20815999932970533
kroD100_or2,run-1787237635_i0,0.5263157894736842,0.22827275043351766
kroD100_or2,run-1787237635_i0,0.42857142857142855,0.20689902014038897
kroD100_or2,run-1787237635_i0,0.52,0.23107235273742335
kroD100_or2,run-1787237635_i0,0.12,0.1168181225675499
kroD100_or2,run-1787237635_i0,0.17857142857142858,0.14036908775249632
kroD100_or2,run-1787237635_i0,0.875,0.29467200700077406
kroD100_or2,run-1787237635_i0,0.3888888888888889,0.21118322932202405
kroD100_or2,run-1787237635_i0,0.2727272727272727,0.18358669492594995
kroD100_or2,run-1787237635_i0,0.19230769230769232,0.1597497505595555
kroD100_or2,run-1787237710_i0,0.0,0.0
kroD100_or2,run-1787237710_i0,0.6666666666666666,0.2784242968711663
kroD100_or2,run-1787237710_i0,0.625,0.263567972117195
kroD100_or2,run-1787237710_i0,0.8333333333333334,0.18460988018465352
kroD100_or2,run-1787237710_i0,0.0,0.0
kroD100_or2,run-1787237710_i0,0.42857142857142855,0.1639956717860117
kroD100_or2,run-1787237710_i0,0.3333333333333333,0.14547422193485676
kroD100_or2,run-1787237710_i0,1.0,0.5999581318515048
kroD100_or2,run-1787237710_i0,0.8333333333333334,0.259577952951496
kroD100_or2,run-1787237710_i0,0.2,0.04582262871236258
kroD100_or2,run-1787237710_i0,0.2857142857142857,0.05443225526437884
kroD100_or2,run-1787237710_i0,0.375,0.0840278733316297
kroD100_or2,run-1787237710_i0,0.75,0.20755573298594326
kroD100_or2,run-1787237710_i0,0.5,0.24968510726220133
kroD100_or2,run-1787237710_i0,0.8888888888888888,0.5519229878133544
kroD100_or2,run-1787237710_i0,0.3333333333333333,0.17678889407534196
kroD100_or2,run-1787237710_i0,0.625,0.20536551915625803
kroD100_or2,run-1787237710_i0,0.2,0.14254721212731486
kroD100_or2,run-1787237710_i0,1.0,0.5623956790222391
kroD100_or2,run-1787237710_i0,0.7894736842105263,0.2488309005023382
kroD100_or2,run-1787237710_i0,0.23529411764705882,0.09072828820652942
kroD100_or2,run-1787237710_i0,0.0,0.0
kroD100_or2,run-1787237710_i0,0.21052631578947367,0.10317957019100005
kroD100_or2,run-1787237710_i0,0.5,0.22105263157894733
kroD100_or2,run-1787237710_i0,0.38095238095238093,0.12603989872290688
kroD100_or2,run-1787237710_i0,0.18181818181818182,0.13207008232784637
kroD100_or2,run-1787237710_i0,0.6,0.16378164817143903
kroD100_or2,run-1787237710_i0,0.5909090909090909,0.22399534313215935
kroD100_or2,run-1787237710_i0,0.4375,0.13927958990075898
kroD100_or2,run-1787237710_i0,0.7777777777777778,0.2457229750386113
kroD100_or2,run-1787237710_i0,0.47368421052631576,0.198221473208748
kroD100_or2,run-1787237710_i0,0.5,0.19178105608642884
kroD100_or2,run-1787237710_i0,0.1,0.12147964087296938
kroD100_or2,run-1787237710_i0,0.8,0.2598618578518076
kroD100_or2,run-1787237710_i0,0.9333333333333333,0.30266183007203795
kroD100_or2,run-1787237710_i0,0.7,0.22884491471504817
kroD100_or2,run-1787237710_i0,0.4,0.13428833792470163
kroD100_or2,run-1787237710_i0,0.14285714285714285,0.10858804486938194
kroD100_or2,run-1787237710_i0,0.38461538461538464,0.13708951660299734
kroD100_or2,run-1787237710_i0,0.23076923076923078,0.09276283451997999
kroD100_or2,run-1787237710_i0,0.9375,0.27713870557607306
kroD100_or2,run-1787237710_i0,0.5333333333333333,0.1626924129515059
kroD100_or2,run-1787237710_i0,0.6842105263157895,0.2328136233848935
kroD100_or2,run-1787237710_i0,0.7333333333333333,0.2529225561788949
kroD100_or2,run-1787237710_i0,0.5833333333333334,0.19135906438809927
kroD100_or2,run-1787237710_i0,0.6470588235294118,0.20256668344237544
kroD100_or2,run-1787237710_i0,0.26666666666666666,0.1252437056315824
kroD100_or2,run-1787237710_i0,0.5294117647058824,0.21547658473805345
kroD100_or2,run-1787237710_i0,0.5714285714285714,0.2105370856806384
kroD100_or2,run-1787237710_i0,0.625,0.2106894815468289
kroD100_or2,run-1787237710_i0,0.85,0.26152917851909324
kroD100_or2,run-1787237710_i0,0.3888888888888889,0.174828531931066
kroD100_or2,run-1787237710_i0,0.2857142857142857,0.19162377755502577
kroD100_or2,run-1787237710_i0,0.21052631578947367,0.11532779932715137
kroD100_or2,run-1787237710_i0,0.5714285714285714,0.1658333035171205
kroD100_or2,run-1787237710_i0,1.0,0.29457586428237276
kroD100_or2,run-1787237710_i0,1.0,0.5721463334560766
kroD100_or2,run-1787237710_i0,0.2857142857142857,0.1385750299249156
kroD100_or2,run-1787237710_i0,0.5,0.2012755025454296
kroD100_or2,run-1787237710_i0,0.5,0.1831346423562412
kroD100_or2,run-1787237710_i0,0.5625,0.2159931975923498
kroD100_or2,run-1787237710_i0,0.0,0.0002455585924154012
kroD100_or2,run-1787237710_i0,0.5714285714285714,0.2068207282325443
kroD100_or2,run-1787237710_i0,0.6923076923076923,0.22121757613455212
kroD100_or2,run-1787237710_i0,0.5,0.15365556421767607
kroD100_or2,run-1787237710_i0,0.0,0.0
kroD100_or2,run-1787237710_i0,0.7777777777777778,0.2402723696399283
kroD100_or2,run-1787237710_i0,0.5,0.20018328072497707
kroD100_or2,run-1787237710_i0,0.2,0.10958705135591819
kroD100_or2,run-1787237710_i0,0.9090909090909091,0.24959556544823042
kroD100_or2,run-1787237710_i0,0.26666666666666666,0.02043045995848352
kroD100_or2,run-1787237710_i0,0.9333333333333333,0.26939246208673384
kroD100_or2,run-1787237710_i0,0.5833333333333334,0.2265168907838635
kroD100_or2,run-1787237710_i0,0.2857142857142857,0.042647225280661796
kroD100_or2,run-1787237710_i0,0.6666666666666666,0.2219578249347904
kroD100_or2,run-1787237710_i0,1.0,0.28201777704559583
kroD100_or2,run-1787237710_i0,0.0,0.0
kroD100_or2,run-1787237710_i0,0.0625,0.0010984147635476518
kroD100_or2,run-1787237710_i0,0.45454545454545453,0.1551190599885255
kroD100_or2,run-1787237710_i0,0.7222222222222222,0.22705456962877077
kroD100_or2,run-1787237710_i0,0.6,0.20124258659836572
kroD100_or2,run-1787237710_i0,0.6666666666666666,0.2139098517967907
kroD100_or2,run-1787237710_i0,0.5714285714285714,0.2503388853398981
kroD100_or2,run-1787237710_i0,0.11764705882352941,0.0028152492668622768
kroD100_or2,run-1787237710_i0,0.5714285714285714,0.1842610448046421
kroD100_or2,run-1787237710_i0,0.5882352941176471,0.24291573832323857
kroD100_or2,run-1787237710_i0,0.8181818181818182,0.2599815438966141
kroD100_or2,run-1787237710_i0,0.4444444444444444,0.16357716675171266
kroD100_or2,run-1787237710_i0,0.2,0.04988997840128985
kroD100_or2,run-1787237710_i0,0.7857142857142857,0.2628892990661515
kroD100_or2,run-1787237710_i0,0.0,0.0
kroD100_or2,run-1787237710_i0,0.8823529411764706,0.26063528188042817
kroD100_or2,run-1787237710_i0,0.7,0.1965920358840578
kroD100_or2,run-1787237710_i0,0.375,0.1516980827664094
kroD100_or2,run-1787237710_i0,0.6666666666666666,0.19619354509590536
kroD100_or2,run-1787237710_i0,1.0,0.5418422076511602
kroD100_or2,run-1787237710_i0,1.0,0.20702052165606183
kroD100_or2,run-1787237710_i0,0.46153846153846156,0.18660613729557213
kroD100_or2,run-1787237710_i0,0.38461538461538464,0.12036358031322826
kroD100_or2,run-1787237710_i0,0.3076923076923077,0.15932993261540407
kroD100_or2,run-1787237710_i0,0.07692307692307693,0.004830175888312658
kroD100_or2,run-1787237710_i0,1.0,0.271389104722438
kroD100_or2,run-1787237710_i0,0.0,0.0
kroD100_or2,run-1787237710_i0,0.3,0.1298188466321436
kroD100_or2,run-1787237773_i0,0.14285714285714285,0.193117748873237
kroD100_or2,run-1787237773_i0,0.09090909090909091,0.09684823618861814
kroD100_or2,run-1787237773_i0,0.4166666666666667,0.17123437554707469
kroD100_or2,run-1787237773_i0,0.3,0.10579679322397505
kroD100_or2,run-1787237773_i0,0.3333333333333333,0.21943396774421084
kroD100_or2,run-1787237773_i0,1.0,0.6323323240997707
kroD100_or2,run-1787237773_i0,0.0,0.0
kroD100_or2,run-1787237773_i0,0.5555555555555556,0.24357539642460355
kroD100_or2,run-1787237773_i0,0.2222222222222222,0.12760443419221681
kroD100_or2,run-1787237773_i0,0.8571428571428571,0.24168576828728836
kroD100_or2,run-1787237773_i0,0.14285714285714285,0.11414927685462464
kroD100_or2,run-1787237773_i0,0.5,0.222101583384742
kroD100_or2,run-1787237773_i0,0.25,0.17615052679999113
kroD100_or2,run-1787237773_i0,0.5454545454545454,0.22338055036089582
kroD100_or2,run-1787237773_i0,0.18181818181818182,0.13368852762553696
kroD100_or2,run-1787237773_i0,1.0,0.27284110468451994
kroD100_or2,run-1787237773_i0,0.25,0.1777706457512662
kroD100_or2,run-1787237773_i0,0.35714285714285715,0.18362582868799118
kroD100_or2,run-1787237773_i0,0.8888888888888888,0.25574071230892176
kroD100_or2,run-1787237773_i0,0.2,0.12218253366248777
kroD100_or2,run-1787237773_i0,0.9,0.2797299359453917
kroD100_or2,run-1787237773_i0,0.7,0.22700304051277834
kroD100_or2,run-1787237773_i0,0.5555555555555556,0.1539231357916234
kroD100_or2,run-1787237773_i0,0.125,0.0
kroD100_or2,run-1787237773_i0,0.42857142857142855,0.11856892218692208
kroD100_or2,run-1787237773_i0,1.0,0.5427054992019564
kroD100_or2,run-1787237773_i0,0.4444444444444444,0.22000963613130278
kroD100_or2,run-1787237773_i0,0.5384615384615384,0.16394873362484108
kroD100_or2,run-1787237773_i0,0.4,0.21731393929362114
kroD100_or2,run-1787237773_i0,0.8333333333333334,0.2528177427898651
kroD100_or2,run-1787237773_i0,0.1,0.01142108023072888
kroD100_or2,run-1787237773_i0,0.07692307692307693,0.09423756821151331
kroD100_or2,run-1787237773_i0,0.6666666666666666,0.24447838914056336
kroD100_or2,run-1787237773_i0,0.5555555555555556,0.23502925505834665
kroD100_or2,run-1787237773_i0,0.36363636363636365,0.10434457395748925
kroD100_or2,run-1787237773_i0,0.0,0.018542730253600696
kroD100_or2,run-1787237773_i0,0.7692307692307693,0.2521931036660956
kroD100_or2,run-1787237773_i0,0.5714285714285714,0.15372256400793888
kroD100_or2,run-1787237773_i0,0.6666666666666666,0.22786124541649086
kroD100_or2,run-1787237773_i0,1.0,0.2650259315254626
kroD100_or2,run-1787237773_i0,0.25,0.015861522198731378
kroD100_or2,run-1787237773_i0,0.2857142857142857,0.0011472580002656124
kroD100_or2,run-1787237773_i0,0.4166666666666667,0.13761776116861416
kroD100_or2,run-1787237773_i0,0.9090909090909091,0.267582760284478
kroD100_or2,run-1787237773_i0,0.0,0.0
kroD100_or2,run-1787237773_i0,0.9090909090909091,0.2734635596493486
kroD100_or2,run-1787237773_i0,0.625,0.14326364877888356
kroD100_or2,run-1787237773_i0,0.4,0.1282796132338157
kroD100_or2,run-1787237773_i0,0.6,0.22590599034645678
kroD100_or2,run-1787237773_i0,0.8,0.24692502406502906
kroD100_or2,run-1787237773_i0,0.0,0.0
kroD100_or2,run-1787237773_i0,0.6666666666666666,0.1935207018517235
kroD100_or2,run-1787237773_i0,0.8571428571428571,0.23492818147021494
kroD100_or2,run-1787237773_i0,0.5,0.18382088179534684
kroD100_or2,run-1787237773_i0,0.3333333333333333,0.09186407355293842
kroD100_or2,run-1787237773_i0,0.8333333333333334,0.22718623279930858
kroD100_or2,run-1787237773_i0,0.6,0.16681950445287008
kroD100_or2,run-1787237773_i0,0.5,0.1449761602326909
kroD100_or2,run-1787237773_i0,0.75,0.23525173966434715
kroD100_or2,run-1787237773_i0,0.7142857142857143,0.2253043376912535
kroD100_or2,run-1787237773_i0,0.18181818181818182,0.09567923194778456
kroD100_or2,run-1787237773_i0,0.6666666666666666,0.20556376987357333
kroD100_or2,run-1787237847_i0,0.6363636363636364,0.2492259814873922
kroD100_or2,run-1787237847_i0,0.0,0.028404488887304038
kroD100_or2,run-1787237847_i0,0.16666666666666666,0.037062816265978495
kroD100_or2,run-1787237847_i0,0.4,0.15829390542568975
kroD100_or2,run-1787237847_i0,0.5,0.17246159988417445
kroD100_or2,run-1787237847_i0,0.875,0.28883232580337254
kroD100_or2,run-1787237847_i0,0.8571428571428571,0.2789599367261886
kroD100_or2,run-1787237847_i0,0.25,0.15469861744519708
kroD100_or2,run-1787237847_i0,0.5555555555555556,0.2130608763281025
kroD100_or2,run-1787237847_i0,0.5,0.20267185680596247
kroD100_or2,run-1787237847_i0,0.2,0.12096792943266198
kroD100_or2,run-1787237847_i0,0.0,0.0
kroD100_or2,run-1787237847_i0,0.3333333333333333,0.14553135502579906
kroD100_or2,run-1787237847_i0,0.5,0.19605820671945215
kroD100_or2,run-1787237847_i0,0.6666666666666666,0.21775033076052103
kroD100_or2,run-1787237847_i0,0.6153846153846154,0.2419699608448462
kroD100_or2,run-1787237847_i0,0.8181818181818182,0.27277507917278554
kroD100_or2,run-1787237847_i0,0.8,0.26632932529123976
kroD100_or2,run-1787237847_i0,0.42857142857142855,0.2153323522301719
kroD100_or2,run-1787237847_i0,0.75,0.25698227681405933
kroD100_or2,run-1787237847_i0,0.8571428571428571,0.25114238713215137
kroD100_or2,run-1787237847_i0,0.1111111111111111,0.08623939679547589
kroD100_or2,run-1787237847_i0,0.8,0.2756106135811196
kroD100_or2,run-1787237847_i0,0.14285714285714285,0.10432777751092752
kroD100_or2,run-1787237847_i0,0.7142857142857143,0.21907628131171505
kroD100_or2,run-1787237847_i0,0.3333333333333333,0.12394669938695932
kroD100_or2,run-1787237847_i0,0.0,0.09749879157228299
kroD100_or2,run-1787237847_i0,0.16666666666666666,0.11231555894206663
kroD100_or2,run-1787237847_i0,1.0,0.5742125885202112
kroD100_or2,run-1787237847_i0,0.0,0.0
kroD100_or2,run-1787237847_i0,0.5555555555555556,0.19662206163477083
kroD100_or2,run-1787237847_i0,0.6363636363636364,0.2682791028273575
kroD100_or2,run-1787237847_i0,0.2857142857142857,0.08921792696204892
kroD100_or2,run-1787237847_i0,0.125,0.0
kroD100_or2,run-1787237847_i0,0.7,0.19011305716515592
kroD100_or2,run-1787237847_i0,0.0,0.03802088980447434
kroD100_or2,run-1787237847_i0,0.4,0.19865824850019545
kroD100_or2,run-1787237847_i0,1.0,0.6161197694912569
kroD100_or2,run-1787237847_i0,0.3333333333333333,0.12081670103482858
kroD100_or2,run-1787237847_i0,1.0,0.6775199139862258
kroD100_or2,run-1787237847_i0,0.8,0.21875814910323643
kroD100_or2,run-1787237847_i0,0.75,0.24858126788572538
kroD100_or2,run-1787237847_i0,0.6666666666666666,0.2430119657709341
kroD100_or2,run-1787237847_i0,0.5,0.22121760348292588
kroD100_or2,run-1787237847_i0,0.14285714285714285,0.004835105861469229
kroD100_or2,run-1787237847_i0,0.2222222222222222,0.10843060837398909
kroD100_or2,run-1787237847_i0,0.2857142857142857,0.2190408771242326
kroD100_or2,run-1787237847_i0,1.0,0.2698308946072811
kroD100_or2,run-1787237847_i0,0.6666666666666666,0.2471046510692067
kroD100_or2,run-1787237847_i0,0.8,0.26058115277332855
kroD100_or2,run-1787237847_i0,0.8333333333333334,0.22268480160129941
kroD100_or2,run-1787237847_i0,0.6666666666666666,0.24971444263580392
kroD100_or2,run-1787237847_i0,0.25,0.09892354269787115
kroD100_or2,run-1787237847_i0,0.9090909090909091,0.25664168605489496
kroD100_or2,run-1787237847_i0,0.0,0.006779117324707962
kroD100_or2,run-1787237847_i0,0.6,0.13287676348935135
kroD100_or2,run-1787237847_i0,1.0,0.5869052439439806
kroD100_or2,run-1787237847_i0,0.5384615384615384,0.21443097022668228
kroD100_or2,run-1787237847_i0,0.3333333333333333,0.06976605305982296
kroD100_or2,run-1787237847_i0,0.375,0.15669264656048787
kroD100_or2,run-1787237847_i0,1.0,0.2875515420502566
kroD100_or2,run-1787237906_i0,0.4666666666666667,0.16137888956680893
kroD100_or2,run-1787237906_i0,0.6842105263157895,0.21546516475521726
kroD100_or2,run-1787237906_i0,0.5652173913043478,0.20756960606112074
kroD100_or2,run-1787237906_i0,0.8148148148148148,0.26762750750044123
kroD100_or2,run-1787237906_i0,0.75,0.23564572443521664
kroD100_or2,run-1787237906_i0,0.38095238095238093,0.16195425729710355
kroD100_or2,run-1787237906_i0,0.5454545454545454,0.20529815348128067
kroD100_or2,run-1787237906_i0,0.8928571428571429,0.28191528205364724
kroD100_or2,run-1787237906_i0,0.9545454545454546,0.2717130986357342
kroD100_or2,run-1787237906_i0,0.7037037037037037,0.22120824742268042
kroD100_or2,run-1787237906_i0,0.25,0.1141646546418595
kroD100_or2,run-1787237906_i0,0.13043478260869565,0.10553929498157043
kroD100_or2,run-1787237906_i0,1.0,0.2861633682912248
kroD100_or2,run-1787237906_i0,0.7727272727272727,0.23990898822800238
kroD100_or2,run-1787237906_i0,0.9130434782608695,0.2807018223067065
kroD100_or2,run-1787237906_i0,0.64,0.18754885538805136
kroD100_or2,run-1787237906_i0,0.5384615384615384,0.17922445587242217
kroD100_or2,run-1787237906_i0,0.0,0.0
kroD100_or2,run-1787237906_i0,0.4230769230769231,0.16270386934561562
kroD100_or2,run-1787237906_i0,0.95,0.2729955273297578
kroD100_or2,run-1787237906_i0,1.0,0.2996827302985153
kroD100_or2,run-1787237906_i0,0.9333333333333333,0.25316130257136416
kroD100_or2,run-1787237906_i0,0.0,5.905723182645593e-05
kroD100_or2,run-1787237906_i0,0.17647058823529413,0.12380324152571903
kroD100_or2,run-1787237906_i0,0.782608695652174,0.20385745633734143
kroD100_or2,run-1787237906_i0,0.5925925925925926,0.17564945944515967
kroD100_or2,run-1787237906_i0,0.14285714285714285,0.08240709775146067
kroD100_or2,run-1787237906_i0,0.45,0.13635902309402764
kroD100_or2,run-1787237906_i0,0.36,0.16849756376162345
kroD100_or2,run-1787237906_i0,1.0,0.6106264013966151
kroD100_or2,run-1787237906_i0,0.7916666666666666,0.20219377344272565
kroD100_or2,run-1787237906_i0,0.9642857142857143,0.29462062064304634
kroD100_or2,run-1787237906_i0,0.0,0.0
kroD100_or2,run-1787237906_i0,0.058823529411764705,0.09941243549353479
kroD100_or2,run-1787237906_i0,0.95,0.25379845750702107
kroD100_or2,run-1787237906_i0,0.6153846153846154,0.21722126502397607
kroD100_or2,run-1787237906_i0,0.15,0.08828617504764699
kroD100_or2,run-1787237906_i0,0.7083333333333334,0.1990869158326939
kroD100_or2,run-1787237906_i0,0.5238095238095238,0.16668307747392927
kroD100_or2,run-1787237906_i0,0.25,0.10239818198450643
kroD100_or2,run-1787237906_i0,0.8,0.2337162857731109
kroD100_or2,run-1787237906_i0,0.38461538461538464,0.13874864309305496
kroD100_or2,run-1787237906_i0,0.2727272727272727,0.13258925074077996
kroD100_or2,run-1787237906_i0,0.38095238095238093,0.15488077797650612
kroD100_or2,run-1787237906_i0,0.08333333333333333,0.015251620222051806
kroD100_or2,run-1787237906_i0,0.88,0.2497059897808871
kroD100_or2,run-1787237906_i0,0.17857142857142858,0.09318035599399525
kroD100_or2,run-1787237906_i0,0.2608695652173913,0.11191019534689936
kroD100_or2,run-1787237906_i0,0.9130434782608695,0.24868303784575235
kroD100_or2,run-1787237906_i0,0.3181818181818182,0.12365611590501496
kroD100_or2,run-1787237906_i0,0.038461538461538464,0.0
kroD100_or2,run-1787237906_i0,0.37037037037037035,0.12354233012696465
kroD100_or2,run-1787237906_i0,0.6875,0.20740044294011956
kroD100_or2,run-1787237906_i0,0.24,0.0876132047911189
kroD100_or2,run-1787237906_i0,1.0,0.6278404263007898
kroD100_or2,run-1787237906_i0,0.5769230769230769,0.18246517195865808
kroD100_or2,run-1787237906_i0,0.14285714285714285,0.08548540313972049
kroD100_or2,run-1787237906_i0,0.08333333333333333,0.025157627606415094
kroD100_or2,run-1787237906_i0,0.10714285714285714,0.05140620854338015
kroD100_or2,run-1787237906_i0,0.1111111111111111,0.05689720380222393
kroD100_or2,run-1787237906_i0,0.92,0.2571542114570708
kroD100_or2,run-1787237906_i0,0.7727272727272727,0.2283666260406122
kroD100_or2,run-1787237906_i0,0.8333333333333334,0.2477690247111223
kroD100_or2,run-1787237906_i0,0.18181818181818182,0.0843401338466909
kroD100_or2,run-1787237906_i0,0.0,0.008155583437892149
kroD100_or2,run-1787237906_i0,0.9523809523809523,0.266425188710082
kroD100_or2,run-1787237906_i0,0.1111111111111111,0.10580891112699552
kroD100_or2,run-1787237906_i0,0.05263157894736842,0.0
kroD100_or2,run-1787237906_i0,0.5,0.18320351299074705
kroD100_or2,run-1787237906_i0,0.7083333333333334,0.21334776000639932
kroD100_or2,run-1787237906_i0,0.5,0.1597771177848164
kroD100_or2,run-1787237906_i0,0.11764705882352941,0.11548083186225
kroD100_or2,run-1787237906_i0,0.3333333333333333,0.158474474847186
kroD100_or2,run-1787237906_i0,0.3333333333333333,0.16245654386591057
kroD100_or2,run-1787237906_i0,0.5,0.15755944330142174
kroD100_or2,run-1787237906_i0,0.37037037037037035,0.1513882084312817
kroD100_or2,run-1787237906_i0,0.8,0.2300118497062261
kroD100_or2,run-1787237906_i0,0.3,0.147523660965468
kroD100_or2,run-1787237906_i0,0.375,0.17512797695093257
kroD100_or2,run-1787237906_i0,0.75,0.24247093034980377
kroD100_or2,run-1787237906_i0,0.8148148148148148,0.22659549072709764
kroD100_or2,run-1787237906_i0,0.55,0.2079136540745525
kroD100_or2,run-1787237906_i0,0.5,0.16500194056950135
kroD100_or2,run-1787237906_i0,1.0,0.2647062264320171
kroD100_or2,run-1787237906_i0,1.0,0.5407504495846694
kroD100_or2,run-1787237906_i0,0.6,0.18540204162962515
kroD100_or2,run-1787237906_i0,1.0,0.2982301845413412
kroD100_or2,run-1787237906_i0,0.6,0.20896022920168592
kroD100_or2,run-1787237906_i0,0.5714285714285714,0.18087762806909896
kroD100_or2,run-1787237906_i0,1.0,0.6107836562545449
kroD100_or2,run-1787237906_i0,0.0,0.05067665281393186
kroD100_or2,run-1787237906_i0,0.25,0.11459181286549708
kroD100_or2,run-1787237906_i0,0.47619047619047616,0.18355216196924143
kroD100_or2,run-1787237906_i0,0.7916666666666666,0.2565088501490096
kroD100_or2,run-1787237906_i0,0.9411764705882353,0.2807641952414409
kroD100_or2,run-1787237906_i0,0.15384615384615385,0.09852747400717507
kroD100_or2,run-1787237906_i0,0.6521739130434783,0.21794109205562182
kroD100_or2,run-1787237906_i0,0.36363636363636365,0.19236775960303007
kroD100_or2,run-1787237906_i0,0.0,0.0
kroD100_or2,run-1787237906_i0,1.0,0.629394966638994
kroD100_or2,run-1787237906_i0,0.55,0.19323928553184974
kroD100_or2,run-1787237906_i0,0.5454545454545454,0.196679340291068
kroD100_or2,run-1787237906_i0,0.42857142857142855,0.18762001141730245
kroD100_or2,run-1787237906_i0,0.8125,0.23507220772484888
kroD100_or2,run-1787237906_i0,0.25,0.16066027602881627
kroD100_or2,run-1787237906_i0,1.0,0.25588755505182614
kroD100_or2,run-1787237906_i0,0.6956521739130435,0.23479276313121894
kroD100_or2,run-1787237906_i0,0.8888888888888888,0.24991327383392722
kroD100_or2,run-1787237906_i0,0.8947368421052632,0.26592522424540105
kroD100_or2,run-1787237906_i0,0.18181818181818182,0.13454697539318514
kroD100_or2,run-1787237906_i0,0.29411764705882354,0.11597624869018508
kroD100_or2,run-1787237906_i0,0.6666666666666666,0.2269481361359548
kroD100_or2,run-1787237906_i0,0.25,0.12270239932650491
kroD100_or2,run-1787237906_i0,0.9523809523809523,0.3168427884140578
kroD100_or2,run-1787237906_i0,0.5238095238095238,0.181803197626504
kroD100_or2,run-1787237906_i0,0.08695652173913043,0.0
kroD100_or2,run-1787237906_i0,0.7368421052631579,0.24831332373730464
kroD100_or2,run-1787237906_i0,0.1,0.09592851968123653
kroD100_or2,run-1787237906_i0,0.6666666666666666,0.2273800707644203
kroD100_or2,run-1787237906_i0,0.0,0.0
kroD100_or2,run-1787237906_i0,0.043478260869565216,0.0003098423009531451
kroD100_or2,run-1787237906_i0,0.92,0.25264475428004557
kroD100_or2,run-1787237906_i0,0.2631578947368421,0.15824185711714958
kroD100_or2,run-1787237906_i0,0.6521739130434783,0.22649424146147734
kroD100_or2,run-1787237906_i0,0.125,0.10843505001993212
kroD100_or2,run-1787237906_i0,0.9629629629629629,0.2693940742747663
kroD100_or2,run-1787237906_i0,0.631578947368421,0.21137258186081564
kroD100_or2,run-1787237906_i0,0.8095238095238095,0.2555596826199659
kroD100_or2,run-1787237906_i0,0.9411764705882353,0.25413867962674347
kroD100_or2,run-1787237906_i0,0.038461538461538464,0.04180487305487306
kroD100_or2,run-1787237906_i0,0.045454545454545456,0.05135446189102446
kroD100_or2,run-1787237906_i0,0.6666666666666666,0.22072822860175464
kroD100_or2,run-1787237906_i0,0.9545454545454546,0.28296513996170225
kroD100_or2,run-1787237906_i0,0.7391304347826086,0.25042927538315324
kroD100_or2,run-1787237906_i0,0.2,0.14809324827557982
kroD100_or2,run-1787237906_i0,1.0,0.5113718157250989
kroD100_or2,run-1787237906_i0,0.0,0.0
kroD100_or2,run-1787237906_i0,0.25,0.1333187838446115
kroD100_or2,run-1787237906_i0,0.21428571428571427,0.10910902911297794
kroD100_or2,run-1787237906_i0,0.8571428571428571,0.26859809162677933
kroD100_or2,run-1787237906_i0,0.88,0.2599336651375611
kroD100_or2,run-1787237906_i0,0.5185185185185185,0.211303547523427
kroD100_or2,run-1787237906_i0,0.25,0.14333008321806756
kroD100_or2,run-1787237906_i0,0.5789473684210527,0.21948444844484447
kroD100_or2,run-1787237906_i0,0.037037037037037035,0.03883917601769181
kroD100_or2,run-1787237906_i0,0.6923076923076923,0.22624679289872376
kroD100_or2,run-1787237906_i0,0.09523809523809523,0.10242200623088747
kroD100_or2,run-1787237906_i0,0.34782608695652173,0.15502558422164328
kroD100_or2,run-1787237906_i0,0.4375,0.16072720129296103
kroD100_or2,run-1787237906_i0,0.22727272727272727,0.13090373711160086
kroD100_or2,run-1787237906_i0,0.65,0.2362145413533223
kroD100_or2,run-1787237906_i0,0.52,0.197555946909497
kroD100_or2,run-1787237906_i0,0.7391304347826086,0.22826398100252787
kroD100_or2,run-1787237906_i0,0.7777777777777778,0.2448930429755252
kroD100_or2,run-1787237906_i0,0.36363636363636365,0.18209637062674908
kroD100_or2,run-1787237906_i0,0.4166666666666667,0.19024813089175419
kroD100_or2,run-1787237906_i0,0.0,0.0
kroD100_or2,run-1787237906_i0,0.18518518518518517,0.1198859351432881
kroD100_or2,run-1787237906_i0,0.5238095238095238,0.20053641251742904
kroD100_or2,run-1787237906_i0,0.2,0.01788291983840994
kroD100_or2,run-1787237906_i0,0.95,0.49773961524806376
kroD100_or2,run-1787237906_i0,0.38461538461538464,0.18415089077153715
kroD100_or2,run-1787237906_i0,0.47368421052631576,0.18457655080916463
kroD100_or2,run-1787237906_i0,0.782608695652174,0.2506893738933212
kroD100_or2,run-1787237906_i0,0.92,0.26271938492778557
kroD100_or2,run-1787237906_i0,0.8333333333333334,0.26062689363503455
kroD100_or2,run-1787237906_i0,0.3076923076923077,0.16450488948782288
kroD100_or2,run-1787237906_i0,0.0,0.0
rat195_or30,run-1783974638_i0,0.0,0.5032965262802359
rat195_or30,run-1783974638_i0,0.09090909090909091,0.5843011670936522
rat195_or30,run-1783974638_i0,0.0,0.42142289874255456
rat195_or30,run-1783974638_i0,0.24,0.48522673546853257
rat195_or30,run-1783974638_i0,0.38095238095238093,0.4938121746301737
rat195_or30,run-1783974638_i0,0.4074074074074074,0.4944188009218684
rat195_or30,run-1783974638_i0,1.0,0.6195115782083974
rat195_or30,run-1783974638_i0,0.25,0.49564421363332584
rat195_or30,run-1783974638_i0,0.041666666666666664,0.4213951519000741
rat195_or30,run-1783974638_i0,0.30434782608695654,0.5004095487823875
rat195_or30,run-1783974638_i0,0.44,0.5370868398189811
rat195_or30,run-1783974638_i0,0.8260869565217391,0.6012005384768169
rat195_or30,run-1783974638_i0,0.6111111111111112,0.5597103351860061
rat195_or30,run-1783974638_i0,0.37037037037037035,0.510576734960973
rat195_or30,run-1783974638_i0,0.0,0.41412537387067927
rat195_or30,run-1783974638_i0,0.875,0.5653852202140923
rat195_or30,run-1783974638_i0,0.24,0.5216022247615494
rat195_or30,run-1783974638_i0,0.09523809523809523,0.4813423406607607
rat195_or30,run-1783974638_i0,0.2857142857142857,0.500263857902866
rat195_or30,run-1783974638_i0,0.8,0.5603968532171775
rat195_or30,run-1783974638_i0,0.4230769230769231,0.4842893827094959
rat195_or30,run-1783974638_i0,0.42857142857142855,0.5395315254369589
rat195_or30,run-1783974638_i0,0.0,0.44332535364526654
rat195_or30,run-1783974638_i0,0.37037037037037035,0.5185103299186872
rat195_or30,run-1783974638_i0,0.14285714285714285,0.46915378356387305
rat195_or30,run-1783974638_i0,0.4,0.49703264094955496
rat195_or30,run-1783974638_i0,0.0,0.43740877866682987
rat195_or30,run-1783974638_i0,0.7692307692307693,0.558367929109007
rat195_or30,run-1783974638_i0,0.8095238095238095,0.5507155361176749
rat195_or30,run-1783974638_i0,0.5,0.5353256199170539
rat195_or30,run-1783974638_i0,0.0,0.4152443643832388
rat195_or30,run-1783974638_i0,0.7727272727272727,0.5557528682000329
rat195_or30,run-1783974638_i0,0.0,0.40881419204569025
rat195_or30,run-1783974638_i0,0.0,0.48247964547047306
rat195_or30,run-1783974638_i0,0.8421052631578947,0.5802439080539153
rat195_or30,run-1783974638_i0,1.0,0.6042609826472142
rat195_or30,run-1783974638_i0,0.4642857142857143,0.5199029891947314
rat195_or30,run-1783974638_i0,0.25,0.4464649422720716
rat195_or30,run-1783974638_i0,0.2608695652173913,0.438747841657607
rat195_or30,run-1783974638_i0,0.0,0.4056382591637531
rat195_or30,run-1783974638_i0,0.35,0.49186402234558657
rat195_or30,run-1783974638_i0,0.5,0.5407313463046833
rat195_or30,run-1783974638_i0,0.28,0.48971505636128915
rat195_or30,run-1783974638_i0,0.30434782608695654,0.4813345006036388
rat195_or30,run-1783974638_i0,0.3076923076923077,0.49771500252964535
rat195_or30,run-1783974638_i0,0.03571428571428571,0.4508042286372035
rat195_or30,run-1783974638_i0,0.2857142857142857,0.5030525728727647
rat195_or30,run-1783974638_i0,0.7272727272727273,0.5700196845780705
rat195_or30,run-1783974638_i0,0.6,0.5527577186648
rat195_or30,run-1783974638_i0,0.9259259259259259,0.5791091527158825
rat195_or30,run-1783974638_i0,0.9642857142857143,0.616967742279987
rat195_or30,run-1783974638_i0,0.28,0.5021706613108238
rat195_or30,run-1783974638_i0,0.8,0.5654091883230886
rat195_or30,run-1783974638_i0,0.22727272727272727,0.4957213768890921
rat195_or30,run-1783974638_i0,0.35,0.5382553628259171
rat195_or30,run-1783974638_i0,0.0,0.42048875183741297
rat195_or30,run-1783974638_i0,0.07142857142857142,0.393846883614363
rat195_or30,run-1783974638_i0,0.0,0.3169630340146094
rat195_or30,run-1783974638_i0,0.8214285714285714,0.578300526168773
rat195_or30,run-1783974638_i0,0.0,0.3257801455951224
rat195_or30,run-1783974638_i0,0.391304347826087,0.48993254702935046
rat195_or30,run-1783974638_i0,0.7777777777777778,0.5913238050609185
rat195_or30,run-1783974638_i0,0.11538461538461539,0.5192759769236602
rat195_or30,run-1783974638_i0,0.0,0.45745480413837897
rat195_or30,run-1783974638_i0,0.8148148148148148,0.5747537882905407
rat195_or30,run-1783974638_i0,0.5,0.5666223446354514
rat195_or30,run-1783974638_i0,0.9130434782608695,0.590773704072393
rat195_or30,run-1783974638_i0,0.22727272727272727,0.4575911479296869
rat195_or30,run-1783974638_i0,0.9565217391304348,0.5937050040228624
rat195_or30,run-1783974638_i0,0.23809523809523808,0.48938670531730466
rat195_or30,run-1783974638_i0,0.1111111111111111,0.48355281842777925
rat195_or30,run-1783974638_i0,0.782608695652174,0.5539565187255967
rat195_or30,run-1783974638_i0,0.0,0.3526029926529985
rat195_or30,run-1783974638_i0,0.07142857142857142,0.4284474153836847
rat195_or30,run-1783974638_i0,0.0,0.38513901568594905
rat195_or30,run-1783974638_i0,0.15,0.4377605002201147
rat195_or30,run-1783974638_i0,0.28,0.525718531071365
rat195_or30,run-1783974638_i0,1.0,0.5875498789821416
rat195_or30,run-1783974638_i0,0.4444444444444444,0.5400661475559259
rat195_or30,run-1783974638_i0,0.28,0.516583864824015
rat195_or30,run-1783974638_i0,0.9166666666666666,0.5820555853920516
rat195_or30,run-1783974638_i0,0.6153846153846154,0.5413874993060653
rat195_or30,run-1783974638_i0,0.7222222222222222,0.6149160592231606
rat195_or30,run-1783974638_i0,0.2857142857142857,0.5029337153031104
rat195_or30,run-1783974638_i0,0.84,0.5653965200169755
rat195_or30,run-1783974638_i0,0.44,0.5368996518962494
rat195_or30,run-1783974638_i0,0.9259259259259259,0.6149020733272327
rat195_or30,run-1783974638_i0,0.0,0.29349489522092087
rat195_or30,run-1783974638_i0,0.9583333333333334,0.6615414902585672
rat195_or30,run-1783974638_i0,0.65,0.5617662172412948
rat195_or30,run-1783974638_i0,0.038461538461538464,0.42857749862871886
rat195_or30,run-1783974638_i0,0.21739130434782608,0.4689931185593481
rat195_or30,run-1783974638_i0,0.9285714285714286,0.5303846521102553
rat195_or30,run-1783974638_i0,0.8,0.5220553926041137
rat195_or30,run-1783974638_i0,0.6666666666666666,0.5591604485389137
rat195_or30,run-1783974638_i0,0.2727272727272727,0.5240913818112154
rat195_or30,run-1783974638_i0,0.2916666666666667,0.5200882908203097
rat195_or30,run-1783974638_i0,0.047619047619047616,0.44950888320965604
rat195_or30,run-1783974638_i0,0.3076923076923077,0.48836583444304227
rat195_or30,run-1783974638_i0,0.45,0.548448366890672
rat195_or30,run-1783974638_i0,0.7857142857142857,0.49911741607349874
rat195_or30,run-1783974638_i0,0.17391304347826086,0.42130105716582483
rat195_or30,run-1783974638_i0,0.3333333333333333,0.46023772552241815
rat195_or30,run-1783974638_i0,0.0,0.3283273733557411
rat195_or30,run-1783974638_i0,0.4444444444444444,0.5108901287591152
rat195_or30,run-1783974638_i0,1.0,0.7389788191083527
rat195_or30,run-1783974638_i0,0.92,0.5941299371207501
rat195_or30,run-1783974638_i0,0.0,0.4134176407228627
rat195_or30,run-1783974638_i0,0.3,0.49256378031921577
rat195_or30,run-1783974638_i0,0.07407407407407407,0.4662203866054567
rat195_or30,run-1783974638_i0,0.17391304347826086,0.46745752112504196
rat195_or30,run-1783974638_i0,0.041666666666666664,0.41774705132292006
rat195_or30,run-1783974638_i0,0.0,0.3657848583478126
rat195_or30,run-1783974638_i0,0.95,0.6058583923439835
rat195_or30,run-1783974638_i0,0.18181818181818182,0.5731648880518937
rat195_or30,run-1783974638_i0,0.2,0.4692505548451579
rat195_or30,run-1783974638_i0,0.0,0.43416203896895966
rat195_or30,run-1783974638_i0,0.1,0.5055998358458746
rat195_or30,run-1783974638_i0,0.22727272727272727,0.48745351203424314
rat195_or30,run-1783974638_i0,0.47619047619047616,0.5311868637622372
rat195_or30,run-1783974638_i0,0.03571428571428571,0.39288895972619525
rat195_or30,run-1783974638_i0,0.3181818181818182,0.5139711188900804
rat195_or30,run-1783974638_i0,0.5714285714285714,0.5397480746967334
rat195_or30,run-1783974638_i0,0.0,0.31507179931601953
rat195_or30,run-1783974638_i0,0.19047619047619047,0.4814200128378861
rat195_or30,run-1783974638_i0,0.0,0.44384824240669013
rat195_or30,run-1783974638_i0,0.782608695652174,0.5829623257193711
rat195_or30,run-1783974638_i0,0.5416666666666666,0.5414828945695027
rat195_or30,run-1783974638_i0,0.9523809523809523,0.5878780774988945
rat195_or30,run-1783974638_i0,0.48,0.5178744762106827
rat195_or30,run-1783974638_i0,0.6666666666666666,0.5409200686328466
rat195_or30,run-1783974638_i0,0.2857142857142857,0.5103382774926242
rat195_or30,run-1783974638_i0,0.5454545454545454,0.5300477052581503
rat195_or30,run-1783974638_i0,0.5833333333333334,0.49268874102792476
rat195_or30,run-1783974638_i0,0.15,0.4882853603439481
rat195_or30,run-1783974638_i0,0.36,0.4851267174767267
rat195_or30,run-1783974638_i0,0.7857142857142857,0.562087743472793
rat195_or30,run-1783974638_i0,0.2916666666666667,0.5137416770233771
rat195_or30,run-1783974638_i0,0.3333333333333333,0.529615608420332
rat195_or30,run-1783974638_i0,0.391304347826087,0.5210686991897435
rat195_or30,run-1783974638_i0,0.0,0.4484490166914559
rat195_or30,run-1783974638_i0,0.13636363636363635,0.5056408571532873
rat195_or30,run-1783974638_i0,0.07142857142857142,0.4235251182126877
rat195_or30,run-1783974638_i0,0.15384615384615385,0.4988139410652152
rat195_or30,run-1783974638_i0,0.7619047619047619,0.584535908063756
rat195_or30,run-1783974638_i0,0.047619047619047616,0.507346704189623
rat195_or30,run-1783974638_i0,0.17391304347826086,0.5011203662763333
rat195_or30,run-1783974638_i0,0.25,0.532745903633722
rat195_or30,run-1783974638_i0,0.9583333333333334,0.6206579641852442
rat195_or30,run-1783974638_i0,0.3,0.5313011644557317
rat195_or30,run-1783974638_i0,0.037037037037037035,0.4772096225188359
rat195_or30,run-1783974638_i0,0.038461538461538464,0.41123409227271296
rat195_or30,run-1783974638_i0,0.23809523809523808,0.5389308597111983
rat195_or30,run-1783974638_i0,0.38461538461538464,0.529472495881438
rat195_or30,run-1783974638_i0,0.0,0.39323472615966143
rat195_or30,run-1783974638_i0,1.0,0.6582050439899092
rat195_or30,run-1783974638_i0,0.9583333333333334,0.6632937499470621
rat195_or30,run-1783974638_i0,0.0,0.4738415664763848
rat195_or30,run-1783974638_i0,0.05,0.4656889330802374
rat195_or30,run-1783974638_i0,0.55,0.5405575194291086
rat195_or30,run-1783974638_i0,0.0,0.3550066742852753
rat195_or30,run-1783974638_i0,0.17857142857142858,0.47014678980948554
rat195_or30,run-1783974638_i0,1.0,0.6341791874790207
rat195_or30,run-1783974638_i0,0.15,0.45027948716094546
rat195_or30,run-1783974638_i0,0.037037037037037035,0.40956932391523715
rat195_or30,run-1783974638_i0,0.14814814814814814,0.496456928694241
rat195_or30,run-1783974638_i0,0.7142857142857143,0.5636303498167164
rat195_or30,run-1783974638_i0,0.5833333333333334,0.5599592225778148
rat195_or30,run-1783974638_i0,0.32,0.48308189582759337
rat195_or30,run-1783974638_i0,0.5,0.5370546429454908
rat195_or30,run-1783974638_i0,0.7407407407407407,0.5245298955597479
rat195_or30,run-1783974638_i0,0.25925925925925924,0.5279097971792
rat195_or30,run-1783974638_i0,0.047619047619047616,0.48315997721890824
rat195_or30,run-1783974638_i0,0.0,0.3642054309759988
rat195_or30,run-1783974638_i0,0.04,0.4251398419460795
rat195_or30,run-1783974638_i0,0.17857142857142858,0.5253088776930562
rat195_or30,run-1783974638_i0,0.12,0.47275781894547364
rat195_or30,run-1783974638_i0,0.0,0.26762013282845637
rat195_or30,run-1783974638_i0,0.96,0.6473971493442262
rat195_or30,run-1783974638_i0,0.19047619047619047,0.5161720182979381
rat195_or30,run-1783974638_i0,0.4642857142857143,0.5007247489910769
rat195_or30,run-1783974638_i0,0.2,0.4729836084759029
rat195_or30,run-1783974638_i0,0.17391304347826086,0.49960437117984813
rat195_or30,run-1783974638_i0,0.045454545454545456,0.42764803386744077
rat195_or30,run-1783974638_i0,0.125,0.47263574308471457
rat195_or30,run-1783974638_i0,0.0,0.3760913442802217
rat195_or30,run-1783974638_i0,0.7894736842105263,0.5586465561948979
rat195_or30,run-1783974638_i0,1.0,0.6681718307408963
rat195_or30,run-1783974638_i0,0.25,0.46736520297278894
rat195_or30,run-1783974638_i0,0.0,0.4510199211774124
rat195_or30,run-1783974638_i0,0.9545454545454546,0.6655904583875162
rat195_or30,run-1783974638_i0,0.5652173913043478,0.5492527995629951
rat195_or30,run-1783974638_i0,0.6785714285714286,0.5544212708866935
rat195_or30,run-1783974638_i0,0.24,0.4671126806905174
rat195_or30,run-1783974638_i0,0.07407407407407407,0.4260916395965122
rat195_or30,run-1783974638_i0,0.06666666666666667,0.5296837222815992
rat195_or30,run-1783974638_i0,0.14285714285714285,0.4484552795555999
rat195_or30,run-1783974638_i0,0.5,0.5086535658055863
rat195_or30,run-1783974638_i0,0.9230769230769231,0.6166897557418884
rat195_or30,run-1783974638_i0,0.08333333333333333,0.3561735739012979
rat195_or30,run-1783974638_i0,0.30434782608695654,0.5174111996134634
rat195_or30,run-1783974638_i0,0.23809523809523808,0.4796301581817362
rat195_or30,run-1783974638_i0,0.21428571428571427,0.4393902382100792
rat195_or30,run-1783974638_i0,0.65,0.5042256904319825
rat195_or30,run-1783974638_i0,0.72,0.5637619181155357
rat195_or30,run-1783974638_i0,0.125,0.4226352380688585
rat195_or30,run-1783974638_i0,0.25925925925925924,0.524724711232485
rat195_or30,run-1783974638_i0,0.6666666666666666,0.5794237038332313
rat195_or30,run-1783974638_i0,0.9130434782608695,0.6580196094238094
rat195_or30,run-1783974638_i0,0.75,0.577173720664063
rat195_or30,run-1783974638_i0,0.15384615384615385,0.458351233241982
rat195_or30,run-1783974638_i0,0.10714285714285714,0.3736116194722656
rat195_or30,run-1783974638_i0,0.7083333333333334,0.5626112850551753
rat195_or30,run-1783974638_i0,0.2727272727272727,0.507029312803366
rat195_or30,run-1783974638_i0,0.35,0.5312888924498571
rat195_or30,run-1783974638_i0,0.21739130434782608,0.48086699138254024
rat195_or30,run-1783974638_i0,0.14285714285714285,0.5650057864281957
rat195_or30,run-1783974638_i0,0.9615384615384616,0.6698093744842383
rat195_or30,run-1783974638_i0,1.0,0.6848480138375758
rat195_or30,run-1783974638_i0,0.25,0.5263053630557761
rat195_or30,run-1783974638_i0,0.6956521739130435,0.5777808215984332
rat195_or30,run-1783974638_i0,0.2,0.5063967206417851
rat195_or30,run-1783974638_i0,0.15789473684210525,0.5028640052658483
rat195_or30,run-1783974638_i0,0.76,0.5722863741339491
rat195_or30,run-1783974638_i0,0.6071428571428571,0.5044484315620821
rat195_or30,run-1783974638_i0,0.6086956521739131,0.509101102216665
rat195_or30,run-1783974638_i0,0.22727272727272727,0.46508564291661714
rat195_or30,run-1783974638_i0,0.2608695652173913,0.5470579439252337
rat195_or30,run-1783974638_i0,0.8571428571428571,0.6002893515156092
rat195_or30,run-1783974638_i0,0.25,0.49738165680473373
rat195_or30,run-1783974638_i0,0.5185185185185185,0.4805098632601404
rat195_or30,run-1783974638_i0,0.2857142857142857,0.5002618858668206
rat195_or30,run-1783974638_i0,0.15384615384615385,0.4225459953261101
rat195_or30,run-1783974638_i0,0.76,0.5548419844163575
rat195_or30,run-1783974638_i0,0.7,0.5535690541335311
rat195_or30,run-1783974638_i0,0.7407407407407407,0.5450220308244575
rat195_or30,run-1783974638_i0,0.04,0.3569393907890633
rat195_or30,run-1783974638_i0,0.13636363636363635,0.5083034906143009
rat195_or30,run-1783974638_i0,0.5416666666666666,0.5552896584058057
rat195_or30,run-1783974638_i0,0.8181818181818182,0.5731693321024924
rat195_or30,run-1783974638_i0,0.16,0.4656400849584862
rat195_or30,run-1783974638_i0,0.037037037037037035,0.40287305532541656
rat195_or30,run-1783974638_i0,0.34615384615384615,0.538555781043943
rat195_or30,run-1783974638_i0,0.34782608695652173,0.5258294304063718
rat195_or30,run-1783974638_i0,0.15,0.5355253492650918
rat195_or30,run-1783974638_i0,0.3157894736842105,0.49270545839351343
rat195_or30,run-1783974638_i0,0.6785714285714286,0.535427391640972
rat195_or30,run-1783974638_i0,1.0,0.5432984815428573
rat195_or30,run-1783974638_i0,0.07692307692307693,0.4354684268209274
rat195_or30,run-1783974638_i0,0.4444444444444444,0.5325569224542771
rat195_or30,run-1783974638_i0,0.2857142857142857,0.4919047691419193
rat195_or30,run-1783974638_i0,0.2222222222222222,0.41111084679369764
rat195_or30,run-1783974638_i0,0.42857142857142855,0.46508629652734457
rat195_or30,run-1783974638_i0,0.043478260869565216,0.3481234393404004
rat195_or30,run-1783974638_i0,0.65,0.5186711317862954
rat195_or30,run-1783974638_i0,0.25,0.47208030634918136
rat195_or30,run-1783974638_i0,0.13636363636363635,0.4043076098513992
rat195_or30,run-1783974638_i0,0.09090909090909091,0.37057517676569035
rat195_or30,run-1783974638_i0,0.09523809523809523,0.4823130017007365
rat195_or30,run-1783974638_i0,0.76,0.5419037234420063
rat195_or30,run-1783974638_i0,0.8571428571428571,0.6127247579529737
rat195_or30,run-1783974638_i0,0.32,0.48030383970845447
rat195_or30,run-1783974638_i0,0.36363636363636365,0.5007515262228251
rat195_or30,run-1783974638_i0,0.1,0.41785951808461647
rat195_or30,run-1783974638_i0,1.0,0.6082685106480737
rat195_or30,run-1783974638_i0,0.9473684210526315,0.6418809662726331
rat195_or30,run-1783974638_i0,0.08695652173913043,0.4247833727728285
rat195_or30,run-1783974638_i0,0.07407407407407407,0.35233503549181516
rat195_or30,run-1783974638_i0,0.7777777777777778,0.5517632168991281
rat195_or30,run-1783974638_i0,0.76,0.580241503554387
rat195_or30,run-1783974638_i0,0.4166666666666667,0.5148697508896798
rat195_or30,run-1783974638_i0,0.4,0.5070701929212041
rat195_or30,run-1783974638_i0,0.6363636363636364,0.5192925757586176
rat195_or30,run-1783974638_i0,0.14285714285714285,0.4527635856943799
rat195_or30,run-1783974638_i0,0.5454545454545454,0.4844472630810881
rat195_or30,run-1783974638_i0,0.08695652173913043,0.40665313564278094
rat195_or30,run-1783974638_i0,0.2,0.43897162189300665
rat195_or30,run-1783974638_i0,0.4166666666666667,0.5715772427188324
rat195_or30,run-1783974638_i0,0.6666666666666666,0.5336724604673682
rat195_or30,run-1783974638_i0,0.08333333333333333,0.44212415107045194
rat195_or30,run-1783974638_i0,0.17857142857142858,0.4641719111901365
rat195_or30,run-1783974638_i0,0.7272727272727273,0.5404242873564
rat195_or30,run-1783974638_i0,0.96,0.6313017084298715
rat195_or30,run-1783974638_i0,0.46153846153846156,0.5192915297412549
rat195_or30,run-1783974638_i0,0.782608695652174,0.5396739096235047
rat195_or30,run-1783974638_i0,0.7407407407407407,0.5612885186103115
rat195_or30,run-1783974638_i0,1.0,0.7229602122830799
rat195_or30,run-1783974638_i0,0.25,0.520774167996552
rat195_or30,run-1783974638_i0,1.0,0.7092245915168596
rat195_or30,run-1783974638_i0,0.5416666666666666,0.5318265611528945
rat195_or30,run-1783974638_i0,0.21739130434782608,0.47396557000765105
rat195_or30,run-1783974638_i0,0.07142857142857142,0.4344681944741914
rat195_or30,run-1783974638_i0,0.35,0.4960732332478946
rat195_or30,run-1783974638_i0,0.32,0.5014049864756912
rat195_or30,run-1783974638_i0,0.68,0.48992743324131527
rat195_or30,run-1783974638_i0,1.0,0.6635904511791185
rat195_or30,run-1783974638_i0,0.9047619047619048,0.6359505549320363
rat195_or30,run-1783974638_i0,0.3333333333333333,0.5116136607279596
rat195_or30,run-1783974638_i0,0.9259259259259259,0.6999580284389123
rat195_or30,run-1783974638_i0,0.10714285714285714,0.36772256092045513
rat195_or30,run-1783974638_i0,0.5,0.5179012816336149
rat195_or30,run-1783974638_i0,0.13636363636363635,0.3386092146312791
rat195_or30,run-1783974638_i0,0.9047619047619048,0.6267279660070517
rat195_or30,run-1783974638_i0,0.05,0.2998712459202922
rat195_or30,run-1783974638_i0,0.8260869565217391,0.5738493749389589
rat195_or30,run-1783974638_i0,0.2857142857142857,0.45441959775920654
rat195_or30,run-1783974638_i0,0.8571428571428571,0.5209615674085766
rat195_or30,run-1783974638_i0,0.22727272727272727,0.5490819167682618
rat195_or30,run-1783974638_i0,0.23076923076923078,0.4867456135585855
rat195_or30,run-1783974638_i0,0.7272727272727273,0.5402945987976383
rat195_or30,run-1783974638_i0,0.07142857142857142,0.4060943150969591
rat195_or30,run-1783974638_i0,0.4,0.46431169783645027
rat195_or30,run-1783974638_i0,0.7037037037037037,0.535123075981309
rat195_or30,run-1783974638_i0,0.23809523809523808,0.44650028421748006
rat195_or30,run-1783974638_i0,0.6,0.514862844651294
rat195_or30,run-1783974638_i0,0.08695652173913043,0.4037987055654116
rat195_or30,run-1783974638_i0,0.8333333333333334,0.5930042257556224
rat195_or30,run-1783974638_i0,0.15,0.46147038428001563
rat195_or30,run-1783974638_i0,0.7142857142857143,0.5664471453862864
rat195_or30,run-1783974638_i0,1.0,0.7529061519653072
rat195_or30,run-1783974638_i0,0.28,0.46952639840728977
rat195_or30,run-1783974638_i0,0.8148148148148148,0.6033621049700681
rat195_or30,run-1783974638_i0,0.8928571428571429,0.6488559508124725
rat195_or30,run-1783974638_i0,0.75,0.5314313575795679
rat195_or30,run-1783974638_i0,0.8148148148148148,0.5829327850630914
rat195_or30,run-1783974638_i0,0.9230769230769231,0.6764578046717419
rat195_or30,run-1783974638_i0,0.09523809523809523,0.3967798804506515
rat195_or30,run-1783974638_i0,0.5384615384615384,0.5884435253863038
rat195_or30,run-1783974638_i0,0.11538461538461539,0.4138229956575281
rat195_or30,run-1783974638_i0,0.6363636363636364,0.515947121936372
rat195_or30,run-1783974638_i0,0.16,0.45259630008127266
rat195_or30,run-1783974638_i0,0.5,0.5308452821049783
rat195_or30,run-1783974638_i0,0.7307692307692307,0.5406087856591881
rat195_or30,run-1783974638_i0,0.23809523809523808,0.49780330709254583
rat195_or30,run-1783974638_i0,0.75,0.5273879828791245
rat195_or30,run-1783974638_i0,0.5357142857142857,0.5086122682003679
rat195_or30,run-1783974638_i0,0.25925925925925924,0.4630992031376455
rat195_or30,run-1783974638_i0,0.08333333333333333,0.44451358656752865
rat195_or30,run-1783974638_i0,0.0,0.4286829756709905
rat195_or30,run-1783974638_i0,0.46153846153846156,0.5144775131804566
rat195_or30,run-1783974638_i0,0.3333333333333333,0.5242824026484997
rat195_or30,run-1783974638_i0,0.782608695652174,0.5704750329799189
rat195_or30,run-1783974638_i0,0.12,0.4348579135413955
rat195_or30,run-1783974638_i0,0.0,0.2799735650449893
rat195_or30,run-1783974638_i0,1.0,0.6333148361784879
rat195_or30,run-1783974638_i0,0.19230769230769232,0.45066596674867204
rat195_or30,run-1783974638_i0,0.34782608695652173,0.5012534486129515
rat195_or30,run-1783974638_i0,0.6,0.5540347171014608
rat195_or30,run-1783974638_i0,0.7916666666666666,0.611691050174323
rat195_or30,run-1783974638_i0,0.6923076923076923,0.5187171113520375
rat195_or30,run-1783974638_i0,0.038461538461538464,0.3787899795769238
rat195_or30,run-1783974638_i0,0.5,0.5218093968677108
rat195_or30,run-1783974638_i0,0.16,0.45265522170040995
rat195_or30,run-1783974638_i0,0.3333333333333333,0.4896740863575482
rat195_or30,run-1783974638_i0,1.0,0.7250754161972713
rat195_or30,run-1783974638_i0,0.4166666666666667,0.5202532983017181
rat195_or30,run-1783974638_i0,1.0,0.731844142516119
rat195_or30,run-1783974638_i0,0.7857142857142857,0.5521525171705728
rat195_or30,run-1783974638_i0,0.08695652173913043,0.45091297480009496
rat195_or30,run-1783974638_i0,0.047619047619047616,0.4642818039834479
rat195_or30,run-1783974638_i0,0.68,0.5267855476923486
rat195_or30,run-1783974638_i0,0.7368421052631579,0.5954948230331202
rat195_or30,run-1783974638_i0,0.65,0.5787473672262231
rat195_or30,run-1783974638_i0,0.85,0.614986416268826
rat195_or30,run-1783974638_i0,0.6923076923076923,0.543791648014325
rat195_or30,run-1783974638_i0,0.5833333333333334,0.4664179258312547
rat195_or30,run-1783974638_i0,0.7142857142857143,0.5570626548023117
rat195_or30,run-1783974638_i0,0.08695652173913043,0.4532926012061966
rat195_or30,run-1783974638_i0,0.36363636363636365,0.5458939366392437
rat195_or30,run-1783974638_i0,0.8,0.5900515955733551
rat195_or30,run-1783974638_i0,0.7916666666666666,0.576713068313751
rat195_or30,run-1783974638_i0,0.68,0.5314388316663533
rat195_or30,run-1783974638_i0,0.3181818181818182,0.5107088495124065
rat195_or30,run-1783974638_i0,0.625,0.5234354727398206
rat195_or30,run-1783974638_i0,0.09090909090909091,0.4483147792086086
rat195_or30,run-1783974638_i0,0.07407407407407407,0.4363659292647406
rat195_or30,run-1783974638_i0,0.43478260869565216,0.45239893348706495
rat195_or30,run-1783974638_i0,0.0,0.41546637834241273
rat195_or30,run-1783974638_i0,0.85,0.6201571567641412
rat195_or30,run-1783974638_i0,0.0,0.39240704534105236
rat195_or30,run-1783974638_i0,0.04,0.42972694098401915
rat195_or30,run-1783974638_i0,0.9545454545454546,0.6516745381396412
rat195_or30,run-1783974638_i0,0.25,0.4773886943471736
rat195_or30,run-1783974638_i0,0.08695652173913043,0.43509095113918195
rat195_or30,run-1783974638_i0,0.6666666666666666,0.5491934686451461
rat195_or30,run-1783974638_i0,0.5769230769230769,0.5416317009882405
rat195_or30,run-1783974638_i0,0.6190476190476191,0.5199991059854275
rat195_or30,run-1783974638_i0,0.0,0.39102790175746477
rat195_or30,run-1783974638_i0,0.7142857142857143,0.5542157521073872
rat195_or30,run-1783974638_i0,0.23809523809523808,0.5054688139249451
rat195_or30,run-1783974638_i0,0.4074074074074074,0.48746965936673303
rat195_or30,run-1783974638_i0,0.28,0.48627631139325095
rat195_or30,run-1783974638_i0,0.0,0.3857812201185695
rat195_or30,run-1783974638_i0,0.09090909090909091,0.44880251966489737
rat195_or30,run-1783974638_i0,0.4642857142857143,0.495255702002407
rat195_or30,run-1783974638_i0,0.5,0.5095220014344175
rat195_or30,run-1783974638_i0,0.0,0.4171676747843017
rat195_or30,run-1783974638_i0,0.15384615384615385,0.5294212922692998
rat195_or30,run-1783974638_i0,0.782608695652174,0.563466137199443
rat195_or30,run-1783974638_i0,0.6666666666666666,0.5476578800144799
rat195_or30,run-1783974638_i0,0.6666666666666666,0.5805583594038983
rat195_or30,run-1783974638_i0,0.6785714285714286,0.573139402150052
rat195_or30,run-1783974638_i0,0.0,0.350051438028358
rat195_or30,run-1783974638_i0,0.18518518518518517,0.4731722926829269
rat195_or30,run-1783974638_i0,0.8518518518518519,0.603504681889911
rat195_or30,run-1783974638_i0,0.16666666666666666,0.39194587976189565
rat195_or30,run-1783974638_i0,0.8,0.5587870367745045
rat195_or30,run-1783974638_i0,0.03571428571428571,0.4342852058671502
rat195_or30,run-1783974638_i0,0.05263157894736842,0.49191943517048875
rat195_or30,run-1783974638_i0,0.7692307692307693,0.5948012232415902
rat195_or30,run-1783974638_i0,0.0,0.33176534296028876
rat195_or30,run-1783974638_i0,0.8148148148148148,0.5213270559800601
rat195_or30,run-1783974638_i0,0.5909090909090909,0.5451653749008684
rat195_or30,run-1783974638_i0,0.8181818181818182,0.5480532647934439
rat195_or30,run-1783974638_i0,0.45,0.5122604412140485
rat195_or30,run-1783974638_i0,0.043478260869565216,0.40704823053075606
rat195_or30,run-1783974638_i0,0.24,0.45667708139028784
rat195_or30,run-1783974638_i0,0.10714285714285714,0.41266129822612785
rat195_or30,run-1783974638_i0,0.875,0.5376993813137416
rat195_or30,run-1783974638_i0,1.0,0.675198292391144
rat195_or30,run-1783974638_i0,0.15,0.5476053505195887
rat195_or30,run-1783974638_i0,0.25,0.4846133875322672
rat195_or30,run-1783974638_i0,0.9130434782608695,0.5757990561729335
rat195_or30,run-1783974638_i0,0.5652173913043478,0.5288910194950462
rat195_or30,run-1783974638_i0,0.38095238095238093,0.5164538556555497
rat195_or30,run-1783974638_i0,1.0,0.7361492582197273
rat195_or30,run-1783974638_i0,0.8,0.5373323748529605
rat195_or30,run-1783974638_i0,0.2,0.45054700004661935
rat195_or30,run-1783974638_i0,0.5,0.512459840469728
rat195_or30,run-1783974638_i0,0.7692307692307693,0.5414710454971797
rat195_or30,run-1783974638_i0,0.045454545454545456,0.46764034836652085
rat195_or30,run-1783974638_i0,0.22727272727272727,0.49032668385455486
rat195_or30,run-1783974638_i0,0.5454545454545454,0.5125735278941611
rat195_or30,run-1783974638_i0,0.09523809523809523,0.45366047943443666
rat195_or30,run-1783974638_i0,0.041666666666666664,0.40451658112191036
rat195_or30,run-1783974638_i0,0.5714285714285714,0.4998963759789651
rat195_or30,run-1783974638_i0,0.05263157894736842,0.420725520876225
rat195_or30,run-1783974638_i0,0.0,0.30628908731977234
rat195_or30,run-1783974638_i0,0.8421052631578947,0.5429961502887284
rat195_or30,run-1783974638_i0,0.0,0.40206560812153397
rat195_or30,run-1783974638_i0,0.8076923076923077,0.5264213157474871
rat195_or30,run-1783974638_i0,0.38095238095238093,0.5121909449711927
rat195_or30,run-1783974638_i0,0.0,0.4649746441608074
rat195_or30,run-1783974638_i0,0.52,0.5169966645376481
rat195_or30,run-1783974638_i0,0.0,0.42900632874450717
rat195_or30,run-1783974638_i0,0.7692307692307693,0.5471237554084345
rat195_or30,run-1783974638_i0,0.5714285714285714,0.5065201769711999
rat195_or30,run-1783974638_i0,0.8333333333333334,0.561913735866011
rat195_or30,run-1783974638_i0,0.0,0.42134776069518715
rat195_or30,run-1783974638_i0,0.07407407407407407,0.39810363531071824
rat195_or30,run-1783974638_i0,0.6956521739130435,0.535043514353953
rat195_or30,run-1783974638_i0,0.8181818181818182,0.511303675690869
rat195_or30,run-1783974638_i0,0.44,0.5394120616908485
rat195_or30,run-1783974638_i0,0.7307692307692307,0.5387762641732495
rat195_or30,run-1783974638_i0,0.9629629629629629,0.657563171520709
rat195_or30,run-1783974638_i0,0.25,0.4205812849055886
rat195_or30,run-1783974638_i0,0.9259259259259259,0.6534709087460852
rat195_or30,run-1783974638_i0,0.6190476190476191,0.5110594247071811
rat195_or30,run-1783974638_i0,0.043478260869565216,0.46369923857868023
rat195_or30,run-1783974638_i0,0.3076923076923077,0.505471896929251
rat195_or30,run-1783974638_i0,0.4,0.5005569900405755
rat195_or30,run-1783974638_i0,0.47619047619047616,0.4878299789248028
rat195_or30,run-1783974638_i0,0.8333333333333334,0.5544917745345779
rat195_or30,run-1783974638_i0,0.4,0.4816323825095561
rat195_or30,run-1783974638_i0,0.5357142857142857,0.5383143577809055
rat195_or30,run-1783974638_i0,0.5263157894736842,0.5127281648675172
rat195_or30,run-1783974638_i0,0.2857142857142857,0.4812915755167642
rat195_or30,run-1783974638_i0,0.3181818181818182,0.4954654760388652
rat195_or30,run-1783974638_i0,0.8260869565217391,0.5432158314647755
rat195_or30,run-1783974638_i0,0.0,0.3348199033516338
rat195_or30,run-1783974638_i0,0.6923076923076923,0.5273157805716863
rat195_or30,run-1783974638_i0,0.6071428571428571,0.4998450424187534
rat195_or30,run-1783974638_i0,0.13043478260869565,0.46313889080949855
rat195_or30,run-1783974638_i0,0.0,0.4415136472307079
rat195_or30,run-1783974638_i0,0.5,0.5699059509039348
rat195_or30,run-1783974638_i0,0.8148148148148148,0.5284896799400134
rat195_or30,run-1783974638_i0,0.2857142857142857,0.4736812040154158
rat195_or30,run-1783974638_i0,0.8421052631578947,0.5454064343935212
rat195_or30,run-1783974638_i0,0.8571428571428571,0.5440260680666185
rat195_or30,run-1783974638_i0,0.0,0.3906909555124426
rat195_or30,run-1783974638_i0,0.11538461538461539,0.45976464918269805
rat195_or30,run-1783974638_i0,0.9,0.5861237359219071
rat195_or30,run-1783974638_i0,0.0,0.4226011616396114
rat195_or30,run-1783974638_i0,0.391304347826087,0.4702222518953725
rat195_or30,run-1783974638_i0,0.8636363636363636,0.5514049015305648
rat195_or30,run-1783974638_i0,0.5238095238095238,0.4808068026522246
rat195_or30,run-1783974638_i0,0.9583333333333334,0.6145661422884645
rat195_or30,run-1783974638_i0,0.23809523809523808,0.46731618183353685
rat195_or30,run-1783974638_i0,0.2,0.47680389069879825
rat195_or30,run-1783974638_i0,0.2222222222222222,0.43577444648721697
rat195_or30,run-1783974638_i0,0.68,0.4853258657911617
rat195_or30,run-1783974638_i0,0.5185185185185185,0.46038297414565926
rat195_or30,run-1783974638_i0,0.36,0.45263079909318554
rat195_or30,run-1783974638_i0,0.25,0.4899205633723043
rat195_or30,run-1783974638_i0,0.8695652173913043,0.5466103285169823
rat195_or30,run-1783974638_i0,0.07692307692307693,0.4251589434624098
rat195_or30,run-1783974638_i0,0.7142857142857143,0.5067510718925213
rat195_or30,run-1783974638_i0,0.6956521739130435,0.5488410715575132
rat195_or30,run-1783974638_i0,0.32,0.47104236049367826
rat195_or30,run-1783974638_i0,0.8,0.6187046999602137
rat195_or30,run-1783974638_i0,0.2916666666666667,0.4997291389119922
rat195_or30,run-1783974638_i0,0.0,0.4011017968470246
rat195_or30,run-1783974638_i0,0.10714285714285714,0.46403483688592223
rat195_or30,run-1783974638_i0,0.0,0.38896173592601213
rat195_or30,run-1783974638_i0,0.17857142857142858,0.4112041197207437
rat195_or30,run-1783974638_i0,0.5185185185185185,0.5299196548028495
rat195_or30,run-1783974638_i0,0.7272727272727273,0.5293804462973721
rat195_or30,run-1783974638_i0,0.0,0.3446991376678876
rat195_or30,run-1783974638_i0,0.6666666666666666,0.5423037557698955
rat195_or30,run-1783974638_i0,0.38461538461538464,0.4974643108135927
rat195_or30,run-1783974638_i0,0.5454545454545454,0.5136388005040835
rat195_or30,run-1783974638_i0,1.0,0.7027317945406681
rat195_or30,run-1783974638_i0,0.95,0.6209852289261673
rat195_or30,run-1783974638_i0,0.1,0.4669736621773557
rat195_or30,run-1783974638_i0,0.037037037037037035,0.47516076687300923
rat195_or30,run-1783974638_i0,1.0,0.685033134370447
rat195_or30,run-1783974638_i0,0.12,0.45781113285289304
rat195_or30,run-1783974638_i0,0.0,0.3001425647888613
rat195_or30,run-1783974638_i0,1.0,0.7218114886351176
rat195_or30,run-1783974638_i0,0.76,0.6186478197707934
rat195_or30,run-1783974638_i0,0.4444444444444444,0.5158664035664694
rat195_or30,run-1783974638_i0,0.5416666666666666,0.48565634192766916
rat195_or30,run-1783974638_i0,0.35714285714285715,0.4943753934443029
rat195_or30,run-1783974638_i0,0.0,0.37936736740321597
rat195_or30,run-1783974638_i0,0.8148148148148148,0.5793350946958394
rat195_or30,run-1783974638_i0,0.7083333333333334,0.5664689371986953
rat195_or30,run-1783974638_i0,0.7272727272727273,0.5799316013155513
rat195_or30,run-1783974638_i0,0.8846153846153846,0.6081121321126777
rat195_or30,run-1783974638_i0,0.0,0.4247980223345187
rat195_or30,run-1783974638_i0,0.3333333333333333,0.4903780668820396
rat195_or30,run-1783974638_i0,0.8571428571428571,0.527639038115647
rat195_or30,run-1783974638_i0,0.15,0.4828650359445008
rat195_or30,run-1783974638_i0,0.0,0.39963690691778336
rat195_or30,run-1783974638_i0,0.38461538461538464,0.4739303363562281
rat195_or30,run-1783974638_i0,0.391304347826087,0.4677644486378817
rat195_or30,run-1783974638_i0,0.08333333333333333,0.529481446267972
rat195_or30,run-1783974638_i0,0.8,0.5674794963261075
rat195_or30,run-1783974638_i0,0.10526315789473684,0.45663880151656144
rat195_or30,run-1783974638_i0,0.39285714285714285,0.4870687317323048
rat195_or30,run-1783974638_i0,0.7916666666666666,0.5788404799078654
rat195_or30,run-1783974638_i0,0.9090909090909091,0.6108838385185265
rat195_or30,run-1783974638_i0,0.7272727272727273,0.5874367101880869
rat195_or30,run-1783974638_i0,1.0,0.679998655202266
rat195_or30,run-1783974638_i0,0.7142857142857143,0.500427735869684
rat195_or30,run-1783974638_i0,0.24,0.4588071848286543
rat195_or30,run-1783974638_i0,0.4,0.4936894584761877
rat195_or30,run-1783974638_i0,0.3333333333333333,0.4845286102812128
rat195_or30,run-1783974638_i0,0.8461538461538461,0.5696407257101933
rat195_or30,run-1783974638_i0,0.8695652173913043,0.6232220126483967
rat195_or30,run-1783974638_i0,0.8888888888888888,0.6097105485274719
rat195_or30,run-1783974638_i0,0.39285714285714285,0.46745388873453153
rat195_or30,run-1783974638_i0,0.0,0.376049934989953
rat195_or30,run-1783974638_i0,0.6538461538461539,0.546750103041524
rat195_or30,run-1783974638_i0,0.6363636363636364,0.5404942977858256
rat195_or30,run-1783974638_i0,0.125,0.4798972893659742
rat195_or30,run-1783974638_i0,0.07407407407407407,0.42424914004073033
rat195_or30,run-1783974638_i0,0.42857142857142855,0.5091176359015211
rat195_or30,run-1783974638_i0,0.8,0.5505410377270841
rat195_or30,run-1783974638_i0,0.4074074074074074,0.5006109147229014
rat195_or30,run-1783974638_i0,1.0,0.6584953197445543
rat195_or30,run-1783974638_i0,0.43478260869565216,0.4979396448784348
rat195_or30,run-1783974638_i0,0.07142857142857142,0.43210922711988947
rat195_or30,run-1783974638_i0,0.4,0.5015809459080096
rat195_or30,run-1783974638_i0,0.2692307692307692,0.436626015956214
rat195_or30,run-1783974638_i0,0.3181818181818182,0.4875095218891427
rat195_or30,run-1783974638_i0,0.9523809523809523,0.643508038387498
rat195_or30,run-1783974638_i0,0.34782608695652173,0.501422702070231
rat195_or30,run-1783974638_i0,0.3,0.4792233420787999
rat195_or30,run-1783974638_i0,0.65,0.5492053965355417
rat195_or30,run-1783974638_i0,0.92,0.588027790067801
rat195_or30,run-1783974638_i0,0.0,0.40271715487238985
rat195_or30,run-1783974638_i0,0.9166666666666666,0.5329938299473288
rat195_or30,run-1783974638_i0,0.6071428571428571,0.5302120666224203
rat195_or30,run-1783974638_i0,0.5769230769230769,0.5298618819841093
rat195_or30,run-1783974638_i0,0.7391304347826086,0.5519016361320662
rat195_or30,run-1783974638_i0,0.3333333333333333,0.4813859579591257
rat195_or30,run-1783974638_i0,1.0,0.6568695500683104
rat195_or30,run-1783974638_i0,0.6666666666666666,0.48270244981286153
rat195_or30,run-1783974638_i0,0.2857142857142857,0.4588609809529605
rat195_or30,run-1783974638_i0,0.34782608695652173,0.4806903834249718
rat195_or30,run-1783974638_i0,0.7037037037037037,0.5460278050439146
rat195_or30,run-1783974638_i0,1.0,0.6937747268969588
rat195_or30,run-1783974638_i0,0.9230769230769231,0.6104070367787383
rat195_or30,run-1783974638_i0,0.8095238095238095,0.5467552585901192
rat195_or30,run-1783974638_i0,0.36363636363636365,0.4806793703396852
rat195_or30,run-1783974638_i0,1.0,0.6999905036013265
rat195_or30,run-1783974638_i0,0.3333333333333333,0.48360226044800086
rat195_or30,run-1783974638_i0,0.625,0.56512161703224
rat195_or30,run-1783974638_i0,0.6190476190476191,0.544019952162253
rat195_or30,run-1783974638_i0,0.9545454545454546,0.5970967777123285
rat195_or30,run-1783974638_i0,0.42857142857142855,0.4897113326721303
rat195_or30,run-1783974638_i0,0.56,0.53167811985523
rat195_or30,run-1783974638_i0,0.11538461538461539,0.46573319090399085
rat195_or30,run-1783974638_i0,0.5416666666666666,0.5571105641903641
rat195_or30,run-1783974638_i0,0.5454545454545454,0.5054359245524563
rat195_or30,run-1783974638_i0,0.6956521739130435,0.5482226133429258
rat195_or30,run-1783974638_i0,0.8421052631578947,0.5690364907165216
rat195_or30,run-1783974638_i0,0.75,0.5893693780622473
rat195_or30,run-1783974638_i0,0.2222222222222222,0.4826174773920095
rat195_or30,run-1783974638_i0,0.0,0.35811151182094
rat195_or30,run-1783974638_i0,0.038461538461538464,0.36237877762742443
rat195_or30,run-1783974638_i0,0.6666666666666666,0.49205843840769964
rat195_or30,run-1783974638_i0,0.64,0.5277958674621634
rat195_or30,run-1783974638_i0,0.5263157894736842,0.506316617636998
rat195_or30,run-1783974638_i0,0.4166666666666667,0.523194485642047
rat195_or30,run-1783974638_i0,0.16666666666666666,0.4792659789379892
rat195_or30,run-1783974638_i0,0.34782608695652173,0.486152223639486
rat195_or30,run-1783974638_i0,0.7692307692307693,0.5467347331920632
rat195_or30,run-1783974638_i0,0.75,0.5578768232396991
rat195_or30,run-1783974638_i0,0.9130434782608695,0.5866714443344823
rat195_or30,run-1783974638_i0,0.1111111111111111,0.4573006086475378
rat195_or30,run-1783974638_i0,0.64,0.5147925357325
rat195_or30,run-1783974638_i0,0.11538461538461539,0.43475928571998756
rat195_or30,run-1783974638_i0,0.2,0.49500932251479446
rat195_or30,run-1783974638_i0,0.7368421052631579,0.5661338819433455
rat195_or30,run-1783974638_i0,0.8888888888888888,0.5689338928975746
rat195_or30,run-1783974638_i0,0.4090909090909091,0.5232434216068971
rat195_or30,run-1783974638_i0,0.2857142857142857,0.45158211129039166
rat195_or30,run-1783974638_i0,0.625,0.607633542047395
rat195_or30,run-1783974638_i0,0.6842105263157895,0.552365156434388
rat195_or30,run-1783974638_i0,0.5909090909090909,0.522689678765235
rat195_or30,run-1783974638_i0,0.95,0.6211775846133782
rat195_or30,run-1783974638_i0,0.9130434782608695,0.5970681356915047
rat195_or30,run-1783974638_i0,0.08333333333333333,0.38397994384275974
rat195_or30,run-1783974638_i0,0.39285714285714285,0.49698424079249637
rat195_or30,run-1783974638_i0,0.6296296296296297,0.5808180076868185
rat195_or30,run-1783974638_i0,0.2777777777777778,0.5323096336941803
rat195_or30,run-1783974638_i0,0.5,0.52279501788609
rat195_or30,run-1783974638_i0,0.15789473684210525,0.4355350087054689
rat195_or30,run-1783974638_i0,0.0,0.42763712938232074
rat195_or30,run-1783974638_i0,0.5789473684210527,0.5374047905037801
rat195_or30,run-1783974638_i0,0.7,0.5476131949602034
rat195_or30,run-1783974638_i0,0.0,0.41921792065784685
rat195_or30,run-1783974638_i0,0.5714285714285714,0.5051451614013115
rat195_or30,run-1783974638_i0,0.15,0.4569105498988085
rat195_or30,run-1783974638_i0,0.15789473684210525,0.47903910580025627
rat195_or30,run-1783974638_i0,0.47058823529411764,0.5161331861662987
rat195_or30,run-1783974638_i0,0.8181818181818182,0.5724212229052087
rat195_or30,run-1783974638_i0,0.375,0.5112377815926847
rat195_or30,run-1783974638_i0,1.0,0.6965039367059486
rat195_or30,run-1783974638_i0,0.05555555555555555,0.42043225884009683
rat195_or30,run-1783974638_i0,1.0,0.7097844708483007
rat195_or30,run-1783974638_i0,0.5882352941176471,0.5577569785452988
rat195_or30,run-1783974638_i0,0.42857142857142855,0.5224025572282944
rat195_or30,run-1783974638_i0,0.4375,0.4900538822879248
rat195_or30,run-1783974638_i0,0.7,0.5846836544135091
rat195_or30,run-1783974638_i0,0.05263157894736842,0.4064103561885491
rat195_or30,run-1783974638_i0,0.3333333333333333,0.45439633526633594
rat195_or30,run-1783974638_i0,0.8571428571428571,0.5742235639551714
rat195_or30,run-1783974638_i0,0.17391304347826086,0.5838064018079905
rat195_or30,run-1783974638_i0,0.42857142857142855,0.5177981390723773
rat195_or30,run-1783974638_i0,0.7647058823529411,0.5939467919370147
rat195_or30,run-1783974638_i0,0.20833333333333334,0.4885621946636603
rat195_or30,run-1783974638_i0,0.15789473684210525,0.49996417655622377
rat195_or30,run-1783974638_i0,0.7272727272727273,0.5403459228107245
rat195_or30,run-1783974638_i0,0.8636363636363636,0.5941683500885647
rat195_or30,run-1783974638_i0,0.23076923076923078,0.48994848948907144
rat195_or30,run-1783974638_i0,0.4,0.44872716533164303
rat195_or30,run-1783974638_i0,0.0,0.39253676700390217
rat195_or30,run-1783974638_i0,0.125,0.4200687576854465
rat195_or30,run-1783974638_i0,0.85,0.5813380520980903
rat195_or30,run-1783974638_i0,0.6666666666666666,0.5663090396466978
rat195_or30,run-1783974638_i0,0.3333333333333333,0.5079989134105692
rat195_or30,run-1783974638_i0,1.0,0.652902347349783
rat195_or30,run-1783974638_i0,0.3,0.4985738261236018
rat195_or30,run-1783974638_i0,0.8571428571428571,0.6012378925903761
rat195_or30,run-1783974638_i0,0.3333333333333333,0.5248950312415491
rat195_or30,run-1783974638_i0,0.07692307692307693,0.4247603571663055
rat195_or30,run-1783974638_i0,0.0,0.337084716870572
rat195_or30,run-1783974638_i0,1.0,0.6587587732147204
rat195_or30,run-1783974638_i0,0.2631578947368421,0.57434241215241
rat195_or30,run-1783974638_i0,0.5,0.5405969948116703
rat195_or30,run-1783974638_i0,0.6923076923076923,0.5519175512024876
rat195_or30,run-1783974638_i0,0.23529411764705882,0.48332327253555035
rat195_or30,run-1783974638_i0,0.9,0.5657421320034378
rat195_or30,run-1783974638_i0,0.3,0.5105972742534988
rat195_or30,run-1783974638_i0,0.7857142857142857,0.5847633265456544
rat195_or30,run-1783974638_i0,0.0625,0.3833327553921909
rat195_or30,run-1783974638_i0,0.5555555555555556,0.5169293281679951
rat195_or30,run-1783974638_i0,0.5454545454545454,0.5386770109710319
rat195_or30,run-1783974638_i0,0.88,0.5983435576621828
rat195_or30,run-1783974638_i0,0.5,0.5479740134426901
rat195_or30,run-1783974638_i0,0.2222222222222222,0.48405140009455383
rat195_or30,run-1783974638_i0,0.08,0.4493035104372023
rat195_or30,run-1783974638_i0,0.8,0.5718958736500406
rat195_or30,run-1783974638_i0,0.4,0.5425552014027171
rat195_or30,run-1783974638_i0,0.15384615384615385,0.46425080100095883
rat195_or30,run-1783974638_i0,0.7368421052631579,0.5820185673064859
rat195_or30,run-1783974638_i0,0.2727272727272727,0.4707854836295203
rat195_or30,run-1783974638_i0,0.0,0.315177055953755
rat195_or30,run-1783974638_i0,0.23809523809523808,0.4409045608692644
rat195_or30,run-1783974638_i0,0.5789473684210527,0.5622848888742983
rat195_or30,run-1783974638_i0,0.125,0.4150424737514722
rat195_or30,run-1783974638_i0,0.4666666666666667,0.5254677094730587
rat195_or30,run-1783974638_i0,0.4583333333333333,0.4812600980703426
rat195_or30,run-1783974638_i0,0.18181818181818182,0.48564685129652496
rat195_or30,run-1783974638_i0,1.0,0.7718331278480531
rat195_or30,run-1783974638_i0,0.15384615384615385,0.4219359907376778
rat195_or30,run-1783974638_i0,0.9285714285714286,0.634479231542053
rat195_or30,run-1783974638_i0,0.16666666666666666,0.4354219581342965
rat195_or30,run-1783974638_i0,0.3333333333333333,0.5030271663769701
rat195_or30,run-1783974638_i0,0.7272727272727273,0.5646672149623808
rat195_or30,run-1783974638_i0,0.0,0.3721494652285752
rat195_or30,run-1783974638_i0,1.0,0.6463882659618196
rat195_or30,run-1783974638_i0,0.15384615384615385,0.436363411026927
rat195_or30,run-1783974638_i0,0.8181818181818182,0.5874652323784619
rat195_or30,run-1783974638_i0,0.3888888888888889,0.5427979464364433
rat195_or30,run-1783974638_i0,0.2,0.4686064947084624
rat195_or30,run-1783974638_i0,0.42857142857142855,0.5583871369036513
rat195_or30,run-1783974638_i0,0.125,0.46271789232317095
rat195_or30,run-1783974638_i0,0.36363636363636365,0.44107450067995996
rat195_or30,run-1783974638_i0,0.3333333333333333,0.5163364989428585
rat195_or30,run-1783974638_i0,0.125,0.4066709783124218
rat195_or30,run-1783974638_i0,0.5833333333333334,0.5092834186826769
rat195_or30,run-1783974638_i0,0.8,0.5662102081850311
rat195_or30,run-1783974638_i0,0.4444444444444444,0.5010679933665009
rat195_or30,run-1783974638_i0,0.38461538461538464,0.43153350181441164
rat195_or30,run-1783974638_i0,0.5,0.5237582770559351
rat195_or30,run-1783974638_i0,0.0,0.3131408631915475
rat195_or30,run-1783974638_i0,0.6,0.5926083901428766
rat195_or30,run-1783974638_i0,0.72,0.5920698589173865
rat195_or30,run-1783974638_i0,0.5,0.4513107228606375
rat195_or30,run-1783974638_i0,0.2857142857142857,0.44154389093205537
rat195_or30,run-1783974638_i0,0.5,0.4288595681706698
rat195_or30,run-1783974638_i0,1.0,0.728248990030259
rat195_or30,run-1783974638_i0,0.6666666666666666,0.46844023377061444
rat195_or30,run-1783974638_i0,0.9411764705882353,0.6285108248835297
rat195_or30,run-1783974638_i0,0.375,0.4555308126143085
rat195_or30,run-1783974638_i0,0.8571428571428571,0.6620595392275048
rat195_or30,run-1783974638_i0,0.1111111111111111,0.4176680077609885
rat195_or30,run-1783974638_i0,0.4230769230769231,0.5380474516139251
rat195_or30,run-1783974638_i0,1.0,0.5373438334223172
rat195_or30,run-1783974638_i0,1.0,0.666101094227617
rat195_or30,run-1783974638_i0,0.047619047619047616,0.4290742417383431
rat195_or30,run-1783974638_i0,0.0,0.2664262498670182
rat195_or30,run-1783974638_i0,0.6666666666666666,0.5186558565647482
rat195_or30,run-1783974638_i0,0.16666666666666666,0.4096080209592906
rat195_or30,run-1783974638_i0,0.875,0.5882621294381247
rat195_or30,run-1783974638_i0,0.8571428571428571,0.5775770808131473
rat195_or30,run-1783974638_i0,0.125,0.5019069522303675
rat195_or30,run-1783974638_i0,0.2727272727272727,0.4576763341147989
rat195_or30,run-1783974638_i0,0.09523809523809523,0.4398143264819564
rat195_or30,run-1783974638_i0,0.391304347826087,0.5208268194113793
rat195_or30,run-1783974638_i0,0.625,0.5466870570243803
rat195_or30,run-1783974638_i0,0.8823529411764706,0.5534687099568482
rat195_or30,run-1783974638_i0,0.5185185185185185,0.535883719640337
rat195_or30,run-1783974638_i0,0.85,0.5714123981625931
rat195_or30,run-1783974638_i0,1.0,0.49096019769525384
rat195_or30,run-1783974638_i0,0.47368421052631576,0.5201562401163894
rat195_or30,run-1783974638_i0,0.0,0.42507348363659286
rat195_or30,run-1783974638_i0,0.52,0.5316849966911417
rat195_or30,run-1783974638_i0,0.0,0.40704785410667765
rat195_or30,run-1783974638_i0,0.7307692307692307,0.5462409766807492
rat195_or30,run-1783974638_i0,0.16666666666666666,0.4404968070946805
rat195_or30,run-1783974638_i0,0.9285714285714286,0.6663846156970912
rat195_or30,run-1783974638_i0,0.21428571428571427,0.43270371643329997
rat195_or30,run-1783974638_i0,0.03571428571428571,0.43338376482898067
rat195_or30,run-1783974711_i0,0.2,0.4082308542833561
rat195_or30,run-1783974711_i0,0.0,0.48601413087293416
rat195_or30,run-1783974711_i0,0.3684210526315789,0.5267237730652364
rat195_or30,run-1783974711_i0,0.30434782608695654,0.5321413203937482
rat195_or30,run-1783974711_i0,0.84,0.5882139020678543
rat195_or30,run-1783974711_i0,0.9583333333333334,0.6393453623949812
rat195_or30,run-1783974711_i0,0.14814814814814814,0.44611190118878313
rat195_or30,run-1783974711_i0,0.14285714285714285,0.46287720280544586
rat195_or30,run-1783974711_i0,0.391304347826087,0.5278147129665484
rat195_or30,run-1783974711_i0,0.07692307692307693,0.4151719061297317
rat195_or30,run-1783974711_i0,0.1,0.494298824796571
rat195_or30,run-1783974711_i0,0.15789473684210525,0.42746692440359746
rat195_or30,run-1783974711_i0,0.375,0.5129074927183991
rat195_or30,run-1783974711_i0,0.0,0.2955714059148087
rat195_or30,run-1783974711_i0,0.3333333333333333,0.507467543138866
rat195_or30,run-1783974711_i0,0.5,0.582520927054268
rat195_or30,run-1783974711_i0,0.15,0.43975973909400984
rat195_or30,run-1783974711_i0,0.25925925925925924,0.5079941386085856
rat195_or30,run-1783974711_i0,0.92,0.6198938699091215
rat195_or30,run-1783974711_i0,1.0,0.6972856577246886
rat195_or30,run-1783974711_i0,0.0,0.43562664938191586
rat195_or30,run-1783974711_i0,0.09090909090909091,0.4273762814833565
rat195_or30,run-1783974711_i0,0.6111111111111112,0.5877100723590695
rat195_or30,run-1783974711_i0,0.9230769230769231,0.6204854386838562
rat195_or30,run-1783974711_i0,0.5263157894736842,0.5531921508384997
rat195_or30,run-1783974711_i0,0.7368421052631579,0.5717936247819422
rat195_or30,run-1783974711_i0,1.0,0.7462721770647412
rat195_or30,run-1783974711_i0,0.4,0.5204486771937564
rat195_or30,run-1783974711_i0,0.16,0.47458253186092314
rat195_or30,run-1783974711_i0,0.3076923076923077,0.5109054339224478
rat195_or30,run-1783974711_i0,0.14814814814814814,0.4181639023774989
rat195_or30,run-1783974711_i0,0.45,0.4973422816225466
rat195_or30,run-1783974711_i0,0.3333333333333333,0.4841980645846478
rat195_or30,run-1783974711_i0,0.5555555555555556,0.5680849322914536
rat195_or30,run-1783974711_i0,0.16,0.5164997053624042
rat195_or30,run-1783974711_i0,0.625,0.5638781879358268
rat195_or30,run-1783974711_i0,0.9615384615384616,0.6658161663533652
rat195_or30,run-1783974711_i0,0.45454545454545453,0.5385453875655372
rat195_or30,run-1783974711_i0,0.64,0.5763893134804318
rat195_or30,run-1783974711_i0,0.5789473684210527,0.5426286810762584
rat195_or30,run-1783974711_i0,0.9583333333333334,0.6556154996498003
rat195_or30,run-1783974711_i0,0.0,0.41644214858500567
rat195_or30,run-1783974711_i0,0.6666666666666666,0.5603050711665811
rat195_or30,run-1783974711_i0,0.782608695652174,0.5924310878431146
rat195_or30,run-1783974711_i0,0.2857142857142857,0.4692231523989558
rat195_or30,run-1783974711_i0,0.4,0.5241661719466781
rat195_or30,run-1783974711_i0,0.21052631578947367,0.4021849999588047
rat195_or30,run-1783974711_i0,0.45454545454545453,0.5688903940161376
rat195_or30,run-1783974711_i0,0.5833333333333334,0.5287782667504906
rat195_or30,run-1783974711_i0,0.5909090909090909,0.5219940920496776
rat195_or30,run-1783974711_i0,0.2692307692307692,0.48567994707438983
rat195_or30,run-1783974711_i0,0.44,0.5598597207894206
rat195_or30,run-1783974711_i0,0.047619047619047616,0.41939321407908187
rat195_or30,run-1783974711_i0,0.6818181818181818,0.5185758178203506
rat195_or30,run-1783974711_i0,1.0,0.6371653195251327
rat195_or30,run-1783974711_i0,0.6842105263157895,0.5756984926957289
rat195_or30,run-1783974711_i0,0.23809523809523808,0.46300517984148093
rat195_or30,run-1783974711_i0,0.3684210526315789,0.4798503249614452
rat195_or30,run-1783974711_i0,0.6666666666666666,0.5735178548039485
rat195_or30,run-1783974711_i0,0.5833333333333334,0.5443401843476269
rat195_or30,run-1783974711_i0,0.5,0.5440877744569085
rat195_or30,run-1783974711_i0,0.21052631578947367,0.5317061970472756
rat195_or30,run-1783974711_i0,0.47368421052631576,0.539802328763715
rat195_or30,run-1783974711_i0,0.8695652173913043,0.5694279681190103
rat195_or30,run-1783974711_i0,0.0,0.30818608906184924
rat195_or30,run-1783974711_i0,0.7,0.5606074744821549
rat195_or30,run-1783974711_i0,0.2,0.43986708425635934
rat195_or30,run-1783974711_i0,0.34615384615384615,0.5117193507492155
rat195_or30,run-1783974711_i0,0.6666666666666666,0.5390664160401003
rat195_or30,run-1783974711_i0,0.0,0.34762809374184084
rat195_or30,run-1783974711_i0,0.125,0.3759998574495951
rat195_or30,run-1783974711_i0,0.5263157894736842,0.5340156774916013
rat195_or30,run-1783974711_i0,0.2,0.4935608542218357
rat195_or30,run-1783974711_i0,0.24,0.4855396906718939
rat195_or30,run-1783974711_i0,0.9565217391304348,0.6287861165853605
rat195_or30,run-1783974711_i0,0.4444444444444444,0.5689202160697144
rat195_or30,run-1783974711_i0,0.4166666666666667,0.5448340374170186
rat195_or30,run-1783974711_i0,0.1111111111111111,0.39957686055670066
rat195_or30,run-1783974711_i0,0.07692307692307693,0.3603403720551534
rat195_or30,run-1783974711_i0,0.5652173913043478,0.5334483313487595
rat195_or30,run-1783974711_i0,0.35294117647058826,0.5294198072341347
rat195_or30,run-1783974711_i0,0.0,0.2865279769045459
rat195_or30,run-1783974711_i0,0.8,0.5564317321592126
rat195_or30,run-1783974711_i0,0.6923076923076923,0.5681433951860696
rat195_or30,run-1783974711_i0,0.6956521739130435,0.5447241905051202
rat195_or30,run-1783974711_i0,0.15,0.5111751335832203
rat195_or30,run-1783974711_i0,0.375,0.4912937009725932
rat195_or30,run-1783974711_i0,0.52,0.5215505001930111
rat195_or30,run-1783974711_i0,0.5652173913043478,0.5340714322368758
rat195_or30,run-1783974711_i0,0.1,0.4624766453835032
rat195_or30,run-1783974711_i0,1.0,0.7490237018735588
rat195_or30,run-1783974711_i0,0.2727272727272727,0.4383884002852389
rat195_or30,run-1783974711_i0,0.7368421052631579,0.5856762701433683
rat195_or30,run-1783974711_i0,0.8333333333333334,0.6092800994084119
rat195_or30,run-1783974711_i0,0.0,0.3969522604639819
rat195_or30,run-1783974711_i0,0.36,0.4877439215277053
rat195_or30,run-1783974711_i0,0.11764705882352941,0.44722389111853433
rat195_or30,run-1783974711_i0,0.85,0.5950611412264919
rat195_or30,run-1783974711_i0,0.125,0.4279857639860839
rat195_or30,run-1783974711_i0,0.045454545454545456,0.379796168809128
rat195_or30,run-1783974711_i0,0.8636363636363636,0.5920754758572042
rat195_or30,run-1783974711_i0,0.21052631578947367,0.44207331560351637
rat195_or30,run-1783974711_i0,0.6470588235294118,0.5239802790413988
rat195_or30,run-1783974711_i0,0.18181818181818182,0.45124096014771503
rat195_or30,run-1783974711_i0,0.47619047619047616,0.529862014209251
rat195_or30,run-1783974711_i0,0.9444444444444444,0.6556040895134998
rat195_or30,run-1783974711_i0,0.22727272727272727,0.4837366031019192
rat195_or30,run-1783974711_i0,0.0,0.3485433205454477
rat195_or30,run-1783974711_i0,0.5,0.519859671353275
rat195_or30,run-1783974711_i0,0.9545454545454546,0.640382311603294
rat195_or30,run-1783974711_i0,0.9130434782608695,0.593631374522353
rat195_or30,run-1783974711_i0,0.6,0.52657113364503
rat195_or30,run-1783974711_i0,0.4166666666666667,0.5129911076312184
rat195_or30,run-1783974711_i0,0.0,0.06620677822547168
rat195_or30,run-1783974711_i0,0.05263157894736842,0.3964758452747394
rat195_or30,run-1783974711_i0,0.375,0.4194767091354849
rat195_or30,run-1783974711_i0,0.6818181818181818,0.5383527372419813
rat195_or30,run-1783974711_i0,0.1111111111111111,0.47466464733881436
rat195_or30,run-1783974711_i0,0.9047619047619048,0.5656399961654929
rat195_or30,run-1783974711_i0,0.23809523809523808,0.46939697362983157
rat195_or30,run-1783974711_i0,0.13043478260869565,0.46436401208815975
rat195_or30,run-1783974711_i0,0.6190476190476191,0.563811651569975
rat195_or30,run-1783974711_i0,0.0,0.4525569917366001
rat195_or30,run-1783974711_i0,0.13043478260869565,0.4850025971895675
rat195_or30,run-1783974711_i0,0.23529411764705882,0.4505872452791864
rat195_or30,run-1783974711_i0,0.05,0.4294876839537262
rat195_or30,run-1783974711_i0,0.75,0.5505965280970206
rat195_or30,run-1783974711_i0,0.7619047619047619,0.5820045256424282
rat195_or30,run-1783974711_i0,0.2,0.46414573969890305
rat195_or30,run-1783974711_i0,0.25,0.4810420321916241
rat195_or30,run-1783974711_i0,0.7894736842105263,0.5753001080080234
rat195_or30,run-1783974711_i0,0.7777777777777778,0.5761295253809571
rat195_or30,run-1783974711_i0,0.2857142857142857,0.4780880106578131
rat195_or30,run-1783974711_i0,0.7647058823529411,0.5570398521972026
rat195_or30,run-1783974711_i0,0.0,0.2759806451813918
rat195_or30,run-1783974711_i0,0.3333333333333333,0.5000961531761902
rat195_or30,run-1783974711_i0,0.3888888888888889,0.5089101473922902
rat195_or30,run-1783974711_i0,0.6666666666666666,0.6377896958826719
rat195_or30,run-1783974711_i0,0.6521739130434783,0.5542102675749702
rat195_or30,run-1783974711_i0,0.9047619047619048,0.6285344027101764
rat195_or30,run-1783974711_i0,0.7368421052631579,0.5293594804533299
rat195_or30,run-1783974711_i0,0.13333333333333333,0.43891594260692185
rat195_or30,run-1783974711_i0,0.5,0.5215998524753193
rat195_or30,run-1783974711_i0,0.0,0.31671849755787784
rat195_or30,run-1783974711_i0,0.8235294117647058,0.5594998496719311
rat195_or30,run-1783974711_i0,0.2,0.4840946992257295
rat195_or30,run-1783974711_i0,0.0625,0.398378577570323
rat195_or30,run-1783974711_i0,0.38461538461538464,0.5938602838265352
rat195_or30,run-1783974711_i0,0.9473684210526315,0.5855639283375734
rat195_or30,run-1783974711_i0,0.3,0.515495446328069
rat195_or30,run-1783974711_i0,0.09090909090909091,0.4173404439819632
rat195_or30,run-1783974711_i0,0.0,0.39443776869876357
rat195_or30,run-1783974711_i0,0.45454545454545453,0.4670879585360108
rat195_or30,run-1783974711_i0,0.75,0.5250510314049168
rat195_or30,run-1783974711_i0,0.17391304347826086,0.5044960791648727
rat195_or30,run-1783974711_i0,0.7142857142857143,0.5270968652922903
rat195_or30,run-1783974711_i0,0.8823529411764706,0.5958560603081694
rat195_or30,run-1783974711_i0,0.8333333333333334,0.5876319989134494
rat195_or30,run-1783974711_i0,0.7,0.629114308208604
rat195_or30,run-1783974711_i0,0.0625,0.39731934834404486
rat195_or30,run-1783974711_i0,0.9473684210526315,0.6012148456943753
rat195_or30,run-1783974711_i0,0.5294117647058824,0.4913924135167624
rat195_or30,run-1783974711_i0,0.21428571428571427,0.42149048770473113
rat195_or30,run-1783974711_i0,1.0,0.7055055931756848
rat195_or30,run-1783974711_i0,0.06666666666666667,0.4113289250866866
rat195_or30,run-1783974711_i0,0.375,0.5261198660778711
rat195_or30,run-1783974711_i0,0.5714285714285714,0.49701351652529596
rat195_or30,run-1783974711_i0,0.7894736842105263,0.566730602130467
rat195_or30,run-1783974711_i0,0.07692307692307693,0.4635929429335989
rat195_or30,run-1783974711_i0,0.07692307692307693,0.5134323370839947
rat195_or30,run-1783974711_i0,0.5454545454545454,0.5644359576968273
rat195_or30,run-1783974711_i0,0.8095238095238095,0.5370991096644488
rat195_or30,run-1783974711_i0,0.5,0.5560999926886494
rat195_or30,run-1783974711_i0,0.05,0.44509857678506626
rat195_or30,run-1783974711_i0,0.23076923076923078,0.4961564062361329
rat195_or30,run-1783974711_i0,0.13333333333333333,0.4824236362120834
rat195_or30,run-1783974711_i0,0.8333333333333334,0.5442397557973017
rat195_or30,run-1783974711_i0,0.3684210526315789,0.5030452398016645
rat195_or30,run-1783974711_i0,0.5,0.5190381944677397
rat195_or30,run-1783974711_i0,0.0,0.4657898059962383
rat195_or30,run-1783974711_i0,0.4,0.5102630627565234
rat195_or30,run-1783974711_i0,0.35294117647058826,0.48484492222230385
rat195_or30,run-1783974711_i0,0.25,0.5159566734030988
rat195_or30,run-1783974711_i0,0.26666666666666666,0.49565456178240896
rat195_or30,run-1783974711_i0,0.4166666666666667,0.46074036065093094
rat195_or30,run-1783974711_i0,1.0,0.7077210098559011
rat195_or30,run-1783974711_i0,0.46153846153846156,0.49017816321346924
rat195_or30,run-1783974711_i0,0.0,0.40672803814161085
rat195_or30,run-1783974711_i0,0.8888888888888888,0.5766558483153266
rat195_or30,run-1783974711_i0,0.2222222222222222,0.5288046371679298
rat195_or30,run-1783974711_i0,0.9047619047619048,0.6747689727926882
rat195_or30,run-1783974711_i0,0.125,0.48336811836185717
rat195_or30,run-1783974711_i0,0.42857142857142855,0.4901011249881523
rat195_or30,run-1783974711_i0,0.125,0.4924870905587668
rat195_or30,run-1783974711_i0,0.8666666666666667,0.5865617403383441
rat195_or30,run-1783974711_i0,0.23076923076923078,0.528700063153177
rat195_or30,run-1783974711_i0,0.05555555555555555,0.411934024648095
rat195_or30,run-1783974711_i0,0.5,0.5068825910931174
rat195_or30,run-1783974711_i0,0.7647058823529411,0.5609327948531915
rat195_or30,run-1783974711_i0,0.36363636363636365,0.5618326424420239
rat195_or30,run-1783974711_i0,0.9444444444444444,0.607286432160804
rat195_or30,run-1783974711_i0,0.23076923076923078,0.4536072281459622
rat195_or30,run-1783974711_i0,0.3333333333333333,0.5052983325975482
rat195_or30,run-1783974711_i0,0.3125,0.48751709000613386
rat195_or30,run-1783974711_i0,0.5,0.4818264243242103
rat195_or30,run-1783974711_i0,0.7333333333333333,0.5375320435857665
rat195_or30,run-1783974711_i0,0.4,0.48483289006133734
rat195_or30,run-1783974711_i0,0.375,0.47427177084766386
rat195_or30,run-1783974711_i0,0.0,0.3921931669652981
rat195_or30,run-1783974711_i0,0.08333333333333333,0.4841243452144099
rat195_or30,run-1783974711_i0,0.0,0.4439114462241975
rat195_or30,run-1783974711_i0,0.55,0.5683073900854079
rat195_or30,run-1783974711_i0,0.8823529411764706,0.5563564942679731
rat195_or30,run-1783974711_i0,0.14285714285714285,0.4822962759916984
rat195_or30,run-1783974711_i0,0.8,0.5638307661164174
rat195_or30,run-1783974711_i0,0.9166666666666666,0.5349855211497806
rat195_or30,run-1783974711_i0,1.0,0.5871127385707945
rat195_or30,run-1783974711_i0,0.375,0.5137057559651702
rat195_or30,run-1783974711_i0,0.36363636363636365,0.48480760429501857
rat195_or30,run-1783974711_i0,0.8,0.5802191609650922
rat195_or30,run-1783974711_i0,0.45454545454545453,0.557535717818634
rat195_or30,run-1783974711_i0,0.15384615384615385,0.45244955020666183
rat195_or30,run-1783974711_i0,0.2857142857142857,0.4489146803964392
rat195_or30,run-1783974711_i0,0.42857142857142855,0.46465605255759584
rat195_or30,run-1783974711_i0,0.22727272727272727,0.492157430936353
rat195_or30,run-1783974711_i0,0.9230769230769231,0.6111207720598163
rat195_or30,run-1783974711_i0,0.25,0.4703141625567938
rat195_or30,run-1783974711_i0,1.0,0.6962764551184828
rat195_or30,run-1783974711_i0,1.0,0.6165531016316357
rat195_or30,run-1783974711_i0,0.85,0.5747428230756596
rat195_or30,run-1783974711_i0,0.5769230769230769,0.5894205656197055
rat195_or30,run-1783974711_i0,0.45454545454545453,0.4415304685880899
rat195_or30,run-1783974711_i0,0.6,0.501674536032863
rat195_or30,run-1783974711_i0,0.75,0.5322662230517461
rat195_or30,run-1783974711_i0,0.625,0.4748235613463627
rat195_or30,run-1783974711_i0,0.75,0.5400246748916305
rat195_or30,run-1783974711_i0,0.16666666666666666,0.3851170508242254
rat195_or30,run-1783974711_i0,0.4,0.4745944699089232
rat195_or30,run-1783974711_i0,0.3333333333333333,0.40974069715537875
rat195_or30,run-1783974711_i0,0.07692307692307693,0.29215894118462893
rat195_or30,run-1783974711_i0,0.6296296296296297,0.5749156763787984
rat195_or30,run-1783974711_i0,0.125,0.42268811264911743
rat195_or30,run-1783974711_i0,0.2857142857142857,0.4984947595878228
rat195_or30,run-1783974711_i0,0.5,0.5077963690426602
rat195_or30,run-1783974711_i0,0.5454545454545454,0.5693138921896235
rat195_or30,run-1783974711_i0,0.4,0.5028219904543044
rat195_or30,run-1783974711_i0,0.3333333333333333,0.4949310597966318
rat195_or30,run-1783974711_i0,0.25,0.46331995065957465
rat195_or30,run-1783974711_i0,0.23076923076923078,0.4761755209214407
rat195_or30,run-1783974711_i0,0.7777777777777778,0.6455952007839779
rat195_or30,run-1783974711_i0,0.9047619047619048,0.6586240266737146
rat195_or30,run-1783974711_i0,0.16666666666666666,0.43207253235060095
rat195_or30,run-1783974711_i0,0.7272727272727273,0.5804269763788363
rat195_or30,run-1783974711_i0,1.0,0.7316077883549116
rat195_or30,run-1783974711_i0,0.42857142857142855,0.54215783755309
rat195_or30,run-1783974711_i0,0.2,0.5021614647511633
rat195_or30,run-1783974711_i0,0.625,0.5345366745297583
rat195_or30,run-1783974711_i0,0.15384615384615385,0.4731263408173855
rat195_or30,run-1783974711_i0,0.6,0.6582989694817215
rat195_or30,run-1783974711_i0,0.5555555555555556,0.5266752770290506
rat195_or30,run-1783974711_i0,0.25,0.37799790367272385
rat195_or30,run-1783974711_i0,0.5789473684210527,0.5228071781080378
rat195_or30,run-1783974711_i0,1.0,0.7058567602615193
rat195_or30,run-1783974711_i0,0.0,0.3045406054492331
rat195_or30,run-1783974711_i0,0.2,0.4585098291369022
rat195_or30,run-1783974711_i0,0.8181818181818182,0.531070530970636
rat195_or30,run-1783974711_i0,0.625,0.6060257944269312
rat195_or30,run-1783974711_i0,1.0,0.6948192272931843
rat195_or30,run-1783974711_i0,0.1111111111111111,0.3047700438105342
rat195_or30,run-1783974711_i0,0.3333333333333333,0.47435161963687694
rat195_or30,run-1783974711_i0,0.041666666666666664,0.4426081614868677
rat195_or30,run-1783974711_i0,0.16666666666666666,0.43749721310953266
rat195_or30,run-1783974711_i0,0.75,0.5260386134637631
rat195_or30,run-1783974711_i0,0.0,0.4471054820965566
rat195_or30,run-1783974711_i0,0.7142857142857143,0.5422187943018805
rat195_or30,run-1783974711_i0,0.75,0.6116807932192547
rat195_or30,run-1783974711_i0,0.0,0.41033316460356173
rat195_or30,run-1783974711_i0,0.25,0.4982755033806375
rat195_or30,run-1783974711_i0,0.6,0.48605335363793234
rat195_or30,run-1783974711_i0,0.19047619047619047,0.5275236793100675
rat195_or30,run-1783974711_i0,0.1,0.46897248908019296
rat195_or30,run-1783974711_i0,0.42857142857142855,0.4859417033872974
rat195_or30,run-1783974711_i0,0.2916666666666667,0.5037991190086977
rat195_or30,run-1783974711_i0,0.8518518518518519,0.6718567674330198
rat195_or30,run-1783974711_i0,0.041666666666666664,0.4828489193504932
rat195_or30,run-1783974711_i0,0.21052631578947367,0.5527653900454922
rat195_or30,run-1783974711_i0,0.0,0.455408320713204
rat195_or30,run-1783974711_i0,0.6666666666666666,0.5969580565958746
rat195_or30,run-1783974711_i0,0.04,0.46521776491986877
rat195_or30,run-1783974711_i0,0.19230769230769232,0.5063421858293653
rat195_or30,run-1783974711_i0,0.0,0.43135741617484913
rat195_or30,run-1783974711_i0,0.8888888888888888,0.5482646963468767
rat195_or30,run-1783974711_i0,0.2,0.5043821868872077
rat195_or30,run-1783974711_i0,0.4,0.5449190511040108
rat195_or30,run-1783974711_i0,0.2857142857142857,0.534889462322904
rat195_or30,run-1783974711_i0,0.75,0.5811468710771615
rat195_or30,run-1783974711_i0,0.21739130434782608,0.485084681280911
rat195_or30,run-1783974711_i0,0.0,0.4287465409892771
rat195_or30,run-1783974711_i0,0.2962962962962963,0.5104622947128794
rat195_or30,run-1783974711_i0,0.8333333333333334,0.5443708237633128
rat195_or30,run-1783974711_i0,0.18181818181818182,0.44850429638354256
rat195_or30,run-1783974711_i0,0.3181818181818182,0.5428625780746346
rat195_or30,run-1783974711_i0,0.3684210526315789,0.5575423572798699
rat195_or30,run-1783974711_i0,0.19047619047619047,0.5520646452243709
rat195_or30,run-1783974711_i0,0.0,0.49053821889258153
rat195_or30,run-1783974711_i0,0.043478260869565216,0.43880411370324307
rat195_or30,run-1783974711_i0,0.9545454545454546,0.6679088427336368
rat195_or30,run-1783974711_i0,0.058823529411764705,0.46386865896534407
rat195_or30,run-1783974711_i0,0.3684210526315789,0.567893928314315
rat195_or30,run-1783974711_i0,0.0,0.33491550457483754
rat195_or30,run-1783974711_i0,0.07692307692307693,0.408652812872121
rat195_or30,run-1783974711_i0,0.09090909090909091,0.4949018148508616
rat195_or30,run-1783974711_i0,0.0,0.4850416236179889
rat195_or30,run-1783974711_i0,0.44,0.5690132717830352
rat195_or30,run-1783974711_i0,0.2,0.5036582826684435
rat195_or30,run-1783974711_i0,0.17391304347826086,0.47686448950484867
rat195_or30,run-1783974711_i0,0.7,0.5742366824296604
rat195_or30,run-1783974711_i0,0.13043478260869565,0.5175646932649502
rat195_or30,run-1783974711_i0,0.3157894736842105,0.5005043186272319
rat195_or30,run-1783974711_i0,0.5454545454545454,0.5443004713435914
rat195_or30,run-1783974711_i0,0.7619047619047619,0.6050329386028439
rat195_or30,run-1783974711_i0,0.9259259259259259,0.6389563376685419
rat195_or30,run-1783974711_i0,0.0,0.3476672489213359
rat195_or30,run-1783974711_i0,0.04,0.4046543257711742
rat195_or30,run-1783974711_i0,0.7142857142857143,0.618982297195898
rat195_or30,run-1783974711_i0,0.23076923076923078,0.4829701853878552
rat195_or30,run-1783974711_i0,0.0,0.49746153071065624
rat195_or30,run-1783974711_i0,0.625,0.5624194033650397
rat195_or30,run-1783974711_i0,0.6818181818181818,0.5615428067876268
rat195_or30,run-1783974711_i0,0.8235294117647058,0.5544535005042193
rat195_or30,run-1783974711_i0,0.07407407407407407,0.5046034311108547
rat195_or30,run-1783974711_i0,0.9615384615384616,0.6710342834152954
rat195_or30,run-1783974711_i0,0.3684210526315789,0.5496629156528792
rat195_or30,run-1783974711_i0,0.5769230769230769,0.5512317048331249
rat195_or30,run-1783974711_i0,0.6956521739130435,0.5768517046918074
rat195_or30,run-1783974711_i0,0.3888888888888889,0.5297437445614533
rat195_or30,run-1783974711_i0,0.10714285714285714,0.5085496130458818
rat195_or30,run-1783974711_i0,0.07692307692307693,0.4133162764170971
rat195_or30,run-1783974711_i0,0.84,0.5897295593725038
rat195_or30,run-1783974711_i0,0.9565217391304348,0.6544300980453905
rat195_or30,run-1783974711_i0,0.09090909090909091,0.46560225371448183
rat195_or30,run-1783974711_i0,0.7037037037037037,0.563987021936373
rat195_or30,run-1783974748_i0,0.4375,0.472549010325189
rat195_or30,run-1783974748_i0,0.19047619047619047,0.4786949712185829
rat195_or30,run-1783974748_i0,0.041666666666666664,0.4938085187363759
rat195_or30,run-1783974748_i0,1.0,0.6080829955115283
rat195_or30,run-1783974748_i0,0.8947368421052632,0.6854246404002501
rat195_or30,run-1783974748_i0,0.047619047619047616,0.506115940337981
rat195_or30,run-1783974748_i0,0.42857142857142855,0.5728005740826544
rat195_or30,run-1783974748_i0,0.5217391304347826,0.6138243839334946
rat195_or30,run-1783974748_i0,0.037037037037037035,0.50206403425507
rat195_or30,run-1783974748_i0,0.13636363636363635,0.513588511756155
rat195_or30,run-1783974748_i0,0.6956521739130435,0.6122600853030034
rat195_or30,run-1783974748_i0,0.25,0.5131830562243667
rat195_or30,run-1783974748_i0,0.9090909090909091,0.6728458726508274
rat195_or30,run-1783974748_i0,0.5185185185185185,0.6047637915614776
rat195_or30,run-1783974748_i0,0.7142857142857143,0.6047901761043813
rat195_or30,run-1783974748_i0,0.5238095238095238,0.5649961773288682
rat195_or30,run-1783974748_i0,0.38461538461538464,0.5479379666175281
rat195_or30,run-1783974748_i0,0.4583333333333333,0.5719952311040306
rat195_or30,run-1783974748_i0,0.2916666666666667,0.5322138419829149
rat195_or30,run-1783974748_i0,0.05,0.4741708570907586
rat195_or30,run-1783974748_i0,0.25,0.3932910763486352
rat195_or30,run-1783974748_i0,0.32,0.5424678167965672
rat195_or30,run-1783974748_i0,1.0,0.7061146252011283
rat195_or30,run-1783974748_i0,0.0,0.40523580789459196
rat195_or30,run-1783974748_i0,0.3076923076923077,0.5292897965083017
rat195_or30,run-1783974748_i0,0.4090909090909091,0.5439992891677747
rat195_or30,run-1783974748_i0,0.6785714285714286,0.5957315130592825
rat195_or30,run-1783974748_i0,0.32142857142857145,0.5470898980537534
rat195_or30,run-1783974748_i0,0.14814814814814814,0.48072449721347227
rat195_or30,run-1783974748_i0,0.5,0.5508008350333359
rat195_or30,run-1783974748_i0,0.0,0.31757178437491057
rat195_or30,run-1783974748_i0,0.04,0.49635866745079044
rat195_or30,run-1783974748_i0,0.9473684210526315,0.6412225547070054
rat195_or30,run-1783974748_i0,0.23809523809523808,0.4655123793754689
rat195_or30,run-1783974748_i0,0.37037037037037035,0.5277614051632676
rat195_or30,run-1783974748_i0,0.76,0.6263017241379311
rat195_or30,run-1783974748_i0,0.2727272727272727,0.5089385330911247
rat195_or30,run-1783974748_i0,0.4642857142857143,0.519860898339359
rat195_or30,run-1783974748_i0,0.30434782608695654,0.5836967062784212
rat195_or30,run-1783974748_i0,0.3333333333333333,0.5937323227859289
rat195_or30,run-1783974748_i0,0.5,0.5354254552329635
rat195_or30,run-1783974748_i0,0.0,0.36100472149767227
rat195_or30,run-1783974748_i0,0.0,0.36724819277108434
rat195_or30,run-1783974748_i0,0.25,0.4948977608589295
rat195_or30,run-1783974748_i0,0.9230769230769231,0.6059506619660203
rat195_or30,run-1783974748_i0,0.5416666666666666,0.5800084452619767
rat195_or30,run-1783974748_i0,0.0,0.41401635268319326
rat195_or30,run-1783974748_i0,0.1,0.49405775952760717
rat195_or30,run-1783974748_i0,0.13636363636363635,0.48860261339574285
rat195_or30,run-1783974748_i0,0.5185185185185185,0.5357594037681562
rat195_or30,run-1783974748_i0,0.5652173913043478,0.5702028623037377
rat195_or30,run-1783974748_i0,0.95,0.622202154641534
rat195_or30,run-1783974748_i0,0.15384615384615385,0.48107090138006986
rat195_or30,run-1783974748_i0,0.0,0.3982037645341259
rat195_or30,run-1783974748_i0,0.23809523809523808,0.463816145458858
rat195_or30,run-1783974748_i0,0.10526315789473684,0.47041216879293424
rat195_or30,run-1783974748_i0,0.3684210526315789,0.5402023405815723
rat195_or30,run-1783974748_i0,0.4074074074074074,0.620809242712166
rat195_or30,run-1783974748_i0,0.42857142857142855,0.5762494869037043
rat195_or30,run-1783974748_i0,0.7272727272727273,0.5889099968148519
rat195_or30,run-1783974748_i0,0.0,0.3751800496329591
rat195_or30,run-1783974748_i0,0.23076923076923078,0.450673956206829
rat195_or30,run-1783974748_i0,0.5,0.47343656965317793
rat195_or30,run-1783974748_i0,0.2631578947368421,0.5352725083546295
rat195_or30,run-1783974748_i0,0.0,0.3144171808213206
rat195_or30,run-1783974748_i0,1.0,0.6829524248529772
rat195_or30,run-1783974748_i0,0.30434782608695654,0.5259409479943629
rat195_or30,run-1783974748_i0,0.24,0.5116207873213888
rat195_or30,run-1783974748_i0,0.18181818181818182,0.41457738764986846
rat195_or30,run-1783974748_i0,0.6071428571428571,0.5159724429664767
rat195_or30,run-1783974748_i0,0.38461538461538464,0.5013322785853193
rat195_or30,run-1783974748_i0,0.25,0.5020435910307899
rat195_or30,run-1783974748_i0,0.4166666666666667,0.5091484321625367
rat195_or30,run-1783974748_i0,0.5833333333333334,0.6013559131578823
rat195_or30,run-1783974748_i0,0.76,0.6067248072919597
rat195_or30,run-1783974748_i0,0.0,0.42059718540364993
rat195_or30,run-1783974748_i0,0.18518518518518517,0.44926604382879864
rat195_or30,run-1783974748_i0,0.7368421052631579,0.5886666778894445
rat195_or30,run-1783974748_i0,0.38461538461538464,0.5123735100521601
rat195_or30,run-1783974748_i0,0.2,0.5060954637247836
rat195_or30,run-1783974748_i0,0.6521739130434783,0.565217796591582
rat195_or30,run-1783974748_i0,0.5714285714285714,0.5904432110895717
rat195_or30,run-1783974748_i0,0.5714285714285714,0.5755967125824748
rat195_or30,run-1783974748_i0,0.30434782608695654,0.4995824958519378
rat195_or30,run-1783974748_i0,0.18181818181818182,0.44756528498266235
rat195_or30,run-1783974748_i0,0.05263157894736842,0.4525730604779515
rat195_or30,run-1783974748_i0,0.875,0.6054401757488078
rat195_or30,run-1783974748_i0,0.35,0.5666852552332953
rat195_or30,run-1783974748_i0,0.0,0.3813923958786823
rat195_or30,run-1783974748_i0,0.2222222222222222,0.48145124817426255
rat195_or30,run-1783974748_i0,0.2692307692307692,0.4574383417227196
rat195_or30,run-1783974748_i0,0.42857142857142855,0.5096456784773841
rat195_or30,run-1783974748_i0,0.5454545454545454,0.5385640378843616
rat195_or30,run-1783974748_i0,0.28,0.5384853983277346
rat195_or30,run-1783974748_i0,0.5909090909090909,0.555970972566133
rat195_or30,run-1783974748_i0,0.6153846153846154,0.5690146558261759
rat195_or30,run-1783974748_i0,0.37037037037037035,0.5779584269468236
rat195_or30,run-1783974748_i0,0.20833333333333334,0.4666119312931041
rat195_or30,run-1783974748_i0,0.5652173913043478,0.5540437562205762
rat195_or30,run-1783974748_i0,0.043478260869565216,0.43396582104137327
rat195_or30,run-1783974748_i0,0.9629629629629629,0.5969966013932915
rat195_or30,run-1783974748_i0,0.8333333333333334,0.6167762476421009
rat195_or30,run-1783974748_i0,0.23076923076923078,0.4415580490384979
rat195_or30,run-1783974748_i0,0.4782608695652174,0.47131281682832404
rat195_or30,run-1783974748_i0,1.0,0.7010549682949289
rat195_or30,run-1783974748_i0,0.2727272727272727,0.45655098968087837
rat195_or30,run-1783974748_i0,0.5454545454545454,0.5209281023082498
rat195_or30,run-1783974748_i0,0.05555555555555555,0.5111309577136715
rat195_or30,run-1783974748_i0,0.3,0.47880571603195615
rat195_or30,run-1783974748_i0,0.42857142857142855,0.5196581196581196
rat195_or30,run-1783974748_i0,0.9583333333333334,0.5882287965927979
rat195_or30,run-1783974748_i0,0.12,0.4304998129383014
rat195_or30,run-1783974748_i0,0.21739130434782608,0.40437451913263306
rat195_or30,run-1783974748_i0,0.19230769230769232,0.5270129768605378
rat195_or30,run-1783974748_i0,1.0,0.6439123413375191
rat195_or30,run-1783974748_i0,0.5384615384615384,0.49979829387443286
rat195_or30,run-1783974748_i0,0.05263157894736842,0.3336924723510524
rat195_or30,run-1783974748_i0,0.42105263157894735,0.5292057592293214
rat195_or30,run-1783974748_i0,1.0,0.7554133606347581
rat195_or30,run-1783974748_i0,0.4444444444444444,0.5348006797702481
rat195_or30,run-1783974748_i0,0.0,0.4387761923330973
rat195_or30,run-1783974748_i0,1.0,0.6004479414377749
rat195_or30,run-1783974748_i0,0.3684210526315789,0.41729737351847584
rat195_or30,run-1783974748_i0,0.12,0.43638792455245007
rat195_or30,run-1783974748_i0,0.3,0.48405123375400266
rat195_or30,run-1783974748_i0,0.5,0.4917150640227882
rat195_or30,run-1783974748_i0,0.4583333333333333,0.4916197261649145
rat195_or30,run-1783974748_i0,0.47058823529411764,0.44526928413124567
rat195_or30,run-1783974748_i0,0.76,0.5615620716371654
rat195_or30,run-1783974748_i0,0.7222222222222222,0.556752538024999
rat195_or30,run-1783974748_i0,0.75,0.552142805564916
rat195_or30,run-1783974748_i0,0.48,0.5452036608282399
rat195_or30,run-1783974748_i0,0.07407407407407407,0.3996154427446305
rat195_or30,run-1783974748_i0,0.6956521739130435,0.5799950796613523
rat195_or30,run-1783974748_i0,0.6818181818181818,0.5732951021986996
rat195_or30,run-1783974748_i0,0.28,0.5421918105265694
rat195_or30,run-1783974748_i0,0.19230769230769232,0.45874817501059667
rat195_or30,run-1783974748_i0,0.12,0.4598239584738834
rat195_or30,run-1783974748_i0,0.045454545454545456,0.4729042118908043
rat195_or30,run-1783974748_i0,0.08,0.3644746140678738
rat195_or30,run-1783974748_i0,0.42857142857142855,0.5035211888249371
rat195_or30,run-1783974748_i0,0.3684210526315789,0.5054401955648682
rat195_or30,run-1783974748_i0,0.9230769230769231,0.6531761507405163
rat195_or30,run-1783974748_i0,0.625,0.5385396751076255
rat195_or30,run-1783974748_i0,0.6,0.5384595081756148
rat195_or30,run-1783974748_i0,0.5714285714285714,0.5198674384871602
rat195_or30,run-1783974748_i0,0.25925925925925924,0.5131992493589468
rat195_or30,run-1783974748_i0,0.76,0.5529550395412584
rat195_or30,run-1783974748_i0,1.0,0.6421519848403867
rat195_or30,run-1783974748_i0,0.15,0.4403770000842543
rat195_or30,run-1783974748_i0,0.25,0.4373374838412505
rat195_or30,run-1783974748_i0,0.9583333333333334,0.6844067390640876
rat195_or30,run-1783974748_i0,0.5217391304347826,0.5167231638418078
rat195_or30,run-1783974748_i0,0.0,0.25293991301079305
rat195_or30,run-1783974748_i0,0.8947368421052632,0.6197266818510083
rat195_or30,run-1783974748_i0,0.25,0.5211369807222374
rat195_or30,run-1783974748_i0,0.4,0.5123346879969554
rat195_or30,run-1783974748_i0,0.04,0.375463774223839
rat195_or30,run-1783974748_i0,0.1,0.46427581427581427
rat195_or30,run-1783974748_i0,0.5714285714285714,0.49768646522769117
rat195_or30,run-1783974748_i0,1.0,0.783442422023201
rat195_or30,run-1783974748_i0,0.7777777777777778,0.5484211665924865
rat195_or30,run-1783974748_i0,0.28,0.5082404011675774
rat195_or30,run-1783974748_i0,0.045454545454545456,0.4351820082998399
rat195_or30,run-1783974748_i0,0.07407407407407407,0.4045822786953246
rat195_or30,run-1783974748_i0,0.041666666666666664,0.4032925474708651
rat195_or30,run-1783974748_i0,0.3684210526315789,0.5241970153763743
rat195_or30,run-1783974748_i0,0.8,0.5222775253071725
rat195_or30,run-1783974748_i0,0.36,0.46097695075973955
rat195_or30,run-1783974748_i0,0.7692307692307693,0.5735341182516878
rat195_or30,run-1783974748_i0,0.12,0.5395174340691294
rat195_or30,run-1783974748_i0,0.48148148148148145,0.5411030775688154
rat195_or30,run-1783974748_i0,0.9565217391304348,0.7675320742410212
rat195_or30,run-1783974748_i0,0.22727272727272727,0.4755081293044801
rat195_or30,run-1783974748_i0,0.14814814814814814,0.45459998577446203
rat195_or30,run-1783974748_i0,0.7692307692307693,0.5487050409447136
rat195_or30,run-1783974748_i0,0.2631578947368421,0.5134987578716276
rat195_or30,run-1783974748_i0,0.6,0.5503062269363782
rat195_or30,run-1783974748_i0,0.08695652173913043,0.4779031437774303
rat195_or30,run-1783974748_i0,0.7727272727272727,0.5676197103674997
rat195_or30,run-1783974748_i0,0.36,0.45062297421868025
rat195_or30,run-1783974748_i0,0.6923076923076923,0.5143227478937135
rat195_or30,run-1783974748_i0,0.11538461538461539,0.4045857090864976
rat195_or30,run-1783974748_i0,0.5714285714285714,0.5181959415528865
rat195_or30,run-1783974748_i0,0.07407407407407407,0.4325988490042645
rat195_or30,run-1783974748_i0,0.1,0.4263605139089156
rat195_or30,run-1783974748_i0,0.3157894736842105,0.4563051159259475
rat195_or30,run-1783974748_i0,0.0,0.2979568857665288
rat195_or30,run-1783974748_i0,0.10714285714285714,0.46458428118291634
rat195_or30,run-1783974748_i0,0.15,0.46017406286229545
rat195_or30,run-1783974748_i0,0.3157894736842105,0.4921570773057872
rat195_or30,run-1783974748_i0,0.8,0.5659542030371876
rat195_or30,run-1783974748_i0,0.037037037037037035,0.35523238462164586
rat195_or30,run-1783974748_i0,0.0,0.29947968404608394
rat195_or30,run-1783974748_i0,0.5,0.5205183175033922
rat195_or30,run-1783974748_i0,0.4090909090909091,0.489654801591569
rat195_or30,run-1783974748_i0,0.625,0.519996369308555
rat195_or30,run-1783974748_i0,0.30434782608695654,0.43976019255474674
rat195_or30,run-1783974748_i0,0.38461538461538464,0.5705570333527458
rat195_or30,run-1783974748_i0,0.37037037037037035,0.5115439191050862
rat195_or30,run-1783974748_i0,1.0,0.5925094568731605
rat195_or30,run-1783974748_i0,0.7727272727272727,0.5289938997436124
rat195_or30,run-1783974748_i0,0.0,0.36246997579371376
rat195_or30,run-1783974748_i0,0.03571428571428571,0.4507279278697001
rat195_or30,run-1783974748_i0,0.5238095238095238,0.5076093007035217
rat195_or30,run-1783974748_i0,0.47619047619047616,0.5137357638770136
rat195_or30,run-1783974748_i0,0.875,0.6102435069473566
rat195_or30,run-1783974748_i0,0.9473684210526315,0.6194937205027835
rat195_or30,run-1783974748_i0,0.08333333333333333,0.3779105884369042
rat195_or30,run-1783974748_i0,0.19047619047619047,0.4628293445067822
rat195_or30,run-1783974748_i0,0.9565217391304348,0.6437347972029392
rat195_or30,run-1783974748_i0,0.5217391304347826,0.5352300430169974
rat195_or30,run-1783974748_i0,0.6923076923076923,0.5693948329688212
rat195_or30,run-1783974748_i0,0.8636363636363636,0.6157387525123255
rat195_or30,run-1783974748_i0,0.25,0.49149884823560996
rat195_or30,run-1783974748_i0,1.0,0.6123368040841859
rat195_or30,run-1783974748_i0,0.3333333333333333,0.4837212904679425
rat195_or30,run-1783974748_i0,0.0,0.413011718782169
rat195_or30,run-1783974748_i0,0.631578947368421,0.5596921698815527
rat195_or30,run-1783974748_i0,0.6666666666666666,0.5866682464454976
rat195_or30,run-1783974748_i0,0.45454545454545453,0.5386232780107039
rat195_or30,run-1783974748_i0,0.6,0.5474787726255848
rat195_or30,run-1783974748_i0,0.041666666666666664,0.4579913421330431
rat195_or30,run-1783974748_i0,0.3888888888888889,0.474652619052802
rat195_or30,run-1783974748_i0,0.19047619047619047,0.48598103685578836
rat195_or30,run-1783974748_i0,0.5238095238095238,0.4790004490035574
rat195_or30,run-1783974748_i0,0.5238095238095238,0.4904435182364508
rat195_or30,run-1783974748_i0,0.35294117647058826,0.5020781156827668
rat195_or30,run-1783974748_i0,0.125,0.4065805310016659
rat195_or30,run-1783974748_i0,0.2608695652173913,0.45712331458975763
rat195_or30,run-1783974748_i0,0.4,0.4830591452700788
rat195_or30,run-1783974748_i0,0.4230769230769231,0.5249679708846838
rat195_or30,run-1783974748_i0,0.6521739130434783,0.5574223415047578
rat195_or30,run-1783974748_i0,0.2631578947368421,0.5270785937661089
rat195_or30,run-1783974748_i0,1.0,0.6442650691262861
rat195_or30,run-1783974748_i0,0.5555555555555556,0.5819917524045511
rat195_or30,run-1783974748_i0,0.7727272727272727,0.5964663095869494
rat195_or30,run-1783974748_i0,0.34782608695652173,0.48070683866407493
rat195_or30,run-1783974748_i0,0.35,0.512465597449494
rat195_or30,run-1783974748_i0,0.75,0.5647379462039095
rat195_or30,run-1783974748_i0,0.17647058823529413,0.4922727960078632
rat195_or30,run-1783974748_i0,0.0,0.398886539243595
rat195_or30,run-1783974748_i0,0.9629629629629629,0.5940020287011324
rat195_or30,run-1783974748_i0,0.7368421052631579,0.5870700751879698
rat195_or30,run-1783974748_i0,0.22727272727272727,0.4896089394020513
rat195_or30,run-1783974748_i0,0.42857142857142855,0.522884569654948
rat195_or30,run-1783974748_i0,0.3,0.4797868253602387
rat195_or30,run-1783974748_i0,0.21428571428571427,0.49061716993558063
rat195_or30,run-1783974748_i0,0.26666666666666666,0.5069839392772675
rat195_or30,run-1783974748_i0,0.125,0.4312281510506704
rat195_or30,run-1783974748_i0,0.1111111111111111,0.3909595067695263
rat195_or30,run-1783974748_i0,1.0,0.6907397143926525
rat195_or30,run-1783974748_i0,0.1,0.4788048198666585
rat195_or30,run-1783974748_i0,0.5294117647058824,0.5155148677540714
rat195_or30,run-1783974748_i0,0.047619047619047616,0.4689513622088667
rat195_or30,run-1783974748_i0,0.42105263157894735,0.5286895867768595
rat195_or30,run-1783974748_i0,0.8666666666666667,0.6077348613799054
rat195_or30,run-1783974748_i0,0.2222222222222222,0.4525789092740033
rat195_or30,run-1783974748_i0,0.0,0.4209208365172634
rat195_or30,run-1783974748_i0,0.5,0.5373939787575457
rat195_or30,run-1783974748_i0,0.05,0.3566719144666274
rat195_or30,run-1783974748_i0,0.05263157894736842,0.43629649822804883
rat195_or30,run-1783974748_i0,0.6666666666666666,0.5221625994083703
rat195_or30,run-1783974748_i0,0.6923076923076923,0.5696926970567587
rat195_or30,run-1783974748_i0,0.95,0.5921558856867501
rat195_or30,run-1783974748_i0,0.13636363636363635,0.44808570623061744
rat195_or30,run-1783974748_i0,0.0,0.39072604014822876
rat195_or30,run-1783974748_i0,0.0,0.4341970496063594
rat195_or30,run-1783974748_i0,0.35,0.5112805349282619
rat195_or30,run-1783974748_i0,0.14285714285714285,0.4856385951260921
rat195_or30,run-1783974748_i0,0.16666666666666666,0.5118448128036582
rat195_or30,run-1783974748_i0,0.38461538461538464,0.5597194553538114
rat195_or30,run-1783974748_i0,0.08695652173913043,0.49124990847184596
rat195_or30,run-1783974748_i0,0.38095238095238093,0.5155218618226903
rat195_or30,run-1783974748_i0,0.5384615384615384,0.5233095583115344
rat195_or30,run-1783974748_i0,0.8695652173913043,0.6015041210805737
rat195_or30,run-1783974748_i0,0.0,0.44570369110943786
rat195_or30,run-1783974748_i0,0.6818181818181818,0.5787258933635847
rat195_or30,run-1783974748_i0,0.2631578947368421,0.5334661836560498
rat195_or30,run-1783974748_i0,0.5555555555555556,0.5406748015012353
rat195_or30,run-1783974748_i0,0.08333333333333333,0.4866290543861837
rat195_or30,run-1783974748_i0,0.15,0.45015262356567276
rat195_or30,run-1783974748_i0,0.5,0.5352427642123126
rat195_or30,run-1783974748_i0,0.5185185185185185,0.5870869210938877
rat195_or30,run-1783974748_i0,0.25,0.4936853278548194
rat195_or30,run-1783974748_i0,0.0,0.387883309189011
rat195_or30,run-1783974748_i0,0.0,0.422375697757685
rat195_or30,run-1783974748_i0,0.4444444444444444,0.4937775334180956
rat195_or30,run-1783974748_i0,0.68,0.5469077694888347
rat195_or30,run-1783974748_i0,0.25,0.4477673347965403
rat195_or30,run-1783974748_i0,0.07142857142857142,0.462937001101295
rat195_or30,run-1783974748_i0,0.6666666666666666,0.5546434250044168
rat195_or30,run-1783974748_i0,0.23076923076923078,0.5057113035193903
rat195_or30,run-1783974748_i0,0.35294117647058826,0.5439928017391418
rat195_or30,run-1783974748_i0,0.08333333333333333,0.4750582361405936
rat195_or30,run-1783974748_i0,0.18181818181818182,0.4973810402065658
rat195_or30,run-1783974748_i0,0.35294117647058826,0.541616058258362
rat195_or30,run-1783974748_i0,0.0625,0.38085860004938393
rat195_or30,run-1783974748_i0,0.4666666666666667,0.4891492018677381
rat195_or30,run-1783974748_i0,0.3333333333333333,0.46191745077884083
rat195_or30,run-1783974748_i0,0.0,0.4199531733422527
rat195_or30,run-1783974748_i0,0.38461538461538464,0.453375880698872
rat195_or30,run-1783974748_i0,0.1,0.5086920996106444
rat195_or30,run-1783974748_i0,1.0,0.6456821673436715
rat195_or30,run-1783974748_i0,0.6666666666666666,0.572077516275627
rat195_or30,run-1783974748_i0,0.2,0.45554562047841096
rat195_or30,run-1783974748_i0,0.6153846153846154,0.5370195850300562
rat195_or30,run-1783974748_i0,0.2,0.5029356353306546
rat195_or30,run-1783974748_i0,0.0,0.3990689359141155
rat195_or30,run-1783974748_i0,0.3333333333333333,0.5092869730242646
rat195_or30,run-1783974748_i0,0.35714285714285715,0.5228150867544215
rat195_or30,run-1783974748_i0,0.25,0.4730106427841352
rat195_or30,run-1783974748_i0,0.09090909090909091,0.4639061717222321
rat195_or30,run-1783974748_i0,0.07142857142857142,0.45527569701132875
rat195_or30,run-1783974748_i0,0.8214285714285714,0.6252229041489156
rat195_or30,run-1783974748_i0,0.21739130434782608,0.39969631305063025
rat195_or30,run-1783974748_i0,0.2,0.438683226350959
rat195_or30,run-1783974748_i0,0.7857142857142857,0.5596963577440263
rat195_or30,run-1783974748_i0,0.38461538461538464,0.44907374822280716
rat195_or30,run-1783974748_i0,0.75,0.5522893887234005
rat195_or30,run-1783974748_i0,0.0,0.41468433991433706
rat195_or30,run-1783974748_i0,0.375,0.5353854588889542
rat195_or30,run-1783974748_i0,0.16666666666666666,0.49130869552970335
rat195_or30,run-1783974748_i0,0.0,0.41651189166602703
rat195_or30,run-1783974748_i0,0.0,0.3992092100831951
rat195_or30,run-1783974748_i0,0.5,0.5566360619261612
rat195_or30,run-1783974748_i0,0.5263157894736842,0.5420564784053156
rat195_or30,run-1783974748_i0,1.0,0.7388664738728385
rat195_or30,run-1783974748_i0,0.16666666666666666,0.4386247267185575
rat195_or30,run-1783974748_i0,0.8260869565217391,0.5931744861549351
rat195_or30,run-1783974748_i0,0.0,0.4985549918130888
rat195_or30,run-1783974748_i0,1.0,0.6172693580693881
rat195_or30,run-1783974748_i0,0.7777777777777778,0.6038952054718096
rat195_or30,run-1783974748_i0,0.0,0.454580574862558
rat195_or30,run-1783974748_i0,0.2,0.5195046461161809
rat195_or30,run-1783974748_i0,0.0,0.43948191705431433
rat195_or30,run-1783974748_i0,0.9,0.6478825439728901
rat195_or30,run-1783974748_i0,0.3333333333333333,0.5440855814452771
rat195_or30,run-1783974748_i0,0.8571428571428571,0.6020474848437108
rat195_or30,run-1783974748_i0,1.0,0.7175665490538728
rat195_or30,run-1783974748_i0,0.5,0.5594032405631143
rat195_or30,run-1783974748_i0,0.8,0.5546956897433857
rat195_or30,run-1783974748_i0,0.14285714285714285,0.5060974220196552
rat195_or30,run-1783974748_i0,0.37037037037037035,0.5117075281897722
rat195_or30,run-1783974748_i0,0.42857142857142855,0.5360737952195549
rat195_or30,run-1783974748_i0,0.9090909090909091,0.5909919118300595
rat195_or30,run-1783974748_i0,0.0,0.30691753536026245
rat195_or30,run-1783974748_i0,0.4444444444444444,0.5474292274889291
rat195_or30,run-1783974748_i0,0.45454545454545453,0.5498172690255191
rat195_or30,run-1783974748_i0,0.25,0.42829801671755957
rat195_or30,run-1783974748_i0,1.0,0.6304873715048451
rat195_or30,run-1783974748_i0,0.3333333333333333,0.46002208280319984
rat195_or30,run-1783974748_i0,0.16666666666666666,0.34405463477260767
rat195_or30,run-1783974748_i0,0.15789473684210525,0.5089005363684735
rat195_or30,run-1783974748_i0,0.75,0.5998544210607888
rat195_or30,run-1783974748_i0,0.5,0.5679983483018478
rat195_or30,run-1783974748_i0,0.7142857142857143,0.5935286074564735
rat195_or30,run-1783974748_i0,0.5,0.5720682343502264
rat195_or30,run-1783974748_i0,0.4,0.5345472311349193
rat195_or30,run-1783974748_i0,1.0,0.6060676103664359
rat195_or30,run-1783974748_i0,0.0,0.3774348951164455
rat195_or30,run-1783974748_i0,0.1,0.4848872110074568
rat195_or30,run-1783974748_i0,0.25,0.44933326649288147
rat195_or30,run-1783974748_i0,0.045454545454545456,0.515295808283465
rat195_or30,run-1783974748_i0,0.10714285714285714,0.4728392863258107
rat195_or30,run-1783974748_i0,0.6666666666666666,0.49394391330959747
rat195_or30,run-1783974748_i0,0.5,0.44815271766894466
rat195_or30,run-1783974748_i0,0.36363636363636365,0.5515394522895091
rat195_or30,run-1783974748_i0,0.10526315789473684,0.5177186862370828
rat195_or30,run-1783974748_i0,0.08333333333333333,0.40702914789513267
rat195_or30,run-1783974748_i0,0.0,0.32749743166472034
rat195_or30,run-1783974748_i0,0.04,0.40993745162767925
rat195_or30,run-1783974748_i0,0.2608695652173913,0.5121181029847148
rat195_or30,run-1783974748_i0,0.782608695652174,0.6027164389148586
rat195_or30,run-1783974748_i0,0.35714285714285715,0.5100449468809589
rat195_or30,run-1783974748_i0,0.1,0.4917812936815023
rat195_or30,run-1783974748_i0,0.09523809523809523,0.5112474961050523
rat195_or30,run-1783974748_i0,0.4583333333333333,0.5715325178763195
rat195_or30,run-1783974748_i0,0.07692307692307693,0.4640387503961856
rat195_or30,run-1783974748_i0,0.47619047619047616,0.5401008103107254
rat195_or30,run-1783974748_i0,0.04,0.42877713453690164
rat195_or30,run-1783974748_i0,0.4090909090909091,0.5745599068968634
rat195_or30,run-1783974748_i0,0.3333333333333333,0.5227821500183655
rat195_or30,run-1783974748_i0,0.3181818181818182,0.5147679060469138
rat195_or30,run-1783974748_i0,0.2,0.5174874172862216
rat195_or30,run-1783974748_i0,0.391304347826087,0.5743746800887221
rat195_or30,run-1783974748_i0,0.15789473684210525,0.4059882555834332
rat195_or30,run-1783974748_i0,0.17857142857142858,0.46602319327946806
rat195_or30,run-1783974748_i0,0.06666666666666667,0.5309113549352543
rat195_or30,run-1783974748_i0,0.2857142857142857,0.5664051032238482
rat195_or30,run-1783974748_i0,0.5384615384615384,0.5720994952824581
rat195_or30,run-1783974748_i0,1.0,0.7212123026266557
rat195_or30,run-1783974748_i0,0.043478260869565216,0.41835358196108313
rat195_or30,run-1783974748_i0,0.1111111111111111,0.5007936984746837
rat195_or30,run-1783974748_i0,0.32,0.5351490911605713
rat195_or30,run-1783974748_i0,0.2692307692307692,0.4706477040096535
rat195_or30,run-1783974748_i0,0.5882352941176471,0.5536823740943158
rat195_or30,run-1783974748_i0,0.2962962962962963,0.5248280493874541
rat195_or30,run-1783974748_i0,0.13333333333333333,0.5818069044809537
rat195_or30,run-1783974748_i0,0.2692307692307692,0.4935995637507292
rat195_or30,run-1783974748_i0,0.5714285714285714,0.619205775089673
rat195_or30,run-1783974748_i0,1.0,0.7202938856127725
rat195_or30,run-1783974748_i0,1.0,0.6705275900108835
rat195_or30,run-1783974748_i0,0.03571428571428571,0.4190878991459702
rat195_or30,run-1783974748_i0,0.6875,0.524801727176595
rat195_or30,run-1783974748_i0,0.3076923076923077,0.5580164160206145
rat195_or30,run-1783974748_i0,0.08695652173913043,0.45948886639676106
rat195_or30,run-1783974748_i0,0.2,0.5003919911623811
rat195_or30,run-1783974748_i0,0.8518518518518519,0.6271345140608139
rat195_or30,run-1783974748_i0,0.037037037037037035,0.4625673520093502
rat195_or30,run-1783974748_i0,0.8260869565217391,0.668848604368932
rat195_or30,run-1783974748_i0,0.18518518518518517,0.4680154656812427
rat195_or30,run-1783974748_i0,0.6818181818181818,0.6015072544750381
rat195_or30,run-1783974748_i0,0.42857142857142855,0.6082668713362477
rat195_or30,run-1783974748_i0,0.2727272727272727,0.5479790279520088
rat195_or30,run-1783974748_i0,0.7083333333333334,0.5831458638369138
rat195_or30,run-1783974748_i0,0.1,0.45698662839637355
rat195_or30,run-1783974748_i0,0.8571428571428571,0.6076539343532875
rat195_or30,run-1787236552_i0,0.3333333333333333,0.36073747503180087
rat195_or30,run-1787236552_i0,0.5,0.4656136739898877
rat195_or30,run-1787236552_i0,0.8823529411764706,0.5228989534283955
rat195_or30,run-1787236552_i0,0.05,0.4213997242324606
rat195_or30,run-1787236552_i0,0.0,0.49222025463530045
rat195_or30,run-1787236552_i0,0.39285714285714285,0.4910878918254456
rat195_or30,run-1787236552_i0,0.6153846153846154,0.5666571912563234
rat195_or30,run-1787236552_i0,0.8888888888888888,0.5894837695933776
rat195_or30,run-1787236552_i0,0.20833333333333334,0.44957845258524215
rat195_or30,run-1787236552_i0,0.23076923076923078,0.49603366983460684
rat195_or30,run-1787236552_i0,0.17391304347826086,0.5207938404532395
rat195_or30,run-1787236552_i0,0.391304347826087,0.4634433812365382
rat195_or30,run-1787236552_i0,0.7272727272727273,0.5119856353877668
rat195_or30,run-1787236552_i0,0.2,0.4285282144358651
rat195_or30,run-1787236552_i0,0.1,0.4779562209852055
rat195_or30,run-1787236552_i0,0.18518518518518517,0.48371734902652563
rat195_or30,run-1787236552_i0,0.2222222222222222,0.5187669789876365
rat195_or30,run-1787236552_i0,0.42857142857142855,0.507500848272352
rat195_or30,run-1787236552_i0,0.36363636363636365,0.49926141144488634
rat195_or30,run-1787236552_i0,0.7083333333333334,0.524709935687098
rat195_or30,run-1787236552_i0,0.391304347826087,0.5007222469266851
rat195_or30,run-1787236552_i0,0.6153846153846154,0.49132989237865143
rat195_or30,run-1787236552_i0,0.14814814814814814,0.4707431228206122
rat195_or30,run-1787236552_i0,0.26666666666666666,0.5043512796288384
rat195_or30,run-1787236552_i0,1.0,0.6989962766378832
rat195_or30,run-1787236552_i0,0.5416666666666666,0.552083023861933
rat195_or30,run-1787236552_i0,0.21739130434782608,0.5257373522882396
rat195_or30,run-1787236552_i0,0.8076923076923077,0.563195769880581
rat195_or30,run-1787236552_i0,0.8,0.5422789725209081
rat195_or30,run-1787236552_i0,0.0,0.3584243210348168
rat195_or30,run-1787236552_i0,0.0,0.3414265729150475
rat195_or30,run-1787236552_i0,0.25925925925925924,0.5079083843969512
rat195_or30,run-1787236552_i0,0.045454545454545456,0.45359518556327594
rat195_or30,run-1787236552_i0,0.3,0.5261582366538492
rat195_or30,run-1787236552_i0,0.5,0.4942206891887322
rat195_or30,run-1787236552_i0,0.75,0.5079658544955388
rat195_or30,run-1787236552_i0,0.09523809523809523,0.4831714972471939
rat195_or30,run-1787236552_i0,0.9642857142857143,0.6814828423277627
rat195_or30,run-1787236552_i0,0.4782608695652174,0.5167274636411364
rat195_or30,run-1787236552_i0,1.0,0.7312809719272515
rat195_or30,run-1787236552_i0,0.43478260869565216,0.5177366688164013
rat195_or30,run-1787236552_i0,0.5,0.508466328921284
rat195_or30,run-1787236552_i0,0.65,0.5564799700631641
rat195_or30,run-1787236552_i0,0.14285714285714285,0.47094980706923084
rat195_or30,run-1787236552_i0,0.3333333333333333,0.4976672328060734
rat195_or30,run-1787236552_i0,1.0,0.6936303471055918
rat195_or30,run-1787236552_i0,0.3684210526315789,0.47539624308132866
rat195_or30,run-1787236552_i0,0.8695652173913043,0.6162927492385372
rat195_or30,run-1787236552_i0,0.32,0.49286423055351836
rat195_or30,run-1787236552_i0,0.7619047619047619,0.53157881727739
rat195_or30,run-1787236552_i0,0.6,0.5046429171133701
rat195_or30,run-1787236552_i0,0.6296296296296297,0.584437618838672
rat195_or30,run-1787236552_i0,0.2222222222222222,0.44269837919665794
rat195_or30,run-1787236552_i0,0.25,0.4792453375114622
rat195_or30,run-1787236552_i0,0.9615384615384616,0.6660586517036536
rat195_or30,run-1787236552_i0,0.42105263157894735,0.5280379181021325
rat195_or30,run-1787236552_i0,0.3157894736842105,0.4721903751149112
rat195_or30,run-1787236552_i0,1.0,0.6991994892981113
rat195_or30,run-1787236552_i0,0.05,0.45662741403674045
rat195_or30,run-1787236552_i0,0.9,0.6227088778349211
rat195_or30,run-1787236552_i0,0.5185185185185185,0.48525077267963973
rat195_or30,run-1787236552_i0,0.5652173913043478,0.5290311019594299
rat195_or30,run-1787236552_i0,0.7407407407407407,0.5548515860043115
rat195_or30,run-1787236552_i0,0.5714285714285714,0.5323881205837072
rat195_or30,run-1787236552_i0,0.0,0.45212504508433915
rat195_or30,run-1787236552_i0,0.6,0.525888791649227
rat195_or30,run-1787236552_i0,0.8214285714285714,0.5924767593248212
rat195_or30,run-1787236552_i0,0.45454545454545453,0.5419714495516677
rat195_or30,run-1787236552_i0,0.37037037037037035,0.5217545568387367
rat195_or30,run-1787236552_i0,0.75,0.577008730861698
rat195_or30,run-1787236552_i0,0.19230769230769232,0.45980159252180247
rat195_or30,run-1787236552_i0,0.07142857142857142,0.47002717347611467
rat195_or30,run-1787236552_i0,0.047619047619047616,0.4619610140519545
rat195_or30,run-1787236552_i0,0.0,0.41731429559546457
rat195_or30,run-1787236552_i0,0.07692307692307693,0.50956572255349
rat195_or30,run-1787236552_i0,0.09523809523809523,0.47405228416150225
rat195_or30,run-1787236552_i0,1.0,0.7945929078406175
rat195_or30,run-1787236552_i0,0.55,0.4926791544938994
rat195_or30,run-1787236552_i0,0.6428571428571429,0.5254162140874414
rat195_or30,run-1787236552_i0,0.7407407407407407,0.5391589525582331
rat195_or30,run-1787236552_i0,0.5,0.49038442488162143
rat195_or30,run-1787236552_i0,0.09523809523809523,0.4540091656131479
rat195_or30,run-1787236552_i0,0.38461538461538464,0.5342397199148761
rat195_or30,run-1787236552_i0,0.2608695652173913,0.45635889278706065
rat195_or30,run-1787236552_i0,0.92,0.6557477289461238
rat195_or30,run-1787236552_i0,0.5217391304347826,0.5191218102270703
rat195_or30,run-1787236552_i0,0.0,0.46503302584666634
rat195_or30,run-1787236552_i0,0.0,0.42119160887710744
rat195_or30,run-1787236552_i0,0.8846153846153846,0.6157235484821691
rat195_or30,run-1787236552_i0,0.7619047619047619,0.5499929608931707
rat195_or30,run-1787236552_i0,0.5714285714285714,0.5241760354927991
rat195_or30,run-1787236552_i0,0.6842105263157895,0.5343991585250959
rat195_or30,run-1787236552_i0,0.28,0.43761630646016136
rat195_or30,run-1787236552_i0,0.7083333333333334,0.5320066067499822
rat195_or30,run-1787236552_i0,0.8235294117647058,0.4902972740289217
rat195_or30,run-1787236552_i0,0.0,0.43255354093297266
rat195_or30,run-1787236552_i0,0.36,0.5057959645843849
rat195_or30,run-1787236552_i0,0.04,0.44573826777633613
rat195_or30,run-1787236552_i0,0.21052631578947367,0.4680980488368066
rat195_or30,run-1787236552_i0,0.8636363636363636,0.5866250319357311
rat195_or30,run-1787236552_i0,0.15,0.4751370396413153
rat195_or30,run-1787236552_i0,0.8181818181818182,0.5763145815574088
rat195_or30,run-1787236552_i0,0.96,0.7006975976526681
rat195_or30,run-1787236552_i0,0.6666666666666666,0.5156772400137086
rat195_or30,run-1787236552_i0,0.7142857142857143,0.4806036100270189
rat195_or30,run-1787236552_i0,0.8181818181818182,0.5784933875595313
rat195_or30,run-1787236552_i0,0.25,0.4799658375646396
rat195_or30,run-1787236552_i0,0.16666666666666666,0.4360619731047923
rat195_or30,run-1787236552_i0,0.375,0.38907186082458606
rat195_or30,run-1787236552_i0,1.0,0.5579365366161159
rat195_or30,run-1787236552_i0,0.2857142857142857,0.5394429121082885
rat195_or30,run-1787236552_i0,0.2777777777777778,0.5299909235739538
rat195_or30,run-1787236552_i0,0.7916666666666666,0.5371722148835125
rat195_or30,run-1787236552_i0,0.5,0.577426822646725
rat195_or30,run-1787236552_i0,0.0,0.4444449289898682
rat195_or30,run-1787236552_i0,0.85,0.5437570256879971
rat195_or30,run-1787236552_i0,0.09523809523809523,0.4322210411592955
rat195_or30,run-1787236552_i0,0.6666666666666666,0.5753189295777468
rat195_or30,run-1787236552_i0,0.29411764705882354,0.5585601264011174
rat195_or30,run-1787236552_i0,0.85,0.5875648004989151
rat195_or30,run-1787236552_i0,0.29411764705882354,0.44911224349892603
rat195_or30,run-1787236552_i0,0.42857142857142855,0.5035645830073541
rat195_or30,run-1787236552_i0,0.32,0.49181567638876195
rat195_or30,run-1787236552_i0,0.08695652173913043,0.4580024660912454
rat195_or30,run-1787236552_i0,0.18181818181818182,0.47803851542829456
rat195_or30,run-1787236552_i0,0.0,0.4140438052162482
rat195_or30,run-1787236552_i0,0.8666666666666667,0.6055423384589879
rat195_or30,run-1787236552_i0,0.0,0.3936590659222983
rat195_or30,run-1787236552_i0,0.42857142857142855,0.530806990817147
rat195_or30,run-1787236552_i0,0.5,0.5950496459887519
rat195_or30,run-1787236552_i0,0.5217391304347826,0.5127150239505416
rat195_or30,run-1787236552_i0,0.1111111111111111,0.4478444115788669
rat195_or30,run-1787236552_i0,0.04,0.39360230955602404
rat195_or30,run-1787236552_i0,0.5,0.5096037146555511
rat195_or30,run-1787236552_i0,0.3333333333333333,0.49778055869164045
rat195_or30,run-1787236552_i0,0.24,0.46458318684198757
rat195_or30,run-1787236552_i0,0.19047619047619047,0.4412851059092048
rat195_or30,run-1787236552_i0,0.05,0.4108395199389654
rat195_or30,run-1787236552_i0,0.5416666666666666,0.49932408922795396
rat195_or30,run-1787236552_i0,0.5909090909090909,0.5773048425843975
rat195_or30,run-1787236552_i0,0.9230769230769231,0.6313244647496193
rat195_or30,run-1787236552_i0,0.3,0.5119657783459534
rat195_or30,run-1787236552_i0,0.38461538461538464,0.4990688250382601
rat195_or30,run-1787236552_i0,0.038461538461538464,0.4784304959917562
rat195_or30,run-1787236552_i0,0.6086956521739131,0.5595355852537796
rat195_or30,run-1787236552_i0,0.7222222222222222,0.5460152781307461
rat195_or30,run-1787236552_i0,0.18181818181818182,0.4630030021662963
rat195_or30,run-1787236552_i0,0.5789473684210527,0.544173966885291
rat195_or30,run-1787236552_i0,0.7692307692307693,0.4656629682399004
rat195_or30,run-1787236552_i0,0.9583333333333334,0.5504737186087955
rat195_or30,run-1787236552_i0,0.6666666666666666,0.45379716957443184
rat195_or30,run-1787236552_i0,0.5,0.5506129156880661
rat195_or30,run-1787236552_i0,0.23809523809523808,0.5157951218849548
rat195_or30,run-1787236552_i0,0.45454545454545453,0.527489306160427
rat195_or30,run-1787236552_i0,0.5263157894736842,0.5637843696110366
rat195_or30,run-1787236552_i0,0.631578947368421,0.5866365885754061
rat195_or30,run-1787236552_i0,0.8695652173913043,0.5685793692395055
rat195_or30,run-1787236552_i0,0.52,0.5588106869842555
rat195_or30,run-1787236552_i0,0.4642857142857143,0.5047721912840128
rat195_or30,run-1787236552_i0,0.2727272727272727,0.49562165402632163
rat195_or30,run-1787236552_i0,0.2777777777777778,0.5136344440778622
rat195_or30,run-1787236552_i0,0.125,0.4755297984603408
rat195_or30,run-1787236552_i0,0.1111111111111111,0.4901748110540587
rat195_or30,run-1787236552_i0,0.5416666666666666,0.5002909702240471
rat195_or30,run-1787236552_i0,0.038461538461538464,0.44469008118324777
rat195_or30,run-1787236552_i0,0.08,0.4475426829739995
rat195_or30,run-1787236552_i0,0.5625,0.4200702421111064
rat195_or30,run-1787236552_i0,0.6956521739130435,0.5407789092961215
rat195_or30,run-1787236552_i0,0.3684210526315789,0.5260750479320734
rat195_or30,run-1787236552_i0,0.47368421052631576,0.5247832615877466
rat195_or30,run-1787236552_i0,0.65,0.49601727137977697
rat195_or30,run-1787236552_i0,0.47619047619047616,0.4650179550557307
rat195_or30,run-1787236552_i0,0.08333333333333333,0.4434404392175333
rat195_or30,run-1787236552_i0,0.2857142857142857,0.5377977581384319
rat195_or30,run-1787236552_i0,0.4,0.5139269809373812
rat195_or30,run-1787236552_i0,0.22727272727272727,0.41089841123810206
rat195_or30,run-1787236552_i0,0.5,0.5392919241523532
rat195_or30,run-1787236552_i0,0.21428571428571427,0.5215548561915987
rat195_or30,run-1787236552_i0,0.5714285714285714,0.5405058707908758
rat195_or30,run-1787236552_i0,0.3157894736842105,0.48629405873420994
rat195_or30,run-1787236552_i0,0.3181818181818182,0.5136071521119462
rat195_or30,run-1787236552_i0,0.32,0.4754831608137
rat195_or30,run-1787236552_i0,0.5555555555555556,0.5120445310473707
rat195_or30,run-1787236552_i0,0.03571428571428571,0.4519806915803991
rat195_or30,run-1787236552_i0,0.7777777777777778,0.5863303886827819
rat195_or30,run-1787236552_i0,0.391304347826087,0.4833441986268118
rat195_or30,run-1787236552_i0,0.2727272727272727,0.4869917237709692
rat195_or30,run-1787236697_i0,0.0,0.3946969328731833
rat195_or30,run-1787236697_i0,0.16666666666666666,0.41423216760330744
rat195_or30,run-1787236697_i0,0.35294117647058826,0.5213303012461445
rat195_or30,run-1787236697_i0,0.1,0.4730042401717008
rat195_or30,run-1787236697_i0,0.8333333333333334,0.6109069853669439
rat195_or30,run-1787236697_i0,0.0,0.4913352595895709
rat195_or30,run-1787236697_i0,0.23076923076923078,0.5370678896990352
rat195_or30,run-1787236697_i0,0.5416666666666666,0.5744527555368263
rat195_or30,run-1787236697_i0,0.6,0.5363541268305851
rat195_or30,run-1787236697_i0,0.1111111111111111,0.47354960225743914
rat195_or30,run-1787236697_i0,0.17391304347826086,0.5094200367409247
rat195_or30,run-1787236697_i0,0.15789473684210525,0.49822727657874666
rat195_or30,run-1787236697_i0,0.047619047619047616,0.42478466444305973
rat195_or30,run-1787236697_i0,0.14285714285714285,0.5267583854194333
rat195_or30,run-1787236697_i0,0.18181818181818182,0.5157080422368967
rat195_or30,run-1787236697_i0,0.6296296296296297,0.5872167369054786
rat195_or30,run-1787236697_i0,0.23076923076923078,0.5134564253020291
rat195_or30,run-1787236697_i0,0.4583333333333333,0.5423798304929168
rat195_or30,run-1787236697_i0,0.34615384615384615,0.5268321687801152
rat195_or30,run-1787236697_i0,0.12,0.44977162865412657
rat195_or30,run-1787236697_i0,0.6190476190476191,0.5760620107910935
rat195_or30,run-1787236697_i0,0.15789473684210525,0.5226525717892079
rat195_or30,run-1787236697_i0,0.34782608695652173,0.49618039171275247
rat195_or30,run-1787236697_i0,0.5,0.45989316947206477
rat195_or30,run-1787236697_i0,0.10714285714285714,0.4402200535061607
rat195_or30,run-1787236697_i0,0.7142857142857143,0.5635722974477879
rat195_or30,run-1787236697_i0,0.625,0.5652948410074362
rat195_or30,run-1787236697_i0,0.18181818181818182,0.5771903943274899
rat195_or30,run-1787236697_i0,0.7407407407407407,0.5645610994040741
rat195_or30,run-1787236697_i0,0.375,0.5114539675567513
rat195_or30,run-1787236697_i0,0.6956521739130435,0.6174596250768608
rat195_or30,run-1787236697_i0,0.30434782608695654,0.520370776889468
rat195_or30,run-1787236697_i0,0.25,0.49618518048684235
rat195_or30,run-1787236697_i0,0.4,0.5034880834160874
rat195_or30,run-1787236697_i0,0.26666666666666666,0.4844412611879157
rat195_or30,run-1787236697_i0,0.17391304347826086,0.4766820474299817
rat195_or30,run-1787236697_i0,0.20833333333333334,0.45882268070985427
rat195_or30,run-1787236697_i0,0.6785714285714286,0.558938347586503
rat195_or30,run-1787236697_i0,0.6363636363636364,0.5488934634015235
rat195_or30,run-1787236697_i0,0.72,0.6017237474928289
rat195_or30,run-1787236697_i0,0.47619047619047616,0.5091750865051903
rat195_or30,run-1787236697_i0,0.4782608695652174,0.5154393444626237
rat195_or30,run-1787236697_i0,0.15789473684210525,0.4325565555825833
rat195_or30,run-1787236697_i0,0.5185185185185185,0.5550253280782516
rat195_or30,run-1787236697_i0,0.76,0.5882361180366077
rat195_or30,run-1787236697_i0,0.05,0.4592097218501191
rat195_or30,run-1787236697_i0,0.38095238095238093,0.6009450426609482
rat195_or30,run-1787236697_i0,0.36,0.5348725034082642
rat195_or30,run-1787236697_i0,0.5,0.5512529247032866
rat195_or30,run-1787236697_i0,0.8148148148148148,0.6010987065520035
rat195_or30,run-1787236697_i0,0.42857142857142855,0.48000096083235533
rat195_or30,run-1787236697_i0,0.5238095238095238,0.5439734123911854
rat195_or30,run-1787236697_i0,0.16666666666666666,0.4721156245982106
rat195_or30,run-1787236697_i0,0.08,0.3541998378137999
rat195_or30,run-1787236697_i0,0.8,0.5537785869074988
rat195_or30,run-1787236697_i0,0.782608695652174,0.5959263974712165
rat195_or30,run-1787236697_i0,0.8571428571428571,0.5107291277892168
rat195_or30,run-1787236697_i0,0.05,0.4917082011780698
rat195_or30,run-1787236697_i0,0.5789473684210527,0.5537413011972686
rat195_or30,run-1787236697_i0,0.8636363636363636,0.6580523278149136
rat195_or30,run-1787236697_i0,0.5384615384615384,0.551918342224046
rat195_or30,run-1787236697_i0,0.16666666666666666,0.46904926229256766
rat195_or30,run-1787236697_i0,0.4782608695652174,0.5320340306718363
rat195_or30,run-1787236697_i0,0.7857142857142857,0.5821022582453994
rat195_or30,run-1787236697_i0,0.2,0.44150717613887075
rat195_or30,run-1787236697_i0,0.0,0.37616928980590625
rat195_or30,run-1787236697_i0,0.38461538461538464,0.5185667991979488
rat195_or30,run-1787236697_i0,0.9230769230769231,0.7076590757901576
rat195_or30,run-1787236697_i0,0.7619047619047619,0.5716166759711955
rat195_or30,run-1787236697_i0,0.34615384615384615,0.49221137757947575
rat195_or30,run-1787236697_i0,0.17391304347826086,0.4450885049768727
rat195_or30,run-1787236697_i0,0.7272727272727273,0.5814140480591498
rat195_or30,run-1787236697_i0,0.7407407407407407,0.5070470616922701
rat195_or30,run-1787236697_i0,0.9230769230769231,0.6893495365272578
rat195_or30,run-1787236697_i0,0.5,0.48371300980752385
rat195_or30,run-1787236697_i0,0.2777777777777778,0.4566342613135405
rat195_or30,run-1787236697_i0,0.6111111111111112,0.6273951697252067
rat195_or30,run-1787236697_i0,0.68,0.5138385031876079
rat195_or30,run-1787236697_i0,0.7307692307692307,0.5349367686280515
rat195_or30,run-1787236697_i0,0.2222222222222222,0.4480822366880532
rat195_or30,run-1787236697_i0,0.21428571428571427,0.4168904321593829
rat195_or30,run-1787236697_i0,0.875,0.5715717408813715
rat195_or30,run-1787236697_i0,0.21739130434782608,0.4612957975425903
rat195_or30,run-1787236697_i0,0.5714285714285714,0.5311975978117052
rat195_or30,run-1787236697_i0,0.4090909090909091,0.4760940155487254
rat195_or30,run-1787236697_i0,0.0,0.4567255548297915
rat195_or30,run-1787236697_i0,0.5,0.5644592928965294
rat195_or30,run-1787236697_i0,0.05,0.35621724029049573
rat195_or30,run-1787236697_i0,0.32,0.48614923755255096
rat195_or30,run-1787236697_i0,0.23076923076923078,0.5137762385660657
rat195_or30,run-1787236697_i0,0.09090909090909091,0.42483609400029726
rat195_or30,run-1787236697_i0,0.3333333333333333,0.562546459780209
rat195_or30,run-1787236697_i0,0.07142857142857142,0.5054991545902484
rat195_or30,run-1787236697_i0,0.18518518518518517,0.4367642369746827
rat195_or30,run-1787236697_i0,0.25,0.4299238888762416
rat195_or30,run-1787236697_i0,0.0,0.33913671328994993
rat195_or30,run-1787236697_i0,0.75,0.4780247692119047
rat195_or30,run-1787236697_i0,1.0,0.7427809253863191
rat195_or30,run-1787236697_i0,0.3181818181818182,0.4708447831997917
rat195_or30,run-1787236697_i0,0.8518518518518519,0.6432522994696718
rat195_or30,run-1787236697_i0,0.85,0.580085345138819
rat195_or30,run-1787236697_i0,0.5714285714285714,0.5111575214264604
rat195_or30,run-1787236697_i0,0.44,0.49095491779801803
rat195_or30,run-1787236697_i0,0.7142857142857143,0.5555288645342169
rat195_or30,run-1787236697_i0,0.045454545454545456,0.43421144163243675
rat195_or30,run-1787236697_i0,0.23809523809523808,0.48124683332025037
rat195_or30,run-1787236697_i0,0.2631578947368421,0.48396150584417974
rat195_or30,run-1787236697_i0,0.5,0.4630359544019999
rat195_or30,run-1787236697_i0,0.0,0.3602428303790171
rat195_or30,run-1787236697_i0,0.13636363636363635,0.49932815629959154
rat195_or30,run-1787236697_i0,0.9047619047619048,0.6628158458244111
rat195_or30,run-1787236697_i0,0.5217391304347826,0.6251716619640496
rat195_or30,run-1787236697_i0,0.0,0.44209400776851576
rat195_or30,run-1787236697_i0,0.0,0.45978430638105405
rat195_or30,run-1787236697_i0,0.0,0.4723603162200024
rat195_or30,run-1787236697_i0,0.1875,0.49548547073905813
rat195_or30,run-1787236697_i0,0.16,0.49696152108481656
rat195_or30,run-1787236697_i0,0.9047619047619048,0.711833836900861
rat195_or30,run-1787236697_i0,0.3,0.49664682932091553
rat195_or30,run-1787236697_i0,0.3333333333333333,0.5287595543424979
rat195_or30,run-1787236697_i0,0.38095238095238093,0.5630837249459661
rat195_or30,run-1787236697_i0,0.96,0.6105096036887216
rat195_or30,run-1787236697_i0,0.0,0.4632195755616113
rat195_or30,run-1787236697_i0,0.08695652173913043,0.47530130245644975
rat195_or30,run-1787236697_i0,0.5454545454545454,0.4287230079272634
rat195_or30,run-1787236697_i0,0.5217391304347826,0.5470160237718348
rat195_or30,run-1787236697_i0,0.5,0.5391887440822366
rat195_or30,run-1787236697_i0,0.8214285714285714,0.6516050226360298
rat195_or30,run-1787236697_i0,0.0,0.49516658156306176
rat195_or30,run-1787236697_i0,0.0,0.4721330119378858
rat195_or30,run-1787236697_i0,0.625,0.6283527508254758
rat195_or30,run-1787236697_i0,0.07142857142857142,0.45771870192135683
rat195_or30,run-1787236697_i0,0.37037037037037035,0.5064477435609964
rat195_or30,run-1787236697_i0,0.7777777777777778,0.5826864468345235
rat195_or30,run-1787236697_i0,0.0,0.5482256529069701
rat195_or30,run-1787236697_i0,0.0,0.4128874932018736
rat195_or30,run-1787236697_i0,0.7037037037037037,0.6169011874760985
rat195_or30,run-1787236697_i0,0.045454545454545456,0.4344231339440378
rat195_or30,run-1787236697_i0,0.9523809523809523,0.6738492970990098
rat195_or30,run-1787236697_i0,0.9230769230769231,0.5431289014631258
rat195_or30,run-1787236697_i0,0.09523809523809523,0.4335796280151118
rat195_or30,run-1787236697_i0,0.8928571428571429,0.7043158697682377
rat195_or30,run-1787236697_i0,0.56,0.5457680823183175
rat195_or30,run-1787236697_i0,0.0,0.43863968954974264
rat195_or30,run-1787236697_i0,0.125,0.5236698607319962
rat195_or30,run-1787236697_i0,0.4,0.49745937049989714
rat195_or30,run-1787236697_i0,0.14285714285714285,0.4553342128116569
rat195_or30,run-1787236697_i0,0.2,0.48878423723264947
rat195_or30,run-1787236697_i0,0.7037037037037037,0.6012406373343528
rat195_or30,run-1787236697_i0,0.12,0.45788091185654745
rat195_or30,run-1787236697_i0,0.6538461538461539,0.5347420543528328
rat195_or30,run-1787236697_i0,1.0,0.7211306312920133
rat195_or30,run-1787236697_i0,0.5714285714285714,0.5616211160413546
rat195_or30,run-1787236697_i0,0.5,0.5445382972808309
rat195_or30,run-1787236697_i0,0.95,0.7248517148586086
rat195_or30,run-1787236697_i0,0.5714285714285714,0.5467104919666801
rat195_or30,run-1787236697_i0,0.20833333333333334,0.501142081459776
rat195_or30,run-1787236697_i0,0.5925925925925926,0.5761491793926629
rat195_or30,run-1787236697_i0,0.15,0.5078863123726031
rat195_or30,run-1787236697_i0,0.56,0.4067463450491411
rat195_or30,run-1787236697_i0,0.13636363636363635,0.5313933480568283
rat195_or30,run-1787236697_i0,0.5555555555555556,0.5710842034453512
rat195_or30,run-1787236697_i0,0.8947368421052632,0.7022584877025234
rat195_or30,run-1787236697_i0,0.72,0.557137174338323
rat195_or30,run-1787236697_i0,0.13043478260869565,0.46106488229001386
rat195_or30,run-1787236697_i0,0.09523809523809523,0.45261918291661685
rat195_or30,run-1787236697_i0,0.0,0.4338859934670287
rat195_or30,run-1787236697_i0,0.6538461538461539,0.5909444666489031
rat195_or30,run-1787236697_i0,0.75,0.5768680690019363
rat195_or30,run-1787236697_i0,0.058823529411764705,0.5273733063948721
rat195_or30,run-1787236697_i0,0.10714285714285714,0.4561182597594767
rat195_or30,run-1787236697_i0,0.9583333333333334,0.6890969890460725
rat195_or30,run-1787236697_i0,0.19047619047619047,0.5171596608430966
rat195_or30,run-1787236697_i0,0.7272727272727273,0.5777261852918054
rat195_or30,run-1787236697_i0,0.5416666666666666,0.5332268293273305
rat195_or30,run-1787236697_i0,0.1,0.44074594062171524
rat195_or30,run-1787236697_i0,0.7,0.5328533272500878
rat195_or30,run-1787236697_i0,0.043478260869565216,0.42396517090964103
rat195_or30,run-1787236697_i0,0.13636363636363635,0.5683022466482217
rat195_or30,run-1787236697_i0,0.6842105263157895,0.6123693281026781
rat195_or30,run-1787236697_i0,0.9545454545454546,0.6310363913654626
rat195_or30,run-1787236697_i0,0.11764705882352941,0.5518501794039395
rat195_or30,run-1787236697_i0,0.0,0.2983911864140262
rat195_or30,run-1787236697_i0,0.2,0.5648238346407548
rat195_or30,run-1787236697_i0,0.038461538461538464,0.4359392472541781
rat195_or30,run-1787236697_i0,0.2857142857142857,0.5664514047853895
rat195_or30,run-1787236697_i0,0.17391304347826086,0.4982501020547012
rat195_or30,run-1787236848_i0,0.05555555555555555,0.4554580365477019
rat195_or30,run-1787236848_i0,0.6521739130434783,0.5649891117411235
rat195_or30,run-1787236848_i0,0.5454545454545454,0.5255623407162996
rat195_or30,run-1787236848_i0,0.9523809523809523,0.6963160554837985
rat195_or30,run-1787236848_i0,0.7,0.6352672338511899
rat195_or30,run-1787236848_i0,0.22727272727272727,0.489907269519078
rat195_or30,run-1787236848_i0,0.21739130434782608,0.48985713893992167
rat195_or30,run-1787236848_i0,1.0,0.7235933712648948
rat195_or30,run-1787236848_i0,0.21428571428571427,0.5334376267063117
rat195_or30,run-1787236848_i0,1.0,0.6702647782443965
rat195_or30,run-1787236848_i0,0.29411764705882354,0.4824193779278412
rat195_or30,run-1787236848_i0,0.25,0.4963801333920168
rat195_or30,run-1787236848_i0,0.72,0.5925383114165031
rat195_or30,run-1787236848_i0,1.0,0.728242909812371
rat195_or30,run-1787236848_i0,0.08695652173913043,0.4359714571460321
rat195_or30,run-1787236848_i0,0.7857142857142857,0.566599900137168
rat195_or30,run-1787236848_i0,0.2222222222222222,0.5456154347839852
rat195_or30,run-1787236848_i0,0.75,0.5493078823753021
rat195_or30,run-1787236848_i0,0.21739130434782608,0.5194902351459559
rat195_or30,run-1787236848_i0,0.14285714285714285,0.4605100749837997
rat195_or30,run-1787236848_i0,0.5769230769230769,0.5198600382998959
rat195_or30,run-1787236848_i0,0.0,0.5050836855772693
rat195_or30,run-1787236848_i0,0.0,0.37416958007151446
rat195_or30,run-1787236848_i0,0.9130434782608695,0.5901627014358293
rat195_or30,run-1787236848_i0,0.2222222222222222,0.5381061161156847
rat195_or30,run-1787236848_i0,0.5769230769230769,0.5601173659179732
rat195_or30,run-1787236848_i0,0.8076923076923077,0.5567141806824464
rat195_or30,run-1787236848_i0,0.7,0.532264128846948
rat195_or30,run-1787236848_i0,0.12,0.48200618287087776
rat195_or30,run-1787236848_i0,0.9130434782608695,0.5744575305113422
rat195_or30,run-1787236848_i0,0.8636363636363636,0.5583512700358344
rat195_or30,run-1787236848_i0,0.4,0.5327636515214673
rat195_or30,run-1787236848_i0,0.0,0.38235719961154757
rat195_or30,run-1787236848_i0,0.13043478260869565,0.4627671801247623
rat195_or30,run-1787236848_i0,0.4642857142857143,0.48186883896550153
rat195_or30,run-1787236848_i0,0.8,0.5497464388943697
rat195_or30,run-1787236848_i0,0.1111111111111111,0.5077583447312517
rat195_or30,run-1787236848_i0,1.0,0.7197544522810738
rat195_or30,run-1787236848_i0,0.6521739130434783,0.54120805537916
rat195_or30,run-1787236848_i0,0.8636363636363636,0.5681273432947411
rat195_or30,run-1787236848_i0,0.6428571428571429,0.5393686462663908
rat195_or30,run-1787236848_i0,0.4583333333333333,0.5118293055168479
rat195_or30,run-1787236848_i0,0.3888888888888889,0.603252272784192
rat195_or30,run-1787236848_i0,0.9,0.6540962264842862
rat195_or30,run-1787236848_i0,0.2,0.45473825714510446
rat195_or30,run-1787236848_i0,0.08333333333333333,0.4820900935575557
rat195_or30,run-1787236848_i0,0.6956521739130435,0.548850837835363
rat195_or30,run-1787236848_i0,0.36,0.4728146749618566
rat195_or30,run-1787236848_i0,0.2962962962962963,0.4702847686298709
rat195_or30,run-1787236848_i0,0.16,0.46928030058582687
rat195_or30,run-1787236848_i0,0.6363636363636364,0.5496663916993542
rat195_or30,run-1787236848_i0,0.8095238095238095,0.5458144404782848
rat195_or30,run-1787236848_i0,0.4,0.49380047052839066
rat195_or30,run-1787236848_i0,0.6428571428571429,0.5436132734078516
rat195_or30,run-1787236848_i0,0.0,0.44935205782003274
rat195_or30,run-1787236848_i0,0.2857142857142857,0.5231348839015801
rat195_or30,run-1787236848_i0,0.25925925925925924,0.48351803633807466
rat195_or30,run-1787236848_i0,0.96,0.6167878651817001
rat195_or30,run-1787236848_i0,0.08333333333333333,0.4696200057141998
rat195_or30,run-1787236848_i0,0.18181818181818182,0.4514525718727956
rat195_or30,run-1787236848_i0,0.4074074074074074,0.4924077024312531
rat195_or30,run-1787236848_i0,0.43478260869565216,0.5092581947628314
rat195_or30,run-1787236848_i0,0.0,0.5147292978332298
rat195_or30,run-1787236848_i0,0.6818181818181818,0.5270989036002883
rat195_or30,run-1787236848_i0,0.2692307692307692,0.5210041894122127
rat195_or30,run-1787236848_i0,0.03571428571428571,0.431801469194672
rat195_or30,run-1787236848_i0,0.20833333333333334,0.4634202694821218
rat195_or30,run-1787236848_i0,0.2,0.47572783350628384
rat195_or30,run-1787236848_i0,0.16,0.471091658084449
rat195_or30,run-1787236848_i0,0.6363636363636364,0.545960993673412
rat195_or30,run-1787236848_i0,0.32,0.5531093453607944
rat195_or30,run-1787236848_i0,0.7777777777777778,0.5334033873161083
rat195_or30,run-1787236848_i0,0.23076923076923078,0.501229952129704
rat195_or30,run-1787236848_i0,0.6190476190476191,0.5416942779004943
rat195_or30,run-1787236848_i0,0.6842105263157895,0.47906683804627254
rat195_or30,run-1787236848_i0,0.65,0.5232923555549721
rat195_or30,run-1787236848_i0,0.84,0.5888220792147967
rat195_or30,run-1787236848_i0,0.43478260869565216,0.5316854258648923
rat195_or30,run-1787236848_i0,0.5,0.46910152855343196
rat195_or30,run-1787236848_i0,0.09090909090909091,0.4560357116614006
rat195_or30,run-1787236848_i0,0.782608695652174,0.5727820778578628
rat195_or30,run-1787236848_i0,0.23076923076923078,0.4996516200735231
rat195_or30,run-1787236848_i0,1.0,0.6209514292197104
rat195_or30,run-1787236848_i0,0.5833333333333334,0.5544642057057695
rat195_or30,run-1787236848_i0,0.22727272727272727,0.4812036648987673
rat195_or30,run-1787236848_i0,0.8888888888888888,0.625530718939981
rat195_or30,run-1787236848_i0,0.25925925925925924,0.5553057477013801
rat195_or30,run-1787236848_i0,0.35714285714285715,0.5128179400641318
rat195_or30,run-1787236848_i0,0.19047619047619047,0.49041772793204197
rat195_or30,run-1787236848_i0,0.35,0.5364297596357832
rat195_or30,run-1787236848_i0,0.7619047619047619,0.5733455729445178
rat195_or30,run-1787236848_i0,0.08695652173913043,0.45069651353248585
rat195_or30,run-1787236848_i0,0.9166666666666666,0.6232817613053
rat195_or30,run-1787236848_i0,0.3076923076923077,0.5080287178316039
rat195_or30,run-1787236848_i0,0.6153846153846154,0.5305582933411936
rat195_or30,run-1787236848_i0,0.16,0.5026101141924959
rat195_or30,run-1787236848_i0,0.2857142857142857,0.4865946406497706
rat195_or30,run-1787236848_i0,0.8571428571428571,0.5945268740484391
rat195_or30,run-1787236848_i0,0.047619047619047616,0.4212324159021408
rat195_or30,run-1787236848_i0,0.42105263157894735,0.5158821186231147
rat195_or30,run-1787236848_i0,0.6666666666666666,0.5482456940949451
rat195_or30,run-1787236848_i0,0.8888888888888888,0.5602952940490885
rat195_or30,run-1787236848_i0,0.8571428571428571,0.5937633677925318
rat195_or30,run-1787236848_i0,0.4,0.5300718071698165
rat195_or30,run-1787236848_i0,0.75,0.49182733977661125
rat195_or30,run-1787236848_i0,1.0,0.5693713720270656
rat195_or30,run-1787236848_i0,0.6,0.5685568572483876
rat195_or30,run-1787236848_i0,0.0,0.507993589225924
rat195_or30,run-1787236848_i0,0.23809523809523808,0.561003155026531
rat195_or30,run-1787236848_i0,0.3157894736842105,0.5267562316041207
rat195_or30,run-1787236848_i0,1.0,0.5705584828605965
rat195_or30,run-1787236848_i0,0.55,0.508620934391945
rat195_or30,run-1787236848_i0,0.041666666666666664,0.45509750808502974
rat195_or30,run-1787236848_i0,0.6,0.5673637240458298
rat195_or30,run-1787236848_i0,0.7142857142857143,0.560304402355292
rat195_or30,run-1787236848_i0,0.07142857142857142,0.5358372242343393
rat195_or30,run-1787236848_i0,0.52,0.5543180669632196
rat195_or30,run-1787236848_i0,0.11764705882352941,0.48390016617249365
rat195_or30,run-1787236848_i0,0.5,0.5539514425738717
rat195_or30,run-1787236848_i0,0.5,0.5103267430471721
rat195_or30,run-1787236848_i0,0.05555555555555555,0.4880643101988703
rat195_or30,run-1787236848_i0,0.2,0.5531552238489059
rat195_or30,run-1787236848_i0,0.0,0.4824753624718005
rat195_or30,run-1787236848_i0,0.4090909090909091,0.5448476392518341
rat195_or30,run-1787236848_i0,0.55,0.49735773862051297
rat195_or30,run-1787236848_i0,0.0,0.4609097330131374
rat195_or30,run-1787236848_i0,0.7916666666666666,0.6393308094719723
rat195_or30,run-1787236848_i0,0.6666666666666666,0.4706194208345791
rat195_or30,run-1787236848_i0,0.44,0.5502909216351406
rat195_or30,run-1787236848_i0,1.0,0.7420695235261274
rat195_or30,run-1787236848_i0,0.047619047619047616,0.5085482420092802
rat195_or30,run-1787236848_i0,1.0,0.5699249829506705
rat195_or30,run-1787236848_i0,0.0,0.36135863472158786
rat195_or30,run-1787236848_i0,0.5,0.5039098888774448
rat195_or30,run-1787236848_i0,0.0,0.45199936057000617
rat195_or30,run-1787236848_i0,0.625,0.561076697950247
rat195_or30,run-1787236848_i0,0.4,0.413620587223664
rat195_or30,run-1787236848_i0,0.2727272727272727,0.5180180772194775
rat195_or30,run-1787236848_i0,0.21739130434782608,0.4445828940773897
rat195_or30,run-1787236848_i0,0.20833333333333334,0.5032608478070848
rat195_or30,run-1787236848_i0,0.7307692307692307,0.567338334481109
rat195_or30,run-1787236848_i0,0.05263157894736842,0.434613630680063
rat195_or30,run-1787236848_i0,0.3333333333333333,0.5224624979132384
rat195_or30,run-1787236848_i0,0.0,0.5010033141144958
rat195_or30,run-1787236848_i0,0.15,0.437457930755335
rat195_or30,run-1787236848_i0,0.05263157894736842,0.3965494549058473
rat195_or30,run-1787236848_i0,0.0,0.41962615422635946
rat195_or30,run-1787236848_i0,0.8571428571428571,0.6311674443646805
rat195_or30,run-1787236848_i0,0.2727272727272727,0.5575181452205342
rat195_or30,run-1787236848_i0,0.22727272727272727,0.5046773262181159
rat195_or30,run-1787236848_i0,0.041666666666666664,0.3680008035355565
rat195_or30,run-1787236848_i0,0.13043478260869565,0.4779360832404311
rat195_or30,run-1787236848_i0,0.0,0.2906788956998664
rat195_or30,run-1787236848_i0,0.3333333333333333,0.4935549046641802
rat195_or30,run-1787236848_i0,0.48,0.5473382458769722
rat195_or30,run-1787236848_i0,0.6190476190476191,0.5372075833662472
rat195_or30,run-1787236848_i0,0.6153846153846154,0.5303570735816536
rat195_or30,run-1787236848_i0,0.13333333333333333,0.5254860156880626
rat195_or30,run-1787236848_i0,0.2692307692307692,0.4952463081483945
rat195_or30,run-1787236848_i0,0.10526315789473684,0.5051381945641555
rat195_or30,run-1787236848_i0,0.25,0.49075063656425055
rat195_or30,run-1787236848_i0,0.2222222222222222,0.459790449645093
rat195_or30,run-1787236848_i0,0.4375,0.5957431990828539
rat195_or30,run-1787236848_i0,0.0,0.39224442213658883
rat195_or30,run-1787236848_i0,0.2777777777777778,0.5151126599771676
rat195_or30,run-1787236848_i0,0.16,0.4531255526083112
rat195_or30,run-1787236848_i0,0.46153846153846156,0.5513529689143603
rat195_or30,run-1787236848_i0,0.8421052631578947,0.6210190695671993
rat195_or30,run-1787236848_i0,0.6363636363636364,0.49952319029042047
rat195_or30,run-1787236848_i0,0.5,0.5811232203029659
rat195_or30,run-1787236848_i0,0.75,0.6414091377325335
rat195_or30,run-1787236848_i0,0.5185185185185185,0.537380980861244
rat195_or30,run-1787236848_i0,0.45454545454545453,0.5559279334770557
rat195_or30,run-1787236848_i0,0.10526315789473684,0.45460835007360884
rat195_or30,run-1787236848_i0,0.20833333333333334,0.4647797730365247
rat195_or30,run-1787236848_i0,0.9230769230769231,0.6046910676996936
rat195_or30,run-1787236848_i0,0.2631578947368421,0.4437017498284809
rat195_or30,run-1787236848_i0,1.0,0.547052172863086
rat195_or30,run-1787236848_i0,0.11538461538461539,0.4736629213483146
rat195_or30,run-1787236848_i0,0.29411764705882354,0.5438218014889519
rat195_or30,run-1787236848_i0,0.2,0.5169997755805205
rat195_or30,run-1787236848_i0,0.68,0.5719078339020262
rat195_or30,run-1787236848_i0,0.5416666666666666,0.5561548619447779
rat195_or30,run-1787236848_i0,0.6956521739130435,0.6011341485909139
rat195_or30,run-1787236848_i0,0.22727272727272727,0.4783067921184321
rat195_or30,run-1787236848_i0,0.782608695652174,0.5803124871043618
rat195_or30,run-1787236848_i0,0.47619047619047616,0.564419464398425
rat195_or30,run-1787236982_i0,0.6666666666666666,0.5073727130529535
rat195_or30,run-1787236982_i0,0.4166666666666667,0.4769999853113265
rat195_or30,run-1787236982_i0,0.21428571428571427,0.45067939835342447
rat195_or30,run-1787236982_i0,0.23809523809523808,0.5322778825130852
rat195_or30,run-1787236982_i0,0.18518518518518517,0.4938894967544455
rat195_or30,run-1787236982_i0,0.45,0.5588169853079676
rat195_or30,run-1787236982_i0,0.7307692307692307,0.5663709223926885
rat195_or30,run-1787236982_i0,0.3157894736842105,0.5255334095346954
rat195_or30,run-1787236982_i0,0.7368421052631579,0.5757716277769556
rat195_or30,run-1787236982_i0,0.38461538461538464,0.5377481579398301
rat195_or30,run-1787236982_i0,0.2,0.5006175852352226
rat195_or30,run-1787236982_i0,0.30434782608695654,0.5348569302861395
rat195_or30,run-1787236982_i0,0.041666666666666664,0.3633565835582904
rat195_or30,run-1787236982_i0,0.2962962962962963,0.5075571742587224
rat195_or30,run-1787236982_i0,0.12,0.4766475158185082
rat195_or30,run-1787236982_i0,0.35714285714285715,0.5128801220359163
rat195_or30,run-1787236982_i0,0.38461538461538464,0.5175047360309928
rat195_or30,run-1787236982_i0,0.5238095238095238,0.526585107634396
rat195_or30,run-1787236982_i0,0.05,0.45623238558659296
rat195_or30,run-1787236982_i0,0.30434782608695654,0.5299366432850218
rat195_or30,run-1787236982_i0,0.28,0.5034757135248191
rat195_or30,run-1787236982_i0,0.043478260869565216,0.4512898225481804
rat195_or30,run-1787236982_i0,0.6818181818181818,0.5333010264769373
rat195_or30,run-1787236982_i0,0.8947368421052632,0.6048323835925868
rat195_or30,run-1787236982_i0,0.7777777777777778,0.5751740188412173
rat195_or30,run-1787236982_i0,0.19230769230769232,0.5255279723496248
rat195_or30,run-1787236982_i0,1.0,0.675829453255112
rat195_or30,run-1787236982_i0,0.047619047619047616,0.4432342126765496
rat195_or30,run-1787236982_i0,0.3076923076923077,0.5082035672896325
rat195_or30,run-1787236982_i0,0.75,0.5962525968145741
rat195_or30,run-1787236982_i0,0.36363636363636365,0.5746325275528222
rat195_or30,run-1787236982_i0,0.041666666666666664,0.4492936540249045
rat195_or30,run-1787236982_i0,0.5882352941176471,0.5133565562565188
rat195_or30,run-1787236982_i0,0.8095238095238095,0.5960325449187681
rat195_or30,run-1787236982_i0,0.5416666666666666,0.5838551052037091
rat195_or30,run-1787236982_i0,0.08,0.41572429039389386
rat195_or30,run-1787236982_i0,0.7857142857142857,0.5676124614013752
rat195_or30,run-1787236982_i0,0.30434782608695654,0.5433115828633853
rat195_or30,run-1787236982_i0,0.047619047619047616,0.37980414578156846
rat195_or30,run-1787236982_i0,0.4230769230769231,0.5355080570888164
rat195_or30,run-1787236982_i0,0.4583333333333333,0.5225348174175234
rat195_or30,run-1787236982_i0,0.5185185185185185,0.5685862192290673
rat195_or30,run-1787236982_i0,0.36,0.5367769785737198
rat195_or30,run-1787236982_i0,0.7272727272727273,0.542189815359285
rat195_or30,run-1787236982_i0,0.3076923076923077,0.5309940379257903
rat195_or30,run-1787236982_i0,0.6190476190476191,0.5737920225778281
rat195_or30,run-1787236982_i0,0.45,0.554902758263699
rat195_or30,run-1787236982_i0,0.4642857142857143,0.530894057359294
rat195_or30,run-1787236982_i0,0.3,0.502064775384531
rat195_or30,run-1787236982_i0,0.30434782608695654,0.5022788339158367
rat195_or30,run-1787236982_i0,0.75,0.5481087719298245
rat195_or30,run-1787236982_i0,0.38095238095238093,0.5306918104397852
rat195_or30,run-1787236982_i0,0.36363636363636365,0.5329178675726747
rat195_or30,run-1787236982_i0,0.07692307692307693,0.40584476149786675
rat195_or30,run-1787236982_i0,0.5,0.5511421397890488
rat195_or30,run-1787236982_i0,0.8461538461538461,0.6235985160758449
rat195_or30,run-1787236982_i0,0.8181818181818182,0.6439638170286884
rat195_or30,run-1787236982_i0,0.45,0.5338227439436921
rat195_or30,run-1787236982_i0,0.35,0.4647098770618052
rat195_or30,run-1787236982_i0,0.9565217391304348,0.6949847088152593
rat195_or30,run-1787236982_i0,0.38095238095238093,0.49583469148559894
rat195_or30,run-1787236982_i0,0.39285714285714285,0.47351956972349046
rat195_or30,run-1787236982_i0,0.5416666666666666,0.5540426611266789
rat195_or30,run-1787236982_i0,0.3181818181818182,0.5498439865871377
rat195_or30,run-1787236982_i0,0.07692307692307693,0.34832456850053944
rat195_or30,run-1787236982_i0,0.7142857142857143,0.6080696880245413
rat195_or30,run-1787236982_i0,0.14285714285714285,0.5076630963281589
rat195_or30,run-1787236982_i0,0.4782608695652174,0.5663079085763056
rat195_or30,run-1787236982_i0,0.13636363636363635,0.48016411234852097
rat195_or30,run-1787236982_i0,0.21428571428571427,0.42719763485908696
rat195_or30,run-1787236982_i0,0.08333333333333333,0.4311104938069871
rat195_or30,run-1787236982_i0,0.48,0.5147080237841628
rat195_or30,run-1787236982_i0,0.9523809523809523,0.5709067606536368
rat195_or30,run-1787236982_i0,0.7857142857142857,0.5260930609102283
rat195_or30,run-1787236982_i0,0.3157894736842105,0.5837024797332363
rat195_or30,run-1787236982_i0,0.09523809523809523,0.3951393779965209
rat195_or30,run-1787236982_i0,0.0,0.2844386080105056
rat195_or30,run-1787236982_i0,0.8148148148148148,0.5845079850284203
rat195_or30,run-1787236982_i0,0.5714285714285714,0.540712247102197
rat195_or30,run-1787236982_i0,0.7083333333333334,0.588345739167101
rat195_or30,run-1787236982_i0,0.4782608695652174,0.5091034953629071
rat195_or30,run-1787236982_i0,0.15384615384615385,0.4026676103570015
rat195_or30,run-1787236982_i0,0.5294117647058824,0.4261898541454582
rat195_or30,run-1787236982_i0,0.04,0.4408813239939144
rat195_or30,run-1787236982_i0,0.88,0.6303480539297869
rat195_or30,run-1787236982_i0,0.05,0.3514300495159264
rat195_or30,run-1787236982_i0,0.43478260869565216,0.5489199016148006
rat195_or30,run-1787236982_i0,0.18181818181818182,0.5637525118459896
rat195_or30,run-1787236982_i0,0.5217391304347826,0.5515322094943917
rat195_or30,run-1787236982_i0,0.1111111111111111,0.48703215488092544
rat195_or30,run-1787236982_i0,0.7,0.5594043558732117
rat195_or30,run-1787236982_i0,0.32,0.5087537475627739
rat195_or30,run-1787236982_i0,0.2631578947368421,0.47485803117635367
rat195_or30,run-1787236982_i0,0.5555555555555556,0.48488415940842666
rat195_or30,run-1787236982_i0,0.6818181818181818,0.5367455821576173
rat195_or30,run-1787236982_i0,0.1111111111111111,0.5080268340628905
rat195_or30,run-1787236982_i0,0.32142857142857145,0.5475538294201058
rat195_or30,run-1787236982_i0,0.0,0.3027953901238252
rat195_or30,run-1787236982_i0,0.043478260869565216,0.4871996618414809
rat195_or30,run-1787236982_i0,0.9629629629629629,0.6746320858260291
rat195_or30,run-1787236982_i0,1.0,0.7296374534686707
rat195_or30,run-1787236982_i0,0.09090909090909091,0.45201398044921554
rat195_or30,run-1787236982_i0,0.0,0.22880895406697474
rat195_or30,run-1787236982_i0,0.5833333333333334,0.575908371040724
rat195_or30,run-1787236982_i0,0.375,0.5257186271363234
rat195_or30,run-1787236982_i0,0.05263157894736842,0.4335528913344572
rat195_or30,run-1787236982_i0,0.5833333333333334,0.5816848404743548
rat195_or30,run-1787236982_i0,0.47368421052631576,0.49655953627173727
rat195_or30,run-1787236982_i0,0.391304347826087,0.4608918584671285
rat195_or30,run-1787236982_i0,0.3076923076923077,0.4608255050108737
rat195_or30,run-1787236982_i0,1.0,0.5833204790332691
rat195_or30,run-1787236982_i0,0.047619047619047616,0.47378236363250614
rat195_or30,run-1787236982_i0,0.6842105263157895,0.5339479699667471
rat195_or30,run-1787236982_i0,0.8181818181818182,0.5243894377889502
rat195_or30,run-1787236982_i0,0.7777777777777778,0.5877147395464433
rat195_or30,run-1787236982_i0,0.6428571428571429,0.5461891894195771
rat195_or30,run-1787236982_i0,0.0,0.37934851068949166
rat195_or30,run-1787236982_i0,0.6086956521739131,0.557682614568842
rat195_or30,run-1787236982_i0,0.9047619047619048,0.5827882264690678
rat195_or30,run-1787236982_i0,0.058823529411764705,0.47164493006122754
rat195_or30,run-1787236982_i0,0.8,0.521973044499915
rat195_or30,run-1787236982_i0,0.05,0.5177808805858937
rat195_or30,run-1787236982_i0,0.375,0.5273339092442751
rat195_or30,run-1787236982_i0,0.5416666666666666,0.5995030015496723
rat195_or30,run-1787236982_i0,0.47619047619047616,0.5956419810838859
rat195_or30,run-1787236982_i0,0.8,0.5369917712353193
rat195_or30,run-1787236982_i0,0.07692307692307693,0.45959762646369223
rat195_or30,run-1787236982_i0,0.25,0.4822893573239592
rat195_or30,run-1787236982_i0,0.5185185185185185,0.5056539046403122
rat195_or30,run-1787236982_i0,0.1111111111111111,0.5238762152540052
rat195_or30,run-1787236982_i0,0.25,0.522322743030821
rat195_or30,run-1787236982_i0,0.0,0.48589413447782537
rat195_or30,run-1787236982_i0,0.0,0.3651851022540678
rat195_or30,run-1787236982_i0,0.047619047619047616,0.49538618822534536
rat195_or30,run-1787236982_i0,0.96,0.6704186494913029
rat195_or30,run-1787236982_i0,1.0,0.5525185333468977
rat195_or30,run-1787236982_i0,0.55,0.5154143692688239
rat195_or30,run-1787236982_i0,0.9130434782608695,0.6443478528254147
rat195_or30,run-1787236982_i0,0.5,0.5774154554777059
rat195_or30,run-1787236982_i0,0.5925925925925926,0.5200239741302409
rat195_or30,run-1787236982_i0,0.18181818181818182,0.481562885234072
rat195_or30,run-1787236982_i0,0.047619047619047616,0.4668775382692908
rat195_or30,run-1787236982_i0,0.045454545454545456,0.4978212148834532
rat195_or30,run-1787236982_i0,0.0,0.4559952162293847
rat195_or30,run-1787236982_i0,0.21428571428571427,0.5362438819570218
rat195_or30,run-1787236982_i0,0.6923076923076923,0.5657109847516825
rat195_or30,run-1787236982_i0,0.25,0.42694033895094624
rat195_or30,run-1787236982_i0,0.0,0.43172923530779284
rat195_or30,run-1787236982_i0,0.2,0.5185667687124847
rat195_or30,run-1787236982_i0,0.3076923076923077,0.5458391975014438
rat195_or30,run-1787236982_i0,0.7037037037037037,0.5774137352708858
rat195_or30,run-1787236982_i0,0.07142857142857142,0.45208414405815184
rat195_or30,run-1787236982_i0,0.5652173913043478,0.534466481035435
rat195_or30,run-1787236982_i0,0.47368421052631576,0.49567918488321194
rat195_or30,run-1787236982_i0,0.4166666666666667,0.554208108155685
rat195_or30,run-1787236982_i0,0.375,0.45542406311637085
rat195_or30,run-1787236982_i0,0.043478260869565216,0.5017157050857155
rat195_or30,run-1787236982_i0,0.65,0.531621335414112
rat195_or30,run-1787236982_i0,0.6363636363636364,0.5737336064661219
rat195_or30,run-1787236982_i0,0.2857142857142857,0.47686003220947903
rat195_or30,run-1787236982_i0,0.0,0.40795467712833755
rat195_or30,run-1787236982_i0,0.14285714285714285,0.5142441293810347
rat195_or30,run-1787236982_i0,0.38461538461538464,0.5700378618071046
rat195_or30,run-1787236982_i0,0.07692307692307693,0.425256037697596
rat195_or30,run-1787236982_i0,0.36,0.5160773726268311
rat195_or30,run-1787236982_i0,0.038461538461538464,0.4235848766854019
rat195_or30,run-1787236982_i0,0.6666666666666666,0.5559118691756194
rat195_or30,run-1787236982_i0,0.3,0.5462813617397221
rat195_or30,run-1787236982_i0,1.0,0.7725967401682584
rat195_or30,run-1787236982_i0,0.2631578947368421,0.512090974011069
rat195_or30,run-1787236982_i0,0.07407407407407407,0.46485202185176844
rat195_or30,run-1787236982_i0,0.21428571428571427,0.46684064742199227
rat195_or30,run-1787236982_i0,0.12,0.45723990643750634
rat195_or30,run-1787236982_i0,0.5,0.5369587424934013
rat195_or30,run-1787236982_i0,0.2727272727272727,0.5341447145005579
rat195_or30,run-1787236982_i0,0.2962962962962963,0.5686144890357908
rat195_or30,run-1787236982_i0,0.9629629629629629,0.712204096523688
rat195_or30,run-1787236982_i0,0.3,0.43897528166902283
rat195_or30,run-1787236982_i0,0.48,0.528533739983533
rat195_or30,run-1787236982_i0,0.0,0.5124177780250039
rat195_or30,run-1787236982_i0,0.7777777777777778,0.5865155837864026
rat195_or30,run-1787236982_i0,0.2,0.5233037007770316
rat195_or30,run-1787236982_i0,0.15,0.4875640670452971
rat195_or30,run-1787236982_i0,0.3333333333333333,0.493942782062701
rat195_or30,run-1787236982_i0,0.2608695652173913,0.4921378800024666
rat195_or30,run-1787236982_i0,0.04,0.45400383637553854
rat195_or30,run-1787236982_i0,0.7727272727272727,0.5720710040126172
rat195_or30,run-1787236982_i0,0.32142857142857145,0.4805005636978579
rat195_or30,run-1787237113_i0,0.0,0.45239220469039815
rat195_or30,run-1787237113_i0,0.5,0.5147731175187948
rat195_or30,run-1787237113_i0,0.10526315789473684,0.5514091226112429
rat195_or30,run-1787237113_i0,0.75,0.5790137596520766
rat195_or30,run-1787237113_i0,1.0,0.6523290023726134
rat195_or30,run-1787237113_i0,0.5333333333333333,0.5943041938469553
rat195_or30,run-1787237113_i0,1.0,0.6511392621835257
rat195_or30,run-1787237113_i0,0.2727272727272727,0.44880859821632746
rat195_or30,run-1787237113_i0,0.75,0.596746842281275
rat195_or30,run-1787237113_i0,0.21428571428571427,0.5060737004755949
rat195_or30,run-1787237113_i0,0.5,0.5837665002393817
rat195_or30,run-1787237113_i0,0.3125,0.5555661393191419
rat195_or30,run-1787237113_i0,0.5555555555555556,0.5694346938890867
rat195_or30,run-1787237113_i0,0.0,0.459008325043196
rat195_or30,run-1787237113_i0,0.375,0.5161363789008359
rat195_or30,run-1787237113_i0,1.0,0.6867785071723803
rat195_or30,run-1787237113_i0,0.2857142857142857,0.48734842145807594
rat195_or30,run-1787237113_i0,0.5,0.5703011726050355
rat195_or30,run-1787237113_i0,0.38461538461538464,0.5112085006672472
rat195_or30,run-1787237113_i0,0.125,0.5231529306085785
rat195_or30,run-1787237113_i0,0.8888888888888888,0.5971746825740996
rat195_or30,run-1787237113_i0,0.09090909090909091,0.4766186328700597
rat195_or30,run-1787237113_i0,0.3333333333333333,0.5021182768289574
rat195_or30,run-1787237113_i0,0.2,0.4839714538191627
rat195_or30,run-1787237113_i0,0.9,0.5782238467560724
rat195_or30,run-1787237113_i0,0.09523809523809523,0.47216155705730456
rat195_or30,run-1787237113_i0,0.5,0.5484541210454085
rat195_or30,run-1787237113_i0,0.8571428571428571,0.5765047200692699
rat195_or30,run-1787237113_i0,0.9090909090909091,0.6007880141661178
rat195_or30,run-1787237113_i0,0.8,0.5662398176771893
rat195_or30,run-1787237113_i0,0.25,0.5156838350616434
rat195_or30,run-1787237113_i0,0.3333333333333333,0.5332805110251213
rat195_or30,run-1787237113_i0,0.47058823529411764,0.5484466231065181
rat195_or30,run-1787237113_i0,0.6666666666666666,0.5382106503928138
rat195_or30,run-1787237113_i0,0.5714285714285714,0.48246392797252335
rat195_or30,run-1787237113_i0,0.0,0.348273887505531
rat195_or30,run-1787237113_i0,0.625,0.5341096215518868
rat195_or30,run-1787237113_i0,0.0,0.47453086309257436
rat195_or30,run-1787237113_i0,0.0,0.3992834530152111
rat195_or30,run-1787237113_i0,0.375,0.5290477961866064
rat195_or30,run-1787237113_i0,0.3333333333333333,0.6011479175227319
rat195_or30,run-1787237113_i0,0.5714285714285714,0.5414072284845232
rat195_or30,run-1787237113_i0,0.4,0.4984838203340805
rat195_or30,run-1787237113_i0,0.2,0.5204816375677304
rat195_or30,run-1787237113_i0,0.0,0.32835504250838476
rat195_or30,run-1787237113_i0,0.21428571428571427,0.47894038047924903
rat195_or30,run-1787237113_i0,0.21739130434782608,0.5428194521002467
rat195_or30,run-1787237113_i0,0.11538461538461539,0.511294455438749
rat195_or30,run-1787237113_i0,0.9545454545454546,0.6526540334909517
rat195_or30,run-1787237113_i0,0.0,0.4485541048087642
rat195_or30,run-1787237113_i0,0.5294117647058824,0.6257209607608242
rat195_or30,run-1787237113_i0,0.3333333333333333,0.4749305199780566
rat195_or30,run-1787237113_i0,0.041666666666666664,0.4766016098060337
rat195_or30,run-1787237113_i0,0.15789473684210525,0.5676503053940688
rat195_or30,run-1787237113_i0,0.05263157894736842,0.5058438644301501
rat195_or30,run-1787237113_i0,0.2,0.5602374821805484
rat195_or30,run-1787237113_i0,0.14285714285714285,0.5364124554161824
rat195_or30,run-1787237113_i0,0.5,0.49716568712813813
rat195_or30,run-1787237113_i0,0.125,0.5411380751553707
rat195_or30,run-1787237113_i0,0.0,0.5763675581554595
rat195_or30,run-1787237113_i0,0.6111111111111112,0.6242411124461092
rat195_or30,run-1787237113_i0,1.0,0.7277269410150067
rat195_or30,run-1787237113_i0,0.9411764705882353,0.5976093450660779
rat195_or30,run-1787237113_i0,0.15,0.5782211105892473
rat195_or30,run-1787237113_i0,0.3333333333333333,0.5708635314764862
rat195_or30,run-1787237113_i0,0.4090909090909091,0.5526607865325293
rat195_or30,run-1787237113_i0,0.0,0.3664679393132458
rat195_or30,run-1787237113_i0,0.6521739130434783,0.5859045351984523
rat195_or30,run-1787237113_i0,0.0,0.42521460011580253
rat195_or30,run-1787237113_i0,0.0625,0.4675052824897806
rat195_or30,run-1787237113_i0,0.08333333333333333,0.515420111203509
rat195_or30,run-1787237113_i0,0.4166666666666667,0.5645585670385648
rat195_or30,run-1787237113_i0,0.7894736842105263,0.628652534392871
rat195_or30,run-1787237113_i0,0.2608695652173913,0.5585113636973762
rat195_or30,run-1787237113_i0,0.3333333333333333,0.521746664356264
rat195_or30,run-1787237113_i0,0.2727272727272727,0.5474412579828895
rat195_or30,run-1787237113_i0,0.25,0.4584892751479291
rat195_or30,run-1787237113_i0,0.11764705882352941,0.48668120444881857
rat195_or30,run-1787237113_i0,0.391304347826087,0.5286841435479765
rat195_or30,run-1787237113_i0,0.1,0.5170492702363897
rat195_or30,run-1787237113_i0,0.5714285714285714,0.5977596878363832
rat195_or30,run-1787237113_i0,0.3684210526315789,0.5724121009340583
rat195_or30,run-1787237113_i0,0.3125,0.5318578913513187
rat195_or30,run-1787237113_i0,0.7,0.5815558166257911
rat195_or30,run-1787237113_i0,0.5714285714285714,0.5425672080472294
rat195_or30,run-1787237113_i0,0.55,0.5704291757715368
rat195_or30,run-1787237113_i0,0.25,0.5103315807069264
rat195_or30,run-1787237113_i0,0.29411764705882354,0.5551950786460585
rat195_or30,run-1787237113_i0,0.3181818181818182,0.5243590695019267
rat195_or30,run-1787237113_i0,0.6923076923076923,0.477018649878561
rat195_or30,run-1787237113_i0,0.0,0.5026549183324035
rat195_or30,run-1787237113_i0,0.2631578947368421,0.5314001033672875
rat195_or30,run-1787237113_i0,0.045454545454545456,0.4737007836161723
rat195_or30,run-1787237113_i0,0.2777777777777778,0.5135558654121817
rat195_or30,run-1787237113_i0,0.3333333333333333,0.5583642265803577
rat195_or30,run-1787237113_i0,0.0,0.46193249867958075
rat195_or30,run-1787237113_i0,0.45,0.5929578712728154
rat195_or30,run-1787237113_i0,0.0,0.44975482565379826
rat195_or30,run-1787237113_i0,0.15,0.46083417177352964
rat195_or30,run-1787237113_i0,0.15384615384615385,0.4214563825661225
rat195_or30,run-1787237113_i0,0.9523809523809523,0.6472466814525473
rat195_or30,run-1787237113_i0,0.05555555555555555,0.48894285056513587
rat195_or30,run-1787237113_i0,0.043478260869565216,0.48141482910893807
rat195_or30,run-1787237113_i0,0.7142857142857143,0.5884599599989611
rat195_or30,run-1787237113_i0,0.6190476190476191,0.5802900765876965
rat195_or30,run-1787237113_i0,0.2,0.5272682535039949
rat195_or30,run-1787237113_i0,0.058823529411764705,0.3849022462737441
rat195_or30,run-1787237113_i0,0.26666666666666666,0.501528440401482
rat195_or30,run-1787237113_i0,0.6842105263157895,0.5575590409818674
rat195_or30,run-1787237113_i0,0.0,0.4871659747304019
rat195_or30,run-1787237113_i0,0.9545454545454546,0.7192953674486965
rat195_or30,run-1787237113_i0,0.0,0.23902086968185474
rat195_or30,run-1787237113_i0,0.625,0.5589332094879337
rat195_or30,run-1787237113_i0,0.38461538461538464,0.5135468228515196
rat195_or30,run-1787237113_i0,0.04,0.5173838724246952
rat195_or30,run-1787237113_i0,0.05263157894736842,0.5610682555395755
rat195_or30,run-1787237113_i0,0.2777777777777778,0.5074709224402267
rat195_or30,run-1787237113_i0,0.7894736842105263,0.5426903885785491
rat195_or30,run-1787237113_i0,0.26666666666666666,0.504564289063193
rat195_or30,run-1787237113_i0,0.058823529411764705,0.36882646400193675
rat195_or30,run-1787237113_i0,0.0,0.5182632818060701
rat195_or30,run-1787237113_i0,0.8181818181818182,0.545890994785399
rat195_or30,run-1787237113_i0,0.5,0.5246884451461055
rat195_or30,run-1787237113_i0,0.2777777777777778,0.547339872108112
rat195_or30,run-1787237113_i0,0.25,0.5008411171212132
rat195_or30,run-1787237113_i0,0.8666666666666667,0.5883799688565778
rat195_or30,run-1787237113_i0,0.3333333333333333,0.5332603256059748
rat195_or30,run-1787237113_i0,0.0,0.4509756097560976
rat195_or30,run-1787237113_i0,0.42857142857142855,0.5404382810080337
rat195_or30,run-1787237113_i0,0.75,0.6111597857597016
rat195_or30,run-1787237113_i0,0.2222222222222222,0.47150523543056344
