instance,run,target_kappa,repeat,achieved_kappa,C
bonus1000,run-1782644286_i9,0.0,0,0.007262978756912653,0.7051640625288648
bonus1000,run-1782644286_i9,0.0,1,0.014859489444139591,0.6967399601022151
bonus1000,run-1782644286_i9,0.0,2,0.0038248588206285035,0.6989957249207637
bonus1000,run-1782644286_i9,0.0,3,0.04497758712591123,0.6831018963300176
bonus1000,run-1782644286_i9,0.0,4,0.03018387705549877,0.6985378736463159
bonus1000,run-1782644286_i9,0.1,0,0.07303964252784911,0.6905942514678007
bonus1000,run-1782644286_i9,0.1,1,0.059524691183113924,0.689446676332031
bonus1000,run-1782644286_i9,0.1,2,0.13163835797049542,0.6785569495223494
bonus1000,run-1782644286_i9,0.1,3,0.10427730751981704,0.6718967548463104
bonus1000,run-1782644286_i9,0.1,4,0.02429582344771768,0.7031878841186014
bonus1000,run-1782644286_i9,0.2,0,0.1509694972542369,0.6731052895536478
bonus1000,run-1782644286_i9,0.2,1,0.27140157923407326,0.64034416047999
bonus1000,run-1782644286_i9,0.2,2,0.20441387602517996,0.6605966801090642
bonus1000,run-1782644286_i9,0.2,3,0.189651604408262,0.6584307683234301
bonus1000,run-1782644286_i9,0.2,4,0.2667050030307746,0.6479778698430415
bonus1000,run-1782644286_i9,0.3,0,0.31707986033266494,0.6395352269079935
bonus1000,run-1782644286_i9,0.3,1,0.36439079377992595,0.6028400520540652
bonus1000,run-1782644286_i9,0.3,2,0.3435565173214497,0.6173024854847396
bonus1000,run-1782644286_i9,0.3,3,0.286798543322388,0.6450806475436471
bonus1000,run-1782644286_i9,0.3,4,0.26617836821135593,0.637334873712301
bonus1000,run-1782644286_i9,0.4,0,0.4335445812601358,0.5891910327790273
bonus1000,run-1782644286_i9,0.4,1,0.4108472321343963,0.6060032599897247
bonus1000,run-1782644286_i9,0.4,2,0.3932408540927466,0.612057943165441
bonus1000,run-1782644286_i9,0.4,3,0.3916616012086563,0.6091749683729885
bonus1000,run-1782644286_i9,0.4,4,0.39012304209291404,0.6072728480830423
bonus1000,run-1782644286_i9,0.5,0,0.4912020830119395,0.5820094698645898
bonus1000,run-1782644286_i9,0.5,1,0.4927527258667546,0.5885381084444575
bonus1000,run-1782644286_i9,0.5,2,0.5206656744442759,0.581829851748293
bonus1000,run-1782644286_i9,0.5,3,0.5206595289152132,0.5787408691802552
bonus1000,run-1782644286_i9,0.5,4,0.4494500101337487,0.6017660443041476
bonus1000,run-1782644286_i9,0.6,0,0.5854169085634545,0.5555656055141046
bonus1000,run-1782644286_i9,0.6,1,0.6468684526395504,0.5396540903721205
bonus1000,run-1782644286_i9,0.6,2,0.5793809920455731,0.5625006910124161
bonus1000,run-1782644286_i9,0.6,3,0.5770917602569413,0.5630713858115249
bonus1000,run-1782644286_i9,0.6,4,0.6285270100879803,0.5568751639759218
bonus1000,run-1782644286_i9,0.7,0,0.6989158563992548,0.5144221553796022
bonus1000,run-1782644286_i9,0.7,1,0.6915427319913331,0.5151781104801239
bonus1000,run-1782644286_i9,0.7,2,0.7461068557745177,0.5093806034578178
bonus1000,run-1782644286_i9,0.7,3,0.6876487322666226,0.5400000738451541
bonus1000,run-1782644286_i9,0.7,4,0.6883421256469466,0.539398529574759
bonus1000,run-1782644286_i9,0.8,0,0.7946493680544585,0.49955871165961346
bonus1000,run-1782644286_i9,0.8,1,0.8110822758322047,0.4847299064108909
bonus1000,run-1782644286_i9,0.8,2,0.8049261586892574,0.4766643242843406
bonus1000,run-1782644286_i9,0.8,3,0.7939710053054567,0.48261262027812407
bonus1000,run-1782644286_i9,0.8,4,0.7957381929108372,0.4851667608401009
bonus1000,run-1782644286_i9,0.9,0,0.8985147770420333,0.43118309339239574
bonus1000,run-1782644286_i9,0.9,1,0.9014132602925926,0.4352495133833431
bonus1000,run-1782644286_i9,0.9,2,0.9003347421548348,0.42878904821871067
bonus1000,run-1782644286_i9,0.9,3,0.9018480083461451,0.440185050597467
bonus1000,run-1782644286_i9,0.9,4,0.9007199853802986,0.43243553135772517
bonus1000,run-1782644286_i9,0.95,0,0.9504054772148894,0.3901974240059622
bonus1000,run-1782644286_i9,0.95,1,0.9462077106524337,0.39377384668747833
bonus1000,run-1782644286_i9,0.95,2,0.9441135364754034,0.4040498775953298
bonus1000,run-1782644286_i9,0.95,3,0.9514628488092699,0.3975416944999059
bonus1000,run-1782644286_i9,0.95,4,0.9482624942094474,0.4005094042441747
bonus1000,run-1782644748_i9,0.0,0,0.11254156079413384,0.6537739994990998
bonus1000,run-1782644748_i9,0.0,1,0.05011142919400871,0.6767253422743783
bonus1000,run-1782644748_i9,0.0,2,0.018980746149319307,0.6706014069438264
bonus1000,run-1782644748_i9,0.0,3,0.0367810561737719,0.6743753398104153
bonus1000,run-1782644748_i9,0.0,4,0.02592203492282406,0.6682651628669884
bonus1000,run-1782644748_i9,0.1,0,0.03224127037039634,0.6796855780330413
bonus1000,run-1782644748_i9,0.1,1,0.09813125583332502,0.6697847725259263
bonus1000,run-1782644748_i9,0.1,2,0.06734170780222247,0.6649685686310681
bonus1000,run-1782644748_i9,0.1,3,0.0636984793892906,0.6692324417324063
bonus1000,run-1782644748_i9,0.1,4,0.05953818537250488,0.6706518705624696
bonus1000,run-1782644748_i9,0.2,0,0.2444446466642105,0.6290962388596014
bonus1000,run-1782644748_i9,0.2,1,0.1955227922893074,0.6353105822057058
bonus1000,run-1782644748_i9,0.2,2,0.19256878445973102,0.6414241164241165
bonus1000,run-1782644748_i9,0.2,3,0.2366332941326215,0.6381831833249908
bonus1000,run-1782644748_i9,0.2,4,0.12312734366827023,0.6557536957942288
bonus1000,run-1782644748_i9,0.3,0,0.3306907088547547,0.6069491173023853
bonus1000,run-1782644748_i9,0.3,1,0.2750196069993685,0.6171896039346679
bonus1000,run-1782644748_i9,0.3,2,0.3320097056042446,0.6126125062569062
bonus1000,run-1782644748_i9,0.3,3,0.303164125165974,0.622814420086475
bonus1000,run-1782644748_i9,0.3,4,0.3350626945024092,0.6047906880027222
bonus1000,run-1782644748_i9,0.4,0,0.35326332652966297,0.603117777998327
bonus1000,run-1782644748_i9,0.4,1,0.41658403031907526,0.5840671723053906
bonus1000,run-1782644748_i9,0.4,2,0.3976842023732052,0.5818341024730801
bonus1000,run-1782644748_i9,0.4,3,0.4039769012837503,0.5913928167888768
bonus1000,run-1782644748_i9,0.4,4,0.3939632950592422,0.592902249237246
bonus1000,run-1782644748_i9,0.5,0,0.49411561817341526,0.5644590590855051
bonus1000,run-1782644748_i9,0.5,1,0.5227857185204305,0.5571481933293616
bonus1000,run-1782644748_i9,0.5,2,0.49380711215968154,0.5583912447406987
bonus1000,run-1782644748_i9,0.5,3,0.48699867768998406,0.5757344795917401
bonus1000,run-1782644748_i9,0.5,4,0.49120170475588726,0.5827766283325363
bonus1000,run-1782644748_i9,0.6,0,0.5931922140044595,0.5358504724060144
bonus1000,run-1782644748_i9,0.6,1,0.6188145169181127,0.52375553293725
bonus1000,run-1782644748_i9,0.6,2,0.6079433536461806,0.5358659845388558
bonus1000,run-1782644748_i9,0.6,3,0.5682900873919713,0.5570354158000227
bonus1000,run-1782644748_i9,0.6,4,0.6032158384688963,0.5379646080591287
bonus1000,run-1782644748_i9,0.7,0,0.7141505550973467,0.49315472817257927
bonus1000,run-1782644748_i9,0.7,1,0.6726509079171905,0.5220428863525823
bonus1000,run-1782644748_i9,0.7,2,0.7045931113007666,0.50532836145787
bonus1000,run-1782644748_i9,0.7,3,0.7133192128019417,0.4988092025207975
bonus1000,run-1782644748_i9,0.7,4,0.6965507600378039,0.5166568305752933
bonus1000,run-1782644748_i9,0.8,0,0.803165255500287,0.45410177022523696
bonus1000,run-1782644748_i9,0.8,1,0.7880064357052389,0.47951106653166664
bonus1000,run-1782644748_i9,0.8,2,0.7907499103299769,0.4683953812462672
bonus1000,run-1782644748_i9,0.8,3,0.8310368570750895,0.45328779427058713
bonus1000,run-1782644748_i9,0.8,4,0.8058154124725848,0.4607795832446368
bonus1000,run-1782644748_i9,0.9,0,0.8982302219884329,0.40174436517905815
bonus1000,run-1782644748_i9,0.9,1,0.9080692705720431,0.4254109051728212
bonus1000,run-1782644748_i9,0.9,2,0.8996823519220707,0.41843958216097865
bonus1000,run-1782644748_i9,0.9,3,0.9026305676214955,0.4204196604685704
bonus1000,run-1782644748_i9,0.9,4,0.8898401283930439,0.41230286146000567
bonus1000,run-1782644748_i9,0.95,0,0.9480123364048303,0.37274021251341805
bonus1000,run-1782644748_i9,0.95,1,0.9513014511421694,0.38433968249459066
bonus1000,run-1782644748_i9,0.95,2,0.953498749345959,0.37991180351836557
bonus1000,run-1782644748_i9,0.95,3,0.9518803638246406,0.3779697624190065
bonus1000,run-1782644748_i9,0.95,4,0.9487385622641535,0.37903023712144496
bonus1000,run-1782647995_i9,0.0,0,0.021655016004338997,0.7284143544542879
bonus1000,run-1782647995_i9,0.0,1,0.017898186175203102,0.7274116669909161
bonus1000,run-1782647995_i9,0.0,2,0.00382795796036743,0.7406207156759099
bonus1000,run-1782647995_i9,0.0,3,0.09121870468810009,0.7188812103100486
bonus1000,run-1782647995_i9,0.0,4,0.011251235967863737,0.7368357040479906
bonus1000,run-1782647995_i9,0.1,0,0.05987165662035636,0.7348779658102405
bonus1000,run-1782647995_i9,0.1,1,0.14183956451585117,0.7094079043477284
bonus1000,run-1782647995_i9,0.1,2,0.1649945486158881,0.7144512774661803
bonus1000,run-1782647995_i9,0.1,3,0.06160986255835488,0.720847460802128
bonus1000,run-1782647995_i9,0.1,4,0.12394393744801514,0.718496874099737
bonus1000,run-1782647995_i9,0.2,0,0.24509000281162296,0.6959599104286148
bonus1000,run-1782647995_i9,0.2,1,0.19895920223438882,0.7054300133279423
bonus1000,run-1782647995_i9,0.2,2,0.17489842960856722,0.710644579485414
bonus1000,run-1782647995_i9,0.2,3,0.13932176415240952,0.71291546006539
bonus1000,run-1782647995_i9,0.2,4,0.2386381469070901,0.6909455602418213
bonus1000,run-1782647995_i9,0.3,0,0.2959932526105428,0.6849331758795854
bonus1000,run-1782647995_i9,0.3,1,0.28743184923547827,0.6935699657682707
bonus1000,run-1782647995_i9,0.3,2,0.30522073141896233,0.6867644416494475
bonus1000,run-1782647995_i9,0.3,3,0.29289927675019384,0.688603765673145
bonus1000,run-1782647995_i9,0.3,4,0.343126666293473,0.6717537854441638
bonus1000,run-1782647995_i9,0.4,0,0.4415901738305761,0.6576025163442694
bonus1000,run-1782647995_i9,0.4,1,0.34684739765516065,0.6652862504546188
bonus1000,run-1782647995_i9,0.4,2,0.3679674247376293,0.6678775618566145
bonus1000,run-1782647995_i9,0.4,3,0.429230016426274,0.665797226548573
bonus1000,run-1782647995_i9,0.4,4,0.39220650693264403,0.667605697117726
bonus1000,run-1782647995_i9,0.5,0,0.5116170910549206,0.6560974789413497
bonus1000,run-1782647995_i9,0.5,1,0.5044017028870661,0.6377963118945912
bonus1000,run-1782647995_i9,0.5,2,0.4948537034077087,0.6418332380429218
bonus1000,run-1782647995_i9,0.5,3,0.4727318911660451,0.6557193847993871
bonus1000,run-1782647995_i9,0.5,4,0.497369080145938,0.6532920002542807
bonus1000,run-1782647995_i9,0.6,0,0.5965364927447101,0.6255173083531292
bonus1000,run-1782647995_i9,0.6,1,0.6413315446513479,0.6217684253010157
bonus1000,run-1782647995_i9,0.6,2,0.5587717302754247,0.6317482114526896
bonus1000,run-1782647995_i9,0.6,3,0.5907471746839366,0.6219783631725035
bonus1000,run-1782647995_i9,0.6,4,0.5731198022824594,0.6228345071081708
bonus1000,run-1782647995_i9,0.7,0,0.7221133815500739,0.6010097983399755
bonus1000,run-1782647995_i9,0.7,1,0.6808570934177529,0.5984112941457533
bonus1000,run-1782647995_i9,0.7,2,0.7099622279497968,0.6054697145422575
bonus1000,run-1782647995_i9,0.7,3,0.705453095822609,0.6045010290958578
bonus1000,run-1782647995_i9,0.7,4,0.690893581332764,0.6009565923315489
bonus1000,run-1782647995_i9,0.8,0,0.795369937432367,0.5707451798200864
bonus1000,run-1782647995_i9,0.8,1,0.7978994494754061,0.5721392662916519
bonus1000,run-1782647995_i9,0.8,2,0.8022216463362166,0.560135440686771
bonus1000,run-1782647995_i9,0.8,3,0.7986696655250277,0.5829573447668747
bonus1000,run-1782647995_i9,0.8,4,0.7985305253521233,0.5741019224078916
bonus1000,run-1782647995_i9,0.9,0,0.8976816650387556,0.5359316313348914
bonus1000,run-1782647995_i9,0.9,1,0.8960414729129155,0.5530537132181224
bonus1000,run-1782647995_i9,0.9,2,0.8981767017785544,0.5476290327412155
bonus1000,run-1782647995_i9,0.9,3,0.902342507072092,0.5395778413376447
bonus1000,run-1782647995_i9,0.9,4,0.8978810797169405,0.5481569848630807
bonus1000,run-1782647995_i9,0.95,0,0.9525556408819793,0.5190966450123463
bonus1000,run-1782647995_i9,0.95,1,0.946273905403065,0.5320246351966595
bonus1000,run-1782647995_i9,0.95,2,0.9487620201210488,0.5116931502766342
bonus1000,run-1782647995_i9,0.95,3,0.9492614223969441,0.5077395908111989
bonus1000,run-1782647995_i9,0.95,4,0.948213347501551,0.5090738668891791
bubbles1,run-1782686437_i9,0.0,0,0.012702724139189462,0.7358275965279857
bubbles1,run-1782686437_i9,0.0,1,0.04097756384763103,0.7170787490428404
bubbles1,run-1782686437_i9,0.0,2,0.08444856916715762,0.7186608111910601
bubbles1,run-1782686437_i9,0.0,3,0.05558516654770567,0.7198214160585403
bubbles1,run-1782686437_i9,0.0,4,-0.040888631559876626,0.727269092762691
bubbles1,run-1782686437_i9,0.1,0,0.041264974155075726,0.7192227870183776
bubbles1,run-1782686437_i9,0.1,1,0.15431610407340784,0.7033143246574931
bubbles1,run-1782686437_i9,0.1,2,0.1366124929362849,0.7082286274941682
bubbles1,run-1782686437_i9,0.1,3,0.10956745785166126,0.7043863066518825
bubbles1,run-1782686437_i9,0.1,4,0.04443983719605637,0.7189465211047945
bubbles1,run-1782686437_i9,0.2,0,0.20199375711458006,0.7081804143352787
bubbles1,run-1782686437_i9,0.2,1,0.12421596024257217,0.7181158768695861
bubbles1,run-1782686437_i9,0.2,2,0.14536325990860444,0.6918403997030319
bubbles1,run-1782686437_i9,0.2,3,0.21092716574629808,0.6904030652567553
bubbles1,run-1782686437_i9,0.2,4,0.21099384860223755,0.6960233553755553
bubbles1,run-1782686437_i9,0.3,0,0.3015507375161644,0.660383514883791
bubbles1,run-1782686437_i9,0.3,1,0.23729536002721036,0.672415003158243
bubbles1,run-1782686437_i9,0.3,2,0.35175291579426776,0.6549423772145325
bubbles1,run-1782686437_i9,0.3,3,0.25640035817114754,0.6816128032627927
bubbles1,run-1782686437_i9,0.3,4,0.29871563638689885,0.6827044846925443
bubbles1,run-1782686437_i9,0.4,0,0.4031933403923776,0.6574452766417007
bubbles1,run-1782686437_i9,0.4,1,0.35085848863530733,0.6585313153240071
bubbles1,run-1782686437_i9,0.4,2,0.40263101872300777,0.665259949297815
bubbles1,run-1782686437_i9,0.4,3,0.43355111955572917,0.6624676549054219
bubbles1,run-1782686437_i9,0.4,4,0.38851709165120335,0.6561303641939428
bubbles1,run-1782686437_i9,0.5,0,0.4976630536489823,0.6345116955858756
bubbles1,run-1782686437_i9,0.5,1,0.48319575324835234,0.6417760091416658
bubbles1,run-1782686437_i9,0.5,2,0.45990903983430337,0.6447893791175884
bubbles1,run-1782686437_i9,0.5,3,0.4589869972040903,0.642160799983936
bubbles1,run-1782686437_i9,0.5,4,0.4450476627325278,0.6610817401385155
bubbles1,run-1782686437_i9,0.6,0,0.6400199572428515,0.6035990952218908
bubbles1,run-1782686437_i9,0.6,1,0.5563668052630778,0.6113085378708026
bubbles1,run-1782686437_i9,0.6,2,0.63378730243594,0.6021713920102372
bubbles1,run-1782686437_i9,0.6,3,0.6560681452134379,0.59309530244337
bubbles1,run-1782686437_i9,0.6,4,0.6173821419637345,0.6039936614915553
bubbles1,run-1782686437_i9,0.7,0,0.7198363255851502,0.5782126243861624
bubbles1,run-1782686437_i9,0.7,1,0.7133150825596979,0.5789048554532853
bubbles1,run-1782686437_i9,0.7,2,0.676513671624225,0.592770505584244
bubbles1,run-1782686437_i9,0.7,3,0.6961003045274502,0.5942874293432044
bubbles1,run-1782686437_i9,0.7,4,0.6898556088515565,0.595941403702403
bubbles1,run-1782686437_i9,0.8,0,0.8283299865937194,0.561703464369054
bubbles1,run-1782686437_i9,0.8,1,0.7768222247446168,0.5690673022267873
bubbles1,run-1782686437_i9,0.8,2,0.8078491882895552,0.5679054392467194
bubbles1,run-1782686437_i9,0.8,3,0.8196247000776099,0.5550013521228329
bubbles1,run-1782686437_i9,0.8,4,0.7939302055041528,0.5694982429518409
bubbles1,run-1782686437_i9,0.9,0,0.9105354203968996,0.5235378245389447
bubbles1,run-1782686437_i9,0.9,1,0.891776858994222,0.5600638499526114
bubbles1,run-1782686437_i9,0.9,2,0.9021668201357542,0.5330767080063108
bubbles1,run-1782686437_i9,0.9,3,0.9146990089240328,0.5318769015911018
bubbles1,run-1782686437_i9,0.9,4,0.8973743579623223,0.5332390735226523
bubbles1,run-1782686437_i9,0.95,0,0.9471572653297249,0.5292351060332892
bubbles1,run-1782686437_i9,0.95,1,0.9502277523596914,0.5192947670479455
bubbles1,run-1782686437_i9,0.95,2,0.953527866613889,0.49856947753531444
bubbles1,run-1782686437_i9,0.95,3,0.9510568054528191,0.5117266417298422
bubbles1,run-1782686437_i9,0.95,4,0.9495386089289763,0.5144918124506699
bubbles1,run-1782686494_i9,0.0,0,-0.01585247254109322,0.7404446921474876
bubbles1,run-1782686494_i9,0.0,1,0.01350953224380474,0.7305887288764001
bubbles1,run-1782686494_i9,0.0,2,-0.013924560913222144,0.7218467591149891
bubbles1,run-1782686494_i9,0.0,3,0.04050601826614359,0.7213810696863773
bubbles1,run-1782686494_i9,0.0,4,-0.0009940813985166766,0.7251725581440629
bubbles1,run-1782686494_i9,0.1,0,0.041705569987889046,0.7204556798496726
bubbles1,run-1782686494_i9,0.1,1,0.10607407009001918,0.7073933001269656
bubbles1,run-1782686494_i9,0.1,2,0.04584082533610301,0.714787978992414
bubbles1,run-1782686494_i9,0.1,3,0.09678149076096473,0.703566027611103
bubbles1,run-1782686494_i9,0.1,4,0.14592562732661926,0.7095963035019456
bubbles1,run-1782686494_i9,0.2,0,0.24254799965545398,0.6881689016136414
bubbles1,run-1782686494_i9,0.2,1,0.1880484901197189,0.6932127180204327
bubbles1,run-1782686494_i9,0.2,2,0.21017243012986736,0.6942461890915499
bubbles1,run-1782686494_i9,0.2,3,0.21232096921224913,0.6978483055406133
bubbles1,run-1782686494_i9,0.2,4,0.18766453042479642,0.6930515445873807
bubbles1,run-1782686494_i9,0.3,0,0.304667961344338,0.669805988910868
bubbles1,run-1782686494_i9,0.3,1,0.2523618962508823,0.6705500605965832
bubbles1,run-1782686494_i9,0.3,2,0.2671619230041241,0.674300167314071
bubbles1,run-1782686494_i9,0.3,3,0.30421658071690827,0.6750550256786501
bubbles1,run-1782686494_i9,0.3,4,0.31632096513041696,0.674857797401682
bubbles1,run-1782686494_i9,0.4,0,0.4016354885963069,0.6470967049479446
bubbles1,run-1782686494_i9,0.4,1,0.36884011055907284,0.6528790176605841
bubbles1,run-1782686494_i9,0.4,2,0.3714871368719142,0.6562249662960864
bubbles1,run-1782686494_i9,0.4,3,0.3490590479535519,0.6753968485697879
bubbles1,run-1782686494_i9,0.4,4,0.3582418795892994,0.6627439919860729
bubbles1,run-1782686494_i9,0.5,0,0.44122459475888387,0.6257924721234844
bubbles1,run-1782686494_i9,0.5,1,0.48998829361862756,0.633078533521593
bubbles1,run-1782686494_i9,0.5,2,0.5106198536777825,0.634686094937141
bubbles1,run-1782686494_i9,0.5,3,0.517731378418759,0.6202572910483345
bubbles1,run-1782686494_i9,0.5,4,0.5171369798803952,0.6215400001961034
bubbles1,run-1782686494_i9,0.6,0,0.6297213837656472,0.6107910588647444
bubbles1,run-1782686494_i9,0.6,1,0.6181298890019491,0.5987795613043987
bubbles1,run-1782686494_i9,0.6,2,0.5836369751537974,0.6352243514839916
bubbles1,run-1782686494_i9,0.6,3,0.5423777543804645,0.620986897182797
bubbles1,run-1782686494_i9,0.6,4,0.6367496386235645,0.6116892345731891
bubbles1,run-1782686494_i9,0.7,0,0.68618270407349,0.5843256972598055
bubbles1,run-1782686494_i9,0.7,1,0.6855461674523089,0.5937923569736033
bubbles1,run-1782686494_i9,0.7,2,0.6746272468044995,0.5868039330218069
bubbles1,run-1782686494_i9,0.7,3,0.6633782654721767,0.5963884750581797
bubbles1,run-1782686494_i9,0.7,4,0.6655396975500473,0.6010371264009963
bubbles1,run-1782686494_i9,0.8,0,0.7676784480609202,0.5533982950000975
bubbles1,run-1782686494_i9,0.8,1,0.7915896088164596,0.5621670578382011
bubbles1,run-1782686494_i9,0.8,2,0.7957632915804962,0.5564888170829034
bubbles1,run-1782686494_i9,0.8,3,0.7844289020146429,0.5661880895369015
bubbles1,run-1782686494_i9,0.8,4,0.7765446151489306,0.5783126098055774
bubbles1,run-1782686494_i9,0.9,0,0.8891339875543957,0.5385198282394544
bubbles1,run-1782686494_i9,0.9,1,0.8971868896440369,0.522510603525429
bubbles1,run-1782686494_i9,0.9,2,0.910338940003167,0.5280186271262397
bubbles1,run-1782686494_i9,0.9,3,0.8925133360110005,0.5339695027195027
bubbles1,run-1782686494_i9,0.9,4,0.8943643299145653,0.5252663592852895
bubbles1,run-1782686494_i9,0.95,0,0.9461722222408662,0.5073036270636992
bubbles1,run-1782686494_i9,0.95,1,0.9524902302790028,0.5105885789396816
bubbles1,run-1782686494_i9,0.95,2,0.9505388596886083,0.5059467127893192
bubbles1,run-1782686494_i9,0.95,3,0.955019647315922,0.4916400498578273
bubbles1,run-1782686494_i9,0.95,4,0.9404928891743817,0.5011226453607045
bubbles1,run-1782686546_i9,0.0,0,-0.05002608841347766,0.7522285562230705
bubbles1,run-1782686546_i9,0.0,1,0.07586473204407994,0.7321337650964339
bubbles1,run-1782686546_i9,0.0,2,0.004415946891911727,0.7259852279307928
bubbles1,run-1782686546_i9,0.0,3,-0.06369057731859082,0.7415935185849047
bubbles1,run-1782686546_i9,0.0,4,-0.015318242227302204,0.7428384951916703
bubbles1,run-1782686546_i9,0.1,0,0.039233433810922855,0.7297945275357587
bubbles1,run-1782686546_i9,0.1,1,0.11097289126767809,0.7182794164126302
bubbles1,run-1782686546_i9,0.1,2,0.10748475638962163,0.7155947423614576
bubbles1,run-1782686546_i9,0.1,3,0.06453899895508315,0.7201486821816251
bubbles1,run-1782686546_i9,0.1,4,0.04384264686279935,0.7134255492270138
bubbles1,run-1782686546_i9,0.2,0,0.1559309695712759,0.6993422329353366
bubbles1,run-1782686546_i9,0.2,1,0.2385406569866205,0.6729086793376295
bubbles1,run-1782686546_i9,0.2,2,0.14955493409075443,0.70075216361855
bubbles1,run-1782686546_i9,0.2,3,0.21772532016281057,0.6934220830070478
bubbles1,run-1782686546_i9,0.2,4,0.21073923584692203,0.7045424500960962
bubbles1,run-1782686546_i9,0.3,0,0.3456792820866217,0.6681358661313006
bubbles1,run-1782686546_i9,0.3,1,0.32547997694626124,0.6630030109451927
bubbles1,run-1782686546_i9,0.3,2,0.3173165487953734,0.6765204589298406
bubbles1,run-1782686546_i9,0.3,3,0.29607313583011796,0.6881172396836455
bubbles1,run-1782686546_i9,0.3,4,0.25283200048014115,0.6892727421132107
bubbles1,run-1782686546_i9,0.4,0,0.4097918854755635,0.6593398762013357
bubbles1,run-1782686546_i9,0.4,1,0.4725315260641154,0.6383394980588757
bubbles1,run-1782686546_i9,0.4,2,0.4145316456170579,0.6448502131052034
bubbles1,run-1782686546_i9,0.4,3,0.3733784570248223,0.671614535512436
bubbles1,run-1782686546_i9,0.4,4,0.36083397072533463,0.6763029564157269
bubbles1,run-1782686546_i9,0.5,0,0.505393966120429,0.6349647794401251
bubbles1,run-1782686546_i9,0.5,1,0.4919888235962354,0.6432875403905949
bubbles1,run-1782686546_i9,0.5,2,0.4687526516584598,0.6491712988933653
bubbles1,run-1782686546_i9,0.5,3,0.522489383120249,0.6358936862127503
bubbles1,run-1782686546_i9,0.5,4,0.5111455670409806,0.6308856388381069
bubbles1,run-1782686546_i9,0.6,0,0.6326604382988628,0.6031694400113847
bubbles1,run-1782686546_i9,0.6,1,0.6050395109468184,0.6099731722991237
bubbles1,run-1782686546_i9,0.6,2,0.6114615269676584,0.6216984695804874
bubbles1,run-1782686546_i9,0.6,3,0.5734357545702199,0.6230454471610755
bubbles1,run-1782686546_i9,0.6,4,0.6140821488737686,0.6015348348317703
bubbles1,run-1782686546_i9,0.7,0,0.683131274160802,0.6035168771433514
bubbles1,run-1782686546_i9,0.7,1,0.6844231660085248,0.6281396295542439
bubbles1,run-1782686546_i9,0.7,2,0.6460698830958347,0.5965716725804976
bubbles1,run-1782686546_i9,0.7,3,0.6747673197646358,0.6090820401817018
bubbles1,run-1782686546_i9,0.7,4,0.6855319423711191,0.6009759568952371
bubbles1,run-1782686546_i9,0.8,0,0.8096652171757102,0.5676610748143105
bubbles1,run-1782686546_i9,0.8,1,0.8112048258232488,0.5483518494048769
bubbles1,run-1782686546_i9,0.8,2,0.7690695090233313,0.5686399902551922
bubbles1,run-1782686546_i9,0.8,3,0.8078915379998248,0.575441835927196
bubbles1,run-1782686546_i9,0.8,4,0.7875779537387895,0.5741276257776782
bubbles1,run-1782686546_i9,0.9,0,0.8945086580621747,0.5405833797538867
bubbles1,run-1782686546_i9,0.9,1,0.9012874938315688,0.5256897708557835
bubbles1,run-1782686546_i9,0.9,2,0.902624021759367,0.5219396254012107
bubbles1,run-1782686546_i9,0.9,3,0.884504058831191,0.5200260170533655
bubbles1,run-1782686546_i9,0.9,4,0.8900646119511794,0.5379252479023646
bubbles1,run-1782686546_i9,0.95,0,0.9447129546808929,0.5153017679333469
bubbles1,run-1782686546_i9,0.95,1,0.9525226553417862,0.5124302926690275
bubbles1,run-1782686546_i9,0.95,2,0.9535213204104597,0.5015640075153608
bubbles1,run-1782686546_i9,0.95,3,0.9506090850775923,0.5180369979287658
bubbles1,run-1782686546_i9,0.95,4,0.9496730046332412,0.5151072717686661
bubbles2,run-1782686739_i9,0.0,0,-0.04132175002479759,0.7393918245264207
bubbles2,run-1782686739_i9,0.0,1,-0.03674140149507088,0.7348977279503847
bubbles2,run-1782686739_i9,0.0,2,-0.021568871042305027,0.7442377921015346
bubbles2,run-1782686739_i9,0.0,3,-0.04343832725373136,0.7307526838687731
bubbles2,run-1782686739_i9,0.0,4,-0.03531674220301583,0.7376360731049636
bubbles2,run-1782686739_i9,0.1,0,0.05085466825172261,0.7309816470775887
bubbles2,run-1782686739_i9,0.1,1,0.15813867654330274,0.708380639378548
bubbles2,run-1782686739_i9,0.1,2,0.09003344883766792,0.7147119382696305
bubbles2,run-1782686739_i9,0.1,3,0.020745122066719995,0.7305366439727673
bubbles2,run-1782686739_i9,0.1,4,0.052964484914568864,0.7093929470782032
bubbles2,run-1782686739_i9,0.2,0,0.21484461474375954,0.6897820408000479
bubbles2,run-1782686739_i9,0.2,1,0.21748396574649814,0.6925959053866031
bubbles2,run-1782686739_i9,0.2,2,0.12965010608866537,0.7019646286811779
bubbles2,run-1782686739_i9,0.2,3,0.23768876256976304,0.6825223988942255
bubbles2,run-1782686739_i9,0.2,4,0.2558394523949605,0.6909637770371038
bubbles2,run-1782686739_i9,0.3,0,0.3902251400115926,0.6532833974985538
bubbles2,run-1782686739_i9,0.3,1,0.29852040123056206,0.6799196585488325
bubbles2,run-1782686739_i9,0.3,2,0.28940046258396307,0.670154001514769
bubbles2,run-1782686739_i9,0.3,3,0.31519839274121725,0.6754494421234208
bubbles2,run-1782686739_i9,0.3,4,0.3250546480423657,0.6625751877824217
bubbles2,run-1782686739_i9,0.4,0,0.39219356983558956,0.6580088733263036
bubbles2,run-1782686739_i9,0.4,1,0.4480095185138925,0.6393961407943316
bubbles2,run-1782686739_i9,0.4,2,0.428032565768865,0.6540411081678583
bubbles2,run-1782686739_i9,0.4,3,0.3865667636820491,0.6388488560619708
bubbles2,run-1782686739_i9,0.4,4,0.42484983426684336,0.6520407139991977
bubbles2,run-1782686739_i9,0.5,0,0.4863592846833576,0.633503902775418
bubbles2,run-1782686739_i9,0.5,1,0.496590881413249,0.6428184635132018
bubbles2,run-1782686739_i9,0.5,2,0.5366366395944734,0.6340085683612758
bubbles2,run-1782686739_i9,0.5,3,0.4529459668611898,0.6409931062044161
bubbles2,run-1782686739_i9,0.5,4,0.4693491153582107,0.637635415007169
bubbles2,run-1782686739_i9,0.6,0,0.5936336721693517,0.6137487685219277
bubbles2,run-1782686739_i9,0.6,1,0.6092423241402047,0.588348271446863
bubbles2,run-1782686739_i9,0.6,2,0.5388691865339851,0.6232479723865484
bubbles2,run-1782686739_i9,0.6,3,0.6192737041051968,0.5990284490060286
bubbles2,run-1782686739_i9,0.6,4,0.6298582153859443,0.6028131078856801
bubbles2,run-1782686739_i9,0.7,0,0.6682780574231243,0.5927622492274367
bubbles2,run-1782686739_i9,0.7,1,0.686878064871368,0.5994256140245909
bubbles2,run-1782686739_i9,0.7,2,0.6983592612349139,0.5717309431299872
bubbles2,run-1782686739_i9,0.7,3,0.6858309571931229,0.5808367098461109
bubbles2,run-1782686739_i9,0.7,4,0.6963325865338552,0.598133256463525
bubbles2,run-1782686739_i9,0.8,0,0.8065283186349687,0.5622471999443467
bubbles2,run-1782686739_i9,0.8,1,0.8023950775432213,0.5566729968084154
bubbles2,run-1782686739_i9,0.8,2,0.8016916536429052,0.5533328684286554
bubbles2,run-1782686739_i9,0.8,3,0.81141633792712,0.5631738460774085
bubbles2,run-1782686739_i9,0.8,4,0.8011550337097095,0.5690637963451151
bubbles2,run-1782686739_i9,0.9,0,0.8956578017802056,0.5437839342892942
bubbles2,run-1782686739_i9,0.9,1,0.8936426980480275,0.5407256940295535
bubbles2,run-1782686739_i9,0.9,2,0.893983001542913,0.5485629927130657
bubbles2,run-1782686739_i9,0.9,3,0.9082947949229417,0.5572437459591187
bubbles2,run-1782686739_i9,0.9,4,0.8975697418741061,0.5593032872644659
bubbles2,run-1782686739_i9,0.95,0,0.9498924930539073,0.5149969708105316
bubbles2,run-1782686739_i9,0.95,1,0.9514474232540331,0.519791055754913
bubbles2,run-1782686739_i9,0.95,2,0.9481078986231358,0.5225870241372115
bubbles2,run-1782686739_i9,0.95,3,0.9564161143011323,0.526757196421132
bubbles2,run-1782686739_i9,0.95,4,0.9466511266421651,0.528906008013349
bubbles2,run-1782686805_i9,0.0,0,0.0006681968272755613,0.7300493798498067
bubbles2,run-1782686805_i9,0.0,1,-0.02462374157724212,0.7363911560373618
bubbles2,run-1782686805_i9,0.0,2,-0.04413582996137083,0.7417399401873176
bubbles2,run-1782686805_i9,0.0,3,-0.05752481766659039,0.7344744723203558
bubbles2,run-1782686805_i9,0.0,4,0.08698769121168612,0.7281309251462093
bubbles2,run-1782686805_i9,0.1,0,0.05945353576183907,0.7151828427068962
bubbles2,run-1782686805_i9,0.1,1,0.1038707903407722,0.7146400100096522
bubbles2,run-1782686805_i9,0.1,2,0.12741904636832838,0.7065719710539514
bubbles2,run-1782686805_i9,0.1,3,0.14628981400380905,0.7019594576548827
bubbles2,run-1782686805_i9,0.1,4,0.1716401498137395,0.6947550442604737
bubbles2,run-1782686805_i9,0.2,0,0.2507183106263883,0.6824263970272975
bubbles2,run-1782686805_i9,0.2,1,0.15208371036981813,0.7118951487116412
bubbles2,run-1782686805_i9,0.2,2,0.17153585293248141,0.7052131387905447
bubbles2,run-1782686805_i9,0.2,3,0.1397381338817661,0.7126701289398281
bubbles2,run-1782686805_i9,0.2,4,0.1252358903352915,0.7144701226538981
bubbles2,run-1782686805_i9,0.3,0,0.32174260654366676,0.6572182878752743
bubbles2,run-1782686805_i9,0.3,1,0.3933529226362858,0.6502903320756737
bubbles2,run-1782686805_i9,0.3,2,0.28157099817985026,0.683886404293381
bubbles2,run-1782686805_i9,0.3,3,0.29733486900576406,0.6794123728950704
bubbles2,run-1782686805_i9,0.3,4,0.27738197975180057,0.6805751729809945
bubbles2,run-1782686805_i9,0.4,0,0.38983597207564324,0.6635084671389041
bubbles2,run-1782686805_i9,0.4,1,0.36356145308459636,0.6654717470887821
bubbles2,run-1782686805_i9,0.4,2,0.3982811991283112,0.659713465511228
bubbles2,run-1782686805_i9,0.4,3,0.3260222073107942,0.6736053511705685
bubbles2,run-1782686805_i9,0.4,4,0.42582398146759426,0.6452852392372224
bubbles2,run-1782686805_i9,0.5,0,0.5184957421067006,0.6328481006992005
bubbles2,run-1782686805_i9,0.5,1,0.4841068040925116,0.6419037238224573
bubbles2,run-1782686805_i9,0.5,2,0.57290122033473,0.6296781286591525
bubbles2,run-1782686805_i9,0.5,3,0.4747260572411994,0.6479422821069174
bubbles2,run-1782686805_i9,0.5,4,0.46622834994446244,0.6455821502461297
bubbles2,run-1782686805_i9,0.6,0,0.6182642806189427,0.6028664926147134
bubbles2,run-1782686805_i9,0.6,1,0.5743338922874097,0.6258590108117262
bubbles2,run-1782686805_i9,0.6,2,0.5821452641688261,0.6301484395958151
bubbles2,run-1782686805_i9,0.6,3,0.5701006334007139,0.6332119388100369
bubbles2,run-1782686805_i9,0.6,4,0.5797600951414966,0.6250133895097654
bubbles2,run-1782686805_i9,0.7,0,0.7011026039136408,0.5974403826931315
bubbles2,run-1782686805_i9,0.7,1,0.7173967519370011,0.593062454851109
bubbles2,run-1782686805_i9,0.7,2,0.7060587518946132,0.5823648239775033
bubbles2,run-1782686805_i9,0.7,3,0.7236454402178918,0.6036619040832324
bubbles2,run-1782686805_i9,0.7,4,0.6777062032603873,0.5827816344581737
bubbles2,run-1782686805_i9,0.8,0,0.805926112531356,0.5715196874275214
bubbles2,run-1782686805_i9,0.8,1,0.7972391113721873,0.5720672037728434
bubbles2,run-1782686805_i9,0.8,2,0.824879996928518,0.5860357024970337
bubbles2,run-1782686805_i9,0.8,3,0.7994905636132591,0.5761367295102493
bubbles2,run-1782686805_i9,0.8,4,0.788908688309706,0.5671822977568709
bubbles2,run-1782686805_i9,0.9,0,0.8990210884579855,0.528969794989825
bubbles2,run-1782686805_i9,0.9,1,0.9096687714437747,0.5453375260560495
bubbles2,run-1782686805_i9,0.9,2,0.9077948562166738,0.531342630620335
bubbles2,run-1782686805_i9,0.9,3,0.9047813620754236,0.544517342508981
bubbles2,run-1782686805_i9,0.9,4,0.900462387300101,0.5202748376767766
bubbles2,run-1782686805_i9,0.95,0,0.9488262778942765,0.5193300232655572
bubbles2,run-1782686805_i9,0.95,1,0.9493900672391475,0.5192647216178621
bubbles2,run-1782686805_i9,0.95,2,0.9512990430297253,0.5236345660538692
bubbles2,run-1782686805_i9,0.95,3,0.9479441231488741,0.5438799487325549
bubbles2,run-1782686805_i9,0.95,4,0.950359983994389,0.5287116345467523
bubbles2,run-1782686873_i9,0.0,0,0.031066615052393873,0.7263486862066872
bubbles2,run-1782686873_i9,0.0,1,-0.07559307423315856,0.7502400948119087
bubbles2,run-1782686873_i9,0.0,2,0.09079580058104804,0.6928634801497058
bubbles2,run-1782686873_i9,0.0,3,-0.0568633025474251,0.73786304316941
bubbles2,run-1782686873_i9,0.0,4,-0.007888058348181067,0.7344753856856406
bubbles2,run-1782686873_i9,0.1,0,0.10599839333379577,0.7281725063003008
bubbles2,run-1782686873_i9,0.1,1,0.06262192113337885,0.7235283917624619
bubbles2,run-1782686873_i9,0.1,2,0.04511026995029532,0.7040468756335915
bubbles2,run-1782686873_i9,0.1,3,0.11877523229987247,0.7080750383003764
bubbles2,run-1782686873_i9,0.1,4,0.10862099956186345,0.7051447238933923
bubbles2,run-1782686873_i9,0.2,0,0.14668626330611112,0.7017071662459576
bubbles2,run-1782686873_i9,0.2,1,0.22437764963346485,0.6943693992190766
bubbles2,run-1782686873_i9,0.2,2,0.18910672867202896,0.6888478064339187
bubbles2,run-1782686873_i9,0.2,3,0.17604219256815265,0.7091221680790242
bubbles2,run-1782686873_i9,0.2,4,0.14935495985808914,0.7011252410862547
bubbles2,run-1782686873_i9,0.3,0,0.31415345130710637,0.6832938497046354
bubbles2,run-1782686873_i9,0.3,1,0.26884546054699293,0.6881482084028145
bubbles2,run-1782686873_i9,0.3,2,0.23684568342934245,0.6830498245757598
bubbles2,run-1782686873_i9,0.3,3,0.2849687242192419,0.6833981353309991
bubbles2,run-1782686873_i9,0.3,4,0.2917269016559115,0.6939518472818494
bubbles2,run-1782686873_i9,0.4,0,0.4030457883082294,0.6679112863680942
bubbles2,run-1782686873_i9,0.4,1,0.2990032278499321,0.6795743602736255
bubbles2,run-1782686873_i9,0.4,2,0.36268783153851264,0.6762846852330949
bubbles2,run-1782686873_i9,0.4,3,0.4331419682508132,0.6659607882871472
bubbles2,run-1782686873_i9,0.4,4,0.388774821276608,0.6619169011080529
bubbles2,run-1782686873_i9,0.5,0,0.5345431523636242,0.6244387330096101
bubbles2,run-1782686873_i9,0.5,1,0.44197755014199097,0.6548687389600634
bubbles2,run-1782686873_i9,0.5,2,0.5264271807035852,0.6117982099267697
bubbles2,run-1782686873_i9,0.5,3,0.4842572730260551,0.6363983231924463
bubbles2,run-1782686873_i9,0.5,4,0.4634403444404642,0.6320802538601134
bubbles2,run-1782686873_i9,0.6,0,0.6328098604626794,0.6027758846924556
bubbles2,run-1782686873_i9,0.6,1,0.551399252186047,0.6370804178075246
bubbles2,run-1782686873_i9,0.6,2,0.6384661451700382,0.6236119734150288
bubbles2,run-1782686873_i9,0.6,3,0.5591525130361832,0.6149497551132158
bubbles2,run-1782686873_i9,0.6,4,0.5740339430681182,0.6265245918315446
bubbles2,run-1782686873_i9,0.7,0,0.7167519630806931,0.5948746132551702
bubbles2,run-1782686873_i9,0.7,1,0.678351509125747,0.5873705772052829
bubbles2,run-1782686873_i9,0.7,2,0.7259987508182361,0.5925108785374354
bubbles2,run-1782686873_i9,0.7,3,0.6897962709332448,0.6029071067124596
bubbles2,run-1782686873_i9,0.7,4,0.6887313840582038,0.5907222876161871
bubbles2,run-1782686873_i9,0.8,0,0.7921588724837966,0.565278003907522
bubbles2,run-1782686873_i9,0.8,1,0.8198666384818336,0.5532951638445609
bubbles2,run-1782686873_i9,0.8,2,0.7631110136186745,0.5705758141801348
bubbles2,run-1782686873_i9,0.8,3,0.8024865785133928,0.5699983729585715
bubbles2,run-1782686873_i9,0.8,4,0.8207320678102135,0.5617682476396717
bubbles2,run-1782686873_i9,0.9,0,0.9034969968365294,0.5181789456517307
bubbles2,run-1782686873_i9,0.9,1,0.8915234654579098,0.5296204561834479
bubbles2,run-1782686873_i9,0.9,2,0.9116390195492132,0.5208979508821885
bubbles2,run-1782686873_i9,0.9,3,0.8949813753098882,0.525398163572096
bubbles2,run-1782686873_i9,0.9,4,0.8959252917840573,0.5308033089353419
bubbles2,run-1782686873_i9,0.95,0,0.948810131009601,0.5151227389524786
bubbles2,run-1782686873_i9,0.95,1,0.9439733189018534,0.5100046722327178
bubbles2,run-1782686873_i9,0.95,2,0.954715971441784,0.5097281395820653
bubbles2,run-1782686873_i9,0.95,3,0.9479420297783857,0.5011711857875845
bubbles2,run-1782686873_i9,0.95,4,0.9534404050281734,0.49392502968970453
bubbles4,run-1782687857_i9,0.0,0,0.014690760090451468,0.7316640225434616
bubbles4,run-1782687857_i9,0.0,1,-0.08672541502714853,0.7475744321840101
bubbles4,run-1782687857_i9,0.0,2,-0.009457286630085202,0.7345764681499903
bubbles4,run-1782687857_i9,0.0,3,0.030866982975727614,0.718572618717023
bubbles4,run-1782687857_i9,0.0,4,0.005451811483911088,0.7251652933841948
bubbles4,run-1782687857_i9,0.1,0,0.07652947636065582,0.7058477418022052
bubbles4,run-1782687857_i9,0.1,1,0.10559339652582463,0.7075710385949857
bubbles4,run-1782687857_i9,0.1,2,0.09392334055677734,0.7121348164528313
bubbles4,run-1782687857_i9,0.1,3,0.09866045979549903,0.7002918406675717
bubbles4,run-1782687857_i9,0.1,4,0.11082092429908441,0.7053404643301904
bubbles4,run-1782687857_i9,0.2,0,0.18666552537147924,0.7032883044992969
bubbles4,run-1782687857_i9,0.2,1,0.22398470012873806,0.6932143371451992
bubbles4,run-1782687857_i9,0.2,2,0.17897342914797693,0.6900673481526362
bubbles4,run-1782687857_i9,0.2,3,0.15412544374827186,0.7108546774920398
bubbles4,run-1782687857_i9,0.2,4,0.22708777340923755,0.6835282531996105
bubbles4,run-1782687857_i9,0.3,0,0.20666540045528664,0.6870690132781769
bubbles4,run-1782687857_i9,0.3,1,0.28607782689140854,0.6799372855937418
bubbles4,run-1782687857_i9,0.3,2,0.2785335761530027,0.6837873093651726
bubbles4,run-1782687857_i9,0.3,3,0.2819103723438899,0.6694447218800517
bubbles4,run-1782687857_i9,0.3,4,0.25657078337079897,0.6876249857290696
bubbles4,run-1782687857_i9,0.4,0,0.42626836524361705,0.6491222570532915
bubbles4,run-1782687857_i9,0.4,1,0.40301929756143806,0.6474787884603319
bubbles4,run-1782687857_i9,0.4,2,0.41131757355204535,0.6488557674504721
bubbles4,run-1782687857_i9,0.4,3,0.4043477381531012,0.6471360941068812
bubbles4,run-1782687857_i9,0.4,4,0.3930377134556646,0.6562976313652192
bubbles4,run-1782687857_i9,0.5,0,0.5099259089987922,0.6239149827692786
bubbles4,run-1782687857_i9,0.5,1,0.5219617648837642,0.638902950468343
bubbles4,run-1782687857_i9,0.5,2,0.4903913171265892,0.6363288923681373
bubbles4,run-1782687857_i9,0.5,3,0.4835260107429038,0.6340594726208362
bubbles4,run-1782687857_i9,0.5,4,0.5070524749734096,0.6241642983062373
bubbles4,run-1782687857_i9,0.6,0,0.5726386265200807,0.6189859678757705
bubbles4,run-1782687857_i9,0.6,1,0.6236494203697166,0.5994937608241929
bubbles4,run-1782687857_i9,0.6,2,0.578554895015899,0.6228804797353185
bubbles4,run-1782687857_i9,0.6,3,0.59350379825102,0.6123635854692513
bubbles4,run-1782687857_i9,0.6,4,0.6152325699689986,0.6133193101481693
bubbles4,run-1782687857_i9,0.7,0,0.7038399793849183,0.5835370747783503
bubbles4,run-1782687857_i9,0.7,1,0.6921325378795739,0.6036326678176693
bubbles4,run-1782687857_i9,0.7,2,0.7032073464739377,0.5908433913091695
bubbles4,run-1782687857_i9,0.7,3,0.6756541619621874,0.6042509971930862
bubbles4,run-1782687857_i9,0.7,4,0.6918578264802628,0.5892146942285382
bubbles4,run-1782687857_i9,0.8,0,0.7799029922486882,0.5718106213571447
bubbles4,run-1782687857_i9,0.8,1,0.8106024632358131,0.5510479578967613
bubbles4,run-1782687857_i9,0.8,2,0.7764299585466459,0.5648039059989732
bubbles4,run-1782687857_i9,0.8,3,0.820866651898719,0.5586545986091219
bubbles4,run-1782687857_i9,0.8,4,0.7715238372091535,0.5672956138460052
bubbles4,run-1782687857_i9,0.9,0,0.9009333547271744,0.5381097954949068
bubbles4,run-1782687857_i9,0.9,1,0.9003971658772731,0.5313535148208185
bubbles4,run-1782687857_i9,0.9,2,0.8903136641374264,0.5407337196050734
bubbles4,run-1782687857_i9,0.9,3,0.903134513009678,0.5348905282581229
bubbles4,run-1782687857_i9,0.9,4,0.9008790911113492,0.5297107852017258
bubbles4,run-1782687857_i9,0.95,0,0.9504738967085533,0.5128206549248681
bubbles4,run-1782687857_i9,0.95,1,0.9541590719364115,0.5080229184103118
bubbles4,run-1782687857_i9,0.95,2,0.9498763182704386,0.5129358788559936
bubbles4,run-1782687857_i9,0.95,3,0.9494185003632408,0.5144175892372308
bubbles4,run-1782687857_i9,0.95,4,0.9529163495633304,0.5052583464500171
bubbles4,run-1782688335_i9,0.0,0,-0.025965165196181566,0.7499129887440759
bubbles4,run-1782688335_i9,0.0,1,0.013942295357552115,0.7289965069804828
bubbles4,run-1782688335_i9,0.0,2,-0.03779908084174541,0.7468594449285851
bubbles4,run-1782688335_i9,0.0,3,0.09609305817973242,0.724284452946803
bubbles4,run-1782688335_i9,0.0,4,0.05328168858565932,0.7241226972182544
bubbles4,run-1782688335_i9,0.1,0,0.08556266347899097,0.7312253183244141
bubbles4,run-1782688335_i9,0.1,1,0.08848618637888582,0.7327446466769798
bubbles4,run-1782688335_i9,0.1,2,0.05638555614925689,0.7310319029947483
bubbles4,run-1782688335_i9,0.1,3,0.05826432882219458,0.7270419552295527
bubbles4,run-1782688335_i9,0.1,4,0.07949849886533579,0.7269016280449823
bubbles4,run-1782688335_i9,0.2,0,0.23680563404004637,0.6961716587147317
bubbles4,run-1782688335_i9,0.2,1,0.19937354540641744,0.7030087111740538
bubbles4,run-1782688335_i9,0.2,2,0.2039020550071034,0.7125039097716693
bubbles4,run-1782688335_i9,0.2,3,0.23517622918601103,0.6971774238262984
bubbles4,run-1782688335_i9,0.2,4,0.16151857608396125,0.6977538072469485
bubbles4,run-1782688335_i9,0.3,0,0.302436561210526,0.6771435217148912
bubbles4,run-1782688335_i9,0.3,1,0.3007443038537353,0.6856946633475232
bubbles4,run-1782688335_i9,0.3,2,0.33868423718353924,0.6779376887980731
bubbles4,run-1782688335_i9,0.3,3,0.3336463402235672,0.6813994652899419
bubbles4,run-1782688335_i9,0.3,4,0.24426238268213826,0.6945185812365403
bubbles4,run-1782688335_i9,0.4,0,0.42399910489079823,0.6673253185025662
bubbles4,run-1782688335_i9,0.4,1,0.39494536653386353,0.6788167748929721
bubbles4,run-1782688335_i9,0.4,2,0.40613992912603825,0.6636003558495539
bubbles4,run-1782688335_i9,0.4,3,0.3520065876588429,0.6856715800209147
bubbles4,run-1782688335_i9,0.4,4,0.40463446623395777,0.6692397056925261
bubbles4,run-1782688335_i9,0.5,0,0.44587943039704697,0.6498617205649175
bubbles4,run-1782688335_i9,0.5,1,0.5124854822660693,0.645134729986191
bubbles4,run-1782688335_i9,0.5,2,0.4792810251583427,0.654404355448925
bubbles4,run-1782688335_i9,0.5,3,0.5213624653363607,0.6531512907500858
bubbles4,run-1782688335_i9,0.5,4,0.4883439946317146,0.6457805496004677
bubbles4,run-1782688335_i9,0.6,0,0.6224476841878283,0.6259822728852025
bubbles4,run-1782688335_i9,0.6,1,0.6215132711033889,0.6269931788581394
bubbles4,run-1782688335_i9,0.6,2,0.5879483450487015,0.6247987710760821
bubbles4,run-1782688335_i9,0.6,3,0.5808502876179854,0.6376942283790114
bubbles4,run-1782688335_i9,0.6,4,0.6116782795490733,0.6288589638612876
bubbles4,run-1782688335_i9,0.7,0,0.6625311405644942,0.6203852564197112
bubbles4,run-1782688335_i9,0.7,1,0.6958305669517463,0.6175278846012171
bubbles4,run-1782688335_i9,0.7,2,0.7052544902090567,0.6217923345257076
bubbles4,run-1782688335_i9,0.7,3,0.725738176686691,0.6058664333237338
bubbles4,run-1782688335_i9,0.7,4,0.6838763235835165,0.6090635708790825
bubbles4,run-1782688335_i9,0.8,0,0.8174600181349515,0.5773823352619915
bubbles4,run-1782688335_i9,0.8,1,0.801129151368346,0.5790597501919329
bubbles4,run-1782688335_i9,0.8,2,0.7967758589130219,0.5940792645451434
bubbles4,run-1782688335_i9,0.8,3,0.8099197893805044,0.5834361334357641
bubbles4,run-1782688335_i9,0.8,4,0.796986572001969,0.5860195420996138
bubbles4,run-1782688335_i9,0.9,0,0.8993197465422,0.5613311351375222
bubbles4,run-1782688335_i9,0.9,1,0.909139619998027,0.5552516793963376
bubbles4,run-1782688335_i9,0.9,2,0.903308647278652,0.5555430623244292
bubbles4,run-1782688335_i9,0.9,3,0.8955497570472284,0.5612624447412896
bubbles4,run-1782688335_i9,0.9,4,0.9083627348552757,0.5751292476956194
bubbles4,run-1782688335_i9,0.95,0,0.9522162541870615,0.555471753646916
bubbles4,run-1782688335_i9,0.95,1,0.9491921349602932,0.5553994690193796
bubbles4,run-1782688335_i9,0.95,2,0.9549004145402319,0.5449698289017426
bubbles4,run-1782688335_i9,0.95,3,0.9453502279802848,0.5395923008202712
bubbles4,run-1782688335_i9,0.95,4,0.9475468920983171,0.5557572814462459
bubbles4,run-1782688831_i9,0.0,0,0.03680464744080279,0.7272301732685128
bubbles4,run-1782688831_i9,0.0,1,-0.050365431364457605,0.7428443715459409
bubbles4,run-1782688831_i9,0.0,2,0.002776161224389552,0.7349146431823292
bubbles4,run-1782688831_i9,0.0,3,-0.030030546765795946,0.7380305251612855
bubbles4,run-1782688831_i9,0.0,4,0.02410201569082355,0.7292870336165497
bubbles4,run-1782688831_i9,0.1,0,0.11932354028466444,0.7040960998118218
bubbles4,run-1782688831_i9,0.1,1,0.06356086337258716,0.714937404039211
bubbles4,run-1782688831_i9,0.1,2,0.06154807936801135,0.727160693956799
bubbles4,run-1782688831_i9,0.1,3,0.09282605628918145,0.7053945207911125
bubbles4,run-1782688831_i9,0.1,4,0.08321245374357764,0.7151182114289513
bubbles4,run-1782688831_i9,0.2,0,0.15526189301879065,0.7090654678945209
bubbles4,run-1782688831_i9,0.2,1,0.20646237654482297,0.7064159742398727
bubbles4,run-1782688831_i9,0.2,2,0.22990526008959805,0.6922028615114157
bubbles4,run-1782688831_i9,0.2,3,0.1936360431974764,0.7046577301952457
bubbles4,run-1782688831_i9,0.2,4,0.221298794470044,0.7027251621462264
bubbles4,run-1782688831_i9,0.3,0,0.3017088155195312,0.6713019413099224
bubbles4,run-1782688831_i9,0.3,1,0.31535090676547184,0.6661109858467725
bubbles4,run-1782688831_i9,0.3,2,0.2403885648149278,0.686863425712908
bubbles4,run-1782688831_i9,0.3,3,0.3376238322261073,0.6705248856047031
bubbles4,run-1782688831_i9,0.3,4,0.3045432725598993,0.6685329976146303
bubbles4,run-1782688831_i9,0.4,0,0.3622513215638445,0.6669011925734694
bubbles4,run-1782688831_i9,0.4,1,0.366302452996349,0.6643064928161132
bubbles4,run-1782688831_i9,0.4,2,0.3669214330140844,0.6598143285127788
bubbles4,run-1782688831_i9,0.4,3,0.34797249013760817,0.6565685790315566
bubbles4,run-1782688831_i9,0.4,4,0.34440814056929664,0.6622249659086721
bubbles4,run-1782688831_i9,0.5,0,0.504647024126287,0.6380270851436735
bubbles4,run-1782688831_i9,0.5,1,0.5371636101254135,0.6221815730138379
bubbles4,run-1782688831_i9,0.5,2,0.5036176132422089,0.6417588779050688
bubbles4,run-1782688831_i9,0.5,3,0.5253119025759748,0.6288156963369315
bubbles4,run-1782688831_i9,0.5,4,0.442676668866571,0.6539970890063931
bubbles4,run-1782688831_i9,0.6,0,0.606496821349395,0.628455239468382
bubbles4,run-1782688831_i9,0.6,1,0.5749457893043437,0.619533829144541
bubbles4,run-1782688831_i9,0.6,2,0.5770028114546988,0.6291348694407133
bubbles4,run-1782688831_i9,0.6,3,0.596982964833054,0.608393183538578
bubbles4,run-1782688831_i9,0.6,4,0.5873571189860174,0.615005742556763
bubbles4,run-1782688831_i9,0.7,0,0.6696490387224747,0.6002152431990152
bubbles4,run-1782688831_i9,0.7,1,0.7101651028584379,0.583446689448481
bubbles4,run-1782688831_i9,0.7,2,0.6905334557929137,0.5899544925700653
bubbles4,run-1782688831_i9,0.7,3,0.6943583074133963,0.6075486263472435
bubbles4,run-1782688831_i9,0.7,4,0.6868908671031573,0.5939634504490194
bubbles4,run-1782688831_i9,0.8,0,0.7960591346350958,0.5753621632825281
bubbles4,run-1782688831_i9,0.8,1,0.7987084228045179,0.5705877786116461
bubbles4,run-1782688831_i9,0.8,2,0.7739097632621719,0.5670019868550554
bubbles4,run-1782688831_i9,0.8,3,0.7992098081246367,0.5515106040941538
bubbles4,run-1782688831_i9,0.8,4,0.8082500258871179,0.5730479194055866
bubbles4,run-1782688831_i9,0.9,0,0.9014273026667974,0.5337501152604887
bubbles4,run-1782688831_i9,0.9,1,0.9009253420590211,0.5347282943548536
bubbles4,run-1782688831_i9,0.9,2,0.8993571374061092,0.5379192437085898
bubbles4,run-1782688831_i9,0.9,3,0.8982752130845605,0.5344850473837531
bubbles4,run-1782688831_i9,0.9,4,0.8988418714273779,0.5334431558278239
bubbles4,run-1782688831_i9,0.95,0,0.9504970682184289,0.5054605432899635
bubbles4,run-1782688831_i9,0.95,1,0.9455886401682526,0.5081170682886085
bubbles4,run-1782688831_i9,0.95,2,0.9480274320588252,0.5135937949713291
bubbles4,run-1782688831_i9,0.95,3,0.9497334254812346,0.511177700090635
bubbles4,run-1782688831_i9,0.95,4,0.9488091299778915,0.5142666096861899
bubbles5,run-1782645492_i9,0.0,0,-0.05924777739153564,0.7188866032399074
bubbles5,run-1782645492_i9,0.0,1,-0.059062578195162196,0.7423293068923196
bubbles5,run-1782645492_i9,0.0,2,0.0819155204097254,0.6901594035223036
bubbles5,run-1782645492_i9,0.0,3,-0.04720344344807713,0.7244206313343231
bubbles5,run-1782645492_i9,0.0,4,0.055897162045653044,0.6870482705214249
bubbles5,run-1782645492_i9,0.1,0,0.10956874064523224,0.6877204232125681
bubbles5,run-1782645492_i9,0.1,1,0.09451651630550177,0.6973252748665852
bubbles5,run-1782645492_i9,0.1,2,0.22892110780233,0.6583301145873568
bubbles5,run-1782645492_i9,0.1,3,0.05793648193215591,0.6898085476696963
bubbles5,run-1782645492_i9,0.1,4,0.11328443256787395,0.6838693112523269
bubbles5,run-1782645492_i9,0.2,0,0.2947881599194196,0.6546922235801119
bubbles5,run-1782645492_i9,0.2,1,0.15337899421952483,0.6760167850225952
bubbles5,run-1782645492_i9,0.2,2,0.14796351427039822,0.6757342476387631
bubbles5,run-1782645492_i9,0.2,3,0.3396084941681857,0.6281378073770492
bubbles5,run-1782645492_i9,0.2,4,0.12101490247166849,0.6746047174701918
bubbles5,run-1782645492_i9,0.3,0,0.32958538593687176,0.6453909808198088
bubbles5,run-1782645492_i9,0.3,1,0.27108798459960776,0.6494234361914578
bubbles5,run-1782645492_i9,0.3,2,0.26448361095881956,0.6632580415507087
bubbles5,run-1782645492_i9,0.3,3,0.31725793138286534,0.6270178146504598
bubbles5,run-1782645492_i9,0.3,4,0.2828364255741478,0.6459877537866581
bubbles5,run-1782645492_i9,0.4,0,0.4703133591903355,0.608890884598114
bubbles5,run-1782645492_i9,0.4,1,0.34925481782756745,0.6156831302116742
bubbles5,run-1782645492_i9,0.4,2,0.3200870087619492,0.6258333333333334
bubbles5,run-1782645492_i9,0.4,3,0.2987742000942386,0.6402967816534978
bubbles5,run-1782645492_i9,0.4,4,0.48356361663661634,0.5964347770126778
bubbles5,run-1782645492_i9,0.5,0,0.4099735451581151,0.6161298601308867
bubbles5,run-1782645492_i9,0.5,1,0.5263031208341753,0.5960562280359235
bubbles5,run-1782645492_i9,0.5,2,0.532470041200771,0.5579093312697492
bubbles5,run-1782645492_i9,0.5,3,0.45238522549082905,0.6003804978717916
bubbles5,run-1782645492_i9,0.5,4,0.5533826493062034,0.5735407808272129
bubbles5,run-1782645492_i9,0.6,0,0.5659964175603504,0.580412571132954
bubbles5,run-1782645492_i9,0.6,1,0.6177265976876012,0.5759428497876175
bubbles5,run-1782645492_i9,0.6,2,0.6310013354874257,0.5386614476386037
bubbles5,run-1782645492_i9,0.6,3,0.5648873511085047,0.5729788736916458
bubbles5,run-1782645492_i9,0.6,4,0.6702593076658034,0.5481529071635078
bubbles5,run-1782645492_i9,0.7,0,0.6867484223222243,0.5485977100218706
bubbles5,run-1782645492_i9,0.7,1,0.6680762987476314,0.5454050940739793
bubbles5,run-1782645492_i9,0.7,2,0.6749531493669921,0.544381949831911
bubbles5,run-1782645492_i9,0.7,3,0.726409788152473,0.5385429359327903
bubbles5,run-1782645492_i9,0.7,4,0.6709064404899128,0.5787675647801985
bubbles5,run-1782645492_i9,0.8,0,0.8243620688596613,0.5016987179487179
bubbles5,run-1782645492_i9,0.8,1,0.8336528952110619,0.5171439578785155
bubbles5,run-1782645492_i9,0.8,2,0.7874350520839146,0.5046112463174075
bubbles5,run-1782645492_i9,0.8,3,0.7894924661447759,0.5163053903702283
bubbles5,run-1782645492_i9,0.8,4,0.7918149066418266,0.5098769430051814
bubbles5,run-1782645492_i9,0.9,0,0.9187636339398279,0.466090297790586
bubbles5,run-1782645492_i9,0.9,1,0.8752620456928243,0.4896274887604367
bubbles5,run-1782645492_i9,0.9,2,0.9134290455937149,0.471908308719661
bubbles5,run-1782645492_i9,0.9,3,0.9001181194451737,0.44849660523763335
bubbles5,run-1782645492_i9,0.9,4,0.9091428549971872,0.4666944480061546
bubbles5,run-1782645492_i9,0.95,0,0.948282682860637,0.45528638618645706
bubbles5,run-1782645492_i9,0.95,1,0.9507190102198255,0.4278052540304451
bubbles5,run-1782645492_i9,0.95,2,0.946863886718305,0.44133462908973115
bubbles5,run-1782645492_i9,0.95,3,0.9474641875617223,0.4522506278575568
bubbles5,run-1782645492_i9,0.95,4,0.9485285507592708,0.4489364428498206
bubbles5,run-1782645608_i9,0.0,0,0.010861015199173632,0.7026718506295351
bubbles5,run-1782645608_i9,0.0,1,-0.0433562406701122,0.7335087560112512
bubbles5,run-1782645608_i9,0.0,2,0.01199244969076223,0.7292340031191374
bubbles5,run-1782645608_i9,0.0,3,-0.04251761404360951,0.73066100887245
bubbles5,run-1782645608_i9,0.0,4,-0.02347487565904377,0.7134251096342511
bubbles5,run-1782645608_i9,0.1,0,0.15824453123003066,0.7076830596134652
bubbles5,run-1782645608_i9,0.1,1,-0.042451137542728196,0.7152332097984272
bubbles5,run-1782645608_i9,0.1,2,-0.04725189701941764,0.7376868110813065
bubbles5,run-1782645608_i9,0.1,3,0.10821573957513618,0.7076260594905356
bubbles5,run-1782645608_i9,0.1,4,0.13523810368923744,0.6983924210907118
bubbles5,run-1782645608_i9,0.2,0,0.1964373931159704,0.6693109700815957
bubbles5,run-1782645608_i9,0.2,1,0.1845507722359757,0.6981259572934498
bubbles5,run-1782645608_i9,0.2,2,0.30707163227835366,0.6731297572400126
bubbles5,run-1782645608_i9,0.2,3,0.15651525288937904,0.7054054054054054
bubbles5,run-1782645608_i9,0.2,4,0.25625201482534943,0.6489011487989829
bubbles5,run-1782645608_i9,0.3,0,0.31499145139003953,0.6624542582448804
bubbles5,run-1782645608_i9,0.3,1,0.4729340592481745,0.6350676637372071
bubbles5,run-1782645608_i9,0.3,2,0.305561348430572,0.6638512362918058
bubbles5,run-1782645608_i9,0.3,3,0.27969176243376026,0.6709738167627173
bubbles5,run-1782645608_i9,0.3,4,0.19377722143354603,0.6907615961568965
bubbles5,run-1782645608_i9,0.4,0,0.3622726958947961,0.6328777352854653
bubbles5,run-1782645608_i9,0.4,1,0.3511613377525042,0.6314642946288774
bubbles5,run-1782645608_i9,0.4,2,0.38625403800537034,0.6509485340836888
bubbles5,run-1782645608_i9,0.4,3,0.3795650346424435,0.6466345070105045
bubbles5,run-1782645608_i9,0.4,4,0.4649473189767385,0.6127479911018295
bubbles5,run-1782645608_i9,0.5,0,0.49243790887965605,0.6185184346920761
bubbles5,run-1782645608_i9,0.5,1,0.455107907528567,0.6211585130752307
bubbles5,run-1782645608_i9,0.5,2,0.4883265929789965,0.6212867372986649
bubbles5,run-1782645608_i9,0.5,3,0.4707994743486378,0.6198172241480214
bubbles5,run-1782645608_i9,0.5,4,0.5467154160256603,0.6032176141130586
bubbles5,run-1782645608_i9,0.6,0,0.6131161025698457,0.5923149755404765
bubbles5,run-1782645608_i9,0.6,1,0.5874941915629397,0.5993879993676746
bubbles5,run-1782645608_i9,0.6,2,0.5999799902686037,0.5883841823299737
bubbles5,run-1782645608_i9,0.6,3,0.5166462493427381,0.6095531132204005
bubbles5,run-1782645608_i9,0.6,4,0.5835349489953999,0.5819419441944195
bubbles5,run-1782645608_i9,0.7,0,0.6845774516995173,0.5860836709609869
bubbles5,run-1782645608_i9,0.7,1,0.7204207361228695,0.5823850139137123
bubbles5,run-1782645608_i9,0.7,2,0.6683071613617407,0.5655193510377957
bubbles5,run-1782645608_i9,0.7,3,0.7343043199825161,0.5717989763939305
bubbles5,run-1782645608_i9,0.7,4,0.7157487053886893,0.567480922924098
bubbles5,run-1782645608_i9,0.8,0,0.8120229087135377,0.5160002698569758
bubbles5,run-1782645608_i9,0.8,1,0.792413007941854,0.5472424016113336
bubbles5,run-1782645608_i9,0.8,2,0.8295775961937603,0.5229606774469618
bubbles5,run-1782645608_i9,0.8,3,0.8292872339524523,0.5320894340220417
bubbles5,run-1782645608_i9,0.8,4,0.8223103139719962,0.5448494131957741
bubbles5,run-1782645608_i9,0.9,0,0.8964425065969427,0.4942073650822217
bubbles5,run-1782645608_i9,0.9,1,0.9009257796413294,0.4986903014564751
bubbles5,run-1782645608_i9,0.9,2,0.9167278441902899,0.4914845685965307
bubbles5,run-1782645608_i9,0.9,3,0.8971833082723157,0.5091207795150691
bubbles5,run-1782645608_i9,0.9,4,0.9138680206757871,0.5137057208443985
bubbles5,run-1782645608_i9,0.95,0,0.9515326278256266,0.47513818412468284
bubbles5,run-1782645608_i9,0.95,1,0.9443342677285221,0.49002839372633855
bubbles5,run-1782645608_i9,0.95,2,0.9627538167085051,0.4713585766217345
bubbles5,run-1782645608_i9,0.95,3,0.9474820078605544,0.47421145255178015
bubbles5,run-1782645608_i9,0.95,4,0.9517480650475464,0.47071096675237967
bubbles5,run-1782645734_i9,0.0,0,0.0074027496342939005,0.7184599717638346
bubbles5,run-1782645734_i9,0.0,1,0.062051942936673474,0.7055967020681945
bubbles5,run-1782645734_i9,0.0,2,-0.07512222029017093,0.7326364772885123
bubbles5,run-1782645734_i9,0.0,3,-0.05175214324544785,0.7405618964003512
bubbles5,run-1782645734_i9,0.0,4,-0.005643462766653974,0.7254180834085074
bubbles5,run-1782645734_i9,0.1,0,0.08198096316057936,0.7114931101451956
bubbles5,run-1782645734_i9,0.1,1,0.12230271673251977,0.7110284605433377
bubbles5,run-1782645734_i9,0.1,2,0.0842153014472992,0.7186034634848415
bubbles5,run-1782645734_i9,0.1,3,0.12300638520082083,0.6980029620030546
bubbles5,run-1782645734_i9,0.1,4,0.15939375042467738,0.7022718306917597
bubbles5,run-1782645734_i9,0.2,0,0.17731774359240807,0.7045507313675412
bubbles5,run-1782645734_i9,0.2,1,0.1563643431287229,0.7045296490333349
bubbles5,run-1782645734_i9,0.2,2,0.19473984366321503,0.6927935222672065
bubbles5,run-1782645734_i9,0.2,3,0.25971174464049723,0.6669251782572461
bubbles5,run-1782645734_i9,0.2,4,0.09956133657315477,0.7067431352102885
bubbles5,run-1782645734_i9,0.3,0,0.1785996651032229,0.6851928851928852
bubbles5,run-1782645734_i9,0.3,1,0.3748796657296118,0.6436114898435514
bubbles5,run-1782645734_i9,0.3,2,0.26238665667389427,0.6895427858166521
bubbles5,run-1782645734_i9,0.3,3,0.30609532092341535,0.6598868098868099
bubbles5,run-1782645734_i9,0.3,4,0.2510814510323996,0.6802819509710873
bubbles5,run-1782645734_i9,0.4,0,0.4083806250101644,0.6455554011487864
bubbles5,run-1782645734_i9,0.4,1,0.3243960231560569,0.6649969852975279
bubbles5,run-1782645734_i9,0.4,2,0.372215166416068,0.6542475812224352
bubbles5,run-1782645734_i9,0.4,3,0.3125718012783244,0.6663499860969506
bubbles5,run-1782645734_i9,0.4,4,0.4857813797979877,0.6448072867175006
bubbles5,run-1782645734_i9,0.5,0,0.5556405486868078,0.6232382976757082
bubbles5,run-1782645734_i9,0.5,1,0.5215532375816334,0.6320713159603079
bubbles5,run-1782645734_i9,0.5,2,0.5147759453198544,0.6132295271049596
bubbles5,run-1782645734_i9,0.5,3,0.5317889411973182,0.6255148317830533
bubbles5,run-1782645734_i9,0.5,4,0.49596941629612235,0.6466394639834929
bubbles5,run-1782645734_i9,0.6,0,0.5475318166464677,0.6035200518062815
bubbles5,run-1782645734_i9,0.6,1,0.5641313118488727,0.6105670162765391
bubbles5,run-1782645734_i9,0.6,2,0.6387840341705521,0.6049262228418729
bubbles5,run-1782645734_i9,0.6,3,0.5417242956936823,0.6233911777618596
bubbles5,run-1782645734_i9,0.6,4,0.5872070560124123,0.6263592614872056
bubbles5,run-1782645734_i9,0.7,0,0.6112481750032298,0.6014167841542053
bubbles5,run-1782645734_i9,0.7,1,0.7122036590678393,0.5973008573475377
bubbles5,run-1782645734_i9,0.7,2,0.6918759473704436,0.5707414222822669
bubbles5,run-1782645734_i9,0.7,3,0.7068651732959964,0.5702353484079372
bubbles5,run-1782645734_i9,0.7,4,0.7023886293342232,0.5933942358969603
bubbles5,run-1782645734_i9,0.8,0,0.8070584462673526,0.5366968220830434
bubbles5,run-1782645734_i9,0.8,1,0.8072016790137776,0.5517424662599372
bubbles5,run-1782645734_i9,0.8,2,0.7956606831160519,0.5370469392974218
bubbles5,run-1782645734_i9,0.8,3,0.7871993069633503,0.5625347029428096
bubbles5,run-1782645734_i9,0.8,4,0.7878627129148859,0.5335259447590431
bubbles5,run-1782645734_i9,0.9,0,0.9007118369895825,0.4978598678701033
bubbles5,run-1782645734_i9,0.9,1,0.8907602849290023,0.5055673873790453
bubbles5,run-1782645734_i9,0.9,2,0.8981852483656497,0.5077627895138712
bubbles5,run-1782645734_i9,0.9,3,0.915009426923109,0.49463903618941296
bubbles5,run-1782645734_i9,0.9,4,0.8998149547195612,0.5025988726667898
bubbles5,run-1782645734_i9,0.95,0,0.9488424362700911,0.46495819533547955
bubbles5,run-1782645734_i9,0.95,1,0.9444392441348392,0.48053207704032147
bubbles5,run-1782645734_i9,0.95,2,0.9483245770027259,0.4822235613136487
bubbles5,run-1782645734_i9,0.95,3,0.9528686879466576,0.469159554125274
bubbles5,run-1782645734_i9,0.95,4,0.9563122900989944,0.48518742442563484
bubbles6,run-1782690753_i9,0.0,0,0.032036149061957994,0.7197533063187425
bubbles6,run-1782690753_i9,0.0,1,-0.008167810536437265,0.7391135013454385
bubbles6,run-1782690753_i9,0.0,2,-0.05291327308837479,0.7530784918258501
bubbles6,run-1782690753_i9,0.0,3,0.0019230717539655896,0.7428797054804238
bubbles6,run-1782690753_i9,0.0,4,0.044407523520601164,0.7237936525021434
bubbles6,run-1782690753_i9,0.1,0,0.08124551495996157,0.7330369963601013
bubbles6,run-1782690753_i9,0.1,1,0.11311837595899425,0.7104949026876738
bubbles6,run-1782690753_i9,0.1,2,0.1185423929670149,0.7068782242837816
bubbles6,run-1782690753_i9,0.1,3,0.05194710019781046,0.7082288706891748
bubbles6,run-1782690753_i9,0.1,4,0.07471956278514293,0.7239256514410046
bubbles6,run-1782690753_i9,0.2,0,0.19262511452906128,0.7027382842793308
bubbles6,run-1782690753_i9,0.2,1,0.2496485890489365,0.6891556689216665
bubbles6,run-1782690753_i9,0.2,2,0.117992617970176,0.7127260828177059
bubbles6,run-1782690753_i9,0.2,3,0.21156867796567946,0.7035182488783174
bubbles6,run-1782690753_i9,0.2,4,0.2046637203005852,0.6957438194568253
bubbles6,run-1782690753_i9,0.3,0,0.3642902017473535,0.6665148131275532
bubbles6,run-1782690753_i9,0.3,1,0.31941792502206806,0.6829669105358933
bubbles6,run-1782690753_i9,0.3,2,0.26858924879653884,0.6834555047589386
bubbles6,run-1782690753_i9,0.3,3,0.26286846291930027,0.6884323295553813
bubbles6,run-1782690753_i9,0.3,4,0.2616098322488223,0.6978093117199233
bubbles6,run-1782690753_i9,0.4,0,0.3800524775722447,0.6743841708904983
bubbles6,run-1782690753_i9,0.4,1,0.4123770103606501,0.6650894710167178
bubbles6,run-1782690753_i9,0.4,2,0.387746942354869,0.6676496723314451
bubbles6,run-1782690753_i9,0.4,3,0.4148988494562282,0.6455108990058802
bubbles6,run-1782690753_i9,0.4,4,0.3862446832871122,0.6683742423288691
bubbles6,run-1782690753_i9,0.5,0,0.4688946059579424,0.6496606062847948
bubbles6,run-1782690753_i9,0.5,1,0.4872727648471514,0.6403135167110322
bubbles6,run-1782690753_i9,0.5,2,0.49336451181091234,0.6360289222575635
bubbles6,run-1782690753_i9,0.5,3,0.4815191939505648,0.6434429109901939
bubbles6,run-1782690753_i9,0.5,4,0.5075844398819394,0.6380311057054238
bubbles6,run-1782690753_i9,0.6,0,0.6105421561257096,0.6162480333179083
bubbles6,run-1782690753_i9,0.6,1,0.6264257350407144,0.6250508284106788
bubbles6,run-1782690753_i9,0.6,2,0.5909182553897157,0.6150917989486495
bubbles6,run-1782690753_i9,0.6,3,0.5748710180432887,0.6226356278458747
bubbles6,run-1782690753_i9,0.6,4,0.6150709628471771,0.6194291409326848
bubbles6,run-1782690753_i9,0.7,0,0.6855133620824049,0.6033706410137822
bubbles6,run-1782690753_i9,0.7,1,0.706886439155687,0.6008003677465514
bubbles6,run-1782690753_i9,0.7,2,0.6914642060551948,0.5945680858387525
bubbles6,run-1782690753_i9,0.7,3,0.7155523656910118,0.5844494900562824
bubbles6,run-1782690753_i9,0.7,4,0.665087643180043,0.6076941053404703
bubbles6,run-1782690753_i9,0.8,0,0.789302911155534,0.5876123828113448
bubbles6,run-1782690753_i9,0.8,1,0.7726808470871358,0.5859723560364634
bubbles6,run-1782690753_i9,0.8,2,0.8187884508970726,0.5564172382708309
bubbles6,run-1782690753_i9,0.8,3,0.7851956578572691,0.5825545689974103
bubbles6,run-1782690753_i9,0.8,4,0.818650510854077,0.5726758018706598
bubbles6,run-1782690753_i9,0.9,0,0.9045805058221348,0.5459894376905332
bubbles6,run-1782690753_i9,0.9,1,0.9091720085227621,0.5368252566917918
bubbles6,run-1782690753_i9,0.9,2,0.9014605364187588,0.5484213985327184
bubbles6,run-1782690753_i9,0.9,3,0.8892325686421261,0.5367508928770317
bubbles6,run-1782690753_i9,0.9,4,0.9027852556438285,0.547715643884239
bubbles6,run-1782690753_i9,0.95,0,0.9516668157925717,0.531790068655303
bubbles6,run-1782690753_i9,0.95,1,0.9523804418124513,0.5251109826503917
bubbles6,run-1782690753_i9,0.95,2,0.9510433374648444,0.5306134141608295
bubbles6,run-1782690753_i9,0.95,3,0.9545982676310115,0.5230182294751806
bubbles6,run-1782690753_i9,0.95,4,0.9512037070240139,0.5325686627227714
bubbles6,run-1782691528_i9,0.0,0,0.08462133880255937,0.7152266486963129
bubbles6,run-1782691528_i9,0.0,1,-0.058037081269564514,0.7425110734008283
bubbles6,run-1782691528_i9,0.0,2,0.0234568411713704,0.7173260160318043
bubbles6,run-1782691528_i9,0.0,3,0.002881386782762789,0.7295855117770711
bubbles6,run-1782691528_i9,0.0,4,-0.01292584009950574,0.7326206087228018
bubbles6,run-1782691528_i9,0.1,0,0.11884593049945284,0.7043618189254935
bubbles6,run-1782691528_i9,0.1,1,0.10649501895051593,0.6973408178023441
bubbles6,run-1782691528_i9,0.1,2,0.07827245803183083,0.7151680711509587
bubbles6,run-1782691528_i9,0.1,3,0.1336318052204211,0.7070185865571644
bubbles6,run-1782691528_i9,0.1,4,0.04265530916550715,0.7172145697881664
bubbles6,run-1782691528_i9,0.2,0,0.20163948134461476,0.6953710104850789
bubbles6,run-1782691528_i9,0.2,1,0.15947675555764396,0.7056381111035317
bubbles6,run-1782691528_i9,0.2,2,0.19806895671469785,0.6971221653202798
bubbles6,run-1782691528_i9,0.2,3,0.13989312694724723,0.7142777849397677
bubbles6,run-1782691528_i9,0.2,4,0.17064638509292293,0.6997991823596612
bubbles6,run-1782691528_i9,0.3,0,0.3362591310986938,0.6652783552452365
bubbles6,run-1782691528_i9,0.3,1,0.30376453892537675,0.6770967440321641
bubbles6,run-1782691528_i9,0.3,2,0.25959651267921996,0.6901313452755524
bubbles6,run-1782691528_i9,0.3,3,0.3463916818482823,0.6702416858836652
bubbles6,run-1782691528_i9,0.3,4,0.2778459993205117,0.676047021605493
bubbles6,run-1782691528_i9,0.4,0,0.42473420128336514,0.6392324101499722
bubbles6,run-1782691528_i9,0.4,1,0.42487973631556014,0.6573461266073977
bubbles6,run-1782691528_i9,0.4,2,0.4230715995545855,0.6495760979493469
bubbles6,run-1782691528_i9,0.4,3,0.38697175666452227,0.6594969516578955
bubbles6,run-1782691528_i9,0.4,4,0.37800487464924215,0.6622311726089295
bubbles6,run-1782691528_i9,0.5,0,0.5372199590124146,0.6240903076414158
bubbles6,run-1782691528_i9,0.5,1,0.4482094751919713,0.6468708220415538
bubbles6,run-1782691528_i9,0.5,2,0.523472409872584,0.6380810452252634
bubbles6,run-1782691528_i9,0.5,3,0.5045534790849513,0.6245444550583061
bubbles6,run-1782691528_i9,0.5,4,0.49118971625276286,0.6354568357346425
bubbles6,run-1782691528_i9,0.6,0,0.5799063530553202,0.6085967003144609
bubbles6,run-1782691528_i9,0.6,1,0.5933472188514111,0.6046888317466738
bubbles6,run-1782691528_i9,0.6,2,0.6042269401089666,0.6032629965136778
bubbles6,run-1782691528_i9,0.6,3,0.5869023489993818,0.6062778611268637
bubbles6,run-1782691528_i9,0.6,4,0.6073781872653878,0.6065024116334318
bubbles6,run-1782691528_i9,0.7,0,0.6719898476178758,0.5901915964936871
bubbles6,run-1782691528_i9,0.7,1,0.6974380478084322,0.5953984934235886
bubbles6,run-1782691528_i9,0.7,2,0.6878103075336403,0.5879382854031437
bubbles6,run-1782691528_i9,0.7,3,0.7098706952998081,0.5841033560180281
bubbles6,run-1782691528_i9,0.7,4,0.6920179446370529,0.5939265460728083
bubbles6,run-1782691528_i9,0.8,0,0.7887969133579801,0.554141451802564
bubbles6,run-1782691528_i9,0.8,1,0.8077392357283772,0.5655612601347841
bubbles6,run-1782691528_i9,0.8,2,0.800965183542039,0.5668203674465336
bubbles6,run-1782691528_i9,0.8,3,0.8198886197950379,0.5665079473214317
bubbles6,run-1782691528_i9,0.8,4,0.8136779916376425,0.5554045964073316
bubbles6,run-1782691528_i9,0.9,0,0.903947356320199,0.5274204650562498
bubbles6,run-1782691528_i9,0.9,1,0.9008903272288185,0.538465266211016
bubbles6,run-1782691528_i9,0.9,2,0.9032187743988985,0.5320073889416955
bubbles6,run-1782691528_i9,0.9,3,0.902894338388167,0.5315291181843025
bubbles6,run-1782691528_i9,0.9,4,0.8988807763306081,0.5349613335007984
bubbles6,run-1782691528_i9,0.95,0,0.9447690544268453,0.5018241884515944
bubbles6,run-1782691528_i9,0.95,1,0.9494943666671682,0.5156689945085886
bubbles6,run-1782691528_i9,0.95,2,0.9489272589244042,0.5165281995933837
bubbles6,run-1782691528_i9,0.95,3,0.9531052137952963,0.5088410931717959
bubbles6,run-1782691528_i9,0.95,4,0.950434422098062,0.49965353697460585
bubbles6,run-1782692300_i9,0.0,0,-0.02048716267129647,0.7394268405129477
bubbles6,run-1782692300_i9,0.0,1,0.0360276061724787,0.7179705800026518
bubbles6,run-1782692300_i9,0.0,2,-0.018801834162526385,0.7277676349769578
bubbles6,run-1782692300_i9,0.0,3,-0.026624632451007463,0.7215010703476784
bubbles6,run-1782692300_i9,0.0,4,0.0035090248326800364,0.7268353088809483
bubbles6,run-1782692300_i9,0.1,0,0.14948645281317136,0.6891539259924476
bubbles6,run-1782692300_i9,0.1,1,0.09311663303320176,0.709610181861072
bubbles6,run-1782692300_i9,0.1,2,0.08459537034949405,0.7129047243339699
bubbles6,run-1782692300_i9,0.1,3,0.12090623463976942,0.7128694123962263
bubbles6,run-1782692300_i9,0.1,4,0.10786528474457369,0.7113427297791749
bubbles6,run-1782692300_i9,0.2,0,0.23078483793543486,0.682762505384301
bubbles6,run-1782692300_i9,0.2,1,0.2307095942843948,0.7012183230487881
bubbles6,run-1782692300_i9,0.2,2,0.20348364430741642,0.675809750419517
bubbles6,run-1782692300_i9,0.2,3,0.22454845845200408,0.675958444966114
bubbles6,run-1782692300_i9,0.2,4,0.23443228934440358,0.6942127196553612
bubbles6,run-1782692300_i9,0.3,0,0.3303458942993984,0.6664354397124914
bubbles6,run-1782692300_i9,0.3,1,0.26228658697580143,0.6730845668607432
bubbles6,run-1782692300_i9,0.3,2,0.2682408248032628,0.6826231200235918
bubbles6,run-1782692300_i9,0.3,3,0.25625471098048636,0.6872700542265695
bubbles6,run-1782692300_i9,0.3,4,0.3173543772206318,0.6754028318962498
bubbles6,run-1782692300_i9,0.4,0,0.3748191963182264,0.6660932784939004
bubbles6,run-1782692300_i9,0.4,1,0.34845746124695587,0.6658261802575107
bubbles6,run-1782692300_i9,0.4,2,0.4311175184703919,0.6463280883607398
bubbles6,run-1782692300_i9,0.4,3,0.3679499592622056,0.6609816389384182
bubbles6,run-1782692300_i9,0.4,4,0.3772812590724265,0.6505876681680356
bubbles6,run-1782692300_i9,0.5,0,0.48251043054005066,0.6390131296852128
bubbles6,run-1782692300_i9,0.5,1,0.5111392148029368,0.6366353999286662
bubbles6,run-1782692300_i9,0.5,2,0.4908731850248668,0.6325377576893396
bubbles6,run-1782692300_i9,0.5,3,0.4617847710560569,0.6393433598308854
bubbles6,run-1782692300_i9,0.5,4,0.4705840180444563,0.6396919776318846
bubbles6,run-1782692300_i9,0.6,0,0.6161552889644331,0.6079120280780239
bubbles6,run-1782692300_i9,0.6,1,0.5918290547779269,0.6109081553897607
bubbles6,run-1782692300_i9,0.6,2,0.5865850335754524,0.6144224277550479
bubbles6,run-1782692300_i9,0.6,3,0.5878582407671046,0.6101055306923034
bubbles6,run-1782692300_i9,0.6,4,0.6048966234735296,0.6312079869096056
bubbles6,run-1782692300_i9,0.7,0,0.7223462629156369,0.5860376374494091
bubbles6,run-1782692300_i9,0.7,1,0.6769054292012211,0.6076737416169209
bubbles6,run-1782692300_i9,0.7,2,0.7021621755595704,0.5955076859650156
bubbles6,run-1782692300_i9,0.7,3,0.7179912538236646,0.5870788588624026
bubbles6,run-1782692300_i9,0.7,4,0.7073703671515631,0.5821402999871487
bubbles6,run-1782692300_i9,0.8,0,0.8212626800966757,0.5641671704734801
bubbles6,run-1782692300_i9,0.8,1,0.7916861960259222,0.5624560809692172
bubbles6,run-1782692300_i9,0.8,2,0.8189384416169891,0.5699353067593029
bubbles6,run-1782692300_i9,0.8,3,0.7894163556797384,0.5655159989264192
bubbles6,run-1782692300_i9,0.8,4,0.8146452786341302,0.5768638091270705
bubbles6,run-1782692300_i9,0.9,0,0.9051788303271755,0.5378506619672095
bubbles6,run-1782692300_i9,0.9,1,0.8972439451473561,0.5387883211140723
bubbles6,run-1782692300_i9,0.9,2,0.9041736621157805,0.5424427862709116
bubbles6,run-1782692300_i9,0.9,3,0.8910836025904741,0.529337050233537
bubbles6,run-1782692300_i9,0.9,4,0.9109592673667698,0.5339998969421257
bubbles6,run-1782692300_i9,0.95,0,0.9439516692299278,0.5072559950446863
bubbles6,run-1782692300_i9,0.95,1,0.9512439277961692,0.52120119259006
bubbles6,run-1782692300_i9,0.95,2,0.9508423687955483,0.5021462618659983
bubbles6,run-1782692300_i9,0.95,3,0.9551848030016772,0.5122299779573842
bubbles6,run-1782692300_i9,0.95,4,0.9496826734530931,0.5080402269401056
bubbles7,run-1782695529_i9,0.0,0,0.016852608330422812,0.7183856007067138
bubbles7,run-1782695529_i9,0.0,1,0.0036821798938517134,0.7204521982476207
bubbles7,run-1782695529_i9,0.0,2,-0.0163279236609469,0.7242860348677651
bubbles7,run-1782695529_i9,0.0,3,0.045759772020680226,0.7179026377551774
bubbles7,run-1782695529_i9,0.0,4,-0.03546013968177723,0.7348759115458784
bubbles7,run-1782695529_i9,0.1,0,0.09943379733751449,0.7086583707656082
bubbles7,run-1782695529_i9,0.1,1,0.08451438082811541,0.712724497358204
bubbles7,run-1782695529_i9,0.1,2,0.06634734308786625,0.7150643764179017
bubbles7,run-1782695529_i9,0.1,3,0.05881944903707048,0.7152604797138936
bubbles7,run-1782695529_i9,0.1,4,0.09078056955013392,0.708996030292604
bubbles7,run-1782695529_i9,0.2,0,0.1833089519358476,0.6807845952762284
bubbles7,run-1782695529_i9,0.2,1,0.17074575389497554,0.6893005636145246
bubbles7,run-1782695529_i9,0.2,2,0.1396009091031415,0.7020876200908917
bubbles7,run-1782695529_i9,0.2,3,0.1980075707472339,0.6950751784128715
bubbles7,run-1782695529_i9,0.2,4,0.18694102265152754,0.6886539386539386
bubbles7,run-1782695529_i9,0.3,0,0.306371775577126,0.6650357033805087
bubbles7,run-1782695529_i9,0.3,1,0.26468337795551716,0.6763212844293925
bubbles7,run-1782695529_i9,0.3,2,0.3365150831860115,0.6676737215945837
bubbles7,run-1782695529_i9,0.3,3,0.2500007276802412,0.6754989269791786
bubbles7,run-1782695529_i9,0.3,4,0.3152758724456086,0.6656823092692116
bubbles7,run-1782695529_i9,0.4,0,0.40683098210419383,0.64168200261635
bubbles7,run-1782695529_i9,0.4,1,0.34661727566721046,0.6607063805926101
bubbles7,run-1782695529_i9,0.4,2,0.40151113848585357,0.6570428696412949
bubbles7,run-1782695529_i9,0.4,3,0.4089957838059141,0.6479139211803076
bubbles7,run-1782695529_i9,0.4,4,0.38722070895171146,0.6476671069624375
bubbles7,run-1782695529_i9,0.5,0,0.5152978879791164,0.6314803491022292
bubbles7,run-1782695529_i9,0.5,1,0.4671914756734822,0.6345598367118361
bubbles7,run-1782695529_i9,0.5,2,0.5258812372802096,0.6216701074176704
bubbles7,run-1782695529_i9,0.5,3,0.48645960788207127,0.6384143597914039
bubbles7,run-1782695529_i9,0.5,4,0.5062159777149753,0.6379863728990939
bubbles7,run-1782695529_i9,0.6,0,0.6216537151850285,0.6049557509038349
bubbles7,run-1782695529_i9,0.6,1,0.5730995962496782,0.6075215124099427
bubbles7,run-1782695529_i9,0.6,2,0.6341785123488145,0.6025384732140543
bubbles7,run-1782695529_i9,0.6,3,0.5495251450256293,0.6158218188402852
bubbles7,run-1782695529_i9,0.6,4,0.6230318424537095,0.6014283300768338
bubbles7,run-1782695529_i9,0.7,0,0.6924145883063252,0.5793239548421238
bubbles7,run-1782695529_i9,0.7,1,0.7094030393721787,0.5759374518338019
bubbles7,run-1782695529_i9,0.7,2,0.6793427035130188,0.5930110284215225
bubbles7,run-1782695529_i9,0.7,3,0.7283962101360768,0.5791926267281106
bubbles7,run-1782695529_i9,0.7,4,0.6996042196961468,0.592135734725787
bubbles7,run-1782695529_i9,0.8,0,0.8101362083922764,0.5597049543662262
bubbles7,run-1782695529_i9,0.8,1,0.8028145978594777,0.5495210309134402
bubbles7,run-1782695529_i9,0.8,2,0.7796219077650535,0.5583530762099563
bubbles7,run-1782695529_i9,0.8,3,0.7857904048908122,0.5565161927796131
bubbles7,run-1782695529_i9,0.8,4,0.7982051851576973,0.5557282440161607
bubbles7,run-1782695529_i9,0.9,0,0.883329749165098,0.5308698341630093
bubbles7,run-1782695529_i9,0.9,1,0.9021702713009155,0.5174364346604008
bubbles7,run-1782695529_i9,0.9,2,0.896942463449578,0.5218649825367208
bubbles7,run-1782695529_i9,0.9,3,0.8998072511468144,0.5250568679559191
bubbles7,run-1782695529_i9,0.9,4,0.8843272905414026,0.5290076785031331
bubbles7,run-1782695529_i9,0.95,0,0.9489790013275109,0.5127501334658787
bubbles7,run-1782695529_i9,0.95,1,0.9459495482013306,0.515970832826703
bubbles7,run-1782695529_i9,0.95,2,0.946069304876926,0.5009189014349564
bubbles7,run-1782695529_i9,0.95,3,0.9471002523720116,0.5025619207591094
bubbles7,run-1782695529_i9,0.95,4,0.9468496917906872,0.51341308615371
bubbles7,run-1782696856_i9,0.0,0,-0.03380516252035144,0.7317657431202986
bubbles7,run-1782696856_i9,0.0,1,-0.06636238805908791,0.735894546502791
bubbles7,run-1782696856_i9,0.0,2,0.0016605261409228535,0.7332217466683143
bubbles7,run-1782696856_i9,0.0,3,-0.0211866153555915,0.7366911435813329
bubbles7,run-1782696856_i9,0.0,4,0.013363250512167532,0.7235846868617344
bubbles7,run-1782696856_i9,0.1,0,0.10384725333141055,0.7142444514842629
bubbles7,run-1782696856_i9,0.1,1,0.11992290908951694,0.7161267461161156
bubbles7,run-1782696856_i9,0.1,2,0.10307340039339276,0.7265229916112947
bubbles7,run-1782696856_i9,0.1,3,0.0836236197893891,0.711828813565661
bubbles7,run-1782696856_i9,0.1,4,0.12703092924083026,0.7067695944283297
bubbles7,run-1782696856_i9,0.2,0,0.22543064376227462,0.6849865049755893
bubbles7,run-1782696856_i9,0.2,1,0.1831951418800864,0.7017462857313763
bubbles7,run-1782696856_i9,0.2,2,0.21122109939812922,0.686930741715396
bubbles7,run-1782696856_i9,0.2,3,0.1154815239509354,0.7065538489082513
bubbles7,run-1782696856_i9,0.2,4,0.16968781593236193,0.7017124183006536
bubbles7,run-1782696856_i9,0.3,0,0.29156123881652063,0.6850202368516626
bubbles7,run-1782696856_i9,0.3,1,0.2823667978909839,0.6906071575176326
bubbles7,run-1782696856_i9,0.3,2,0.2925177545579933,0.6742848159779016
bubbles7,run-1782696856_i9,0.3,3,0.3142619752995399,0.6831520444325322
bubbles7,run-1782696856_i9,0.3,4,0.33440211736558717,0.6773188538122408
bubbles7,run-1782696856_i9,0.4,0,0.4020309446310677,0.6583495926483073
bubbles7,run-1782696856_i9,0.4,1,0.3356248023196807,0.6706340332595392
bubbles7,run-1782696856_i9,0.4,2,0.4028545549645329,0.6561441473598888
bubbles7,run-1782696856_i9,0.4,3,0.3874506091117733,0.6655434762339866
bubbles7,run-1782696856_i9,0.4,4,0.40457427627819076,0.6610560749400591
bubbles7,run-1782696856_i9,0.5,0,0.5112826694469733,0.6504913592406877
bubbles7,run-1782696856_i9,0.5,1,0.5121278731759417,0.6365774213264561
bubbles7,run-1782696856_i9,0.5,2,0.5165585213495392,0.6416414156491627
bubbles7,run-1782696856_i9,0.5,3,0.4990974387118936,0.6435522569619355
bubbles7,run-1782696856_i9,0.5,4,0.4464436909606818,0.6587795858816154
bubbles7,run-1782696856_i9,0.6,0,0.6134938422726192,0.6199882163419945
bubbles7,run-1782696856_i9,0.6,1,0.596562678883126,0.609862519956479
bubbles7,run-1782696856_i9,0.6,2,0.6189364680624467,0.6130872633918881
bubbles7,run-1782696856_i9,0.6,3,0.6087659787804178,0.6093229827573338
bubbles7,run-1782696856_i9,0.6,4,0.6295229064719634,0.6148707722414236
bubbles7,run-1782696856_i9,0.7,0,0.6792056210265305,0.6079793657656584
bubbles7,run-1782696856_i9,0.7,1,0.6956718394858761,0.6141663312012643
bubbles7,run-1782696856_i9,0.7,2,0.7310529316149748,0.581602645200536
bubbles7,run-1782696856_i9,0.7,3,0.6903739760584333,0.6090711899216442
bubbles7,run-1782696856_i9,0.7,4,0.6948218720686881,0.5943347773659059
bubbles7,run-1782696856_i9,0.8,0,0.8026319465375098,0.583200647333664
bubbles7,run-1782696856_i9,0.8,1,0.792947293721112,0.5744532123192171
bubbles7,run-1782696856_i9,0.8,2,0.8024944118400099,0.5784334157015689
bubbles7,run-1782696856_i9,0.8,3,0.8108429621097503,0.5806258079854971
bubbles7,run-1782696856_i9,0.8,4,0.785548255525838,0.5872618486446761
bubbles7,run-1782696856_i9,0.9,0,0.9016302879230886,0.5464091582935267
bubbles7,run-1782696856_i9,0.9,1,0.891784267034901,0.5582660060408576
bubbles7,run-1782696856_i9,0.9,2,0.9029116901877763,0.5470040342821023
bubbles7,run-1782696856_i9,0.9,3,0.8884152344074456,0.5459689431742012
bubbles7,run-1782696856_i9,0.9,4,0.9046164185767555,0.5473257317941397
bubbles7,run-1782696856_i9,0.95,0,0.9476089884892535,0.5245582894227621
bubbles7,run-1782696856_i9,0.95,1,0.9496950807332549,0.5223707363165941
bubbles7,run-1782696856_i9,0.95,2,0.9520758197868512,0.5205066546742536
bubbles7,run-1782696856_i9,0.95,3,0.9524123392665649,0.5258340840896738
bubbles7,run-1782696856_i9,0.95,4,0.9522732515171062,0.5223719324437809
bubbles7,run-1782698138_i9,0.0,0,-0.02409136669227648,0.7377119017539736
bubbles7,run-1782698138_i9,0.0,1,-0.046760859962894495,0.7464553825535972
bubbles7,run-1782698138_i9,0.0,2,-0.06540246017543079,0.7387943337870511
bubbles7,run-1782698138_i9,0.0,3,-0.03525620717968576,0.7360783306109714
bubbles7,run-1782698138_i9,0.0,4,-0.00979159706097998,0.7375235629359601
bubbles7,run-1782698138_i9,0.1,0,0.10128778147505212,0.7266477281047283
bubbles7,run-1782698138_i9,0.1,1,0.14015749176246603,0.7054238771180988
bubbles7,run-1782698138_i9,0.1,2,0.10019716345255056,0.7087112307506116
bubbles7,run-1782698138_i9,0.1,3,0.09131246623964973,0.7023036803597428
bubbles7,run-1782698138_i9,0.1,4,0.10513071728509198,0.708444909370177
bubbles7,run-1782698138_i9,0.2,0,0.23235895688072802,0.6939697324186388
bubbles7,run-1782698138_i9,0.2,1,0.21855207615791128,0.702437150476866
bubbles7,run-1782698138_i9,0.2,2,0.18167674961368763,0.7094660754953627
bubbles7,run-1782698138_i9,0.2,3,0.17759107199292953,0.6974161244445755
bubbles7,run-1782698138_i9,0.2,4,0.1649084829403899,0.7004358538439225
bubbles7,run-1782698138_i9,0.3,0,0.34213924690212055,0.6742239805234328
bubbles7,run-1782698138_i9,0.3,1,0.29003022449628063,0.6900502961722891
bubbles7,run-1782698138_i9,0.3,2,0.28972433366298067,0.696267934515649
bubbles7,run-1782698138_i9,0.3,3,0.2866872184483464,0.6917688846965884
bubbles7,run-1782698138_i9,0.3,4,0.2663943995758601,0.6898394450095499
bubbles7,run-1782698138_i9,0.4,0,0.42223872371124294,0.6537252747252748
bubbles7,run-1782698138_i9,0.4,1,0.39774480386601285,0.6734879691022168
bubbles7,run-1782698138_i9,0.4,2,0.3700646572290503,0.6705958064729048
bubbles7,run-1782698138_i9,0.4,3,0.35305462542659316,0.6763841362569847
bubbles7,run-1782698138_i9,0.4,4,0.40274484493124013,0.6677394066166746
bubbles7,run-1782698138_i9,0.5,0,0.48375515746935044,0.6439979127009209
bubbles7,run-1782698138_i9,0.5,1,0.49491944401796517,0.6457915168626067
bubbles7,run-1782698138_i9,0.5,2,0.5282384397689956,0.6360670570234802
bubbles7,run-1782698138_i9,0.5,3,0.49841950629149867,0.6474927769803189
bubbles7,run-1782698138_i9,0.5,4,0.481495626548935,0.6462566795820556
bubbles7,run-1782698138_i9,0.6,0,0.5988684057715111,0.6340305788827908
bubbles7,run-1782698138_i9,0.6,1,0.6047584078195728,0.6246926653744261
bubbles7,run-1782698138_i9,0.6,2,0.5890404236781294,0.617545737070482
bubbles7,run-1782698138_i9,0.6,3,0.5913999113962926,0.6273729724197923
bubbles7,run-1782698138_i9,0.6,4,0.6136873764040297,0.6243803962522247
bubbles7,run-1782698138_i9,0.7,0,0.701881648282323,0.6102190609788704
bubbles7,run-1782698138_i9,0.7,1,0.692362239252194,0.6106170582320138
bubbles7,run-1782698138_i9,0.7,2,0.6932173458229802,0.5917361790360218
bubbles7,run-1782698138_i9,0.7,3,0.6955812942061734,0.5958908131397094
bubbles7,run-1782698138_i9,0.7,4,0.6944743495665686,0.6095676689659223
bubbles7,run-1782698138_i9,0.8,0,0.7899432809739887,0.5865064220183486
bubbles7,run-1782698138_i9,0.8,1,0.7975744584267722,0.5789015877210367
bubbles7,run-1782698138_i9,0.8,2,0.794373581411657,0.5835830982604607
bubbles7,run-1782698138_i9,0.8,3,0.8007738339762076,0.572627837525879
bubbles7,run-1782698138_i9,0.8,4,0.7946981020812589,0.5873894453230246
bubbles7,run-1782698138_i9,0.9,0,0.8883548518768943,0.5665178981394751
bubbles7,run-1782698138_i9,0.9,1,0.9032547850374415,0.5474696949047659
bubbles7,run-1782698138_i9,0.9,2,0.9008916675624401,0.552668636932238
bubbles7,run-1782698138_i9,0.9,3,0.9003052941937071,0.5459809002695615
bubbles7,run-1782698138_i9,0.9,4,0.8989766282629046,0.5443952287305409
bubbles7,run-1782698138_i9,0.95,0,0.9483447323585051,0.5244893476828465
bubbles7,run-1782698138_i9,0.95,1,0.9544536276944449,0.5277571165282261
bubbles7,run-1782698138_i9,0.95,2,0.949090115315955,0.5120928703213197
bubbles7,run-1782698138_i9,0.95,3,0.9510295570771251,0.5372944178441279
bubbles7,run-1782698138_i9,0.95,4,0.9496725965357891,0.5338300457797798
bubbles8,run-1782703871_i9,0.0,0,0.041856916545032784,0.730951840537594
bubbles8,run-1782703871_i9,0.0,1,0.04371866352378231,0.7207560946533945
bubbles8,run-1782703871_i9,0.0,2,-0.02883899056394263,0.721595994785496
bubbles8,run-1782703871_i9,0.0,3,-0.05430426550235475,0.7401978447331177
bubbles8,run-1782703871_i9,0.0,4,0.06975812852831949,0.7139024463051687
bubbles8,run-1782703871_i9,0.1,0,0.14437983010692357,0.701106887548259
bubbles8,run-1782703871_i9,0.1,1,0.10310676329084595,0.7067997260906134
bubbles8,run-1782703871_i9,0.1,2,0.10064602763706752,0.7142182684693995
bubbles8,run-1782703871_i9,0.1,3,0.07125671996042385,0.72221104404203
bubbles8,run-1782703871_i9,0.1,4,0.10427259650786945,0.7081732149047116
bubbles8,run-1782703871_i9,0.2,0,0.24516734866306508,0.682071491717241
bubbles8,run-1782703871_i9,0.2,1,0.2451190204890604,0.6840114530181154
bubbles8,run-1782703871_i9,0.2,2,0.18499312851477084,0.6930355720285892
bubbles8,run-1782703871_i9,0.2,3,0.1435967852906744,0.7039294461313185
bubbles8,run-1782703871_i9,0.2,4,0.20073267569568765,0.6954970102553253
bubbles8,run-1782703871_i9,0.3,0,0.29063691938684777,0.6764037674250847
bubbles8,run-1782703871_i9,0.3,1,0.2822817589366221,0.6775390210976113
bubbles8,run-1782703871_i9,0.3,2,0.31005540962281386,0.6730446652062172
bubbles8,run-1782703871_i9,0.3,3,0.27201903156139395,0.6807368796486875
bubbles8,run-1782703871_i9,0.3,4,0.29396330714348895,0.6789361369324276
bubbles8,run-1782703871_i9,0.4,0,0.3869719156454688,0.6607442995046928
bubbles8,run-1782703871_i9,0.4,1,0.3620131683435897,0.6558823420081259
bubbles8,run-1782703871_i9,0.4,2,0.3864122225385525,0.6510331109546638
bubbles8,run-1782703871_i9,0.4,3,0.4080434772691854,0.6613475111406791
bubbles8,run-1782703871_i9,0.4,4,0.36131511960228924,0.6560992944748749
bubbles8,run-1782703871_i9,0.5,0,0.4700412835025758,0.6322466536702462
bubbles8,run-1782703871_i9,0.5,1,0.5273246517274279,0.6263506616432508
bubbles8,run-1782703871_i9,0.5,2,0.5112623344526565,0.6307385192337085
bubbles8,run-1782703871_i9,0.5,3,0.4938832722577908,0.6335808016187104
bubbles8,run-1782703871_i9,0.5,4,0.4336615749413362,0.6447433536120258
bubbles8,run-1782703871_i9,0.6,0,0.5684382519922099,0.6155513627770584
bubbles8,run-1782703871_i9,0.6,1,0.6142536147574268,0.5980596870486995
bubbles8,run-1782703871_i9,0.6,2,0.5508975584066198,0.6215301374390511
bubbles8,run-1782703871_i9,0.6,3,0.5542208705982795,0.614049663754401
bubbles8,run-1782703871_i9,0.6,4,0.600395327969972,0.6157759726378794
bubbles8,run-1782703871_i9,0.7,0,0.7089398095874462,0.583444279113478
bubbles8,run-1782703871_i9,0.7,1,0.7111330308075465,0.5910019116326386
bubbles8,run-1782703871_i9,0.7,2,0.7338307003706813,0.5699653436261276
bubbles8,run-1782703871_i9,0.7,3,0.6852015539656836,0.5920511734052913
bubbles8,run-1782703871_i9,0.7,4,0.6974193254340743,0.5819626449486712
bubbles8,run-1782703871_i9,0.8,0,0.8083729598072158,0.550286549468368
bubbles8,run-1782703871_i9,0.8,1,0.7871759420061245,0.5604536628551449
bubbles8,run-1782703871_i9,0.8,2,0.7850461729761756,0.5600173176904295
bubbles8,run-1782703871_i9,0.8,3,0.7959111586804665,0.5613643804223277
bubbles8,run-1782703871_i9,0.8,4,0.8146930069652714,0.5531309474247651
bubbles8,run-1782703871_i9,0.9,0,0.9072491640266542,0.5271548109357237
bubbles8,run-1782703871_i9,0.9,1,0.9085168641362431,0.5217967029697078
bubbles8,run-1782703871_i9,0.9,2,0.9046299770566224,0.5211734028683181
bubbles8,run-1782703871_i9,0.9,3,0.9025333823246775,0.5073336991783419
bubbles8,run-1782703871_i9,0.9,4,0.8998166133511565,0.5352822168255302
bubbles8,run-1782703871_i9,0.95,0,0.9514588728525726,0.5083232698560148
bubbles8,run-1782703871_i9,0.95,1,0.9530250222047795,0.5053999212124366
bubbles8,run-1782703871_i9,0.95,2,0.9486179018155529,0.5041468158776559
bubbles8,run-1782703871_i9,0.95,3,0.9522241809154336,0.5025156273822229
bubbles8,run-1782703871_i9,0.95,4,0.9547655232455949,0.4959092108735814
bubbles8,run-1782706037_i9,0.0,0,-0.001080615448173065,0.7449303395553715
bubbles8,run-1782706037_i9,0.0,1,-0.00568429172198453,0.730565158714019
bubbles8,run-1782706037_i9,0.0,2,0.02119993709109009,0.729385673098248
bubbles8,run-1782706037_i9,0.0,3,-0.05909873547932358,0.7462390648985555
bubbles8,run-1782706037_i9,0.0,4,-0.015168000520988587,0.7340682142393983
bubbles8,run-1782706037_i9,0.1,0,0.13687287636370968,0.7167786328521379
bubbles8,run-1782706037_i9,0.1,1,0.1218037289685501,0.7101812086012892
bubbles8,run-1782706037_i9,0.1,2,0.11230344590406768,0.7002884611833188
bubbles8,run-1782706037_i9,0.1,3,0.09895710379474498,0.7128633008343662
bubbles8,run-1782706037_i9,0.1,4,0.13887228969942023,0.7173472724975286
bubbles8,run-1782706037_i9,0.2,0,0.1817273859327285,0.6910301339244413
bubbles8,run-1782706037_i9,0.2,1,0.18660267872159123,0.7121428915635855
bubbles8,run-1782706037_i9,0.2,2,0.22182016383301204,0.6864121134278937
bubbles8,run-1782706037_i9,0.2,3,0.19475859482282162,0.7023237920498346
bubbles8,run-1782706037_i9,0.2,4,0.1773002796488792,0.697759216781973
bubbles8,run-1782706037_i9,0.3,0,0.2440764104119088,0.6897725924607765
bubbles8,run-1782706037_i9,0.3,1,0.3112548114842566,0.6669641964289021
bubbles8,run-1782706037_i9,0.3,2,0.2163858339557219,0.6955548318814622
bubbles8,run-1782706037_i9,0.3,3,0.29126814321187067,0.6765042702945889
bubbles8,run-1782706037_i9,0.3,4,0.3369338882770919,0.6669132917964694
bubbles8,run-1782706037_i9,0.4,0,0.452033763804083,0.6526859182781682
bubbles8,run-1782706037_i9,0.4,1,0.4168871229391171,0.6456352700348108
bubbles8,run-1782706037_i9,0.4,2,0.38777761754253964,0.6582372057346767
bubbles8,run-1782706037_i9,0.4,3,0.4425021392331196,0.6581476150478989
bubbles8,run-1782706037_i9,0.4,4,0.3883807638021864,0.6612478274827582
bubbles8,run-1782706037_i9,0.5,0,0.4804936290899533,0.649017135227357
bubbles8,run-1782706037_i9,0.5,1,0.48511581995880315,0.6459099077778682
bubbles8,run-1782706037_i9,0.5,2,0.49896235236768316,0.6349780303647774
bubbles8,run-1782706037_i9,0.5,3,0.5190353578996522,0.6380072050168265
bubbles8,run-1782706037_i9,0.5,4,0.4614536194677186,0.6387286656609578
bubbles8,run-1782706037_i9,0.6,0,0.6158330378225267,0.6110864309962498
bubbles8,run-1782706037_i9,0.6,1,0.5949812639882147,0.623737541773874
bubbles8,run-1782706037_i9,0.6,2,0.607818247370517,0.6200093168046318
bubbles8,run-1782706037_i9,0.6,3,0.6559966895926173,0.6045456733528599
bubbles8,run-1782706037_i9,0.6,4,0.5941596455071149,0.6158278396155757
bubbles8,run-1782706037_i9,0.7,0,0.6408365688832769,0.6138986359821188
bubbles8,run-1782706037_i9,0.7,1,0.7086596629665378,0.5918246072619969
bubbles8,run-1782706037_i9,0.7,2,0.6790318822139694,0.5875077612205074
bubbles8,run-1782706037_i9,0.7,3,0.695899552182835,0.6026451951974181
bubbles8,run-1782706037_i9,0.7,4,0.6817356648033207,0.6098705381912336
bubbles8,run-1782706037_i9,0.8,0,0.8083018364010557,0.5726720610291258
bubbles8,run-1782706037_i9,0.8,1,0.7999479622496747,0.5677854758362386
bubbles8,run-1782706037_i9,0.8,2,0.788564670811407,0.5819540408640851
bubbles8,run-1782706037_i9,0.8,3,0.7971528804892701,0.5617276875180253
bubbles8,run-1782706037_i9,0.8,4,0.8145379371135646,0.5738684268915021
bubbles8,run-1782706037_i9,0.9,0,0.9021864743756168,0.5264256971355891
bubbles8,run-1782706037_i9,0.9,1,0.9005876428181572,0.5331895944934688
bubbles8,run-1782706037_i9,0.9,2,0.8981188770923851,0.5339784469213849
bubbles8,run-1782706037_i9,0.9,3,0.8963278492267508,0.5478771722325008
bubbles8,run-1782706037_i9,0.9,4,0.8924822493438677,0.5366538465809608
bubbles8,run-1782706037_i9,0.95,0,0.9441552991619512,0.5268976567935225
bubbles8,run-1782706037_i9,0.95,1,0.948276899815991,0.5172241942774991
bubbles8,run-1782706037_i9,0.95,2,0.9470880998860894,0.5194019908966436
bubbles8,run-1782706037_i9,0.95,3,0.9485208777435687,0.5052924873763138
bubbles8,run-1782706037_i9,0.95,4,0.9507953142798178,0.5074647861254558
bubbles8,run-1782708543_i9,0.0,0,-0.02340349327476421,0.7439924362823003
bubbles8,run-1782708543_i9,0.0,1,-0.03690108185155571,0.7501008722700295
bubbles8,run-1782708543_i9,0.0,2,-0.0043321561005175415,0.7345831005791903
bubbles8,run-1782708543_i9,0.0,3,-0.03186450703197282,0.7549826801303219
bubbles8,run-1782708543_i9,0.0,4,-0.003027835776555012,0.7320337471605192
bubbles8,run-1782708543_i9,0.1,0,0.0823219692515461,0.7286267358366393
bubbles8,run-1782708543_i9,0.1,1,0.011087695788553713,0.7374355587355752
bubbles8,run-1782708543_i9,0.1,2,0.09770572374167392,0.7300927818723596
bubbles8,run-1782708543_i9,0.1,3,0.08411014396880455,0.7271325929317245
bubbles8,run-1782708543_i9,0.1,4,0.06358482931761875,0.7283041554974573
bubbles8,run-1782708543_i9,0.2,0,0.14662900992589342,0.7063827439730789
bubbles8,run-1782708543_i9,0.2,1,0.16750511462258777,0.7086514697811811
bubbles8,run-1782708543_i9,0.2,2,0.15540701356989176,0.7104349432080524
bubbles8,run-1782708543_i9,0.2,3,0.22563607616542805,0.6947689461920439
bubbles8,run-1782708543_i9,0.2,4,0.21530992282738481,0.7033696429756698
bubbles8,run-1782708543_i9,0.3,0,0.299959011058566,0.6964752821537739
bubbles8,run-1782708543_i9,0.3,1,0.26102238415066076,0.6835935491925474
bubbles8,run-1782708543_i9,0.3,2,0.29096114542975854,0.6760685080597717
bubbles8,run-1782708543_i9,0.3,3,0.2821722408687708,0.6825808329832475
bubbles8,run-1782708543_i9,0.3,4,0.2656890301335645,0.6790268086669115
bubbles8,run-1782708543_i9,0.4,0,0.43569491753824396,0.6523263716684117
bubbles8,run-1782708543_i9,0.4,1,0.4457533472814482,0.6491451938528976
bubbles8,run-1782708543_i9,0.4,2,0.39391789209758804,0.6688142432185669
bubbles8,run-1782708543_i9,0.4,3,0.4301517061404624,0.6647576752126689
bubbles8,run-1782708543_i9,0.4,4,0.380446714467328,0.6668968972287608
bubbles8,run-1782708543_i9,0.5,0,0.5223052051086965,0.6451204684291534
bubbles8,run-1782708543_i9,0.5,1,0.48942164523950654,0.6526227145021549
bubbles8,run-1782708543_i9,0.5,2,0.4938725847549502,0.639306585275484
bubbles8,run-1782708543_i9,0.5,3,0.5186944848634304,0.6474936759052909
bubbles8,run-1782708543_i9,0.5,4,0.5081770167741974,0.6437788881260853
bubbles8,run-1782708543_i9,0.6,0,0.5990891573591474,0.6194802470317181
bubbles8,run-1782708543_i9,0.6,1,0.6259299511903743,0.6137648020947554
bubbles8,run-1782708543_i9,0.6,2,0.6051170279159086,0.6295359751656969
bubbles8,run-1782708543_i9,0.6,3,0.6058328596755803,0.6133374238538581
bubbles8,run-1782708543_i9,0.6,4,0.6186391545300036,0.6256299641915091
bubbles8,run-1782708543_i9,0.7,0,0.6860397144928059,0.6021980158788395
bubbles8,run-1782708543_i9,0.7,1,0.7038890515564892,0.5969548155292628
bubbles8,run-1782708543_i9,0.7,2,0.7213400149745974,0.5992241061555473
bubbles8,run-1782708543_i9,0.7,3,0.7219462961765516,0.5927730648428098
bubbles8,run-1782708543_i9,0.7,4,0.7050983071050422,0.5923845884284107
bubbles8,run-1782708543_i9,0.8,0,0.7778864367823826,0.5763162253178999
bubbles8,run-1782708543_i9,0.8,1,0.7728582900543243,0.584124541344215
bubbles8,run-1782708543_i9,0.8,2,0.7896933150822734,0.5799449822001236
bubbles8,run-1782708543_i9,0.8,3,0.7864512799449023,0.5766360948486364
bubbles8,run-1782708543_i9,0.8,4,0.8085862283883739,0.5766297306324394
bubbles8,run-1782708543_i9,0.9,0,0.903057247676451,0.5488803671984983
bubbles8,run-1782708543_i9,0.9,1,0.9111217753294155,0.5360057724095024
bubbles8,run-1782708543_i9,0.9,2,0.894940044451457,0.5447557603686636
bubbles8,run-1782708543_i9,0.9,3,0.8950928036103422,0.5409842714194067
bubbles8,run-1782708543_i9,0.9,4,0.8918129005895234,0.5528186440740103
bubbles8,run-1782708543_i9,0.95,0,0.9556899330108715,0.5268235026373844
bubbles8,run-1782708543_i9,0.95,1,0.9516853019115495,0.5296677433730991
bubbles8,run-1782708543_i9,0.95,2,0.9461730081481287,0.5268581459487847
bubbles8,run-1782708543_i9,0.95,3,0.9502662805294932,0.5343374293275149
bubbles8,run-1782708543_i9,0.95,4,0.9546814738164736,0.5329035028796071
car_door_25,run-1781303211_i9,0.0,0,0.08581282189338728,0.7220314735336194
car_door_25,run-1781303211_i9,0.0,1,0.08188245028038603,0.7231640025029865
car_door_25,run-1781303211_i9,0.0,2,-0.06125587405489829,0.7441781977725278
car_door_25,run-1781303211_i9,0.0,3,0.15718249057755565,0.7224183080951839
car_door_25,run-1781303211_i9,0.0,4,-0.08693453525221798,0.745071225071225
car_door_25,run-1781303211_i9,0.1,0,0.02179466306951194,0.7292343652015278
car_door_25,run-1781303211_i9,0.1,1,0.0866335450841698,0.7323324061985582
car_door_25,run-1781303211_i9,0.1,2,0.09242410593342228,0.6961462170586569
car_door_25,run-1781303211_i9,0.1,3,0.19256458480875413,0.6918987341772151
car_door_25,run-1781303211_i9,0.1,4,-0.10623990463540124,0.7469784253925223
car_door_25,run-1781303211_i9,0.2,0,0.24921723422963654,0.6739350912778904
car_door_25,run-1781303211_i9,0.2,1,0.1728558536015296,0.6923598936831985
car_door_25,run-1781303211_i9,0.2,2,0.17554989059984455,0.6929034074908477
car_door_25,run-1781303211_i9,0.2,3,0.2203536770680861,0.6802925501757568
car_door_25,run-1781303211_i9,0.2,4,0.20362947337019974,0.7004014247752587
car_door_25,run-1781303211_i9,0.3,0,0.3115248239298659,0.6795516150892252
car_door_25,run-1781303211_i9,0.3,1,0.15481919277552617,0.7106880992667794
car_door_25,run-1781303211_i9,0.3,2,0.46425458495742983,0.6368105786618445
car_door_25,run-1781303211_i9,0.3,3,0.2974115349455138,0.6771830825353398
car_door_25,run-1781303211_i9,0.3,4,0.2849370674284705,0.6685816164817749
car_door_25,run-1781303211_i9,0.4,0,0.31971718132357263,0.6780504353726111
car_door_25,run-1781303211_i9,0.4,1,0.49005749209621124,0.6297414766312938
car_door_25,run-1781303211_i9,0.4,2,0.4204176419069011,0.6585007902461052
car_door_25,run-1781303211_i9,0.4,3,0.4162659025249575,0.6408545853740922
car_door_25,run-1781303211_i9,0.4,4,0.29822263345069017,0.6900439733904612
car_door_25,run-1781303211_i9,0.5,0,0.3442435051624056,0.669209978039304
car_door_25,run-1781303211_i9,0.5,1,0.5728656621376291,0.632570849061919
car_door_25,run-1781303211_i9,0.5,2,0.5251692201590176,0.6198209862643549
car_door_25,run-1781303211_i9,0.5,3,0.583768680986607,0.6007321881160237
car_door_25,run-1781303211_i9,0.5,4,0.540734961698486,0.6203202525935949
car_door_25,run-1781303211_i9,0.6,0,0.588916137843082,0.6205357142857143
car_door_25,run-1781303211_i9,0.6,1,0.5278300082434203,0.6200045284727725
car_door_25,run-1781303211_i9,0.6,2,0.5912321871884993,0.6005237371177564
car_door_25,run-1781303211_i9,0.6,3,0.596018280849033,0.6198618503000792
car_door_25,run-1781303211_i9,0.6,4,0.5624447525403797,0.6201236107960989
car_door_25,run-1781303211_i9,0.7,0,0.6394807361323387,0.6065799842395587
car_door_25,run-1781303211_i9,0.7,1,0.7123798548564729,0.5828066809615168
car_door_25,run-1781303211_i9,0.7,2,0.6934279739264625,0.6120427687113112
car_door_25,run-1781303211_i9,0.7,3,0.6627514759852731,0.5820153637596024
car_door_25,run-1781303211_i9,0.7,4,0.6722072921076471,0.615526270357369
car_door_25,run-1781303211_i9,0.8,0,0.8259625196379797,0.5666096378671229
car_door_25,run-1781303211_i9,0.8,1,0.7969082187071429,0.5538691990277542
car_door_25,run-1781303211_i9,0.8,2,0.8005174758094648,0.5761386811692726
car_door_25,run-1781303211_i9,0.8,3,0.831897450771325,0.5515501691093574
car_door_25,run-1781303211_i9,0.8,4,0.8110180078058201,0.5523936019894874
car_door_25,run-1781303211_i9,0.9,0,0.8910665179925172,0.5317927330895795
car_door_25,run-1781303211_i9,0.9,1,0.9147834932690114,0.5380613052822079
car_door_25,run-1781303211_i9,0.9,2,0.9086919422517106,0.5356840859123965
car_door_25,run-1781303211_i9,0.9,3,0.9164581885644887,0.511174445510469
car_door_25,run-1781303211_i9,0.9,4,0.8820341880368155,0.5339131416953747
car_door_25,run-1781303211_i9,0.95,0,0.9505951984668135,0.48766860432304304
car_door_25,run-1781303211_i9,0.95,1,0.943892917399229,0.4961985815602837
car_door_25,run-1781303211_i9,0.95,2,0.9505217008676389,0.47237086689573593
car_door_25,run-1781303211_i9,0.95,3,0.9565905026280522,0.49174488295827207
car_door_25,run-1781303211_i9,0.95,4,0.9531177410670545,0.4988740640657547
car_door_25,run-1781303276_i9,0.0,0,-0.13604569532565539,0.7647566117286316
car_door_25,run-1781303276_i9,0.0,1,0.13319612531876485,0.6994355147340222
car_door_25,run-1781303276_i9,0.0,2,-0.0017396180533107656,0.7312899227762418
car_door_25,run-1781303276_i9,0.0,3,0.10178278323218684,0.7260585393577721
car_door_25,run-1781303276_i9,0.0,4,0.0874536249626336,0.7054340622929092
car_door_25,run-1781303276_i9,0.1,0,0.209047254221491,0.695042184093279
car_door_25,run-1781303276_i9,0.1,1,-0.0010248619401026467,0.7363437381043015
car_door_25,run-1781303276_i9,0.1,2,0.2256284615144063,0.687386699742391
car_door_25,run-1781303276_i9,0.1,3,0.05822425988863597,0.720464847140515
car_door_25,run-1781303276_i9,0.1,4,0.19035581459434214,0.7026653974297954
car_door_25,run-1781303276_i9,0.2,0,0.1393263880674969,0.6784765699108328
car_door_25,run-1781303276_i9,0.2,1,0.2274456060244407,0.6984871696667944
car_door_25,run-1781303276_i9,0.2,2,0.2636277706441163,0.6782724505327246
car_door_25,run-1781303276_i9,0.2,3,0.20006931235505673,0.692871419053964
car_door_25,run-1781303276_i9,0.2,4,0.26732634989659,0.6976865459372333
car_door_25,run-1781303276_i9,0.3,0,0.3666093776217368,0.655187074829932
car_door_25,run-1781303276_i9,0.3,1,0.36786492804282195,0.6812695999239761
car_door_25,run-1781303276_i9,0.3,2,0.3691772051395586,0.6766202592414786
car_door_25,run-1781303276_i9,0.3,3,0.19129369563177925,0.7057987492893689
car_door_25,run-1781303276_i9,0.3,4,0.333480999041297,0.646484375
car_door_25,run-1781303276_i9,0.4,0,0.4975496721387628,0.6528964862298196
car_door_25,run-1781303276_i9,0.4,1,0.34190869215391234,0.6564323290291726
car_door_25,run-1781303276_i9,0.4,2,0.3815946744396584,0.6476825640533538
car_door_25,run-1781303276_i9,0.4,3,0.44130328234117366,0.6425461429247515
car_door_25,run-1781303276_i9,0.4,4,0.2819637231038494,0.6716623846227043
car_door_25,run-1781303276_i9,0.5,0,0.547249803566176,0.6301402311919652
car_door_25,run-1781303276_i9,0.5,1,0.5711184977911128,0.606229727151307
car_door_25,run-1781303276_i9,0.5,2,0.537965537651224,0.6457892712939819
car_door_25,run-1781303276_i9,0.5,3,0.5158610430390469,0.6639134149814867
car_door_25,run-1781303276_i9,0.5,4,0.3830109504417559,0.6564830751577739
car_door_25,run-1781303276_i9,0.6,0,0.5842355960909136,0.614176208952399
car_door_25,run-1781303276_i9,0.6,1,0.6005936784595999,0.6116308226444209
car_door_25,run-1781303276_i9,0.6,2,0.5621764828192577,0.6365318906605922
car_door_25,run-1781303276_i9,0.6,3,0.5142708052316184,0.643655303030303
car_door_25,run-1781303276_i9,0.6,4,0.6490344776875512,0.6062879939209727
car_door_25,run-1781303276_i9,0.7,0,0.6856761283800034,0.6190818478052521
car_door_25,run-1781303276_i9,0.7,1,0.6872190939577225,0.6017037883114411
car_door_25,run-1781303276_i9,0.7,2,0.696312380064648,0.5943773189991437
car_door_25,run-1781303276_i9,0.7,3,0.6562104021574582,0.5919770773638968
car_door_25,run-1781303276_i9,0.7,4,0.7458366587975419,0.5616824214647188
car_door_25,run-1781303276_i9,0.8,0,0.8398195241276559,0.5847714773373791
car_door_25,run-1781303276_i9,0.8,1,0.811947817490916,0.5584440409060499
car_door_25,run-1781303276_i9,0.8,2,0.7687712537634183,0.5758336491095112
car_door_25,run-1781303276_i9,0.8,3,0.8223552715837664,0.5741038494277878
car_door_25,run-1781303276_i9,0.8,4,0.8076252448062764,0.5717054263565892
car_door_25,run-1781303276_i9,0.9,0,0.9017158908201284,0.5394398399542727
car_door_25,run-1781303276_i9,0.9,1,0.9047337499647848,0.5634317728610768
car_door_25,run-1781303276_i9,0.9,2,0.893813864901883,0.5164887991539275
car_door_25,run-1781303276_i9,0.9,3,0.8876779294855859,0.5230481129357534
car_door_25,run-1781303276_i9,0.9,4,0.9189173097668327,0.5326800494719818
car_door_25,run-1781303276_i9,0.95,0,0.9436387950157293,0.5098327949838495
car_door_25,run-1781303276_i9,0.95,1,0.9478214419004287,0.5128998476770754
car_door_25,run-1781303276_i9,0.95,2,0.9451288156961739,0.5254801293021487
car_door_25,run-1781303276_i9,0.95,3,0.9430790918159685,0.5304447413628555
car_door_25,run-1781303276_i9,0.95,4,0.9383859048504062,0.5285863774733638
car_door_25,run-1781303343_i9,0.0,0,0.0008888406727152177,0.7314259344716197
car_door_25,run-1781303343_i9,0.0,1,0.009536037849279252,0.744991375878997
car_door_25,run-1781303343_i9,0.0,2,-0.030194148948965282,0.7490995197438634
car_door_25,run-1781303343_i9,0.0,3,-0.0137610599317273,0.7412867744500398
car_door_25,run-1781303343_i9,0.0,4,0.04163563210654357,0.732641958517511
car_door_25,run-1781303343_i9,0.1,0,0.06104253750089566,0.6958436186536794
car_door_25,run-1781303343_i9,0.1,1,0.08192533694907476,0.7186006372809347
car_door_25,run-1781303343_i9,0.1,2,0.08715594953237657,0.7216722761169405
car_door_25,run-1781303343_i9,0.1,3,0.18580294582861667,0.6985688729874776
car_door_25,run-1781303343_i9,0.1,4,0.09618313435712741,0.7118496139644176
car_door_25,run-1781303343_i9,0.2,0,0.12573295642438465,0.7037319368951346
car_door_25,run-1781303343_i9,0.2,1,0.32429798016471295,0.6792121813968884
car_door_25,run-1781303343_i9,0.2,2,0.26822832449443584,0.6897308075772682
car_door_25,run-1781303343_i9,0.2,3,0.2085449312192286,0.6963
car_door_25,run-1781303343_i9,0.2,4,0.2295334663608162,0.6939545758183032
car_door_25,run-1781303343_i9,0.3,0,0.35541070795016455,0.6455987205970547
car_door_25,run-1781303343_i9,0.3,1,0.31703525972371643,0.6703674068146963
car_door_25,run-1781303343_i9,0.3,2,0.3575111034431855,0.6691516031138672
car_door_25,run-1781303343_i9,0.3,3,0.2668141095950971,0.6838690357356758
car_door_25,run-1781303343_i9,0.3,4,0.19734135337181943,0.7168814007267922
car_door_25,run-1781303343_i9,0.4,0,0.3803356948442728,0.6646611570247933
car_door_25,run-1781303343_i9,0.4,1,0.4443983080881488,0.6681477093206951
car_door_25,run-1781303343_i9,0.4,2,0.34729879772148103,0.672311090288468
car_door_25,run-1781303343_i9,0.4,3,0.36803180493733145,0.6860860860860861
car_door_25,run-1781303343_i9,0.4,4,0.41195397141383383,0.6652142096860032
car_door_25,run-1781303343_i9,0.5,0,0.5263291521045885,0.6462514954140636
car_door_25,run-1781303343_i9,0.5,1,0.4050029509856979,0.6557083084279737
car_door_25,run-1781303343_i9,0.5,2,0.524105398302591,0.6169904511030623
car_door_25,run-1781303343_i9,0.5,3,0.5199365483072662,0.6378365892291447
car_door_25,run-1781303343_i9,0.5,4,0.4671854514311539,0.6362736689318467
car_door_25,run-1781303343_i9,0.6,0,0.5780724556529011,0.5962792229173527
car_door_25,run-1781303343_i9,0.6,1,0.6836847907524263,0.6308715901530273
car_door_25,run-1781303343_i9,0.6,2,0.5450278486357983,0.6223958333333334
car_door_25,run-1781303343_i9,0.6,3,0.5667532293908264,0.618425438304113
car_door_25,run-1781303343_i9,0.6,4,0.5539316751515725,0.6148057286831985
car_door_25,run-1781303343_i9,0.7,0,0.6760575024518651,0.5889740877842411
car_door_25,run-1781303343_i9,0.7,1,0.6811350185624192,0.6153034300791557
car_door_25,run-1781303343_i9,0.7,2,0.630738743691592,0.6220556034768762
car_door_25,run-1781303343_i9,0.7,3,0.646974679697162,0.5911259858174829
car_door_25,run-1781303343_i9,0.7,4,0.6669135677989756,0.5936854037474162
car_door_25,run-1781303343_i9,0.8,0,0.7841348009039759,0.5877812231972026
car_door_25,run-1781303343_i9,0.8,1,0.8130094565122808,0.5866209833011775
car_door_25,run-1781303343_i9,0.8,2,0.787705583383459,0.5821658588407145
car_door_25,run-1781303343_i9,0.8,3,0.79618316288518,0.5590229312063808
car_door_25,run-1781303343_i9,0.8,4,0.8411737004304976,0.5642450707952892
car_door_25,run-1781303343_i9,0.9,0,0.9012337771134725,0.5357332624867163
car_door_25,run-1781303343_i9,0.9,1,0.8900092724100763,0.5555332798716921
car_door_25,run-1781303343_i9,0.9,2,0.9003162996904592,0.5506588967618039
car_door_25,run-1781303343_i9,0.9,3,0.9066042692078461,0.5256631299734748
car_door_25,run-1781303343_i9,0.9,4,0.8569933021432716,0.5506140059741121
car_door_25,run-1781303343_i9,0.95,0,0.9595943728076005,0.5010927152317881
car_door_25,run-1781303343_i9,0.95,1,0.9545146538701004,0.5262376237623763
car_door_25,run-1781303343_i9,0.95,2,0.9589907982243936,0.5148548051773858
car_door_25,run-1781303343_i9,0.95,3,0.960552602529115,0.520497512437811
car_door_25,run-1781303343_i9,0.95,4,0.9522138011249925,0.5125953696395685
car_door_35,run-1781303974_i9,0.0,0,-0.0543164430201549,0.7419718753279463
car_door_35,run-1781303974_i9,0.0,1,-0.00569204916305984,0.7480161858216406
car_door_35,run-1781303974_i9,0.0,2,-0.04929263469884729,0.7551307427857068
car_door_35,run-1781303974_i9,0.0,3,-0.028862119508079515,0.7215686274509804
car_door_35,run-1781303974_i9,0.0,4,-0.00688218377925124,0.7391530808896297
car_door_35,run-1781303974_i9,0.1,0,0.07956944252428638,0.7157635728648534
car_door_35,run-1781303974_i9,0.1,1,0.24397991928855925,0.6859185057651171
car_door_35,run-1781303974_i9,0.1,2,0.1249378077144427,0.7297007989138948
car_door_35,run-1781303974_i9,0.1,3,0.0656006536654101,0.7216111460297506
car_door_35,run-1781303974_i9,0.1,4,0.24795142250680627,0.6708001871782873
car_door_35,run-1781303974_i9,0.2,0,0.18066739040574223,0.6963251030954742
car_door_35,run-1781303974_i9,0.2,1,0.251470721030287,0.6923838299645759
car_door_35,run-1781303974_i9,0.2,2,0.27275299163927896,0.6854779604229924
car_door_35,run-1781303974_i9,0.2,3,0.22785386625225343,0.6893632491949725
car_door_35,run-1781303974_i9,0.2,4,0.222346105988773,0.6851957776506682
car_door_35,run-1781303974_i9,0.3,0,0.29418935254665873,0.6992426220945417
car_door_35,run-1781303974_i9,0.3,1,0.2439977287200312,0.6746787244169443
car_door_35,run-1781303974_i9,0.3,2,0.1814277756972842,0.676925071298937
car_door_35,run-1781303974_i9,0.3,3,0.3403599164761607,0.658077485380117
car_door_35,run-1781303974_i9,0.3,4,0.3325237666284984,0.650348921987293
car_door_35,run-1781303974_i9,0.4,0,0.31197323135607175,0.6522675383976754
car_door_35,run-1781303974_i9,0.4,1,0.41403366286012094,0.6534532186604117
car_door_35,run-1781303974_i9,0.4,2,0.42448625048794636,0.646454049517415
car_door_35,run-1781303974_i9,0.4,3,0.42846704558348314,0.6461498166579361
car_door_35,run-1781303974_i9,0.4,4,0.42519553045439484,0.6545918899197332
car_door_35,run-1781303974_i9,0.5,0,0.5295053705856633,0.641146949657588
car_door_35,run-1781303974_i9,0.5,1,0.5850963494407244,0.597120610367893
car_door_35,run-1781303974_i9,0.5,2,0.5363751651951949,0.6349359308261278
car_door_35,run-1781303974_i9,0.5,3,0.5136882724692405,0.6417487942964982
car_door_35,run-1781303974_i9,0.5,4,0.48310715566256324,0.6367590373997292
car_door_35,run-1781303974_i9,0.6,0,0.6769527510344482,0.5845920660638687
car_door_35,run-1781303974_i9,0.6,1,0.571395476377035,0.6239470517448856
car_door_35,run-1781303974_i9,0.6,2,0.47525706799896633,0.6404523797057438
car_door_35,run-1781303974_i9,0.6,3,0.5695146455489748,0.6138942634523872
car_door_35,run-1781303974_i9,0.6,4,0.6365083064847351,0.6207016047342325
car_door_35,run-1781303974_i9,0.7,0,0.6850459761537927,0.6198605183720204
car_door_35,run-1781303974_i9,0.7,1,0.6663615595703845,0.6143216739210237
car_door_35,run-1781303974_i9,0.7,2,0.7170828204025258,0.5763892539824405
car_door_35,run-1781303974_i9,0.7,3,0.7270576506730383,0.5750535723618878
car_door_35,run-1781303974_i9,0.7,4,0.6953924815158938,0.5940604467805519
car_door_35,run-1781303974_i9,0.8,0,0.8118785525122304,0.5419917273155662
car_door_35,run-1781303974_i9,0.8,1,0.73639753599542,0.6103495186270406
car_door_35,run-1781303974_i9,0.8,2,0.8069693440108294,0.5517358925949234
car_door_35,run-1781303974_i9,0.8,3,0.7534303213905809,0.555356295163247
car_door_35,run-1781303974_i9,0.8,4,0.786723117719641,0.5568524487886035
car_door_35,run-1781303974_i9,0.9,0,0.9130531583813264,0.5163315920004221
car_door_35,run-1781303974_i9,0.9,1,0.9096848528638037,0.5315615489558191
car_door_35,run-1781303974_i9,0.9,2,0.8997541590104173,0.5037050759540571
car_door_35,run-1781303974_i9,0.9,3,0.9179677871444799,0.5293378038558256
car_door_35,run-1781303974_i9,0.9,4,0.9035607314067717,0.5308449164454162
car_door_35,run-1781303974_i9,0.95,0,0.948933742535573,0.5229674584074501
car_door_35,run-1781303974_i9,0.95,1,0.9462336778598025,0.5573486122792263
car_door_35,run-1781303974_i9,0.95,2,0.94779935918312,0.5338969823100936
car_door_35,run-1781303974_i9,0.95,3,0.946200381966181,0.524323047858942
car_door_35,run-1781303974_i9,0.95,4,0.9483367394197088,0.520954172545331
car_door_35,run-1781304056_i9,0.0,0,-0.06097048087263474,0.7390044944450155
car_door_35,run-1781304056_i9,0.0,1,0.024560065012628148,0.7414844163194864
car_door_35,run-1781304056_i9,0.0,2,-0.0391488519418469,0.7575780123703669
car_door_35,run-1781304056_i9,0.0,3,-0.029617892223049315,0.7392291093087283
car_door_35,run-1781304056_i9,0.0,4,-0.03858378063586956,0.754889839174491
car_door_35,run-1781304056_i9,0.1,0,0.08746289057128882,0.7281874831675629
car_door_35,run-1781304056_i9,0.1,1,0.010534935090571058,0.727901646370438
car_door_35,run-1781304056_i9,0.1,2,0.10258203955638368,0.7109409149670303
car_door_35,run-1781304056_i9,0.1,3,0.1493141260313818,0.7045346750118575
car_door_35,run-1781304056_i9,0.1,4,0.12231610450612584,0.7204973848740744
car_door_35,run-1781304056_i9,0.2,0,0.23128853540287808,0.7089539764496118
car_door_35,run-1781304056_i9,0.2,1,0.09354390404572965,0.712119802809041
car_door_35,run-1781304056_i9,0.2,2,0.22518112168387808,0.695823250229801
car_door_35,run-1781304056_i9,0.2,3,0.16719799348464154,0.7025950787146062
car_door_35,run-1781304056_i9,0.2,4,0.250898083127724,0.7001503169727469
car_door_35,run-1781304056_i9,0.3,0,0.33140285924238755,0.6664052946502749
car_door_35,run-1781304056_i9,0.3,1,0.32263939234756,0.6779097077244259
car_door_35,run-1781304056_i9,0.3,2,0.30529796741922693,0.6827574860151365
car_door_35,run-1781304056_i9,0.3,3,0.26867670317745096,0.6822580195387662
car_door_35,run-1781304056_i9,0.3,4,0.3265829288785855,0.6697528563174473
car_door_35,run-1781304056_i9,0.4,0,0.4314738112515499,0.6528274044306676
car_door_35,run-1781304056_i9,0.4,1,0.39289498066153505,0.6707604463570483
car_door_35,run-1781304056_i9,0.4,2,0.3417107993730436,0.6762944878673672
car_door_35,run-1781304056_i9,0.4,3,0.3809411502841435,0.6771272094991028
car_door_35,run-1781304056_i9,0.4,4,0.3971413539264659,0.6626472968071353
car_door_35,run-1781304056_i9,0.5,0,0.4872181633546987,0.6423527546127871
car_door_35,run-1781304056_i9,0.5,1,0.5026747404655655,0.6454179750645683
car_door_35,run-1781304056_i9,0.5,2,0.5305865168839786,0.640658011075434
car_door_35,run-1781304056_i9,0.5,3,0.4702241845020818,0.6552030764073818
car_door_35,run-1781304056_i9,0.5,4,0.5307782133026191,0.6406709063185689
car_door_35,run-1781304056_i9,0.6,0,0.5766548257814891,0.6281069141946487
car_door_35,run-1781304056_i9,0.6,1,0.6259688326027267,0.6121227041740601
car_door_35,run-1781304056_i9,0.6,2,0.6315537218384543,0.6243976043456057
car_door_35,run-1781304056_i9,0.6,3,0.5765632499331745,0.6249119032605067
car_door_35,run-1781304056_i9,0.6,4,0.5645292759562284,0.6286977424554407
car_door_35,run-1781304056_i9,0.7,0,0.7306377879198657,0.6062502331480584
car_door_35,run-1781304056_i9,0.7,1,0.7139256670353882,0.5995185861144219
car_door_35,run-1781304056_i9,0.7,2,0.7101334015485221,0.6098245384680032
car_door_35,run-1781304056_i9,0.7,3,0.7220961891517463,0.5996679290338227
car_door_35,run-1781304056_i9,0.7,4,0.6766845274085277,0.6021840511315075
car_door_35,run-1781304056_i9,0.8,0,0.8026787517012717,0.5953252013551223
car_door_35,run-1781304056_i9,0.8,1,0.7804946497698512,0.581251741108738
car_door_35,run-1781304056_i9,0.8,2,0.7905273909226248,0.5685183289438173
car_door_35,run-1781304056_i9,0.8,3,0.8037141952216937,0.5824020921627361
car_door_35,run-1781304056_i9,0.8,4,0.7835076366092834,0.5816327480155961
car_door_35,run-1781304056_i9,0.9,0,0.9094407514073669,0.538041761875569
car_door_35,run-1781304056_i9,0.9,1,0.9085145035413379,0.5461083185446031
car_door_35,run-1781304056_i9,0.9,2,0.8959971929441366,0.5577203729352382
car_door_35,run-1781304056_i9,0.9,3,0.8980338421678182,0.5588793480384404
car_door_35,run-1781304056_i9,0.9,4,0.9147107234401385,0.5339618260344587
car_door_35,run-1781304056_i9,0.95,0,0.9524249460208405,0.5397691958032227
car_door_35,run-1781304056_i9,0.95,1,0.9463521826228245,0.5278703282629074
car_door_35,run-1781304056_i9,0.95,2,0.9588060265606726,0.52541194143338
car_door_35,run-1781304056_i9,0.95,3,0.9579980494331041,0.5126028470680423
car_door_35,run-1781304056_i9,0.95,4,0.9472009386995781,0.524538226753625
car_door_35,run-1781304152_i9,0.0,0,0.08245766531247183,0.7318403341842655
car_door_35,run-1781304152_i9,0.0,1,0.21972551391606038,0.6919477103960396
car_door_35,run-1781304152_i9,0.0,2,-0.028453634282431903,0.7510283363802559
car_door_35,run-1781304152_i9,0.0,3,-0.0686264347115309,0.7426617488858153
car_door_35,run-1781304152_i9,0.0,4,0.007339798458114761,0.7257632565613283
car_door_35,run-1781304152_i9,0.1,0,0.0826237980419505,0.7454397897665791
car_door_35,run-1781304152_i9,0.1,1,0.1005143865656447,0.720750211815451
car_door_35,run-1781304152_i9,0.1,2,0.029750014269839184,0.7327896469867524
car_door_35,run-1781304152_i9,0.1,3,0.05721366089382036,0.7142801737511635
car_door_35,run-1781304152_i9,0.1,4,0.11120543623070202,0.7236468330134357
car_door_35,run-1781304152_i9,0.2,0,0.2087675624888898,0.6969360398314822
car_door_35,run-1781304152_i9,0.2,1,0.3208976226811985,0.6700488251449497
car_door_35,run-1781304152_i9,0.2,2,0.1642058621654487,0.7235806525559716
car_door_35,run-1781304152_i9,0.2,3,0.1946421952521506,0.6895747284687166
car_door_35,run-1781304152_i9,0.2,4,0.2589233058672354,0.6901349711859266
car_door_35,run-1781304152_i9,0.3,0,0.28464528231905906,0.6719276739197058
car_door_35,run-1781304152_i9,0.3,1,0.2732992339418769,0.6770331267691837
car_door_35,run-1781304152_i9,0.3,2,0.13666731963883372,0.7055695815163339
car_door_35,run-1781304152_i9,0.3,3,0.5074333577810007,0.6602301691511547
car_door_35,run-1781304152_i9,0.3,4,0.22485928760568796,0.6701447712921608
car_door_35,run-1781304152_i9,0.4,0,0.3096060440513863,0.6824761904761905
car_door_35,run-1781304152_i9,0.4,1,0.4075875873643235,0.6673702793982192
car_door_35,run-1781304152_i9,0.4,2,0.37531153856019805,0.6650622660249064
car_door_35,run-1781304152_i9,0.4,3,0.4743579654342198,0.6359905767915495
car_door_35,run-1781304152_i9,0.4,4,0.43557822879410996,0.6301038062283737
car_door_35,run-1781304152_i9,0.5,0,0.49108426310787906,0.6188386998321379
car_door_35,run-1781304152_i9,0.5,1,0.45007943728770256,0.6415581413269631
car_door_35,run-1781304152_i9,0.5,2,0.38846598255006604,0.6695449241540257
car_door_35,run-1781304152_i9,0.5,3,0.5183191367929061,0.6325943540963486
car_door_35,run-1781304152_i9,0.5,4,0.5116207196100737,0.6472835314091681
car_door_35,run-1781304152_i9,0.6,0,0.6185993034448595,0.6069359756097561
car_door_35,run-1781304152_i9,0.6,1,0.6274697018040728,0.6328828828828829
car_door_35,run-1781304152_i9,0.6,2,0.6020636498869955,0.6142058079840625
car_door_35,run-1781304152_i9,0.6,3,0.6207236235922916,0.6194815097216927
car_door_35,run-1781304152_i9,0.6,4,0.5575142052567125,0.6360210141617176
car_door_35,run-1781304152_i9,0.7,0,0.6339093876868973,0.613685262025511
car_door_35,run-1781304152_i9,0.7,1,0.6967443265093073,0.6030139280006088
car_door_35,run-1781304152_i9,0.7,2,0.7142740529566749,0.6043871759472311
car_door_35,run-1781304152_i9,0.7,3,0.7262070128617695,0.5792422625400213
car_door_35,run-1781304152_i9,0.7,4,0.6770494276039801,0.5825242718446602
car_door_35,run-1781304152_i9,0.8,0,0.7871518514504385,0.5800770712909441
car_door_35,run-1781304152_i9,0.8,1,0.7698331952741299,0.5615648854961832
car_door_35,run-1781304152_i9,0.8,2,0.8049226065299186,0.5610164215114016
car_door_35,run-1781304152_i9,0.8,3,0.7961148483801808,0.5881657256218525
car_door_35,run-1781304152_i9,0.8,4,0.8538486953613852,0.5810779728590049
car_door_35,run-1781304152_i9,0.9,0,0.894778625278928,0.5667072799268962
car_door_35,run-1781304152_i9,0.9,1,0.887372101380285,0.5446380799510816
car_door_35,run-1781304152_i9,0.9,2,0.9054560575071428,0.5008382229673093
car_door_35,run-1781304152_i9,0.9,3,0.8776982742473634,0.5399129172714079
car_door_35,run-1781304152_i9,0.9,4,0.9127958559652575,0.5343502738892271
car_door_35,run-1781304152_i9,0.95,0,0.9425077414119377,0.5079092159559835
car_door_35,run-1781304152_i9,0.95,1,0.9418186991077064,0.5103453521983874
car_door_35,run-1781304152_i9,0.95,2,0.9376231668165281,0.525624428876028
car_door_35,run-1781304152_i9,0.95,3,0.9513944806953619,0.5295828549559893
car_door_35,run-1781304152_i9,0.95,4,0.9515932952732626,0.5161769183922046
car_door_40,run-1781418968_i9,0.0,0,0.0067363473454152825,0.7289937629342136
car_door_40,run-1781418968_i9,0.0,1,0.013093774178680597,0.7267972079011674
car_door_40,run-1781418968_i9,0.0,2,0.04820963444729264,0.7220578660809467
car_door_40,run-1781418968_i9,0.0,3,-0.04626651045407883,0.7327629186199575
car_door_40,run-1781418968_i9,0.0,4,0.05746372704786943,0.7201494273859516
car_door_40,run-1781418968_i9,0.1,0,0.09033478043149537,0.7076708192582711
car_door_40,run-1781418968_i9,0.1,1,0.09342165021406558,0.7110562153033543
car_door_40,run-1781418968_i9,0.1,2,0.07970321748892263,0.7161257203773328
car_door_40,run-1781418968_i9,0.1,3,0.09615155808895857,0.7107363621070415
car_door_40,run-1781418968_i9,0.1,4,0.08442886500671443,0.7260249342841012
car_door_40,run-1781418968_i9,0.2,0,0.16609555007338175,0.6991351091084833
car_door_40,run-1781418968_i9,0.2,1,0.09579674954120382,0.7180688655517963
car_door_40,run-1781418968_i9,0.2,2,0.17830901088217088,0.6975295385155039
car_door_40,run-1781418968_i9,0.2,3,0.19165008144773937,0.7002519612895837
car_door_40,run-1781418968_i9,0.2,4,0.19062462878570383,0.7015688198851889
car_door_40,run-1781418968_i9,0.3,0,0.25679660002748245,0.6847803819101257
car_door_40,run-1781418968_i9,0.3,1,0.2338644218666262,0.68872583275099
car_door_40,run-1781418968_i9,0.3,2,0.3146421517900289,0.6720741329438382
car_door_40,run-1781418968_i9,0.3,3,0.27192368431297265,0.6706229164648172
car_door_40,run-1781418968_i9,0.3,4,0.2979818894065686,0.6754759640402663
car_door_40,run-1781418968_i9,0.4,0,0.3766558716867498,0.6620898652093671
car_door_40,run-1781418968_i9,0.4,1,0.3551874115995218,0.6593148411654438
car_door_40,run-1781418968_i9,0.4,2,0.35048645688663055,0.6655732880669808
car_door_40,run-1781418968_i9,0.4,3,0.4057405249835119,0.652292756322992
car_door_40,run-1781418968_i9,0.4,4,0.38799770339954537,0.6588358440885743
car_door_40,run-1781418968_i9,0.5,0,0.48989715996213073,0.6377253041493701
car_door_40,run-1781418968_i9,0.5,1,0.5526597957729465,0.6210542895394374
car_door_40,run-1781418968_i9,0.5,2,0.5489217896169722,0.6225395075076795
car_door_40,run-1781418968_i9,0.5,3,0.47486482351323,0.648243731200781
car_door_40,run-1781418968_i9,0.5,4,0.4670952034092186,0.6347341580210356
car_door_40,run-1781418968_i9,0.6,0,0.6409005045140298,0.6027239655203311
car_door_40,run-1781418968_i9,0.6,1,0.5883481381104254,0.6228982626355409
car_door_40,run-1781418968_i9,0.6,2,0.6033375631961339,0.6113894209518197
car_door_40,run-1781418968_i9,0.6,3,0.6106019795620147,0.6145439711439368
car_door_40,run-1781418968_i9,0.6,4,0.60873379816084,0.6178386000667386
car_door_40,run-1781418968_i9,0.7,0,0.6953078771561255,0.6022878935736632
car_door_40,run-1781418968_i9,0.7,1,0.7198497060258835,0.58298406625686
car_door_40,run-1781418968_i9,0.7,2,0.7063538202153611,0.5891828224554408
car_door_40,run-1781418968_i9,0.7,3,0.671179819228842,0.6001216204580678
car_door_40,run-1781418968_i9,0.7,4,0.6659332569455904,0.5963162497938935
car_door_40,run-1781418968_i9,0.8,0,0.8054832484076556,0.5607349438584552
car_door_40,run-1781418968_i9,0.8,1,0.7890375570069981,0.5561545598154509
car_door_40,run-1781418968_i9,0.8,2,0.7669137813280954,0.5777817201757592
car_door_40,run-1781418968_i9,0.8,3,0.8037876758044783,0.5668167979266789
car_door_40,run-1781418968_i9,0.8,4,0.805321363908746,0.5617242379845322
car_door_40,run-1781418968_i9,0.9,0,0.9066915047688053,0.5340546921109581
car_door_40,run-1781418968_i9,0.9,1,0.9054043480419797,0.5165325960043838
car_door_40,run-1781418968_i9,0.9,2,0.9118213464441532,0.5206932201934634
car_door_40,run-1781418968_i9,0.9,3,0.9021048764675884,0.5382692555799252
car_door_40,run-1781418968_i9,0.9,4,0.8926763900469734,0.5303734963970947
car_door_40,run-1781418968_i9,0.95,0,0.9482898142477614,0.49312212526329363
car_door_40,run-1781418968_i9,0.95,1,0.9460286588275744,0.5122727842547323
car_door_40,run-1781418968_i9,0.95,2,0.9495285912105392,0.4997993536320576
car_door_40,run-1781418968_i9,0.95,3,0.9457559896273893,0.5062370136848893
car_door_40,run-1781418968_i9,0.95,4,0.9491883745096276,0.5110755810830651
car_door_40,run-1781419150_i9,0.0,0,0.07400754605097644,0.7109975723839624
car_door_40,run-1781419150_i9,0.0,1,0.02607936248758743,0.7311426843357611
car_door_40,run-1781419150_i9,0.0,2,-0.0075569969520525755,0.7335304405763304
car_door_40,run-1781419150_i9,0.0,3,-0.04720216801376703,0.7454969073509748
car_door_40,run-1781419150_i9,0.0,4,0.004826139058095792,0.7268362555074067
car_door_40,run-1781419150_i9,0.1,0,0.0313389801932961,0.7365824740025236
car_door_40,run-1781419150_i9,0.1,1,0.08532657908006674,0.7121146236465626
car_door_40,run-1781419150_i9,0.1,2,0.07853845606136058,0.7124976905771927
car_door_40,run-1781419150_i9,0.1,3,0.0873349773601691,0.7183366446994619
car_door_40,run-1781419150_i9,0.1,4,0.16035856575161722,0.7007542517315154
car_door_40,run-1781419150_i9,0.2,0,0.23929210499220196,0.6885005641068429
car_door_40,run-1781419150_i9,0.2,1,0.1773605312042644,0.7106123425291022
car_door_40,run-1781419150_i9,0.2,2,0.20652122000817616,0.6955935772381255
car_door_40,run-1781419150_i9,0.2,3,0.22831022362197737,0.6872563419100981
car_door_40,run-1781419150_i9,0.2,4,0.14928844822625412,0.6982445575479672
car_door_40,run-1781419150_i9,0.3,0,0.33861906542809095,0.6620691778118198
car_door_40,run-1781419150_i9,0.3,1,0.2772630061674523,0.6815201386823724
car_door_40,run-1781419150_i9,0.3,2,0.31594438906765593,0.6675989283516165
car_door_40,run-1781419150_i9,0.3,3,0.36027065443905376,0.6612107386365706
car_door_40,run-1781419150_i9,0.3,4,0.3194103610999192,0.675388090720159
car_door_40,run-1781419150_i9,0.4,0,0.3867582585078553,0.6634683159047615
car_door_40,run-1781419150_i9,0.4,1,0.3935390393110091,0.661864971084878
car_door_40,run-1781419150_i9,0.4,2,0.4086027030473276,0.6647301044442114
car_door_40,run-1781419150_i9,0.4,3,0.3415004531373729,0.6580583115090792
car_door_40,run-1781419150_i9,0.4,4,0.3651608723234705,0.6569638215767335
car_door_40,run-1781419150_i9,0.5,0,0.4993997077984632,0.6309034870413027
car_door_40,run-1781419150_i9,0.5,1,0.513114923260831,0.6352057986958001
car_door_40,run-1781419150_i9,0.5,2,0.47900946822989837,0.630221343701805
car_door_40,run-1781419150_i9,0.5,3,0.5162378986547888,0.6326086877873891
car_door_40,run-1781419150_i9,0.5,4,0.46863270059319967,0.639710325314152
car_door_40,run-1781419150_i9,0.6,0,0.5795666240798415,0.6126933775097932
car_door_40,run-1781419150_i9,0.6,1,0.5811984242881103,0.618391329729181
car_door_40,run-1781419150_i9,0.6,2,0.5960576577090485,0.6205806344196552
car_door_40,run-1781419150_i9,0.6,3,0.6325584025901912,0.6010643111843177
car_door_40,run-1781419150_i9,0.6,4,0.6313956115942083,0.6089553537125502
car_door_40,run-1781419150_i9,0.7,0,0.6945787883933108,0.598694346992658
car_door_40,run-1781419150_i9,0.7,1,0.6919027667719795,0.6053475528884831
car_door_40,run-1781419150_i9,0.7,2,0.7095912437752765,0.5843023677041674
car_door_40,run-1781419150_i9,0.7,3,0.7167336502891374,0.5821658799045734
car_door_40,run-1781419150_i9,0.7,4,0.6735284548535836,0.5858973756591573
car_door_40,run-1781419150_i9,0.8,0,0.7740705375668925,0.5715987299656424
car_door_40,run-1781419150_i9,0.8,1,0.827544613260028,0.5510551901008461
car_door_40,run-1781419150_i9,0.8,2,0.8027174008506465,0.5587585597525956
car_door_40,run-1781419150_i9,0.8,3,0.8010451608708351,0.5567749233212242
car_door_40,run-1781419150_i9,0.8,4,0.8042283712253248,0.5532163213607165
car_door_40,run-1781419150_i9,0.9,0,0.9019037650569578,0.5345511837230841
car_door_40,run-1781419150_i9,0.9,1,0.9114844925627661,0.5183815020540415
car_door_40,run-1781419150_i9,0.9,2,0.9091681675209969,0.5269016127223868
car_door_40,run-1781419150_i9,0.9,3,0.9003806296388643,0.5265663118709001
car_door_40,run-1781419150_i9,0.9,4,0.9006087997845307,0.5201466195053852
car_door_40,run-1781419150_i9,0.95,0,0.9498785069048495,0.4980926932978508
car_door_40,run-1781419150_i9,0.95,1,0.946898100061118,0.5042785669517837
car_door_40,run-1781419150_i9,0.95,2,0.9507075870057257,0.48327302494557756
car_door_40,run-1781419150_i9,0.95,3,0.9481466654105539,0.497713400845897
car_door_40,run-1781419150_i9,0.95,4,0.9533246981446246,0.4910985717952147
car_door_40,run-1781419337_i9,0.0,0,-0.007672595433480038,0.7326828917050692
car_door_40,run-1781419337_i9,0.0,1,0.018863259845736093,0.7265746221481524
car_door_40,run-1781419337_i9,0.0,2,-0.0515516851775398,0.7189440097022899
car_door_40,run-1781419337_i9,0.0,3,-0.030391479280530116,0.7357745869110326
car_door_40,run-1781419337_i9,0.0,4,-0.03189590659650053,0.726940724786965
car_door_40,run-1781419337_i9,0.1,0,0.12824974839883616,0.7106741573033708
car_door_40,run-1781419337_i9,0.1,1,0.028573599378257878,0.7146207664175545
car_door_40,run-1781419337_i9,0.1,2,0.14075447924688986,0.6913952161129292
car_door_40,run-1781419337_i9,0.1,3,0.09559477628120636,0.6968232645948301
car_door_40,run-1781419337_i9,0.1,4,0.21207270135793874,0.6778788206849266
car_door_40,run-1781419337_i9,0.2,0,0.20632314177345348,0.6696114605070292
car_door_40,run-1781419337_i9,0.2,1,0.15747020396297007,0.6995597284872243
car_door_40,run-1781419337_i9,0.2,2,0.1986251541412631,0.6957749116022497
car_door_40,run-1781419337_i9,0.2,3,0.16182407933008877,0.6790792831479031
car_door_40,run-1781419337_i9,0.2,4,0.18358644308222885,0.6760518709137959
car_door_40,run-1781419337_i9,0.3,0,0.3239341634888258,0.6443966450607036
car_door_40,run-1781419337_i9,0.3,1,0.2870124555812388,0.6792138646477489
car_door_40,run-1781419337_i9,0.3,2,0.26556056183967897,0.6744501931169655
car_door_40,run-1781419337_i9,0.3,3,0.310014281071061,0.6543014626414007
car_door_40,run-1781419337_i9,0.3,4,0.332367718782069,0.6544549390854533
car_door_40,run-1781419337_i9,0.4,0,0.3522911230764996,0.6604077021601162
car_door_40,run-1781419337_i9,0.4,1,0.40769403900192575,0.656002393603599
car_door_40,run-1781419337_i9,0.4,2,0.4083171151921841,0.6549988478598998
car_door_40,run-1781419337_i9,0.4,3,0.38069951194283114,0.6456454726167498
car_door_40,run-1781419337_i9,0.4,4,0.37059329594089224,0.651147147060728
car_door_40,run-1781419337_i9,0.5,0,0.5508111212710401,0.6228075238638086
car_door_40,run-1781419337_i9,0.5,1,0.46692940350920803,0.629805581348478
car_door_40,run-1781419337_i9,0.5,2,0.5226463765970958,0.6208520551304335
car_door_40,run-1781419337_i9,0.5,3,0.5266698309403617,0.6250944604777361
car_door_40,run-1781419337_i9,0.5,4,0.4451219786806264,0.6332005580897715
car_door_40,run-1781419337_i9,0.6,0,0.6326495328331606,0.599864954647871
car_door_40,run-1781419337_i9,0.6,1,0.5561293762231457,0.6292219236658866
car_door_40,run-1781419337_i9,0.6,2,0.579297258631518,0.6235737747428473
car_door_40,run-1781419337_i9,0.6,3,0.622858220400307,0.5958629652359121
car_door_40,run-1781419337_i9,0.6,4,0.604943500244172,0.607370710140127
car_door_40,run-1781419337_i9,0.7,0,0.7045579421913766,0.5852332578173475
car_door_40,run-1781419337_i9,0.7,1,0.7214162662710076,0.5823949395177268
car_door_40,run-1781419337_i9,0.7,2,0.6769284892492919,0.5908468271019278
car_door_40,run-1781419337_i9,0.7,3,0.7214380310127595,0.5736048841668229
car_door_40,run-1781419337_i9,0.7,4,0.7160492421753473,0.560497643650828
car_door_40,run-1781419337_i9,0.8,0,0.8152979155458913,0.5583457811068055
car_door_40,run-1781419337_i9,0.8,1,0.8173253415451396,0.5502523265300229
car_door_40,run-1781419337_i9,0.8,2,0.7898571089123269,0.5639994227785995
car_door_40,run-1781419337_i9,0.8,3,0.8045289228525356,0.5537439657100799
car_door_40,run-1781419337_i9,0.8,4,0.7716690800268987,0.5659902509478245
car_door_40,run-1781419337_i9,0.9,0,0.8899699231405681,0.5354893296982232
car_door_40,run-1781419337_i9,0.9,1,0.9074234726020308,0.5196728526899099
car_door_40,run-1781419337_i9,0.9,2,0.900060057416657,0.5143157682387355
car_door_40,run-1781419337_i9,0.9,3,0.9001831088177086,0.5200088077739434
car_door_40,run-1781419337_i9,0.9,4,0.9117798871890205,0.5288768081891722
car_door_40,run-1781419337_i9,0.95,0,0.9504439835890633,0.5010477802181975
car_door_40,run-1781419337_i9,0.95,1,0.9503961414622869,0.4999098351787067
car_door_40,run-1781419337_i9,0.95,2,0.9529220606578037,0.49618254444067234
car_door_40,run-1781419337_i9,0.95,3,0.9533532846800288,0.5013458658041549
car_door_40,run-1781419337_i9,0.95,4,0.954811038716465,0.4933858995465442
car_door_45,run-1781304884_i9,0.0,0,0.048399620237461506,0.7342785493827161
car_door_45,run-1781304884_i9,0.0,1,0.01583878476714069,0.7454099184414982
car_door_45,run-1781304884_i9,0.0,2,0.03946636915208366,0.7385221617644211
car_door_45,run-1781304884_i9,0.0,3,-0.04651449601592839,0.7484195874494944
car_door_45,run-1781304884_i9,0.0,4,0.07674530947755218,0.7168408243679137
car_door_45,run-1781304884_i9,0.1,0,0.0647113625887352,0.7326145813188938
car_door_45,run-1781304884_i9,0.1,1,0.1278254344707585,0.7078874547671111
car_door_45,run-1781304884_i9,0.1,2,0.09172994696588549,0.7164643002381921
car_door_45,run-1781304884_i9,0.1,3,0.06336396290408763,0.7312870481577622
car_door_45,run-1781304884_i9,0.1,4,0.11504940301430001,0.701131090487239
car_door_45,run-1781304884_i9,0.2,0,0.17717732303806394,0.6883609214029401
car_door_45,run-1781304884_i9,0.2,1,0.23768448095261985,0.6948525147871806
car_door_45,run-1781304884_i9,0.2,2,0.1656941599627093,0.7005915202459478
car_door_45,run-1781304884_i9,0.2,3,0.1756737414646262,0.6968426341010976
car_door_45,run-1781304884_i9,0.2,4,0.18405144386535824,0.7016693748065614
car_door_45,run-1781304884_i9,0.3,0,0.2679977090380459,0.6844164353993216
car_door_45,run-1781304884_i9,0.3,1,0.2762645840645856,0.7034515393827018
car_door_45,run-1781304884_i9,0.3,2,0.1930708155854588,0.7008669401656475
car_door_45,run-1781304884_i9,0.3,3,0.32619372795192797,0.6604987155467136
car_door_45,run-1781304884_i9,0.3,4,0.301043678985524,0.6850383829032134
car_door_45,run-1781304884_i9,0.4,0,0.41636926805175245,0.6511205564142195
car_door_45,run-1781304884_i9,0.4,1,0.3225200122695038,0.6771641357964987
car_door_45,run-1781304884_i9,0.4,2,0.3569169114358394,0.6867089220988157
car_door_45,run-1781304884_i9,0.4,3,0.3262796721099402,0.6849186724877333
car_door_45,run-1781304884_i9,0.4,4,0.3863387556565432,0.663987387073685
car_door_45,run-1781304884_i9,0.5,0,0.4400115000036667,0.6530461920176782
car_door_45,run-1781304884_i9,0.5,1,0.5606836274911241,0.6414165828757058
car_door_45,run-1781304884_i9,0.5,2,0.49431020724292446,0.6461298932384342
car_door_45,run-1781304884_i9,0.5,3,0.40365729764120456,0.6807761855690148
car_door_45,run-1781304884_i9,0.5,4,0.4332850901830587,0.6626487315359382
car_door_45,run-1781304884_i9,0.6,0,0.5438595732492764,0.6494754567977702
car_door_45,run-1781304884_i9,0.6,1,0.5845529849694484,0.6268995346502153
car_door_45,run-1781304884_i9,0.6,2,0.5984867036467697,0.6300400894302676
car_door_45,run-1781304884_i9,0.6,3,0.5827661582756624,0.6445280755388724
car_door_45,run-1781304884_i9,0.6,4,0.5559874057480779,0.6075411938442407
car_door_45,run-1781304884_i9,0.7,0,0.7014804531368617,0.6197153135032685
car_door_45,run-1781304884_i9,0.7,1,0.658229364451451,0.6125272562375779
car_door_45,run-1781304884_i9,0.7,2,0.6503775626480011,0.6119559517566859
car_door_45,run-1781304884_i9,0.7,3,0.7077633769839897,0.6111584162247939
car_door_45,run-1781304884_i9,0.7,4,0.7157004170386098,0.5987700876022509
car_door_45,run-1781304884_i9,0.8,0,0.8102984635034989,0.5816726150284557
car_door_45,run-1781304884_i9,0.8,1,0.7833218805834469,0.5903229565183618
car_door_45,run-1781304884_i9,0.8,2,0.8331786690194853,0.5838283510125362
car_door_45,run-1781304884_i9,0.8,3,0.8343360032869273,0.5684567949418469
car_door_45,run-1781304884_i9,0.8,4,0.8095620261905933,0.5805791900600027
car_door_45,run-1781304884_i9,0.9,0,0.896915880166275,0.5608785719817239
car_door_45,run-1781304884_i9,0.9,1,0.8952127034332646,0.5539932944436907
car_door_45,run-1781304884_i9,0.9,2,0.8977883810229741,0.5530505779225816
car_door_45,run-1781304884_i9,0.9,3,0.8998995719106543,0.5656546122606846
car_door_45,run-1781304884_i9,0.9,4,0.9011952639191262,0.5603942617728265
car_door_45,run-1781304884_i9,0.95,0,0.9525815760050456,0.520322226290736
car_door_45,run-1781304884_i9,0.95,1,0.9418106729332584,0.5365374133769368
car_door_45,run-1781304884_i9,0.95,2,0.9464483044084191,0.5306395943001485
car_door_45,run-1781304884_i9,0.95,3,0.9544843478976285,0.5441901851171248
car_door_45,run-1781304884_i9,0.95,4,0.9533413082437368,0.545019804849773
car_door_45,run-1781304983_i9,0.0,0,-0.0029636636078911897,0.7421732969735857
car_door_45,run-1781304983_i9,0.0,1,0.10382773555379249,0.7107656500154718
car_door_45,run-1781304983_i9,0.0,2,-0.060999696950462486,0.7489113876268925
car_door_45,run-1781304983_i9,0.0,3,-0.013240239557175095,0.734311192041453
car_door_45,run-1781304983_i9,0.0,4,0.08652311296149374,0.7255678322052489
car_door_45,run-1781304983_i9,0.1,0,0.08761904044605484,0.7192930859312336
car_door_45,run-1781304983_i9,0.1,1,0.0881824505567335,0.7308501655296278
car_door_45,run-1781304983_i9,0.1,2,0.08395269452133464,0.7180188881734277
car_door_45,run-1781304983_i9,0.1,3,0.051502984181884495,0.7248905080160186
car_door_45,run-1781304983_i9,0.1,4,0.029078731604493962,0.7230653825030474
car_door_45,run-1781304983_i9,0.2,0,0.21505820688500882,0.7010238130335151
car_door_45,run-1781304983_i9,0.2,1,0.21916306654227133,0.6861401393354769
car_door_45,run-1781304983_i9,0.2,2,0.22659975374330282,0.7122135462009295
car_door_45,run-1781304983_i9,0.2,3,0.11852910980082203,0.7275680962525289
car_door_45,run-1781304983_i9,0.2,4,0.16139609568288515,0.7088423385535574
car_door_45,run-1781304983_i9,0.3,0,0.3220875718806273,0.6831492232435629
car_door_45,run-1781304983_i9,0.3,1,0.22443359174339722,0.6963804183045117
car_door_45,run-1781304983_i9,0.3,2,0.24544931904409115,0.7026342248139956
car_door_45,run-1781304983_i9,0.3,3,0.33138159566982983,0.6864648466265882
car_door_45,run-1781304983_i9,0.3,4,0.24855388615776552,0.7141199200354206
car_door_45,run-1781304983_i9,0.4,0,0.46861834770338645,0.6442053024425479
car_door_45,run-1781304983_i9,0.4,1,0.38290752000280054,0.6731227093978224
car_door_45,run-1781304983_i9,0.4,2,0.4425544617327628,0.6572959395000201
car_door_45,run-1781304983_i9,0.4,3,0.40863352303698025,0.6494875020071723
car_door_45,run-1781304983_i9,0.4,4,0.39741099721312595,0.6736208719863995
car_door_45,run-1781304983_i9,0.5,0,0.4329269391248796,0.6591310987862712
car_door_45,run-1781304983_i9,0.5,1,0.5252142493388756,0.650298117505192
car_door_45,run-1781304983_i9,0.5,2,0.44217661195531527,0.6620394551810037
car_door_45,run-1781304983_i9,0.5,3,0.5162714647518606,0.6497851319330094
car_door_45,run-1781304983_i9,0.5,4,0.5142065452854158,0.6363350083752094
car_door_45,run-1781304983_i9,0.6,0,0.5548851427100764,0.6289536901107701
car_door_45,run-1781304983_i9,0.6,1,0.5130383308358761,0.6362379623074971
car_door_45,run-1781304983_i9,0.6,2,0.5961078805185032,0.6324640360041791
car_door_45,run-1781304983_i9,0.6,3,0.5745733999345785,0.6358061100014746
car_door_45,run-1781304983_i9,0.6,4,0.5793518843839608,0.634445456005998
car_door_45,run-1781304983_i9,0.7,0,0.7542919472244031,0.5862156868006547
car_door_45,run-1781304983_i9,0.7,1,0.6774376491427478,0.602328537972566
car_door_45,run-1781304983_i9,0.7,2,0.6753494836565356,0.5978157644824311
car_door_45,run-1781304983_i9,0.7,3,0.7056222246360128,0.5877194155158354
car_door_45,run-1781304983_i9,0.7,4,0.673049045305605,0.6277846990582593
car_door_45,run-1781304983_i9,0.8,0,0.7689223599374059,0.6185818089362898
car_door_45,run-1781304983_i9,0.8,1,0.7986132367291083,0.5902938462155763
car_door_45,run-1781304983_i9,0.8,2,0.7996124077541991,0.567159387331951
car_door_45,run-1781304983_i9,0.8,3,0.7980000719796292,0.5887727759914255
car_door_45,run-1781304983_i9,0.8,4,0.7777731800076216,0.575754116414623
car_door_45,run-1781304983_i9,0.9,0,0.8968251213407563,0.5527741365934565
car_door_45,run-1781304983_i9,0.9,1,0.8972903476047859,0.544225092497362
car_door_45,run-1781304983_i9,0.9,2,0.8992190535518918,0.541505146370806
car_door_45,run-1781304983_i9,0.9,3,0.8965061003063167,0.5720951375055149
car_door_45,run-1781304983_i9,0.9,4,0.8914208295697408,0.554400053536773
car_door_45,run-1781304983_i9,0.95,0,0.9521616596597232,0.5175189014453261
car_door_45,run-1781304983_i9,0.95,1,0.955731147168746,0.5163755896147627
car_door_45,run-1781304983_i9,0.95,2,0.9544919711851795,0.517350728757425
car_door_45,run-1781304983_i9,0.95,3,0.9549343592543497,0.517530966474699
car_door_45,run-1781304983_i9,0.95,4,0.9506450607823537,0.5082546382251192
car_door_45,run-1781305090_i9,0.0,0,0.05469768223796147,0.7201095692681166
car_door_45,run-1781305090_i9,0.0,1,-0.08284056071959373,0.7558958090269129
car_door_45,run-1781305090_i9,0.0,2,-0.03542924244347012,0.7491917327678735
car_door_45,run-1781305090_i9,0.0,3,0.006212061685485585,0.7405670886739535
car_door_45,run-1781305090_i9,0.0,4,-0.05740416272653483,0.7513952208772205
car_door_45,run-1781305090_i9,0.1,0,0.0580974918894464,0.7237540427597698
car_door_45,run-1781305090_i9,0.1,1,0.15964872122653895,0.7168497283460453
car_door_45,run-1781305090_i9,0.1,2,0.09625769347891627,0.7207356436226978
car_door_45,run-1781305090_i9,0.1,3,0.055157957820753584,0.7408164868030969
car_door_45,run-1781305090_i9,0.1,4,0.12798950630336203,0.7056065893629977
car_door_45,run-1781305090_i9,0.2,0,0.15799332146340697,0.7099162889407079
car_door_45,run-1781305090_i9,0.2,1,0.2343974269845023,0.6913752730278045
car_door_45,run-1781305090_i9,0.2,2,0.22716655030747263,0.6974094963273872
car_door_45,run-1781305090_i9,0.2,3,0.2018303367197722,0.7057408899984928
car_door_45,run-1781305090_i9,0.2,4,0.1599277290337242,0.7063900904443571
car_door_45,run-1781305090_i9,0.3,0,0.28058561554069117,0.6849799706760225
car_door_45,run-1781305090_i9,0.3,1,0.2805238078036802,0.6836999849455749
car_door_45,run-1781305090_i9,0.3,2,0.3312195263692428,0.672333747466161
car_door_45,run-1781305090_i9,0.3,3,0.32564247807220076,0.6806313277028799
car_door_45,run-1781305090_i9,0.3,4,0.2475066035671581,0.6889445325712188
car_door_45,run-1781305090_i9,0.4,0,0.32266788469957625,0.6762729311181338
car_door_45,run-1781305090_i9,0.4,1,0.36829397204521935,0.6773259622186706
car_door_45,run-1781305090_i9,0.4,2,0.39464355316289673,0.6657096598692964
car_door_45,run-1781305090_i9,0.4,3,0.37866359925401966,0.6738195739668205
car_door_45,run-1781305090_i9,0.4,4,0.40707539377108787,0.6606673268235742
car_door_45,run-1781305090_i9,0.5,0,0.5215414021360678,0.6359731666852463
car_door_45,run-1781305090_i9,0.5,1,0.5010480866403703,0.6555688763978695
car_door_45,run-1781305090_i9,0.5,2,0.4811558426571984,0.6559068863906335
car_door_45,run-1781305090_i9,0.5,3,0.49107839390161917,0.6516835171167396
car_door_45,run-1781305090_i9,0.5,4,0.5088533562360971,0.6474682716210912
car_door_45,run-1781305090_i9,0.6,0,0.5770574956352309,0.6342539115824846
car_door_45,run-1781305090_i9,0.6,1,0.6270700466488821,0.6350531604771669
car_door_45,run-1781305090_i9,0.6,2,0.6193439747636302,0.6318119645813837
car_door_45,run-1781305090_i9,0.6,3,0.6268351772482402,0.6195759675655141
car_door_45,run-1781305090_i9,0.6,4,0.6152221669367558,0.6276986814848913
car_door_45,run-1781305090_i9,0.7,0,0.6289245581162156,0.6229120157583716
car_door_45,run-1781305090_i9,0.7,1,0.7075660338778584,0.5980413364535604
car_door_45,run-1781305090_i9,0.7,2,0.679359392160191,0.6239817936172725
car_door_45,run-1781305090_i9,0.7,3,0.6551668661445721,0.6158443000359207
car_door_45,run-1781305090_i9,0.7,4,0.7050449766003181,0.6130174452502145
car_door_45,run-1781305090_i9,0.8,0,0.8068447289115955,0.5733408117345299
car_door_45,run-1781305090_i9,0.8,1,0.8013882231615377,0.5758038057742783
car_door_45,run-1781305090_i9,0.8,2,0.8032729401048683,0.565047439328288
car_door_45,run-1781305090_i9,0.8,3,0.8223687372712338,0.571343490667295
car_door_45,run-1781305090_i9,0.8,4,0.8112376876299334,0.5879436960480727
car_door_45,run-1781305090_i9,0.9,0,0.8964444370882859,0.5557173211615645
car_door_45,run-1781305090_i9,0.9,1,0.8994938282985812,0.5413801459127405
car_door_45,run-1781305090_i9,0.9,2,0.8976254188203264,0.5625155903320248
car_door_45,run-1781305090_i9,0.9,3,0.9098729885651238,0.5428079609167513
car_door_45,run-1781305090_i9,0.9,4,0.9002602093178922,0.5545450971656205
car_door_45,run-1781305090_i9,0.95,0,0.9489065299865966,0.5222950819672131
car_door_45,run-1781305090_i9,0.95,1,0.9575617083456631,0.5294942623649149
car_door_45,run-1781305090_i9,0.95,2,0.9514900235544057,0.5173021835034382
car_door_45,run-1781305090_i9,0.95,3,0.9468292662286455,0.5239490921966284
car_door_45,run-1781305090_i9,0.95,4,0.9510319479080158,0.5172994508734912
car_door_50,run-1787237400_i9,0.0,0,-0.07098826616777296,0.7394756146619655
car_door_50,run-1787237400_i9,0.0,1,0.0183638180539019,0.7301589186877925
car_door_50,run-1787237400_i9,0.0,2,0.01084603975192032,0.7369946984758118
car_door_50,run-1787237400_i9,0.0,3,-0.03366130900111657,0.742286557080667
car_door_50,run-1787237400_i9,0.0,4,0.020507763785948672,0.7359248376854177
car_door_50,run-1787237400_i9,0.1,0,0.18757817926098178,0.6979067667743775
car_door_50,run-1787237400_i9,0.1,1,0.19609211989664183,0.7126583777383066
car_door_50,run-1787237400_i9,0.1,2,0.10006870882861585,0.7012865247216882
car_door_50,run-1787237400_i9,0.1,3,0.10583365211345129,0.7189744801512288
car_door_50,run-1787237400_i9,0.1,4,0.07585375031766906,0.7378349410503752
car_door_50,run-1787237400_i9,0.2,0,0.16240024790925708,0.7034956748429909
car_door_50,run-1787237400_i9,0.2,1,0.12310078426165201,0.7170630964250106
car_door_50,run-1787237400_i9,0.2,2,0.18351210822066277,0.7003145620964499
car_door_50,run-1787237400_i9,0.2,3,0.2769429184691583,0.6689247005134056
car_door_50,run-1787237400_i9,0.2,4,0.19793855405923433,0.7126193253505368
car_door_50,run-1787237400_i9,0.3,0,0.31734264962241787,0.6693397455639525
car_door_50,run-1787237400_i9,0.3,1,0.251481324401132,0.6814399464383922
car_door_50,run-1787237400_i9,0.3,2,0.26884706993471374,0.6580434628390361
car_door_50,run-1787237400_i9,0.3,3,0.2666766203630125,0.6874925875850946
car_door_50,run-1787237400_i9,0.3,4,0.35551510315138385,0.6854696998480243
car_door_50,run-1787237400_i9,0.4,0,0.39600676203677815,0.6583720653080681
car_door_50,run-1787237400_i9,0.4,1,0.40856862693966045,0.6676385186595583
car_door_50,run-1787237400_i9,0.4,2,0.3748989608719862,0.6555688193864152
car_door_50,run-1787237400_i9,0.4,3,0.33925798219001435,0.6785722764285544
car_door_50,run-1787237400_i9,0.4,4,0.4492711226756392,0.6566592596094747
car_door_50,run-1787237400_i9,0.5,0,0.39219952128641783,0.6713017115848273
car_door_50,run-1787237400_i9,0.5,1,0.47868632554545076,0.6642972039551497
car_door_50,run-1787237400_i9,0.5,2,0.5342959178337343,0.6291675578051852
car_door_50,run-1787237400_i9,0.5,3,0.4722088826432384,0.6697845669891807
car_door_50,run-1787237400_i9,0.5,4,0.5105907403828075,0.6283798244988229
car_door_50,run-1787237400_i9,0.6,0,0.6715829419637562,0.596355519863952
car_door_50,run-1787237400_i9,0.6,1,0.5887710980301416,0.6099389030974709
car_door_50,run-1787237400_i9,0.6,2,0.5352326256081879,0.6323847262247838
car_door_50,run-1787237400_i9,0.6,3,0.5597439018219379,0.6279516358463727
car_door_50,run-1787237400_i9,0.6,4,0.6328971257748169,0.5927286516720783
car_door_50,run-1787237400_i9,0.7,0,0.7102701907926768,0.5783018421177251
car_door_50,run-1787237400_i9,0.7,1,0.6983745034811087,0.6058858290982153
car_door_50,run-1787237400_i9,0.7,2,0.6522735815221826,0.597716764383431
car_door_50,run-1787237400_i9,0.7,3,0.7103910100977683,0.6153197253047549
car_door_50,run-1787237400_i9,0.7,4,0.7110889445420018,0.5963726376921978
car_door_50,run-1787237400_i9,0.8,0,0.7574928698569775,0.5856362124272306
car_door_50,run-1787237400_i9,0.8,1,0.7862843967882538,0.5814400227671583
car_door_50,run-1787237400_i9,0.8,2,0.7756854874331114,0.5605887939221272
car_door_50,run-1787237400_i9,0.8,3,0.813261007636527,0.5645039071749941
car_door_50,run-1787237400_i9,0.8,4,0.7804599989441937,0.5807065540620912
car_door_50,run-1787237400_i9,0.9,0,0.8887745059586323,0.5471507876257354
car_door_50,run-1787237400_i9,0.9,1,0.8965384595640709,0.5209516792242056
car_door_50,run-1787237400_i9,0.9,2,0.9215545025979063,0.5413742061786755
car_door_50,run-1787237400_i9,0.9,3,0.899576372644462,0.5249832967452515
car_door_50,run-1787237400_i9,0.9,4,0.8892735422187925,0.5338592406025757
car_door_50,run-1787237400_i9,0.95,0,0.9539321661757593,0.5038662859862003
car_door_50,run-1787237400_i9,0.95,1,0.9449760173325314,0.5341312908182866
car_door_50,run-1787237400_i9,0.95,2,0.9486072821385196,0.5008785468360442
car_door_50,run-1787237400_i9,0.95,3,0.9493138124226409,0.5020032911211275
car_door_50,run-1787237400_i9,0.95,4,0.9517399882310081,0.5121598215768619
car_door_50,run-1787237488_i9,0.0,0,-0.18274073290029325,0.7527872031022782
car_door_50,run-1787237488_i9,0.0,1,0.08125275909798943,0.7117712450592886
car_door_50,run-1787237488_i9,0.0,2,-0.11589831396558455,0.7495755517826825
car_door_50,run-1787237488_i9,0.0,3,0.04393963603992559,0.7037554691298007
car_door_50,run-1787237488_i9,0.0,4,-0.05320635753850766,0.744705452775073
car_door_50,run-1787237488_i9,0.1,0,0.059605785228257706,0.7150243309002433
car_door_50,run-1787237488_i9,0.1,1,0.08404618178770075,0.7182831251530737
car_door_50,run-1787237488_i9,0.1,2,-0.013351520789217737,0.7416594854117937
car_door_50,run-1787237488_i9,0.1,3,0.17974211265746895,0.6916340029397354
car_door_50,run-1787237488_i9,0.1,4,0.12319513895428202,0.7071270853778214
car_door_50,run-1787237488_i9,0.2,0,0.25016044095109313,0.6662414965986394
car_door_50,run-1787237488_i9,0.2,1,0.23191701049566202,0.6921251217137293
car_door_50,run-1787237488_i9,0.2,2,0.25152842463851305,0.6790981109079829
car_door_50,run-1787237488_i9,0.2,3,0.15261499613593335,0.6960640508495294
car_door_50,run-1787237488_i9,0.2,4,0.11085045415900531,0.7016445753559155
car_door_50,run-1787237488_i9,0.3,0,0.3436894856599883,0.6624309392265193
car_door_50,run-1787237488_i9,0.3,1,0.21040683499467233,0.7057739557739557
car_door_50,run-1787237488_i9,0.3,2,0.2524449737090843,0.6819893126062667
car_door_50,run-1787237488_i9,0.3,3,0.2796158657086174,0.676914647510045
car_door_50,run-1787237488_i9,0.3,4,0.20861751233152714,0.6856028282335731
car_door_50,run-1787237488_i9,0.4,0,0.3198592098251345,0.6700340798442064
car_door_50,run-1787237488_i9,0.4,1,0.3424500924391859,0.6633190447030006
car_door_50,run-1787237488_i9,0.4,2,0.38541298812629377,0.6581508515815085
car_door_50,run-1787237488_i9,0.4,3,0.41880820590358714,0.6631969807645484
car_door_50,run-1787237488_i9,0.4,4,0.33160198179794653,0.6694189602446483
car_door_50,run-1787237488_i9,0.5,0,0.45243050897299225,0.6019482090997096
car_door_50,run-1787237488_i9,0.5,1,0.49987765518746224,0.6076342384025326
car_door_50,run-1787237488_i9,0.5,2,0.46627723985705594,0.6153519417475728
car_door_50,run-1787237488_i9,0.5,3,0.41429933166985133,0.6510176883935062
car_door_50,run-1787237488_i9,0.5,4,0.45350848011867906,0.6244800587227796
car_door_50,run-1787237488_i9,0.6,0,0.5612754990462401,0.6262385321100917
car_door_50,run-1787237488_i9,0.6,1,0.5733028116260354,0.6239088263821533
car_door_50,run-1787237488_i9,0.6,2,0.6138060726431622,0.6157611355849242
car_door_50,run-1787237488_i9,0.6,3,0.5516011184088069,0.6158932288478022
car_door_50,run-1787237488_i9,0.6,4,0.5274425264889723,0.6217285453438831
car_door_50,run-1787237488_i9,0.7,0,0.6764433097227424,0.5788612961841308
car_door_50,run-1787237488_i9,0.7,1,0.7561584551560719,0.5672033174777412
car_door_50,run-1787237488_i9,0.7,2,0.693091671198642,0.5891599902889051
car_door_50,run-1787237488_i9,0.7,3,0.7460435837712895,0.5935665362035225
car_door_50,run-1787237488_i9,0.7,4,0.7015977937670186,0.5930815303752598
car_door_50,run-1787237488_i9,0.8,0,0.7855618965334742,0.5683838752892462
car_door_50,run-1787237488_i9,0.8,1,0.7789381195189873,0.5706508441399559
car_door_50,run-1787237488_i9,0.8,2,0.8077396480739247,0.5716467139017836
car_door_50,run-1787237488_i9,0.8,3,0.8304755369588426,0.5128750151828009
car_door_50,run-1787237488_i9,0.8,4,0.8213866533396252,0.5676006362412823
car_door_50,run-1787237488_i9,0.9,0,0.9023767595696299,0.5357099255280185
car_door_50,run-1787237488_i9,0.9,1,0.8966284921150918,0.5305259286502391
car_door_50,run-1787237488_i9,0.9,2,0.9094054597555932,0.5280004859086491
car_door_50,run-1787237488_i9,0.9,3,0.916781627798161,0.5060738581146744
car_door_50,run-1787237488_i9,0.9,4,0.9215750426388801,0.5292833757730083
car_door_50,run-1787237488_i9,0.95,0,0.9538731374988627,0.5194383124846701
car_door_50,run-1787237488_i9,0.95,1,0.9579114253441262,0.4976309075446483
car_door_50,run-1787237488_i9,0.95,2,0.9561357825178552,0.5485891510581367
car_door_50,run-1787237488_i9,0.95,3,0.9556460443577591,0.4852312950079336
car_door_50,run-1787237488_i9,0.95,4,0.9481577016528229,0.5282400097169926
car_door_50,run-1787237575_i9,0.0,0,0.06137123377763797,0.7404853538593116
car_door_50,run-1787237575_i9,0.0,1,-0.0026169148187901127,0.7547767338752244
car_door_50,run-1787237575_i9,0.0,2,-0.035430032055592184,0.7334632399410154
car_door_50,run-1787237575_i9,0.0,3,-0.06561282585796559,0.7738816278822654
car_door_50,run-1787237575_i9,0.0,4,-0.053817713634588794,0.7536507936507937
car_door_50,run-1787237575_i9,0.1,0,0.11010261254667059,0.7074783160566955
car_door_50,run-1787237575_i9,0.1,1,0.16412592495438383,0.7346202800169708
car_door_50,run-1787237575_i9,0.1,2,0.05251037360983029,0.7330338266384778
car_door_50,run-1787237575_i9,0.1,3,0.10726445556984442,0.7173268375344207
car_door_50,run-1787237575_i9,0.1,4,0.2194655164639479,0.7121388506720288
car_door_50,run-1787237575_i9,0.2,0,0.29147201721222815,0.6845491280306253
car_door_50,run-1787237575_i9,0.2,1,0.18196832283074613,0.7267646119450655
car_door_50,run-1787237575_i9,0.2,2,0.23385743058265698,0.7199595916631221
car_door_50,run-1787237575_i9,0.2,3,0.24235402335895076,0.6871224165341813
car_door_50,run-1787237575_i9,0.2,4,0.16746243547910938,0.7214747324928488
car_door_50,run-1787237575_i9,0.3,0,0.2665766875099892,0.6908368644067797
car_door_50,run-1787237575_i9,0.3,1,0.22665476921548317,0.7019139261922386
car_door_50,run-1787237575_i9,0.3,2,0.21480602252955217,0.6988270104617986
car_door_50,run-1787237575_i9,0.3,3,0.39836550108273944,0.6809338521400778
car_door_50,run-1787237575_i9,0.3,4,0.37124434118450134,0.6769897473839974
car_door_50,run-1787237575_i9,0.4,0,0.38483397313417056,0.6907216494845361
car_door_50,run-1787237575_i9,0.4,1,0.28296648535884206,0.6881277090601543
car_door_50,run-1787237575_i9,0.4,2,0.3530622583786291,0.7004960945746252
car_door_50,run-1787237575_i9,0.4,3,0.35572163381360794,0.6657978723404255
car_door_50,run-1787237575_i9,0.4,4,0.3377451497808602,0.6957764369641156
car_door_50,run-1787237575_i9,0.5,0,0.5892170317740241,0.6379328603198137
car_door_50,run-1787237575_i9,0.5,1,0.47673438995151113,0.657114207304201
car_door_50,run-1787237575_i9,0.5,2,0.5772990072406273,0.6426680783483325
car_door_50,run-1787237575_i9,0.5,3,0.5016207805766577,0.6462960994792221
car_door_50,run-1787237575_i9,0.5,4,0.4401400431046383,0.6365076013513513
car_door_50,run-1787237575_i9,0.6,0,0.6184232314040565,0.6164310766287597
car_door_50,run-1787237575_i9,0.6,1,0.6166644679861336,0.6328323454699407
car_door_50,run-1787237575_i9,0.6,2,0.612326780827063,0.6317813125460866
car_door_50,run-1787237575_i9,0.6,3,0.5514047356733164,0.6304508499630451
car_door_50,run-1787237575_i9,0.6,4,0.5908394742662885,0.6538866652622709
car_door_50,run-1787237575_i9,0.7,0,0.7028170582330828,0.6209469615632381
car_door_50,run-1787237575_i9,0.7,1,0.7533630696518658,0.5891304347826087
car_door_50,run-1787237575_i9,0.7,2,0.6939941891429177,0.5845818722771225
car_door_50,run-1787237575_i9,0.7,3,0.6467869230181335,0.6195801244857052
car_door_50,run-1787237575_i9,0.7,4,0.7000548834115418,0.6107765451664026
car_door_50,run-1787237575_i9,0.8,0,0.7983847314275665,0.568874312314854
car_door_50,run-1787237575_i9,0.8,1,0.7509115277592845,0.5984138812007664
car_door_50,run-1787237575_i9,0.8,2,0.8174651914812215,0.5721775047659394
car_door_50,run-1787237575_i9,0.8,3,0.7953387409083429,0.5699714617905084
car_door_50,run-1787237575_i9,0.8,4,0.8053974374065275,0.5857278681597295
car_door_50,run-1787237575_i9,0.9,0,0.8940797864706165,0.5368869936034115
car_door_50,run-1787237575_i9,0.9,1,0.9040960223526123,0.5372713738834538
car_door_50,run-1787237575_i9,0.9,2,0.8884325245175143,0.5394054797418809
car_door_50,run-1787237575_i9,0.9,3,0.8837216308898375,0.5410681987445473
car_door_50,run-1787237575_i9,0.9,4,0.9106170790914934,0.526662451259353
car_door_50,run-1787237575_i9,0.95,0,0.9559292608726959,0.5007388642600802
car_door_50,run-1787237575_i9,0.95,1,0.9387550590089879,0.526462836056932
car_door_50,run-1787237575_i9,0.95,2,0.9571516796650769,0.5144555091551558
car_door_50,run-1787237575_i9,0.95,3,0.9451755511305798,0.5225034417028487
car_door_50,run-1787237575_i9,0.95,4,0.9512071933986536,0.5259685421724902
chaoSingleDep,run-1782711610_i9,0.0,0,0.00500090506537567,0.7288896282673316
chaoSingleDep,run-1782711610_i9,0.0,1,-0.029461527414946703,0.7274480598140144
chaoSingleDep,run-1782711610_i9,0.0,2,-0.011537990512847277,0.7327559406465677
chaoSingleDep,run-1782711610_i9,0.0,3,0.02188759425144546,0.7280085488820692
chaoSingleDep,run-1782711610_i9,0.0,4,0.016108929995905692,0.7302607465399953
chaoSingleDep,run-1782711610_i9,0.1,0,0.06205552018318554,0.7222152653987242
chaoSingleDep,run-1782711610_i9,0.1,1,0.07869533049542683,0.7202481513789664
chaoSingleDep,run-1782711610_i9,0.1,2,0.09717988711651214,0.7177438531411994
chaoSingleDep,run-1782711610_i9,0.1,3,0.09529922323437487,0.7229404948587763
chaoSingleDep,run-1782711610_i9,0.1,4,0.13131512705467202,0.7075245285771602
chaoSingleDep,run-1782711610_i9,0.2,0,0.14363035410908254,0.6994870687920507
chaoSingleDep,run-1782711610_i9,0.2,1,0.18093499323499618,0.6980879212497074
chaoSingleDep,run-1782711610_i9,0.2,2,0.1895703821528181,0.6941395908985765
chaoSingleDep,run-1782711610_i9,0.2,3,0.21582859629302112,0.6897341837891611
chaoSingleDep,run-1782711610_i9,0.2,4,0.25542722723626154,0.7031010216161705
chaoSingleDep,run-1782711610_i9,0.3,0,0.269175542236246,0.6769275722268893
chaoSingleDep,run-1782711610_i9,0.3,1,0.31356822554305036,0.6703267567518149
chaoSingleDep,run-1782711610_i9,0.3,2,0.3368023222885253,0.6799959713600322
chaoSingleDep,run-1782711610_i9,0.3,3,0.3081174506944742,0.673299296109231
chaoSingleDep,run-1782711610_i9,0.3,4,0.19285081513222374,0.7039733079543326
chaoSingleDep,run-1782711610_i9,0.4,0,0.4022371431447815,0.6595798082242977
chaoSingleDep,run-1782711610_i9,0.4,1,0.40254075842783793,0.6573527092981897
chaoSingleDep,run-1782711610_i9,0.4,2,0.37790475843664095,0.6637635071194349
chaoSingleDep,run-1782711610_i9,0.4,3,0.38741533695463953,0.6593625060410351
chaoSingleDep,run-1782711610_i9,0.4,4,0.3795383111566827,0.6606669587120797
chaoSingleDep,run-1782711610_i9,0.5,0,0.5320943854813714,0.6293941824815112
chaoSingleDep,run-1782711610_i9,0.5,1,0.5317851226898223,0.6281756082585003
chaoSingleDep,run-1782711610_i9,0.5,2,0.4841124564621297,0.6459866385295822
chaoSingleDep,run-1782711610_i9,0.5,3,0.4731542574638496,0.6447694986710659
chaoSingleDep,run-1782711610_i9,0.5,4,0.5042751361144977,0.6456377065964605
chaoSingleDep,run-1782711610_i9,0.6,0,0.5891904059827837,0.6211747014401124
chaoSingleDep,run-1782711610_i9,0.6,1,0.637120883150873,0.6097085640808335
chaoSingleDep,run-1782711610_i9,0.6,2,0.5886974612440615,0.6119039140028122
chaoSingleDep,run-1782711610_i9,0.6,3,0.6106617396596682,0.6109009226360194
chaoSingleDep,run-1782711610_i9,0.6,4,0.5974830100085172,0.6074713063820455
chaoSingleDep,run-1782711610_i9,0.7,0,0.7059402892382751,0.5961694892896663
chaoSingleDep,run-1782711610_i9,0.7,1,0.7084647255345364,0.5900618621493534
chaoSingleDep,run-1782711610_i9,0.7,2,0.6834791897734898,0.5923783985211273
chaoSingleDep,run-1782711610_i9,0.7,3,0.7048694838812055,0.5924325174582155
chaoSingleDep,run-1782711610_i9,0.7,4,0.7255822511859912,0.5756363702717004
chaoSingleDep,run-1782711610_i9,0.8,0,0.7937512936796918,0.567643259574965
chaoSingleDep,run-1782711610_i9,0.8,1,0.7885277838643948,0.5555740712933223
chaoSingleDep,run-1782711610_i9,0.8,2,0.8028619589099232,0.5480941384526568
chaoSingleDep,run-1782711610_i9,0.8,3,0.8178139046016821,0.5586163113554851
chaoSingleDep,run-1782711610_i9,0.8,4,0.7978905980085135,0.565428487861948
chaoSingleDep,run-1782711610_i9,0.9,0,0.896339824360343,0.5354582590394902
chaoSingleDep,run-1782711610_i9,0.9,1,0.9016345886015591,0.5304694264514078
chaoSingleDep,run-1782711610_i9,0.9,2,0.8915903423080201,0.5384326041704708
chaoSingleDep,run-1782711610_i9,0.9,3,0.8834079881010374,0.5319752186588921
chaoSingleDep,run-1782711610_i9,0.9,4,0.9011601252980841,0.5354888035735139
chaoSingleDep,run-1782711610_i9,0.95,0,0.9514266674958703,0.5081211629242037
chaoSingleDep,run-1782711610_i9,0.95,1,0.9451151920277752,0.5179810714011334
chaoSingleDep,run-1782711610_i9,0.95,2,0.9542312869962489,0.5104664000409443
chaoSingleDep,run-1782711610_i9,0.95,3,0.9497182308457373,0.5162922393077621
chaoSingleDep,run-1782711610_i9,0.95,4,0.9479873057877497,0.5039531452097717
chaoSingleDep,run-1782711763_i9,0.0,0,-0.015305884602062433,0.7085645348870849
chaoSingleDep,run-1782711763_i9,0.0,1,-0.08819114212114575,0.7418406913460034
chaoSingleDep,run-1782711763_i9,0.0,2,0.03473285821877544,0.7305149808933449
chaoSingleDep,run-1782711763_i9,0.0,3,-0.04386237098103557,0.731598841091325
chaoSingleDep,run-1782711763_i9,0.0,4,-0.0678220657647612,0.7377949599749044
chaoSingleDep,run-1782711763_i9,0.1,0,0.07236217072885714,0.7091380533237213
chaoSingleDep,run-1782711763_i9,0.1,1,0.04339663943350786,0.721118605795675
chaoSingleDep,run-1782711763_i9,0.1,2,-0.0061252375914968875,0.7273987862472296
chaoSingleDep,run-1782711763_i9,0.1,3,0.13508964906665843,0.7075663131133489
chaoSingleDep,run-1782711763_i9,0.1,4,0.11812572410851398,0.7135645200712298
chaoSingleDep,run-1782711763_i9,0.2,0,0.26361335832220073,0.679250708741925
chaoSingleDep,run-1782711763_i9,0.2,1,0.16448169638880547,0.7040187797775835
chaoSingleDep,run-1782711763_i9,0.2,2,0.2087247399005741,0.6883886118520237
chaoSingleDep,run-1782711763_i9,0.2,3,0.16606020104087174,0.7021575604441457
chaoSingleDep,run-1782711763_i9,0.2,4,0.19300481033056732,0.7059159851171646
chaoSingleDep,run-1782711763_i9,0.3,0,0.30746256056276877,0.6630009676054951
chaoSingleDep,run-1782711763_i9,0.3,1,0.27188940297985653,0.6794272677665416
chaoSingleDep,run-1782711763_i9,0.3,2,0.2951235379549096,0.6604724226204328
chaoSingleDep,run-1782711763_i9,0.3,3,0.3831357538120872,0.6569806938597764
chaoSingleDep,run-1782711763_i9,0.3,4,0.25229030549491366,0.6920825024347261
chaoSingleDep,run-1782711763_i9,0.4,0,0.3744605189908555,0.6524357011990074
chaoSingleDep,run-1782711763_i9,0.4,1,0.40911564384978516,0.65023352813375
chaoSingleDep,run-1782711763_i9,0.4,2,0.40464917336605166,0.6366977327925814
chaoSingleDep,run-1782711763_i9,0.4,3,0.46030390434017465,0.635528410571106
chaoSingleDep,run-1782711763_i9,0.4,4,0.3555348005438585,0.6600622232025214
chaoSingleDep,run-1782711763_i9,0.5,0,0.4526490579497381,0.6454366038109322
chaoSingleDep,run-1782711763_i9,0.5,1,0.49902229784998037,0.6241691755442335
chaoSingleDep,run-1782711763_i9,0.5,2,0.526132141401966,0.6324077552081828
chaoSingleDep,run-1782711763_i9,0.5,3,0.4617860126492161,0.6332372824360208
chaoSingleDep,run-1782711763_i9,0.5,4,0.5119653964554444,0.6273919730694448
chaoSingleDep,run-1782711763_i9,0.6,0,0.5532902412655983,0.6070425390206469
chaoSingleDep,run-1782711763_i9,0.6,1,0.5721999130354695,0.622614326793748
chaoSingleDep,run-1782711763_i9,0.6,2,0.5916839221241411,0.6156906872070902
chaoSingleDep,run-1782711763_i9,0.6,3,0.5767522274278134,0.6215207709971471
chaoSingleDep,run-1782711763_i9,0.6,4,0.5711578383345003,0.614376852537977
chaoSingleDep,run-1782711763_i9,0.7,0,0.6792215400632776,0.5831551870969984
chaoSingleDep,run-1782711763_i9,0.7,1,0.7053052102410837,0.5940302658107576
chaoSingleDep,run-1782711763_i9,0.7,2,0.7362807913369325,0.5766850745577475
chaoSingleDep,run-1782711763_i9,0.7,3,0.7175380398932524,0.5763717538593731
chaoSingleDep,run-1782711763_i9,0.7,4,0.7230339686687652,0.577270199504136
chaoSingleDep,run-1782711763_i9,0.8,0,0.7884745563836817,0.5498409976888189
chaoSingleDep,run-1782711763_i9,0.8,1,0.8069457643291122,0.5397358276512739
chaoSingleDep,run-1782711763_i9,0.8,2,0.7912524338706457,0.5693843555514425
chaoSingleDep,run-1782711763_i9,0.8,3,0.8134987970303661,0.5445985866543095
chaoSingleDep,run-1782711763_i9,0.8,4,0.7927526528315884,0.5655114851588448
chaoSingleDep,run-1782711763_i9,0.9,0,0.9045992424125459,0.5213506324932926
chaoSingleDep,run-1782711763_i9,0.9,1,0.9114211732359289,0.5249025527140659
chaoSingleDep,run-1782711763_i9,0.9,2,0.911724199617018,0.5253509214040332
chaoSingleDep,run-1782711763_i9,0.9,3,0.8934531390846533,0.5184522322232746
chaoSingleDep,run-1782711763_i9,0.9,4,0.912968689196299,0.5073569845046046
chaoSingleDep,run-1782711763_i9,0.95,0,0.958454449013246,0.4948815620628663
chaoSingleDep,run-1782711763_i9,0.95,1,0.9443083728845444,0.5012585838901262
chaoSingleDep,run-1782711763_i9,0.95,2,0.9513644921697514,0.49182907112185115
chaoSingleDep,run-1782711763_i9,0.95,3,0.945120503353509,0.49462530623591894
chaoSingleDep,run-1782711763_i9,0.95,4,0.9496074391645914,0.5024968752893251
chaoSingleDep,run-1782711921_i9,0.0,0,-0.017256202782535753,0.7357826244125798
chaoSingleDep,run-1782711921_i9,0.0,1,-0.05222828517789887,0.7302229340596633
chaoSingleDep,run-1782711921_i9,0.0,2,-0.031789626651730865,0.737418379303471
chaoSingleDep,run-1782711921_i9,0.0,3,0.037165586372092024,0.7188407469374412
chaoSingleDep,run-1782711921_i9,0.0,4,-0.0087925900387601,0.7326038659682028
chaoSingleDep,run-1782711921_i9,0.1,0,0.09792837775916328,0.7287602613825559
chaoSingleDep,run-1782711921_i9,0.1,1,0.09509742538530554,0.7047677878675711
chaoSingleDep,run-1782711921_i9,0.1,2,0.07670012103246002,0.7181294582610372
chaoSingleDep,run-1782711921_i9,0.1,3,0.16325689274178887,0.6963714365325673
chaoSingleDep,run-1782711921_i9,0.1,4,0.10488410471679828,0.7132233959821666
chaoSingleDep,run-1782711921_i9,0.2,0,0.23183735179817386,0.6930324772505257
chaoSingleDep,run-1782711921_i9,0.2,1,0.13432834105125682,0.698341821399545
chaoSingleDep,run-1782711921_i9,0.2,2,0.20122571151757856,0.7016517450353635
chaoSingleDep,run-1782711921_i9,0.2,3,0.22930944758252955,0.6918014516911577
chaoSingleDep,run-1782711921_i9,0.2,4,0.1623065163290825,0.7126908190494506
chaoSingleDep,run-1782711921_i9,0.3,0,0.28733663819692545,0.6814382521040828
chaoSingleDep,run-1782711921_i9,0.3,1,0.32598591568223556,0.6578567128236003
chaoSingleDep,run-1782711921_i9,0.3,2,0.27209713385477924,0.6791555852662662
chaoSingleDep,run-1782711921_i9,0.3,3,0.3293953666376166,0.6652803494965861
chaoSingleDep,run-1782711921_i9,0.3,4,0.32940658576453447,0.6707124517073405
chaoSingleDep,run-1782711921_i9,0.4,0,0.39894732304622843,0.6549343229414851
chaoSingleDep,run-1782711921_i9,0.4,1,0.42035616161030803,0.6673941247112273
chaoSingleDep,run-1782711921_i9,0.4,2,0.3809299540971273,0.6634371757438285
chaoSingleDep,run-1782711921_i9,0.4,3,0.4075725922117186,0.6467597529227548
chaoSingleDep,run-1782711921_i9,0.4,4,0.4685706339802473,0.6369798105646981
chaoSingleDep,run-1782711921_i9,0.5,0,0.47744540247703776,0.6355369077462721
chaoSingleDep,run-1782711921_i9,0.5,1,0.5550829243761994,0.6282348397064503
chaoSingleDep,run-1782711921_i9,0.5,2,0.5262312818864368,0.642288602675952
chaoSingleDep,run-1782711921_i9,0.5,3,0.5168471079439557,0.627844609240204
chaoSingleDep,run-1782711921_i9,0.5,4,0.4894470580085973,0.620311627548761
chaoSingleDep,run-1782711921_i9,0.6,0,0.5805952189873884,0.617289933694997
chaoSingleDep,run-1782711921_i9,0.6,1,0.6530757627158534,0.5961237886839638
chaoSingleDep,run-1782711921_i9,0.6,2,0.6343117400128927,0.6097743927067105
chaoSingleDep,run-1782711921_i9,0.6,3,0.5856568016464253,0.6222555321745313
chaoSingleDep,run-1782711921_i9,0.6,4,0.6016381735004191,0.6126989383555069
chaoSingleDep,run-1782711921_i9,0.7,0,0.6877721751355207,0.5885849863941
chaoSingleDep,run-1782711921_i9,0.7,1,0.7115988343489705,0.5845998387065804
chaoSingleDep,run-1782711921_i9,0.7,2,0.7154818158901914,0.5812960965934256
chaoSingleDep,run-1782711921_i9,0.7,3,0.69201203907997,0.5976396965805182
chaoSingleDep,run-1782711921_i9,0.7,4,0.6996279381066712,0.5752800917891164
chaoSingleDep,run-1782711921_i9,0.8,0,0.7880265567362842,0.5649315977834218
chaoSingleDep,run-1782711921_i9,0.8,1,0.7998269705509573,0.5488025108643168
chaoSingleDep,run-1782711921_i9,0.8,2,0.7844567447182653,0.5572123331975756
chaoSingleDep,run-1782711921_i9,0.8,3,0.7825690991702889,0.5639698987810449
chaoSingleDep,run-1782711921_i9,0.8,4,0.7815629784068108,0.5667589144703479
chaoSingleDep,run-1782711921_i9,0.9,0,0.9066229813543704,0.5119726722735843
chaoSingleDep,run-1782711921_i9,0.9,1,0.9020660837647279,0.5307106256742179
chaoSingleDep,run-1782711921_i9,0.9,2,0.9098601495525608,0.5265162620577619
chaoSingleDep,run-1782711921_i9,0.9,3,0.8929657691019355,0.536142552414628
chaoSingleDep,run-1782711921_i9,0.9,4,0.8965667136482705,0.5381124005862707
chaoSingleDep,run-1782711921_i9,0.95,0,0.9498566224327949,0.49640924505158857
chaoSingleDep,run-1782711921_i9,0.95,1,0.9496405828851009,0.5063315186025932
chaoSingleDep,run-1782711921_i9,0.95,2,0.950109963930848,0.49285947916766876
chaoSingleDep,run-1782711921_i9,0.95,3,0.9487585970405923,0.5022786521193395
chaoSingleDep,run-1782711921_i9,0.95,4,0.950195391764189,0.5033658878549547
concentricCircles1,run-1782645943_i9,0.0,0,0.033357598885896865,0.7100828127270086
concentricCircles1,run-1782645943_i9,0.0,1,-0.05716102816463292,0.7374562427071178
concentricCircles1,run-1782645943_i9,0.0,2,0.06241225645991198,0.715740471341286
concentricCircles1,run-1782645943_i9,0.0,3,-0.07292540801644826,0.7190226876090751
concentricCircles1,run-1782645943_i9,0.0,4,0.046152343184441676,0.7053479853479854
concentricCircles1,run-1782645943_i9,0.1,0,0.07208050570417321,0.6986331249091173
concentricCircles1,run-1782645943_i9,0.1,1,0.05535357891432303,0.7187953555878084
concentricCircles1,run-1782645943_i9,0.1,2,0.15683098110381263,0.6821978021978022
concentricCircles1,run-1782645943_i9,0.1,3,0.053421355060934546,0.731691368788143
concentricCircles1,run-1782645943_i9,0.1,4,0.05745335723470277,0.6948550724637681
concentricCircles1,run-1782645943_i9,0.2,0,0.051859890028122434,0.7095668659763745
concentricCircles1,run-1782645943_i9,0.2,1,0.289608983722732,0.6643468174568653
concentricCircles1,run-1782645943_i9,0.2,2,0.19953598025462577,0.6784769185533667
concentricCircles1,run-1782645943_i9,0.2,3,0.3149097082384112,0.6624927198602213
concentricCircles1,run-1782645943_i9,0.2,4,0.29967294670818534,0.6499201393930594
concentricCircles1,run-1782645943_i9,0.3,0,0.2716735257773492,0.6531851851851852
concentricCircles1,run-1782645943_i9,0.3,1,0.2687395401106726,0.6919132727805449
concentricCircles1,run-1782645943_i9,0.3,2,0.18438477845222523,0.6675381263616558
concentricCircles1,run-1782645943_i9,0.3,3,0.3441747001433302,0.6583828430662223
concentricCircles1,run-1782645943_i9,0.3,4,0.39609875996732163,0.6450482033304119
concentricCircles1,run-1782645943_i9,0.4,0,0.31750145499378657,0.6235149232106636
concentricCircles1,run-1782645943_i9,0.4,1,0.4347254120917945,0.6318809005083514
concentricCircles1,run-1782645943_i9,0.4,2,0.32242113934374245,0.6652104266783165
concentricCircles1,run-1782645943_i9,0.4,3,0.2653314109522973,0.6727930535455862
concentricCircles1,run-1782645943_i9,0.4,4,0.4228539998560313,0.6432584269662921
concentricCircles1,run-1782645943_i9,0.5,0,0.4968845543568899,0.6118296759191978
concentricCircles1,run-1782645943_i9,0.5,1,0.5192691181491894,0.6406683204436013
concentricCircles1,run-1782645943_i9,0.5,2,0.45443979937821216,0.612169770463404
concentricCircles1,run-1782645943_i9,0.5,3,0.3702133773115028,0.6432306798373039
concentricCircles1,run-1782645943_i9,0.5,4,0.5079538441442907,0.6141760787720822
concentricCircles1,run-1782645943_i9,0.6,0,0.6434626280763016,0.5956224549156486
concentricCircles1,run-1782645943_i9,0.6,1,0.5789648532506475,0.5941586748038361
concentricCircles1,run-1782645943_i9,0.6,2,0.5661308940768494,0.6097365740066948
concentricCircles1,run-1782645943_i9,0.6,3,0.5879878395475594,0.601544289044289
concentricCircles1,run-1782645943_i9,0.6,4,0.5698919571125042,0.6037437005039596
concentricCircles1,run-1782645943_i9,0.7,0,0.6858325182931323,0.5996490715016816
concentricCircles1,run-1782645943_i9,0.7,1,0.7235180134115267,0.5563194850789935
concentricCircles1,run-1782645943_i9,0.7,2,0.5577210858293522,0.601703552708212
concentricCircles1,run-1782645943_i9,0.7,3,0.7197498203985532,0.5670503597122302
concentricCircles1,run-1782645943_i9,0.7,4,0.7417671903589356,0.5408699459932856
concentricCircles1,run-1782645943_i9,0.8,0,0.8256834584122782,0.5338625109233907
concentricCircles1,run-1782645943_i9,0.8,1,0.8003720389306208,0.5380031972097079
concentricCircles1,run-1782645943_i9,0.8,2,0.7824437109625567,0.5388832042099109
concentricCircles1,run-1782645943_i9,0.8,3,0.8098335188326374,0.533167009098914
concentricCircles1,run-1782645943_i9,0.8,4,0.8489022295508745,0.513666763594068
concentricCircles1,run-1782645943_i9,0.9,0,0.9035891555858918,0.49298040362679146
concentricCircles1,run-1782645943_i9,0.9,1,0.8995428934574861,0.5218251061959865
concentricCircles1,run-1782645943_i9,0.9,2,0.9214212288601525,0.5082065055207401
concentricCircles1,run-1782645943_i9,0.9,3,0.9032861315498439,0.5319444444444444
concentricCircles1,run-1782645943_i9,0.9,4,0.9031114471055339,0.5038067349926794
concentricCircles1,run-1782645943_i9,0.95,0,0.9580443573580492,0.48323193352129395
concentricCircles1,run-1782645943_i9,0.95,1,0.9509357699712286,0.4607158446093409
concentricCircles1,run-1782645943_i9,0.95,2,0.9261163189245669,0.487005316007088
concentricCircles1,run-1782645943_i9,0.95,3,0.9579267127322892,0.4947720011617775
concentricCircles1,run-1782645943_i9,0.95,4,0.9548109126439838,0.4676290463692038
concentricCircles3,run-1782712527_i9,0.0,0,0.035505976849340135,0.7207241448289657
concentricCircles3,run-1782712527_i9,0.0,1,-0.013274812446074756,0.7298902834444059
concentricCircles3,run-1782712527_i9,0.0,2,0.04429494790044804,0.7272349737249828
concentricCircles3,run-1782712527_i9,0.0,3,0.05815181875553865,0.723103242490551
concentricCircles3,run-1782712527_i9,0.0,4,-0.04476522036704347,0.7462767440933902
concentricCircles3,run-1782712527_i9,0.1,0,0.09813698149794207,0.7093482685152797
concentricCircles3,run-1782712527_i9,0.1,1,0.02945923814225859,0.7249781329516539
concentricCircles3,run-1782712527_i9,0.1,2,0.13447792582863433,0.703835552143701
concentricCircles3,run-1782712527_i9,0.1,3,0.07200006394771444,0.7224506791946095
concentricCircles3,run-1782712527_i9,0.1,4,0.05688935944669274,0.712217151322549
concentricCircles3,run-1782712527_i9,0.2,0,0.18505060139775306,0.6972117351108489
concentricCircles3,run-1782712527_i9,0.2,1,0.17833665690282446,0.6974033573637887
concentricCircles3,run-1782712527_i9,0.2,2,0.20644006003788828,0.6966146557822697
concentricCircles3,run-1782712527_i9,0.2,3,0.17882926337953914,0.6980863321964746
concentricCircles3,run-1782712527_i9,0.2,4,0.22482911246164758,0.6823275296251656
concentricCircles3,run-1782712527_i9,0.3,0,0.31169329622045333,0.6717751573579794
concentricCircles3,run-1782712527_i9,0.3,1,0.28354368535948676,0.6721252051433215
concentricCircles3,run-1782712527_i9,0.3,2,0.35268913500565857,0.6710567744763954
concentricCircles3,run-1782712527_i9,0.3,3,0.3524886587057816,0.6625757194596515
concentricCircles3,run-1782712527_i9,0.3,4,0.2767510503159319,0.6792277761149357
concentricCircles3,run-1782712527_i9,0.4,0,0.39941829133740603,0.6459839757643401
concentricCircles3,run-1782712527_i9,0.4,1,0.4554886763744851,0.6469486380701334
concentricCircles3,run-1782712527_i9,0.4,2,0.4210312556384826,0.6470986844720004
concentricCircles3,run-1782712527_i9,0.4,3,0.4009057463449329,0.6610963496054111
concentricCircles3,run-1782712527_i9,0.4,4,0.40869347825892327,0.6524060240006357
concentricCircles3,run-1782712527_i9,0.5,0,0.5413455946213153,0.6402284137447014
concentricCircles3,run-1782712527_i9,0.5,1,0.4945263737861959,0.6452499429536784
concentricCircles3,run-1782712527_i9,0.5,2,0.5603098016125636,0.6314503366432936
concentricCircles3,run-1782712527_i9,0.5,3,0.4259402843074732,0.64194506251219
concentricCircles3,run-1782712527_i9,0.5,4,0.4253338058355027,0.6561004569495916
concentricCircles3,run-1782712527_i9,0.6,0,0.6250884142112387,0.6120481735587598
concentricCircles3,run-1782712527_i9,0.6,1,0.610378480194247,0.60608824489991
concentricCircles3,run-1782712527_i9,0.6,2,0.6126641649748573,0.6118974424237121
concentricCircles3,run-1782712527_i9,0.6,3,0.5746800070249244,0.6112809915710093
concentricCircles3,run-1782712527_i9,0.6,4,0.5800126534232858,0.610400012815789
concentricCircles3,run-1782712527_i9,0.7,0,0.6591887060130067,0.6043426846845412
concentricCircles3,run-1782712527_i9,0.7,1,0.6725130208239861,0.5960557843578939
concentricCircles3,run-1782712527_i9,0.7,2,0.6927803651543718,0.5940341521438892
concentricCircles3,run-1782712527_i9,0.7,3,0.727022740332599,0.5748814090829499
concentricCircles3,run-1782712527_i9,0.7,4,0.6911448666194273,0.5977511274294608
concentricCircles3,run-1782712527_i9,0.8,0,0.7803374330180705,0.5740465041821747
concentricCircles3,run-1782712527_i9,0.8,1,0.8205218634741842,0.5549286770288089
concentricCircles3,run-1782712527_i9,0.8,2,0.8228217201692957,0.5620668906183377
concentricCircles3,run-1782712527_i9,0.8,3,0.7914739254159824,0.5855727218777009
concentricCircles3,run-1782712527_i9,0.8,4,0.8014404070688036,0.5719707669110714
concentricCircles3,run-1782712527_i9,0.9,0,0.9070771624095691,0.5452460325381775
concentricCircles3,run-1782712527_i9,0.9,1,0.8956718340914821,0.537179834234349
concentricCircles3,run-1782712527_i9,0.9,2,0.8976413825316719,0.5306792419694745
concentricCircles3,run-1782712527_i9,0.9,3,0.891495920546354,0.5381121249551739
concentricCircles3,run-1782712527_i9,0.9,4,0.8845201101966764,0.5499783998271986
concentricCircles3,run-1782712527_i9,0.95,0,0.9514883829216312,0.5146736018324107
concentricCircles3,run-1782712527_i9,0.95,1,0.9504730712058618,0.5275449959990286
concentricCircles3,run-1782712527_i9,0.95,2,0.9503344314721786,0.5160435156710591
concentricCircles3,run-1782712527_i9,0.95,3,0.9433600283803665,0.5325216685047238
concentricCircles3,run-1782712527_i9,0.95,4,0.9549351382208946,0.5156715435872283
concentricCircles3,run-1782712752_i9,0.0,0,-0.05210668313754693,0.7539145193415728
concentricCircles3,run-1782712752_i9,0.0,1,-0.02963245297452392,0.7388629286352423
concentricCircles3,run-1782712752_i9,0.0,2,-0.03926863288008411,0.7355897628849247
concentricCircles3,run-1782712752_i9,0.0,3,0.06803243695159655,0.7227705853602966
concentricCircles3,run-1782712752_i9,0.0,4,-0.007543807501444901,0.7421491658488715
concentricCircles3,run-1782712752_i9,0.1,0,0.1352987430218632,0.7035598170496501
concentricCircles3,run-1782712752_i9,0.1,1,0.04150682795238005,0.7324392208202937
concentricCircles3,run-1782712752_i9,0.1,2,0.10337211328989813,0.7240627916718724
concentricCircles3,run-1782712752_i9,0.1,3,0.14698285959352653,0.7116210754160639
concentricCircles3,run-1782712752_i9,0.1,4,-0.0010448788365425776,0.733340554354092
concentricCircles3,run-1782712752_i9,0.2,0,0.22713116690576257,0.6994496396406319
concentricCircles3,run-1782712752_i9,0.2,1,0.19545355358066746,0.7018289446524931
concentricCircles3,run-1782712752_i9,0.2,2,0.1942693448350191,0.7039199102759749
concentricCircles3,run-1782712752_i9,0.2,3,0.14016217211691584,0.7165395450098927
concentricCircles3,run-1782712752_i9,0.2,4,0.1972139579704567,0.7087524836838954
concentricCircles3,run-1782712752_i9,0.3,0,0.25151382755178087,0.6989221954050518
concentricCircles3,run-1782712752_i9,0.3,1,0.3030647187609221,0.6823206143860912
concentricCircles3,run-1782712752_i9,0.3,2,0.29521138880140985,0.6772530168339519
concentricCircles3,run-1782712752_i9,0.3,3,0.3209180434766877,0.6812533616262535
concentricCircles3,run-1782712752_i9,0.3,4,0.2773459158690043,0.6967530149523974
concentricCircles3,run-1782712752_i9,0.4,0,0.37609985595867645,0.6639608184364824
concentricCircles3,run-1782712752_i9,0.4,1,0.3673107901488796,0.6631892231728256
concentricCircles3,run-1782712752_i9,0.4,2,0.371224205199483,0.6688204995661565
concentricCircles3,run-1782712752_i9,0.4,3,0.34989173112661903,0.6778981561802108
concentricCircles3,run-1782712752_i9,0.4,4,0.36454932570155274,0.6635372045349341
concentricCircles3,run-1782712752_i9,0.5,0,0.5003549446162578,0.640774449776601
concentricCircles3,run-1782712752_i9,0.5,1,0.5003274605614411,0.6517190302566968
concentricCircles3,run-1782712752_i9,0.5,2,0.4512866670727296,0.6563818294063175
concentricCircles3,run-1782712752_i9,0.5,3,0.45433664799288165,0.6507114659439076
concentricCircles3,run-1782712752_i9,0.5,4,0.5060532073849322,0.636091985324153
concentricCircles3,run-1782712752_i9,0.6,0,0.621990910083153,0.6173938509824725
concentricCircles3,run-1782712752_i9,0.6,1,0.580015472385872,0.6276103960904595
concentricCircles3,run-1782712752_i9,0.6,2,0.6114126337737349,0.6354518178350304
concentricCircles3,run-1782712752_i9,0.6,3,0.5935918903693448,0.6450135809719572
concentricCircles3,run-1782712752_i9,0.6,4,0.5655350625619805,0.638310089635916
concentricCircles3,run-1782712752_i9,0.7,0,0.6949771165558434,0.6156142356656288
concentricCircles3,run-1782712752_i9,0.7,1,0.7026063288112726,0.6103546740460625
concentricCircles3,run-1782712752_i9,0.7,2,0.6924279006964628,0.6037731333171317
concentricCircles3,run-1782712752_i9,0.7,3,0.686203886027229,0.6033506709434406
concentricCircles3,run-1782712752_i9,0.7,4,0.6760090350512299,0.6161046761677553
concentricCircles3,run-1782712752_i9,0.8,0,0.8120573391982321,0.5907723611575317
concentricCircles3,run-1782712752_i9,0.8,1,0.7909325158997613,0.5870231845858213
concentricCircles3,run-1782712752_i9,0.8,2,0.786455641001664,0.5736055817167897
concentricCircles3,run-1782712752_i9,0.8,3,0.7992013236820622,0.5808992065824272
concentricCircles3,run-1782712752_i9,0.8,4,0.7963408079350938,0.5857875412193216
concentricCircles3,run-1782712752_i9,0.9,0,0.8980966208318635,0.5483356225256524
concentricCircles3,run-1782712752_i9,0.9,1,0.8987785221192227,0.5491979022624967
concentricCircles3,run-1782712752_i9,0.9,2,0.9044476262300611,0.5585662376597754
concentricCircles3,run-1782712752_i9,0.9,3,0.9098963437698593,0.543805381258174
concentricCircles3,run-1782712752_i9,0.9,4,0.9090831183509864,0.5458779572931272
concentricCircles3,run-1782712752_i9,0.95,0,0.9518688435671064,0.5289847338358261
concentricCircles3,run-1782712752_i9,0.95,1,0.9505117981624659,0.5432084920506522
concentricCircles3,run-1782712752_i9,0.95,2,0.9482457077293485,0.5378766108888349
concentricCircles3,run-1782712752_i9,0.95,3,0.9477564151682091,0.543812391063223
concentricCircles3,run-1782712752_i9,0.95,4,0.9501751882660865,0.5287470043752611
concentricCircles3,run-1782712934_i9,0.0,0,-0.010514356583110744,0.7242014184911753
concentricCircles3,run-1782712934_i9,0.0,1,0.025628376173818652,0.7156833172823579
concentricCircles3,run-1782712934_i9,0.0,2,0.022388903957150756,0.718183695876681
concentricCircles3,run-1782712934_i9,0.0,3,0.025365433402594707,0.7189448989063905
concentricCircles3,run-1782712934_i9,0.0,4,0.014583239411401758,0.7278046160155924
concentricCircles3,run-1782712934_i9,0.1,0,0.06399520312716041,0.7098653439335827
concentricCircles3,run-1782712934_i9,0.1,1,0.08603655907539311,0.7060389020178149
concentricCircles3,run-1782712934_i9,0.1,2,0.02547681518310167,0.7176505082095387
concentricCircles3,run-1782712934_i9,0.1,3,0.10664827797327225,0.7073429941195214
concentricCircles3,run-1782712934_i9,0.1,4,0.0593304702413299,0.7002611430729893
concentricCircles3,run-1782712934_i9,0.2,0,0.2445391381807518,0.6841126104726434
concentricCircles3,run-1782712934_i9,0.2,1,0.2506325147935734,0.6642374094706509
concentricCircles3,run-1782712934_i9,0.2,2,0.18090239522350524,0.69109400989272
concentricCircles3,run-1782712934_i9,0.2,3,0.21196378951801229,0.676308839352672
concentricCircles3,run-1782712934_i9,0.2,4,0.19255520115187522,0.6893910559645632
concentricCircles3,run-1782712934_i9,0.3,0,0.21198891052188779,0.6871865206597813
concentricCircles3,run-1782712934_i9,0.3,1,0.3407839662837252,0.6607772438809855
concentricCircles3,run-1782712934_i9,0.3,2,0.3019097238440801,0.666589326305028
concentricCircles3,run-1782712934_i9,0.3,3,0.33062226828625213,0.6678675056238386
concentricCircles3,run-1782712934_i9,0.3,4,0.2726583662597581,0.6751557931850003
concentricCircles3,run-1782712934_i9,0.4,0,0.4626410614468573,0.6324154315193585
concentricCircles3,run-1782712934_i9,0.4,1,0.3624280792629377,0.6665989051677823
concentricCircles3,run-1782712934_i9,0.4,2,0.4108383123576809,0.6428138551702866
concentricCircles3,run-1782712934_i9,0.4,3,0.4498782382549782,0.6356791506887193
concentricCircles3,run-1782712934_i9,0.4,4,0.36173299764109235,0.651923042018332
concentricCircles3,run-1782712934_i9,0.5,0,0.5028652735239924,0.6182530223054656
concentricCircles3,run-1782712934_i9,0.5,1,0.507768087305005,0.6283812966612587
concentricCircles3,run-1782712934_i9,0.5,2,0.5051613476742026,0.6213464964910367
concentricCircles3,run-1782712934_i9,0.5,3,0.49722642152742325,0.6266628906703846
concentricCircles3,run-1782712934_i9,0.5,4,0.5195054264911153,0.6197970241803457
concentricCircles3,run-1782712934_i9,0.6,0,0.6269988067059387,0.5910477814461416
concentricCircles3,run-1782712934_i9,0.6,1,0.6118775171398971,0.5913792727985424
concentricCircles3,run-1782712934_i9,0.6,2,0.59876942050564,0.6012319897503086
concentricCircles3,run-1782712934_i9,0.6,3,0.5777781513113842,0.6043481410384107
concentricCircles3,run-1782712934_i9,0.6,4,0.5882468294158149,0.6130861287398005
concentricCircles3,run-1782712934_i9,0.7,0,0.6964061969551584,0.5648946090793308
concentricCircles3,run-1782712934_i9,0.7,1,0.6851435511683548,0.588313001500424
concentricCircles3,run-1782712934_i9,0.7,2,0.7100568352931721,0.571820364007632
concentricCircles3,run-1782712934_i9,0.7,3,0.693365259847056,0.5791929011842234
concentricCircles3,run-1782712934_i9,0.7,4,0.7032680603467085,0.5682788128445614
concentricCircles3,run-1782712934_i9,0.8,0,0.8092346737615235,0.5438341326996363
concentricCircles3,run-1782712934_i9,0.8,1,0.7891932664335762,0.5436886169407281
concentricCircles3,run-1782712934_i9,0.8,2,0.7905998986906958,0.5473321453665674
concentricCircles3,run-1782712934_i9,0.8,3,0.8067960505108115,0.5449831681485686
concentricCircles3,run-1782712934_i9,0.8,4,0.8080634591412952,0.5499818958650156
concentricCircles3,run-1782712934_i9,0.9,0,0.9004690636565653,0.5164757588044485
concentricCircles3,run-1782712934_i9,0.9,1,0.908662484213424,0.5101243429216427
concentricCircles3,run-1782712934_i9,0.9,2,0.896371993478367,0.5175593770843604
concentricCircles3,run-1782712934_i9,0.9,3,0.8989488614283433,0.512667617069623
concentricCircles3,run-1782712934_i9,0.9,4,0.9079909544324614,0.509738858607947
concentricCircles3,run-1782712934_i9,0.95,0,0.9504957937617216,0.47964226536327
concentricCircles3,run-1782712934_i9,0.95,1,0.9464178414592522,0.489919208884127
concentricCircles3,run-1782712934_i9,0.95,2,0.9569259069944009,0.47254460325104924
concentricCircles3,run-1782712934_i9,0.95,3,0.9481316697631907,0.4855436422784233
concentricCircles3,run-1782712934_i9,0.95,4,0.9480264206747474,0.48087825102292586
concentricCircles4,run-1787236199_i9,0.0,0,-0.0044299269628895336,0.7296155729676788
concentricCircles4,run-1787236199_i9,0.0,1,-0.06965428282073677,0.735398773006135
concentricCircles4,run-1787236199_i9,0.0,2,-0.16657485426555677,0.7604008040445879
concentricCircles4,run-1787236199_i9,0.0,3,0.052007068245439984,0.7064876820052836
concentricCircles4,run-1787236199_i9,0.0,4,-0.10774362166286591,0.7348834348280741
concentricCircles4,run-1787236199_i9,0.1,0,0.1789281003960382,0.6995020041297219
concentricCircles4,run-1787236199_i9,0.1,1,0.13394210392039682,0.7032391923696272
concentricCircles4,run-1787236199_i9,0.1,2,-0.0054203418588385215,0.7384381646915831
concentricCircles4,run-1787236199_i9,0.1,3,0.1468037826235761,0.710047057385565
concentricCircles4,run-1787236199_i9,0.1,4,-0.029380349302083157,0.7433245350193358
concentricCircles4,run-1787236199_i9,0.2,0,0.22240937156982238,0.6861653307226335
concentricCircles4,run-1787236199_i9,0.2,1,0.23345479981099432,0.6835137283678836
concentricCircles4,run-1787236199_i9,0.2,2,0.3018316335473419,0.6697726994989612
concentricCircles4,run-1787236199_i9,0.2,3,0.1985767171794693,0.6913179339501256
concentricCircles4,run-1787236199_i9,0.2,4,0.17230476200680864,0.6873851243720133
concentricCircles4,run-1787236199_i9,0.3,0,0.2862730090394667,0.6768460269956635
concentricCircles4,run-1787236199_i9,0.3,1,0.3009832662873104,0.646112356826859
concentricCircles4,run-1787236199_i9,0.3,2,0.1914390683843315,0.6932453177770955
concentricCircles4,run-1787236199_i9,0.3,3,0.24609214121331074,0.6950860854114331
concentricCircles4,run-1787236199_i9,0.3,4,0.27022652437512995,0.6897450042907932
concentricCircles4,run-1787236199_i9,0.4,0,0.4625462881021501,0.6313082120898521
concentricCircles4,run-1787236199_i9,0.4,1,0.40453305395457034,0.6637809727745488
concentricCircles4,run-1787236199_i9,0.4,2,0.25049463828788515,0.6585380723038469
concentricCircles4,run-1787236199_i9,0.4,3,0.3675683405333605,0.6501909337275191
concentricCircles4,run-1787236199_i9,0.4,4,0.5329774245455254,0.6266893948618044
concentricCircles4,run-1787236199_i9,0.5,0,0.39933704939659465,0.661875531785584
concentricCircles4,run-1787236199_i9,0.5,1,0.4106783285760223,0.6670866625691456
concentricCircles4,run-1787236199_i9,0.5,2,0.5024587348783653,0.642647777234978
concentricCircles4,run-1787236199_i9,0.5,3,0.4526284241985027,0.6405708026531979
concentricCircles4,run-1787236199_i9,0.5,4,0.47687252691358223,0.6416291823279315
concentricCircles4,run-1787236199_i9,0.6,0,0.5545931561766968,0.6166382356524918
concentricCircles4,run-1787236199_i9,0.6,1,0.6469907349661296,0.6046149144254279
concentricCircles4,run-1787236199_i9,0.6,2,0.5593120766057633,0.6182838813151563
concentricCircles4,run-1787236199_i9,0.6,3,0.6350332629384804,0.584019668100799
concentricCircles4,run-1787236199_i9,0.6,4,0.530578288956822,0.6261850877729525
concentricCircles4,run-1787236199_i9,0.7,0,0.746107656753895,0.5747536945812808
concentricCircles4,run-1787236199_i9,0.7,1,0.6794226593432683,0.6084499297366652
concentricCircles4,run-1787236199_i9,0.7,2,0.719160730400909,0.5892759271664332
concentricCircles4,run-1787236199_i9,0.7,3,0.7207928087556578,0.5900293076077665
concentricCircles4,run-1787236199_i9,0.7,4,0.6432886796824587,0.6089696748264524
concentricCircles4,run-1787236199_i9,0.8,0,0.7993206604463311,0.5592910652293075
concentricCircles4,run-1787236199_i9,0.8,1,0.8051828194348164,0.5701230656756427
concentricCircles4,run-1787236199_i9,0.8,2,0.7919870838775139,0.5353793691389599
concentricCircles4,run-1787236199_i9,0.8,3,0.8163418857847223,0.568793071903397
concentricCircles4,run-1787236199_i9,0.8,4,0.8201409253163644,0.5483071083083328
concentricCircles4,run-1787236199_i9,0.9,0,0.9053479548117662,0.5148994515539306
concentricCircles4,run-1787236199_i9,0.9,1,0.9199514314229547,0.5151978472264693
concentricCircles4,run-1787236199_i9,0.9,2,0.8877242515693109,0.5330940503710914
concentricCircles4,run-1787236199_i9,0.9,3,0.8935766141691122,0.5228548761137557
concentricCircles4,run-1787236199_i9,0.9,4,0.9112865256319865,0.5074257425742574
concentricCircles4,run-1787236199_i9,0.95,0,0.94730196898972,0.48057926829268294
concentricCircles4,run-1787236199_i9,0.95,1,0.9471315118266188,0.5071225949679329
concentricCircles4,run-1787236199_i9,0.95,2,0.935167182326891,0.49768772057928684
concentricCircles4,run-1787236199_i9,0.95,3,0.9352151846314424,0.5152487470969319
concentricCircles4,run-1787236199_i9,0.95,4,0.9565370246020948,0.4899469932370682
concentricCircles4,run-1787236313_i9,0.0,0,-2.5359808274141593e-05,0.7383119418281197
concentricCircles4,run-1787236313_i9,0.0,1,-0.038261237795254165,0.7474713173405778
concentricCircles4,run-1787236313_i9,0.0,2,0.045864207766070336,0.7301782197476233
concentricCircles4,run-1787236313_i9,0.0,3,-0.08313964517106007,0.7541236862592449
concentricCircles4,run-1787236313_i9,0.0,4,-0.06424335587439749,0.7515672838606211
concentricCircles4,run-1787236313_i9,0.1,0,0.20781418103488042,0.6927257627201446
concentricCircles4,run-1787236313_i9,0.1,1,0.17043282913651042,0.7086230369037779
concentricCircles4,run-1787236313_i9,0.1,2,0.10511864292645876,0.726596494639862
concentricCircles4,run-1787236313_i9,0.1,3,0.10867970698440514,0.7260375614265557
concentricCircles4,run-1787236313_i9,0.1,4,0.028884572998675962,0.7400233599377068
concentricCircles4,run-1787236313_i9,0.2,0,0.2406591107590348,0.6847349444552718
concentricCircles4,run-1787236313_i9,0.2,1,0.1866394870026861,0.7025512317551598
concentricCircles4,run-1787236313_i9,0.2,2,0.19127063551957274,0.707676181654194
concentricCircles4,run-1787236313_i9,0.2,3,0.10383747535747198,0.7146350364963504
concentricCircles4,run-1787236313_i9,0.2,4,0.19242923068190115,0.7007283267970672
concentricCircles4,run-1787236313_i9,0.3,0,0.25282634896805384,0.6929262790189943
concentricCircles4,run-1787236313_i9,0.3,1,0.29528587816053503,0.6772039505692322
concentricCircles4,run-1787236313_i9,0.3,2,0.18988479658506227,0.7097397390099877
concentricCircles4,run-1787236313_i9,0.3,3,0.25785728740361513,0.7119841443544661
concentricCircles4,run-1787236313_i9,0.3,4,0.3282822208576204,0.6738279338357639
concentricCircles4,run-1787236313_i9,0.4,0,0.4472408548369062,0.6593993190661479
concentricCircles4,run-1787236313_i9,0.4,1,0.31098260497994346,0.6627592425608656
concentricCircles4,run-1787236313_i9,0.4,2,0.33668054403107356,0.6858076904379953
concentricCircles4,run-1787236313_i9,0.4,3,0.4180019903991062,0.6767141920283695
concentricCircles4,run-1787236313_i9,0.4,4,0.3799854001660261,0.6683193583667517
concentricCircles4,run-1787236313_i9,0.5,0,0.41724890354359273,0.6578819940440161
concentricCircles4,run-1787236313_i9,0.5,1,0.49776306268156517,0.6519251791570508
concentricCircles4,run-1787236313_i9,0.5,2,0.4706492010017954,0.6481625415948119
concentricCircles4,run-1787236313_i9,0.5,3,0.522083864693181,0.6427547325702899
concentricCircles4,run-1787236313_i9,0.5,4,0.52850959258382,0.6469200651735123
concentricCircles4,run-1787236313_i9,0.6,0,0.597333377358556,0.6251249421000025
concentricCircles4,run-1787236313_i9,0.6,1,0.5854381355245556,0.6213548622071142
concentricCircles4,run-1787236313_i9,0.6,2,0.5859565198407476,0.6362651277181192
concentricCircles4,run-1787236313_i9,0.6,3,0.6162430924360695,0.6282275924168309
concentricCircles4,run-1787236313_i9,0.6,4,0.5456192585250123,0.6557669874599008
concentricCircles4,run-1787236313_i9,0.7,0,0.6671387358888436,0.6150433873751245
concentricCircles4,run-1787236313_i9,0.7,1,0.7257626566003771,0.593327835851665
concentricCircles4,run-1787236313_i9,0.7,2,0.750923067166324,0.5939999513772397
concentricCircles4,run-1787236313_i9,0.7,3,0.6978631381152516,0.5975828220858895
concentricCircles4,run-1787236313_i9,0.7,4,0.6864790704558751,0.60190293338518
concentricCircles4,run-1787236313_i9,0.8,0,0.7713397018315785,0.5803050913330743
concentricCircles4,run-1787236313_i9,0.8,1,0.7834283743600619,0.5875714459443026
concentricCircles4,run-1787236313_i9,0.8,2,0.7799503512429348,0.587558388478007
concentricCircles4,run-1787236313_i9,0.8,3,0.7828866192401661,0.5926155566902521
concentricCircles4,run-1787236313_i9,0.8,4,0.8072280571742012,0.5813773035887488
concentricCircles4,run-1787236313_i9,0.9,0,0.9030279650621981,0.5353198735100949
concentricCircles4,run-1787236313_i9,0.9,1,0.9018169099043222,0.534261919836361
concentricCircles4,run-1787236313_i9,0.9,2,0.9142156185202355,0.5351122230858919
concentricCircles4,run-1787236313_i9,0.9,3,0.9032987183093603,0.5521534238589161
concentricCircles4,run-1787236313_i9,0.9,4,0.8968627967702971,0.5459523115773116
concentricCircles4,run-1787236313_i9,0.95,0,0.9572477324034555,0.5219868127605934
concentricCircles4,run-1787236313_i9,0.95,1,0.9532647507509873,0.5118524486109076
concentricCircles4,run-1787236313_i9,0.95,2,0.9487131624169215,0.5300530491069256
concentricCircles4,run-1787236313_i9,0.95,3,0.9546316941420778,0.5115951872695517
concentricCircles4,run-1787236313_i9,0.95,4,0.950008998894616,0.5174252338713586
concentricCircles4,run-1787236431_i9,0.0,0,0.07259108067197358,0.7256070356856921
concentricCircles4,run-1787236431_i9,0.0,1,0.032436052555447105,0.7345744973163747
concentricCircles4,run-1787236431_i9,0.0,2,-0.014475795622311907,0.7430179877639244
concentricCircles4,run-1787236431_i9,0.0,3,-0.022764219766155242,0.7356866147698249
concentricCircles4,run-1787236431_i9,0.0,4,0.03471142877913669,0.7304640362745457
concentricCircles4,run-1787236431_i9,0.1,0,0.13342155485006257,0.7228483387741405
concentricCircles4,run-1787236431_i9,0.1,1,0.020542324540449828,0.723472119729949
concentricCircles4,run-1787236431_i9,0.1,2,0.04242327563408428,0.7325138430168314
concentricCircles4,run-1787236431_i9,0.1,3,0.06298105093848491,0.7284094463080046
concentricCircles4,run-1787236431_i9,0.1,4,0.08840635075524789,0.7202194835967463
concentricCircles4,run-1787236431_i9,0.2,0,0.14607171081482193,0.7070000855233418
concentricCircles4,run-1787236431_i9,0.2,1,0.20612785676783996,0.7056182649959492
concentricCircles4,run-1787236431_i9,0.2,2,0.24287671372502556,0.6917386846345394
concentricCircles4,run-1787236431_i9,0.2,3,0.22964790780791364,0.6956877096675815
concentricCircles4,run-1787236431_i9,0.2,4,0.1837897577660108,0.715273708369958
concentricCircles4,run-1787236431_i9,0.3,0,0.32612731413144674,0.6856185353239657
concentricCircles4,run-1787236431_i9,0.3,1,0.27057654185770036,0.6862881733049708
concentricCircles4,run-1787236431_i9,0.3,2,0.33589028130485493,0.6796149386708976
concentricCircles4,run-1787236431_i9,0.3,3,0.3113205204358799,0.6919456610043185
concentricCircles4,run-1787236431_i9,0.3,4,0.23824748270221338,0.699680472218157
concentricCircles4,run-1787236431_i9,0.4,0,0.3829202084916689,0.6744712621169098
concentricCircles4,run-1787236431_i9,0.4,1,0.37341286981126787,0.6780112684635298
concentricCircles4,run-1787236431_i9,0.4,2,0.3674847068808682,0.6863277257956931
concentricCircles4,run-1787236431_i9,0.4,3,0.33476033427698143,0.6891715271627935
concentricCircles4,run-1787236431_i9,0.4,4,0.41537375307053187,0.6649298229520227
concentricCircles4,run-1787236431_i9,0.5,0,0.4384536771659501,0.6652077373073145
concentricCircles4,run-1787236431_i9,0.5,1,0.4847960767609451,0.6575229307274808
concentricCircles4,run-1787236431_i9,0.5,2,0.5279705358781659,0.6441253647889742
concentricCircles4,run-1787236431_i9,0.5,3,0.4625864828934384,0.6447300159298841
concentricCircles4,run-1787236431_i9,0.5,4,0.49265012089062693,0.6369690854050087
concentricCircles4,run-1787236431_i9,0.6,0,0.6246317085060633,0.6195805008069644
concentricCircles4,run-1787236431_i9,0.6,1,0.627685338453795,0.6323341348948486
concentricCircles4,run-1787236431_i9,0.6,2,0.6093801714790508,0.6154310376357851
concentricCircles4,run-1787236431_i9,0.6,3,0.5634090612787515,0.6346124478489008
concentricCircles4,run-1787236431_i9,0.6,4,0.6061236717444852,0.6317143188010069
concentricCircles4,run-1787236431_i9,0.7,0,0.719996430141723,0.587392847126535
concentricCircles4,run-1787236431_i9,0.7,1,0.7189984426872668,0.5912540690798698
concentricCircles4,run-1787236431_i9,0.7,2,0.6664428261285765,0.6125382113721924
concentricCircles4,run-1787236431_i9,0.7,3,0.686998560173512,0.6119296956335354
concentricCircles4,run-1787236431_i9,0.7,4,0.7256155149851232,0.5855318654718388
concentricCircles4,run-1787236431_i9,0.8,0,0.7933287706354338,0.5779199055995523
concentricCircles4,run-1787236431_i9,0.8,1,0.8228070696300228,0.5638469893339191
concentricCircles4,run-1787236431_i9,0.8,2,0.803828789495682,0.5725956194036232
concentricCircles4,run-1787236431_i9,0.8,3,0.7963284799292967,0.5783315229993776
concentricCircles4,run-1787236431_i9,0.8,4,0.8084567015508399,0.5785409848077768
concentricCircles4,run-1787236431_i9,0.9,0,0.8984566792724442,0.5469814416139637
concentricCircles4,run-1787236431_i9,0.9,1,0.9004114835481465,0.5520102709230412
concentricCircles4,run-1787236431_i9,0.9,2,0.8973560007649003,0.5466505644910432
concentricCircles4,run-1787236431_i9,0.9,3,0.9162655689652486,0.5481911940189464
concentricCircles4,run-1787236431_i9,0.9,4,0.9075273140432926,0.5500222619345316
concentricCircles4,run-1787236431_i9,0.95,0,0.9464491388070063,0.5328572476705227
concentricCircles4,run-1787236431_i9,0.95,1,0.953138220457991,0.5291903335428018
concentricCircles4,run-1787236431_i9,0.95,2,0.9506018142547097,0.5309370769249534
concentricCircles4,run-1787236431_i9,0.95,3,0.9517236904566984,0.5190537443000317
concentricCircles4,run-1787236431_i9,0.95,4,0.9483263752230368,0.52892072809817
concentricCircles5,run-1782716182_i9,0.0,0,-0.010207572624934574,0.7364924041736498
concentricCircles5,run-1782716182_i9,0.0,1,-0.011358876958722645,0.7373432319446447
concentricCircles5,run-1782716182_i9,0.0,2,-0.011271984991951638,0.732593485259996
concentricCircles5,run-1782716182_i9,0.0,3,-0.011256791701101698,0.735510478643424
concentricCircles5,run-1782716182_i9,0.0,4,-0.024522014109586734,0.7356769522768775
concentricCircles5,run-1782716182_i9,0.1,0,0.06434883611684088,0.7207948968871876
concentricCircles5,run-1782716182_i9,0.1,1,0.03227914222564125,0.7275398900207338
concentricCircles5,run-1782716182_i9,0.1,2,0.10271787040259991,0.7052863896079582
concentricCircles5,run-1782716182_i9,0.1,3,0.07452020375562086,0.725616109899223
concentricCircles5,run-1782716182_i9,0.1,4,0.11835082777595604,0.701670314190124
concentricCircles5,run-1782716182_i9,0.2,0,0.18235970689706563,0.6858506800688349
concentricCircles5,run-1782716182_i9,0.2,1,0.2639336662223987,0.6854937761720405
concentricCircles5,run-1782716182_i9,0.2,2,0.22916649458672989,0.6895550943640962
concentricCircles5,run-1782716182_i9,0.2,3,0.2180411220062946,0.6772852139770023
concentricCircles5,run-1782716182_i9,0.2,4,0.16403938641387913,0.705594413161967
concentricCircles5,run-1782716182_i9,0.3,0,0.2925912997917103,0.6708399007615224
concentricCircles5,run-1782716182_i9,0.3,1,0.3388834787705078,0.6543929649182193
concentricCircles5,run-1782716182_i9,0.3,2,0.3403603434611318,0.6651712666471614
concentricCircles5,run-1782716182_i9,0.3,3,0.28696936962532726,0.6807306123477591
concentricCircles5,run-1782716182_i9,0.3,4,0.3147153630658591,0.6753409653666665
concentricCircles5,run-1782716182_i9,0.4,0,0.4151817812371155,0.6487737142032749
concentricCircles5,run-1782716182_i9,0.4,1,0.378880969233124,0.6536224904217314
concentricCircles5,run-1782716182_i9,0.4,2,0.4570891309536514,0.6396894430063472
concentricCircles5,run-1782716182_i9,0.4,3,0.39440710411491436,0.6527952120102579
concentricCircles5,run-1782716182_i9,0.4,4,0.4175915680444514,0.6541062906489769
concentricCircles5,run-1782716182_i9,0.5,0,0.5188668013386228,0.6253115659764559
concentricCircles5,run-1782716182_i9,0.5,1,0.43277150074822296,0.6508766123984719
concentricCircles5,run-1782716182_i9,0.5,2,0.5021318182452467,0.6365994402193074
concentricCircles5,run-1782716182_i9,0.5,3,0.5465261588790834,0.6250238798115567
concentricCircles5,run-1782716182_i9,0.5,4,0.5437149163903006,0.6230899830220713
concentricCircles5,run-1782716182_i9,0.6,0,0.6271343199686464,0.6059562639125134
concentricCircles5,run-1782716182_i9,0.6,1,0.5988257764406895,0.6109015398101644
concentricCircles5,run-1782716182_i9,0.6,2,0.6091273397703483,0.6000863899787625
concentricCircles5,run-1782716182_i9,0.6,3,0.5794409155571361,0.614871924199301
concentricCircles5,run-1782716182_i9,0.6,4,0.5860113025533471,0.6045570706142296
concentricCircles5,run-1782716182_i9,0.7,0,0.7048947917425001,0.5719120562263471
concentricCircles5,run-1782716182_i9,0.7,1,0.7062278180775212,0.5783175836697135
concentricCircles5,run-1782716182_i9,0.7,2,0.7004541683915554,0.5780361086791257
concentricCircles5,run-1782716182_i9,0.7,3,0.6861319026466342,0.5831517216784879
concentricCircles5,run-1782716182_i9,0.7,4,0.6810437292898857,0.5829092542677449
concentricCircles5,run-1782716182_i9,0.8,0,0.8061452719223655,0.5472216535390649
concentricCircles5,run-1782716182_i9,0.8,1,0.8174643589611374,0.5449891098859233
concentricCircles5,run-1782716182_i9,0.8,2,0.8103475398536558,0.5509216150823467
concentricCircles5,run-1782716182_i9,0.8,3,0.8001920910280416,0.5515392336390095
concentricCircles5,run-1782716182_i9,0.8,4,0.8072746256496166,0.549541964407792
concentricCircles5,run-1782716182_i9,0.9,0,0.8951434584281918,0.5279734978459814
concentricCircles5,run-1782716182_i9,0.9,1,0.894016409301238,0.5219608547315496
concentricCircles5,run-1782716182_i9,0.9,2,0.8970010373975856,0.518964616908256
concentricCircles5,run-1782716182_i9,0.9,3,0.9051993968891099,0.5069824403421882
concentricCircles5,run-1782716182_i9,0.9,4,0.8901696899825062,0.5168271220600673
concentricCircles5,run-1782716182_i9,0.95,0,0.9529468882779719,0.49928360315214615
concentricCircles5,run-1782716182_i9,0.95,1,0.9508692199801703,0.48518521177572843
concentricCircles5,run-1782716182_i9,0.95,2,0.9512293351155405,0.49737226591807354
concentricCircles5,run-1782716182_i9,0.95,3,0.9501034240628078,0.48192790554031345
concentricCircles5,run-1782716182_i9,0.95,4,0.9511460280825655,0.4893193826498865
concentricCircles5,run-1782716623_i9,0.0,0,-0.01677036048680135,0.7335051025563302
concentricCircles5,run-1782716623_i9,0.0,1,0.008951846265769607,0.7437366598167496
concentricCircles5,run-1782716623_i9,0.0,2,0.06381585692872274,0.7204418271733473
concentricCircles5,run-1782716623_i9,0.0,3,-0.00245177690194493,0.7323972639823856
concentricCircles5,run-1782716623_i9,0.0,4,0.002819091767709731,0.7340710204672019
concentricCircles5,run-1782716623_i9,0.1,0,0.08747001947394992,0.7109190094094556
concentricCircles5,run-1782716623_i9,0.1,1,0.15100376218227518,0.6918876783220317
concentricCircles5,run-1782716623_i9,0.1,2,0.08821584774200456,0.7210664749386699
concentricCircles5,run-1782716623_i9,0.1,3,0.11017979122385106,0.7217527437405878
concentricCircles5,run-1782716623_i9,0.1,4,0.12251088550302536,0.7158524444766232
concentricCircles5,run-1782716623_i9,0.2,0,0.2087213779002822,0.6898911892569719
concentricCircles5,run-1782716623_i9,0.2,1,0.18063837339333544,0.6972836137418891
concentricCircles5,run-1782716623_i9,0.2,2,0.12373493859845978,0.7180761595379895
concentricCircles5,run-1782716623_i9,0.2,3,0.1511335132155853,0.7064338660270489
concentricCircles5,run-1782716623_i9,0.2,4,0.23830269210716368,0.6833472458614746
concentricCircles5,run-1782716623_i9,0.3,0,0.31217645511019587,0.673786152086783
concentricCircles5,run-1782716623_i9,0.3,1,0.27855262694363647,0.6808408430101313
concentricCircles5,run-1782716623_i9,0.3,2,0.2999584359386228,0.6652874485730605
concentricCircles5,run-1782716623_i9,0.3,3,0.28291723146152475,0.673044512020529
concentricCircles5,run-1782716623_i9,0.3,4,0.30420639500883984,0.6736431025131079
concentricCircles5,run-1782716623_i9,0.4,0,0.3932993132785838,0.6560325056433408
concentricCircles5,run-1782716623_i9,0.4,1,0.3767003004377164,0.6660682193686773
concentricCircles5,run-1782716623_i9,0.4,2,0.4181924268442769,0.6507926164851197
concentricCircles5,run-1782716623_i9,0.4,3,0.4329359812684797,0.6360881293335988
concentricCircles5,run-1782716623_i9,0.4,4,0.36743769119869774,0.6598337559876022
concentricCircles5,run-1782716623_i9,0.5,0,0.5152312444803645,0.6391441071422109
concentricCircles5,run-1782716623_i9,0.5,1,0.494480427993015,0.6184506177299328
concentricCircles5,run-1782716623_i9,0.5,2,0.5195487033028695,0.6244641502448303
concentricCircles5,run-1782716623_i9,0.5,3,0.5478955975232697,0.6297090230637926
concentricCircles5,run-1782716623_i9,0.5,4,0.5161915942656424,0.6419729661353861
concentricCircles5,run-1782716623_i9,0.6,0,0.585428732985848,0.6010427558858541
concentricCircles5,run-1782716623_i9,0.6,1,0.583441057276869,0.6179389991976445
concentricCircles5,run-1782716623_i9,0.6,2,0.5967221344502742,0.6250249064423457
concentricCircles5,run-1782716623_i9,0.6,3,0.6258513633074778,0.6198912249488309
concentricCircles5,run-1782716623_i9,0.6,4,0.6097932641565863,0.6100031387206286
concentricCircles5,run-1782716623_i9,0.7,0,0.6950956857239691,0.5869666542615268
concentricCircles5,run-1782716623_i9,0.7,1,0.6838996011192042,0.5821636401118276
concentricCircles5,run-1782716623_i9,0.7,2,0.7044741231038959,0.5893853840988353
concentricCircles5,run-1782716623_i9,0.7,3,0.695271607420033,0.5999569665387717
concentricCircles5,run-1782716623_i9,0.7,4,0.6934554084054242,0.5853350509868064
concentricCircles5,run-1782716623_i9,0.8,0,0.7821091461691171,0.5665232488467619
concentricCircles5,run-1782716623_i9,0.8,1,0.7947261257507708,0.5621582598437449
concentricCircles5,run-1782716623_i9,0.8,2,0.7977005774970325,0.5712440148161532
concentricCircles5,run-1782716623_i9,0.8,3,0.8024361245756163,0.5601442623898698
concentricCircles5,run-1782716623_i9,0.8,4,0.8184485119026387,0.5523132535351927
concentricCircles5,run-1782716623_i9,0.9,0,0.8934588188226001,0.5242557962889283
concentricCircles5,run-1782716623_i9,0.9,1,0.8917996287387844,0.5315840253235913
concentricCircles5,run-1782716623_i9,0.9,2,0.9042531613065471,0.5204261691685912
concentricCircles5,run-1782716623_i9,0.9,3,0.9031230984888613,0.518786498164922
concentricCircles5,run-1782716623_i9,0.9,4,0.9084349328676735,0.5271648791628122
concentricCircles5,run-1782716623_i9,0.95,0,0.9496324416942337,0.5053156914010025
concentricCircles5,run-1782716623_i9,0.95,1,0.9491494707521423,0.5029073232040507
concentricCircles5,run-1782716623_i9,0.95,2,0.9490257706566215,0.4955973909929204
concentricCircles5,run-1782716623_i9,0.95,3,0.9437993663426189,0.5191346550265086
concentricCircles5,run-1782716623_i9,0.95,4,0.9518019179724843,0.5023009788634789
concentricCircles5,run-1782717136_i9,0.0,0,0.00377158647234629,0.7214621832445897
concentricCircles5,run-1782717136_i9,0.0,1,0.08072030735696356,0.6949508672671778
concentricCircles5,run-1782717136_i9,0.0,2,-0.008544285644063124,0.7186701340626821
concentricCircles5,run-1782717136_i9,0.0,3,0.05163811387545588,0.7161363526268525
concentricCircles5,run-1782717136_i9,0.0,4,0.020278716590151926,0.7387793251705767
concentricCircles5,run-1782717136_i9,0.1,0,0.08525014217103963,0.7174028400597907
concentricCircles5,run-1782717136_i9,0.1,1,0.1434207960209921,0.7004077380619
concentricCircles5,run-1782717136_i9,0.1,2,0.08173086536439716,0.7051768570173021
concentricCircles5,run-1782717136_i9,0.1,3,0.10494858700996448,0.6989976459019325
concentricCircles5,run-1782717136_i9,0.1,4,0.13612390573590594,0.6970591962076265
concentricCircles5,run-1782717136_i9,0.2,0,0.22069737404326525,0.6777475093689409
concentricCircles5,run-1782717136_i9,0.2,1,0.19019078312818916,0.6741178791872352
concentricCircles5,run-1782717136_i9,0.2,2,0.18794139050924524,0.6871132293256879
concentricCircles5,run-1782717136_i9,0.2,3,0.1391021163160593,0.6828225298108591
concentricCircles5,run-1782717136_i9,0.2,4,0.18922052510182466,0.6834000179152608
concentricCircles5,run-1782717136_i9,0.3,0,0.23779066798542303,0.6793838889075385
concentricCircles5,run-1782717136_i9,0.3,1,0.3219009563764324,0.6539847570870592
concentricCircles5,run-1782717136_i9,0.3,2,0.2933876103211612,0.673979586116167
concentricCircles5,run-1782717136_i9,0.3,3,0.32294050998036433,0.6741337119160145
concentricCircles5,run-1782717136_i9,0.3,4,0.2948056958901351,0.6842476729644523
concentricCircles5,run-1782717136_i9,0.4,0,0.3988790626639125,0.647067699426617
concentricCircles5,run-1782717136_i9,0.4,1,0.405341977224687,0.6535080524903072
concentricCircles5,run-1782717136_i9,0.4,2,0.42418437730204805,0.6484287181402296
concentricCircles5,run-1782717136_i9,0.4,3,0.3462962980417298,0.6582665182303088
concentricCircles5,run-1782717136_i9,0.4,4,0.36207462519087846,0.6659711698530125
concentricCircles5,run-1782717136_i9,0.5,0,0.4922630993399511,0.6323918504046888
concentricCircles5,run-1782717136_i9,0.5,1,0.48768678761318374,0.631392825369173
concentricCircles5,run-1782717136_i9,0.5,2,0.5048864537151946,0.638879267643192
concentricCircles5,run-1782717136_i9,0.5,3,0.4405933661713127,0.6434920836066551
concentricCircles5,run-1782717136_i9,0.5,4,0.49748876849977836,0.6244223720260091
concentricCircles5,run-1782717136_i9,0.6,0,0.6028222892946941,0.601695167784735
concentricCircles5,run-1782717136_i9,0.6,1,0.5962959262518198,0.60416534902842
concentricCircles5,run-1782717136_i9,0.6,2,0.5881608323426223,0.6135954825078065
concentricCircles5,run-1782717136_i9,0.6,3,0.6000175725318516,0.611600713384922
concentricCircles5,run-1782717136_i9,0.6,4,0.598807058851978,0.6081291290059051
concentricCircles5,run-1782717136_i9,0.7,0,0.6772079433773587,0.5717032168645072
concentricCircles5,run-1782717136_i9,0.7,1,0.7096189632713418,0.5856396876558557
concentricCircles5,run-1782717136_i9,0.7,2,0.6932254167311328,0.5787144731740778
concentricCircles5,run-1782717136_i9,0.7,3,0.7147961465164453,0.5750842628628889
concentricCircles5,run-1782717136_i9,0.7,4,0.6857084057905197,0.5826710097719869
concentricCircles5,run-1782717136_i9,0.8,0,0.7909093624363979,0.5602031514520119
concentricCircles5,run-1782717136_i9,0.8,1,0.7963699049233933,0.5488635772611432
concentricCircles5,run-1782717136_i9,0.8,2,0.8005767701719223,0.5424363649895803
concentricCircles5,run-1782717136_i9,0.8,3,0.8020783492656633,0.558022447809216
concentricCircles5,run-1782717136_i9,0.8,4,0.8021336268066611,0.5498386665080592
concentricCircles5,run-1782717136_i9,0.9,0,0.8960079499339353,0.5113796976820305
concentricCircles5,run-1782717136_i9,0.9,1,0.9005972002334939,0.5192859799181851
concentricCircles5,run-1782717136_i9,0.9,2,0.9066852560045844,0.4980438897586844
concentricCircles5,run-1782717136_i9,0.9,3,0.9031492025317157,0.5234241971342956
concentricCircles5,run-1782717136_i9,0.9,4,0.90121577795631,0.5177866570253941
concentricCircles5,run-1782717136_i9,0.95,0,0.946352566351535,0.5052809565618536
concentricCircles5,run-1782717136_i9,0.95,1,0.9461809016256268,0.49567408057931966
concentricCircles5,run-1782717136_i9,0.95,2,0.9462050996053313,0.4988103527239013
concentricCircles5,run-1782717136_i9,0.95,3,0.9482398588429563,0.4914869382012016
concentricCircles5,run-1782717136_i9,0.95,4,0.9490685272036897,0.492448197611696
d493_or10,run-1781403186_i9,0.0,0,0.024450181335682785,0.733220162411515
d493_or10,run-1781403186_i9,0.0,1,-0.050438622054078605,0.7405501301109682
d493_or10,run-1781403186_i9,0.0,2,0.06695800824737107,0.7169212937782963
d493_or10,run-1781403186_i9,0.0,3,-0.030641697556136858,0.7289845792047693
d493_or10,run-1781403186_i9,0.0,4,-0.026341192148267634,0.7406182669789227
d493_or10,run-1781403186_i9,0.1,0,0.07196076479473587,0.7203837082830307
d493_or10,run-1781403186_i9,0.1,1,0.15144578442955375,0.7060453513384322
d493_or10,run-1781403186_i9,0.1,2,0.08669578455617119,0.7051758119875897
d493_or10,run-1781403186_i9,0.1,3,0.12923499960080942,0.7066601974359453
d493_or10,run-1781403186_i9,0.1,4,0.0056267556412614664,0.7266056865687841
d493_or10,run-1781403186_i9,0.2,0,0.22864327908690996,0.6874670584145425
d493_or10,run-1781403186_i9,0.2,1,0.19189015397568765,0.6996755499709307
d493_or10,run-1781403186_i9,0.2,2,0.14678960706529362,0.7050220118822881
d493_or10,run-1781403186_i9,0.2,3,0.1842507340434872,0.6985475416337724
d493_or10,run-1781403186_i9,0.2,4,0.14284939527176044,0.7094995218361492
d493_or10,run-1781403186_i9,0.3,0,0.33045938214538956,0.6631252055367873
d493_or10,run-1781403186_i9,0.3,1,0.23111579081626069,0.6855921671432511
d493_or10,run-1781403186_i9,0.3,2,0.28209976850786644,0.6795559288856222
d493_or10,run-1781403186_i9,0.3,3,0.29268041456720956,0.6670918939949422
d493_or10,run-1781403186_i9,0.3,4,0.26125974936053975,0.6797247706422018
d493_or10,run-1781403186_i9,0.4,0,0.399779945804094,0.6568771844569463
d493_or10,run-1781403186_i9,0.4,1,0.40764323764281646,0.6517343320361216
d493_or10,run-1781403186_i9,0.4,2,0.3749178949579186,0.6675443681858134
d493_or10,run-1781403186_i9,0.4,3,0.47536424097042795,0.6471719719479975
d493_or10,run-1781403186_i9,0.4,4,0.3783114112847484,0.6614299322687348
d493_or10,run-1781403186_i9,0.5,0,0.4657750082844904,0.6398643875197644
d493_or10,run-1781403186_i9,0.5,1,0.5095643592218998,0.6313802239252784
d493_or10,run-1781403186_i9,0.5,2,0.5052449005001773,0.6349454328841334
d493_or10,run-1781403186_i9,0.5,3,0.4908870652332555,0.6347847907833826
d493_or10,run-1781403186_i9,0.5,4,0.46810430883458326,0.6350200550766284
d493_or10,run-1781403186_i9,0.6,0,0.5964466058474801,0.615344964758351
d493_or10,run-1781403186_i9,0.6,1,0.6206909051178279,0.6134573698067072
d493_or10,run-1781403186_i9,0.6,2,0.5948659837759799,0.6061248052370224
d493_or10,run-1781403186_i9,0.6,3,0.6187566885778732,0.6023632491406367
d493_or10,run-1781403186_i9,0.6,4,0.6188942393552178,0.603312255457843
d493_or10,run-1781403186_i9,0.7,0,0.7165805222103301,0.5727828642986225
d493_or10,run-1781403186_i9,0.7,1,0.6966206955605172,0.5861444207852367
d493_or10,run-1781403186_i9,0.7,2,0.6769807869986272,0.5931169239522661
d493_or10,run-1781403186_i9,0.7,3,0.6772197282198172,0.5808833473582977
d493_or10,run-1781403186_i9,0.7,4,0.729122346990018,0.5846633266833666
d493_or10,run-1781403186_i9,0.8,0,0.7968240055930056,0.5586533747955889
d493_or10,run-1781403186_i9,0.8,1,0.8011895604600963,0.5464673770405754
d493_or10,run-1781403186_i9,0.8,2,0.8043646545226715,0.5450174956448609
d493_or10,run-1781403186_i9,0.8,3,0.7686085279154661,0.5562061195711376
d493_or10,run-1781403186_i9,0.8,4,0.8194330659350945,0.5444631687504203
d493_or10,run-1781403186_i9,0.9,0,0.9105598612826087,0.5079730230157216
d493_or10,run-1781403186_i9,0.9,1,0.9042296049982378,0.5151576151166029
d493_or10,run-1781403186_i9,0.9,2,0.8953487354815214,0.510273217508941
d493_or10,run-1781403186_i9,0.9,3,0.9015225629459964,0.5153943547144859
d493_or10,run-1781403186_i9,0.9,4,0.8913247617830801,0.5202965965434463
d493_or10,run-1781403186_i9,0.95,0,0.950779485775117,0.48965191616609394
d493_or10,run-1781403186_i9,0.95,1,0.9575565976711679,0.4819342874661642
d493_or10,run-1781403186_i9,0.95,2,0.9487873404411136,0.48630408521237645
d493_or10,run-1781403186_i9,0.95,3,0.9467108009232651,0.47887302813679083
d493_or10,run-1781403186_i9,0.95,4,0.9443001622041897,0.48154539335925817
d493_or10,run-1781405148_i9,0.0,0,0.0801975411096832,0.7297355881324318
d493_or10,run-1781405148_i9,0.0,1,0.03005671021959773,0.7345783834997449
d493_or10,run-1781405148_i9,0.0,2,0.06624892931310546,0.7291001493892616
d493_or10,run-1781405148_i9,0.0,3,0.029277790086753977,0.7409465418324659
d493_or10,run-1781405148_i9,0.0,4,-0.05995857338982339,0.7530181233025331
d493_or10,run-1781405148_i9,0.1,0,0.06489561902345381,0.7276905845903213
d493_or10,run-1781405148_i9,0.1,1,0.0811966653432728,0.7215242896325139
d493_or10,run-1781405148_i9,0.1,2,0.09302429622752524,0.7220982957781444
d493_or10,run-1781405148_i9,0.1,3,0.12880420197591722,0.7238458396247748
d493_or10,run-1781405148_i9,0.1,4,0.058997376489365094,0.725184632735475
d493_or10,run-1781405148_i9,0.2,0,0.21372121625196955,0.698665866913863
d493_or10,run-1781405148_i9,0.2,1,0.227745234469546,0.7002781159557638
d493_or10,run-1781405148_i9,0.2,2,0.22298799302481667,0.6934815867118348
d493_or10,run-1781405148_i9,0.2,3,0.21029138808826126,0.7066508400425783
d493_or10,run-1781405148_i9,0.2,4,0.16936045020108828,0.7156853788047669
d493_or10,run-1781405148_i9,0.3,0,0.31011485645163306,0.678970896915378
d493_or10,run-1781405148_i9,0.3,1,0.35965447476670315,0.679105867742937
d493_or10,run-1781405148_i9,0.3,2,0.3103050570387505,0.685186674514076
d493_or10,run-1781405148_i9,0.3,3,0.32217198891097504,0.6895493855257169
d493_or10,run-1781405148_i9,0.3,4,0.33884839003092937,0.6805469552484538
d493_or10,run-1781405148_i9,0.4,0,0.384256473911026,0.6639091266032633
d493_or10,run-1781405148_i9,0.4,1,0.4143858287824162,0.6717490897560655
d493_or10,run-1781405148_i9,0.4,2,0.41670658248717074,0.6721431940072606
d493_or10,run-1781405148_i9,0.4,3,0.4119151008880933,0.6677207828084561
d493_or10,run-1781405148_i9,0.4,4,0.3855145971499711,0.6685421733755839
d493_or10,run-1781405148_i9,0.5,0,0.534282920201387,0.644700610020043
d493_or10,run-1781405148_i9,0.5,1,0.5096897124480453,0.6445878329799308
d493_or10,run-1781405148_i9,0.5,2,0.4840503002488854,0.6532488241033333
d493_or10,run-1781405148_i9,0.5,3,0.45024725733072973,0.6561460883545877
d493_or10,run-1781405148_i9,0.5,4,0.4946591811797881,0.6465735623708744
d493_or10,run-1781405148_i9,0.6,0,0.6109533639251071,0.6272197002266152
d493_or10,run-1781405148_i9,0.6,1,0.5773790273081858,0.6293130754863303
d493_or10,run-1781405148_i9,0.6,2,0.5954664466806309,0.6193125034319916
d493_or10,run-1781405148_i9,0.6,3,0.5421791798502607,0.6383415629612084
d493_or10,run-1781405148_i9,0.6,4,0.6105167874976453,0.626989990900819
d493_or10,run-1781405148_i9,0.7,0,0.6864697929872918,0.6118578604596828
d493_or10,run-1781405148_i9,0.7,1,0.6825108618979487,0.6192537008826724
d493_or10,run-1781405148_i9,0.7,2,0.7399387871233402,0.5935813994099093
d493_or10,run-1781405148_i9,0.7,3,0.6801417700023219,0.6151312301893415
d493_or10,run-1781405148_i9,0.7,4,0.6368944885654099,0.6186539825532507
d493_or10,run-1781405148_i9,0.8,0,0.8080007817715575,0.5788393658825625
d493_or10,run-1781405148_i9,0.8,1,0.7993070359602021,0.5785122311798592
d493_or10,run-1781405148_i9,0.8,2,0.7929438763303567,0.5759190400651987
d493_or10,run-1781405148_i9,0.8,3,0.7794978053126496,0.5880962182287132
d493_or10,run-1781405148_i9,0.8,4,0.8107501736247468,0.578921868625051
d493_or10,run-1781405148_i9,0.9,0,0.9089170865477122,0.5383788656219665
d493_or10,run-1781405148_i9,0.9,1,0.9087014082781789,0.5457032501383348
d493_or10,run-1781405148_i9,0.9,2,0.8924362794175662,0.559226013164969
d493_or10,run-1781405148_i9,0.9,3,0.8942237947726388,0.5557731297130938
d493_or10,run-1781405148_i9,0.9,4,0.8988596774270629,0.5525024426523559
d493_or10,run-1781405148_i9,0.95,0,0.9502407451241135,0.526112573557829
d493_or10,run-1781405148_i9,0.95,1,0.9501567352859539,0.5189945313808445
d493_or10,run-1781405148_i9,0.95,2,0.9426876389140014,0.5275832640378135
d493_or10,run-1781405148_i9,0.95,3,0.9482605855222592,0.5191962566572937
d493_or10,run-1781405148_i9,0.95,4,0.9497757123521595,0.5250289619808179
d493_or10,run-1781407812_i9,0.0,0,-0.01821761252424345,0.7372293373754238
d493_or10,run-1781407812_i9,0.0,1,-0.012065618974962116,0.7488936670709744
d493_or10,run-1781407812_i9,0.0,2,-0.0773076332181272,0.7541769688812161
d493_or10,run-1781407812_i9,0.0,3,6.626033324495987e-05,0.7352343835766824
d493_or10,run-1781407812_i9,0.0,4,0.026065584924320432,0.7424414397537475
d493_or10,run-1781407812_i9,0.1,0,0.05741508890010651,0.7258190870154116
d493_or10,run-1781407812_i9,0.1,1,0.1135208001546504,0.721078785754449
d493_or10,run-1781407812_i9,0.1,2,0.1338036332855396,0.7241979962741848
d493_or10,run-1781407812_i9,0.1,3,0.16397572641233144,0.7169477314665651
d493_or10,run-1781407812_i9,0.1,4,0.13314987729631034,0.7145202767367276
d493_or10,run-1781407812_i9,0.2,0,0.1630378788799263,0.7041491192734464
d493_or10,run-1781407812_i9,0.2,1,0.24608571793619613,0.7061858120089356
d493_or10,run-1781407812_i9,0.2,2,0.21084806168674258,0.7117141252848802
d493_or10,run-1781407812_i9,0.2,3,0.22267373838148502,0.7038245841529394
d493_or10,run-1781407812_i9,0.2,4,0.18967118047382242,0.7112380687474381
d493_or10,run-1781407812_i9,0.3,0,0.3094102053599507,0.6956508981003627
d493_or10,run-1781407812_i9,0.3,1,0.2701737540322404,0.6936948795577201
d493_or10,run-1781407812_i9,0.3,2,0.3018625762125894,0.7003022420867526
d493_or10,run-1781407812_i9,0.3,3,0.29949851363222574,0.6879987104054163
d493_or10,run-1781407812_i9,0.3,4,0.25148908340889853,0.6976344620603686
d493_or10,run-1781407812_i9,0.4,0,0.39141125941556343,0.6719495967889338
d493_or10,run-1781407812_i9,0.4,1,0.35263626918563934,0.6851952446844043
d493_or10,run-1781407812_i9,0.4,2,0.3902889294727137,0.6739580821257097
d493_or10,run-1781407812_i9,0.4,3,0.38053200066148574,0.6718390615458312
d493_or10,run-1781407812_i9,0.4,4,0.3812218747998089,0.6881269675866472
d493_or10,run-1781407812_i9,0.5,0,0.5251342900519951,0.6474412206926575
d493_or10,run-1781407812_i9,0.5,1,0.49835239098836026,0.6546210513540054
d493_or10,run-1781407812_i9,0.5,2,0.5035861848119267,0.650558794857846
d493_or10,run-1781407812_i9,0.5,3,0.5023841559024725,0.6485798165137615
d493_or10,run-1781407812_i9,0.5,4,0.4808816574777856,0.6532369372329938
d493_or10,run-1781407812_i9,0.6,0,0.6374996738237461,0.6186745069035336
d493_or10,run-1781407812_i9,0.6,1,0.5986272607897284,0.6310574815754831
d493_or10,run-1781407812_i9,0.6,2,0.6162349605016896,0.6346504503512923
d493_or10,run-1781407812_i9,0.6,3,0.6058549571797807,0.6300691261112169
d493_or10,run-1781407812_i9,0.6,4,0.6193929664635284,0.6289759830123746
d493_or10,run-1781407812_i9,0.7,0,0.7050392862566902,0.6048930725644306
d493_or10,run-1781407812_i9,0.7,1,0.6971301258058076,0.6100744904821779
d493_or10,run-1781407812_i9,0.7,2,0.6960700770780823,0.6138098124561814
d493_or10,run-1781407812_i9,0.7,3,0.683061844374285,0.6149685373527475
d493_or10,run-1781407812_i9,0.7,4,0.6898335017615725,0.6026098729737068
d493_or10,run-1781407812_i9,0.8,0,0.7718112204028597,0.5887045906280484
d493_or10,run-1781407812_i9,0.8,1,0.8157610901873277,0.5847804255880606
d493_or10,run-1781407812_i9,0.8,2,0.8129271564316852,0.5797415608144972
d493_or10,run-1781407812_i9,0.8,3,0.813575490325893,0.5830496949202382
d493_or10,run-1781407812_i9,0.8,4,0.786362840794069,0.5865444289801
d493_or10,run-1781407812_i9,0.9,0,0.8969697895936087,0.5606387767575144
d493_or10,run-1781407812_i9,0.9,1,0.8955333862541989,0.5644719471947195
d493_or10,run-1781407812_i9,0.9,2,0.891673029505278,0.5554498913429861
d493_or10,run-1781407812_i9,0.9,3,0.9022431996920895,0.5631217901687454
d493_or10,run-1781407812_i9,0.9,4,0.9053167696419424,0.559781130299889
d493_or10,run-1781407812_i9,0.95,0,0.9532290248450883,0.553242912427805
d493_or10,run-1781407812_i9,0.95,1,0.951042288092762,0.5447503137772931
d493_or10,run-1781407812_i9,0.95,2,0.9520142569274387,0.5489334477246396
d493_or10,run-1781407812_i9,0.95,3,0.9530982386659843,0.5479359631560806
d493_or10,run-1781407812_i9,0.95,4,0.9531422275981737,0.5360420217249667
d493_or2,run-1781293250_i9,0.0,0,0.07055252098687839,0.702689027980721
d493_or2,run-1781293250_i9,0.0,1,-0.014785204005144213,0.7246643121820685
d493_or2,run-1781293250_i9,0.0,2,-0.020900296570744395,0.7143918497893164
d493_or2,run-1781293250_i9,0.0,3,0.006144476039468926,0.7102128864968513
d493_or2,run-1781293250_i9,0.0,4,-0.01478758798306273,0.7192233322591041
d493_or2,run-1781293250_i9,0.1,0,0.04280421000426632,0.7078538180519814
d493_or2,run-1781293250_i9,0.1,1,0.09413290066999057,0.6985640117379451
d493_or2,run-1781293250_i9,0.1,2,0.09864179757321782,0.6957102923375684
d493_or2,run-1781293250_i9,0.1,3,0.03704024332923671,0.7029630988092587
d493_or2,run-1781293250_i9,0.1,4,0.11574644180894483,0.7055833795449286
d493_or2,run-1781293250_i9,0.2,0,0.18593877400507036,0.6695740558948475
d493_or2,run-1781293250_i9,0.2,1,0.15558539953268521,0.6894065494686977
d493_or2,run-1781293250_i9,0.2,2,0.21926754212436503,0.6690943096803446
d493_or2,run-1781293250_i9,0.2,3,0.2613552343208984,0.6636011300124685
d493_or2,run-1781293250_i9,0.2,4,0.17320195572526517,0.6757717647673174
d493_or2,run-1781293250_i9,0.3,0,0.3016150965904752,0.6529128433374997
d493_or2,run-1781293250_i9,0.3,1,0.3187202327581537,0.6439566023722763
d493_or2,run-1781293250_i9,0.3,2,0.24526217246147036,0.6617863808410808
d493_or2,run-1781293250_i9,0.3,3,0.29915702615188455,0.6540074293817258
d493_or2,run-1781293250_i9,0.3,4,0.23192050492690927,0.6691315518343179
d493_or2,run-1781293250_i9,0.4,0,0.3614122444365722,0.6292244694394498
d493_or2,run-1781293250_i9,0.4,1,0.39867837913381854,0.6321864386828441
d493_or2,run-1781293250_i9,0.4,2,0.3433963341017208,0.6449435802668224
d493_or2,run-1781293250_i9,0.4,3,0.34294897875326463,0.6502996411274868
d493_or2,run-1781293250_i9,0.4,4,0.3537841394724777,0.6419963373142619
d493_or2,run-1781293250_i9,0.5,0,0.4868887218358189,0.612467486146271
d493_or2,run-1781293250_i9,0.5,1,0.47677776063096505,0.6136417974030942
d493_or2,run-1781293250_i9,0.5,2,0.5429163086607844,0.5985652866380623
d493_or2,run-1781293250_i9,0.5,3,0.4864530214905199,0.6141082268978872
d493_or2,run-1781293250_i9,0.5,4,0.5002118094789832,0.6059625687052111
d493_or2,run-1781293250_i9,0.6,0,0.5670450032651563,0.595236851726119
d493_or2,run-1781293250_i9,0.6,1,0.5822187956710192,0.5799662310648094
d493_or2,run-1781293250_i9,0.6,2,0.5680446846723223,0.5790161933613757
d493_or2,run-1781293250_i9,0.6,3,0.6414015205097668,0.5735187350830134
d493_or2,run-1781293250_i9,0.6,4,0.571594219667942,0.5957911213531023
d493_or2,run-1781293250_i9,0.7,0,0.6936500860837657,0.5504407699128893
d493_or2,run-1781293250_i9,0.7,1,0.6541614595912897,0.5696295553268321
d493_or2,run-1781293250_i9,0.7,2,0.7320990333173316,0.5484120515848976
d493_or2,run-1781293250_i9,0.7,3,0.7080628408402903,0.5491437275595692
d493_or2,run-1781293250_i9,0.7,4,0.6901226312645818,0.5599790432049113
d493_or2,run-1781293250_i9,0.8,0,0.7878558872848678,0.5265953511448056
d493_or2,run-1781293250_i9,0.8,1,0.7817545309729886,0.5231319756169982
d493_or2,run-1781293250_i9,0.8,2,0.7865247951061083,0.5219444674173737
d493_or2,run-1781293250_i9,0.8,3,0.8130659618412641,0.5140168210554712
d493_or2,run-1781293250_i9,0.8,4,0.8090502077988964,0.5103707414829659
d493_or2,run-1781293250_i9,0.9,0,0.897641003103957,0.4674746620885585
d493_or2,run-1781293250_i9,0.9,1,0.9055165876805455,0.4590044433612875
d493_or2,run-1781293250_i9,0.9,2,0.8993022573039721,0.4767529841497619
d493_or2,run-1781293250_i9,0.9,3,0.90283349621509,0.4705744319342265
d493_or2,run-1781293250_i9,0.9,4,0.9019194109674747,0.46772109213532037
d493_or2,run-1781293250_i9,0.95,0,0.9531536317780627,0.42581239706151475
d493_or2,run-1781293250_i9,0.95,1,0.9523583102558008,0.4240889365261947
d493_or2,run-1781293250_i9,0.95,2,0.9481551679808536,0.4246440253992688
d493_or2,run-1781293250_i9,0.95,3,0.948361930764136,0.4316544877198653
d493_or2,run-1781293250_i9,0.95,4,0.9488740319255856,0.43929503631061423
d493_or2,run-1781293598_i9,0.0,0,0.01845056389145848,0.729550317215204
d493_or2,run-1781293598_i9,0.0,1,-0.05637877937587792,0.7376858770713082
d493_or2,run-1781293598_i9,0.0,2,-0.00827888756714804,0.7371654930234467
d493_or2,run-1781293598_i9,0.0,3,0.041996163409746996,0.7256214933747165
d493_or2,run-1781293598_i9,0.0,4,0.009413046650406919,0.7248182549495732
d493_or2,run-1781293598_i9,0.1,0,0.09637872565227414,0.7077365984523813
d493_or2,run-1781293598_i9,0.1,1,0.0898801734070386,0.7033097630197774
d493_or2,run-1781293598_i9,0.1,2,0.08864819287797177,0.7086155796223461
d493_or2,run-1781293598_i9,0.1,3,0.13262246333577668,0.7012693214370972
d493_or2,run-1781293598_i9,0.1,4,0.05874015159820105,0.7176259260361191
d493_or2,run-1781293598_i9,0.2,0,0.20693165137188652,0.6837258510345033
d493_or2,run-1781293598_i9,0.2,1,0.1947835620720663,0.6936981393478034
d493_or2,run-1781293598_i9,0.2,2,0.23860409169818372,0.681486649330881
d493_or2,run-1781293598_i9,0.2,3,0.12731647819722802,0.7049161364950839
d493_or2,run-1781293598_i9,0.2,4,0.21301839407001114,0.6925199709513435
d493_or2,run-1781293598_i9,0.3,0,0.2738154195938601,0.6740217338699169
d493_or2,run-1781293598_i9,0.3,1,0.31238573354938376,0.6715873158260636
d493_or2,run-1781293598_i9,0.3,2,0.2711559205866577,0.6756160627128369
d493_or2,run-1781293598_i9,0.3,3,0.3381926350753183,0.6667920228768878
d493_or2,run-1781293598_i9,0.3,4,0.31945961082210234,0.6687662262682097
d493_or2,run-1781293598_i9,0.4,0,0.3776626214882185,0.6571894099747414
d493_or2,run-1781293598_i9,0.4,1,0.41310449316836,0.6502352238360154
d493_or2,run-1781293598_i9,0.4,2,0.4666945442860218,0.6386552273946474
d493_or2,run-1781293598_i9,0.4,3,0.33025490073741254,0.670474729834617
d493_or2,run-1781293598_i9,0.4,4,0.3813281297367232,0.6595768863846406
d493_or2,run-1781293598_i9,0.5,0,0.5187906632849458,0.6320898696956581
d493_or2,run-1781293598_i9,0.5,1,0.49896256355141677,0.6361132746264986
d493_or2,run-1781293598_i9,0.5,2,0.5040776881801445,0.6476359095737741
d493_or2,run-1781293598_i9,0.5,3,0.4707073523986778,0.6401154992548436
d493_or2,run-1781293598_i9,0.5,4,0.4990242697691862,0.624704302675038
d493_or2,run-1781293598_i9,0.6,0,0.5867650394330791,0.6057801185970977
d493_or2,run-1781293598_i9,0.6,1,0.5778345336066142,0.6122408868156922
d493_or2,run-1781293598_i9,0.6,2,0.5706889056151773,0.6110697438914061
d493_or2,run-1781293598_i9,0.6,3,0.5865947626543072,0.6086365669972411
d493_or2,run-1781293598_i9,0.6,4,0.5718400953746718,0.6157203290509091
d493_or2,run-1781293598_i9,0.7,0,0.7174841747815933,0.5851512455847158
d493_or2,run-1781293598_i9,0.7,1,0.6879721267078872,0.5861428805749818
d493_or2,run-1781293598_i9,0.7,2,0.7101339537984414,0.5852555413215754
d493_or2,run-1781293598_i9,0.7,3,0.706941826388685,0.587976949759427
d493_or2,run-1781293598_i9,0.7,4,0.7153775131131823,0.5894371813601265
d493_or2,run-1781293598_i9,0.8,0,0.8157529456930095,0.5482106634409603
d493_or2,run-1781293598_i9,0.8,1,0.8080365351872054,0.5559503722823759
d493_or2,run-1781293598_i9,0.8,2,0.8007931906925078,0.5464113123737458
d493_or2,run-1781293598_i9,0.8,3,0.7915447539233226,0.5647757904299522
d493_or2,run-1781293598_i9,0.8,4,0.7862534157660083,0.558340939997392
d493_or2,run-1781293598_i9,0.9,0,0.899340599058604,0.5141316474525846
d493_or2,run-1781293598_i9,0.9,1,0.8967743190169238,0.5214292898625769
d493_or2,run-1781293598_i9,0.9,2,0.8985121825907947,0.5177074543420157
d493_or2,run-1781293598_i9,0.9,3,0.9023640088360045,0.5167996240643566
d493_or2,run-1781293598_i9,0.9,4,0.8941692851917326,0.533493766913459
d493_or2,run-1781293598_i9,0.95,0,0.9534611197607054,0.4853573222691499
d493_or2,run-1781293598_i9,0.95,1,0.9527064029446343,0.4840809424706407
d493_or2,run-1781293598_i9,0.95,2,0.9537023227096104,0.48826642254275887
d493_or2,run-1781293598_i9,0.95,3,0.9520543649151284,0.4870823132217639
d493_or2,run-1781293598_i9,0.95,4,0.9539011888366055,0.4848815873216738
d493_or2,run-1781293999_i9,0.0,0,0.006410219413126108,0.7334316113318805
d493_or2,run-1781293999_i9,0.0,1,-0.00242292432542933,0.7288609632515686
d493_or2,run-1781293999_i9,0.0,2,0.007419658255485529,0.7335528010658109
d493_or2,run-1781293999_i9,0.0,3,0.011975017762757736,0.728795251747458
d493_or2,run-1781293999_i9,0.0,4,-0.01026675794753066,0.727628563805876
d493_or2,run-1781293999_i9,0.1,0,0.12512817673665688,0.706912929146969
d493_or2,run-1781293999_i9,0.1,1,0.07482803569924043,0.7228154146004853
d493_or2,run-1781293999_i9,0.1,2,0.05579080853986892,0.7113082502167067
d493_or2,run-1781293999_i9,0.1,3,0.06691571193736424,0.7160286967560666
d493_or2,run-1781293999_i9,0.1,4,0.11152025434544287,0.7097383987948709
d493_or2,run-1781293999_i9,0.2,0,0.19836838974026152,0.6937995480408972
d493_or2,run-1781293999_i9,0.2,1,0.18237810656032674,0.7032206503766305
d493_or2,run-1781293999_i9,0.2,2,0.1181893195539002,0.7163306222949068
d493_or2,run-1781293999_i9,0.2,3,0.2021451567200826,0.6946080876850615
d493_or2,run-1781293999_i9,0.2,4,0.20794972157307587,0.6939664628795413
d493_or2,run-1781293999_i9,0.3,0,0.3016668247656288,0.6684977590800318
d493_or2,run-1781293999_i9,0.3,1,0.2786453196411256,0.6712819763726332
d493_or2,run-1781293999_i9,0.3,2,0.3049712735970344,0.6723802996037782
d493_or2,run-1781293999_i9,0.3,3,0.3284128729561813,0.6654908995257962
d493_or2,run-1781293999_i9,0.3,4,0.31814140713141137,0.6628257521155824
d493_or2,run-1781293999_i9,0.4,0,0.3237603679325015,0.6709162923283234
d493_or2,run-1781293999_i9,0.4,1,0.42148187781609137,0.6502341654329312
d493_or2,run-1781293999_i9,0.4,2,0.4104693513025425,0.649697974392923
d493_or2,run-1781293999_i9,0.4,3,0.42616741085780274,0.6505410333902201
d493_or2,run-1781293999_i9,0.4,4,0.4410729728859639,0.6376983486830528
d493_or2,run-1781293999_i9,0.5,0,0.4947350921401215,0.6273560792504363
d493_or2,run-1781293999_i9,0.5,1,0.4996704924868254,0.6378117204702234
d493_or2,run-1781293999_i9,0.5,2,0.47773378139145245,0.6282508009153318
d493_or2,run-1781293999_i9,0.5,3,0.4892200252986644,0.6342008879633669
d493_or2,run-1781293999_i9,0.5,4,0.44005524060041834,0.6516032906764169
d493_or2,run-1781293999_i9,0.6,0,0.6339191538038171,0.6001473428800769
d493_or2,run-1781293999_i9,0.6,1,0.5575750213033508,0.6230703023421905
d493_or2,run-1781293999_i9,0.6,2,0.5690538171447137,0.6181688466111772
d493_or2,run-1781293999_i9,0.6,3,0.6105446890656115,0.6005227144521206
d493_or2,run-1781293999_i9,0.6,4,0.6236168608571864,0.6008693051031091
d493_or2,run-1781293999_i9,0.7,0,0.6750310926211043,0.5879689332305568
d493_or2,run-1781293999_i9,0.7,1,0.6884346523288147,0.5959304133991532
d493_or2,run-1781293999_i9,0.7,2,0.7037794753364173,0.5822586598160417
d493_or2,run-1781293999_i9,0.7,3,0.7009255251728476,0.5831932680994731
d493_or2,run-1781293999_i9,0.7,4,0.675798418309218,0.5895903875266018
d493_or2,run-1781293999_i9,0.8,0,0.779334404366305,0.5633344499210413
d493_or2,run-1781293999_i9,0.8,1,0.8006898019386646,0.554376711299433
d493_or2,run-1781293999_i9,0.8,2,0.8176034703782324,0.5566338837016079
d493_or2,run-1781293999_i9,0.8,3,0.7949528526971663,0.5598196403791726
d493_or2,run-1781293999_i9,0.8,4,0.8070711764940305,0.55468232471184
d493_or2,run-1781293999_i9,0.9,0,0.9032843728780843,0.4927054127263223
d493_or2,run-1781293999_i9,0.9,1,0.8967904465331159,0.5076994875549048
d493_or2,run-1781293999_i9,0.9,2,0.8941420396662272,0.5035830714022349
d493_or2,run-1781293999_i9,0.9,3,0.901294544107724,0.501201508581156
d493_or2,run-1781293999_i9,0.9,4,0.8979928354649283,0.5230749850292842
d493_or2,run-1781293999_i9,0.95,0,0.9551421362345428,0.4738925121347238
d493_or2,run-1781293999_i9,0.95,1,0.95224746220408,0.4878531404076019
d493_or2,run-1781293999_i9,0.95,2,0.952568545261986,0.4830896297218337
d493_or2,run-1781293999_i9,0.95,3,0.9526152742230666,0.48369259126516817
d493_or2,run-1781293999_i9,0.95,4,0.9527004678529845,0.4854921481524957
d493_or30,run-1781507407_i9,0.0,0,-0.07990308415753145,0.7520774206744906
d493_or30,run-1781507407_i9,0.0,1,-0.00840063837521982,0.7311166039920058
d493_or30,run-1781507407_i9,0.0,2,0.035188278477677935,0.7267789025821596
d493_or30,run-1781507407_i9,0.0,3,-0.03603124368652602,0.737740467036775
d493_or30,run-1781507407_i9,0.0,4,0.03934860402502233,0.7295367486878079
d493_or30,run-1781507407_i9,0.1,0,0.0769469655945998,0.7139362074497564
d493_or30,run-1781507407_i9,0.1,1,0.13160401172086222,0.702687655839865
d493_or30,run-1781507407_i9,0.1,2,0.062305069650337955,0.7133255470189974
d493_or30,run-1781507407_i9,0.1,3,0.12671252318240345,0.7163967788844476
d493_or30,run-1781507407_i9,0.1,4,0.13136942010133346,0.7022605689530054
d493_or30,run-1781507407_i9,0.2,0,0.17137452651666238,0.7022492300923889
d493_or30,run-1781507407_i9,0.2,1,0.15555806140813735,0.7086854571206985
d493_or30,run-1781507407_i9,0.2,2,0.22030063131113026,0.6949345194872487
d493_or30,run-1781507407_i9,0.2,3,0.19048907722070688,0.702036184282316
d493_or30,run-1781507407_i9,0.2,4,0.2689198496857927,0.6978180013067172
d493_or30,run-1781507407_i9,0.3,0,0.31890076769248943,0.6789072301811921
d493_or30,run-1781507407_i9,0.3,1,0.3077622594818547,0.6720454445888521
d493_or30,run-1781507407_i9,0.3,2,0.3393594124086654,0.6685756390801915
d493_or30,run-1781507407_i9,0.3,3,0.26434774421902424,0.6838375534363696
d493_or30,run-1781507407_i9,0.3,4,0.2624140143383438,0.6870506355460292
d493_or30,run-1781507407_i9,0.4,0,0.3398187115363018,0.6599985374236718
d493_or30,run-1781507407_i9,0.4,1,0.43656076559751894,0.6486565835974456
d493_or30,run-1781507407_i9,0.4,2,0.3855364134437244,0.6569480156103128
d493_or30,run-1781507407_i9,0.4,3,0.3834240873941211,0.6618863067937378
d493_or30,run-1781507407_i9,0.4,4,0.4375952735646992,0.6446564704768218
d493_or30,run-1781507407_i9,0.5,0,0.49800863169348164,0.6436387385842458
d493_or30,run-1781507407_i9,0.5,1,0.5298739618988936,0.6381998388807681
d493_or30,run-1781507407_i9,0.5,2,0.47674992548851736,0.6353695943161219
d493_or30,run-1781507407_i9,0.5,3,0.5041122374083127,0.6381128193154373
d493_or30,run-1781507407_i9,0.5,4,0.4855331559005359,0.6453339394183784
d493_or30,run-1781507407_i9,0.6,0,0.6085056532397535,0.617159722272923
d493_or30,run-1781507407_i9,0.6,1,0.6381150112123983,0.6000003643332338
d493_or30,run-1781507407_i9,0.6,2,0.5945593171657308,0.6216776190336492
d493_or30,run-1781507407_i9,0.6,3,0.6090788446174946,0.6151620243347454
d493_or30,run-1781507407_i9,0.6,4,0.5735682657312753,0.6118500515810226
d493_or30,run-1781507407_i9,0.7,0,0.68769477363089,0.5986115361634533
d493_or30,run-1781507407_i9,0.7,1,0.6967310285868205,0.5764007657945118
d493_or30,run-1781507407_i9,0.7,2,0.6783418932848702,0.5982922367426524
d493_or30,run-1781507407_i9,0.7,3,0.7000749352392509,0.5809775303880318
d493_or30,run-1781507407_i9,0.7,4,0.7048867267794523,0.5779363817387435
d493_or30,run-1781507407_i9,0.8,0,0.7966232549109692,0.5566499144178594
d493_or30,run-1781507407_i9,0.8,1,0.8019240849977526,0.5538544845919071
d493_or30,run-1781507407_i9,0.8,2,0.8106362543091579,0.5609554379151167
d493_or30,run-1781507407_i9,0.8,3,0.8005034725782612,0.5532974845060153
d493_or30,run-1781507407_i9,0.8,4,0.7974668732549332,0.5542327511697367
d493_or30,run-1781507407_i9,0.9,0,0.8952910706044526,0.5157371658153685
d493_or30,run-1781507407_i9,0.9,1,0.9016305742090441,0.5170839119947372
d493_or30,run-1781507407_i9,0.9,2,0.8902361096035329,0.5207498558530942
d493_or30,run-1781507407_i9,0.9,3,0.8994164461660377,0.5206958301355845
d493_or30,run-1781507407_i9,0.9,4,0.8890316849074149,0.5290269902969371
d493_or30,run-1781507407_i9,0.95,0,0.9527461765955911,0.48559210766256977
d493_or30,run-1781507407_i9,0.95,1,0.9473137180117772,0.49565947504837005
d493_or30,run-1781507407_i9,0.95,2,0.9476122588162125,0.49774749367733484
d493_or30,run-1781507407_i9,0.95,3,0.948743590435801,0.4974759532149249
d493_or30,run-1781507407_i9,0.95,4,0.947842220433475,0.5005287011817383
d493_or30,run-1781507653_i9,0.0,0,0.0006095877721321566,0.6996837649111465
d493_or30,run-1781507653_i9,0.0,1,0.025587600477434445,0.6884963520736608
d493_or30,run-1781507653_i9,0.0,2,-0.03740143840623839,0.7065974588315921
d493_or30,run-1781507653_i9,0.0,3,0.05420429038279008,0.689395472267835
d493_or30,run-1781507653_i9,0.0,4,0.038900456760775866,0.6856605538557481
d493_or30,run-1781507653_i9,0.1,0,0.13996016097959257,0.6699934816803994
d493_or30,run-1781507653_i9,0.1,1,0.1201237674576162,0.6651400820068287
d493_or30,run-1781507653_i9,0.1,2,0.11261304522923317,0.6744619921949473
d493_or30,run-1781507653_i9,0.1,3,0.10107856966636747,0.6744917989283777
d493_or30,run-1781507653_i9,0.1,4,0.1089402084369678,0.6694450948255678
d493_or30,run-1781507653_i9,0.2,0,0.1891088317150054,0.6586723426172323
d493_or30,run-1781507653_i9,0.2,1,0.28506362269768326,0.639077818091316
d493_or30,run-1781507653_i9,0.2,2,0.13086794411917943,0.6749599654007551
d493_or30,run-1781507653_i9,0.2,3,0.1417613467911653,0.6654130949925875
d493_or30,run-1781507653_i9,0.2,4,0.19654649437486002,0.6540788438928297
d493_or30,run-1781507653_i9,0.3,0,0.263983230674139,0.6367245696278558
d493_or30,run-1781507653_i9,0.3,1,0.3539729368982686,0.6222996067549292
d493_or30,run-1781507653_i9,0.3,2,0.27508878154960936,0.6373943247884549
d493_or30,run-1781507653_i9,0.3,3,0.2884930984195062,0.6297762243224244
d493_or30,run-1781507653_i9,0.3,4,0.2534566792814782,0.6420156889362183
d493_or30,run-1781507653_i9,0.4,0,0.3983681394285282,0.6091003223144357
d493_or30,run-1781507653_i9,0.4,1,0.3753164042247977,0.6086688898585053
d493_or30,run-1781507653_i9,0.4,2,0.4303679902218216,0.5935033843850401
d493_or30,run-1781507653_i9,0.4,3,0.34105731199102957,0.6283373242128087
d493_or30,run-1781507653_i9,0.4,4,0.3179164703779847,0.6326858193661999
d493_or30,run-1781507653_i9,0.5,0,0.4953080014458805,0.5710105032993635
d493_or30,run-1781507653_i9,0.5,1,0.4978301420264172,0.5935309343557208
d493_or30,run-1781507653_i9,0.5,2,0.5020796561538735,0.5877373804541276
d493_or30,run-1781507653_i9,0.5,3,0.505833656009116,0.5813497559624365
d493_or30,run-1781507653_i9,0.5,4,0.5261808579479674,0.5777341891607328
d493_or30,run-1781507653_i9,0.6,0,0.6610400933794008,0.5402891434806328
d493_or30,run-1781507653_i9,0.6,1,0.5727937915281656,0.5680285492775022
d493_or30,run-1781507653_i9,0.6,2,0.6059660546171255,0.5474970437524636
d493_or30,run-1781507653_i9,0.6,3,0.6130947275103892,0.5430524158951917
d493_or30,run-1781507653_i9,0.6,4,0.5759237582516065,0.5623105060344659
d493_or30,run-1781507653_i9,0.7,0,0.6817931106331383,0.5231961074050536
d493_or30,run-1781507653_i9,0.7,1,0.682205524050224,0.5439204862207564
d493_or30,run-1781507653_i9,0.7,2,0.6971509622132075,0.528196148476316
d493_or30,run-1781507653_i9,0.7,3,0.6757602351789345,0.5431801189994081
d493_or30,run-1781507653_i9,0.7,4,0.6963608875192613,0.5392696143694672
d493_or30,run-1781507653_i9,0.8,0,0.7998342159581701,0.49326111944514794
d493_or30,run-1781507653_i9,0.8,1,0.7985127858446258,0.5019725520648386
d493_or30,run-1781507653_i9,0.8,2,0.7952062718429174,0.4913896551186747
d493_or30,run-1781507653_i9,0.8,3,0.7821568752180287,0.4992411292309979
d493_or30,run-1781507653_i9,0.8,4,0.7814076062629274,0.5022578460149018
d493_or30,run-1781507653_i9,0.9,0,0.9019148643886677,0.4440982904318704
d493_or30,run-1781507653_i9,0.9,1,0.9058302134663839,0.4501953200992942
d493_or30,run-1781507653_i9,0.9,2,0.9089567370054246,0.42581931171952864
d493_or30,run-1781507653_i9,0.9,3,0.8904235327270769,0.44759083435204244
d493_or30,run-1781507653_i9,0.9,4,0.9006564525570524,0.4366850098197445
d493_or30,run-1781507653_i9,0.95,0,0.9509227969635745,0.40130797602762547
d493_or30,run-1781507653_i9,0.95,1,0.9440486634789456,0.42378606752073517
d493_or30,run-1781507653_i9,0.95,2,0.949399388051635,0.41004180021679965
d493_or30,run-1781507653_i9,0.95,3,0.9509640351023209,0.419504516995856
d493_or30,run-1781507653_i9,0.95,4,0.9517156902642856,0.41908830571334676
d493_or30,run-1781508007_i9,0.0,0,0.043516915789668154,0.7033588718632023
d493_or30,run-1781508007_i9,0.0,1,0.016789665710481436,0.7042943263199212
d493_or30,run-1781508007_i9,0.0,2,-0.02798799038443472,0.7090839004284719
d493_or30,run-1781508007_i9,0.0,3,-0.001769243338952073,0.7078368894296397
d493_or30,run-1781508007_i9,0.0,4,0.001318229826158207,0.6968478860617462
d493_or30,run-1781508007_i9,0.1,0,0.08403612561255527,0.688104412908963
d493_or30,run-1781508007_i9,0.1,1,0.09767714018282747,0.6947343251268782
d493_or30,run-1781508007_i9,0.1,2,0.05842136664375202,0.7043177950672879
d493_or30,run-1781508007_i9,0.1,3,0.043619614797261674,0.6991545893719807
d493_or30,run-1781508007_i9,0.1,4,0.1319733500795567,0.6857385367653842
d493_or30,run-1781508007_i9,0.2,0,0.13392414239255554,0.6890677988040074
d493_or30,run-1781508007_i9,0.2,1,0.19620072875623745,0.6799466605510017
d493_or30,run-1781508007_i9,0.2,2,0.19038105907366193,0.6796040505429592
d493_or30,run-1781508007_i9,0.2,3,0.23007479581171472,0.6572001435330589
d493_or30,run-1781508007_i9,0.2,4,0.15112918137174172,0.6835324827709125
d493_or30,run-1781508007_i9,0.3,0,0.23531100833128818,0.6666271966016274
d493_or30,run-1781508007_i9,0.3,1,0.3073501626530714,0.6384932916702274
d493_or30,run-1781508007_i9,0.3,2,0.295179419249494,0.6584139480476076
d493_or30,run-1781508007_i9,0.3,3,0.29853659396245585,0.6506437513229675
d493_or30,run-1781508007_i9,0.3,4,0.2721357646724413,0.6545487895710046
d493_or30,run-1781508007_i9,0.4,0,0.3469573318157057,0.6249090058236273
d493_or30,run-1781508007_i9,0.4,1,0.3982904375450476,0.6196792787466745
d493_or30,run-1781508007_i9,0.4,2,0.4023790667937026,0.6172831724869215
d493_or30,run-1781508007_i9,0.4,3,0.4150359158706089,0.6115762178181144
d493_or30,run-1781508007_i9,0.4,4,0.42141095713730337,0.6154563831441455
d493_or30,run-1781508007_i9,0.5,0,0.4833964370683835,0.6071191752455112
d493_or30,run-1781508007_i9,0.5,1,0.5036637966214649,0.6003223953604714
d493_or30,run-1781508007_i9,0.5,2,0.47581282712556905,0.6044286414181154
d493_or30,run-1781508007_i9,0.5,3,0.48108513909437156,0.6108304330619838
d493_or30,run-1781508007_i9,0.5,4,0.49376560020331367,0.6079808819884508
d493_or30,run-1781508007_i9,0.6,0,0.6107558272191617,0.5745485738954389
d493_or30,run-1781508007_i9,0.6,1,0.5670241515546787,0.5943009673129004
d493_or30,run-1781508007_i9,0.6,2,0.6007971490401559,0.5780154739595896
d493_or30,run-1781508007_i9,0.6,3,0.6061876692998277,0.5735400905473595
d493_or30,run-1781508007_i9,0.6,4,0.5768007919283596,0.5854928500448835
d493_or30,run-1781508007_i9,0.7,0,0.722997813835463,0.5444364842258421
d493_or30,run-1781508007_i9,0.7,1,0.6961967798594317,0.5610377080873287
d493_or30,run-1781508007_i9,0.7,2,0.6920723326098591,0.5428418554189207
d493_or30,run-1781508007_i9,0.7,3,0.6863326683131215,0.5550584422326713
d493_or30,run-1781508007_i9,0.7,4,0.6832367665117324,0.5650626655420903
d493_or30,run-1781508007_i9,0.8,0,0.7822315588110257,0.5163728752086394
d493_or30,run-1781508007_i9,0.8,1,0.8055835474199634,0.5169950939704749
d493_or30,run-1781508007_i9,0.8,2,0.8128046371243766,0.5147714862188327
d493_or30,run-1781508007_i9,0.8,3,0.8010794560241894,0.5157119355256105
d493_or30,run-1781508007_i9,0.8,4,0.7974973004187814,0.5098058846431949
d493_or30,run-1781508007_i9,0.9,0,0.8991859678259562,0.44451988793850755
d493_or30,run-1781508007_i9,0.9,1,0.9002347331133674,0.4599620802535883
d493_or30,run-1781508007_i9,0.9,2,0.9007155060818448,0.45817891683506456
d493_or30,run-1781508007_i9,0.9,3,0.9037545849504302,0.4432868475494501
d493_or30,run-1781508007_i9,0.9,4,0.9040791541059734,0.4545692031778028
d493_or30,run-1781508007_i9,0.95,0,0.9484969266887758,0.42510670675128975
d493_or30,run-1781508007_i9,0.95,1,0.9513054549509591,0.42157624172491587
d493_or30,run-1781508007_i9,0.95,2,0.9488914135301466,0.4305404814733871
d493_or30,run-1781508007_i9,0.95,3,0.9514718057161797,0.42961985255514396
d493_or30,run-1781508007_i9,0.95,4,0.9525786826734003,0.40418264887519806
dsj1000_or10,run-1781412575_i9,0.0,0,0.003808576568680609,0.7320476911430734
dsj1000_or10,run-1781412575_i9,0.0,1,-0.06862990903817764,0.7470664977594584
dsj1000_or10,run-1781412575_i9,0.0,2,-0.03479711784507109,0.7480350591266012
dsj1000_or10,run-1781412575_i9,0.0,3,-0.007755482102513267,0.726996534317788
dsj1000_or10,run-1781412575_i9,0.0,4,-0.030949083754789233,0.7446298520909979
dsj1000_or10,run-1781412575_i9,0.1,0,0.11095389817599231,0.7141890822486678
dsj1000_or10,run-1781412575_i9,0.1,1,0.04167476114777578,0.7164260862009694
dsj1000_or10,run-1781412575_i9,0.1,2,0.08486769596706892,0.7235621381567796
dsj1000_or10,run-1781412575_i9,0.1,3,0.11998780397838589,0.7175353971321368
dsj1000_or10,run-1781412575_i9,0.1,4,0.10282643787656827,0.7263337839211684
dsj1000_or10,run-1781412575_i9,0.2,0,0.24491993893280445,0.6892184173574308
dsj1000_or10,run-1781412575_i9,0.2,1,0.24501161696664794,0.6912574971662776
dsj1000_or10,run-1781412575_i9,0.2,2,0.20393129855776476,0.699526861225133
dsj1000_or10,run-1781412575_i9,0.2,3,0.20023308164180886,0.6929843361081658
dsj1000_or10,run-1781412575_i9,0.2,4,0.2514235249307294,0.6880344454945609
dsj1000_or10,run-1781412575_i9,0.3,0,0.27227723484817223,0.6811768948186879
dsj1000_or10,run-1781412575_i9,0.3,1,0.24662870760962569,0.68972199770681
dsj1000_or10,run-1781412575_i9,0.3,2,0.33905570591700046,0.6816041470311027
dsj1000_or10,run-1781412575_i9,0.3,3,0.30878183141262755,0.6793110202113796
dsj1000_or10,run-1781412575_i9,0.3,4,0.3324039265735232,0.6735479435070278
dsj1000_or10,run-1781412575_i9,0.4,0,0.4198430236954356,0.6570798869110419
dsj1000_or10,run-1781412575_i9,0.4,1,0.41677404801723056,0.6639026111503176
dsj1000_or10,run-1781412575_i9,0.4,2,0.39496255229082705,0.6695175867306276
dsj1000_or10,run-1781412575_i9,0.4,3,0.390879138908224,0.659695210177199
dsj1000_or10,run-1781412575_i9,0.4,4,0.37788140636561873,0.6685031364427637
dsj1000_or10,run-1781412575_i9,0.5,0,0.5325907518592395,0.6278153702883149
dsj1000_or10,run-1781412575_i9,0.5,1,0.4845692331859339,0.6457356439007815
dsj1000_or10,run-1781412575_i9,0.5,2,0.49669639621828704,0.6396546472581234
dsj1000_or10,run-1781412575_i9,0.5,3,0.46795283616130884,0.6490259703636302
dsj1000_or10,run-1781412575_i9,0.5,4,0.4903418382442561,0.6408966543645097
dsj1000_or10,run-1781412575_i9,0.6,0,0.6213701602860667,0.6125268987103667
dsj1000_or10,run-1781412575_i9,0.6,1,0.5900846859836572,0.6276406831330412
dsj1000_or10,run-1781412575_i9,0.6,2,0.5813532372603069,0.6242024310091059
dsj1000_or10,run-1781412575_i9,0.6,3,0.6189433405959521,0.6189043221500776
dsj1000_or10,run-1781412575_i9,0.6,4,0.6004861287808704,0.6265909995419423
dsj1000_or10,run-1781412575_i9,0.7,0,0.6902165697100764,0.5954326344603538
dsj1000_or10,run-1781412575_i9,0.7,1,0.6832269125739338,0.6086441648028075
dsj1000_or10,run-1781412575_i9,0.7,2,0.6842320625847857,0.6030432090658361
dsj1000_or10,run-1781412575_i9,0.7,3,0.7074629667709448,0.6008699705999564
dsj1000_or10,run-1781412575_i9,0.7,4,0.708523493895767,0.5970179738562091
dsj1000_or10,run-1781412575_i9,0.8,0,0.8089080271681932,0.5685366895796946
dsj1000_or10,run-1781412575_i9,0.8,1,0.7958274034782855,0.5622971632910632
dsj1000_or10,run-1781412575_i9,0.8,2,0.8000222540074727,0.5727398078606558
dsj1000_or10,run-1781412575_i9,0.8,3,0.7873142610811793,0.5845488517871135
dsj1000_or10,run-1781412575_i9,0.8,4,0.8087130311316338,0.568306861439796
dsj1000_or10,run-1781412575_i9,0.9,0,0.9006141365559132,0.5335172051484108
dsj1000_or10,run-1781412575_i9,0.9,1,0.9007402943932484,0.5359590714033413
dsj1000_or10,run-1781412575_i9,0.9,2,0.9067486429671682,0.538774582713601
dsj1000_or10,run-1781412575_i9,0.9,3,0.8986398187587156,0.5414566764651639
dsj1000_or10,run-1781412575_i9,0.9,4,0.8911244660270856,0.5437771074392568
dsj1000_or10,run-1781412575_i9,0.95,0,0.9521507133650957,0.5192402926280247
dsj1000_or10,run-1781412575_i9,0.95,1,0.9522303568548508,0.5131478622751567
dsj1000_or10,run-1781412575_i9,0.95,2,0.9469414706594201,0.5064793033717139
dsj1000_or10,run-1781412575_i9,0.95,3,0.9429637579067989,0.5087588772404464
dsj1000_or10,run-1781412575_i9,0.95,4,0.9513757524648774,0.5129190312043713
dsj1000_or10,run-1781414089_i9,0.0,0,0.002637822569533471,0.7413508721289843
dsj1000_or10,run-1781414089_i9,0.0,1,0.03485265504112508,0.7328174417516609
dsj1000_or10,run-1781414089_i9,0.0,2,0.019663432977276584,0.737865679027155
dsj1000_or10,run-1781414089_i9,0.0,3,0.047392340754418866,0.7335890958095745
dsj1000_or10,run-1781414089_i9,0.0,4,0.060634596381532235,0.7243531236736641
dsj1000_or10,run-1781414089_i9,0.1,0,0.06409304866302322,0.7289982076774268
dsj1000_or10,run-1781414089_i9,0.1,1,0.09566543692518555,0.7153844425218261
dsj1000_or10,run-1781414089_i9,0.1,2,0.05975456646387993,0.7291237539655094
dsj1000_or10,run-1781414089_i9,0.1,3,0.12129564323633825,0.7200920706501315
dsj1000_or10,run-1781414089_i9,0.1,4,0.08336870258755029,0.7231688898193563
dsj1000_or10,run-1781414089_i9,0.2,0,0.22600363544412222,0.691607037661017
dsj1000_or10,run-1781414089_i9,0.2,1,0.2672389861754363,0.6954512416263282
dsj1000_or10,run-1781414089_i9,0.2,2,0.23435596940528092,0.6994777342973237
dsj1000_or10,run-1781414089_i9,0.2,3,0.16575402192245056,0.7052192357305914
dsj1000_or10,run-1781414089_i9,0.2,4,0.14560377932048754,0.7060502368673542
dsj1000_or10,run-1781414089_i9,0.3,0,0.3716604668567189,0.6796664218478327
dsj1000_or10,run-1781414089_i9,0.3,1,0.32136466520831714,0.6794987324354439
dsj1000_or10,run-1781414089_i9,0.3,2,0.34056631826590233,0.6808240804477299
dsj1000_or10,run-1781414089_i9,0.3,3,0.29651089364692057,0.6834147563104365
dsj1000_or10,run-1781414089_i9,0.3,4,0.313790156536081,0.6882511962976553
dsj1000_or10,run-1781414089_i9,0.4,0,0.36590727731588935,0.6622321017592312
dsj1000_or10,run-1781414089_i9,0.4,1,0.40381653393397426,0.6642522656065761
dsj1000_or10,run-1781414089_i9,0.4,2,0.4034581073492805,0.658203417778444
dsj1000_or10,run-1781414089_i9,0.4,3,0.374913814611167,0.6786926009422021
dsj1000_or10,run-1781414089_i9,0.4,4,0.4532948799272113,0.656812324866927
dsj1000_or10,run-1781414089_i9,0.5,0,0.4553512152922944,0.6435644864722879
dsj1000_or10,run-1781414089_i9,0.5,1,0.5135013716201686,0.6396870165818286
dsj1000_or10,run-1781414089_i9,0.5,2,0.5131700152055511,0.6490482302358563
dsj1000_or10,run-1781414089_i9,0.5,3,0.522509223881832,0.6439425089712919
dsj1000_or10,run-1781414089_i9,0.5,4,0.5149393402637795,0.6345499002445134
dsj1000_or10,run-1781414089_i9,0.6,0,0.598329399719179,0.6263486867975687
dsj1000_or10,run-1781414089_i9,0.6,1,0.5589476074675532,0.6365860098447843
dsj1000_or10,run-1781414089_i9,0.6,2,0.5997429583545972,0.6263568356087525
dsj1000_or10,run-1781414089_i9,0.6,3,0.581335393848359,0.6323168496112894
dsj1000_or10,run-1781414089_i9,0.6,4,0.6071054853767395,0.6227265073990235
dsj1000_or10,run-1781414089_i9,0.7,0,0.6816538922299717,0.6001126824046426
dsj1000_or10,run-1781414089_i9,0.7,1,0.6961970879345817,0.6041355331435909
dsj1000_or10,run-1781414089_i9,0.7,2,0.6741282035741207,0.6105587298263457
dsj1000_or10,run-1781414089_i9,0.7,3,0.7152057281100493,0.5998482861959168
dsj1000_or10,run-1781414089_i9,0.7,4,0.7146256919029899,0.5926166457674383
dsj1000_or10,run-1781414089_i9,0.8,0,0.819303364311124,0.5702484753415272
dsj1000_or10,run-1781414089_i9,0.8,1,0.7804868715743052,0.5841526384125245
dsj1000_or10,run-1781414089_i9,0.8,2,0.8203344037593353,0.5647347980262294
dsj1000_or10,run-1781414089_i9,0.8,3,0.7960783977793696,0.5693928780795767
dsj1000_or10,run-1781414089_i9,0.8,4,0.8052310928326799,0.5792356181540689
dsj1000_or10,run-1781414089_i9,0.9,0,0.8973843452292384,0.5448864468039589
dsj1000_or10,run-1781414089_i9,0.9,1,0.898656764139268,0.5413443320277689
dsj1000_or10,run-1781414089_i9,0.9,2,0.8937924163023299,0.5510794849089735
dsj1000_or10,run-1781414089_i9,0.9,3,0.9068477350989006,0.5469452015815013
dsj1000_or10,run-1781414089_i9,0.9,4,0.8989690157549038,0.5438891261510336
dsj1000_or10,run-1781414089_i9,0.95,0,0.9451054124655035,0.5254826832140254
dsj1000_or10,run-1781414089_i9,0.95,1,0.9465037809719847,0.5235734747455104
dsj1000_or10,run-1781414089_i9,0.95,2,0.9508065172458181,0.5161747662394653
dsj1000_or10,run-1781414089_i9,0.95,3,0.9494826030429636,0.527374750703289
dsj1000_or10,run-1781414089_i9,0.95,4,0.9460231229716538,0.5326844526493989
dsj1000_or10,run-1781415380_i9,0.0,0,0.07493675677959406,0.7213045397018758
dsj1000_or10,run-1781415380_i9,0.0,1,0.012693365347111723,0.7335922971873547
dsj1000_or10,run-1781415380_i9,0.0,2,0.03458156375633415,0.7336035560089629
dsj1000_or10,run-1781415380_i9,0.0,3,-0.007054067044360761,0.7387227923679947
dsj1000_or10,run-1781415380_i9,0.0,4,0.012804536797230554,0.7411813631840073
dsj1000_or10,run-1781415380_i9,0.1,0,0.09034514867931533,0.7187321322568075
dsj1000_or10,run-1781415380_i9,0.1,1,0.07494917502090122,0.7254095370133897
dsj1000_or10,run-1781415380_i9,0.1,2,0.14285175707282677,0.7171438339225185
dsj1000_or10,run-1781415380_i9,0.1,3,0.0886340913980195,0.7240778491200913
dsj1000_or10,run-1781415380_i9,0.1,4,0.09784998776348823,0.7201271471539186
dsj1000_or10,run-1781415380_i9,0.2,0,0.19955682973169728,0.7117584842350967
dsj1000_or10,run-1781415380_i9,0.2,1,0.09979025484213568,0.7194256123611248
dsj1000_or10,run-1781415380_i9,0.2,2,0.1966465230817919,0.7119931507349452
dsj1000_or10,run-1781415380_i9,0.2,3,0.19634790702539986,0.7100696978543278
dsj1000_or10,run-1781415380_i9,0.2,4,0.24199979078361278,0.6879212573793926
dsj1000_or10,run-1781415380_i9,0.3,0,0.2610411904987649,0.6739379040335063
dsj1000_or10,run-1781415380_i9,0.3,1,0.2666335192252563,0.6885716993028146
dsj1000_or10,run-1781415380_i9,0.3,2,0.28652109414435584,0.6871376508499975
dsj1000_or10,run-1781415380_i9,0.3,3,0.3149754195739584,0.6893576658813934
dsj1000_or10,run-1781415380_i9,0.3,4,0.30428061041952265,0.6824750936843067
dsj1000_or10,run-1781415380_i9,0.4,0,0.3941801914442069,0.6565820457287381
dsj1000_or10,run-1781415380_i9,0.4,1,0.38417572952742063,0.6714516516385389
dsj1000_or10,run-1781415380_i9,0.4,2,0.40122298232067527,0.6683358761987794
dsj1000_or10,run-1781415380_i9,0.4,3,0.41120364863188347,0.6717062123854497
dsj1000_or10,run-1781415380_i9,0.4,4,0.4604973298338331,0.6564125004558218
dsj1000_or10,run-1781415380_i9,0.5,0,0.5226314436341375,0.6258682443700062
dsj1000_or10,run-1781415380_i9,0.5,1,0.5189539816952846,0.6456747631452564
dsj1000_or10,run-1781415380_i9,0.5,2,0.4919419359656242,0.6416042104344918
dsj1000_or10,run-1781415380_i9,0.5,3,0.48504514255011166,0.6467657604369765
dsj1000_or10,run-1781415380_i9,0.5,4,0.5047374518285408,0.6487886949703798
dsj1000_or10,run-1781415380_i9,0.6,0,0.5883706350494007,0.6348410655883495
dsj1000_or10,run-1781415380_i9,0.6,1,0.5860291098732893,0.626085275981899
dsj1000_or10,run-1781415380_i9,0.6,2,0.5709610124812854,0.6288053862250933
dsj1000_or10,run-1781415380_i9,0.6,3,0.5748336822343068,0.6318519597843508
dsj1000_or10,run-1781415380_i9,0.6,4,0.6251546512445065,0.6208033082958134
dsj1000_or10,run-1781415380_i9,0.7,0,0.695080929560858,0.6032133503336493
dsj1000_or10,run-1781415380_i9,0.7,1,0.6708234492545581,0.6117639806955267
dsj1000_or10,run-1781415380_i9,0.7,2,0.7035069159088374,0.5972154016842182
dsj1000_or10,run-1781415380_i9,0.7,3,0.6904169474976737,0.6137808891107799
dsj1000_or10,run-1781415380_i9,0.7,4,0.6869970592554094,0.6120205383696398
dsj1000_or10,run-1781415380_i9,0.8,0,0.809409909082325,0.5782970041171489
dsj1000_or10,run-1781415380_i9,0.8,1,0.7860807465260811,0.5736583961607556
dsj1000_or10,run-1781415380_i9,0.8,2,0.7831536846472177,0.5902307437824239
dsj1000_or10,run-1781415380_i9,0.8,3,0.8058803962488708,0.566348148957082
dsj1000_or10,run-1781415380_i9,0.8,4,0.8138004151608672,0.5801215085372101
dsj1000_or10,run-1781415380_i9,0.9,0,0.9094410691318444,0.5411154594563197
dsj1000_or10,run-1781415380_i9,0.9,1,0.9033163607145757,0.5455760413973424
dsj1000_or10,run-1781415380_i9,0.9,2,0.8917553972997474,0.5452049913465874
dsj1000_or10,run-1781415380_i9,0.9,3,0.9021127743583153,0.5427802530872722
dsj1000_or10,run-1781415380_i9,0.9,4,0.899539017950122,0.5484385883445554
dsj1000_or10,run-1781415380_i9,0.95,0,0.9497458519019749,0.5233141097057474
dsj1000_or10,run-1781415380_i9,0.95,1,0.9481039117472093,0.5242594948210068
dsj1000_or10,run-1781415380_i9,0.95,2,0.9480173021038204,0.5129144325817612
dsj1000_or10,run-1781415380_i9,0.95,3,0.9516606319498605,0.52200465014895
dsj1000_or10,run-1781415380_i9,0.95,4,0.9459886905867234,0.5192779091176503
dsj1000_or2,run-1782755207_i9,0.0,0,-0.04929095575891317,0.7421215443508049
dsj1000_or2,run-1782755207_i9,0.0,1,-0.00213722804212435,0.731810957573617
dsj1000_or2,run-1782755207_i9,0.0,2,0.03071688099280527,0.7153420446946775
dsj1000_or2,run-1782755207_i9,0.0,3,-0.013901201492998845,0.7421763515083132
dsj1000_or2,run-1782755207_i9,0.0,4,-0.007719740736691505,0.7308770465465854
dsj1000_or2,run-1782755207_i9,0.1,0,0.10199377190945873,0.7175710985304212
dsj1000_or2,run-1782755207_i9,0.1,1,0.09934560078240935,0.7215002452345216
dsj1000_or2,run-1782755207_i9,0.1,2,0.0819849809495393,0.7274507201168116
dsj1000_or2,run-1782755207_i9,0.1,3,0.15530129537899182,0.7018573095786799
dsj1000_or2,run-1782755207_i9,0.1,4,0.15151076382334705,0.6960649589401436
dsj1000_or2,run-1782755207_i9,0.2,0,0.18233964180083714,0.7021084903400779
dsj1000_or2,run-1782755207_i9,0.2,1,0.21673057630985632,0.7019533885650447
dsj1000_or2,run-1782755207_i9,0.2,2,0.2267835361388749,0.700083950014608
dsj1000_or2,run-1782755207_i9,0.2,3,0.13017165789920687,0.7102886491660837
dsj1000_or2,run-1782755207_i9,0.2,4,0.1758291540903102,0.7014286979039862
dsj1000_or2,run-1782755207_i9,0.3,0,0.27834657764979326,0.6779667567189559
dsj1000_or2,run-1782755207_i9,0.3,1,0.3090237168291954,0.6771015923050863
dsj1000_or2,run-1782755207_i9,0.3,2,0.27768560003678205,0.678250538763331
dsj1000_or2,run-1782755207_i9,0.3,3,0.2885338809692956,0.6861092430143445
dsj1000_or2,run-1782755207_i9,0.3,4,0.29415053783182915,0.6831857657432029
dsj1000_or2,run-1782755207_i9,0.4,0,0.41399862427130646,0.6542262933262446
dsj1000_or2,run-1782755207_i9,0.4,1,0.3877891407496288,0.6684553461711098
dsj1000_or2,run-1782755207_i9,0.4,2,0.4352898784075524,0.660449824183763
dsj1000_or2,run-1782755207_i9,0.4,3,0.3952010991391916,0.6568305003502821
dsj1000_or2,run-1782755207_i9,0.4,4,0.37191057467906746,0.6369480146213483
dsj1000_or2,run-1782755207_i9,0.5,0,0.4881834993383815,0.6469173565626004
dsj1000_or2,run-1782755207_i9,0.5,1,0.4827740582008899,0.6412353867654562
dsj1000_or2,run-1782755207_i9,0.5,2,0.5243813567328041,0.6202812649560063
dsj1000_or2,run-1782755207_i9,0.5,3,0.5063973413788583,0.6339706565757153
dsj1000_or2,run-1782755207_i9,0.5,4,0.48965736966628526,0.6497658468232604
dsj1000_or2,run-1782755207_i9,0.6,0,0.5882157740116735,0.6064986864278934
dsj1000_or2,run-1782755207_i9,0.6,1,0.585721295716421,0.630047578157535
dsj1000_or2,run-1782755207_i9,0.6,2,0.5804341800275042,0.6215072487243865
dsj1000_or2,run-1782755207_i9,0.6,3,0.5820915091443046,0.6337905324093668
dsj1000_or2,run-1782755207_i9,0.6,4,0.5864019458943663,0.6240163855989282
dsj1000_or2,run-1782755207_i9,0.7,0,0.6960004350073803,0.5957954260605435
dsj1000_or2,run-1782755207_i9,0.7,1,0.7063641596560307,0.5942543124873433
dsj1000_or2,run-1782755207_i9,0.7,2,0.7059515940877593,0.5902284493415153
dsj1000_or2,run-1782755207_i9,0.7,3,0.7088355862303112,0.5936251241858925
dsj1000_or2,run-1782755207_i9,0.7,4,0.6973933231262349,0.5871848313259679
dsj1000_or2,run-1782755207_i9,0.8,0,0.800463459077669,0.5694349684495469
dsj1000_or2,run-1782755207_i9,0.8,1,0.8087595222226289,0.5610662596318297
dsj1000_or2,run-1782755207_i9,0.8,2,0.8093889414566421,0.5663080522447175
dsj1000_or2,run-1782755207_i9,0.8,3,0.810697086218857,0.5702773606278526
dsj1000_or2,run-1782755207_i9,0.8,4,0.8074920154847663,0.5521466516360528
dsj1000_or2,run-1782755207_i9,0.9,0,0.8943739518286808,0.5353317322567812
dsj1000_or2,run-1782755207_i9,0.9,1,0.9037717667618494,0.5294538805542705
dsj1000_or2,run-1782755207_i9,0.9,2,0.9035579690285249,0.529321311246243
dsj1000_or2,run-1782755207_i9,0.9,3,0.8961142906481533,0.5254376730078332
dsj1000_or2,run-1782755207_i9,0.9,4,0.9134164510815664,0.5182064277885259
dsj1000_or2,run-1782755207_i9,0.95,0,0.951134605469458,0.501095954896675
dsj1000_or2,run-1782755207_i9,0.95,1,0.9476346225651482,0.511044660765876
dsj1000_or2,run-1782755207_i9,0.95,2,0.9544679812891127,0.4898375256456063
dsj1000_or2,run-1782755207_i9,0.95,3,0.9558318674339715,0.4803186073609033
dsj1000_or2,run-1782755207_i9,0.95,4,0.9482496289640603,0.5123543920396694
dsj1000_or2,run-1782769753_i9,0.0,0,0.040471330622431974,0.7154739825603135
dsj1000_or2,run-1782769753_i9,0.0,1,0.035226652644925714,0.7364638209734792
dsj1000_or2,run-1782769753_i9,0.0,2,-0.05811543219703236,0.7360769830091997
dsj1000_or2,run-1782769753_i9,0.0,3,-0.03987169112908358,0.7471116048219087
dsj1000_or2,run-1782769753_i9,0.0,4,0.01698176757151719,0.7279260664997249
dsj1000_or2,run-1782769753_i9,0.1,0,0.12944873358138728,0.709424977032829
dsj1000_or2,run-1782769753_i9,0.1,1,0.026479662163217992,0.7261195985920766
dsj1000_or2,run-1782769753_i9,0.1,2,0.05275825031418205,0.7155575485575335
dsj1000_or2,run-1782769753_i9,0.1,3,0.12401836545451997,0.7219093646074304
dsj1000_or2,run-1782769753_i9,0.1,4,0.12810887739747237,0.7092959306219111
dsj1000_or2,run-1782769753_i9,0.2,0,0.19013548362893842,0.6891883269212724
dsj1000_or2,run-1782769753_i9,0.2,1,0.1657834759357052,0.6917190760003888
dsj1000_or2,run-1782769753_i9,0.2,2,0.20866993755799365,0.6896748077486864
dsj1000_or2,run-1782769753_i9,0.2,3,0.21749931148550652,0.6864627033279876
dsj1000_or2,run-1782769753_i9,0.2,4,0.2304667940041787,0.6834460244522237
dsj1000_or2,run-1782769753_i9,0.3,0,0.32632919813747624,0.6699469431372916
dsj1000_or2,run-1782769753_i9,0.3,1,0.2527217192680685,0.6875273941042268
dsj1000_or2,run-1782769753_i9,0.3,2,0.3155826817972754,0.6699720419818797
dsj1000_or2,run-1782769753_i9,0.3,3,0.24201515280273822,0.6926491124947116
dsj1000_or2,run-1782769753_i9,0.3,4,0.2866774270053256,0.677541125281994
dsj1000_or2,run-1782769753_i9,0.4,0,0.41376535479349097,0.6606700262828816
dsj1000_or2,run-1782769753_i9,0.4,1,0.35667745023715924,0.6575861281372508
dsj1000_or2,run-1782769753_i9,0.4,2,0.32419084119536146,0.6792525033484278
dsj1000_or2,run-1782769753_i9,0.4,3,0.4063229219061835,0.6520711298636204
dsj1000_or2,run-1782769753_i9,0.4,4,0.3651111789080407,0.6574396410725808
dsj1000_or2,run-1782769753_i9,0.5,0,0.5168039245433399,0.6182874137253802
dsj1000_or2,run-1782769753_i9,0.5,1,0.4954693667245199,0.6398061556064929
dsj1000_or2,run-1782769753_i9,0.5,2,0.4995504556751328,0.6376693939689373
dsj1000_or2,run-1782769753_i9,0.5,3,0.49096492049028356,0.6414286302811495
dsj1000_or2,run-1782769753_i9,0.5,4,0.5324015358247838,0.639972799718256
dsj1000_or2,run-1782769753_i9,0.6,0,0.6062732347972828,0.6177073897452405
dsj1000_or2,run-1782769753_i9,0.6,1,0.5931699166829693,0.5989214423696072
dsj1000_or2,run-1782769753_i9,0.6,2,0.6443802523465967,0.6073993849745236
dsj1000_or2,run-1782769753_i9,0.6,3,0.6092863344404085,0.6232546626712522
dsj1000_or2,run-1782769753_i9,0.6,4,0.5765364837212416,0.6218929736638525
dsj1000_or2,run-1782769753_i9,0.7,0,0.6899993968000419,0.5835884232821656
dsj1000_or2,run-1782769753_i9,0.7,1,0.6855468522871898,0.5945788109813347
dsj1000_or2,run-1782769753_i9,0.7,2,0.6757468348851919,0.5924397311471231
dsj1000_or2,run-1782769753_i9,0.7,3,0.7175200738262226,0.5793230847471571
dsj1000_or2,run-1782769753_i9,0.7,4,0.7215101390792686,0.5775790287008837
dsj1000_or2,run-1782769753_i9,0.8,0,0.7790072363253078,0.5637917931708339
dsj1000_or2,run-1782769753_i9,0.8,1,0.7837147284759457,0.5619564036169185
dsj1000_or2,run-1782769753_i9,0.8,2,0.7977279072483435,0.5561813742379076
dsj1000_or2,run-1782769753_i9,0.8,3,0.7981062117906378,0.5531269338233915
dsj1000_or2,run-1782769753_i9,0.8,4,0.7966340573963846,0.5546681164619017
dsj1000_or2,run-1782769753_i9,0.9,0,0.904465076754961,0.5235005372942089
dsj1000_or2,run-1782769753_i9,0.9,1,0.9095512497654787,0.5204011259412517
dsj1000_or2,run-1782769753_i9,0.9,2,0.9019513505477186,0.5177975737062707
dsj1000_or2,run-1782769753_i9,0.9,3,0.9060186662747043,0.5165901923565546
dsj1000_or2,run-1782769753_i9,0.9,4,0.9063935237479158,0.5132996443945349
dsj1000_or2,run-1782769753_i9,0.95,0,0.9515120303383909,0.48759239901441054
dsj1000_or2,run-1782769753_i9,0.95,1,0.9497956307784816,0.5000018710964251
dsj1000_or2,run-1782769753_i9,0.95,2,0.9429670772419558,0.49603422421497834
dsj1000_or2,run-1782769753_i9,0.95,3,0.9505073828068853,0.4853256765143528
dsj1000_or2,run-1782769753_i9,0.95,4,0.9545484616718138,0.49750186051555917
dsj1000_or2,run-1782782593_i9,0.0,0,-0.023269704871265777,0.7328850946694937
dsj1000_or2,run-1782782593_i9,0.0,1,-0.048721948641207394,0.7415215058355211
dsj1000_or2,run-1782782593_i9,0.0,2,-0.041365345585196694,0.7319702671140194
dsj1000_or2,run-1782782593_i9,0.0,3,0.0011130598788320796,0.738682130974691
dsj1000_or2,run-1782782593_i9,0.0,4,0.0117097116711521,0.7215473837317719
dsj1000_or2,run-1782782593_i9,0.1,0,0.11656122916741435,0.7222362936779019
dsj1000_or2,run-1782782593_i9,0.1,1,0.13980182581709208,0.7012674021783126
dsj1000_or2,run-1782782593_i9,0.1,2,0.08967921621708715,0.7149663594060286
dsj1000_or2,run-1782782593_i9,0.1,3,0.10653800193370688,0.7064873183031741
dsj1000_or2,run-1782782593_i9,0.1,4,0.11315980385808706,0.7060872985247411
dsj1000_or2,run-1782782593_i9,0.2,0,0.19192783654291568,0.692383312588074
dsj1000_or2,run-1782782593_i9,0.2,1,0.20209638268439858,0.6942377804784065
dsj1000_or2,run-1782782593_i9,0.2,2,0.19449679634151315,0.6863706427470425
dsj1000_or2,run-1782782593_i9,0.2,3,0.17799084967324244,0.6861076997506605
dsj1000_or2,run-1782782593_i9,0.2,4,0.20672650083831692,0.6767010355678745
dsj1000_or2,run-1782782593_i9,0.3,0,0.29093597854544956,0.6667735429101904
dsj1000_or2,run-1782782593_i9,0.3,1,0.3298012019431021,0.6722005788067675
dsj1000_or2,run-1782782593_i9,0.3,2,0.22723160607255596,0.6784212516964425
dsj1000_or2,run-1782782593_i9,0.3,3,0.3530353399746564,0.6642397731274675
dsj1000_or2,run-1782782593_i9,0.3,4,0.33361974140178124,0.6757213756361796
dsj1000_or2,run-1782782593_i9,0.4,0,0.3588226765868236,0.6660208810228351
dsj1000_or2,run-1782782593_i9,0.4,1,0.4308707245011216,0.637934366521723
dsj1000_or2,run-1782782593_i9,0.4,2,0.3602313219382094,0.6561525142779089
dsj1000_or2,run-1782782593_i9,0.4,3,0.39490830924299786,0.6452899696727259
dsj1000_or2,run-1782782593_i9,0.4,4,0.34499538253183726,0.6582623592025021
dsj1000_or2,run-1782782593_i9,0.5,0,0.5042761635954595,0.6261029520622983
dsj1000_or2,run-1782782593_i9,0.5,1,0.5361334604356965,0.621712235234745
dsj1000_or2,run-1782782593_i9,0.5,2,0.4914519107110433,0.6304908793203952
dsj1000_or2,run-1782782593_i9,0.5,3,0.44409533764246417,0.6380285773759962
dsj1000_or2,run-1782782593_i9,0.5,4,0.5150061206733119,0.6328110743241482
dsj1000_or2,run-1782782593_i9,0.6,0,0.5880575504650993,0.6208781382039301
dsj1000_or2,run-1782782593_i9,0.6,1,0.5985049578133992,0.605881868912793
dsj1000_or2,run-1782782593_i9,0.6,2,0.6091711582572997,0.604376195214334
dsj1000_or2,run-1782782593_i9,0.6,3,0.6048266413818638,0.5993399499297977
dsj1000_or2,run-1782782593_i9,0.6,4,0.5639697342137495,0.6202500817989827
dsj1000_or2,run-1782782593_i9,0.7,0,0.6403640025380801,0.6057512780617915
dsj1000_or2,run-1782782593_i9,0.7,1,0.6835146820073664,0.5945438804439507
dsj1000_or2,run-1782782593_i9,0.7,2,0.7047074226849224,0.5803703951079051
dsj1000_or2,run-1782782593_i9,0.7,3,0.6907657696117885,0.5863686984928353
dsj1000_or2,run-1782782593_i9,0.7,4,0.7073433832398776,0.5744325780054751
dsj1000_or2,run-1782782593_i9,0.8,0,0.797301756930668,0.5576920221532614
dsj1000_or2,run-1782782593_i9,0.8,1,0.8113883141379363,0.5584547097499049
dsj1000_or2,run-1782782593_i9,0.8,2,0.7915745476830941,0.5547841510386131
dsj1000_or2,run-1782782593_i9,0.8,3,0.7925836326981466,0.5445234555451334
dsj1000_or2,run-1782782593_i9,0.8,4,0.8062789102285566,0.5521370595454832
dsj1000_or2,run-1782782593_i9,0.9,0,0.8935691487805296,0.5175553435255656
dsj1000_or2,run-1782782593_i9,0.9,1,0.9017685422482609,0.5207841959266017
dsj1000_or2,run-1782782593_i9,0.9,2,0.8945895215639539,0.5160898513586574
dsj1000_or2,run-1782782593_i9,0.9,3,0.8961681796680959,0.5237818853974122
dsj1000_or2,run-1782782593_i9,0.9,4,0.8973837034495868,0.512340326184838
dsj1000_or2,run-1782782593_i9,0.95,0,0.950053526858728,0.5000611285440663
dsj1000_or2,run-1782782593_i9,0.95,1,0.9477939585695903,0.508139960715118
dsj1000_or2,run-1782782593_i9,0.95,2,0.9510690556785598,0.5032321112009435
dsj1000_or2,run-1782782593_i9,0.95,3,0.9462068716725303,0.5099985581668756
dsj1000_or2,run-1782782593_i9,0.95,4,0.9471993361152562,0.5026284570326982
dsj1000_or30,run-1781510105_i9,0.0,0,0.007570088304923772,0.7386493768945773
dsj1000_or30,run-1781510105_i9,0.0,1,0.027601509124776727,0.7257876312718786
dsj1000_or30,run-1781510105_i9,0.0,2,0.008993306230655007,0.740253659559804
dsj1000_or30,run-1781510105_i9,0.0,3,-0.05763298626188085,0.747565172406037
dsj1000_or30,run-1781510105_i9,0.0,4,-0.025682008479344567,0.7582352612044687
dsj1000_or30,run-1781510105_i9,0.1,0,0.06758380116117631,0.7241663903182416
dsj1000_or30,run-1781510105_i9,0.1,1,0.09461114695575822,0.7250538446792436
dsj1000_or30,run-1781510105_i9,0.1,2,0.1012424545247537,0.7241980160958263
dsj1000_or30,run-1781510105_i9,0.1,3,0.13061134669899405,0.7214917674768752
dsj1000_or30,run-1781510105_i9,0.1,4,0.08998143405269048,0.7217960221324959
dsj1000_or30,run-1781510105_i9,0.2,0,0.18720850884583293,0.7150885399763496
dsj1000_or30,run-1781510105_i9,0.2,1,0.18614615974042445,0.7036764431856296
dsj1000_or30,run-1781510105_i9,0.2,2,0.21900819372119104,0.7067386750163314
dsj1000_or30,run-1781510105_i9,0.2,3,0.19869138559684632,0.7068180967705722
dsj1000_or30,run-1781510105_i9,0.2,4,0.22946452785463953,0.6990284506364156
dsj1000_or30,run-1781510105_i9,0.3,0,0.31592358113459984,0.6800411867442735
dsj1000_or30,run-1781510105_i9,0.3,1,0.28117423935990865,0.6929647940299177
dsj1000_or30,run-1781510105_i9,0.3,2,0.2807003731809641,0.6877028644080473
dsj1000_or30,run-1781510105_i9,0.3,3,0.23987653871419126,0.6913099967425125
dsj1000_or30,run-1781510105_i9,0.3,4,0.2695849177775714,0.6860594830329234
dsj1000_or30,run-1781510105_i9,0.4,0,0.4208697130168896,0.6626819126819127
dsj1000_or30,run-1781510105_i9,0.4,1,0.3740313632246072,0.6731848280560432
dsj1000_or30,run-1781510105_i9,0.4,2,0.3974753462589967,0.6670070775538298
dsj1000_or30,run-1781510105_i9,0.4,3,0.4478322532668903,0.6601897842409564
dsj1000_or30,run-1781510105_i9,0.4,4,0.3863806130357547,0.6601169113546972
dsj1000_or30,run-1781510105_i9,0.5,0,0.4799275365933991,0.6571726007699106
dsj1000_or30,run-1781510105_i9,0.5,1,0.4905418960934234,0.64793277799736
dsj1000_or30,run-1781510105_i9,0.5,2,0.5422533769310064,0.6401040435091038
dsj1000_or30,run-1781510105_i9,0.5,3,0.502839310465511,0.6436695202725699
dsj1000_or30,run-1781510105_i9,0.5,4,0.5289438444980145,0.6400910563739461
dsj1000_or30,run-1781510105_i9,0.6,0,0.6090091455636297,0.6173009858809779
dsj1000_or30,run-1781510105_i9,0.6,1,0.6388945628187892,0.61720051428252
dsj1000_or30,run-1781510105_i9,0.6,2,0.6079979271632241,0.6279424863214149
dsj1000_or30,run-1781510105_i9,0.6,3,0.6336352375101307,0.6241012992270611
dsj1000_or30,run-1781510105_i9,0.6,4,0.5667136764419604,0.6301662752115722
dsj1000_or30,run-1781510105_i9,0.7,0,0.6768140832753575,0.611917152723477
dsj1000_or30,run-1781510105_i9,0.7,1,0.7014540149991949,0.6035319166390114
dsj1000_or30,run-1781510105_i9,0.7,2,0.7072278261583089,0.6067628214701754
dsj1000_or30,run-1781510105_i9,0.7,3,0.7117704369307724,0.6022431134773486
dsj1000_or30,run-1781510105_i9,0.7,4,0.7039001619061552,0.5979485476806912
dsj1000_or30,run-1781510105_i9,0.8,0,0.8002643873094495,0.5799251721488201
dsj1000_or30,run-1781510105_i9,0.8,1,0.7852392173000041,0.5868070068067829
dsj1000_or30,run-1781510105_i9,0.8,2,0.8116887861280553,0.5856558439363033
dsj1000_or30,run-1781510105_i9,0.8,3,0.7962756075399131,0.5865230217707905
dsj1000_or30,run-1781510105_i9,0.8,4,0.7951068585862056,0.5822700324396883
dsj1000_or30,run-1781510105_i9,0.9,0,0.8989355371575487,0.5455128253052131
dsj1000_or30,run-1781510105_i9,0.9,1,0.9079906950474812,0.5535303146584805
dsj1000_or30,run-1781510105_i9,0.9,2,0.8978633517640223,0.5494045149982997
dsj1000_or30,run-1781510105_i9,0.9,3,0.9112400888362585,0.5376621003203778
dsj1000_or30,run-1781510105_i9,0.9,4,0.9041684724249155,0.549658902111094
dsj1000_or30,run-1781510105_i9,0.95,0,0.952081406705387,0.5200415936545495
dsj1000_or30,run-1781510105_i9,0.95,1,0.9492398889979834,0.5207515234846418
dsj1000_or30,run-1781510105_i9,0.95,2,0.9571691817513076,0.5210792674506701
dsj1000_or30,run-1781510105_i9,0.95,3,0.9486696241966159,0.5386493583893618
dsj1000_or30,run-1781510105_i9,0.95,4,0.9532209166928906,0.5172351348828526
dsj1000_or30,run-1781510891_i9,0.0,0,-0.020410334487741735,0.7485615033537205
dsj1000_or30,run-1781510891_i9,0.0,1,-0.027053262792420093,0.7469541865077891
dsj1000_or30,run-1781510891_i9,0.0,2,-0.01112844460699852,0.7433338634926153
dsj1000_or30,run-1781510891_i9,0.0,3,-0.059866664846028164,0.7544871057193661
dsj1000_or30,run-1781510891_i9,0.0,4,-0.0056000226578300704,0.7370949485862605
dsj1000_or30,run-1781510891_i9,0.1,0,0.1310407760707089,0.7250611332872137
dsj1000_or30,run-1781510891_i9,0.1,1,0.04046153972802596,0.7360625046340921
dsj1000_or30,run-1781510891_i9,0.1,2,0.0876697947209272,0.7294797859470211
dsj1000_or30,run-1781510891_i9,0.1,3,0.123268218463987,0.7245247007375014
dsj1000_or30,run-1781510891_i9,0.1,4,0.14712141540944454,0.716586990464817
dsj1000_or30,run-1781510891_i9,0.2,0,0.18682572654233023,0.7104917729709743
dsj1000_or30,run-1781510891_i9,0.2,1,0.22966319818477168,0.7106119321777945
dsj1000_or30,run-1781510891_i9,0.2,2,0.12268511852648557,0.7238027553838068
dsj1000_or30,run-1781510891_i9,0.2,3,0.23637377242169202,0.696756706581268
dsj1000_or30,run-1781510891_i9,0.2,4,0.21661289516868054,0.7050150172420186
dsj1000_or30,run-1781510891_i9,0.3,0,0.2764490178837074,0.6889078889900583
dsj1000_or30,run-1781510891_i9,0.3,1,0.29851241929107497,0.692119233857776
dsj1000_or30,run-1781510891_i9,0.3,2,0.28251460807870177,0.6969060280391209
dsj1000_or30,run-1781510891_i9,0.3,3,0.2780360681797286,0.6991834671468209
dsj1000_or30,run-1781510891_i9,0.3,4,0.30884078448577185,0.6937227427060039
dsj1000_or30,run-1781510891_i9,0.4,0,0.39247390781016567,0.6674991404138584
dsj1000_or30,run-1781510891_i9,0.4,1,0.4163929880721576,0.6764886331296869
dsj1000_or30,run-1781510891_i9,0.4,2,0.3985110887872839,0.6736441220317916
dsj1000_or30,run-1781510891_i9,0.4,3,0.41722648312342075,0.673516508889402
dsj1000_or30,run-1781510891_i9,0.4,4,0.35731747106471917,0.686937688054901
dsj1000_or30,run-1781510891_i9,0.5,0,0.5068605723374944,0.6450263345353348
dsj1000_or30,run-1781510891_i9,0.5,1,0.45460585970223893,0.6683128304377164
dsj1000_or30,run-1781510891_i9,0.5,2,0.4618236673417487,0.6596835380038267
dsj1000_or30,run-1781510891_i9,0.5,3,0.5151917458164679,0.6474013154225674
dsj1000_or30,run-1781510891_i9,0.5,4,0.5128736691705738,0.6485241628530383
dsj1000_or30,run-1781510891_i9,0.6,0,0.5888697341192833,0.632941702908198
dsj1000_or30,run-1781510891_i9,0.6,1,0.5994224254895449,0.6393669062616881
dsj1000_or30,run-1781510891_i9,0.6,2,0.5628198588333083,0.6383222854939644
dsj1000_or30,run-1781510891_i9,0.6,3,0.6030820452436105,0.6258085309742382
dsj1000_or30,run-1781510891_i9,0.6,4,0.6207953703321089,0.6278868616376378
dsj1000_or30,run-1781510891_i9,0.7,0,0.7036027600391117,0.6081072088724584
dsj1000_or30,run-1781510891_i9,0.7,1,0.7037939371898555,0.6055552679647693
dsj1000_or30,run-1781510891_i9,0.7,2,0.708771178838917,0.6184865404525958
dsj1000_or30,run-1781510891_i9,0.7,3,0.7067771716809849,0.5983500945123752
dsj1000_or30,run-1781510891_i9,0.7,4,0.7131378889177836,0.6081438294631535
dsj1000_or30,run-1781510891_i9,0.8,0,0.7824355550086628,0.5968092539399115
dsj1000_or30,run-1781510891_i9,0.8,1,0.8214509055783117,0.5710630850237632
dsj1000_or30,run-1781510891_i9,0.8,2,0.7964250359589921,0.5894970304380104
dsj1000_or30,run-1781510891_i9,0.8,3,0.7986370149888035,0.5854892888949658
dsj1000_or30,run-1781510891_i9,0.8,4,0.7939336453097778,0.5915728425382077
dsj1000_or30,run-1781510891_i9,0.9,0,0.9044861022566043,0.5315540460370195
dsj1000_or30,run-1781510891_i9,0.9,1,0.8903848803575487,0.553403315529764
dsj1000_or30,run-1781510891_i9,0.9,2,0.9027353508782233,0.5459378342270728
dsj1000_or30,run-1781510891_i9,0.9,3,0.8974159988510156,0.5449251647409946
dsj1000_or30,run-1781510891_i9,0.9,4,0.9066160974381656,0.5530620851923376
dsj1000_or30,run-1781510891_i9,0.95,0,0.9503062899737906,0.5249758745253474
dsj1000_or30,run-1781510891_i9,0.95,1,0.9483712786004259,0.5325515104684652
dsj1000_or30,run-1781510891_i9,0.95,2,0.9519605862808428,0.5288733824370974
dsj1000_or30,run-1781510891_i9,0.95,3,0.9484814198643083,0.5275229868423982
dsj1000_or30,run-1781510891_i9,0.95,4,0.9497592273809673,0.52913929625291
dsj1000_or30,run-1781511735_i9,0.0,0,-0.06936274247100685,0.7540277662001076
dsj1000_or30,run-1781511735_i9,0.0,1,-0.0399581853246845,0.7498771944408757
dsj1000_or30,run-1781511735_i9,0.0,2,0.01492756237736621,0.7389343213000196
dsj1000_or30,run-1781511735_i9,0.0,3,-0.05413460868195658,0.7487148877197871
dsj1000_or30,run-1781511735_i9,0.0,4,-0.03572841142812105,0.7346914525626469
dsj1000_or30,run-1781511735_i9,0.1,0,0.06235176115839131,0.7362212746688804
dsj1000_or30,run-1781511735_i9,0.1,1,0.13215211951419822,0.7223921424223523
dsj1000_or30,run-1781511735_i9,0.1,2,0.09900908544114559,0.7400472360140652
dsj1000_or30,run-1781511735_i9,0.1,3,0.10804096228193874,0.7162898793300385
dsj1000_or30,run-1781511735_i9,0.1,4,0.09736826967029566,0.732350823219813
dsj1000_or30,run-1781511735_i9,0.2,0,0.18787582849649595,0.7134619448721432
dsj1000_or30,run-1781511735_i9,0.2,1,0.25408133692174684,0.6895847592114862
dsj1000_or30,run-1781511735_i9,0.2,2,0.12254765459126657,0.7250209432381642
dsj1000_or30,run-1781511735_i9,0.2,3,0.20186571655913982,0.6969896222374186
dsj1000_or30,run-1781511735_i9,0.2,4,0.2629949416699976,0.6985036174209561
dsj1000_or30,run-1781511735_i9,0.3,0,0.3108818064930167,0.6912548303345006
dsj1000_or30,run-1781511735_i9,0.3,1,0.34846530091246325,0.6772550409459032
dsj1000_or30,run-1781511735_i9,0.3,2,0.2848907903840319,0.6982825447238299
dsj1000_or30,run-1781511735_i9,0.3,3,0.24931860721729163,0.6999394151492231
dsj1000_or30,run-1781511735_i9,0.3,4,0.24565902914332924,0.7061260716848585
dsj1000_or30,run-1781511735_i9,0.4,0,0.4148046234985886,0.6622747047855811
dsj1000_or30,run-1781511735_i9,0.4,1,0.42206243418856754,0.6688788659793814
dsj1000_or30,run-1781511735_i9,0.4,2,0.4207487789561069,0.6531216624798809
dsj1000_or30,run-1781511735_i9,0.4,3,0.4549274480863394,0.6528238136584997
dsj1000_or30,run-1781511735_i9,0.4,4,0.39018274171108097,0.6756335722752159
dsj1000_or30,run-1781511735_i9,0.5,0,0.5009792365216801,0.643300311158435
dsj1000_or30,run-1781511735_i9,0.5,1,0.5232169802643754,0.6406725289655433
dsj1000_or30,run-1781511735_i9,0.5,2,0.47789771084177424,0.6528674287047735
dsj1000_or30,run-1781511735_i9,0.5,3,0.4885324168099352,0.6545964588168042
dsj1000_or30,run-1781511735_i9,0.5,4,0.46783690336543465,0.6601841601142594
dsj1000_or30,run-1781511735_i9,0.6,0,0.59819719001149,0.6227512769131096
dsj1000_or30,run-1781511735_i9,0.6,1,0.5974027617598945,0.6241754965887822
dsj1000_or30,run-1781511735_i9,0.6,2,0.5870477063604569,0.6418854230130289
dsj1000_or30,run-1781511735_i9,0.6,3,0.5935165437600786,0.6219140172237387
dsj1000_or30,run-1781511735_i9,0.6,4,0.6222706348720615,0.6250607859768165
dsj1000_or30,run-1781511735_i9,0.7,0,0.7049313843304644,0.5809385546484662
dsj1000_or30,run-1781511735_i9,0.7,1,0.6917490438535668,0.610292472188402
dsj1000_or30,run-1781511735_i9,0.7,2,0.7007262187087598,0.6075329424849661
dsj1000_or30,run-1781511735_i9,0.7,3,0.6974427739257546,0.617702469456133
dsj1000_or30,run-1781511735_i9,0.7,4,0.6604399128944067,0.6158244941684143
dsj1000_or30,run-1781511735_i9,0.8,0,0.8083470118394676,0.5750587942652978
dsj1000_or30,run-1781511735_i9,0.8,1,0.8076033391071014,0.5812163888078283
dsj1000_or30,run-1781511735_i9,0.8,2,0.8037714726344819,0.5727189585285716
dsj1000_or30,run-1781511735_i9,0.8,3,0.8147085480183105,0.5689479774906968
dsj1000_or30,run-1781511735_i9,0.8,4,0.8164629580238812,0.5689305884083887
dsj1000_or30,run-1781511735_i9,0.9,0,0.909246530858733,0.5499185762694015
dsj1000_or30,run-1781511735_i9,0.9,1,0.9018437980002186,0.5428729777519727
dsj1000_or30,run-1781511735_i9,0.9,2,0.8863978162200477,0.534981348540002
dsj1000_or30,run-1781511735_i9,0.9,3,0.9063084704511025,0.5257591946066333
dsj1000_or30,run-1781511735_i9,0.9,4,0.8921070578859239,0.5411342862424222
dsj1000_or30,run-1781511735_i9,0.95,0,0.9491750948296552,0.5318775894538607
dsj1000_or30,run-1781511735_i9,0.95,1,0.9501654140915218,0.5287700542816998
dsj1000_or30,run-1781511735_i9,0.95,2,0.9428918784853481,0.5324195206059625
dsj1000_or30,run-1781511735_i9,0.95,3,0.9514651271744493,0.5326137628199344
dsj1000_or30,run-1781511735_i9,0.95,4,0.9510990048039766,0.5245138839196605
dsj1000rdmRad,run-1781299542_i9,0.0,0,0.049394965849251134,0.7208223939651666
dsj1000rdmRad,run-1781299542_i9,0.0,1,-0.03299706689516533,0.7363561946247074
dsj1000rdmRad,run-1781299542_i9,0.0,2,0.02563310791155286,0.7396756552894588
dsj1000rdmRad,run-1781299542_i9,0.0,3,-0.05142545279220543,0.7500879867519736
dsj1000rdmRad,run-1781299542_i9,0.0,4,0.00858702082442587,0.7306644577375525
dsj1000rdmRad,run-1781299542_i9,0.1,0,0.10122053312095633,0.7241615331964408
dsj1000rdmRad,run-1781299542_i9,0.1,1,0.07530277611758142,0.7154581549586319
dsj1000rdmRad,run-1781299542_i9,0.1,2,0.062159288294995126,0.7203714322709531
dsj1000rdmRad,run-1781299542_i9,0.1,3,0.14872071285049993,0.7226026635836094
dsj1000rdmRad,run-1781299542_i9,0.1,4,0.057804105151892785,0.7304782486210782
dsj1000rdmRad,run-1781299542_i9,0.2,0,0.25151110541304,0.6887520002370652
dsj1000rdmRad,run-1781299542_i9,0.2,1,0.17752726041514735,0.710574232801883
dsj1000rdmRad,run-1781299542_i9,0.2,2,0.15621704221094665,0.7141802696423022
dsj1000rdmRad,run-1781299542_i9,0.2,3,0.20779414925943754,0.7049635144645702
dsj1000rdmRad,run-1781299542_i9,0.2,4,0.2274178531892294,0.7012706527376454
dsj1000rdmRad,run-1781299542_i9,0.3,0,0.3160936205705757,0.6806506247758092
dsj1000rdmRad,run-1781299542_i9,0.3,1,0.31889917970766335,0.6770656145073735
dsj1000rdmRad,run-1781299542_i9,0.3,2,0.3304593078862436,0.6786891546318605
dsj1000rdmRad,run-1781299542_i9,0.3,3,0.3245553779529227,0.6870456780720112
dsj1000rdmRad,run-1781299542_i9,0.3,4,0.3805710482493443,0.6710887634760305
dsj1000rdmRad,run-1781299542_i9,0.4,0,0.450586235172826,0.6534571136085622
dsj1000rdmRad,run-1781299542_i9,0.4,1,0.4005841616523098,0.668737767273533
dsj1000rdmRad,run-1781299542_i9,0.4,2,0.40776166024101285,0.6669088590514461
dsj1000rdmRad,run-1781299542_i9,0.4,3,0.42946362220448897,0.6632495150088112
dsj1000rdmRad,run-1781299542_i9,0.4,4,0.40376539217111945,0.6665519105050012
dsj1000rdmRad,run-1781299542_i9,0.5,0,0.5094482774429531,0.6463809168565551
dsj1000rdmRad,run-1781299542_i9,0.5,1,0.5088961667416881,0.6442588324942572
dsj1000rdmRad,run-1781299542_i9,0.5,2,0.4915242311564482,0.6544710632769909
dsj1000rdmRad,run-1781299542_i9,0.5,3,0.5478679652925696,0.6332006885191286
dsj1000rdmRad,run-1781299542_i9,0.5,4,0.504287720990589,0.6436525488714284
dsj1000rdmRad,run-1781299542_i9,0.6,0,0.5732636302165853,0.6307374973662129
dsj1000rdmRad,run-1781299542_i9,0.6,1,0.6042418518631759,0.6193183919523652
dsj1000rdmRad,run-1781299542_i9,0.6,2,0.6301357158871537,0.627364527464398
dsj1000rdmRad,run-1781299542_i9,0.6,3,0.5970824179726479,0.641264593526151
dsj1000rdmRad,run-1781299542_i9,0.6,4,0.600712782979092,0.6193012742079174
dsj1000rdmRad,run-1781299542_i9,0.7,0,0.6760950140325155,0.6086845475610568
dsj1000rdmRad,run-1781299542_i9,0.7,1,0.7042951527249219,0.600093185616874
dsj1000rdmRad,run-1781299542_i9,0.7,2,0.6847278136270495,0.6040139170817018
dsj1000rdmRad,run-1781299542_i9,0.7,3,0.7257568913728288,0.6014704250360671
dsj1000rdmRad,run-1781299542_i9,0.7,4,0.6713678319195835,0.6156647507947846
dsj1000rdmRad,run-1781299542_i9,0.8,0,0.797641915804053,0.5827512507534102
dsj1000rdmRad,run-1781299542_i9,0.8,1,0.7977464680325038,0.5871922219881822
dsj1000rdmRad,run-1781299542_i9,0.8,2,0.8001350374370638,0.5832478872926623
dsj1000rdmRad,run-1781299542_i9,0.8,3,0.8085765593838417,0.5779571383665243
dsj1000rdmRad,run-1781299542_i9,0.8,4,0.7914958148387342,0.5849272549484414
dsj1000rdmRad,run-1781299542_i9,0.9,0,0.8975754544075263,0.5691017804549559
dsj1000rdmRad,run-1781299542_i9,0.9,1,0.9006396583919024,0.5604720636516903
dsj1000rdmRad,run-1781299542_i9,0.9,2,0.8980240239087157,0.5497316200390371
dsj1000rdmRad,run-1781299542_i9,0.9,3,0.8958322333357183,0.5589295608170503
dsj1000rdmRad,run-1781299542_i9,0.9,4,0.8974796892051016,0.5636696568944789
dsj1000rdmRad,run-1781299542_i9,0.95,0,0.9512188060937135,0.5331658477112351
dsj1000rdmRad,run-1781299542_i9,0.95,1,0.9553129060269754,0.5303557160190583
dsj1000rdmRad,run-1781299542_i9,0.95,2,0.9515839657539459,0.5291905344787418
dsj1000rdmRad,run-1781299542_i9,0.95,3,0.951544595119569,0.5304495827204115
dsj1000rdmRad,run-1781299542_i9,0.95,4,0.9521660504729237,0.5255548989917642
dsj1000rdmRad,run-1781299712_i9,0.0,0,-0.010738482176586364,0.7324329709641245
dsj1000rdmRad,run-1781299712_i9,0.0,1,0.038713661245396866,0.720229372263857
dsj1000rdmRad,run-1781299712_i9,0.0,2,-0.0144057579328448,0.7367500254896326
dsj1000rdmRad,run-1781299712_i9,0.0,3,0.09916380811221578,0.7154256926015606
dsj1000rdmRad,run-1781299712_i9,0.0,4,-0.044554302933332394,0.7407536992154373
dsj1000rdmRad,run-1781299712_i9,0.1,0,0.045298202942801756,0.7284138711487712
dsj1000rdmRad,run-1781299712_i9,0.1,1,0.13740882232683985,0.6950961761297798
dsj1000rdmRad,run-1781299712_i9,0.1,2,0.08611654676052562,0.7071132324659978
dsj1000rdmRad,run-1781299712_i9,0.1,3,0.05102888891082159,0.7177721775129254
dsj1000rdmRad,run-1781299712_i9,0.1,4,0.17154362065776582,0.6898101063014614
dsj1000rdmRad,run-1781299712_i9,0.2,0,0.17287555828786164,0.7113700049723731
dsj1000rdmRad,run-1781299712_i9,0.2,1,0.19831117793782163,0.6924935149156939
dsj1000rdmRad,run-1781299712_i9,0.2,2,0.16554320963044042,0.6934907540436576
dsj1000rdmRad,run-1781299712_i9,0.2,3,0.17932994449975675,0.6952611263544621
dsj1000rdmRad,run-1781299712_i9,0.2,4,0.18657322299736726,0.702516637875539
dsj1000rdmRad,run-1781299712_i9,0.3,0,0.26617615583823745,0.6770137806958973
dsj1000rdmRad,run-1781299712_i9,0.3,1,0.304437940845901,0.6706371486773052
dsj1000rdmRad,run-1781299712_i9,0.3,2,0.2668997106105498,0.6680573742326731
dsj1000rdmRad,run-1781299712_i9,0.3,3,0.2847829870366498,0.664147063318929
dsj1000rdmRad,run-1781299712_i9,0.3,4,0.2849965808543201,0.6792520992445962
dsj1000rdmRad,run-1781299712_i9,0.4,0,0.42340261074497676,0.650747034276234
dsj1000rdmRad,run-1781299712_i9,0.4,1,0.4436609805972202,0.6385784356863962
dsj1000rdmRad,run-1781299712_i9,0.4,2,0.47584806017221,0.6374118605695555
dsj1000rdmRad,run-1781299712_i9,0.4,3,0.35503984993790044,0.6711994388807343
dsj1000rdmRad,run-1781299712_i9,0.4,4,0.3667541761402062,0.6574377290226819
dsj1000rdmRad,run-1781299712_i9,0.5,0,0.4799926073447571,0.6306231256247917
dsj1000rdmRad,run-1781299712_i9,0.5,1,0.49786725938534115,0.6284236040761763
dsj1000rdmRad,run-1781299712_i9,0.5,2,0.5055848167413747,0.6253269085674346
dsj1000rdmRad,run-1781299712_i9,0.5,3,0.5278238442677299,0.6191438741275639
dsj1000rdmRad,run-1781299712_i9,0.5,4,0.5714076856231709,0.6175936925732742
dsj1000rdmRad,run-1781299712_i9,0.6,0,0.5587388373699393,0.6150994973011792
dsj1000rdmRad,run-1781299712_i9,0.6,1,0.6150174624801154,0.606894794152399
dsj1000rdmRad,run-1781299712_i9,0.6,2,0.6008866042378858,0.6016158271518156
dsj1000rdmRad,run-1781299712_i9,0.6,3,0.6076670545672401,0.6206857238584066
dsj1000rdmRad,run-1781299712_i9,0.6,4,0.5600151425180442,0.6078752677006944
dsj1000rdmRad,run-1781299712_i9,0.7,0,0.6937850352617432,0.5772326118446324
dsj1000rdmRad,run-1781299712_i9,0.7,1,0.7043253020430251,0.5840124534962913
dsj1000rdmRad,run-1781299712_i9,0.7,2,0.642131761621217,0.5959421726023718
dsj1000rdmRad,run-1781299712_i9,0.7,3,0.6711054159346068,0.5957314190911366
dsj1000rdmRad,run-1781299712_i9,0.7,4,0.67726320641136,0.583523953137687
dsj1000rdmRad,run-1781299712_i9,0.8,0,0.8244305729036531,0.5582479138527577
dsj1000rdmRad,run-1781299712_i9,0.8,1,0.7899520460511988,0.5667578849721707
dsj1000rdmRad,run-1781299712_i9,0.8,2,0.802956206256961,0.5522051391426107
dsj1000rdmRad,run-1781299712_i9,0.8,3,0.8118998602902401,0.5411331715090424
dsj1000rdmRad,run-1781299712_i9,0.8,4,0.7928738631740997,0.5475272752542216
dsj1000rdmRad,run-1781299712_i9,0.9,0,0.8945004217199441,0.5130939912691277
dsj1000rdmRad,run-1781299712_i9,0.9,1,0.900971287781753,0.5131809379082848
dsj1000rdmRad,run-1781299712_i9,0.9,2,0.9047572267700503,0.5113405787030603
dsj1000rdmRad,run-1781299712_i9,0.9,3,0.9024346070148175,0.5172573610860064
dsj1000rdmRad,run-1781299712_i9,0.9,4,0.8974974684225262,0.5261099086489217
dsj1000rdmRad,run-1781299712_i9,0.95,0,0.9445927647086866,0.49025235994277805
dsj1000rdmRad,run-1781299712_i9,0.95,1,0.943664760045516,0.499620556578716
dsj1000rdmRad,run-1781299712_i9,0.95,2,0.9497866606095314,0.485804357904497
dsj1000rdmRad,run-1781299712_i9,0.95,3,0.9504169265467084,0.49123733059224994
dsj1000rdmRad,run-1781299712_i9,0.95,4,0.9547715762194159,0.4831545536686514
dsj1000rdmRad,run-1781299866_i9,0.0,0,0.0017744588509975491,0.7305029699585488
dsj1000rdmRad,run-1781299866_i9,0.0,1,0.005041111416815654,0.7258790094541715
dsj1000rdmRad,run-1781299866_i9,0.0,2,0.026827583766833658,0.7279258396788434
dsj1000rdmRad,run-1781299866_i9,0.0,3,-0.03234367190851675,0.7432801366485374
dsj1000rdmRad,run-1781299866_i9,0.0,4,0.04594080120984978,0.7170436754883046
dsj1000rdmRad,run-1781299866_i9,0.1,0,0.1532208634678175,0.701076150090867
dsj1000rdmRad,run-1781299866_i9,0.1,1,0.0888935749447353,0.7182694813656503
dsj1000rdmRad,run-1781299866_i9,0.1,2,0.05963843230309685,0.7186285579947354
dsj1000rdmRad,run-1781299866_i9,0.1,3,0.14326607032895397,0.7038306789307314
dsj1000rdmRad,run-1781299866_i9,0.1,4,0.1295347512486816,0.7027196071163825
dsj1000rdmRad,run-1781299866_i9,0.2,0,0.1677426626608301,0.704744924965308
dsj1000rdmRad,run-1781299866_i9,0.2,1,0.1930256163842694,0.7082699191871556
dsj1000rdmRad,run-1781299866_i9,0.2,2,0.23717387095033832,0.6902138286805467
dsj1000rdmRad,run-1781299866_i9,0.2,3,0.15628869085530975,0.7014136920674979
dsj1000rdmRad,run-1781299866_i9,0.2,4,0.2278298183889349,0.6908037460414714
dsj1000rdmRad,run-1781299866_i9,0.3,0,0.31484262829416226,0.6816018156618651
dsj1000rdmRad,run-1781299866_i9,0.3,1,0.34626869958820994,0.6699298201753603
dsj1000rdmRad,run-1781299866_i9,0.3,2,0.21823558649626834,0.6933122575903004
dsj1000rdmRad,run-1781299866_i9,0.3,3,0.31457140978201603,0.6837103733818871
dsj1000rdmRad,run-1781299866_i9,0.3,4,0.32657463491291644,0.667430408682091
dsj1000rdmRad,run-1781299866_i9,0.4,0,0.37975021593458896,0.6521813589073939
dsj1000rdmRad,run-1781299866_i9,0.4,1,0.44605178633725684,0.6384871464239662
dsj1000rdmRad,run-1781299866_i9,0.4,2,0.39719155634442055,0.6575416187010618
dsj1000rdmRad,run-1781299866_i9,0.4,3,0.3544555831468117,0.6673400229949703
dsj1000rdmRad,run-1781299866_i9,0.4,4,0.4111660979125777,0.6613200222247549
dsj1000rdmRad,run-1781299866_i9,0.5,0,0.5236785496446887,0.6393981370739422
dsj1000rdmRad,run-1781299866_i9,0.5,1,0.4725243883868251,0.632919779010248
dsj1000rdmRad,run-1781299866_i9,0.5,2,0.4704428446311538,0.6489302053162956
dsj1000rdmRad,run-1781299866_i9,0.5,3,0.4966752739605404,0.643933749785088
dsj1000rdmRad,run-1781299866_i9,0.5,4,0.505897897982979,0.6329570437414345
dsj1000rdmRad,run-1781299866_i9,0.6,0,0.6051694670116368,0.6134481344813448
dsj1000rdmRad,run-1781299866_i9,0.6,1,0.6190098750177707,0.6100892923925161
dsj1000rdmRad,run-1781299866_i9,0.6,2,0.6057938823539593,0.6132134725602575
dsj1000rdmRad,run-1781299866_i9,0.6,3,0.6225147748743911,0.6186433421222576
dsj1000rdmRad,run-1781299866_i9,0.6,4,0.6198745614598784,0.6159114105647826
dsj1000rdmRad,run-1781299866_i9,0.7,0,0.7161866049900787,0.5899478077096081
dsj1000rdmRad,run-1781299866_i9,0.7,1,0.6967489035068288,0.5992809043324264
dsj1000rdmRad,run-1781299866_i9,0.7,2,0.6710850380135328,0.6047650293490432
dsj1000rdmRad,run-1781299866_i9,0.7,3,0.6780658579064789,0.6002642238735719
dsj1000rdmRad,run-1781299866_i9,0.7,4,0.7077382143916021,0.590225323148191
dsj1000rdmRad,run-1781299866_i9,0.8,0,0.7991332172390125,0.5653303491495076
dsj1000rdmRad,run-1781299866_i9,0.8,1,0.7956564961116311,0.5615840121072808
dsj1000rdmRad,run-1781299866_i9,0.8,2,0.8011895477077737,0.5576923763008523
dsj1000rdmRad,run-1781299866_i9,0.8,3,0.7870358147192692,0.5704891777362421
dsj1000rdmRad,run-1781299866_i9,0.8,4,0.7887768666678224,0.5525952925583085
dsj1000rdmRad,run-1781299866_i9,0.9,0,0.9035211159183445,0.5191512459201383
dsj1000rdmRad,run-1781299866_i9,0.9,1,0.905633536815232,0.5230934728158874
dsj1000rdmRad,run-1781299866_i9,0.9,2,0.9060407159391771,0.5179204925808588
dsj1000rdmRad,run-1781299866_i9,0.9,3,0.906130958143887,0.524451203148761
dsj1000rdmRad,run-1781299866_i9,0.9,4,0.9049898812333441,0.5267172571069083
dsj1000rdmRad,run-1781299866_i9,0.95,0,0.9481659204508679,0.4966120483473711
dsj1000rdmRad,run-1781299866_i9,0.95,1,0.9550520429484962,0.4919646652449893
dsj1000rdmRad,run-1781299866_i9,0.95,2,0.9510149375463298,0.503709028999814
dsj1000rdmRad,run-1781299866_i9,0.95,3,0.9510760031715382,0.5016806662717755
dsj1000rdmRad,run-1781299866_i9,0.95,4,0.9495819542984836,0.506631730858535
