{
  "instance_index": 0,
  "birth_iter": 90,
  "death_iter": 90,
  "survival_iters": 0,
  "censored": false,
  "pre_vnd_cost": 7606.67,
  "post_vnd_cost": 506.083,
  "pre_vnd_coords": [[80,20], [67.3345,15.9459], [64.5155,22.0003], [65.3285,20.254], [61.8221,27.7849], [66.9806,16.7058], [66.6771,17.3578], [66.1036,18.5895], [67.7006,15.1595], [63.9309,23.2556], [63.4852,24.2131], [62.5142,26.2985], [63.0436,25.1615], [56.2751,35.9238], [55.6821,33.6259], [53.7945,33.9588], [55.8428,34.2485], [9.95722,89.4754], [12.5289,89.7892], [10.3127,89.8554], [10.3262,89.855], [10.3584,89.854], [11.6131,89.5187], [11.0606,89.5274], [11.2754,89.524], [13.7338,89.7533], [14.2596,89.7376], [12.8817,89.7787], [12.2279,89.7982], [12.0794,89.8027], [13.2555,89.7675], [14.3961,89.7335], [11.2919,86.5941], [19.9988,70.1182], [10.9846,66.4573], [25.841,67.6652], [24.6837,81.4893], [30.1753,75.4378], [25.0432,68.0074], [20.1066,70.0986], [14.0186,71.2077], [19.3047,83.5398], [10.9285,59.7584], [11.064,71.746], [11.1002,71.7394], [11.9147,71.591], [11.2322,71.7153], [12.1469,71.5487], [10.9008,86.7432], [11.3383,71.696], [10.3546,89.8542], [24.6837,81.4893], [16.8763,84.4654], [10.5746,86.8675], [11.0843,71.7423], [11.0724,71.7445], [11.1298,71.734], [11.1084,71.7379], [11.1127,71.7371], [10.4732,86.9061], [10.6241,86.8486], [11.1258,71.7347], [10.9731,65.0842], [12.4045,71.5017], [12.6891,71.4499], [11.4454,71.6765], [11.134,71.7332], [11.352,86.5712], [10.9656,64.1898], [11.105,86.6653], [10.2831,89.8563], [11.1301,86.6558], [10.4484,86.9156], [13.5852,85.7199], [10.4985,86.8965], [11.096,71.7402], [12.8504,86.0001], [11.1576,86.6453], [11.1174,71.7362], [11.6763,71.6344], [11.2679,86.6033], [11.2943,89.8261], [10.2785,89.8564], [10.8242,86.7724], [10.3076,89.8556], [20.6465,89.547], [11.0489,71.7488], [11.1241,89.8312], [11.0253,71.3175], [20.2126,70.0792], [26.8432,79.1986], [18.1664,70.452], [11.937,89.8069], [11.0923,71.7408], [11.1384,71.7324], [12.029,86.3131], [10.3457,89.8544], [11.1043,71.7386], [11.0268,71.488], [10.8521,86.7617], [10.926,59.4642], [11.1427,71.7316], [10.292,89.856], [14.1338,89.7413], [11.4637,89.821], [13.0623,89.7733], [10.6498,86.8388], [10.322,89.8551], [10.2969,89.8559], [13.3236,89.4918], [9.95914,89.5446], [10.948,89.5291], [11.171,89.5257], [13.4529,89.4898], [9.95344,89.3415], [10.8509,89.5307], [9.97743,89.0577], [13.7121,89.4857], [10.7529,89.5322], [12.5609,89.5039], [20.8484,89.3716], [24.8561,79.8473], [11.3888,89.5222], [9.95344,89.3415], [18.7245,89.4057], [24.8561,79.8473], [9.95808,89.5065], [17.4731,89.4258], [10.36,89.5383], [13.8524,89.4835], [17.7958,89.4206], [10.1752,89.5413], [21.0739,89.3681], [13.2136,89.4936], [27.2211,77.8851], [24.8561,79.8473], [20.6297,89.3751], [34.0242,89.1622], [31.2027,74.5815], [27.7617,89.262], [27.5277,89.2657], [13.0959,89.4955], [21.2963,89.3645], [25.4756,77.3165], [28.09,77.1641], [24.8561,79.8473], [28.8017,76.5736], [27.0014,78.0674], [28.7348,89.2465], [27.8415,77.3703], [32.7524,73.2956], [25.7042,76.3829], [26.5763,78.4201], [25.1345,79.6163], [42.5832,69.0939], [24.8561,79.8473], [32.3226,73.6523], [26.1577,78.7674], [25.6434,79.1942], [29.0751,76.3467], [25.6456,89.2957], [24.8561,79.8473], [26.3694,78.5917], [23.5001,89.3296], [32.2214,73.7362], [28.892,63.3616], [22.363,89.3476], [49.2987,76.2852], [32.5848,73.4347], [39.5832,89.0703], [32.6414,73.3878], [31.9187,73.9874], [30.4484,75.2073], [30.6058,75.0767], [31.6886,74.1783], [30.7521,74.9553], [26.1486,74.5674], [27.4383,77.7048], [25.908,75.5501], [28.3304,76.9646], [26.792,78.2411], [29.5912,60.5045], [30.2878,75.3406], [25.9289,78.9572], [30.0068,75.5738], [28.5535,76.7795], [35.6951,70.8535], [29.3895,76.086], [32.6957,73.3427], [35.3073,71.1753], [28.834,63.5985], [32.9042,55.9825], [31.3686,74.4438], [31.481,74.3506], [36.9876,70.5233], [37.9352,53.0573], [27.5489,68.8488], [31.589,74.261], [28.5736,64.6625], [28.7796,63.8208], [29.2007,62.1003], [30.0703,58.5468], [29.4846,60.94], [32.4348,73.5592], [31.0731,74.689], [30.9187,74.8171], [31.8136,74.0746], [29.9435,59.0648], [28.0105,66.9631], [29.3202,61.6116], [29.1436,62.3333], [35.6951,70.8535], [30.1373,75.4654], [30.0048,58.8143], [29.7076,60.0289], [14.9129,89.4666], [29.052,89.2415], [33.3615,72.7901], [29.8869,59.296], [29.7676,59.7835], [33.4912,55.6411], [25.2782,78.1232], [28.9613,63.0784], [29.0216,62.8319], [28.7258,64.0406], [28.674,64.2523], [24.8561,79.8473], [26.3534,73.7306], [27.6279,77.5475], [10.6502,89.5338], [17.1604,89.4307], [12.436,89.5058], [30.2626,57.7607], [30.3093,57.5695], [30.2003,58.0153], [31.0988,57.0322], [39.8805,42.0488], [30.3948,36.7331], [33.838,53.7127], [41.8204,47.3258], [41.508,46.476], [42.3219,48.69], [57.2159,51.4709], [42.3007,48.6323], [58.2519,53.4576], [60.5626,52.1171], [32.5892,53.1896], [35.0658,54.227], [42.0985,48.0826], [33.1652,53.4309], [42.5085,49.3319], [42.3011,52.2379], [34.4658,53.9757], [41.5932,52.4472], [56.9019,38.3521], [48.9082,68.2435], [42.2171,48.405], [40.8467,44.6772], [42.2357,48.4557], [42.2568,48.513], [42.2789,48.5733], [34.7653,54.1011], [34.1308,53.8353], [29.8165,40.6289], [29.7278,41.2259], [39.4999,41.0134], [29.6995,41.3884], [30.3332,37.1482], [35.7684,54.5213], [35.8778,54.5672], [36.8024,53.8634], [33.5331,53.585], [36.6273,54.0241], [36.2259,54.3927], [48.3399,68.1585], [36.8024,53.8634], [29.7633,40.9873], [29.7444,41.1142], [30.4725,52.303], [37.468,53.6666], [30.2868,37.4607], [28.8244,51.6126], [29.8732,52.0519], [36.3568,54.2725], [36.8024,53.8634], [36.484,54.1557], [35.3869,54.3615], [28.5154,48.1825], [46.9714,67.9537], [28.3997,51.4347], [28.0283,50.9778], [29.3273,51.8233], [31.4107,52.696], [10.3179,89.8553], [27.7291,89.3356], [40.2413,85.5082], [47.0059,69.0995], [47.1528,73.9745], [47.1814,74.9241], [35.6763,54.4827], [48.0915,68.1213], [48.4525,68.1753], [38.1722,53.4585], [39.3208,53.1189], [47.0287,67.9623], [48.1543,68.1307], [35.9864,54.6126], [48.2777,68.1492], [47.4708,68.0284], [48.0311,68.1123], [49.3581,68.3108], [47.0931,67.9719], [47.8653,68.0875], [47.9222,68.096], [47.1617,67.9822], [47.4173,68.0204], [47.9759,68.104], [47.591,68.0464], [47.2329,67.9928], [60.5496,57.8544], [49.2113,68.2888], [60.777,57.8637], [47.0394,70.2089], [47.0828,71.6516], [47.1666,74.4328], [48.2168,68.1401], [47.2432,76.974], [66.2055,58.086], [51.2142,69.4662], [47.3599,68.0118], [47.6541,68.0559], [49.0622,68.2665], [58.1574,73.7883], [53.6459,70.9799], [48.8025,68.2277], [47.8181,68.0804], [47.2177,76.1282], [51.9079,90.9009], [60.6851,90.149], [60.6301,90.1537], [60.5696,90.1589], [56.5944,84.3095], [47.2574,77.4451], [55.8174,84.8918], [56.2061,84.6006], [60.8521,90.1347], [51.8399,90.1071], [47.1238,73.0134], [47.2683,77.8061], [61.0217,90.1202], [60.7931,90.1398], [60.908,90.1299], [47.7132,68.0647], [72.659,89.1235], [47.276,78.0606], [47.2855,78.3754], [54.7233,85.7116], [54.488,85.8878], [54.2406,86.0732], [53.9517,86.2897], [53.6128,86.5436], [56.9207,84.0651], [57.0647,83.9572], [57.2265,83.836], [57.4029,83.7038], [57.5816,83.5699], [57.7748,83.4251], [47.1937,75.3319], [58.394,73.9356], [60.5119,90.1639], [60.0403,90.2042], [56.0124,84.7457], [55.6427,85.0226], [81.0384,73.1837], [67.2182,58.1275], [80.7989,72.7658], [60.3348,79.877], [60.7429,90.1441], [58.9797,74.3002], [60.4188,75.196], [60.0748,74.9819], [60.5772,75.2946], [60.2592,75.0967], [58.8622,74.227], [60.9391,78.7094], [61.3772,77.8627], [59.0773,74.3609], [58.7359,74.1484], [59.7017,74.7496], [55.7902,72.3148], [47.2051,75.7079], [48.5792,68.1943], [60.4583,90.1685], [60.3508,90.1777], [47.23,76.5348], [58.5035,74.0038], [58.6116,74.0711], [58.287,73.869], [60.5446,57.8542], [59.8922,74.8682], [65.8706,58.0723], [60.5446,57.8542], [60.5446,57.8542], [48.6882,68.2106], [60.5521,57.8545], [60.5471,57.8543], [59.1696,74.4184], [59.3204,74.5122], [47.5273,68.0369], [43.2262,51.9645], [42.9782,52.0378], [40.4213,43.5198], [58.0864,51.9877], [57.7097,52.418], [60.5446,57.8542], [42.0141,47.8528], 