{
  "instance_index": 0,
  "birth_iter": 32,
  "death_iter": 40,
  "survival_iters": 8,
  "censored": false,
  "pre_vnd_cost": 11566,
  "post_vnd_cost": 809.954,
  "pre_vnd_coords": [[80,20], [86.4088,39.7352], [96.0208,26.0261], [96.0208,26.0261], [93.2018,10.0864], [93.2018,10.0864], [93.2018,10.0864], [93.2018,10.0864], [63.5241,13.7399], [59.0173,15.7641], [65.8526,30.1531], [59.0173,15.7641], [65.8526,30.1531], [62.1184,25.4493], [63.5241,13.7399], [53.8676,11.498], [33.9277,14.5124], [62.1184,25.4493], [47.7125,23.5292], [47.7125,23.5292], [56.5397,37.7327], [47.7125,23.5292], [47.7125,23.5292], [30.9737,21.3917], [47.7125,23.5292], [33.9277,14.5124], [37.8286,27.1234], [30.9737,21.3917], [37.8286,27.1234], [33.9277,14.5124], [30.9737,21.3917], [33.9277,14.5124], [30.9737,21.3917], [33.9277,14.5124], [37.8122,7.76729], [37.8122,7.76729], [37.8122,7.76729], [33.9277,14.5124], [37.8122,7.76729], [37.8286,27.1234], [23.3926,18.7134], [23.3926,18.7134], [35.6405,31.3343], [23.3926,18.7134], [37.8122,7.76729], [23.3926,18.7134], [33.9277,14.5124], [37.8286,27.1234], [21.0065,37.3309], [35.6405,31.3343], [35.6405,31.3343], [23.3926,18.7134], [23.3926,18.7134], [33.9277,14.5124], [49.535,91.7654], [57.6874,100.872], [57.6874,100.872], [57.6874,100.872], [49.535,91.7654], [49.535,91.7654], [56.2055,97.636], [57.6874,100.872], [49.535,91.7654], [56.2055,97.636], [57.6874,100.872], [49.535,91.7654], [49.535,91.7654], [49.535,91.7654], [49.535,91.7654], [49.535,91.7654], [49.535,91.7654], [39.8839,93.2039], [49.535,91.7654], [52.9348,89.7475], [52.9348,89.7475], [52.9348,89.7475], [40.2072,85.6977], [52.9348,89.7475], [40.2072,85.6977], [26.8421,82.3563], [47.5894,79.1102], [44.5993,92.0144], [37.3037,103.042], [52.9348,89.7475], [37.3037,103.042], [54.4155,97.8847], [47.5894,79.1102], [44.5993,92.0144], [55.2699,82.6365], [54.4155,97.8847], [44.5993,92.0144], [54.4155,97.8847], [56.7256,87.3601], [45.7661,87.6385], [47.5894,79.1102], [52.9348,89.7475], [40.4045,75.5593], [69.1722,75.7409], [54.4155,97.8847], [47.5894,79.1102], [55.2699,82.6365], [45.7661,87.6385], [47.5894,79.1102], [47.5894,79.1102], [47.5894,79.1102], [56.7256,87.3601], [44.5993,92.0144], [38.2437,94.4907], [45.7661,87.6385], [40.2072,85.6977], [55.2699,82.6365], [65.5548,89.6686], [62.4678,71.3206], [57.5086,67.3013], [53.766,74.5376], [47.5894,79.1102], [53.766,74.5376], [55.2699,82.6365], [62.4678,71.3206], [48.8098,74.8251], [47.8385,65.4944], [47.5894,79.1102], [45.7661,87.6385], [47.5894,79.1102], [45.7661,87.6385], [55.2699,82.6365], [65.7608,69.5605], [48.8098,74.8251], [52.9348,89.7475], [44.5993,92.0144], [69.1722,75.7409], [54.4155,97.8847], [44.5993,92.0144], [55.2699,82.6365], [62.0741,74.1285], [62.0741,74.1285], [60.3357,87.3431], [55.2699,82.6365], [57.5086,67.3013], [72.826,68.5689], [69.1722,75.7409], [55.2699,82.6365], [44.804,70.2238], [47.5894,79.1102], [40.2072,85.6977], [44.804,70.2238], [55.2699,82.6365], [45.7661,87.6385], [47.5894,79.1102], [56.7256,87.3601], [47.5894,79.1102], [43.9094,56.0071], [51.7287,69.5828], [62.0741,74.1285], [47.5894,79.1102], [40.4045,75.5593], [43.9094,56.0071], [40.4045,75.5593], [42.4785,62.777], [36.5625,72.4619], [44.804,70.2238], [23.8818,65.4073], [40.1426,44.0895], [50.2769,64.8485], [36.1173,59.2244], [26.0454,44.247], [33.5336,70.7417], [39.5385,62.425], [39.5385,62.425], [40.2072,85.6977], [33.5336,70.7417], [36.1173,59.2244], [35.1804,85.465], [36.5625,72.4619], [44.804,70.2238], [44.804,70.2238], [44.804,70.2238], [12.7553,73.908], [33.5336,70.7417], [19.2165,70.4126], [23.8818,65.4073], [23.8818,65.4073], [19.2165,70.4126], [33.5336,70.7417], [27.9996,75.0516], [27.9996,75.0516], [19.4873,60.8886], [12.7553,73.908], [21.3498,84.6791], [12.7553,73.908], [28.4752,90.9653], [35.1804,85.465], [27.9996,75.0516], [23.5374,54.0264], [12.7553,73.908], [21.3498,84.6791], [15.3218,76.1272], [23.8818,65.4073], [16.7965,68.4316], [21.753,76.8259], [12.8704,85.6798], [19.2165,70.4126], [10.0835,67.5106], [16.7965,68.4316], [21.753,76.8259], [8.22022,71.9775], [10.8642,93.1743], [15.0718,81.2852], [12.1294,61.5449], [35.1804,85.465], [24.8469,71.6136], [33.5336,70.7417], [12.7553,73.908], [12.7553,73.908], [33.5336,70.7417], [12.7553,73.908], [27.9996,75.0516], [23.8818,65.4073], [21.3498,84.6791], [8.72997,65.7165], [23.8818,65.4073], [22.1835,51.3996], [21.753,76.8259], [15.0718,81.2852], [18.8661,63.8779], [10.0835,67.5106], [8.22022,71.9775], [15.0718,81.2852], [12.7553,73.908], [26.8421,82.3563], [12.7553,73.908], [18.8661,63.8779], [8.72997,65.7165], [3.09929,56.356], [15.7295,52.6588], [12.1294,61.5449], [19.2165,70.4126], [19.4873,60.8886], [3.09929,56.356], [-1.21053,62.7212], [12.1026,54.5818], [8.22022,71.9775], [10.0384,64.1729], [3.81861,43.4101], [12.1294,61.5449], [8.72997,65.7165], [12.1294,61.5449], [8.22022,71.9775], [18.8661,63.8779], [19.2165,70.4126], [8.22022,71.9775], [3.81861,43.4101], [-1.21053,62.7212], [8.22022,71.9775], [-0.0588277,65.6643], [8.22022,71.9775], [2.93928,66.7163], [21.283,65.3308], [21.283,65.3308], [24.2843,88.6948], [14.8358,92.6822], [29.8253,94.7733], [24.2843,88.6948], [21.283,65.3308], [21.283,65.3308], [21.283,65.3308], [21.283,65.3308], [16.5059,55.6921], [2.93928,66.7163], [26.6325,56.4644], [14.7676,43.8071], [2.93928,66.7163], [18.3987,59.2309], [21.283,65.3308], [1.64859,57.832], [21.283,65.3308], [18.3987,59.2309], [26.6325,56.4644], [21.283,65.3308], [21.283,65.3308], [16.1479,60.1349], [21.283,65.3308], [21.283,65.3308], [27.6861,50.0167], [31.801,50.6815], [31.801,50.6815], [21.283,65.3308], [41.3542,53.4361], [32.5714,57.0885], [16.1479,60.1349], [41.3542,53.4361], [41.3542,53.4361], [27.6861,50.0167], [21.283,65.3308], [48.1096,67.6498], [26.6325,56.4644], [21.283,65.3308], [48.1096,67.6498], [48.1096,67.6498], [41.3542,53.4361], [48.1096,67.6498], [48.1096,67.6498], [54.7965,61.2692], [48.1096,67.6498], [54.7965,61.2692], [54.7965,61.2692], [53.035,52.2233], [48.1096,67.6498], [48.1096,67.6498], [27.6861,50.0167], [41.3542,53.4361], [54.7965,61.2692], [51.1138,51.4121], [48.1096,67.6498], [32.5714,57.0885], [31.801,50.6815], [32.5714,57.0885], [27.6861,50.0167], [21.283,65.3308], [41.187,34.6889], [31.801,50.6815], [41.187,34.6889], [31.801,50.6815], [32.5714,57.0885], [27.6861,50.0167], [26.6325,56.4644], [29.4709,43.3233], [22.8956,39.3965], [22.8956,39.3965], [27.6861,50.0167], [26.6325,56.4644], [16.5059,55.6921], [27.6861,50.0167], [22.0713,43.7126], [22.8956,39.3965], [21.283,65.3308], [26.6325,56.4644], [7.27307,49.5216], [26.6325,56.4644], [22.0713,43.7126], [21.283,65.3308], [22.8956,39.3965], [7.27307,49.5216], [27.6861,50.0167], [27.6861,50.0167], [7.27307,49.5216], [26.6325,56.4644], [26.6325,56.4644], [7.27307,49.5216], [22.0713,43.7126], [7.27307,49.5216], [7.658,44.5529], [27.6628,24.2701], [7.27307,49.5216], [7.27307,49.5216], [18.0221,45.2484], [29.4709,43.3233], [7.658,44.5529], [1.64859,57.832], [7.27307,49.5216], [21.283,65.3308], [7.27307,49.5216], [14.7676,43.8071], [26.6325,56.4644], [16.5059,55.6921], [22.0713,43.7126], [16.5059,55.6921], [26.6325,56.4644], [21.283,65.3308], [21.283,65.3308], [22.0713,43.7126], [21.283,65.3308], [7.27307,49.5216], [16.5059,55.6921], [7.27307,49.5216], [27.6861,50.0167], [7.21198,38.7863], [7.27307,49.5216], [14.7676,43.8071], [16.5059,55.6921], [7.27307,49.5216], [1.64859,57.832], [18.0221,45.2484], [18.0221,45.2484], [7.27307,49.5216], [16.1479,60.1349], [16.5059,55.6921], [2.93928,66.7163], [2.93928,66.7163], [2.93928,66.7163], [2.93928,66.7163], [7.658,44.5529], [7.658,44.5529], [1.64859,57.832], [2.93928,66.7163], [7.21198,38.7863], [7.21198,38.7863], [7.21198,38.7863], [7.21198,38.7863], [7.27307,49.5216], [7.658,44.5529], [7.21198,38.7863], [14.7676,43.8071], [7.27307,49.5216], [7.21198,38.7863], [7.21198,38.7863], [21.8464,46.8014], [7.27307,49.5216], [7.21198,38.7863], [22.0713,43.7126], [7.21198,38.7863], [7.21198,38.7863], [21.8464,46.8014], [7.658,44.5529], [7.21198,38.7863], [29.4709,43.3233], 