{
  "instance_index": 0,
  "birth_iter": 28,
  "death_iter": 50,
  "survival_iters": 22,
  "censored": false,
  "pre_vnd_cost": 10093.8,
  "post_vnd_cost": 549.364,
  "pre_vnd_coords": [[80,20], [87.2497,25.0529], [87.1707,21.412], [87.3106,27.8526], [87.103,18.2983], [87.1238,19.2524], [76.2924,15.637], [76.837,15.6629], [76.837,15.6629], [64.9993,17.7387], [58.0494,24.6127], [61.6503,21.0511], [59.0873,23.5861], [60.438,22.2502], [59.8044,22.8769], [67.5456,15.2202], [33.3204,14.6769], [54.6225,33.5405], [54.4955,32.7419], [54.5269,32.9396], [45.2331,46.2693], [54.5899,33.3355], [53.8617,28.7546], [35.3904,39.7723], [54.4679,32.5688], [28.1967,15.8081], [32.9869,14.7646], [27.3079,15.787], [32.2761,23.2089], [27.9779,15.8029], [28.39,15.8126], [28.6976,15.8199], [27.7505,15.7975], [27.6628,24.2701], [27.6628,24.2701], [27.6628,24.2701], [27.6628,24.2701], [27.6628,24.2701], [27.6628,24.2701], [31.8152,34.5319], [27.6628,24.2701], [27.4916,26.7311], [34.4628,6.02217], [34.4628,6.02217], [34.4628,6.02217], [34.4628,6.02217], [34.4628,6.02217], [41.187,34.6889], [27.4916,26.7311], [27.6628,24.2701], [27.4916,26.7311], [34.4628,6.02217], [19.2726,38.8383], [27.4916,26.7311], [27.4916,26.7311], [27.4916,26.7311], [29.4709,43.3233], [19.8879,23.9414], [41.187,34.6889], [35.203,19.7855], [27.6861,50.0167], [41.187,34.6889], [48.2379,37.02], [41.187,34.6889], [41.187,34.6889], [41.187,34.6889], [41.187,34.6889], [41.187,34.6889], [41.187,34.6889], [41.187,34.6889], [41.187,34.6889], [41.187,34.6889], [48.2379,37.02], [22.0713,43.7126], [22.8956,39.3965], [29.4709,43.3233], [27.6861,50.0167], [40.7228,63.9289], [27.6861,50.0167], [52.2485,52.2599], [41.187,34.6889], [52.2485,52.2599], [41.3542,53.4361], [47.5875,47.7362], [48.2379,37.02], [53.8131,46.4529], [53.8131,46.4529], [41.3542,53.4361], [53.035,52.2233], [53.8131,46.4529], [53.8131,46.4529], [53.8131,46.4529], [53.8131,46.4529], [51.1138,51.4121], [53.8131,46.4529], [53.035,52.2233], [53.035,52.2233], [52.2485,52.2599], [52.2485,52.2599], [53.8131,46.4529], [31.801,50.6815], [47.5875,47.7362], [48.2379,37.02], [41.3542,53.4361], [55.7254,42.8225], [55.7254,42.8225], [57.6823,40.4731], [55.7254,42.8225], [55.7254,42.8225], [55.7254,42.8225], [55.7254,42.8225], [54.791,39.1865], [57.6823,40.4731], [55.7254,42.8225], [57.6823,40.4731], [57.6823,40.4731], [57.6823,40.4731], [57.6823,40.4731], [57.6823,40.4731], [57.6823,40.4731], [47.5875,47.7362], [57.6823,40.4731], [57.6823,40.4731], [48.2379,37.02], [57.6823,40.4731], [41.187,34.6889], [48.2379,37.02], [55.7254,42.8225], [57.6823,40.4731], [55.7254,42.8225], [57.6823,40.4731], [55.7254,42.8225], [53.8131,46.4529], [53.035,52.2233], [53.035,52.2233], [47.5875,47.7362], [53.035,52.2233], [53.035,52.2233], [56.5414,77.8439], [56.5414,77.8439], [56.5414,77.8439], [53.035,52.2233], [40.7228,63.9289], [43.4991,69.4204], [52.2485,52.2599], [26.6325,56.4644], [31.801,50.6815], [41.3542,53.4361], [35.1121,62.6003], [41.3542,53.4361], [31.801,50.6815], [32.5714,57.0885], [40.7228,63.9289], [32.5714,57.0885], [41.0545,75.5975], [26.6325,56.4644], [41.3542,53.4361], [41.0545,75.5975], [51.1138,51.4121], [35.1121,62.6003], [26.6325,56.4644], [21.283,65.3308], [32.5714,57.0885], [21.283,65.3308], [40.7228,63.9289], [40.7228,63.9289], [41.0545,75.5975], [27.6861,50.0167], [16.1479,60.1349], [22.8956,39.3965], [27.6861,50.0167], [54.791,39.1865], [52.2485,52.2599], [41.187,34.6889], [41.3542,53.4361], [40.7228,63.9289], [32.5714,57.0885], [31.8152,34.5319], [31.801,50.6815], [32.5714,57.0885], [22.8956,39.3965], [31.8152,34.5319], [22.0713,43.7126], [19.2726,38.8383], [27.6861,50.0167], [53.8131,46.4529], [22.0713,43.7126], [22.0713,43.7126], [31.801,50.6815], [31.801,50.6815], [41.187,34.6889], [27.6861,50.0167], [27.6861,50.0167], [27.6861,50.0167], [22.0713,43.7126], [22.8956,39.3965], [26.6325,56.4644], [26.6325,56.4644], [26.6325,56.4644], [22.8956,39.3965], [35.1121,62.6003], [31.8152,34.5319], [16.5059,55.6921], [16.5059,55.6921], [27.6861,50.0167], [21.283,65.3308], [7.27307,49.5216], [16.5059,55.6921], [21.8464,46.8014], [1.64859,57.832], [7.27307,49.5216], [14.7676,43.8071], [7.27307,49.5216], [7.27307,49.5216], [7.27307,49.5216], [26.6325,56.4644], [7.27307,49.5216], [16.5059,55.6921], [21.283,65.3308], [22.0713,43.7126], [31.801,50.6815], [22.0713,43.7126], [31.131,70.8328], [27.6861,50.0167], [27.5997,72.9604], [21.283,65.3308], [21.283,65.3308], [18.3987,59.2309], [21.283,65.3308], [26.6325,56.4644], [21.283,65.3308], [26.6325,56.4644], [21.283,65.3308], [31.801,50.6815], [11.1002,64.105], [16.5059,55.6921], [16.3413,69.2388], [21.283,65.3308], [11.0069,62.9915], [21.283,65.3308], [11.2547,77.3284], [11.1002,64.105], [24.7008,75.9879], [24.7008,75.9879], [21.283,65.3308], [16.3413,69.2388], [21.283,65.3308], [14.713,74.0264], [21.3281,66.3316], [17.252,77.2831], [21.1696,66.6737], [11.2984,57.6635], [11.3071,57.9605], [11.2194,54.7721], [21.2527,66.4943], [11.2735,56.8066], [16.3786,40.438], [11.2895,57.3559], [11.0793,48.1154], [11.2055,54.1128], [11.154,51.6605], [13.8757,42.5177], [17.5867,38.1905], [11.3154,58.2464], [16.3786,40.438], [11.8739,44.1809], [16.3786,40.438], [15.4498,41.2098], [16.3786,40.438], [11.2399,55.6464], [11.253,56.098], [11.2465,55.8766], [11.2327,55.4006], [11.8624,70.0095], [11.605,68.175], [12.0702,70.3451], [11.5272,65.496], [11.2327,55.4006], [11.6483,69.6637], [11.4993,64.5368], [11.3239,58.5415], [11.3773,60.3749], [11.3933,60.9277], [11.1912,53.4377], [11.0471,46.5973], [12.6869,71.3411], [17.8251,78.0182], [21.4835,65.9963], [11.6224,68.7724], [13.2591,72.1618], [11.2327,55.4005], [11.2668,56.574], [12.8122,71.5434], [11.6138,68.4745], [11.3657,59.9788], [11.1315,50.5902], [11.2599,56.3359], [17.8251,78.0182], [11.2327,55.4006], [11.3427,59.189], [11.5177,65.1701], [11.4506,62.8798], [13.6339,72.6425], [12.6271,71.2444], [11.5617,66.6835], [12.283,70.6887], [11.5702,66.9755], [11.3545,59.5915], [11.5791,67.2815], [20.4638,68.1964], [12.7484,71.4403], [20.0249,69.1436], [12.5604,71.1367], [17.8443,78.0503], [20.7249,67.6333], [14.908,81.1648], [15.3725,74.8724], [15.3786,80.6683], [11.6007,84.6542], [20.8073,67.4555], [15.6948,75.2857], [17.3411,78.5977], [16.8813,79.0829], [20.1971,68.7721], [16.0387,75.7268], [15.0469,74.4547], [20.9948,67.0509], [14.0123,73.1277], [20.1108,68.9582], [20.2889,68.5739], [11.572,84.9512], [19.7488,69.7392], [17.8251,78.0182], [23.4978,88.455], [17.8504,78.0605], [11.4754,85.2451], [21.4033,66.1695], [17.8385,78.0406], [11.1078,85.1742], [11.5018,85.1647], [12.0618,84.1677], [13.3047,82.8564], [12.2102,70.5711], [11.333,85.1362], [12.4243,70.9169], [14.4634,81.6339], [16.3968,79.594], [19.5161,70.2414], [11.4754,85.2451], [10.6236,89.9333], [10.4184,89.9685], [11.4753,85.2452], [11.4754,85.2452], [14.3706,73.5872], [11.4289,84.8354], [10.5365,89.9483], [10.645,89.9297], [11.5245,85.0956], [11.4753,85.2452], [11.4007,61.1816], [17.8251,78.0182], [16.9684,76.9193], [10.7137,89.9179], [17.5403,77.6529], [11.536,65.7976], [16.6873,76.5587], [15.8926,80.126], [11.041,89.8804], [10.6912,89.9218], [20.3718,68.3952], [11.5878,67.5832], [11.3856,60.6607], [11.8078,69.9213], [11.5532,66.3923], [11.9338,70.1247], [11.4753,85.2452], [11.2396,89.8577], [11.7031,69.7522], [11.4754,85.2452], [11.757,69.8392], [13.1006,89.6447], [12.399,83.8119], [11.5495,85.0197], [12.488,71.0197], [11.4754,85.2451], [11.5447,66.0986], [11.6398,69.3702], [12.1363,70.4518], [11.5086,64.8569], [11.6313,69.0775], [21.283,65.3308], [7.41892,84.8763], [5.46145,82.508], [7.41892,84.8763], [21.283,65.3308], [7.41892,84.8763], [6.18256,92.2479], [5.46145,82.508], [7.41892,84.8763], [7.41892,84.8763], [7.41892,84.8763], [6.18256,92.2479], [14.8358,92.6822], [6.18256,92.2479], [6.18256,92.2479], [14.8358,92.6822], [6.18256,92.2479], [6.18256,92.2479], [5.46145,82.508], [6.18256,92.2479], [7.41892,84.8763], [7.41892,84.8763], [6.18256,92.2479], [6.18256,92.2479], [6.18256,92.2479], [6.18256,92.2479], [7.41892,84.8763], 