{
  "instance_index": 0,
  "birth_iter": 37,
  "death_iter": 50,
  "survival_iters": 13,
  "censored": false,
  "pre_vnd_cost": 9582.34,
  "post_vnd_cost": 639.898,
  "pre_vnd_coords": [[80,20], [87.2497,25.0529], [83.9192,47.6715], [87.2856,26.7016], [87.5413,38.4791], [83.4234,47.5293], [87.4674,35.0771], [83.7982,47.6368], [83.3466,47.5072], [83.3842,47.518], [83.3466,47.5072], [86.5316,48.421], [87.7642,48.749], [87.6734,44.566], [83.6786,47.6025], [84.8557,47.9402], [67.2994,52.9892], [85.2955,48.0664], [86.1098,48.2999], [87.7349,47.3982], [86.8771,48.5201], [84.429,47.8177], [87.253,48.6279], [54.3659,58.4415], [51.362,61.8021], [44.3075,69.6943], [46.992,66.691], [40.9254,88.5287], [40.8657,88.603], [27.1327,83.407], [28.6846,78.2689], [43.4197,70.6874], [29.2572,76.3732], [41.1477,88.2517], [27.1899,73.1012], [41.7973,88.1749], [54.5191,58.2701], [28.2969,74.8534], [29.0501,77.0587], [25.8078,62.8576], [28.7874,75.6298], [20.2889,68.5739], [27.7163,81.8427], [20.1108,68.9582], [29.933,78.3682], [28.3993,80.7721], [29.249,79.4403], [29.933,78.3682], [19.2592,53.4002], [19.9357,69.336], [12.5604,71.1367], [27.3534,82.4116], [15.6948,75.2857], [26.9866,82.9866], [17.8251,78.0182], [20.3718,68.3952], [15.0469,74.4547], [28.9066,79.977], [30.3495,78.8827], [17.832,78.0298], [25.2476,85.7124], [17.8385,78.0406], [28.553,80.5312], [22.1094,64.6459], [20.4638,68.1964], [16.8813,79.0829], [13.6339,72.6425], [14.0123,73.1277], [16.0387,75.7268], [29.5572,78.9573], [17.3411,78.5977], [27.5153,82.1578], [27.1599,82.7148], [22.9004,70.2872], [29.4399,93.3083], [11.6445,89.8114], [29.1266,93.2909], [14.4634,81.6339], [12.8811,71.6547], [10.5365,89.9483], [16.3957,76.1847], [15.3786,80.6683], [11.7476,84.4992], [14.3706,73.5872], [11.1078,85.1742], [10.6014,89.9372], [14.908,81.1648], [10.4121,89.9696], [10.82,89.9057], [10.5587,89.9445], [10.4184,89.9685], [11.5245,85.0956], [11.4153,88.8319], [10.3319,88.898], [10.5967,88.8818], [10.7463,88.8727], [11.2705,85.0026], [12.6815,83.5139], [10.4648,89.9605], [26.0082,84.5201], [16.3968,79.594], [17.8443,78.0503], [29.1127,93.3028], [23.6755,88.1765], [26.3554,83.9759], [10.5811,89.9406], [32.8981,92.836], [34.1474,84.676], [17.9496,89.0898], [32.369,92.9083], [33.2172,92.7924], [32.6805,92.8657], [16.6873,76.5587], [26.5647,83.6478], [12.3844,89.7267], [25.4286,85.4286], [11.4754,85.2451], [11.4753,85.2452], [14.0452,82.0751], [11.4754,85.2451], [13.3047,82.8564], [11.4753,85.2452], [8.50178,82.8201], [9.53776,88.9465], [7.78878,75.1508], [10.9049,88.863], [11.729,88.8128], [7.5156,74.9948], [9.76483,88.9326], [9.46315,88.951], [11.5822,88.8217], [10.4129,88.893], [9.27006,88.7121], [11.3453,88.8362], [9.30248,88.9608], [11.6597,88.817], [11.1422,88.8486], [9.28248,88.8074], [9.24769,88.5405], [9.29383,88.8944], [9.84185,88.9279], [22.5268,92.7192], [9.5754,74.9591], [10.0019,88.9181], [10.9844,88.8582], [10.2535,88.9028], [8.1624,80.2174], [11.2113,88.8443], [10.5167,88.8867], [7.75749,75.1329], [8.76964,84.8744], [20.2745,92.4468], [10.8335,88.8674], [9.93692,74.8931], [9.6115,88.942], [21.4307,92.7113], [25.4734,92.7404], [9.22359,88.3557], [23.0435,90.7076], [22.4477,91.0818], [26.0807,92.7448], [25.024,89.4637], [24.8902,92.7362], [40.8585,88.6119], [33.2752,92.7966], [8.93899,86.1731], [16.4398,73.7066], [27.7693,92.757], [21.5657,72.7713], [22.1805,91.2496], [28.0431,80.3927], [28.9392,75.8699], [14.1239,74.1292], [23.666,90.3166], [17.1558,73.576], [43.4197,70.6874], [40.8488,88.624], [27.8345,81.0834], [16.8196,73.6373], [21.8161,65.2788], [11.5791,67.2815], [11.572,84.9512], [17.8251,78.0182], [30.8432,79.4925], [25.3668,70.3204], [16.9684,76.9193], [17.252,77.2831], [20.7249,67.6333], [20.8073,67.4555], [19.8461,69.5293], [21.4835,65.9963], [20.1971,68.7721], [21.7343,65.4553], [19.6393,69.9755], [12.6869,71.3411], [22.2252,64.3961], [21.0805,66.866], [22.6814,63.4118], [20.5585,67.9922], [21.2527,66.4943], [22.1013,51.0462], [14.713,74.0264], [22.6814,63.4118], [22.6813,63.4118], [22.6813,63.4118], [19.7488,69.7392], [12.7484,71.4403], [21.1696,66.6737], [20.0249,69.1436], [22.443,63.9262], [20.9948,67.0509], [11.536,65.7976], [19.8377,55.0928], [22.6813,63.4118], [22.6813,63.4118], [18.9028,52.3574], [19.1292,53.0199], [11.5702,66.9755], [22.5543,63.6859], [12.8122,71.5434], [21.3281,66.3316], [21.9986,64.8852], [27.1203,51.753], [11.6138,68.4745], [11.605,68.175], [12.488,71.0197], [11.8624,70.0095], [12.1363,70.4518], [11.6398,69.3702], [11.5878,67.5832], [22.3326,64.1644], [11.5447,66.0986], [11.6224,68.7724], [17.8251,78.0182], [7.52964,75.3648], [8.46387,75.0784], [7.64838,75.0706], [7.58262,75.771], [9.78438,74.921], [7.69942,76.6667], [10.4899,74.7922], [8.14659,75.1124], [9.87744,74.904], [7.68729,75.0928], [13.6226,74.2206], [12.5449,74.4173], [7.58398,75.0338], [9.64049,74.9472], [14.6022,74.0419], [9.70275,74.9359], [27.6124,81.8189], [9.73185,74.9306], [9.08075,87.2602], [7.89304,78.1517], [9.84458,74.91], [11.4942,88.8271], [9.75779,74.9258], [8.27808,81.1046], [11.0655,88.8532], [11.2781,88.8403], [9.25898,88.6271], [10.6672,88.8775], [10.1621,88.9083], [11.4754,85.2451], [11.4754,85.2452], [11.4754,85.2452], [11.0761,85.335], [11.4754,85.2451], [11.4754,85.2452], [10.8269,85.5279], [19.5161,70.2414], [11.4754,85.2451], [11.4754,85.2452], [11.4753,85.2452], [11.5018,85.1647], [11.4754,85.2451], [21.8961,65.1063], [11.4754,85.2451], [11.5495,85.0197], [11.4754,85.2452], [21.4033,66.1695], [29.933,78.3682], [20.9021,67.2508], [11.333,85.1362], [21.5701,65.8096], [27.3799,82.5885], [28.2864,79.5873], [40.8419,88.6326], [43.4197,70.6874], [39.8353,92.8439], [40.8455,88.6282], [41.315,89.7129], [41.1155,88.2918], [41.0476,88.3764], [24.8594,89.5671], [40.8688,88.5991], [21.8734,91.4425], [42.0891,91.4803], [32.1999,92.7889], [24.3425,92.7323], [41.0807,88.3352], [29.3646,92.7685], [20.8986,92.7075], [20.9276,92.0366], [25.1803,89.3655], [20.6459,92.2134], [20.4145,92.704], [21.9535,92.7151], [24.5335,89.7718], [26.9261,92.7509], [34.9918,92.809], [31.6951,92.7852], [37.3297,92.8258], [31.1323,92.7812], [34.4752,92.8053], [35.979,92.8161], [21.2488,91.8348], [25.3688,89.2471], [40.9487,88.4996], [28.8572,77.6976], [36.8662,92.8225], [23.3867,90.492], [30.0167,92.7732], [37.7907,92.8292], [40.8521,88.6199], [38.2741,92.8326], [30.606,92.7774], [22.7264,90.9067], [23.7587,92.7281], [21.5669,91.635], [40.862,88.6076], [42.1097,88.1717], [23.1772,92.7239], [25.3688,89.2471], [24.2907,89.9243], [42.3971,92.1837], [28.7196,92.7638], [32.8026,92.7932], [23.9984,90.1078], [35.5116,92.8127], [41.5015,88.1779], [42.4738,92.863], [40.9804,88.4602], [42.6953,92.8646], [41.1123,92.8531], [41.7812,90.7774], [42.1981,92.861], [42.6358,92.8641], [41.4054,92.8552], [40.828,92.8511], [36.4489,92.8195], [33.9008,92.8011], [39.3891,92.8407], [41.6913,92.8573], [41.9562,92.8592], [40.3072,92.8473], [40.8554,88.6158], [41.0124,88.4202], [40.8971,88.5639], [33.2086,70.6323], [11.4754,85.2451], [27.8913,70.3545], [45.6134,68.2333], [29.0951,76.1167], [19.0161,37.4874], [18.6931,38.4047], [19.5397,36.0005], [30.9508,29.6106], [29.8658,15.5845], [30.8727,29.9875], [31.0306,29.2254], [35.3192,39.6259], [32.4097,22.564], [44.7213,31.2427], [45.6357,31.2471], [39.8001,44.55], [42.5067,43.5452], [35.1113,39.1984], [35.1794,39.3385], [35.2153,39.4123], [35.2481,39.4798], [35.3904,39.7723], [67.2826,49.0129], [53.608,59.2894], [55.0736,57.6499], [50.8547,62.3696], [42.4284,72.636], [44.1065,76.411], [34.1654,70.8402], [43.5928,91.3755], [43.1041,58.7664], [30.1461,70.3846], [47.8116,59.9747], [48.3902,77.4705], [34.1528,84.8048], [44.0364,76.3936], [60.078,72.0364], [44.8622,76.598], [52.9111,85.7663], [44.5888,76.5303], [49.3687,77.0156], [44.5161,76.5123], [53.0704,85.6404], [57.3496,73.3051], [44.0364,76.3936], [53.0705,85.6404], [44.0364,76.3936], [44.1765,76.4283], [48.3903,77.4705], [34.1157,83.9286], [32.8417,92.8437], [48.3903,77.4705], [45.4832,91.1174], [50.337,76.5654], [52.2614,75.6707], [59.2721,72.4112],