{
  "instance_index": 0,
  "birth_iter": 11,
  "death_iter": 20,
  "survival_iters": 9,
  "censored": false,
  "pre_vnd_cost": 10077.6,
  "post_vnd_cost": 729.95,
  "pre_vnd_coords": [[80,20], [95.9214,13.5604], [95.9214,13.5604], [76.5248,9.07425], [76.5248,9.07425], [95.9214,13.5604], [78.6109,39.3304], [87.3891,28.4392], [78.6109,39.3304], [78.6109,39.3304], [87.3891,28.4392], [66.166,18.296], [66.166,18.296], [57.9314,32.3175], [57.6719,42.9463], [66.166,18.296], [57.9314,32.3175], [66.166,18.296], [57.9314,32.3175], [56.1819,38.5131], [56.1819,38.5131], [57.9314,32.3175], [43.9556,32.6771], [43.9556,32.6771], [56.1819,38.5131], [56.1819,38.5131], [56.1819,38.5131], [57.9314,32.3175], [56.1819,38.5131], [78.6109,39.3304], [56.1819,38.5131], [56.1819,38.5131], [53.0011,52.6662], [57.9314,32.3175], [67.3976,57.9841], [56.1819,38.5131], [56.1819,38.5131], [57.9314,32.3175], [67.137,50.0029], [57.9314,32.3175], [53.0011,52.6662], [45.7419,42.1265], [35.7797,40.9931], [51.4883,55.4726], [45.7419,42.1265], [45.7419,42.1265], [51.4883,55.4726], [42.1056,30.7529], [43.9556,32.6771], [45.7419,42.1265], [56.1819,38.5131], [45.7419,42.1265], [43.9556,32.6771], [43.9556,32.6771], [45.2504,59.8534], [37.2053,50.6666], [36.5592,51.7186], [45.7419,42.1265], [35.7797,40.9931], [45.7419,42.1265], [53.0011,52.6662], [51.1729,64.1313], [63.335,60.9049], [57.6719,42.9463], [53.0011,52.6662], [59.7649,58.1063], [45.2504,59.8534], [37.2053,50.6666], [37.2053,50.6666], [57.6719,42.9463], [51.4883,55.4726], [45.2504,59.8534], [45.7419,42.1265], [45.2504,59.8534], [34.5268,51.2941], [60.5697,57.3713], [53.0011,52.6662], [45.2504,59.8534], [63.335,60.9049], [55.1474,64.0647], [51.4883,55.4726], [45.2504,59.8534], [37.2053,50.6666], [58.503,55.6071], [60.4048,60.8715], [53.0011,52.6662], [59.7649,58.1063], [63.335,60.9049], [63.335,60.9049], [53.0011,52.6662], [58.503,55.6071], [62.1079,78.0778], [72.2898,63.2214], [55.1474,64.0647], [60.5697,57.3713], [67.137,50.0029], [67.137,50.0029], [63.335,60.9049], [57.6719,42.9463], [67.137,50.0029], [67.3976,57.9841], [56.1819,38.5131], [78.6109,39.3304], [78.6109,39.3304], [78.3449,50.6006], [78.6109,39.3304], [78.6109,39.3304], [78.6109,39.3304], [84.771,47.5738], [78.6109,39.3304], [78.6109,39.3304], [84.771,47.5738], [67.137,50.0029], [84.771,47.5738], [78.6109,39.3304], [84.771,47.5738], [92.3814,59.0239], [92.3814,59.0239], [92.3814,59.0239], [92.3814,59.0239], [92.3814,59.0239], [92.3814,59.0239], [67.137,50.0029], [80.463,68.21], [92.3814,59.0239], [92.3814,59.0239], [67.137,50.0029], [92.3814,59.0239], [78.3449,50.6006], [67.3976,57.9841], [78.3449,50.6006], [72.2898,63.2214], [80.463,68.21], [80.463,68.21], [80.463,68.21], [90.222,71.6249], [80.463,68.21], [80.463,68.21], [72.2898,63.2214], [62.1079,78.0778], [60.4048,60.8715], [92.3814,59.0239], [78.8617,69.4443], [88.04,84.3576], [72.1862,79.7521], [88.04,84.3576], [72.2898,63.2214], [80.463,68.21], [88.04,84.3576], [88.04,84.3576], [70.7371,98.0659], [86.3441,90.5548], [88.04,84.3576], [70.7371,98.0659], [75.2729,94.4724], [70.3502,87.9525], [75.2729,94.4724], [88.04,84.3576], [75.2729,94.4724], [75.2729,94.4724], [88.04,84.3576], [72.1862,79.7521], [59.1958,86.5336], [59.1958,86.5336], [74.0989,85.1738], [54.3913,98.361], [59.1958,86.5336], [72.1862,79.7521], [72.1862,79.7521], [74.0989,85.1738], [70.3502,87.9525], [70.7371,98.0659], [70.7371,98.0659], [75.2729,94.4724], [74.0989,85.1738], [72.1862,79.7521], [72.1862,79.7521], [70.7371,98.0659], [72.1862,79.7521], [72.1862,79.7521], [70.7371,98.0659], [70.7371,98.0659], [70.3502,87.9525], [71.6613,86.405], [59.1958,86.5336], [70.7371,98.0659], [58.6103,88.739], [69.2812,86.5675], [69.1144,86.4602], [57.9279,91.5793], [70.1623,87.1338], [69.3641,86.6207], [69.8572,86.9377], [70.3436,87.2503], [64.6821,80.9646], [64.6825,80.9646], [64.6829,80.9646], [64.9906,81.3461], [64.6808,80.9645], [64.6817,80.9645], [67.595,84.5756], [65.8726,82.4397], [60.9506,67.2747], [60.6564,66.9786], [60.8922,67.3782], [58.7972,66.3997], [60.5647,66.8863], [60.0609,66.3792], [56.3831,66.4387], [49.6347,69.8592], [58.5692,71.4927], [56.3831,66.4387], [60.8471,67.1706], [56.3831,66.4387], [60.2677,66.5874], [60.3812,66.7016], [57.2355,66.4249], [60.7547,67.0775], [59.6858,69.515], [60.4661,66.7871], [52.0706,68.6246], [58.7736,71.1307], [54.1124,67.5896], [56.3831,66.4387], [56.3831,66.4387], [56.3831,66.4387], [60.0609,66.3792], [48.2991,70.6842], [57.2248,73.8739], [38.2191,59.5358], [38.0574,59.2044], [39.7673,62.7077], [57.9649,66.4131], [49.3975,70.0057], [47.0788,71.4378], [60.1609,66.4799], [60.5727,80.571], [56.7976,74.6835], [60.5486,67.9867], [66.5042,83.2228], [59.0178,87.0432], [64.6812,80.9645], [58.8244,87.8481], [56.5463,75.1596], [60.375,81.3937], [59.5,85.036], [49.6347,69.8592], [49.6347,69.8592], [57.8856,72.7035], [46.8249,71.5947], [60.8512,80.5976], [65.3198,81.7543], [59.3482,66.3908], [56.3831,66.4387], [59.1707,70.4273], [53.5665,81.416], [49.2534,88.4207], [53.4062,81.7552], [53.7152,81.1013], [59.4126,69.9988], [69.6769,86.8218], [59.3264,85.7585], [52.2439,92.0377], [70.0039,87.032], [58.5135,89.1419], [58.3683,89.7465], [58.416,89.5478], [58.4666,89.3372], [60.2216,68.5659], [59.9398,69.0651], [46.559,71.7589], [59.4397,85.2869], [49.6347,69.8592], [53.8484,80.8195], [54.6622,79.0976], [53.0595,82.4887], [54.8932,78.6087], [59.1375,86.545], [33.6819,76.3518], [49.5957,88.3731], [46.3788,71.5275], [46.559,71.7589], [59.8021,83.7785], [53.2858,82.01], [69.5252,86.7243], [59.263,86.0226], [59.3892,85.4971], [49.4235,88.3971], [61.1665,80.6278], [59.8684,83.5025], [50.1442,88.2968], [47.5217,88.6616], [59.2,86.2845], [58.9614,70.798], [44.0271,92.7004], [46.6375,92.4899], [59.9381,83.2122], [44.8817,92.6315], [48.6439,88.5055], [59.0738,86.81], [59.7329,84.0665], [49.9555,88.3231], [53.169,82.2571], [48.3724,88.5432], [53.1573,91.9641], [45.7182,88.9124], [50.4625,92.1814], [48.5118,92.3387], [58.658,88.5407], [47.0733,92.4547], [46.5801,88.7925], [51.3176,92.1124], [54.9505,91.8194], [69.4469,86.674], [48.8892,88.4713], [56.3109,91.7097], [37.5932,93.2194], [49.7664,92.2375], [54.0391,91.8929], [45.7231,92.5636], [50.3264,88.2715], [57.9279,91.5793], [39.8144,93.0402], [55.8161,91.7496], [57.3394,91.6268], [56.8255,91.6682], [69.1987,86.5144], [58.5619,88.9407], [42.9624,89.2958], [32.7024,93.6138], [32.8178,93.6045], [40.2113,93.0082], [32.3025,93.6461], [39.3704,93.076], [36.7925,93.2839], [40.9929,89.5697], [33.6779,93.5352], [59.6746,84.3093], [54.0225,80.451], [57.2248,73.8739], [32.3368,93.6433], [32.6312,93.6195], [41.1429,92.9331], [32.4856,93.6313], [37.6108,91.1175], [32.5582,93.6254], [49.0378,92.2963], [47.5415,92.417], [40.9929,89.5697], [32.5961,93.6224], [38.4588,93.1495], [49.0614,88.4474], [32.6697,93.6164], [33.5879,93.5424], [39.9465,90.0486], [32.4135,93.6371], [33.1889,93.5746], [47.9983,92.3801], [17.138,93.7167], [46.1652,92.528], [20.8589,88.4935], [32.2181,93.6529], [32.0725,93.6646], [32.9017,93.5977], [32.4504,93.6341], [32.2608,93.6494], [33.4188,93.556], [19.5783,89.5782], [34.2715,93.4873], [22.4182,86.9063], [32.5209,93.6284], [24.4478,83.8389], [33.2451,93.1155], [33.3423,93.5622], [17.5413,90.9322], [17.0654,91.2485], [34.7974,93.4449], [32.956,93.5933], [22.068,87.4356], [19.4174,89.6852], [19.2434,89.8008], [24.7322,83.409], [24.5742,83.6478], [33.4928,93.5501], [15.7671,92.1114], [15.8679,92.0445], [15.5551,92.2524], [15.9663,91.9791], [13.4514,91.9606], [11.1736,78.0574], [24.9047,83.1483], [32.1046,93.662], [22.1462,70.1124], [11.0297,90.7804], [11.0348,90.3279], [15.6577,92.1842], [17.6893,90.8338], [18.9264,90.0115], [33.1075,93.5811], [16.3417,93.1571], [32.3699,93.6406], [18.7535,90.1264], [32.7261,93.6119], [32.0395,93.6673], [11.0787,86.4939], [11.0687,87.3628], [11.067,87.5092], [14.594,92.5049], [11.0703,87.2236], [11.0804,86.3435], [11.0298,90.768], [11.0799,86.394], [11.0301,90.7425], [11.0813,86.2725], [11.0293,90.8068], [11.0625,87.9072], [11.0797,86.4105], 