{
  "instance_index": 0,
  "birth_iter": 17,
  "death_iter": 80,
  "survival_iters": 63,
  "censored": false,
  "pre_vnd_cost": 9690.56,
  "post_vnd_cost": 517.262,
  "pre_vnd_coords": [[80,20], [95.9214,13.5604], [76.5248,9.07425], [95.9214,13.5604], [76.5248,9.07425], [95.9214,13.5604], [87.3891,28.4392], [87.3891,28.4392], [87.3891,28.4392], [87.3891,28.4392], [78.6109,39.3304], [84.2315,47.6482], [85.614,48.114], [85.614,48.114], [71.0148,59.4404], [67.137,50.0029], [67.137,50.0029], [84.2315,47.6482], [67.137,50.0029], [67.137,50.0029], [78.6109,39.3304], [84.2315,47.6482], [78.6109,39.3304], [67.137,50.0029], [57.711,39.8881], [67.137,50.0029], [58.2005,57.6945], [67.137,50.0029], [67.137,50.0029], [54.871,66.3459], [71.0148,59.4404], [81.4471,72.9214], [54.871,66.3459], [67.137,50.0029], [71.0148,59.4404], [67.137,50.0029], [59.9465,59.3541], [67.137,50.0029], [85.614,48.114], [67.137,50.0029], [61.0249,67.7524], [78.6109,39.3304], [71.0148,59.4404], [59.9465,59.3541], [59.7304,31.2806], [56.1819,38.5131], [56.1819,38.5131], [57.711,39.8881], [67.137,50.0029], [57.8402,38.7875], [57.8402,38.7875], [57.8402,38.7875], [57.8402,38.7875], [59.7304,31.2806], [56.1819,38.5131], [56.1819,38.5131], [56.1819,38.5131], [57.711,39.8881], [57.711,39.8881], [47.5297,58.9922], [47.5297,58.9922], [47.5297,58.9922], [58.2005,57.6945], [58.2005,57.6945], [54.871,66.3459], [59.9465,59.3541], [67.137,50.0029], [47.5297,58.9922], [47.5297,58.9922], [57.2355,66.4249], [47.5297,58.9922], [56.1819,38.5131], [57.2355,66.4249], [57.2355,66.4249], [57.2355,66.4249], [57.2355,66.4249], [54.871,66.3459], [57.2355,66.4249], [58.2005,57.6945], [47.5297,58.9922], [53.1484,43.1266], [57.2355,66.4249], [47.5297,58.9922], [47.5297,58.9922], [58.2005,57.6945], [57.2355,66.4249], [54.871,66.3459], [60.375,81.3937], [62.5004,80.7098], [60.375,81.3937], [62.5004,80.7098], [54.4252,79.599], [61.0249,67.7524], [59.9465,59.3541], [57.2355,66.4249], [57.2355,66.4249], [66.9522,63.2669], [51.6087,50.667], [54.871,66.3459], [67.873,82.1329], [61.0249,67.7524], [57.2355,66.4249], [60.375,81.3937], [57.2355,66.4249], [45.5833,64.5086], [54.871,66.3459], [59.9465,59.3541], [45.5833,64.5086], [61.0249,67.7524], [59.9465,59.3541], [61.0249,67.7524], [45.5833,64.5086], [58.2005,57.6945], [66.9522,63.2669], [60.375,81.3937], [59.1958,86.5336], [67.873,82.1329], [57.2355,66.4249], [69.2812,86.5675], [72.1862,79.7521], [69.2812,86.5675], [67.873,82.1329], [69.2812,86.5675], [61.0249,67.7524], [85.614,48.114], [85.614,48.114], [85.614,48.114], [85.614,48.114], [85.614,48.114], [85.614,48.114], [84.2315,47.6482], [85.614,48.114], [85.614,48.114], [85.5775,51.3593], [81.4471,72.9214], [81.4471,72.9214], [81.4471,72.9214], [67.873,82.1329], [61.0249,67.7524], [81.4471,72.9214], [78.8617,69.4443], [78.8617,69.4443], [81.4471,72.9214], [81.4471,72.9214], [85.614,48.114], [81.4471,72.9214], [86.3441,90.5548], [81.4471,72.9214], [72.1862,79.7521], [81.4471,72.9214], [81.4471,72.9214], [86.1969,85.0611], [81.5499,89.8633], [86.3441,90.5548], [81.5499,89.8633], [81.5499,89.8633], [72.1862,79.7521], [73.9963,88.5458], [73.1598,87.9225], [72.1862,79.7521], [81.5499,89.8633], [72.1862,79.7521], [67.873,82.1329], [81.5499,89.8633], [73.9963,88.5458], [73.9963,88.5458], [73.9963,88.5458], [73.9963,88.5458], [73.1598,87.9225], [81.5499,89.8633], [73.1598,87.9225], [73.1598,87.9225], [73.1598,87.9225], [73.9963,88.5458], [67.873,82.1329], [73.1598,87.9225], [67.873,82.1329], [73.1598,87.9225], [67.873,82.1329], [73.1598,87.9225], [58.1419,90.413], [69.2812,86.5675], [69.2812,86.5675], [53.1327,91.71], [57.3394,91.6268], [59.1958,86.5336], [73.9963,88.5458], [58.1419,90.413], [81.5499,89.8633], [59.1958,86.5336], [59.1958,86.5336], [57.3394,91.6268], [59.1958,86.5336], [46.6375,92.4899], [57.3394,91.6268], [73.1598,87.9225], [53.1327,91.71], [69.2812,86.5675], [53.4062,81.7552], [59.1958,86.5336], [53.4062,81.7552], [62.5004,80.7098], [54.4252,79.599], [54.4252,79.599], [57.3394,91.6268], [53.1327,91.71], [58.5135,89.1419], [69.2812,86.5675], [53.4062,81.7552], [62.5004,80.7098], [57.3394,91.6268], [58.5135,89.1419], [53.4062,81.7552], [54.4252,79.599], [54.4252,79.599], [54.4252,79.599], [57.3394,91.6268], [67.873,82.1329], [61.0249,67.7524], [59.1958,86.5336], [62.5004,80.7098], [54.4252,79.599], [62.5004,80.7098], [47.2937,74.0889], [47.0258,75.8097], [57.2355,66.4249], [62.5004,80.7098], [53.4062,81.7552], [54.4252,79.599], [47.2937,74.0889], [38.5462,60.206], [59.1958,86.5336], [47.2937,74.0889], [46.6375,92.4899], [47.2937,74.0889], [54.4252,79.599], [47.2937,74.0889], [40.9929,89.5697], [47.2937,74.0889], [47.2937,74.0889], [54.4252,79.599], [47.2937,74.0889], [47.5297,58.9922], [35.9677,82.2185], [47.2937,74.0889], [60.375,81.3937], [54.4252,79.599], [47.2937,74.0889], [35.9677,82.2185], [60.375,81.3937], [42.5124,67.3336], [54.4252,79.599], [42.5124,67.3336], [38.5462,60.206], [47.2937,74.0889], [47.2937,74.0889], [33.0094,75.6216], [47.2937,74.0889], [54.4252,79.599], [40.9929,89.5697], [35.9677,82.2185], [47.0258,75.8097], [60.375,81.3937], [54.4252,79.599], [54.4252,79.599], [47.0258,75.8097], [40.9929,89.5697], [42.5124,67.3336], [54.4252,79.599], [54.4252,79.599], [40.9929,89.5697], [40.9929,89.5697], [46.6375,92.4899], [53.4062,81.7552], [34.9127,92.8761], [47.2937,74.0889], [35.9677,82.2185], [62.5004,80.7098], [47.0258,75.8097], [54.4252,79.599], [62.5004,80.7098], [61.0249,67.7524], [47.2937,74.0889], [46.6375,92.4899], [54.4252,79.599], [54.4252,79.599], [46.6375,92.4899], [54.4252,79.599], [46.6375,92.4899], [54.4252,79.599], [57.3394,91.6268], [46.6375,92.4899], [33.7511,93.5292], [54.4252,79.599], [46.6375,92.4899], [58.5135,89.1419], [46.6375,92.4899], [54.4252,79.599], [54.4252,79.599], [58.1419,90.413], [53.1327,91.71], [53.4062,81.7552], [40.9929,89.5697], [54.4252,79.599], [58.1419,90.413], [46.6375,92.4899], [53.1327,91.71], [46.6375,92.4899], [46.6375,92.4899], [59.1958,86.5336], [46.6375,92.4899], [46.6375,92.4899], [32.9017,93.5977], [35.9677,82.2185], [35.9677,82.2185], [53.1327,91.71], [46.6375,92.4899], [53.1327,91.71], [38.5115,92.228], [38.5115,92.228], [46.6375,92.4899], [40.9929,89.5697], [38.5115,92.228], [46.6375,92.4899], [32.9017,93.5977], [38.5115,92.228], [46.6375,92.4899], [53.1327,91.71], [32.9017,93.5977], [53.1327,91.71], [32.7429,94.1096], [40.9929,89.5697], [32.7429,94.1096], [32.9017,93.5977], [53.1327,91.71], [32.9017,93.5977], [38.5115,92.228], [32.9017,93.5977], [32.9017,93.5977], [32.9017,93.5977], [32.9017,93.5977], [40.9929,89.5697], [46.6375,92.4899], [32.9017,93.5977], [32.9017,93.5977], [32.9017,93.5977], [32.9017,93.5977], [32.9017,93.5977], [35.9677,82.2185], [38.5115,92.228], [32.9017,93.5977], [40.9929,89.5697], [33.7511,93.5292], [35.9677,82.2185], [33.7511,93.5292], [32.9017,93.5977], [32.9017,93.5977], [32.9017,93.5977], [34.9127,92.8761], [32.7429,94.1096], [32.9017,93.5977], [34.9127,92.8761], [32.9017,93.5977], [32.9017,93.5977], [35.9677,82.2185], [35.9677,82.2185], [34.9127,92.8761], [32.9017,93.5977], [32.9017,93.5977], [38.5115,92.228], [33.7511,93.5292], [38.5115,92.228], [32.9017,93.5977], [34.9127,92.8761], [32.7429,94.1096], [32.9017,93.5977], [33.7511,93.5292], [35.9677,82.2185], [32.9017,93.5977], [32.9017,93.5977], [32.7429,94.1096], [32.7429,94.1096], [32.9017,93.5977], [32.7429,94.1096], [32.7429,94.1096], [15.6977,85.6638], [17.8875,78.8916], [31.8927,73.4304], [31.8927,73.4304], [23.4428,71.9992], [16.1893,71.3298], [23.4428,71.9992], [16.1893,71.3298], [16.1893,71.3298], [12.9672,65.8636], [31.2499,76.0889], [21.7337,83.0602], [31.8927,73.4304], [26.927,74.4288], [42.5124,67.3336], [47.2937,74.0889], [47.0258,75.8097], [38.5462,60.206], [40.9929,89.5697], [40.9929,89.5697], [34.5268,51.2941], [34.5268,51.2941], [34.5268,51.2941], [34.5268,51.2941], [34.5268,51.2941], [34.5268,51.2941], [40.9929,89.5697], [43.6056,45.3754], [43.6056,45.3754], [43.8882,52.13], [35.3673,59.0611], [37.8012,63.4365], [37.8012,63.4365], [35.3673,