{
  "instance_index": 0,
  "birth_iter": 132,
  "death_iter": 160,
  "survival_iters": 28,
  "censored": false,
  "pre_vnd_cost": 8370.24,
  "post_vnd_cost": 492.361,
  "pre_vnd_coords": [[80,20], [84.2347,17.9109], [86.1208,17.5473], [85.9773,17.6048], [35.7135,50.3631], [29.738,52.5699], [24.6634,44.4091], [25.0468,44.3707], [32.8873,44.8646], [37.3101,49.7768], [31.7862,51.4745], [35.5825,50.4112], [29.1882,52.864], [32.2552,51.3473], [37.4201,49.7364], [36.7463,49.9838], [35.7246,45.0756], [31.7862,51.4745], [34.8382,45.0097], [15.336,45.3431], [25.5576,44.3196], [28.5259,44.5403], [22.2362,44.6521], [25.3163,44.3437], [23.7203,44.5035], [26.3097,44.3755], [37.5215,49.6991], [24.2593,44.4495], [15.3421,45.3042], [15.3483,45.2652], [13.7323,42.8595], [13.3244,42.2563], [13.1545,42.005], [12.9681,41.7293], [13.5079,42.5276], [46.4216,67.3038], [15.5851,89.8196], [10.2383,79.5569], [10.0025,87.0154], [9.99992,87.0979], [9.99768,87.1689], [10.3536,75.906], [10.0414,85.7833], [10.0363,85.946], [10.2413,79.4603], [10.0388,85.8657], [10.1253,83.1286], [10.2409,79.4749], [10.2405,79.4877], [10.2786,78.2794], [10.2379,79.5701], [10.2533,79.08], [10.24,79.5017], [10.2387,79.5425], [10.0051,86.9321], [16.6187,89.7895], [18.2744,89.7412], [17.4361,89.7657], [17.6625,89.7591], [29.3379,74.9618], [28.7503,71.9021], [29.3112,74.8043], [30.1798,73.3918], [29.2835,74.6406], [16.3415,89.7975], [43.3102,89.539], [43.5096,89.5232], [43.2138,89.5466], [42.4422,89.6077], [42.5693,89.2071], [42.3899,89.4688], [42.3553,89.5192], [42.2861,89.6201], [42.48,89.3373], [42.905,88.7178], [43.4071,89.5313], [30.3216,73.5395], [44.1463,86.9081], [42.6029,89.595], [42.6864,89.5884], [42.7692,89.5818], [42.847,89.5757], [43.1302,89.5532], [42.3693,89.6135], [43.6124,89.5151], [42.5197,89.6016], [42.3445,89.5349], [45.0984,85.5201], [44.7925,85.9661], [42.3668,89.5024], [42.3785,89.4853], [43.0413,89.5603], [48.1459,89.1562], [49.2391,89.0696], [45.6733,89.3519], [44.4762,86.4272], [45.535,84.8836], [42.3338,89.5504], [42.9451,89.5679], [49.4171,89.0555], [49.51,89.0482], [44.0958,89.4768], [42.3215,89.5684], [42.3103,89.5848], [43.7172,87.5337], [43.3102,88.127], [51.9878,88.852], [46.4679,83.5236], [55.2414,88.5943], [43.7146,89.507], [49.1739,89.0748], [49.6044,89.0407], [45.2949,89.3819], [42.2979,89.6029], [48.4808,89.1297], [46.7405,83.1262], [49.3076,89.0642], [49.3959,89.0572], [50.2083,88.9929], [44.4931,89.4454], [49.9979,89.0095], [50.1005,89.0014], [49.351,89.0608], [49.7944,89.0257], [44.9066,89.4126], [49.1524,89.0765], [59.2812,88.2744], [49.2857,89.0659], [49.8875,89.0183], [49.3727,89.0591], [49.7025,89.0329], [50.5834,88.9632], [47.4949,89.2077], [49.2182,89.0713], [65.2132,88.267], [59.2714,88.2752], [59.2646,88.2758], [48.6506,89.1162], [49.2628,89.0678], [59.3007,88.2729], [61.3196,88.2708], [51.8974,75.3458], [59.2845,88.2742], [47.8184,89.1821], [50.3149,88.9844], [60.8165,88.2713], [71.2339,88.2611], [56.1801,88.0817], [74.7522,88.1518], [57.7278,87.9201], [74.399,86.4793], [56.2067,88.079], [74.7232,88.0144], [56.6306,88.0347], [57.5579,87.9378], [56.9693,87.9993], [57.7278,87.9201], [80.0278,88.8447], [56.7515,86.2664], [74.8054,88.4038], [80.0278,88.8447], [81.105,87.3222], [80.0278,88.8447], [74.7659,88.2168], [74.5741,87.3083], [56.0329,88.0971], [55.359,75.0728], [57.0536,87.9905], [54.3938,74.8995], [55.4788,76.1828], [57.2292,87.0756], [57.2152,87.9736], [57.4911,87.5192], [56.2363,88.0759], [53.1156,77.9083], [70.7656,75.3204], [54.0642,77.2157], [57.311,87.9636], [55.7168,88.1302], [56.8827,88.0083], [56.7951,88.0175], [55.8685,88.1143], [56.3815,88.0607], [57.475,87.9465], [57.131,87.9824], [56.7099,88.0264], [53.7138,81.1206], [74.8184,88.4655], [56.1845,85.3059], [55.021,83.3349], [57.6432,87.9289], [54.4763,82.4121], [56.2648,88.0729], [54.2308,81.9963], [56.2941,88.0698], [57.3923,87.9551], [56.4602,88.0525], [56.5446,88.0437], [52.4662,79.0071], [53.1976,80.2461], [54.5395,76.8687], [49.3469,73.993], [53.6065,77.5499], [55.6506,84.4014], [56.0587,75.1985], [53.7657,74.7866], [53.3804,74.7174], [46.7339,70.4672], [46.1796,73.1355], [51.885,74.4488], [54.7117,74.9566], [46.3151,66.2248], [29.8716,73.0706], [52.0498,75.048], [29.664,72.8543], [52.7144,79.4276], [50.5968,74.2175], [52.6283,78.264], [30.5884,73.8176], [76.9541,88.6209], [80.7696,87.7963], [74.7096,87.9503], [74.7385,88.087], [80.0278,88.8447], [78.5393,88.7363], [80.3703,88.3606], [80.0278,88.8447], [80.0278,88.8447], [80.0278,88.8447], [80.0278,88.8447], [73.6127,82.7565], [70.9185,75.4704], [74.7917,88.3387], [86.3516,79.8429], [74.7792,88.2797], [86.3451,79.7889], [86.3184,79.567], [86.2199,78.7465], [80.0278,88.8447], [86.3012,79.4238], [86.3263,79.6329], [85.5036,72.782], [72.3758,76.8998], [86.3091,79.4895], [86.3582,79.898], [80.0278,88.8447], [86.335,79.7053], [69.5267,73.2009], [84.3347,63.0458], [84.2498,62.3391], [83.3011,54.7527], [84.1679,61.6567], [83.1316,53.4343], [83.8682,59.1618], [83.6907,57.7819], [82.9796,52.2524], [75.6151,43.3555], [83.9191,59.5855], [83.4869,56.1967], [83.9697,60.0071], [81.9605,44.3293], [82.5196,48.6757], [82.669,49.8379], [81.9669,44.3787], [76.7224,41.4297], [74.2766,46.355], [84.47,64.1728], [84.023,60.4506], [82.0644,32.1386], [77.4044,40.2435], [81.952,44.2632], [74.8458,44.6935], [78.2728,38.7333], [74.46,45.6802], [75.2229,44.0376], [75.8738,42.9056], [74.6228,45.0814], [82.8103,50.9365], [81.9424,44.1888], [89.25,19.6484], [89.2594,19.6243], [87.8289,22.1122], [84.3749,17.8418], [60.1891,59.5587], [66.8133,69.7394], [66.7626,69.6093], [66.7459,69.5665], [51.7956,75.5447], [65.6125,66.6596], [52.2483,74.6603], [59.9977,58.4723], [59.4682,57.4891], [62.9811,63.0457], [59.9051,57.9466], [66.7111,69.4773], [66.8312,69.7854], [51.7265,75.6797], [60.6723,60.1621], [63.9345,70.7109], [59.8542,57.6577], [54.7524,55.429], [60.1891,59.5587], [60.1414,59.2879], [60.1891,59.5587], [60.448,59.8821], [55.204,72.656], [60.1891,59.5587], [60.1891,59.5587], [75.3508,43.4709], [73.2642,42.2918], [60.0457,58.7445], [60.1891,59.5587], [59.9514,58.2093], [60.1891,59.5587], [60.1891,59.5587], [60.1891,59.5587], [64.782,65.2948], [63.6125,63.8342], [57.0086,56.4146], [69.4722,40.0576], [51.8626,75.4137], [60.1891,59.5587], [64.2008,64.5689], [82.3848,50.3017], [70.4461,39.0022], [80.6296,44.0749], [70.256,39.2083], [58.1273,33.8938], [59.8542,57.6577], [59.8542,57.6577], [50.8742,54.4904], [60.1891,59.5587], [62.4227,62.3482], [55.5279,33.9231], [58.4469,33.2613], [58.3987,33.3567], [58.5605,33.0363], [61.4977,61.1931], [61.9068,61.704], [58.6622,32.835], [58.3341,33.4845], [45.7241,31.3603], [46.9034,31.9529], [58.3775,33.3986], [58.4932,33.1695], [58.2917,33.5684], [49.5847,33.3001], [58.4705,33.2145], [50.9277,33.975], [58.1766,33.7963], [58.2003,33.7495], [58.5379,33.0811], [49.6931,55.2363], [50.9277,33.975], [69.4167,40.1176], [57.035,33.9061], [52.0053,33.9628], [54.5004,33.9347], [58.7257,32.7092], [58.5853,32.9872], [58.5155,33.1254], [36.8671,45.1605], [75.3508,43.4709], [51.5815,54.0437], [60.1891,59.5587], [36.1103,50.2174], [36.3229,50.1393], [37.6313,49.6588], [37.3227,47.8427], [47.6551,56.5234], [35.9714,50.2684], [37.1066,46.5702], [58.4228,33.3089], [46.1647,57.4646], [35.4658,50.4541], [50.9277,33.975], [36.2189,50.1775], [50.9277,33.975], [36.7197,45.1496], [61.1352,60.7402], [58.6085,32.9414], [36.4318,50.0993], [36.5665,45.1382], [50.9277,33.975], [37.5656,49.2723], [37.0836,49.86], [41.9798,29.4791], [37.5993,49.4706], [37.2014,49.8167], [38.7625,62.1398], [30.055,73.2616], [30.1601,52.3442], [38.0928,62.5628], [35.595,64.1277], [29.1176,72.2848], [30.1814,74.2239], [30.1471,74.2582], [31.7862,51.4745], [36.8573,49.9431], [27.6689,69.5449], [36.5355,50.0612], [35.7689,64.0304], [27.3945,53.8233], [37.6192,62.8619], [37.7736,62.7644], [37.9393,62.6597], [32.6346,65.7849], [38.2754,62.4475], [31.2813,51.7445], [28.0281,53.4844], [36.6399,50.0229], [35.4691,64.1982], [35.4937,64.1844], [34.6197,50.7061], [37.4516,62.9677], 