{
  "instance_index": 0,
  "birth_iter": 25,
  "death_iter": 50,
  "survival_iters": 25,
  "censored": false,
  "pre_vnd_cost": 11266.9,
  "post_vnd_cost": 582.604,
  "pre_vnd_coords": [[80,20], [84.4896,-3.26126], [84.4896,-3.26126], [96.0633,30.632], [101.398,9.89915], [101.398,9.89915], [101.398,9.89915], [96.0633,30.632], [84.7272,37.7892], [70.2124,42.582], [82.399,45.6422], [71.7327,46.9587], [84.7272,37.7892], [71.7327,46.9587], [84.7272,37.7892], [84.7272,37.7892], [82.399,45.6422], [64.0875,48.5716], [71.7327,46.9587], [70.2124,42.582], [61.6472,36.3011], [57.4279,44.8812], [61.6472,36.3011], [58.793,43.5037], [64.0875,48.5716], [64.0875,48.5716], [48.6827,38.483], [57.4279,44.8812], [48.5275,35.3413], [52.1689,52.4342], [52.1689,52.4342], [48.5275,35.3413], [64.0875,48.5716], [60.4147,59.309], [67.8952,70.8787], [54.7789,64.6243], [49.9946,68.958], [54.7789,64.6243], [68.5839,63.6281], [67.8952,70.8787], [54.7789,64.6243], [68.5839,63.6281], [68.5839,63.6281], [75.6881,58.8707], [68.5839,63.6281], [75.6881,58.8707], [79.0204,63.3963], [75.6881,58.8707], [75.648,51.9238], [54.7789,64.6243], [68.5839,63.6281], [72.3383,47.0945], [62.339,44.4887], [68.5839,63.6281], [72.3383,47.0945], [75.648,51.9238], [62.339,44.4887], [72.3383,47.0945], [62.339,44.4887], [75.648,51.9238], [75.648,51.9238], [75.648,51.9238], [68.5839,63.6281], [75.648,51.9238], [79.2775,50.5504], [72.3383,47.0945], [88.7232,56.0505], [88.7232,56.0505], [88.7232,56.0505], [88.7232,56.0505], [88.7232,56.0505], [79.0204,63.3963], [79.2775,50.5504], [90.3877,67.4377], [88.7232,56.0505], [79.0204,63.3963], [79.0204,63.3963], [68.5839,63.6281], [82.2616,71.2668], [68.5839,63.6281], [82.2616,71.2668], [79.0204,63.3963], [79.0204,63.3963], [88.7232,56.0505], [90.3877,67.4377], [90.3877,67.4377], [82.2616,71.2668], [89.7518,85.7229], [89.7518,85.7229], [89.7518,85.7229], [82.2616,71.2668], [89.7518,85.7229], [89.7518,85.7229], [89.7518,85.7229], [89.7518,85.7229], [89.7518,85.7229], [89.7518,85.7229], [76.2521,76.3242], [67.7828,81.5136], [72.1721,94.6893], [67.8952,70.8787], [72.5718,90.7316], [72.5718,90.7316], [76.2521,76.3242], [79.7094,104.902], [72.1721,94.6893], [72.5718,90.7316], [60.3133,77.7388], [66.5647,95.6792], [66.5647,95.6792], [65.8813,85.8311], [65.8813,85.8311], [65.8813,85.8311], [53.4034,90.3644], [67.7828,81.5136], [67.7828,81.5136], [76.2521,76.3242], [72.5718,90.7316], [65.8813,85.8311], [67.8952,70.8787], [79.0204,63.3963], [82.2616,71.2668], [76.2521,76.3242], [82.2616,71.2668], [63.8401,75.5673], [76.2521,76.3242], [63.8401,75.5673], [79.0204,63.3963], [67.8952,70.8787], [75.6881,58.8707], [82.2616,71.2668], [63.8401,75.5673], [49.9946,68.958], [82.2616,71.2668], [49.9946,68.958], [56.2468,73.0055], [56.2468,73.0055], [65.8813,85.8311], [56.2468,73.0055], [67.8952,70.8787], [54.4578,77.2844], [46.5588,91.0379], [58.4938,87.4339], [48.5713,79.3776], [57.0017,80.479], [42.7761,90.8276], [52.0967,83.6469], [57.5953,78.0835], [43.4435,69.3415], [46.5588,91.0379], [58.4938,87.4339], [48.5713,79.3776], [58.4938,87.4339], [58.4938,87.4339], [54.4578,77.2844], [51.1209,87.0613], [60.3133,77.7388], [57.5953,78.0835], [54.4578,77.2844], [46.5588,91.0379], [49.9946,68.958], [63.8401,75.5673], [67.7828,81.5136], [42.7761,90.8276], [58.28,97.8773], [72.5718,90.7316], [53.4034,90.3644], [58.4938,87.4339], [59.5441,91.3409], [68.2622,96.9325], [66.8765,102.53], [61.8075,96.392], [68.2622,96.9325], [61.8075,96.392], [61.8075,96.392], [68.2622,96.9325], [79.5128,101.567], [68.2622,96.9325], [68.2622,96.9325], [66.8765,102.53], [66.8765,102.53], [79.5128,101.567], [79.5128,101.567], [79.5128,101.567], [66.8765,102.53], [79.5128,101.567], [61.8075,96.392], [79.5128,101.567], [79.5128,101.567], [52.1689,52.4342], [60.414,54.1838], [60.414,54.1838], [60.4147,59.309], [60.414,54.1838], [60.414,54.1838], [60.414,54.1838], [55.235,59.4846], [55.235,59.4846], [50.0039,56.2668], [24.8934,63.7835], [27.3972,64.11], [39.4608,75.7733], [31.9748,75.8247], [27.3651,61.6667], [33.1741,54.6758], [33.1741,54.6758], [37.7151,63.6987], [19.9798,62.3758], [28.0852,44.4257], [33.1741,54.6758], [27.3972,64.11], [27.3972,64.11], [27.3651,61.6667], [37.7151,63.6987], [37.5112,66.4711], [37.7151,63.6987], [31.9748,75.8247], [37.5112,66.4711], [41.7134,55.7807], [41.7134,55.7807], [41.7134,55.7807], [37.7151,63.6987], [51.6642,68.259], [50.3916,72.976], [49.7105,63.6636], [37.7151,63.6987], [41.7134,55.7807], [41.7134,55.7807], [29.2473,40.3115], [45.3951,49.2802], [33.1741,54.6758], [45.3951,49.2802], [37.7151,63.6987], [27.3651,61.6667], [41.7134,55.7807], [29.2473,40.3115], [33.1741,54.6758], [33.5517,41.9891], [29.2473,40.3115], [37.7151,63.6987], [30.3516,47.8469], [24.8934,63.7835], [43.1006,40.1232], [30.3516,47.8469], [37.7151,63.6987], [4.4256,53.1527], [24.8934,63.7835], [4.66567,62.6308], [24.8934,63.7835], [31.9748,75.8247], [27.3972,64.11], [27.3651,61.6667], [34.2413,87.9316], [7.38746,65.4939], [10.0987,58.6293], [24.8934,63.7835], [19.9798,62.3758], [1.20365,74.5587], [1.84824,76.9778], [10.0987,58.6293], [1.20365,74.5587], [10.0987,58.6293], [27.3972,64.11], [4.4256,53.1527], [19.9798,62.3758], [24.8934,63.7835], [28.0852,44.4257], [21.4617,37.1126], [30.3516,47.8469], [24.8934,63.7835], [4.4256,53.1527], [4.66567,62.6308], [1.55044,63.3666], [7.38746,65.4939], [10.0987,58.6293], [7.38746,65.4939], [1.84824,76.9778], [7.38746,65.4939], [1.20365,74.5587], [7.38746,65.4939], [4.4256,53.1527], [10.0987,58.6293], [8.49077,47.3111], [4.4256,53.1527], [0.274798,58.3801], [8.49077,47.3111], [7.38746,65.4939], [7.38746,65.4939], [8.49077,47.3111], [8.49077,47.3111], [0.274798,58.3801], [0.274798,58.3801], [8.49077,47.3111], [8.49077,47.3111], [2.96861,39.3495], [10.0987,58.6293], [2.96861,39.3495], [8.49077,47.3111], [2.96861,39.3495], [13.4367,44.4691], [9.04571,40.5237], [4.61302,44.7193], [10.3933,47.1239], [13.4367,44.4691], [9.04571,40.5237], [10.3933,47.1239], [13.4367,44.4691], [13.4367,44.4691], [4.61302,44.7193], [7.4849,77.8574], [8.3545,52.2081], [10.3933,47.1239], [8.3545,52.2081], [9.04571,40.5237], [10.3933,47.1239], [4.76136,73.5153], [7.4849,77.8574], [5.59809,75.5028], [4.76136,73.5153], [7.4849,77.8574], [4.76136,73.5153], [9.9665,80.0262], [4.76136,73.5153], [4.76136,73.5153], [9.9665,80.0262], [3.87776,84.0186], [5.59809,75.5028], [4.76136,73.5153], [8.83179,91.2282], [8.83179,91.2282], [3.87776,84.0186], [-0.41756,90.5778], [17.4768,91.1352], [-1.14574,83.0383], [-1.14574,83.0383], [11.4088,85.0371], [11.4088,85.0371], [11.4088,85.0371], [16.6538,86.6311], [-1.14574,83.0383], [3.87776,84.0186], [4.76136,73.5153], [7.4849,77.8574], [7.4849,77.8574], [4.76136,73.5153], [9.9665,80.0262], [-0.41756,90.5778], [8.83179,91.2282], [-0.41756,90.5778], [17.4768,91.1352], [11.4088,85.0371], [-1.14574,83.0383], [-0.41756,90.5778], [8.83179,91.2282], [8.83179,91.2282], [8.83179,91.2282], [3.87776,84.0186], [-1.14574,83.0383], [17.3986,86.7717], [8.83179,91.2282], [8.83179,91.2282], [8.83179,91.2282], [8.83179,91.2282], [-0.41756,90.5778], [15.5949,106.579], [8.83179,91.2282], [17.4768,91.1352], [8.83179,91.2282], [16.6538,86.6311], [11.4088,85.0371], [8.83179,91.2282], [7.4849,77.8574], [19.195,94.7097], [8.83179,91.2282], [8.83179,91.2282], [-0.41756,90.5778], [19.195,94.7097], [15.5949,106.579], [19.195,94.7097], [25.5235,94.5389], [25.5235,94.5389], [25.5235,94.5389], [35.0724,98.2752], [8.83179,91.2282], [17.4768,91.1352], [19.195,94.7097], [28.9932,100.921], [17.4768,91.1352], [30.9774,90.2107], [19.195,94.7097], [25.5235,94.5389], [30.9774,90.2107], [25.5235,94.5389], [42.1036,99.7748], [19.195,94.7097], [37.8712,99.6747], [24.9271,106.017], [42.7761,90.8276], [65.8813,85.8311], [65.8813,85.8311], [65.8813,85.8311], [30.9774,90.2107], [35.0724,98.2752], [33.9021,94.9843], [35.5941,86.6242], [42.1036,99.7748], [28.9932,100.921], [42.1036,99.7748], [42.1036,99.7748], [35.5941,86.6242], [33.9021,94.9843], [22.8055,80.3888], [48.5713,79.3776], [33.9021,94.9843], [42.1036,