{
  "instance_index": 0,
  "birth_iter": 78,
  "death_iter": 80,
  "survival_iters": 2,
  "censored": false,
  "pre_vnd_cost": 5605.94,
  "post_vnd_cost": 529.262,
  "pre_vnd_coords": [[80,20], [33.4162,27.1311], [35.5577,16.6241], [35.2144,27.1548], [33.6085,27.1337], [33.5165,27.1324], [36.6641,20.0047], [30.4851,19.1853], [31.4473,18.6995], [32.2811,18.2785], [33.0236,17.9036], [30.7247,37.0044], [36.4038,16.1969], [36.4507,16.8819], [36.5088,17.7317], [30.6945,36.3256], [30.7066,36.598], [32.7974,27.1229], [19.592,21.0284], [36.5848,18.8437], [34.6773,17.0686], [37.1441,27.1803], [37.1541,27.1804], [37.1541,27.1804], [37.1541,27.1804], [37.1541,27.1804], [33.8101,17.5064], [37.1541,27.1804], [36.8772,23.1249], [37.017,25.1717], [22.3335,23.2978], [30.7481,37.5311], [37.1541,27.1804], [30.6945,36.3256], [30.7939,38.5616], [30.7721,38.0717], [30.6945,36.3256], [30.6945,36.3255], [29.0672,35.853], [28.6572,35.3682], [30.4318,38.719], [20.7184,25.9831], [29.4443,36.2988], [29.9388,36.8833], [17.2327,21.8623], [30.0616,37.3408], [30.1798,37.7808], [30.295,38.2097], [15.3413,24.5614], [15.3413,24.5614], [19.0719,24.0365], [19.4879,24.5283], [24.4509,30.3955], [30.5344,39.1012], [30.6495,39.5295], [12.1861,16.3004], [12.4214,16.1744], [11.9798,15.7606], [12.2664,16.5106], [12.0123,15.6907], [12.3169,16.0508], [16.1962,20.637], [11.9042,15.563], [17.7085,22.4247], [16.7418,21.2819], [12.1271,15.8264], [12.049,15.9417], [15.3413,24.5614], [12.4351,16.952], [30.6945,36.3255], [31.2239,48.2358], [31.1879,47.4245], [31.1508,46.5906], [31.1096,45.6637], [31.0776,44.9447], [31.0077,43.3729], [30.9697,42.5181], [30.9303,41.6301], [30.8878,40.6733], [30.843,39.6666], [31.0458,44.2294], [34.1705,52.5055], [10.947,55.2793], [12.8039,53.2405], [13.135,54.6429], [11.4544,52.7069], [13.5736,53.5449], [12.5345,54.8175], [11.9151,54.9977], [10.947,55.2793], [11.1788,55.2118], [10.9708,43.2126], [11.7648,52.8296], [11.699,55.6334], [11.0823,52.5598], [10.947,55.2793], [10.9469,55.2793], [20.3878,72.8305], [16.8821,69.2439], [12.4581,55.9909], [10.9469,55.2793], [10.8803,52.4799], [19.1766,62.7373], [10.9929,40.9866], [14.3236,54.2972], [12.0816,52.9549], [9.75271,74.0185], [20.4012,73.6237], [17.6067,67.1891], [9.71,74.4932], [9.76654,73.8648], [9.81878,73.2841], [9.85562,72.8747], [9.68105,74.815], [16.8821,69.2439], [13.2507,56.3642], [12.8321,54.731], [11.6357,55.079], [9.42413,77.6705], [9.32102,78.8164], [13.2533,71.1192], [16.8821,69.2439], [10.7536,72.4108], [9.85562,72.8747], [9.45762,77.2982], [20.4163,74.5113], [20.4992,79.4009], [9.85562,72.8747], [9.50559,76.7652], [10.0932,72.752], [16.8821,69.2439], [20.3945,73.2277], [10.9469,55.2793], [9.57119,76.036], [21.1934,72.57], [13.721,54.4724], [14.0191,70.7234], [9.80606,73.4255], [9.40816,77.8479], [12.4526,71.533], [9.53973,76.3856], [11.4129,55.1437], [9.7244,74.3331], [10.947,55.2793], [9.85562,72.8747], [9.85562,72.8747], [9.48936,76.9455], [12.4937,89.2965], [8.96138,82.8156], [8.50272,87.9155], [9.85562,72.8747], [8.50272,87.9155], [9.52286,76.5732], [9.79301,73.5706], [9.85562,72.8747], [9.83025,73.1567], [9.85562,72.8747], [9.37418,78.2256], [9.69541,74.6554], [9.7386,74.1753], [9.66601,74.9822], [16.8821,69.2439], [9.77972,73.7183], [17.7562,76.1053], [19.1714,73.8633], [9.57926,85.5788], [17.0683,77.313], [9.36763,80.1101], [9.48034,83.0241], [20.3953,78.8336], [9.47184,82.8042], [9.45506,82.3704], [20.1386,72.3311], [20.3748,78.8368], [17.4063,78.0584], [20.4322,71.866], [17.2637,77.7439], [17.3775,77.9949], [21.1935,80.5569], [17.3143,77.8554], [31.2951,49.8367], [28.3674,69.0023], [28.4442,69.2646], [20.4572,78.8239], [33.6537,64.0537], [16.5278,53.6154], [31.8476,49.8956], [20.6584,71.5076], [37.2482,49.4579], [33.3059,63.9502], [30.1004,62.9966], [21.831,69.6496], [21.7624,69.7582], [21.6944,69.866], [21.6236,69.9782], [21.9484,69.4636], [23.4834,67.4157], [23.395,67.3626], [23.3081,67.3104], [28.2937,68.7505], [24.2726,67.8892], [10.9256,45.081], [10.9256,45.081], [14.9143,51.1582], [15.3201,51.7762], [13.9357,53.688], [10.977,42.5929], [10.9452,45.7966], [12.5121,53.1251], [10.9592,44.3853], [11.052,35.024], [11.0221,38.0394], [11.2954,52.6441], [10.9967,40.601], [12.9862,30.3076], [13.1021,53.3584], [11.0039,39.8735], [10.9481,45.5099], [11.0368,36.5538], [10.9844,52.5211], [10.8803,52.4799], [10.9898,41.2965], [11.0255,37.695], [11.0505,35.1766], [12.9533,53.2996], [11.0114,39.1191], [10.968,43.4983], [10.9397,46.3525], [11.0003,40.241], [10.9424,46.0891], [12.6537,53.1811], [14.8008,54.03], [10.9739,42.9088], [10.9563,44.6819], [10.9801,42.2796], [14.6062,53.9531], [13.4303,53.4882], [14.2218,53.8011], [11.1968,52.6051], [13.2558,53.4192], [10.9648,43.8261], [31.4122,42.3692], [11.0446,35.7685], [10.9867,41.6144], [31.2999,41.9513], [31.1758,41.4893], [10.9836,41.9273], [31.0463,41.0069], [30.9158,40.5212], [34.1828,52.5082], [30.7894,40.0506], [18.2213,23.031], [11.0328,36.957], [11.0078,39.4856], [11.0491,35.3162], [10.9536,44.9509], [20.2916,25.4785], [12.376,53.0713], [11.4022,34.1699], [12.8947,30.5307], [11.052,35.024], [11.9224,32.9012], [12.3385,31.8867], [12.2251,15.9423], [12.2014,32.221], [15.3413,24.5614], [11.0411,36.1257], [11.7628,33.2904], [11.0293,37.31], [13.7958,28.3316], [11.0149,38.7656], [37.2632,18.3679], [37.7108,21.2591], [12.4847,31.5304], [12.6142,31.2146], [18.6352,23.5203], [11.0187,38.3808], [19.8835,24.9961], [15.7497,20.1091], [12.1157,16.1163], [15.3413,24.5614], [13.7072,17.6944], [12.3521,16.7349], [14.6213,26.3175], [14.9901,25.4181], [15.3413,24.5614], [15.3413,24.5614], [15.3413,24.5614], [15.3413,24.5614], [21.0261,26.3468], [15.3413,24.5614], [22.3335,23.2978], [17.489,19.2881], [13.2062,16.6417], [21.7501,22.8148], [16.5278,53.6154], [16.5278,53.6154], [16.5278,53.6154], [16.5278,53.6154], [31.2631,49.1178], [31.2951,49.8367], [15.7245,52.392], [16.1266,53.0043], [31.4045,49.8484], [13.7547,53.6164], [10.9619,44.1195], [14.0129,54.3875], [20.2626,59.6584], [16.8821,69.2439], [11.6193,52.7721], [19.8914,60.7105], [34.1323,52.4971], [31.515,49.8602], [32.0257,44.6536], [31.8736,44.0875], [31.7378,43.5817], [33.4823,50.077], [34.1583,52.5028], [26.9927,33.4004], [27.9728,34.5592], [42.0334,50.1053], [42.0724,50.3776], [42.1102,50.6413], [42.1461,50.8914], [42.2572,51.6667], [39.0305,53.5711], [40.7964,53.9583], [34.1455,52.5], [41.6993,54.1563], [37.0535,53.1376], [39.9133,53.7647], [42.3318,52.1876], [38.0679,53.36], [42.4104,52.7356], [36.083,52.9248], [42.4927,53.3102], [42.0006,49.8769], [56.9766,59.458], [40.8784,42.0381], [41.9268,49.3621], [41.9634,49.6172], [41.8025,48.4958], [40.4659,39.157], [41.891,49.1126], [56.7453,58.9991], [41.8572,48.877], [63.1784,41.0571], [41.8294,48.6831], [59.8375,42.1998], [41.0921,43.5317], [40.3128,38.0872], [56.7453,58.9991], [40.3128,38.0872], [40.3128,38.0872], [59.9899,43.4812], [59.8375,42.1998], [59.8375,42.1998], [40.3128,38.0871], [40.3128,38.0871], [60.1707,45.0007], [40.3128,38.0871], [62.127,39.1446], [41.5318,46.6065], [41.7728,48.2882], [60.0902,41.2844], [60.1625,65.7775], [56.7453,58.9991], [59.1184,63.7065], [58.843,63.1603], [60.5316,48.0345], [41.7441,48.0881], [41.7158,47.8911], [59.4515,64.3674], [41.6482,47.4195], [60.3519,46.5235], [56.7453,58.9991], [42.6436,54.3633], [56.7453,58.9991], [60.9632,67.3656], [42.5693,53.845], [60.9632,67.3656], [61.0368,68.4765], [60.9975,67.8825], [58.2911,62.0654], [70.9657,54.3669], [61.0166,68.1716], [60.9632,67.3656], [57.3205,60.1401], [60.9632,67.3656], [57.9703,61.429], [60.9807,67.6291], [56.7453,58.9991], [61.1033,69.4787], [60.9632,67.3656], [60.9632,67.3656], [42.6436,54.3633], [60.5638,66.5735], [60.9632,67.3656], [61.144,70.0931], [56.8771,59.2605], [40.328,68.1021], [63.9594,60.1357], [66.2124,56.3349], [65.5183,57.5058], [64.7961,58.724], [60.0347,37.2221], [61.4169,39.6831], [57.6432,32.9637], [56.4067,30.762], [56.8096,31.4794], [57.2002,32.1747], [61.5726,39.9604], [58.4792,34.4523], [59.2894,35.895], [59.4261,36.1384], [59.551,36.3609], 