{
  "instance_index": 0,
  "birth_iter": 216,
  "death_iter": 250,
  "survival_iters": 34,
  "censored": true,
  "pre_vnd_cost": 6423.77,
  "post_vnd_cost": 471.28,
  "pre_vnd_coords": [[80,20], [84.3401,15.2891], [84.3401,15.2891], [84.3401,15.2891], [84.3401,15.2891], [84.3401,15.2891], [84.3401,15.2891], [62.993,16.013], [62.993,16.013], [62.993,16.013], [62.993,16.013], [62.993,16.013], [57.3472,31.144], [62.993,16.013], [62.993,16.013], [62.993,16.013], [62.993,16.013], [62.993,16.013], [57.3472,31.144], [62.993,16.013], [57.3472,31.144], [57.3472,31.144], [56.3084,46.5364], [57.3472,31.144], [58.9169,39.8052], [57.3472,31.144], [57.3472,31.144], [58.9169,39.8052], [57.3472,31.144], [58.9169,39.8052], [57.3472,31.144], [57.3472,31.144], [58.9169,39.8052], [58.9169,39.8052], [56.3084,46.5364], [57.3472,31.144], [56.3084,46.5364], [57.3472,31.144], [57.3472,31.144], [57.3472,31.144], [56.3084,46.5364], [57.3472,31.144], [57.3472,31.144], [57.3472,31.144], [57.3472,31.144], [58.9169,39.8052], [58.9169,39.8052], [57.3472,31.144], [56.3084,46.5364], [57.3472,31.144], [58.9169,39.8052], [56.3084,46.5364], [60.0051,54.9763], [58.9169,39.8052], [58.9169,39.8052], [60.0051,54.9763], [75.5341,49.1696], [58.9169,39.8052], [75.5341,49.1696], [75.5341,49.1696], [75.5341,49.1696], [75.5341,49.1696], [60.0051,54.9763], [60.0051,54.9763], [64.0017,76.5928], [68.9821,69.821], [69.7979,71.9225], [75.9038,45.4875], [79.1199,53.5834], [75.5341,49.1696], [80.3934,55.629], [56.4277,88.1375], [59.5499,83.2916], [59.5499,83.2915], [59.5499,83.2916], [59.5499,83.2916], [59.5499,83.2915], [59.5499,83.2916], [59.5499,83.2916], [59.5378,83.1505], [59.5499,83.2916], [59.5442,83.225], [59.5499,83.2915], [59.5499,83.2916], [38.2245,89.9295], [59.5499,83.2916], [41.0816,89.8342], [40.7437,89.8414], [38.9712,89.8788], [39.4301,89.8691], [26.3743,90.1073], [26.3743,90.1073], [12.0321,92.8107], [12.0321,92.8107], [15.2376,90.5749], [26.3743,90.1073], [26.3743,90.1073], [12.0321,92.8107], [19.6727,86.192], [9.50862,89.0955], [10.8028,79.5478], [9.51743,89.0305], [9.5353,88.8986], [11.0862,88.6735], [11.9192,88.4328], [13.0924,88.0937], [10.4014,82.509], [9.50383,89.1308], [9.51546,89.045], [9.51305,89.0628], [9.51085,89.079], [9.50982,89.0866], [10.5724,81.2474], [9.82844,86.7361], [9.80762,86.8896], [9.78802,87.0342], [9.77087,87.1607], [9.75296,87.2929], [9.73506,87.4249], [9.71563,87.5683], [9.69732,87.7033], [9.6767,87.8555], [9.65666,88.0033], [9.63546,88.1597], [9.6146,88.3136], [9.59541,88.4552], [9.57469,88.608], [10.6371,80.7704], [10.5952,81.0792], [10.5318,81.5469], [10.4876,81.8728], [10.4429,82.2033], [20.0676,85.2668], [10.9173,78.7033], [10.8663,79.0797], [9.53027,88.9357], [9.52927,88.9431], [9.52398,88.9821], [9.51424,89.054], [9.51961,89.0144], [11.0288,77.8804], [9.53226,88.9211], [9.51184,89.0717], [9.52504,88.9743], [9.52615,88.9661], [9.52719,88.9585], [10.6576,80.6189], [9.84654,86.6026], [10.7622,79.8476], [9.52297,88.9896], [9.51644,89.0377], [9.50748,89.1039], [10.4949,88.8444], [9.55525,88.7514], [10.4213,82.3622], [9.51852,89.0224], [9.53325,88.9138], [9.53431,88.9059], [9.52825,88.9506], [9.96173,88.9985], [9.52064,89.0068], [14.5853,87.6623], [19.8214,84.0991], [9.50498,89.1223], [19.8214,84.0991], [9.50623,89.1131], [9.52183,88.998], [10.5098,81.7094], [10.8244,79.3885], [10.8454,79.2337], [11.0962,77.383], [10.7834,79.6906], [19.9346,84.6357], [10.9748,78.2786], [10.7011,80.2979], [22.8734,75.8719], [10.617,80.9185], [9.53129,88.9282], [11.4479,69.4194], [11.2441,82.9663], [11.4479,69.4194], [17.7241,66.2489], [17.7241,66.2489], [11.4479,69.4194], [10.7472,86.4474], [13.8589,61.5178], [53.7957,60.3241], [29.1831,64.1596], [38.9817,64.2524], [39.2804,64.418], [39.5834,64.586], [39.8922,64.7572], [38.3864,63.9224], [35.9572,62.7284], [36.1915,62.8133], [39.5123,61.5251], [40.4968,66.2783], [37.5279,61.0191], [43.0379,62.907], [27.4819,77.183], [43.0379,62.907], [40.4968,66.2783], [40.4968,66.2783], [40.4968,66.2783], [50.2742,61.3051], [43.0379,62.907], [58.6466,56.7719], [55.1018,72.4823], [44.1132,70.5748], [55.1018,72.4823], [42.2307,89.5252], [49.1061,88.9964], [43.0379,62.907], [44.1132,70.5748], [44.1132,70.5748], [40.4968,66.2783], [44.1132,70.5748], [44.1132,70.5748], [49.1061,88.9964], [44.1132,70.5748], [58.6466,56.7719], [43.0379,62.907], [40.4968,66.2783], [44.1132,70.5748], [46.894,74.9231], [50.2742,61.3051], [60.0051,54.9763], [58.6466,56.7719], [60.0051,54.9763], [44.1132,70.5748], [50.2742,61.3051], [60.0051,54.9763], [60.0051,54.9763], [60.0051,54.9763], [60.0051,54.9763], [60.0051,54.9763], [60.0051,54.9763], [60.0051,54.9763], [50.2742,61.3051], [60.0051,54.9763], [59.0853,71.1294], [58.6466,56.7719], [60.0051,54.9763], [60.0051,54.9763], [60.0051,54.9763], [58.6466,56.7719], [60.0051,54.9763], [60.0051,54.9763], [60.0051,54.9763], [58.6466,56.7719], [60.0051,54.9763], [60.0051,54.9763], [60.0051,54.9763], [58.6466,56.7719], [60.0051,54.9763], [60.0051,54.9763], [58.6466,56.7719], [60.0051,54.9763], [58.6466,56.7719], [60.0051,54.9763], [58.5623,45.8738], [75.1915,47.2734], [75.1915,47.2734], [69.4235,70.9581], [63.3493,77.5513], [80.2223,55.3541], [68.8473,69.4737], [70.118,72.7472], [69.6058,71.4276], [69.7067,71.6876], [69.9691,72.3637], [70.2518,73.0918], [70.4023,73.4796], [70.592,73.9682], [70.7799,74.4525], [71.2574,75.6823], [71.5536,76.4456], [72.0968,77.8449], [72.4479,78.7492], [69.323,70.6991], [70.992,74.9986], [64.1349,76.3972], [72.8952,79.9015], [71.8263,77.148], [59.5775,83.56], [68.8473,69.4737], [59.559,83.3799], [68.8473,69.4737], [69.5147,71.1932], [63.5629,77.2373], [68.9147,69.6475], [63.7822,76.9153], [69.147,70.2457], [69.0676,70.0413], [69.2279,70.4543], [59.5972,83.7524], [59.5873,83.6557], [59.5684,83.4713], [59.6076,83.8539], [59.5499,83.2916], [59.6461,84.2286], [59.7011,84.7645], [59.5499,83.2915], [59.5499,83.2916], [59.5499,83.2916], [35.6488,63.2358], [37.5257,52.6982], [36.1118,62.7844], [35.9572,62.7284], [28.4335,67.0699], [34.9202,64.4344], [34.8256,64.5899], [34.4082,65.2765], [34.6101,64.9444], [26.916,79.6177], [35.3113,63.791], [35.9572,62.7284], [37.6281,54.7552], [44.1132,70.5748], [40.4968,66.2783], [40.4968,66.2783], [26.0825,72.4388], [40.4968,66.2783], [40.4968,66.2783], [40.4968,66.2783], [46.894,74.9231], [17.7241,66.2489], [26.0825,72.4388], [17.7241,66.2489], [17.7241,66.2489], [26.0825,72.4388], [27.7649,74.5161], [40.4968,66.2783], [40.4968,66.2783], [27.4819,77.183], [27.7649,74.5161], [11.4479,69.4194], [27.7649,74.5161], [27.7649,74.5161], [26.0825,72.4388], [12.1262,39.1349], [15.5883,42.4144], [32.0799,53.9236], [15.17,46.6143], [12.1713,37.7596], [15.9238,42.622], [12.0896,40.2503], [12.4701,51.6764], [15.6961,42.4811], [11.7635,53.5243], [12.3889,60.9198], [11.9066,52.733], [12.9298,40.77], [15.8155,42.5549], [12.099,52.3722], [13.5965,41.1824], [13.3527,41.0316], [13.8044,41.311], [13.699,41.2458], [15.4803,42.3476], [12.0945,40.0995], [12.8027,40.6913], [16.164,42.7706], [14.5864,41.7947], [14.021,41.445], [14.4726,41.7243], [14.143,41.5204], [14.3629,41.6565], [34.7423,40.4328], [15.0526,42.0831], [14.4234,48.0142], [34.7423,40.4329], [35.4252,43.0938], [13.0764,50.5397], [16.958,43.2617], [15.731,45.5623], [29.7407,31.5766], [37.4263,47.9253], [32.9491,54.0539], [36.6841,47.497], [16.7477,43.1316], [31.9581,53.9053], [32.4336,53.9766], [36.5328,47.4097], [14.9478,42.0183], [14.6462,47.5965], [12.2497,40.3493], [13.4155,49.9039], [13.9162,41.3801], [16.1231,44.8272], [11.7253,53.0728], [11.7253,53.0728], [14.8267,41.9433], [16.2849,42.8453], [28.8699,67.2074], [11.7253,53.0728], [11.8697,54.7801], [11.8347,54.3663], [13.2487,50.2166], [13.0803,40.8631], [12.3556,60.5252], [12.3951,60.9931], [11.9371,55.5774], [13.5758,49.6034], [11.8023,53.9831], [11.7253,53.0728], [12.8708,50.9252], [12.3498,60.4572], [14.1846,48.462], [11.7253,53.0728], [13.966,48.8718], [12.5099,62.3512], [12.0639,57.0774], [12.4501,61.6434], [12.3722,60.7222], [12.4018,61.072], [12.4266,61.366], 