{
  "instance_index": 0,
  "birth_iter": 193,
  "death_iter": 200,
  "survival_iters": 7,
  "censored": false,
  "pre_vnd_cost": 8289.93,
  "post_vnd_cost": 490.86,
  "pre_vnd_coords": [[80,20], [86.0268,17.5197], [85.9069,17.569], [85.2504,17.8392], [84.6664,18.0795], [85.792,17.6163], [86.1418,17.4724], [78.7824,36.8606], [81.6509,29.6297], [82.9527,26.3482], [78.2882,38.1067], [80.4473,32.6638], [84.6075,62.4435], [84.5436,61.9035], [85.6869,80.0911], [84.5852,62.2549], [75.2029,45.8835], [84.5478,61.9385], [75.2029,45.8835], [81.6605,57.6994], [84.5965,62.3508], [80.2125,55.588], [75.4759,48.6823], [84.5565,62.0126], [83.1559,59.88], [85.0874,80.7373], [84.7537,63.6797], [78.0851,52.4862], [75.4759,48.6823], [75.4759,48.6823], [75.4759,48.6823], [75.4759,48.6823], [75.4759,48.6823], [79.28,35.6062], [84.5613,62.0526], [75.4759,48.6823], [75.2029,45.8835], [75.4759,48.6823], [75.4759,48.6823], [75.4759,48.6823], [75.4759,48.6823], [75.4759,48.6823], [84.5519,61.9734], [76.3741,42.9309], [75.4759,48.6823], [75.2029,45.8835], [74.6168,46.0196], [75.4759,48.6823], [75.2029,45.8835], [57.423,31.2415], [57.4599,31.0109], [74.0817,46.1439], [75.4759,48.6823], [56.9234,34.3584], [56.3648,37.843], [56.5954,36.4042], [57.1596,32.8849], [57.2178,32.5215], [48.2248,88.625], [46.0424,88.4733], [48.6717,88.6561], [48.4022,88.6374], [40.8778,88.1144], [47.2736,88.5589], [40.8778,88.1144], [22.7615,64.1778], [18.7609,61.5931], [22.6287,64.092], [11.5002,54.9875], [12.0334,56.8723], [12.1113,57.148], [11.9564,56.6002], [22.8856,64.258], [21.2994,63.2329], [9.40894,47.481], [13.6579,44.1704], [13.7577,43.2379], [12.377,58.8115], [29.6148,40.4674], [30.7498,41.545], [13.7584,43.2104], [13.571,44.9821], [28.7396,39.6366], [9.40894,47.481], [13.758,43.2265], [33.4492,20.6685], [12.3394,27.8829], [12.3437,27.8987], [12.3409,27.8884], [13.7578,43.2309], [13.7586,43.2034], [14.0029,33.9334], [13.7583,43.2127], [13.7586,43.2013], [12.3428,27.8952], [12.3432,27.8969], [12.3404,27.8866], [13.6946,32.8117], [12.3442,27.9004], [12.3422,27.4609], [12.3389,27.881], [12.3378,27.8772], [33.6072,20.6243], [12.5465,28.6361], [12.7463,29.3627], [13.4423,31.8938], [14.0029,33.9334], [13.759,43.1855], [12.3915,22.7616], [12.3423,27.8935], [13.1595,30.8651], [12.4707,15.2067], [12.3399,27.8847], [12.4707,15.2067], [12.4389,18.2498], [12.8096,15.3243], [12.647,15.2679], [12.4707,15.2067], [12.4707,15.2067], [12.9726,15.3809], [12.3383,27.879], [12.3418,27.8917], [21.8856,18.474], [17.5479,16.9687], [12.4707,15.2067], [12.4707,15.2067], [12.4707,15.2067], [14.6589,15.9661], [12.4707,15.2067], [12.4707,15.2067], [12.4707,15.2067], [12.3413,27.8899], [12.3447,27.902], [13.9999,34.0446], [32.597,20.9071], [33.0906,20.7689], [12.4707,15.2067], [33.3534,20.6953], [33.1764,20.7449], [44.4993,17.5747], [33.3129,20.7067], [32.9279,20.8144], [33.2675,20.7194], [33.5052,20.6528], [33.0117,20.791], [33.2263,20.7309], [32.9712,20.8023], [33.4049,20.6809], [32.7464,20.8653], [31.4361,21.232], [32.2905,20.9928], [31.7849,21.1344], [31.0335,21.3447], [32.4504,20.9481], [33.048,20.7808], [33.5551,20.6389], [32.1487,21.0325], [33.1319,20.7573], [31.3152,21.2659], [31.6739,21.1655], [26.5783,20.1017], [32.8879,20.8256], [32.019,21.0689], [31.9023,21.1015], [36.1495,36.3779], [30.7934,21.412], [14.0017,33.9782], [14.0029,33.9334], [30.5502,21.48], [13.9228,36.9695], [28.7396,39.6366], [30.1157,40.9431], [12.9612,30.1442], [45.6959,41.3113], [31.5504,21.2], [31.2811,50.0846], [33.0016,44.2948], [33.2565,46.8582], [14.0029,33.9334], [28.7396,39.6366], [32.4218,48.2215], [30.6966,53.028], [32.1365,48.6875], [32.249,43.1605], [30.5502,21.48], [32.0838,42.9113], [36.1495,36.3779], [32.8645,37.8228], [48.1673,43.3084], [55.5624,33.68], [32.283,48.4481], [31.9864,48.9327], [33.1546,47.0246], [47.5026,44.1739], [29.1884,40.0627], [36.1495,36.3779], [32.4319,43.4361], [31.1188,50.9019], [55.5624,33.68], [31.2031,50.4773], [32.6087,43.7026], [53.5725,42.9253], [32.9656,47.3333], [33.7397,45.4076], [31.9048,42.6416], [49.5024,41.5701], [30.8914,52.0468], [29.4248,39.3353], [32.639,47.8668], [33.4039,44.9014], [33.7542,46.0453], [46.7205,43.3441], [35.0066,65.4253], [33.5514,46.3765], [33.9503,45.725], [47.7196,43.8914], [32.7513,47.6834], [33.5716,45.1542], [28.302,65.0855], [31.6864,49.4227], [35.0065,65.4253], [35.0066,65.4253], [32.8638,47.4996], [29.5334,58.8852], [33.3449,46.7138], [33.0572,47.1837], [35.0065,65.4253], [30.1959,38.9963], [34.4869,37.1093], [31.012,51.4396], [53.5725,42.9253], [32.5288,48.0467], [33.8471,45.8935], [31.2811,50.0846], [33.2257,44.6327], [29.3633,59.7413], [33.4415,46.5561], [28.9692,61.7259], [31.4207,42.182], [28.302,65.0855], [35.0065,65.4253], [28.302,65.0855], [28.302,65.0855], [28.302,65.0855], [31.5466,49.6509], [28.4973,64.1024], [12.6857,59.9912], [35.0065,65.4253], [35.0066,65.4253], [29.6816,58.1386], [35.0065,65.4253], [40.9582,68.1029], [28.302,65.0855], [30.2146,55.4551], [35.0065,65.4253], [53.7783,43.5118], [47.1422,44.1807], [47.2829,44.4599], [42.287,68.7194], [41.7833,68.4857], [35.0066,65.4253], [46.1438,70.5089], [43.0763,69.0856], [43.3491,69.2122], [43.6218,69.3387], [35.0065,65.4253], [35.0065,65.4253], [41.2957,68.2594], [35.6574,81.3235], [41.5352,68.3706], [35.0066,65.4253], [33.6657,46.1898], [42.5465,68.8398], [56.0126,49.8805], [55.7697,49.1882], [56.2406,50.5307], [39.4539,67.4208], [46.1817,70.5264], [36.7458,66.2058], [37.805,66.681], [38.6493,67.0598], [35.0066,65.4253], [28.6583,63.2916], [40.4837,67.8828], [44.1646,69.5906], [35.0066,65.4253], [35.0066,65.4253], [53.5725,42.9253], [46.1685,70.5203], [45.9023,70.3968], [29.8535,57.2732], [45.18,70.0617], [35.0065,65.4253], [35.0065,65.4253], [44.6833,69.8313], [44.9388,69.9498], [45.4331,70.1792], [52.2044,72.882], [45.6739,70.2909], [57.6679,75.0158], [52.9044,86.4738], [40.8778,88.1144], [43.8965,69.4662], [40.8778,88.1144], [53.9859,87.4522], [40.8778,88.1144], [58.0525,86.9321], [42.8134,68.9636], [46.1562,70.5146], [46.25,70.5581], [60.7044,86.9843], [62.0571,87.072], [53.4,73.3489], [64.2949,76.3281], [35.6574,81.3235], [56.077,74.3944], [52.4146,86.0308], [52.8097,73.1184], [55.6965,74.2458], [57.252,74.8534], [35.6574,81.3235], [44.4274,69.7125], [58.3471,86.8316], [56.8468,74.6951], [49.8146,71.949], [59.027,75.5466], [55.3297,74.1026], [46.25,70.5581], [46.25,70.5581], [46.25,70.5581], [46.25,70.5581], [46.2237,70.5459], [61.2,75.8689], [51.5858,72.6404], [59.5715,60.0243], [58.966,58.2985], [60.4218,62.4482], [63.4734,60.9314], [60.2346,61.9144], [60.1376,61.6381], [59.4617,59.7112], [68.1767,76.904], [53.9252,73.554], [59.9463,61.0926], [59.0521,58.5437], [75.6057,78.4504], [65.7607,76.5455], [54.4475,73.758], [74.2328,87.8538], [54.9513,73.9547], [77.5629,79.5167], [63.2595,61.0378], [63.3719,60.9819], [63.4734,60.9314], [68.6829,56.6098], [80.84,57.886], [60.5728,75.7759], [74.7701,77.9952], [74.4846,77.8396], [72.0028,77.4715], [62.6083,61.3616], [62.4493,76.0543], [59.027,75.5466], [59.027,75.5466], [74.9276,51.6317], [67.1408,57.8889], [67.8399,57.3091], [79.759,56.6653], [58.4336,56.7807], [63.0417,61.1461], [58.5201,57.0273], [58.6088,57.28], [63.1521,61.0912], [59.6646,60.2896], [62.9326,61.2003], [58.7874,57.7894], [60.0404,61.3611], [70.9918,54.6946], [71.8132,54.0133], [62.7112,61.3104], [50.93,72.3843], [48.6567,71.4972], [78.8851,55.6785], [75.8926,78.6067], [61.8246,75.9616], [49.095,42.1007], [48.5953,42.7512], [59.2402,59.0801], [62.8151,61.2587], [59.135,58.7802], [58.8754,58.0402], [60.3227,62.1656], [54.6328,45.9476], [47.5298,71.0575], [58.3347,56.499], [59.7608,60.5641], [58.6996,57.5391], [54.8286,46.5057], [59.8518,60.8232], [53.6755,43.2189], [53.5725,42.9253], [53.9596,44.0286], [46.2636,42.4377], [54.0511,44.2896], [54.1556,44.5872], [54.2525,44.8635], [53.5725,42.9253], [53.5725,42.9253], [55.1806,47.5091], [54.6183,38.0696], [54.3525,45.1487], [59.3451,59.3791], [55.0156,47.0388], [56.6854,51.7985], [54.447,45.418], [66.4783,58.4385], [54.4343,38.9234], 