{
  "instance_index": 0,
  "birth_iter": 8,
  "death_iter": 70,
  "survival_iters": 62,
  "censored": false,
  "pre_vnd_cost": 10688.4,
  "post_vnd_cost": 529.578,
  "pre_vnd_coords": [[80,20], [55.2423,32.1609], [64.0353,37.3245], [67.6494,23.998], [52.9823,24.6534], [67.6494,23.998], [67.2821,7.58085], [67.2821,7.58085], [67.6494,23.998], [67.6494,23.998], [67.6494,23.998], [67.6494,23.998], [67.2821,7.58085], [55.2423,32.1609], [45.5461,18.3503], [32.6066,3.78322], [32.6066,3.78322], [32.6066,3.78322], [35.6815,10.2319], [35.0177,14.3091], [35.0177,14.3091], [35.6815,10.2319], [14.1847,8.72908], [35.0177,14.3091], [14.1847,8.72908], [16.5038,23.6734], [19.7466,25.3841], [14.1847,8.72908], [25.7767,26.7339], [14.1847,8.72908], [19.7466,25.3841], [25.7767,26.7339], [25.7767,26.7339], [25.7767,26.7339], [25.7767,26.7339], [19.9295,35.3162], [14.1847,8.72908], [25.7767,26.7339], [16.5038,23.6734], [13.4712,19.2317], [16.5038,23.6734], [13.4712,19.2317], [19.7466,25.3841], [16.5038,23.6734], [25.7767,26.7339], [19.9295,35.3162], [36.6904,34.2809], [25.7767,26.7339], [35.0177,14.3091], [19.7466,25.3841], [13.2952,34.5445], [19.9295,35.3162], [3.55752,31.7538], [16.5038,23.6734], [3.55752,31.7538], [20.8297,38.9147], [25.7767,26.7339], [16.0652,44.7828], [19.9295,35.3162], [4.52758,42.2848], [36.6904,34.2809], [-0.281672,24.2728], [-0.281672,24.2728], [6.21023,4.68091], [19.7466,25.3841], [13.4712,19.2317], [14.1847,8.72908], [6.21023,4.68091], [6.21023,4.68091], [19.7466,25.3841], [-0.281672,24.2728], [6.21023,4.68091], [-0.281672,24.2728], [6.21023,4.68091], [-0.281672,24.2728], [13.4712,19.2317], [6.22354,50.1014], [3.55752,31.7538], [3.55752,31.7538], [3.55752,31.7538], [4.52758,42.2848], [6.22354,50.1014], [6.24724,46.2031], [3.55752,31.7538], [-0.281672,24.2728], [3.55752,31.7538], [3.55752,31.7538], [3.55752,31.7538], [3.55752,31.7538], [3.55752,31.7538], [23.3902,50.7796], [16.0652,44.7828], [19.9295,35.3162], [13.3779,44.5957], [12.3805,49.6798], [12.7916,47.5845], [13.7386,42.7567], [13.9216,41.8237], [13.4726,44.1125], [13.9216,41.8237], [13.206,45.4718], [22.6358,52.9621], [20.7947,52.7257], [17.7673,52.3376], [13.4268,44.3462], [12.0479,51.3758], [12.5186,48.9762], [13.5178,43.8821], [17.1499,52.2584], [16.2253,56.1024], [16.9494,52.3939], [11.4918,58.8904], [11.5658,57.7898], [11.5419,58.1454], [19.4134,52.5486], [11.6138,57.0762], [19.9295,35.3162], [15.2742,48.0408], [11.1704,44.8882], [15.0499,44.8076], [29.0465,43.0629], [20.8297,38.9147], [11.1704,44.8882], [20.1602,51.8693], [15.0499,44.8076], [11.1704,44.8882], [13.2952,34.5445], [13.2952,34.5445], [11.1704,44.8882], [15.2742,48.0408], [11.1704,44.8882], [13.173,50.859], [11.1704,44.8882], [13.173,50.859], [15.2742,48.0408], [25.1359,54.976], [15.2742,48.0408], [27.1805,66.8696], [20.1602,51.8693], [13.173,50.859], [15.2742,48.0408], [19.9295,35.3162], [23.3902,50.7796], [16.0652,44.7828], [23.3902,50.7796], [20.1602,51.8693], [20.1602,51.8693], [29.0465,43.0629], [30.1919,54.3495], [20.1602,51.8693], [25.1359,54.976], [20.1602,51.8693], [29.0465,43.0629], [23.3902,50.7796], [32.5911,36.95], [29.0465,43.0629], [30.1919,54.3495], [23.3902,50.7796], [23.3902,50.7796], [35.3671,45.6821], [32.5911,36.95], [37.436,59.4897], [23.3902,50.7796], [36.3755,48.8878], [23.3902,50.7796], [34.4174,66.7206], [20.1602,51.8693], [34.4174,66.7206], [27.1805,66.8696], [29.0465,43.0629], [41.6446,57.9395], [32.5911,36.95], [29.9008,59.7131], [20.1602,51.8693], [13.173,50.859], [32.5911,36.95], [50.4476,59.568], [30.1919,54.3495], [32.6019,58.7681], [25.1359,54.976], [30.1919,54.3495], [20.1602,51.8693], [36.3755,48.8878], [34.4174,66.7206], [20.1602,51.8693], [29.9008,59.7131], [25.1359,54.976], [41.6446,57.9395], [29.9008,59.7131], [41.6446,57.9395], [25.1359,54.976], [29.9008,59.7131], [50.4476,59.568], [36.3755,48.8878], [25.1359,54.976], [34.4174,66.7206], [32.6019,58.7681], [13.9216,41.8237], [13.9216,41.8237], [13.9216,41.8237], [20.729,64.9206], [21.8864,64.6477], [19.0818,52.5061], [20.6674,65.1575], [19.432,69.8947], [20.729,64.9206], [20.3184,52.6646], [19.7455,52.5911], [20.3728,66.2877], [16.7794,77.7615], [15.5176,59.7194], [21.8473,71.4345], [11.5167,58.5196], [17.3249,52.2809], [11.4493,59.5235], [17.5043,52.3039], [19.2898,70.4411], [11.7537,54.9956], [19.3133,70.351], [8.32275,72.7406], [19.6703,68.9796], [19.6423,69.0872], [11.4529,59.4695], [19.5332,69.5063], [21.0606,64.8424], [20.7165,64.9689], [29.8649,56.2779], [29.3383,70.9448], [20.6797,65.1102], [17.2293,78.053], [19.4808,69.7074], [27.7718,82.56], [20.2435,66.784], [29.8906,56.3689], [20.5658,65.5472], [9.52008,77.802], [19.5871,69.2992], [14.7144,63.8272], [19.6144,69.1943], [22.0455,64.6102], [10.6317,82.4997], [16.37,77.4964], [19.3363,70.2626], [20.4693,65.9175], [11.477,86.0681], [15.0758,76.6581], [22.5235,64.4976], [11.5488,89.1261], [11.3318,63.3052], [27.978,73.4649], [8.58929,72.4568], [8.87228,72.6401], [11.4803,63.3281], [20.4203,66.1054], [20.3262,66.4664], [11.8645,53.3507], [16.7193,53.573], [11.2966,61.7825], [11.8207,54.0007], [20.2848,66.6254], [20.2023,66.9418], [9.19103,72.8466], [11.783,54.5612], [12.1491,50.8597], [12.4253,49.4515], [11.6622,56.357], [9.10459,72.7906], [12.0991,51.1146], [11.4457,59.5769], [11.6389,63.3526], [12.204,50.5796], [11.6365,56.7391], [12.6137,48.4912], [11.7283,55.3733], [8.72475,72.5446], [11.9713,51.766], [8.79714,72.5915], [9.38407,72.9716], [11.4646,59.2949], [8.52171,72.4131], [9.28158,72.9052], [11.255,85.1313], [8.32431,72.2852], [8.65525,72.4996], [11.4988,86.1601], [8.47947,73.4033], [9.02437,72.7386], [8.9459,72.6878], [11.1337,84.6196], [11.1952,63.2841], [11.5276,86.2816], [11.0274,84.1708], [11.2198,84.9827], [9.06075,75.8604], [9.2818,76.7948], [8.38967,72.3275], [19.4081,69.9868], [10.461,81.7787], [10.955,83.8657], [8.45538,72.3701], [8.96248,75.4451], [9.79711,78.9733], [19.5059,69.6108], [8.26089,72.2441], [10.8779,83.5404], [9.91385,79.4667], [10.318,81.1743], [9.4004,77.2962], [25.4306,81.6309], [10.5444,82.1308], [13.6886,90.879], [19.6986,68.871], [20.2389,79.5703], [15.5495,76.9649], [10.3879,81.4696], [11.8581,88.3128], [19.2662,70.5319], [20.6917,65.0639], [11.4605,89.3585], [11.1082,90.2846], [11.161,84.7346], [11.4915,86.1294], [8.63914,74.0785], [10.5746,73.7427], [9.17113,76.327], [8.87064,75.057], [10.9049,83.6543], [11.0031,84.0685], [11.4698,86.0378], [10.2474,80.8762], [18.5173,78.8872], [11.6809,88.7787], [11.4842,86.0987], [9.68448,78.4972], [11.769,88.5471], [11.1456,90.1863], [11.0792,84.3894], [18.181,91.1931], [11.3276,85.4379], [11.3944,85.7199], [11.1885,84.8508], [10.1771,80.5793], [11.4485,85.9481], [11.4342,85.888], [10.9323,83.7697], [11.5926,89.0109], [10.9956,90.5807], [11.4556,85.9781], [11.3618,85.5823], [11.6479,90.7368], [11.4097,90.7202], [11.4414,85.918], [12.9159,90.8251], [11.4628,86.0082], [10.9546,90.6885], [11.4271,85.8579], [11.071,90.3825], [13.2045,90.8452], [11.0525,84.2771], [15.2,90.9848], [11.2917,85.2865], [10.9592,90.6765], [11.8894,90.7536], [12.1349,90.7707], [17.7257,91.1613], [11.6367,88.895], [11.3745,89.5844], [11.4173,89.4721], [12.3881,90.7883], [11.179,90.7041], [18.6835,78.953], [18.6839,91.2283], [12.6442,90.8061], [10.9793,83.9679], [23.8081,91.5869], [14.7239,90.9515], [11.5039,89.2442], [10.7481,82.992], [10.0206,79.9181], [11.8134,88.4304], [11.7247,88.6635], [11.2219,89.9858], [11.2606,89.8839], [14.1914,90.9142], [16.1766,91.0531], [22.6307,71.7085], [10.1044,80.2722], [21.0762,79.9026], [19.4315,70.5898], [21.5613,64.7243], [19.4285,79.2487], [27.9953,73.4328], [28.696,80.3218], [40.8796,91.6695], [19.3594,70.1737], [27.9259,82.6059], [27.7718,82.56], [28.3311,81.9949], [24.3348,91.6237], [10.8507,83.4254], [20.4011,70.9288], [28.0275,82.6362], [18.1304,78.6366], [19.2179,91.2657], [27.9611,73.4963], [11.3372,89.6826], [17.0117,91.1114], [15.9866,77.248], [28.5845,72.3411], [28.1366,91.8891], [11.2992,89.7826], [28.1366,91.8891], [29.459,76.8264], [11.9042,88.1916], [11.1067,84.5055], 