{
  "instance_index": 0,
  "birth_iter": 13,
  "death_iter": 50,
  "survival_iters": 37,
  "censored": false,
  "pre_vnd_cost": 10617.2,
  "post_vnd_cost": 593.779,
  "pre_vnd_coords": [[80,20], [86.2684,17.5916], [85.7032,17.8087], [85.1723,25.7781], [84.8945,27.8533], [81.9232,46.8638], [85.3723,24.284], [85.0249,26.8788], [66.7577,33.1686], [49.0033,35.2193], [63.7243,39.3925], [56.1237,38.5202], [49.0033,35.2193], [35.4963,25.2395], [35.4963,25.2395], [31.8152,34.5319], [26.5438,22.1217], [35.4963,25.2395], [26.5438,22.1217], [26.5438,22.1217], [35.4963,25.2395], [35.4963,25.2395], [26.5438,22.1217], [35.4963,25.2395], [31.8152,34.5319], [26.5438,22.1217], [35.4963,25.2395], [31.8152,34.5319], [26.5438,22.1217], [26.5438,22.1217], [26.5438,22.1217], [31.8152,34.5319], [35.4963,25.2395], [35.4963,25.2395], [35.4963,25.2395], [41.187,34.6889], [41.187,34.6889], [56.1237,38.5202], [41.187,34.6889], [41.187,34.6889], [31.8152,34.5319], [41.187,34.6889], [41.187,34.6889], [41.187,34.6889], [41.187,34.6889], [41.187,34.6889], [41.187,34.6889], [41.187,34.6889], [41.187,34.6889], [31.8152,34.5319], [41.187,34.6889], [30.3239,45.5535], [41.187,34.6889], [30.3239,45.5535], [31.801,50.6815], [31.801,50.6815], [31.8152,34.5319], [41.187,34.6889], [15.4442,48.8203], [30.3239,45.5535], [30.3239,45.5535], [26.5438,22.1217], [31.8152,34.5319], [30.3239,45.5535], [30.3239,45.5535], [31.8152,34.5319], [31.8152,34.5319], [31.801,50.6815], [26.5438,22.1217], [26.5438,22.1217], [26.5438,22.1217], [26.5438,22.1217], [26.5438,22.1217], [22.8956,39.3965], [31.8152,34.5319], [31.8152,34.5319], [4.21606,53.4295], [2.47211,58.2285], [11.29,67.6764], [11.2545,70.8504], [17.4518,64.9867], [19.364,61.4336], [15.2033,53.1974], [11.4099,56.9322], [11.3105,65.8421], [11.3936,58.3989], [11.299,66.8686], [11.2861,68.0189], [11.3199,64.9921], [11.351,62.2163], [18.1673,63.6127], [12.4906,54.5613], [11.2793,68.6363], [15.5204,68.6956], [11.223,73.654], [11.3028,66.5242], [11.2693,69.5293], [11.3009,66.7018], [11.0781,86.5459], [11.3258,64.4634], [11.0759,86.7355], [15.6059,68.5313], [11.1089,83.8225], [11.2643,69.9745], [11.0772,86.6234], [11.2347,72.6161], [11.0492,89.0687], [11.1469,80.4424], [11.0966,84.9165], [11.1204,82.798], [11.1119,83.5587], [11.0641,87.7682], [11.1419,80.8806], [11.1342,81.5695], [14.188,77.7546], [14.7123,77.2945], [11.0997,84.6354], [11.1231,82.5579], [11.074,86.9012], [11.0723,87.0528], [11.03,90.755], [11.0783,86.5291], [11.1517,80.0138], [11.0779,86.5628], [16.8909,91.3645], [14.3271,77.6666], [11.0793,86.4423], [11.0687,87.3628], [11.0567,88.4142], [11.0777,86.5826], [11.1301,81.934], [11.0655,87.6402], [16.4724,75.594], [11.0927,85.2561], [11.2077,75.0231], [11.0789,86.4766], [11.0795,86.4254], [11.1385,81.1868], [14.095,77.8909], [14.5818,77.4206], [20.1837,61.7073], [11.0763,86.6966], [11.2916,67.5318], [14.4534,77.5446], [11.3125,65.6621], [20.6145,61.4989], [11.3142,65.5025], [15.5204,68.6956], [11.3067,66.1761], [19.4755,61.4708], [11.4145,56.5242], [27.079,79.8621], [11.3762,59.9564], [19.5817,61.5063], [20.9536,71.2646], [32.1884,74.7301], [11.077,86.6402], [28.6662,78.1018], [14.1577,77.7989], [23.9125,84.648], [28.0395,70.225], [29.3977,77.8467], [25.2103,67.1526], [20.2427,61.727], [26.7702,80.3288], [29.4218,71.726], [31.4962,73.9785], [22.068,87.4356], [26.6761,68.7444], [22.068,87.4356], [22.1462,70.1124], [29.0508,77.9677], [30.8449,73.2713], [32.0493,74.5791], [40.6525,92.9726], [25.1079,82.8412], [32.545,75.1174], [61.1665,80.6278], [27.4601,69.5958], [23.7359,84.9148], [28.3292,70.5395], [28.6058,70.8398], [30.273,72.6503], [31.6275,74.1211], [28.1169,78.2935], [25.2103,67.1526], [25.835,81.7423], [25.2103,67.1526], [26.4084,68.4536], [11.2933,67.3745], [25.2103,67.1526], [25.2103,67.1526], [32.3395,74.8942], [26.9133,69.0019], [25.1919,58.6911], [19.8572,61.5982], [25.8515,67.8489], [15.5204,68.6956], [19.9731,61.637], [16.7013,51.9861], [16.9252,52.3316], [19.4198,61.4522], [25.2103,67.1526], [28.874,71.1311], [25.2103,67.1526], [20.0813,61.6731], [25.2103,67.1526], [14.2219,77.7048], [27.7296,69.8884], [25.5954,67.5709], [33.3091,75.947], [31.3865,73.8594], [30.5678,72.9704], [33.1663,75.792], [49.4364,53.9643], [51.2588,54.1413], [60.375,81.3937], [52.4038,71.4054], [66.7612,67.1836], [78.1213,78.0009], [52.4038,71.4054], [52.4038,71.4054], [72.3865,67.6378], [78.1213,78.0009], [66.7612,67.1836], [72.3865,67.6378], [55.1035,83.6991], [72.8524,81.1254], [62.8816,78.4004], [63.4415,85.1182], [50.7006,92.544], [63.8741,91.0829], [63.4415,85.1182], [72.8524,81.1254], [63.8741,91.0829], [63.8741,91.0829], [63.8741,91.0829], [77.9984,87.6515], [55.1035,83.6991], [63.4415,85.1182], [63.4415,85.1182], [70.9028,101.794], [70.9028,101.794], [57.6874,100.872], [70.9028,101.794], [70.9028,101.794], [70.9028,101.794], [72.8524,81.1254], [70.9028,101.794], [82.1845,99.9077], [78.1213,78.0009], [77.9984,87.6515], [62.8816,78.4004], [77.9984,87.6515], [77.9984,87.6515], [77.9984,87.6515], [70.9028,101.794], [72.8524,81.1254], [63.4415,85.1182], [72.3865,67.6378], [72.8524,81.1254], [63.4415,85.1182], [63.8741,91.0829], [55.1035,83.6991], [77.9984,87.6515], [63.8741,91.0829], [87.4695,89.4915], [82.1845,99.9077], [86.7404,103.313], [94.1547,96.2065], [87.4695,89.4915], [82.1845,99.9077], [82.1845,99.9077], [77.9984,87.6515], [94.1547,96.2065], [94.1547,96.2065], [86.7404,103.313], [86.5192,86.3679], [97.4112,70.1972], [97.4112,70.1972], [93.3098,72.9369], [93.3098,72.9369], [86.5192,86.3679], [86.5192,86.3679], [80.5008,64.2614], [73.6783,56.9914], [68.829,59.3228], [72.8524,81.1254], [69.5107,54.1089], [80.5008,64.2614], [80.5008,64.2614], [78.1213,78.0009], [78.1213,78.0009], [72.3865,67.6378], [97.4112,70.1972], [82.5091,51.977], [81.7631,43.1185], [68.829,59.3228], [68.829,59.3228], [90.7397,64.1236], [71.3618,44.3128], [80.5008,64.2614], [82.5091,51.977], [90.7397,64.1236], [68.829,59.3228], [82.5091,51.977], [82.5091,51.977], [80.5008,64.2614], [82.5091,51.977], [75.4534,47.9784], [82.5091,51.977], [71.3618,44.3128], [82.5091,51.977], [57.7396,46.8177], [71.3618,44.3128], [81.7631,43.1185], [81.7631,43.1185], [81.7631,43.1185], [81.7631,43.1185], [71.3618,44.3128], [71.3618,44.3128], [73.6783,56.9914], [75.4534,47.9784], [65.2,44.1545], [75.4534,47.9784], [68.829,59.3228], [65.2,44.1545], [75.4534,47.9784], [57.7396,46.8177], [62.6679,50.7087], [65.2,44.1545], [66.7612,67.1836], [69.5107,54.1089], [68.829,59.3228], [52.4038,71.4054], [53.035,52.2233], [55.4544,61.4824], [72.3865,67.6378], [75.4534,47.9784], [55.4544,61.4824], [48.7905,57.1123], [66.7612,67.1836], [68.829,59.3228], [41.3542,53.4361], [48.7905,57.1123], [51.8147,42.6232], [62.6679,50.7087], [53.035,52.2233], [62.6679,50.7087], [48.7905,57.1123], [62.6679,50.7087], [41.3542,53.4361], [53.035,52.2233], [41.3542,53.4361], [41.187,34.6889], [34.3082,45.6051], [42.3781,65.3083], [41.3542,53.4361], [50.9745,63.129], [53.035,52.2233], [53.035,52.2233], [62.6679,50.7087], [41.3542,53.4361], [62.6679,50.7087], [51.8147,42.6232], [41.187,34.6889], [41.187,34.6889], [41.3542,53.4361], [26.7341,55.3728], [41.1975,58.7066], [30.3239,45.5535], [49.0033,35.2193], [41.3542,53.4361], [51.8147,42.6232], [51.8147,42.6232], [57.5342,40.801], [49.9341,45.8922], [27.16,69.2699], [50.524,45.4971], [25.2103,67.1526], [16.3962,51.5154], [16.7726,52.0961], [25.2103,67.1526], [16.7111,52.4393], [34.0813,53.3256], [29.1223,71.4007], [25.2103,67.1526], [29.9939,72.3472], [61.3796,38.2251], [57.9038,40.5534], [53.2348,43.6811], [56.9872,41.1674], [48.3627,83.193], [55.1035,83.6991], [52.7314,74.3906], [53.6719,80.0379], [48.3627,83.193], [50.6747,96.1036], [55.1035,83.6991], [53.6719,80.0379], [63.8741,91.0829], [62.8816,78.4004], [63.4415,85.1182], [52.7314,74.3906], [63.8741,91.0829], [48.3627,83.193], [50.7006,92.544], [63.4415,85.1182], [55.0546,75.5086], [63.4415,85.1182], [46.3924,95.6141], [63.8741,91.0829], [53.6719,80.0379], [50.7006,92.544], [62.8816,78.4004], [63.8741,91.0829], [72.8524,