{
  "instance_index": 0,
  "birth_iter": 15,
  "death_iter": 20,
  "survival_iters": 5,
  "censored": false,
  "pre_vnd_cost": 11022.6,
  "post_vnd_cost": 587.874,
  "pre_vnd_coords": [[80,20], [95.7244,6.71424], [95.7244,6.71424], [95.7244,6.71424], [95.7244,6.71424], [88.4999,24.3103], [88.4999,24.3103], [88.4999,24.3103], [80.6982,42.0657], [80.6982,42.0657], [80.6982,42.0657], [68.8361,32.7302], [68.5315,45.3969], [80.6982,42.0657], [68.5315,45.3969], [80.6982,42.0657], [80.6982,42.0657], [68.5315,45.3969], [68.8361,32.7302], [80.6982,42.0657], [65.2,44.1545], [73.7704,65.1523], [65.2,44.1545], [65.2,44.1545], [69.7128,58.1078], [73.7704,65.1523], [69.7128,58.1078], [72.3063,69.6024], [69.7128,58.1078], [65.2,44.1545], [72.3063,69.6024], [90.886,61.3655], [80.6982,42.0657], [90.886,61.3655], [80.6982,42.0657], [77.6948,65.6626], [80.6982,42.0657], [90.886,61.3655], [90.886,61.3655], [90.886,61.3655], [82.5091,51.977], [90.886,61.3655], [80.6982,42.0657], [90.886,61.3655], [68.5315,45.3969], [82.5091,51.977], [77.6948,65.6626], [84.3433,70.5972], [90.886,61.3655], [77.6948,65.6626], [84.3433,70.5972], [77.6948,65.6626], [82.5091,51.977], [73.7704,65.1523], [72.3063,69.6024], [73.7704,65.1523], [72.3063,69.6024], [84.3433,70.5972], [82.5091,51.977], [77.6948,65.6626], [73.7704,65.1523], [54.3959,82.4488], [57.6874,100.872], [52.5555,87.6192], [39.8839,93.2039], [47.2263,89.0409], [52.5555,87.6192], [57.6874,100.872], [43.8021,86.6173], [54.3959,82.4488], [57.6874,100.872], [39.8839,93.2039], [52.7314,74.3906], [39.8126,83.1987], [39.8839,93.2039], [49.535,91.7654], [39.8839,93.2039], [52.5555,87.6192], [39.8839,93.2039], [40.5743,85.6398], [33.0061,94.5587], [39.8839,93.2039], [25.9313,84.9467], [33.0061,94.5587], [39.8839,93.2039], [39.8839,93.2039], [33.0061,94.5587], [41.1388,80.2322], [33.7833,77.6502], [25.9313,84.9467], [39.8839,93.2039], [33.0061,94.5587], [39.8839,93.2039], [49.535,91.7654], [39.8839,93.2039], [43.8021,86.6173], [36.3389,95.6811], [33.0061,94.5587], [33.0061,94.5587], [40.5743,85.6398], [49.535,91.7654], [39.8126,83.1987], [49.535,91.7654], [33.0061,94.5587], [39.8839,93.2039], [39.8839,93.2039], [36.3389,95.6811], [39.8839,93.2039], [39.8839,93.2039], [26.7785,77.0706], [46.3924,95.6141], [29.8253,94.7733], [14.8358,92.6822], [14.8358,92.6822], [14.8358,92.6822], [29.8253,94.7733], [14.8358,92.6822], [29.8253,94.7733], [29.2232,94.3574], [39.8839,93.2039], [29.8253,94.7733], [29.2232,94.3574], [36.3389,95.6811], [14.8358,92.6822], [14.8358,92.6822], [40.5743,85.6398], [36.3389,95.6811], [33.0061,94.5587], [33.0061,94.5587], [36.3389,95.6811], [33.0061,94.5587], [14.8358,92.6822], [14.8358,92.6822], [14.8358,92.6822], [33.0061,94.5587], [14.8358,92.6822], [33.0061,94.5587], [29.8253,94.7733], [14.8358,92.6822], [14.8358,92.6822], [14.8358,92.6822], [14.8358,92.6822], [6.18256,92.2479], [6.18256,92.2479], [29.2232,94.3574], [14.8358,92.6822], [29.8253,94.7733], [7.41892,84.8763], [14.8358,92.6822], [14.8358,92.6822], [24.2843,88.6948], [19.1647,74.2683], [13.9321,80.4028], [6.18256,92.2479], [5.46145,82.508], [14.8358,92.6822], [14.8358,92.6822], [14.8358,92.6822], [6.18256,92.2479], [14.8358,92.6822], [6.18256,92.2479], [6.18256,92.2479], [6.18256,92.2479], [6.18256,92.2479], [6.18256,92.2479], [14.8358,92.6822], [14.8358,92.6822], [7.41892,84.8763], [11.2547,77.3284], [14.8358,92.6822], [11.2547,77.3284], [4.30195,79.5447], [23.3801,83.7304], [11.2547,77.3284], [14.8358,92.6822], [13.9321,80.4028], [13.9321,80.4028], [6.18256,92.2479], [21.0849,76.6762], [6.18256,92.2479], [6.18256,92.2479], [13.9321,80.4028], [6.18256,92.2479], [7.41892,84.8763], [6.18256,92.2479], [6.18256,92.2479], [14.8358,92.6822], [23.3801,83.7304], [28.5845,72.3411], [19.3594,70.1737], [27.9259,82.6059], [22.0455,64.6102], [10.8507,83.4254], [19.4285,79.2487], [10.9049,83.6543], [10.461,81.7787], [19.5059,69.6108], [18.1304,78.6366], [27.9953,73.4328], [8.77205,74.6404], [19.4315,70.5898], [8.63914,74.0785], [11.1067,84.5055], [10.1771,80.5793], [11.255,85.1313], [11.4414,85.918], [11.6229,86.6846], [27.9272,73.5593], [10.318,81.1743], [11.4628,86.0082], [9.17113,76.327], [11.2966,61.7825], [10.3879,81.4696], [17.2293,78.053], [9.4004,77.2962], [10.5444,82.1308], [20.3262,66.4664], [20.5658,65.5472], [22.6307,71.7085], [21.0762,79.9026], [25.1169,72.5773], [11.4803,63.3281], [9.10459,72.7906], [8.65525,72.4996], [9.19103,72.8466], [8.38967,72.3275], [8.87064,75.057], [11.0792,84.3894], [8.52171,72.4131], [11.4988,86.1601], [8.47947,73.4033], [10.955,83.8657], [8.26089,72.2441], [8.58929,72.4568], [11.0274,84.1708], [9.52008,77.802], [11.1952,63.2841], [11.3318,63.3052], [8.79714,72.5915], [9.2818,76.7948], [11.5276,86.2816], [11.4915,86.1294], [10.5746,73.7427], [11.2198,84.9827], [11.4271,85.8579], [11.4556,85.9781], [11.2917,85.2865], [10.0206,79.9181], [11.161,84.7346], [11.477,86.0681], [11.1885,84.8508], [11.4698,86.0378], [9.68448,78.4972], [11.3944,85.7199], [10.2474,80.8762], [11.4842,86.0987], [9.79711,78.9733], [11.0525,84.2771], [11.1337,84.6196], [10.9323,83.7697], [11.4342,85.888], [10.1044,80.2722], [10.9793,83.9679], [11.3276,85.4379], [11.0031,84.0685], [11.3618,85.5823], [18.6835,78.953], [10.7481,82.992], [11.4485,85.9481], [10.8779,83.5404], [25.4306,81.6309], [28.9301,79.2491], [28.0275,82.6362], [15.9866,77.248], [18.5173,78.8872], [28.2542,82.3477], [27.9771,82.6212], [28.1813,82.682], [27.8746,82.5906], [28.4111,81.628], [30.0813,73.9767], [28.797,79.8587], [24.6726,81.3301], [50.1269,81.3992], [54.3959,82.4488], [43.4991,69.4204], [52.7314,74.3906], [54.3959,82.4488], [52.5555,87.6192], [41.0545,75.5975], [52.7314,74.3906], [40.5743,85.6398], [52.5555,87.6192], [54.3959,82.4488], [47.2263,89.0409], [52.5555,87.6192], [49.2487,78.1327], [52.5555,87.6192], [48.1096,67.6498], [33.7833,77.6502], [48.1096,67.6498], [49.535,91.7654], [46.3924,95.6141], [49.535,91.7654], [40.5743,85.6398], [40.5743,85.6398], [40.5743,85.6398], [54.3959,82.4488], [47.2263,89.0409], [52.5555,87.6192], [47.2263,89.0409], [49.2487,78.1327], [56.5414,77.8439], [49.535,91.7654], [39.8839,93.2039], [54.3959,82.4488], [47.2263,89.0409], [52.5555,87.6192], [43.8021,86.6173], [56.2055,97.636], [54.3959,82.4488], [49.535,91.7654], [49.535,91.7654], [47.2263,89.0409], [68.9109,86.2103], [68.9109,86.2103], [62.8816,78.4004], [57.6874,100.872], [68.9109,86.2103], [52.5555,87.6192], [75.7593,88.7392], [56.2055,97.636], [67.9708,81.3053], [68.9109,86.2103], [68.9109,86.2103], [52.5555,87.6192], [68.9109,86.2103], [57.6874,100.872], [49.535,91.7654], [67.9708,81.3053], [54.3959,82.4488], [54.3959,82.4488], [57.6874,100.872], [54.3959,82.4488], [67.9708,81.3053], [54.3959,82.4488], [52.5555,87.6192], [62.8816,78.4004], [68.9109,86.2103], [58.6987,71.0142], [52.5555,87.6192], [58.6987,71.0142], [54.3959,82.4488], [43.4991,69.4204], [54.3959,82.4488], [67.9708,81.3053], [58.6987,71.0142], [58.6987,71.0142], [69.7128,58.1078], [56.5414,77.8439], [58.6987,71.0142], [58.6987,71.0142], [54.7965,61.2692], [58.6987,71.0142], [67.9708,81.3053], [72.3063,69.6024], [77.6948,65.6626], [72.3063,69.6024], [74.3679,80.2542], [67.9708,81.3053], [48.7559,74.2958], [54.3959,82.4488], [54.3959,82.4488], [48.1096,67.6498], [40.5743,85.6398], [40.5743,85.6398], [52.5555,87.6192], [40.5743,85.6398], [47.2263,89.0409], [58.6987,71.0142], [54.3959,82.4488], [54.3959,82.4488], [48.1096,67.6498], [54.3959,82.4488], [54.3959,82.4488], [47.2263,89.0409], [58.6987,71.0142], [48.1096,67.6498], [49.2487,78.1327], [41.0545,75.5975], [58.6987,71.0142], [52.5555,87.6192], [58.6987,71.0142], [54.3959,82.4488], [58.6987,71.0142], [58.6987,71.0142], [52.7314,74.3906], [52.7314,74.3906], [48.1096,67.6498], [41.3542,53.4361], [31.131,70.8328], [48.1096,67.6498], [48.1096,67.6498], [52.7314,74.3906], [48.1096,67.6498], [54.7965,61.2692], [53.035,52.2233], [48.1096,67.6498], [48.1096,67.6498], [54.7965,61.2692], [54.3959,82.4488], [41.0545,75.5975], [40.7228,63.9289], [41.0545,75.5975], [31.131,70.8328], 