{
  "instance_index": 0,
  "birth_iter": 19,
  "death_iter": 30,
  "survival_iters": 11,
  "censored": false,
  "pre_vnd_cost": 10621.2,
  "post_vnd_cost": 554.015,
  "pre_vnd_coords": [[80,20], [61.1217,17.4136], [56.0731,19.7076], [54.1889,20.5639], [64.2988,15.9697], [80.2701,18.021], [62.2272,16.9112], [60.0019,17.9225], [71.0478,17.7024], [57.6393,18.9961], [63.2941,16.4264], [38.1399,17.6506], [37.1121,19.4442], [38.4445,17.1189], [40.5803,17.5868], [38.4445,17.1189], [49.844,19.6137], [37.4701,18.8195], [38.4445,17.1189], [10.8654,16.1098], [36.6176,20.3073], [10.8638,16.1292], [12.3481,19.6329], [35.1648,22.8432], [10.7358,17.5968], [12.1391,21.3011], [12.2203,20.6534], [11.0358,16.5146], [12.0782,21.7873], [30.6026,37.0146], [31.567,30.6906], [11.9827,22.55], [32.4245,27.6264], [12.2982,20.0315], [33.6452,25.4958], [31.9975,28.3717], [10.4594,20.7648], [13.2334,25.7744], [11.9507,22.806], [12.7796,32.3614], [32.9664,26.6805], [12.1088,21.5433], [35.6534,36.4372], [30.687,37.0688], [39.0623,17.2545], [14.6261,26.3146], [14.917,40.6761], [9.97433,26.3262], [13.9942,26.0695], [12.4468,25.4693], [14.846,40.4], [11.8291,23.7792], [13.6117,35.6003], [31.0882,33.2696], [33.1339,36.904], [30.5385,36.9734], [14.8608,46.2078], [34.1852,36.7093], [12.3233,19.8308], [9.88044,27.4033], [12.1935,20.8668], [11.7413,24.4827], [12.1669,21.0791], [12.2726,20.2353], [11.1216,16.7186], [10.9455,16.3001], [12.0144,22.2968], [12.2467,20.4423], [10.8654,16.1098], [10.3317,22.229], [11.2185,16.9489], [11.632,17.9313], [11.9175,23.0711], [9.38799,33.0404], [9.21159,35.0662], [12.365,30.7476], [9.04726,36.952], [10.171,24.0699], [9.12536,36.0555], [8.48284,43.4177], [10.0726,25.1992], [9.27524,34.3354], [9.67164,29.7947], [10.5866,19.3061], [11.6565,25.1626], [12.0461,22.0441], [14.8727,45.0348], [23.4414,54.3501], [14.8868,43.6516], [32.7171,36.9812], [13.2903,34.3495], [14.9005,42.2982], [23.7651,55.3851], [8.83313,39.4041], [8.31299,45.364], [14.3995,38.664], [14.703,39.8443], [14.2443,38.0609], [14.8912,43.2143], [14.7742,54.7437], [14.7744,40.1219], [14.8677,45.5265], [13.0554,33.435], [14.9059,41.7704], [13.9641,36.9708], [7.97128,49.2827], [14.4788,38.9724], [13.7319,36.0679], [14.8957,42.7749], [14.6305,39.5622], [14.8442,47.8394], [13.8501,36.5275], [12.5859,31.6072], [14.3222,38.3635], [14.7432,57.7969], [23.4053,54.2349], [14.8756,44.751], [14.8789,44.4256], [7.73401,52.0059], [9.32953,33.7117], [23.4808,54.4764], [14.8227,49.9592], [7.58521,53.7142], [7.88802,50.238], [7.42997,55.4965], [8.63679,41.6531], [7.04019,59.9736], [7.51761,64.6642], [8.04295,48.4596], [7.41967,63.7017], [7.63616,65.8289], [7.32602,62.7815], [7.33025,56.6404], [7.07711,59.5484], [14.557,39.2765], [14.7888,53.3026], [8.12505,70.6324], [14.7257,59.5241], [14.8289,49.3543], [26.454,65.9598], [7.50869,54.5927], [14.7992,52.2723], [7.65912,52.8657], [7.79066,67.3469], [9.00775,79.3052], [7.67895,66.2493], [8.14706,47.2654], [7.14054,58.8186], [7.04019,59.9736], [7.55915,65.0722], [7.22786,57.8151], [7.80899,51.1451], [14.7314,58.958], [18.5952,74.3602], [30.3777,74.5454], [15.1463,63.6898], [14.8524,47.0391], [23.8909,55.787], [14.7945,52.7354], [14.1642,37.7494], [14.7136,60.7178], [30.415,36.894], [14.8113,51.082], [14.9114,41.224], [14.0664,37.3689], [14.8362,48.6294], [24.0282,56.2257], [7.75549,67.0014], [14.7821,53.9634], [26.4159,65.1491], [14.8825,44.0741], [14.8054,51.6691], [27.1441,51.4615], [23.5655,54.7469], [14.7196,60.1287], [32.5274,37.0164], [14.7369,61.8268], [14.8616,61.9399], [14.7373,58.3771], [14.769,61.856], [14.9627,62.0316], [30.9497,37.2376], [32.0655,37.102], [34.2431,39.4179], [40.2831,44.156], [34.847,39.5569], [41.4185,52.1336], [39.5793,39.5832], [39.5282,39.5829], [39.5522,27.9912], [54.3301,37.6655], [51.7732,51.6237], [54.2842,37.1513], [54.2368,36.6217], [52.2892,43.9291], [54.1385,35.522], [34.7942,37.8414], [41.0851,49.7943], [54.3301,37.6655], [54.3301,37.6655], [54.3301,37.6655], [35.3452,36.2652], [39.606,39.5834], [45.7248,29.7135], [39.9347,28.0979], [42.1895,28.7268], [53.9942,33.9082], [39.1332,27.8744], [47.659,30.2535], [38.3543,27.6572], [37.3317,39.5707], [34.7882,39.5433], [41.0396,49.4748], [34.4684,39.4697], [39.5021,39.5828], [39.4762,39.5827], [34.2705,39.4242], [34.297,39.4303], [34.5692,39.4929], [34.5184,39.4813], [39.5527,39.5831], [34.6201,39.5046], [40.8301,48.0046], [41.5131,52.7971], [35.8028,34.9561], [34.3641,39.4457], [34.671,39.5164], [38.7179,27.7586], [38.3576,27.6582], [34.3247,39.4367], [40.3272,28.2073], [38.3543,27.6572], [41.4773,28.5281], [38.3561,27.6577], [38.3543,27.6572], [42.9182,28.9301], [40.842,28.3509], [38.3543,27.6572], [53.8612,32.4202], [54.0889,34.9675], [44.3489,29.3294], [53.9033,32.8912], [50.4572,31.035], [39.634,39.5835], [54.3301,37.6655], [53.8214,31.9748], [79.8735,29.1962], [74.8925,35.0318], [81.3435,55.8543], [80.6451,55.495], [83.7901,57.1128], [79.2593,58.9202], [81.4591,58.0427], [78.1186,31.2527], [79.8101,58.7005], [78.4356,54.3583], [81.1202,55.7394], [79.3019,54.804], [71.0264,50.5334], [68.2633,49.0264], [79.762,55.0407], [82.4558,57.6451], [23.5758,79.8758], [26.3854,64.501], [26.3788,64.3607], [31.2515,75.122], [31.408,74.8579], [26.3719,64.2152], [26.3442,63.625], [31.5559,74.6086], [30.7609,75.9495], [29.6557,77.8139], [23.6592,55.0465], [14.917,40.6761], [33.3752,36.8593], [31.3157,37.241], [35.1237,45.5413], [13.4915,35.1325], [30.8618,37.1812], [36.0905,44.824], [40.8603,61.8066], [32.1036,47.7822], [26.3442,63.625], [14.817,50.5222], [24.6074,58.0763], [25.9124,62.2454], [14.8006,61.8846], [18.1857,73.9067], [15.468,66.5951], [25.288,52.8383], [45.0037,54.4865], [35.526,36.4608], [26.242,52.1306], [44.5349,55.1874], [25.7776,52.4751], [24.2004,56.7761], [31.7669,37.1574], [44.8669,54.6645], [24.1707,53.6671], [30.3703,49.0682], [25.5061,60.9473], [26.398,64.7692], [26.6915,51.7972], [27.6525,51.0844], [42.9451,65.5136], [29.8671,77.4573], [25.0741,59.5673], [14.7286,59.2383], [14.708,61.2704], [29.6393,49.6105], [26.365,64.0673], [26.3442,63.625], [45.099,54.3625], [26.351,63.7702], [43.0727,57.821], [25.2933,60.2674], [41.6614,63.231], [45.1744,54.2643], [42.5404,64.7938], [28.2619,50.6323], [43.3945,66.3128], [26.3918,64.6371], [25.711,61.602], [14.8905,61.9661], [26.4285,65.4171], [18.044,73.7499], [26.4411,65.6862], [26.4099,65.0221], [15.6948,68.6457], [28.9247,50.1406], [23.5033,80.4145], [7.50011,64.4922], [24.3968,57.4034], [14.9143,61.9877], [19.6705,75.5512], [26.4221,65.2819], [19.4715,75.3308], [14.7167,60.412], [26.4348,65.5519], [14.7619,55.9478], [26.1178,62.9016], [26.8405,74.3561], [26.3442,63.625], [14.7106,61.0126], [8.07827,70.1727], [7.99099,69.3151], [8.42072,73.5369], [14.7053,61.5368], [7.14925,61.0447], [7.82627,67.6969], [26.5424,67.8834], [26.7782,73.0068], [23.5488,80.0765], [8.035,69.7475], [18.9809,74.7875], [14.7451,57.6102], [17.903,73.5937], [18.8512,74.6438], [29.1541,78.6603], [14.7442,57.7045], [9.32325,82.405], [8.64489,75.7395], [23.5578,80.0095], [14.8307,61.9119], [7.37468,63.2597], [15.8614,70.1499], [23.5668,79.9427], [26.6301,69.7916], [14.7225,59.8343], [14.7401,58.1093], [9.24591,81.6451], [8.77489,77.0169], [26.8405,74.3561], [18.3252,74.0612], [19.2913,75.1312], [11.5855,89.7671], [23.5311,80.2081], [48.708,73.5028], [26.3578,63.915], [22.728,87.2728], [14.9383,62.0095], [25.3301,84.4947], [26.8405,74.3561], [22.083,78.2227], [29.4051,78.2368], [21.1909,77.2348], [23.5224,80.2726], [28.9007,79.0878], [17.7548,73.4295], [23.2713,82.1487], [41.1171,62.2632], [45.6089,70.2518], [45.0131,69.1921], [24.8433,58.8299], [23.9317,86.5411], [42.9106,81.9521], [44.4532,68.1961], [26.8405,74.3561], [26.4039,64.8958], [31.0928,75.3897], [28.3999,79.9328], [30.4092,76.5427], [18.4649,74.216], [30.0506,77.1476], [45.348,54.0383], [23.5136,80.3377], [33.422,89.9671], [30.5863,76.2439], [25.5287,84.2041], [26.1456,83.3014], [25.8556,83.7257], [30.2317,76.8422], [43.1721,83.7022], [28.6512,79.5089], [26.0018,83.5118], [32.9805,90.3402], 