{
  "instance_index": 0,
  "birth_iter": 135,
  "death_iter": 240,
  "survival_iters": 105,
  "censored": false,
  "pre_vnd_cost": 8110.46,
  "post_vnd_cost": 479.763,
  "pre_vnd_coords": [[80,20], [86.2684,17.5916], [86.2684,17.5916], [84.9705,26.0014], [86.2684,17.5916], [86.2684,17.5916], [86.2684,17.5916], [84.2319,30.7873], [82.6991,40.719], [82.3861,42.7475], [83.0533,38.4243], [84.558,28.674], [82.4256,45.3307], [83.5676,35.0915], [85.0953,25.1928], [65.6072,50.86], [83.2992,53.3084], [83.7368,58.0249], [64.6367,49.9601], [63.9569,49.3299], [59.1019,44.8281], [83.5308,55.4238], [82.2437,43.6698], [83.2167,37.3653], [83.7426,57.9735], [65.4254,50.6915], [82.5404,41.7477], [58.1009,43.9], [65.2499,50.5288], [58.1009,43.9], [63.6475,64.6084], [64.1788,49.5356], [65.7563,50.9983], [65.3071,51.5387], [64.4177,49.7571], [63.7308,64.2075], [82.8537,39.7171], [60.8796,58.2573], [61.1687,56.22], [60.8169,58.0484], [60.6654,57.5434], [63.2477,52.8591], [60.6327,57.4342], [63.7504,52.5368], [62.3781,60.4615], [60.6026,57.334], [42.5277,53.628], [60.7549,57.8416], [62.8529,68.4308], [47.0453,39.4688], [61.2866,59.0235], [42.0253,52.2761], [58.1009,43.9], [58.1009,43.9], [58.1009,43.9], [62.7941,61.0096], [45.0946,42.296], [47.0073,71.0559], [42.531,66.9084], [41.5871,51.0969], [41.9352,66.3563], [41.2773,50.2632], [41.1704,49.9756], [40.9781,49.4581], [41.9645,58.9574], [42.3612,53.1799], [41.38,50.5395], [47.4031,38.9502], [40.7876,48.9456], [46.1796,45.3798], [46.0749,45.0822], [28.1794,64.4391], [42.141,57.2877], [42.2211,56.5299], [42.2963,55.8182], [45.877,44.5197], [45.9769,44.8037], [41.4815,50.8126], [61.8327,54.9131], [45.4137,43.2028], [42.1124,52.5103], [28.5524,64.3386], [41.0713,49.7089], [40.8772,49.1867], [21.837,50.5766], [23.4836,49.0042], [23.1578,49.4229], [23.6883,48.9283], [19.5538,65.1515], [23.5429,49.0865], [34.9344,38.7255], [25.0432,65.284], [12.467,44.0528], [23.5929,48.9637], [23.4106,49.0313], [23.2979,49.0731], [33.3681,35.6893], [23.3738,49.045], [23.5565,48.9772], [22.9489,49.6054], [24.4735,66.0575], [33.6986,55.6484], [34.985,57.3149], [31.9601,53.3971], [37.9294,61.1293], [26.2916,66.9245], [27.1118,67.3155], [17.6935,62.8246], [16.154,62.0905], [16.0676,62.0493], [15.6285,62.2089], [21.4702,64.6255], [18.2098,63.0708], [21.0019,64.4021], [10.6365,64.7653], [9.18998,77.7419], [9.20039,77.9118], [9.12321,76.6528], [9.12321,76.6528], [11.9504,67.0063], [11.9504,67.0063], [9.14114,76.9452], [9.15994,77.2519], [11.9504,67.0063], [11.9504,67.0063], [11.9504,67.0063], [10.7896,65.1315], [11.5768,66.4029], [9.23648,78.5007], [9.12321,76.6528], [9.13203,76.7967], [15.7037,62.0653], [9.24927,78.7095], [10.5183,64.6341], [21.5844,76.7665], [26.0251,66.7973], [15.8936,61.9664], [25.7677,66.6746], [26.3377,73.2632], [16.6892,62.3457], [19.3487,63.6139], [26.3377,73.2632], [14.6958,63.4575], [15.558,62.3435], [15.6932,77.8349], [32.7597,54.4326], [16.4743,77.9754], [24.8482,66.2362], [33.2366,55.0502], [28.1187,70.4259], [14.3933,77.601], [27.1345,71.9937], [11.5509,77.0896], [26.3377,73.2632], [15.8543,77.8639], [23.1152,65.4098], [34.1567,56.242], [34.5719,56.7798], [26.5734,67.0588], [25.5513,66.5715], [26.3377,73.2632], [23.6794,65.6789], [26.3377,73.2632], [36.2076,58.8987], [24.3071,74.7599], [37.0465,59.9855], [33.4693,55.3515], [39.8164,63.5741], [50.251,74.749], [44.7798,70.0033], [25.8223,73.6432], [43.6804,68.5795], [47.0686,72.4053], [25.3319,66.4668], [49.9788,74.5485], [46.4208,71.9283], [35.0573,89.0384], [45.5757,71.034], [26.3378,73.2631], [47.4265,72.6689], [26.3377,73.2632], [25.3477,73.9929], [39.0198,88.4335], [26.3378,73.2631], [26.3378,73.2632], [16.6945,78.0701], [45.3125,70.6932], [43.2517,87.6933], [23.2529,75.5369], [28.3759,70.0162], [22.694,75.9488], [23.7951,75.1373], [24.871,74.3443], [23.9455,89.5693], [15.558,62.3435], [20.9978,77.1988], [47.9075,73.0231], [28.9214,69.1475], [28.6439,69.5896], [18.8176,63.3606], [26.3377,73.2632], [13.8215,77.4981], [15.558,62.3435], [26.3377,73.2632], [26.3378,73.2632], [16.0165,77.8931], [20.4132,77.6295], [22.1458,76.3528], [26.3377,73.2632], [9.80944,87.8516], [13.8326,64.5731], [11.9504,67.0063], [26.3377,73.2632], [9.87709,88.9555], [9.29522,79.4596], [9.18025,77.5832], [9.2805,79.2194], [12.3991,66.4261], [12.4108,77.2443], [16.9241,78.1688], [12.9171,77.3354], [11.9407,77.1597], [13.6175,77.4614], [19.8199,78.0666], [14.016,77.5331], [26.8328,67.1825], [11.9504,67.0063], [17.155,78.2681], [9.60719,84.5512], [9.31131,79.7223], [9.21174,78.097], [9.37048,80.6884], [12.9945,65.6563], [9.87024,76.7872], [11.1861,65.7718], [26.3377,73.2632], [17.241,62.6089], [13.4115,77.4244], [9.17017,77.4187], [9.15042,77.0965], [9.7262,86.4934], [18.4066,78.8061], [18.1319,78.688], [14.8674,77.6863], [15.0476,77.7187], [15.2073,77.7475], [15.3646,77.7758], [15.5167,77.8032], [16.1751,77.9216], [14.6967,77.6556], [9.34269,80.2347], [11.9504,67.0063], [9.46248,82.1898], [9.26459,78.9597], [9.39457,81.0816], [9.64306,85.1367], [9.70484,86.1448], [9.65421,85.3187], [9.22392,78.2958], [9.35928,80.5056], [10.7017,76.9368], [9.55119,83.6375], [9.71497,86.3101], [9.53947,83.4462], [9.47368,82.3725], [9.74933,86.8708], [11.8205,89.5078], [26.3377,73.2632], [10.0682,89.4989], [10.0599,89.4989], [10.0515,89.4989], [10.0437,89.4988], [10.0353,89.4988], [10.0275,89.4987], [10.0199,89.4987], [10.0111,89.4987], [10.0032,89.4986], [9.84471,88.4274], [9.82206,88.0578], [9.485,82.5574], [10.0759,89.499], [9.92752,89.4983], [9.58592,84.2043], [9.83365,88.2468], [9.93641,89.4983], [9.94577,89.4984], [9.9549,89.4984], [9.96316,89.4984], [9.97176,89.4985], [9.98063,89.4985], [9.98862,89.4986], [9.9962,89.4986], [9.67868,85.7181], [9.69607,86.0018], [9.3278,79.9916], [16.3241,77.9484], [9.91032,89.4982], [10.9113,89.5032], [9.77587,87.3041], [9.79841,87.6717], [9.78703,87.4861], [10.4927,89.5011], [11.3611,89.5055], [14.5405,77.6275], [14.2034,77.5668], [9.85536,88.6011], [9.91901,89.4982], [9.4183,81.4689], [15.7543,89.5276], [18.7913,89.5429], [9.68741,85.8606], [9.5743,84.0146], [9.49623,82.7407], [9.59628,84.3732], [9.44061,81.833], [9.51746,83.087], [9.50672,82.9117], [9.38261,80.8864], [9.45151,82.0109], [9.52817,83.2618], [9.56256,83.8229], [9.40716,81.2871], [9.86629,88.7794], [9.61933,84.7494], [9.76276,87.0901], [9.66636,85.5171], [9.73799,86.6858], [9.42976,81.656], [9.63117,84.9428], [26.3378,73.2632], [26.3378,73.2631], [19.2188,78.5095], [20.01,89.549], [19.1933,89.5449], [18.4134,89.541], [18.0456,89.5391], [17.6525,89.5371], [17.2684,89.5352], [16.8908,89.5333], [16.5095,89.5314], [21.1181,89.5547], [15.4211,89.526], [31.3412,89.607], [31.3412,89.607], [14.9978,89.5239], [31.3412,89.607], [14.724,89.5225], [14.3972,89.5209], [14.0357,89.5191], [13.6114,89.5169], [13.1798,89.5148], [12.7335,89.5125], [15.2533,89.5252], [19.5984,89.5469], [30.6804,89.6037], [31.3412,89.607], [26.7249,89.5836], [26.1663,89.5808], [30.3376,89.6019], [31.3412,89.607], [27.8603,89.5895], [30.0077,89.6003], [27.2789,89.5865], [25.6182,89.5779], [29.6951,89.5987], [31.3412,89.607], [44.4835,86.3377], [44.3037,86.5355], [43.3491,87.586], [28.7661,89.5941], [26.3378,73.2631], [20.5505,89.5518], [24.5072,89.5722], [18.6653,78.9173], [22.2385,89.5605], [22.8083,89.5635], [12.2695,89.5101], [23.3754,89.5664], [40.3661,88.2285], [40.5137,88.2061], [40.2202,88.2508], [21.6794,89.5576], [15.5874,89.5268], [26.3377,73.2632], [17.8432,78.5639], [17.4928,78.4133], [16.1268,89.5295], [31.3412,89.607], [31.3412,89.607], [47.7999,88.3449], [31.3412,89.607], [31.3412,89.607], [31.3412,89.607], [31.3412,89.607], [39.1571,88.4126], [26.3378,73.2631], [29.0729,89.5957], [37.9827,88.5914], [46.0621,71.6642], [43.4462,87.4791], [46.3019,71.8407], [38.3624,88.5336], [38.757,88.4735], [29.3813,89.5972], [26.3377,73.2632], [37.6192,88.6467], [37.4989,88.665], [39.4282,88.3713], [39.2922,88.392], [37.8607,88.6099], [38.8884,88.4535], [31.3412,89.607], [38.6249,88.4936], [38.4936,88.5136], [39.563,88.3508], [31.3412,89.607], 