{
  "instance_index": 0,
  "birth_iter": 21,
  "death_iter": 30,
  "survival_iters": 9,
  "censored": false,
  "pre_vnd_cost": 11075.7,
  "post_vnd_cost": 722.312,
  "pre_vnd_coords": [[80,20], [94.8458,15.2221], [71.7576,6.10594], [71.7576,6.10594], [66.3563,19.2938], [49.4098,15.0315], [66.3563,19.2938], [66.3563,19.2938], [62.7739,24.2731], [52.9291,23.0954], [66.3563,19.2938], [58.2203,33.4809], [63.6612,40.5888], [62.7739,24.2731], [62.7739,24.2731], [66.3563,19.2938], [66.3563,19.2938], [77.8054,52.3384], [63.6612,40.5888], [83.2361,37.4943], [13.2469,61.4671], [13.2469,61.4671], [13.2469,61.4671], [13.2469,61.4671], [10.2079,71.935], [9.86222,73.4801], [13.2469,61.4671], [13.7903,62.38], [9.85562,72.8747], [9.85562,72.8747], [9.85562,72.8747], [10.0047,72.477], [12.2433,66.5061], [9.85562,72.8747], [9.85562,72.8747], [10.7369,70.524], [9.89175,76.1864], [9.90189,77.1163], [10.9887,69.8525], [13.2469,61.4671], [9.94781,72.6288], [10.353,71.548], [10.6222,70.8299], [9.85562,72.8747], [10.0323,72.4034], [13.7903,62.38], [11.5089,68.4651], [11.7804,67.7408], [14.3488,61.0845], [16.3946,58.884], [13.2469,61.4671], [13.7903,62.38], [13.3291,61.3996], [13.3531,61.3799], [13.2469,61.4671], [11.1908,69.3133], [13.8076,61.007], [14.5976,60.3587], [14.8913,60.1177], [13.7903,62.38], [13.8959,63.622], [21.0918,50.8034], [16.863,55.2533], [16.4376,56.24], [16.1291,59.1019], [16.5302,83.5749], [1.26715,76.5909], [1.93456,85.3215], [1.93456,85.3215], [-0.829383,70.5581], [16.5302,83.5749], [8.30395,87.7544], [9.85958,86.6549], [8.30395,87.7544], [1.93456,85.3215], [-1.70813,75.0313], [-1.70813,75.0313], [6.24262,74.9254], [1.93456,85.3215], [8.47723,78.5689], [6.24262,74.9254], [1.26715,76.5909], [22.6707,79.7083], [24.3467,73.0589], [16.9032,73.2462], [24.1279,82.1691], [1.93456,85.3215], [-1.70813,75.0313], [24.1279,82.1691], [16.5302,83.5749], [12.2285,73.0919], [12.0684,68.0294], [19.0967,95.0473], [12.2285,73.0919], [1.93456,85.3215], [1.93456,85.3215], [10.901,79.0453], [9.85958,86.6549], [16.5302,83.5749], [17.4179,85.5087], [16.9032,73.2462], [17.696,102.417], [28.3322,89.9527], [26.7654,87.8939], [1.93456,85.3215], [10.6781,102.033], [1.26715,76.5909], [5.94106,92.6184], [10.7825,93.6423], [1.93456,85.3215], [19.0967,95.0473], [8.47723,78.5689], [5.94106,92.6184], [19.0967,95.0473], [10.7825,93.6423], [16.8254,76.8225], [16.5302,83.5749], [5.94106,92.6184], [5.94106,92.6184], [5.94106,92.6184], [17.4179,85.5087], [1.93456,85.3215], [16.5302,83.5749], [17.4179,85.5087], [5.94106,92.6184], [5.94106,92.6184], [10.6781,102.033], [1.93456,85.3215], [19.0967,95.0473], [1.93456,85.3215], [5.94106,92.6184], [8.47723,78.5689], [5.94106,92.6184], [16.5302,83.5749], [1.93456,85.3215], [10.7825,93.6423], [1.93456,85.3215], [5.94106,92.6184], [5.94106,92.6184], [8.30395,87.7544], [5.94106,92.6184], [5.94106,92.6184], [5.94106,92.6184], [19.0967,95.0473], [8.30395,87.7544], [1.93456,85.3215], [1.93456,85.3215], [11.1791,73.2278], [10.6781,102.033], [22.6707,79.7083], [25.672,100.67], [17.4179,85.5087], [24.6114,95.7702], [25.672,100.67], [29.6199,80.2955], [38.3642,90.1135], [31.4291,97.7355], [17.4179,85.5087], [24.1279,82.1691], [25.672,100.67], [25.672,100.67], [19.0967,95.0473], [17.696,102.417], [29.6199,80.2955], [31.4291,97.7355], [17.696,102.417], [19.0967,95.0473], [17.696,102.417], [22.635,94.0743], [17.696,102.417], [29.6199,80.2955], [24.1279,82.1691], [31.4291,97.7355], [31.4291,97.7355], [26.7654,87.8939], [10.7825,93.6423], [38.3642,90.1135], [38.3642,90.1135], [31.447,102.048], [17.696,102.417], [34.0742,73.6414], [34.0742,73.6414], [38.3642,90.1135], [39.3248,87.5204], [38.3642,90.1135], [24.6114,95.7702], [37.318,99.2154], [24.1279,82.1691], [38.3642,90.1135], [34.6507,82.0414], [34.6507,82.0414], [34.0742,73.6414], [29.6199,80.2955], [16.9032,73.2462], [12.2285,73.0919], [22.6707,79.7083], [34.0742,73.6414], [17.4179,85.5087], [22.6707,79.7083], [34.0742,73.6414], [31.0361,88.8894], [31.0361,88.8894], [34.8248,68.322], [16.9032,73.2462], [24.1279,82.1691], [29.2579,75.416], [29.2579,75.416], [34.0742,73.6414], [17.1988,68.0554], [24.3467,73.0589], [31.0753,63.6353], [34.6507,82.0414], [24.1279,82.1691], [22.6707,79.7083], [16.8254,76.8225], [16.8254,76.8225], [38.8596,82.5811], [34.6507,82.0414], [34.8248,68.322], [34.0742,73.6414], [34.7135,56.0943], [51.3236,76.7709], [38.8596,82.5811], [40.7695,60.926], [51.3236,76.7709], [48.4342,81.6442], [38.8596,82.5811], [17.1988,68.0554], [48.4342,81.6442], [31.0361,88.8894], [34.8248,68.322], [34.8248,68.322], [34.8248,68.322], [24.3467,73.0589], [34.0742,73.6414], [34.0742,73.6414], [37.997,64.7821], [50.9793,58.7942], [40.7695,60.926], [41.8196,72.8857], [51.3236,76.7709], [51.3236,76.7709], [48.4342,81.6442], [38.8596,82.5811], [38.8596,82.5811], [34.8248,68.322], [48.4342,81.6442], [41.8196,72.8857], [41.8196,72.8857], [51.3236,76.7709], [48.4822,68.6006], [48.4822,68.6006], [40.7695,60.926], [51.3236,76.7709], [40.7695,60.926], [60.7254,69.2808], [56.2848,64.6271], [55.3448,85.8666], [60.7254,69.2808], [55.3448,85.8666], [40.7695,60.926], [51.3236,76.7709], [60.7254,69.2808], [37.997,64.7821], [40.3131,49.8666], [54.8006,52.2504], [48.4822,68.6006], [56.2848,64.6271], [50.8599,67.0436], [60.2227,77.275], [60.2227,77.275], [55.3448,85.8666], [56.2848,64.6271], [50.9793,58.7942], [67.8208,58.5521], [54.8006,52.2504], [48.4822,68.6006], [67.8208,58.5521], [60.7254,69.2808], [48.4822,68.6006], [67.405,73.2575], [56.2848,64.6271], [54.8006,52.2504], [56.2848,64.6271], [60.2227,77.275], [51.3236,76.7709], [40.7695,60.926], [48.4342,81.6442], [60.7254,69.2808], [56.2848,64.6271], [48.4822,68.6006], [56.2848,64.6271], [48.4822,68.6006], [40.7695,60.926], [36.242,62.1475], [50.8599,67.0436], [40.3131,49.8666], [50.9793,58.7942], [37.997,64.7821], [36.242,62.1475], [34.7135,56.0943], [37.997,64.7821], [40.3131,49.8666], [48.4822,68.6006], [41.8196,72.8857], [31.0753,63.6353], [40.7695,60.926], [37.997,64.7821], [40.7695,60.926], [40.7695,60.926], [26.8426,63.081], [27.8004,55.3752], [43.4504,55.913], [32.9021,37.214], [44.4359,56.8377], [50.1094,37.6342], [44.0474,56.4731], [50.3452,38.0011], [59.3322,51.6443], [32.8458,36.4937], [45.0851,54.6133], [27.4279,58.6538], [43.2228,55.6994], [50.7033,52.9175], [42.9969,55.4875], [32.5042,39.9343], [45.2702,30.1053], [45.3674,54.5281], [32.881,38.8731], [21.4257,38.9016], [53.1332,52.184], [32.6274,39.5872], [32.9544,37.8822], [43.8866,27.9526], [49.6724,36.9543], [28.8486,36.2143], [32.9283,37.5492], [46.8162,32.5106], [49.5622,36.783], [46.1941,31.5426], [32.3981,34.9604], [44.3449,28.6656], [28.5675,36.3135], [31.4009,43.0411], [32.0705,35.0761], [32.3949,40.2419], [32.7586,39.2176], [29.1207,36.1181], [31.6931,35.2094], [30.7075,35.5576], [31.0254,35.4453], [31.9619,41.4615], [20.1299,39.5754], [33.3706,15.9592], [13.4345,25.4066], [21.8166,38.6983], [29.4412,36.0049], [20.9354,39.1566], [21.8166,38.6983], [15.1331,42.1737], [21.8166,38.6983], [32.7786,35.6347], [8.48444,45.6309], [28.0893,52.8315], [15.5726,59.5586], [32.2668,40.6026], [17.118,41.1416], [21.8166,38.6983], [12.8968,31.0214], [20.5293,39.3677], [24.9188,67.2241], [32.0524,41.2064], [31.7614,42.026], [31.4868,42.7993], [31.8637,41.7379], [27.6532,56.6709], [8.96812,45.3794], [29.7274,35.9038], [19.7257,39.7856], [16.5218,41.4516], [31.5785,42.5411], [27.7614,55.7179], [31.6624,42.3048], [44.0375,54.9372], [28.0105,53.5253], [25.7203,65.43], [21.8166,38.6983], [27.7218,56.0672], [30.3503,35.6838], [27.5808,57.3081], [17.0022,58.3854], [45.2681,54.558], [44.8045,57.1836], [27.0715,61.7913], [26.7936,63.0797], [43.8662,56.3031], [26.9247,63.0832], [27.0211,62.2344], [26.9134,63.0829], [26.937,62.9753], [43.6782,56.1267], [26.9794,62.6016], [27.839,55.0347], [27.0516,61.9662], [27.0915,61.6149], [27.258,60.1494], [26.9692,62.6915], [20.5128,77.0863], [42.8138,55.3156], [27.0816,61.7021], [27.8789,54.6836], [26.9584,62.7862], [26.7821,63.0794], [27.0418,62.0527], [19.6307,79.0608], [20.973,