{
  "instance_index": 0,
  "birth_iter": 236,
  "death_iter": 250,
  "survival_iters": 14,
  "censored": true,
  "pre_vnd_cost": 7631.69,
  "post_vnd_cost": 456.951,
  "pre_vnd_coords": [[80,20], [57.9163,29.4197], [63.3523,21.0957], [65.5523,17.7257], [57.9163,29.4197], [61.8232,23.4374], [66.4881,16.2921], [64.6152,19.1613], [57.7676,30.2643], [57.9163,29.4197], [67.0778,15.3886], [60.118,52.3416], [58.9169,39.8052], [60.1667,52.8492], [63.4155,62.4549], [64.9002,65.1352], [65.7564,71.4005], [67.3871,71.4667], [46.1919,63.61], [47.0535,69.8578], [47.0798,70.2517], [48.3082,64.9389], [60.6996,71.1951], [47.5365,70.3053], [52.8167,70.8747], [46.1447,63.8471], [47.1583,70.2609], [54.2974,70.9349], [47.2717,69.3745], [46.9321,70.1266], [52.1303,70.8468], [24.7865,88.0112], [24.5733,88.1057], [24.9035,87.9594], [25.0331,87.8816], [26.5173,86.9898], [24.9035,87.9594], [25.0622,87.864], [25.2695,87.7395], [24.6702,88.0627], [24.9707,87.9191], [24.5104,88.1336], [24.1782,79.5843], [19.7225,88.6369], [25.3605,87.6848], [26.6163,83.9165], [25.3286,87.704], [18.473,88.7615], [24.4409,88.1644], [24.4545,88.1583], [24.4819,88.1462], [27.4693,90.8844], [27.4693,90.8844], [27.4693,90.8844], [27.4693,90.8844], [27.4693,90.8844], [27.4693,90.8844], [27.4693,90.8844], [27.4693,90.8844], [27.4693,90.8844], [27.4693,90.8844], [10.1889,88.4803], [27.4693,90.8844], [28.5168,67.552], [28.2732,88.1935], [27.4693,90.8844], [27.4693,90.8844], [28.5418,84.3518], [28.5168,67.552], [27.7868,89.8216], [9.64843,88.7111], [27.4693,90.8844], [9.66552,86.6487], [10.2598,88.4501], [27.5697,90.5483], [29.302,84.7495], [10.3794,88.399], [29.302,84.7495], [28.9086,64.7998], [25.7549,82.8933], [29.7099,74.1703], [29.7099,74.1703], [29.0826,64.0937], [28.528,66.7863], [11.382,77.9882], [25.4583,82.738], [29.7099,74.1703], [10.4045,82.9204], [28.5296,66.6772], [28.5168,67.552], [28.5184,67.4427], [29.1915,85.1194], [28.1603,88.5713], [29.7099,74.1703], [29.7099,74.1703], [24.638,82.3081], [27.913,89.3992], [28.0411,88.9703], [25.1901,82.5975], [28.9648,70.0369], [28.9444,85.9467], [24.7155,82.3487], [28.811,86.3931], [11.5594,68.6632], [10.9787,76.0626], [15.1277,67.2657], [11.5498,68.6669], [10.4979,82.866], [10.0235,89.577], [11.1159,74.1199], [10.0224,89.5929], [10.0221,89.5969], [10.8508,77.8736], [10.8383,78.0492], [10.47,83.2605], [11.5636,68.6615], [10.0284,89.5074], [17.1972,66.4553], [12.2696,68.385], [10.9663,76.2381], [11.0298,75.3399], [10.0267,89.532], [10.9834,75.9959], [14.6213,89.1458], [10.0295,89.4913], [11.0875,74.5219], [12.697,89.3378], [10.6461,80.7692], [11.0641,74.8541], [10.0219,89.6007], [10.1039,88.4389], [10.0316,89.4624], [11.0451,75.1223], [10.0307,89.4748], [10.029,89.4992], [10.0324,89.4504], [10.3393,85.1085], [10.9925,75.8681], [10.4176,84.001], [10.393,84.3496], [10.3657,84.7351], [10.0216,89.6048], [10.9018,77.1517], [10.031,89.4706], [10.2651,86.1595], [10.0281,89.5118], [11.0161,75.534], [10.2415,86.4921], [10.1999,87.0809], [10.0278,89.5157], [10.0275,89.5196], [10.0273,89.5235], [10.9877,75.9351], [10.027,89.5275], [10.443,83.6424], [10.0264,89.5361], [10.0261,89.5405], [10.0258,89.5449], [10.0255,89.5491], [10.0252,89.5534], [10.0888,88.6528], [10.0327,89.4467], [10.1509,87.7747], [10.1334,88.0225], [10.0238,89.5734], [11.0041,75.7038], [11.332,89.474], [10.1681,87.5314], [10.0249,89.5571], [10.0246,89.5608], [10.0243,89.5653], [10.0227,89.5889], [10.0287,89.5033], [10.5558,82.0462], [10.2193,86.8073], [10.0233,89.5809], [10.1184,88.2341], [10.0395,89.351], [10.0292,89.4953], [10.023,89.5849], [10.024,89.5697], [15.4474,89.0635], [17.0578,88.9027], [10.8645,77.6795], [10.5237,82.4999], [10.0586,89.0802], [10.2898,85.809], [10.1828,87.3232], [10.0737,88.8659], [10.0298,89.4877], [10.0301,89.4836], [10.0304,89.4791], [10.3157,85.4429], [16.9594,66.5484], [13.6493,89.2428], [10.9245,76.8299], [19.4856,65.5592], [10.9532,76.4236], [17.9369,66.1656], [10.9485,76.4904], [10.0319,89.4583], [10.0313,89.4663], [24.4681,88.1523], [10.047,89.2435], [10.0321,89.4546], [28.5168,67.552], [28.5349,66.3161], [28.5331,66.4385], [29.5163,62.3346], [28.5834,66.1196], [28.9486,64.6376], [28.7441,68.8128], [28.5233,67.108], [29.3694,62.9304], [36.8025,63.015], [28.8703,64.9552], [30.0785,60.0535], [29.2335,63.4815], [29.6654,61.7295], [28.7895,65.2832], [30.6054,57.9178], [34.0725,42.8414], [31.1267,33.6824], [31.1974,33.2409], [38.6479,47.047], [38.8734,46.4582], [33.1445,55.2536], [32.6996,60.7143], [38.6479,47.047], [33.466,51.3064], [39.2836,42.2906], [38.6479,47.047], [32.7628,59.9392], [38.9927,46.1466], [46.5842,61.6386], [32.6706,61.0698], [30.9901,34.5352], [31.2663,32.8111], [33.183,54.7815], [32.8341,59.0642], [33.1044,55.7464], [33.292,53.443], [33.5329,50.486], [34.271,49.6145], [33.2278,61.629], [32.8137,59.3139], [38.6479,47.047], [39.8712,43.8519], [30.7134,36.261], [30.9029,35.0789], [35.9222,48.646], [33.362,52.5835], [31.1943,39.9812], [33.2572,53.8696], [38.6479,47.047], [32.8071,59.3956], [32.7809,59.716], [32.7187,60.4793], [32.725,60.4023], [32.7316,60.3215], [35.6052,63.5892], [32.7056,60.6401], [32.663,61.1634], [32.6918,60.8092], [38.0273,64.1136], [40.7676,64.0234], [33.2178,54.3534], [47.6315,70.3164], [32.8564,58.7906], [32.6842,60.9027], [46.8858,70.229], [32.7934,59.563], [36.31,64.1701], [37.4629,64.1322], [34.4158,62.6085], [32.9328,57.8525], [36.8939,64.1509], [33.055,56.3527], [46.432,62.4038], [32.7874,59.6373], [47.0565,61.4808], [47.2193,61.4264], [38.5856,64.0952], [33.4274,51.7811], [38.6479,47.047], [32.8005,59.4765], [32.8878,58.4048], [33.0108,56.8954], [33.3274,53.0084], [33.8174,62.1152], [34.9859,63.0786], [32.712,60.5614], [32.7498,60.0982], [32.6772,60.989], [32.9101,58.1314], [32.7376,60.2472], [47.9608,63.523], [46.509,62.0166], [32.7748,59.7914], [47.4336,70.2932], [32.7558,60.0241], [47.6768,62.3658], [46.2728,63.2037], [32.9726,57.3641], [39.6787,64.0593], [38.6479,47.047], [39.2342,45.5158], [39.472,44.8948], [39.7176,44.2533], [38.7654,46.74], [32.7689,59.8635], [46.352,62.8054], [46.1804,63.6678], [44.5186,63.9006], [49.524,70.5397], [45.4283,63.8707], [48.433,65.4472], [47.2399,70.2705], [32.8668,58.6623], [46.9091,70.1773], [46.1502,63.8194], [32.744,60.1695], [48.1388,64.2484], [46.9819,70.2402], [47.3373,70.2819], [46.8982,61.5337], [39.1317,64.0773], [32.8198,59.2395], [32.8267,59.155], [32.8468,58.9077], [46.7373,61.5875], [40.2828,64.0394], [47.8099,62.9078], [32.8403,58.9882], [38.6479,47.047], [46.1619,63.7606], [61.0295,58.1445], [46.1563,63.7889], [46.1741,63.6992], [46.1863,63.638], [48.5605,65.9669], [57.1079,71.0491], [55.0247,70.9644], [55.7759,70.9949], [56.4838,71.0237], [57.7381,71.0747], [53.5831,70.9059], [61.4466,71.2254], [66.9039,71.4471], [65.9739,71.4093], [59.0853,71.1294], [67.3871,71.4667], [66.68,71.438], [67.3871,71.4667], [67.3871,71.4667], [67.1567,71.4573], [61.625,59.2206], [64.3693,71.3441], [67.3871,71.4667], [66.2602,68.597], [67.3871,71.4667], [63.6908,71.3165], [60.4104,55.3934], [66.2002,71.4185], [59.7075,71.1547], [61.1537,58.3689], [60.2173,71.1755], [46.1447,63.8471], [58.4014,71.1017], [67.3871,71.4667], [66.4427,71.4284], [67.3871,71.4667], [65.6527,67.0501], [46.1679,63.7308], [62.4875,71.2677], [66.8323,70.0539], [64.9859,71.3692], [60.7717,57.6787], [61.5103,59.0133], [67.3871,71.4667], [60.9019,57.9139], [60.1051,52.2066], [59.9268,50.3457], [61.3891,58.7943], [62.2846,60.4126], [59.9051,50.1188], [61.2715,58.5819], [61.8413,59.6115], [67.3871,71.4667], [67.3871,71.4667], [61.9479,59.8041], [62.0554,59.9983], [60.5234,56.5734], [48.648,66.3234], [60.0365,51.4905], [39.5935,44.5774], [62.1631,60.1931], [60.0709,51.8498], [59.9473,50.56], [60.5996,57.3677], [59.6925,47.8992], [59.9678,50.7737], [61.7313,59.4127], [59.8807,49.864], [59.9853,50.9558], [60.0011,51.1214], [47.429,61.3563], [60.0197,51.3151], [47.5459,61.8326], [60.5996,57.3677], [60.5996,57.3677], [60.0874,52.0217], [42.321,63.9726], [43.4491,63.9356], [59.449,45.358], [39.1159,45.8248], [40.3256,