{
  "instance_index": 0,
  "birth_iter": 92,
  "death_iter": 100,
  "survival_iters": 8,
  "censored": false,
  "pre_vnd_cost": 8542.69,
  "post_vnd_cost": 525.746,
  "pre_vnd_coords": [[80,20], [86.1414,18.9066], [86.0808,19.5338], [86.201,18.2891], [86.2684,17.5916], [86.2684,17.5916], [86.2684,17.5916], [85.2724,27.898], [84.0512,50.0755], [84.0231,49.7498], [84.3906,37.0245], [84.8251,32.5281], [83.7161,46.196], [83.6987,45.9951], [83.7864,47.0103], [83.6687,45.6485], [83.6844,45.8291], [65.3894,49.7659], [58.2144,45.4356], [84.0947,50.5789], [68.0483,51.4758], [83.7346,46.4104], [83.6524,45.4589], [83.6161,45.0392], [83.6336,45.2419], [58.6248,45.4159], [69.1164,52.1627], [68.7382,51.9195], [69.7807,52.5899], [70.0955,52.7924], [56.8873,45.4991], [68.4062,51.706], [69.4521,52.3786], [83.7602,46.7065], [46.3335,53.0139], [41.7623,61.3551], [46.6529,52.8136], [47.0101,52.5896], [47.9762,52.5976], [46.4268,46.0002], [45.6009,53.4733], [48.5291,51.6371], [48.7608,51.4918], [58.6248,45.4159], [40.3815,56.7464], [39.1032,54.942], [36.252,54.6941], [38,52.7995], [42.2755,55.5587], [38.5644,52.2988], [41.5073,56.0404], [40.7456,56.5181], [39.4453,51.5172], [36.2193,55.5032], [47.3297,52.3892], [47.966,51.9902], [38.7849,55.0039], [42.6569,55.3195], [38.9533,51.9537], [43.4682,54.8107], [43.1442,59.4075], [37.4273,53.3076], [36.8061,53.8587], [38.8892,37.4668], [43.9466,54.5108], [45.9753,53.2385], [38.1399,55.1294], [36.3629,54.527], [28.3886,51.2073], [36.689,54.0353], [40.0003,56.9855], [43.0217,55.0907], [28.53,50.7208], [36.8061,53.8587], [39.9007,51.1132], [36.8061,53.8587], [25.4746,61.2376], [42.594,48.7238], [25.4746,61.2376], [28.2484,51.69], [32.9313,36.069], [37.3899,37.1791], [32.9268,36.1346], [37.8663,37.2706], [36.8061,53.8587], [36.8061,53.8587], [28.6618,50.2672], [33.4693,55.3515], [34.985,57.3149], [34.5719,56.7798], [9.68741,85.8606], [20.01,89.549], [16.1268,89.5295], [19.1933,89.5449], [9.97176,89.4985], [9.63117,84.9428], [9.85536,88.6011], [14.6967,77.6556], [15.2073,77.7475], [9.80944,87.8516], [9.18025,77.5832], [11.8205,89.5078], [9.47368,82.3725], [10.0032,89.4986], [9.87024,76.7872], [19.5984,89.5469], [9.92752,89.4983], [9.55119,83.6375], [9.3278,79.9916], [9.61933,84.7494], [9.84471,88.4274], [10.4927,89.5011], [9.83365,88.2468], [9.77587,87.3041], [9.40716,81.2871], [9.87709,88.9555], [9.7262,86.4934], [9.53947,83.4462], [9.66636,85.5171], [9.35928,80.5056], [9.51746,83.087], [9.73799,86.6858], [9.59628,84.3732], [15.7543,89.5276], [10.9113,89.5032], [9.49623,82.7407], [9.82206,88.0578], [9.78703,87.4861], [9.64306,85.1367], [14.3972,89.5209], [18.0456,89.5391], [9.91901,89.4982], [9.67868,85.7181], [9.58592,84.2043], [9.76276,87.0901], [10.0515,89.4989], [18.4066,78.8061], [9.485,82.5574], [10.0599,89.4989], [9.4183,81.4689], [9.42976,81.656], [9.86629,88.7794], [10.0111,89.4987], [9.79841,87.6717], [11.3611,89.5055], [9.91032,89.4982], [9.74933,86.8708], [10.0759,89.499], [9.96316,89.4984], [9.44061,81.833], [10.0353,89.4988], [18.4134,89.541], [13.6114,89.5169], [15.5167,77.8032], [9.69607,86.0018], [10.0275,89.4987], [12.2695,89.5101], [18.6653,78.9173], [21.6794,89.5576], [16.5095,89.5314], [9.9549,89.4984], [21.1181,89.5547], [15.2533,89.5252], [24.5072,89.5722], [18.7913,89.5429], [17.6525,89.5371], [16.8908,89.5333], [14.016,77.5331], [14.5405,77.6275], [26.3378,73.2631], [22.8083,89.5635], [9.98063,89.4985], [13.1798,89.5148], [16.1751,77.9216], [10.0437,89.4988], [26.7249,89.5836], [14.9978,89.5239], [9.93641,89.4983], [27.2789,89.5865], [15.4211,89.526], [29.6951,89.5987], [17.2684,89.5352], [23.3754,89.5664], [31.3412,89.607], [12.7335,89.5125], [10.0199,89.4987], [30.0077,89.6003], [29.0729,89.5957], [31.3412,89.607], [39.1571,88.4126], [40.5137,88.2061], [31.3412,89.607], [28.7661,89.5941], [30.3376,89.6019], [27.8603,89.5895], [25.6182,89.5779], [31.3412,89.607], [38.1056,88.5727], [44.4835,86.3377], [31.3412,89.607], [14.724,89.5225], [39.2922,88.392], [44.3037,86.5355], [26.1663,89.5808], [43.7776,87.1142], [43.4462,87.4791], [31.3412,89.607], [31.3412,89.607], [29.3813,89.5972], [31.3412,89.607], [14.0357,89.5191], [47.9075,73.0231], [43.5525,87.3621], [39.0198,88.4335], [31.0063,89.6053], [43.2517,87.6933], [13.4115,77.4244], [26.3378,73.2631], [26.3377,73.2632], [22.694,75.9488], [26.3378,73.2631], [41.9728,87.9833], [37.6192,88.6467], [31.3412,89.607], [28.4454,89.5926], [43.3491,87.586], [44.0995,86.76], [39.563,88.3508], [31.3412,89.607], [43.8926,86.9876], [33.054,89.345], [43.6654,87.2377], [37.9827,88.5914], [31.3412,89.607], [40.6651,88.183], [53.2517,86.8582], [37.4989,88.665], [39.9581,88.2907], [31.3412,89.607], [47.5743,72.7777], [37.7385,88.6285], [35.0573,89.0384], [38.2323,88.5534], [38.6249,88.4936], [37.8607,88.6099], [31.3412,89.607], [37.378,88.6834], [31.3412,89.607], [31.3412,89.607], [31.3412,89.607], [38.757,88.4735], [38.8884,88.4535], [40.3661,88.2285], [31.3412,89.607], [39.4282,88.3713], [48.1557,88.5603], [53.7639,86.607], [47.4417,88.128], [41.3918,88.072], [50.2995,88.3035], [49.8697,88.355], [49.4221,88.4086], [48.5687,88.5108], [50.7289,88.0932], [48.1557,88.5603], [48.1557,88.5603], [43.1517,87.8035], [51.3827,87.7731], [53.3368,86.8164], [48.1557,88.5603], [48.1557,88.5603], [51.6377,87.6483], [48.9965,88.4596], [49.2376,74.0026], [38.3624,88.5336], [40.0883,88.2708], [47.0556,87.8942], [53.8541,86.5628], [53.8135,86.5827], [49.4246,74.1404], [50.5154,88.1978], [51.1653,87.8796], [50.9481,87.9859], [44.2261,69.2863], [49.5681,74.2461], [45.0478,70.3504], [47.7999,88.3449], [37.2554,88.7021], [38.4936,88.5136], [48.1557,88.5603], [39.8275,88.3105], [39.6979,88.3303], [53.7798,86.5992], [53.7722,86.6029], [45.7646,87.1129], [46.0621,71.6642], [46.3019,71.8407], [42.5634,87.8932], [53.3785,86.796], [53.7885,86.5949], [53.7334,86.6219], [59.5157,87.9435], [52.3121,76.2666], [53.2947,86.8371], [55.4961,87.3569], [53.8297,86.5748], [61.6633,87.5814], [53.8052,86.5867], [46.4208,71.9283], [54.4371,86.8331], [46.5308,72.0093], [51.343,75.553], [57.173,70.197], [53.8626,86.5586], [51.901,87.5194], [53.846,86.5668], [53.8379,86.5707], [52.9457,87.008], [52.1636,87.3908], [64.4731,87.108], [56.5922,87.8991], [52.4327,87.2591], [52.6985,87.129], [53.4238,86.7738], [53.7566,86.6106], [56.0308,87.6214], [54.1617,86.6968], [57.4021,88.2998], [53.2111,86.8781], [55.7625,87.4887], [53.7972,86.5907], [54.6942,86.9603], [58.7797,88.0676], [53.677,86.6496], [74.0519,87.8498], [53.4699,86.7512], [63.4297,87.2838], [53.5551,86.7094], [70.4582,85.7012], [65.3279,86.7954], [47.795,72.9402], [53.7185,86.6292], [54.9497,87.0866], [53.637,86.6692], [58.0872,88.1843], [56.8588,88.031], [53.7493,86.6141], [60.2273,87.8235], [63.9515,87.1958], [53.7261,86.6255], [66.6122,85.9478], [60.9435,87.7028], [64.9851,87.0217], [55.2253,87.223], [53.5965,86.6891], [57.4021,88.2998], [67.5549,85.3255], [79.5456,88.9582], [65.9854,86.3614], [74.0519,87.8498], [73.4115,87.4668], [62.8986,87.3732], [66.2944,86.1575], [68.1022,84.9642], [66.9246,85.7415], [69.2308,84.9674], [69.834,85.328], [73.7306,87.6577], [71.0718,86.068], [80.0031,87.9316], [79.8322,88.7443], [62.3608,87.4639], [68.3246,84.8174], [71.6728,86.4273], [67.2388,85.5342], [72.8423,87.1265], [74.0519,87.8498], [74.0519,87.8498], [74.0519,87.8498], [79.7774,89.005], [79.3206,88.9127], [80.0031,87.9316], [85.5742,80.6349], [72.2723,86.7857], [79.8888,88.4754], [80.0031,87.9316], [82.2424,84.9982], [79.9443,88.2114], [77.7784,88.6012], [86.4819,79.4468], [86.3802,78.1446], [86.4535,79.0828], [85.8859,80.2268], [84.8651,81.5629], [84.4503,82.1059], [85.2479,81.0619], [80.0031,87.9316], [73.9513,64.6191], [85.6734,69.0862], [58.4406,68.6132], [85.5291,67.2383], [67.8798,85.1111], [74.5975,63.8612], [86.4141,78.5789], [66.2562,66.2944], [68.0114,66.3054], [71.585,67.3945], [65.6668,86.5718], [73.3308,65.3469], [55.7044,72.032], [56.729,70.7518], [68.636,84.6118], [72.7313,66.05], [53.513,86.73], [69.7738,66.6717], [67.139,66.2999], [50.9901,75.2932], 