{
  "instance_index": 0,
  "birth_iter": 30,
  "death_iter": 60,
  "survival_iters": 30,
  "censored": false,
  "pre_vnd_cost": 11363.7,
  "post_vnd_cost": 846.663,
  "pre_vnd_coords": [[80,20], [66.3563,19.2938], [62.7739,24.2731], [62.7739,24.2731], [66.3563,19.2938], [52.9291,23.0954], [58.2203,33.4809], [66.3563,19.2938], [63.6612,40.5888], [47.3734,35.3217], [58.2203,33.4809], [63.6612,40.5888], [63.6612,40.5888], [62.7739,24.2731], [52.191,43.4446], [52.191,43.4446], [52.191,43.4446], [52.191,43.4446], [63.6612,40.5888], [44.6383,44.4877], [52.191,43.4446], [52.9291,23.0954], [47.3734,35.3217], [58.2203,33.4809], [47.3734,35.3217], [58.2203,33.4809], [15.6791,28.4755], [30.8194,44.8462], [23.2148,37.2284], [23.7483,43.089], [25.9827,46.5803], [23.3113,19.998], [23.3113,19.998], [20.2151,23.5887], [25.9827,46.5803], [25.9827,46.5803], [15.6791,28.4755], [15.6791,28.4755], [23.7483,43.089], [30.8194,44.8462], [23.2148,37.2284], [23.6042,35.5527], [23.7483,43.089], [30.8194,44.8462], [30.8194,44.8462], [23.2148,37.2284], [23.2148,37.2284], [23.2148,37.2284], [43.291,51.9344], [36.5512,49.3731], [23.7483,43.089], [47.3734,35.3217], [54.8006,52.2504], [44.6383,44.4877], [54.8006,52.2504], [50.9793,58.7942], [44.6383,44.4877], [21.5992,28.1176], [11.2565,30.1435], [11.2565,30.1435], [11.2565,30.1435], [11.2565,30.1435], [21.5992,28.1176], [18.0241,15.422], [31.0023,20.5578], [14.8544,22.2731], [14.8544,22.2731], [31.0023,20.5578], [31.0023,20.5578], [31.0023,20.5578], [30.0074,27.3214], [31.0023,20.5578], [14.8544,22.2731], [31.0023,20.5578], [23.9172,3.65992], [30.0074,27.3214], [31.0023,20.5578], [18.0241,15.422], [18.0241,15.422], [21.5992,28.1176], [21.5992,28.1176], [14.8544,22.2731], [11.2565,30.1435], [11.2565,30.1435], [-5.48606,23.7683], [11.2565,30.1435], [11.2565,30.1435], [11.2565,30.1435], [11.2565,30.1435], [11.2565,30.1435], [11.2565,30.1435], [-5.48606,23.7683], [13.6561,9.12937], [14.8544,22.2731], [11.2565,30.1435], [-5.48606,23.7683], [5.5076,16.6483], [17.5059,10.4196], [5.5076,16.6483], [14.8544,22.2731], [13.6561,9.12937], [17.5059,10.4196], [13.6561,9.12937], [13.6561,9.12937], [5.5076,16.6483], [13.6561,9.12937], [13.6561,9.12937], [14.8544,22.2731], [31.0023,20.5578], [18.0241,15.422], [13.6561,9.12937], [31.0023,20.5578], [17.5059,10.4196], [23.9172,3.65992], [41.4257,4.43928], [31.0023,20.5578], [38.2945,18.7769], [32.9726,11.1282], [10.7856,41.4843], [7.72281,50.8862], [4.8929,54.5096], [1.21162,53.268], [1.37572,38.7364], [16.9685,38.5781], [16.7981,49.191], [-1.50546,44.6312], [7.72281,50.8862], [7.72281,50.8862], [4.8929,54.5096], [7.72281,50.8862], [-1.50546,44.6312], [7.72281,50.8862], [12.2709,54.0216], [7.20845,68.9087], [7.72281,50.8862], [17.8998,54.3083], [-1.50546,44.6312], [4.8929,54.5096], [-1.50546,44.6312], [-1.50546,44.6312], [0.772653,62.1726], [-3.68986,75.6921], [7.20845,68.9087], [0.772653,62.1726], [7.20845,68.9087], [7.20845,68.9087], [7.20845,68.9087], [14.2359,65.3268], [7.20845,68.9087], [3.84271,75.3932], [7.20845,68.9087], [9.93857,86.8595], [3.84271,75.3932], [-3.68986,75.6921], [9.93857,86.8595], [-3.68986,75.6921], [16.7063,79.4033], [11.4692,94.609], [-1.88045,89.5478], [7.20845,68.9087], [6.10682,64.5687], [14.2359,65.3268], [7.84782,78.0463], [9.93857,86.8595], [7.84782,78.0463], [7.20845,68.9087], [7.20845,68.9087], [6.10682,64.5687], [6.10682,64.5687], [14.6141,63.665], [0.772653,62.1726], [12.2709,54.0216], [-1.50546,44.6312], [4.8929,54.5096], [16.7981,49.191], [1.21162,53.268], [12.2709,54.0216], [4.8929,54.5096], [11.0424,57.8873], [12.2709,54.0216], [12.2709,54.0216], [1.21162,53.268], [23.9212,52.5029], [12.2709,54.0216], [18.4189,42.2575], [23.9212,52.5029], [16.7981,49.191], [-1.50546,44.6312], [4.8929,54.5096], [16.9685,38.5781], [10.7856,41.4843], [16.9685,38.5781], [16.9685,38.5781], [16.9685,38.5781], [10.7856,41.4843], [10.7856,41.4843], [16.9685,38.5781], [17.8998,54.3083], [16.9685,38.5781], [10.7856,41.4843], [16.7981,49.191], [23.9212,52.5029], [18.4189,42.2575], [18.4189,42.2575], [1.21162,53.268], [7.72281,50.8862], [23.9212,52.5029], [17.8998,54.3083], [16.7981,49.191], [23.9212,52.5029], [23.9212,52.5029], [35.2102,57.073], [18.4189,42.2575], [23.9212,52.5029], [25.9827,46.5803], [7.72281,50.8862], [27.9319,56.4688], [16.9685,38.5781], [33.3765,58.2021], [18.9233,58.4851], [35.2102,57.073], [23.9212,52.5029], [18.7225,46.5672], [24.8913,49.928], [26.222,66.5372], [13.6127,62.3977], [21.17,57.8116], [17.1988,68.0554], [23.9526,54.8285], [17.8667,63.8211], [21.17,57.8116], [21.17,57.8116], [18.7348,38.06], [21.17,57.8116], [18.7348,38.06], [24.8913,49.928], [21.17,57.8116], [24.8913,49.928], [36.9713,40.5519], [18.7348,38.06], [18.7225,46.5672], [11.2565,30.1435], [0.0659891,34.7098], [0.0659891,34.7098], [13.6127,62.3977], [12.0684,68.0294], [17.8667,63.8211], [13.6127,62.3977], [13.6127,62.3977], [13.6127,62.3977], [21.17,57.8116], [26.222,66.5372], [21.17,57.8116], [13.6127,62.3977], [23.9526,54.8285], [24.3467,73.0589], [36.242,62.1475], [31.0753,63.6353], [24.3467,73.0589], [13.6127,62.3977], [27.9319,56.4688], [7.84782,78.0463], [17.9765,71.5644], [24.3229,59.9395], [-3.68986,75.6921], [17.9765,71.5644], [6.10682,64.5687], [9.93857,86.8595], [3.84271,75.3932], [3.84271,75.3932], [17.9765,71.5644], [7.84782,78.0463], [7.20845,68.9087], [19.3778,76.6846], [7.84782,78.0463], [17.9765,71.5644], [9.93857,86.8595], [6.10682,64.5687], [14.6141,63.665], [17.9765,71.5644], [21.5377,67.4975], [10.9134,72.0212], [7.84782,78.0463], [17.9765,71.5644], [24.3229,59.9395], [17.9765,71.5644], [29.4198,80.3549], [22.8774,63.7729], [36.5035,65.9864], [10.9134,72.0212], [14.2359,65.3268], [7.84782,78.0463], [22.8774,63.7729], [24.3229,59.9395], [17.9765,71.5644], [17.9765,71.5644], [24.3229,59.9395], [22.8774,63.7729], [33.3765,58.2021], [36.5035,65.9864], [19.3778,76.6846], [10.9134,72.0212], [22.8774,63.7729], [21.5377,67.4975], [29.1331,82.8343], [29.4198,80.3549], [24.8375,86.3924], [24.3229,59.9395], [29.5768,70.5705], [22.8774,63.7729], [7.84782,78.0463], [7.84782,78.0463], [19.3778,76.6846], [31.3756,72.9362], [7.84782,78.0463], [7.84782,78.0463], [19.3778,76.6846], [26.2366,69.2091], [10.9134,72.0212], [26.2366,69.2091], [18.4547,81.908], [1.17747,90.3437], [7.20845,68.9087], [22.8774,63.7729], [19.3778,76.6846], [19.3778,76.6846], [24.8375,86.3924], [33.8801,68.8684], [29.1331,82.8343], [29.4198,80.3549], [18.4547,81.908], [31.3756,72.9362], [17.9765,71.5644], [19.3778,76.6846], [34.4605,79.2001], [29.5768,70.5705], [22.6928,92.0321], [29.5768,70.5705], [27.9319,56.4688], [21.5377,67.4975], [21.5377,67.4975], [27.9319,56.4688], [24.3229,59.9395], [29.5768,70.5705], [35.2102,57.073], [33.8801,68.8684], [14.6141,63.665], [21.5377,67.4975], [31.3756,72.9362], [43.291,51.9344], [40.3131,49.8666], [40.3131,49.8666], [52.191,43.4446], [50.8599,67.0436], [50.9793,58.7942], [44.6383,44.4877], [38.7906,39.1744], [40.3131,49.8666], [56.2848,64.6271], [67.8208,58.5521], [54.8006,52.2504], [56.2848,64.6271], [67.8208,58.5521], [67.8208,58.5521], [54.8006,52.2504], [50.9793,58.7942], [56.2848,64.6271], [56.2848,64.6271], [48.4822,68.6006], [48.4822,68.6006], [56.2848,64.6271], [60.2227,77.275], [67.405,73.2575], [60.2227,77.275], [60.7254,69.2808], [79.3268,64.7947], [50.8599,67.0436], [51.3236,76.7709], [60.2227,77.275], [67.405,73.2575], [51.3236,76.7709], [67.405,73.2575], [56.2848,64.6271], [55.3448,85.8666], [60.7254,69.2808], [56.2848,64.6271], [67.8208,58.5521], [72.5552,59.4728], [67.8208,58.5521], [56.2848,64.6271], [67.8208,58.5521], [60.2227,77.275], [54.8006,52.2504], [54.8006,52.2504], [67.8208,58.5521], [67.8208,58.5521], [67.8208,58.5521], [63.6612,40.5888], [67.8208,58.5521], [52.191,43.4446], [67.8208,58.5521], [52.191,43.4446], [54.8006,52.2504], [52.191,43.4446], [52.191,43.4446], [63.6612,40.5888], [52.9291,23.0954], [52.191,43.4446], [52.191,43.4446], [95.647,40.4461], [89.8552,49.4333], [52.191,43.4446], [44.6383,44.4877], [58.2203,33.4809], [54.8006,52.2504], 