{
  "instance_index": 0,
  "birth_iter": 12,
  "death_iter": 30,
  "survival_iters": 18,
  "censored": false,
  "pre_vnd_cost": 10827.8,
  "post_vnd_cost": 591.552,
  "pre_vnd_coords": [[80,20], [94.8458,15.2221], [71.7576,6.10594], [71.7576,6.10594], [57.464,27.7831], [43.8313,30.9978], [43.8313,30.9978], [43.8313,30.9978], [43.8313,30.9978], [57.464,27.7831], [57.464,27.7831], [57.464,27.7831], [45.1384,36.1049], [57.464,27.7831], [59.1388,42.1947], [45.1384,36.1049], [43.8313,30.9978], [43.8313,30.9978], [57.464,27.7831], [43.4987,42.9083], [43.8313,30.9978], [57.464,27.7831], [53.4822,37.2636], [43.8313,30.9978], [43.8313,30.9978], [16.8254,76.8225], [16.7107,65.1158], [27.8885,70.8558], [27.8885,70.8558], [30.0704,68.5465], [34.754,63.7136], [27.8885,70.8558], [16.7107,65.1158], [50.9793,58.7942], [60.7254,69.2808], [60.2227,77.275], [38.8596,82.5811], [34.8248,68.322], [37.997,64.7821], [48.4342,81.6442], [40.7695,60.926], [55.3448,85.8666], [41.8196,72.8857], [39.3248,87.5204], [48.4342,81.6442], [54.1241,88.4983], [38.3642,90.1135], [48.4342,81.6442], [34.6507,82.0414], [26.7654,87.8939], [38.3642,90.1135], [45.9854,88.4547], [54.1241,88.4983], [38.8596,82.5811], [54.1241,88.4983], [54.1241,88.4983], [45.9854,88.4547], [54.1241,88.4983], [48.4822,68.6006], [48.4342,81.6442], [38.8596,82.5811], [51.3236,76.7709], [60.5258,88.5178], [55.3448,85.8666], [54.1241,88.4983], [55.3448,85.8666], [60.7254,69.2808], [56.2848,64.6271], [60.7254,69.2808], [55.3448,85.8666], [51.3236,76.7709], [60.7254,69.2808], [51.3236,76.7709], [60.7254,69.2808], [55.3448,85.8666], [54.1241,88.4983], [60.7254,69.2808], [51.3236,76.7709], [55.3448,85.8666], [48.4822,68.6006], [48.4822,68.6006], [40.7695,60.926], [40.7695,60.926], [54.8006,52.2504], [48.4822,68.6006], [50.8599,67.0436], [48.4822,68.6006], [56.2848,64.6271], [54.8006,52.2504], [54.8006,52.2504], [56.2848,64.6271], [50.9793,58.7942], [56.2848,64.6271], [63.6612,40.5888], [54.8006,52.2504], [67.8208,58.5521], [56.2848,64.6271], [67.8208,58.5521], [50.9793,58.7942], [50.8599,67.0436], [48.4822,68.6006], [48.4822,68.6006], [50.9793,58.7942], [40.3131,49.8666], [40.7695,60.926], [54.8006,52.2504], [50.9793,58.7942], [51.3236,76.7709], [36.242,62.1475], [34.0742,73.6414], [41.8196,72.8857], [36.242,62.1475], [37.997,64.7821], [48.4822,68.6006], [51.3236,76.7709], [56.2848,64.6271], [48.4822,68.6006], [40.7695,60.926], [50.9793,58.7942], [31.0753,63.6353], [29.2579,75.416], [37.997,64.7821], [34.7135,56.0943], [44.6383,44.4877], [40.3131,49.8666], [34.8248,68.322], [37.997,64.7821], [40.3131,49.8666], [40.3131,49.8666], [34.0742,73.6414], [50.9793,58.7942], [31.0753,63.6353], [41.8196,72.8857], [40.7695,60.926], [36.242,62.1475], [41.8196,72.8857], [40.7695,60.926], [36.9713,40.5519], [36.9713,40.5519], [40.3131,49.8666], [36.9713,40.5519], [34.7135,56.0943], [44.6383,44.4877], [37.997,64.7821], [40.3131,49.8666], [34.7135,56.0943], [24.8913,49.928], [40.3131,49.8666], [40.3131,49.8666], [40.3131,49.8666], [26.3709,64.2698], [40.1309,67.7337], [43.5327,70.6708], [33.4288,72.8313], [40.1309,67.7337], [57.7589,69.3908], [73.6105,64.2209], [67.991,63.8569], [57.7589,69.3908], [57.7589,69.3908], [62.5936,61.8623], [67.991,63.8569], [65.9866,60.936], [57.7589,69.3908], [60.2625,86.3822], [57.7589,69.3908], [62.8517,77.8451], [57.7589,69.3908], [48.9212,85.2855], [48.4948,72.5048], [33.4288,72.8313], [62.8517,77.8451], [52.1118,91.5], [57.7589,69.3908], [45.0737,88.1058], [38.8679,81.4106], [48.4948,72.5048], [36.5586,85.8578], [31.2139,76.6549], [30.0704,68.5465], [21.2347,77.8715], [31.2139,76.6549], [31.2139,76.6549], [31.2139,76.6549], [33.4288,72.8313], [27.8885,70.8558], [37.2289,90.3426], [40.1309,67.7337], [37.2289,90.3426], [17.3663,89.1148], [38.8679,81.4106], [27.8885,70.8558], [31.2139,76.6549], [17.3663,89.1148], [21.2347,77.8715], [21.2347,77.8715], [29.3205,86.2475], [13.2728,82.6479], [17.3663,89.1148], [20.247,72.5371], [21.2347,77.8715], [19.921,83.4348], [17.3663,89.1148], [29.5204,96.0763], [19.921,83.4348], [32.6081,82.5508], [32.6081,82.5508], [17.3663,89.1148], [45.0737,88.1058], [45.0737,88.1058], [32.9099,90.9587], [39.6427,93.7923], [32.9099,90.9587], [37.2289,90.3426], [35.0562,103.28], [39.6427,93.7923], [39.6427,93.7923], [21.0735,93.0748], [39.6427,93.7923], [51.859,107.222], [31.4291,97.7355], [45.9854,88.4547], [45.9854,88.4547], [51.859,107.222], [46.2557,103.471], [46.2557,103.471], [31.4291,97.7355], [45.9854,88.4547], [51.859,107.222], [37.318,99.2154], [45.9854,88.4547], [46.2557,103.471], [46.2557,103.471], [51.859,107.222], [54.1241,88.4983], [60.5258,88.5178], [46.2557,103.471], [45.9854,88.4547], [60.1103,99.4146], [46.2557,103.471], [46.2557,103.471], [60.1103,99.4146], [64.2854,94.2633], [64.2854,94.2633], [60.5258,88.5178], [46.2557,103.471], [48.4342,81.6442], [64.2854,94.2633], [79.8683,97.0958], [60.5258,88.5178], [60.5258,88.5178], [68.254,90.3908], [64.2854,94.2633], [75.5157,92.3238], [60.1103,99.4146], [66.6291,101.466], [68.254,90.3908], [60.1103,99.4146], [60.1103,99.4146], [66.6291,101.466], [75.5157,92.3238], [75.5157,92.3238], [64.2854,94.2633], [66.6291,101.466], [79.8683,97.0958], [79.8683,97.0958], [79.8683,97.0958], [102.469,91.4529], [80.3785,80.1627], [102.469,91.4529], [102.469,91.4529], [70.6383,71.5417], [75.5157,92.3238], [75.7749,61.2462], [74.9532,50.7899], [79.3268,64.7947], [67.8208,58.5521], [72.5552,59.4728], [67.405,73.2575], [67.8208,58.5521], [67.8208,58.5521], [72.5552,59.4728], [70.4209,65.6808], [74.9532,50.7899], [79.3268,64.7947], [67.8208,58.5521], [74.9532,50.7899], [70.4209,65.6808], [67.8208,58.5521], [52.191,43.4446], [70.4209,65.6808], [63.6612,40.5888], [54.8006,52.2504], [54.8006,52.2504], [67.8208,58.5521], [52.191,43.4446], [63.6612,40.5888], [52.191,43.4446], [52.191,43.4446], [52.191,43.4446], [52.191,43.4446], [52.191,43.4446], [52.191,43.4446], [52.191,43.4446], [52.191,43.4446], [54.8006,52.2504], [50.9793,58.7942], [54.8006,52.2504], [44.6383,44.4877], [44.6383,44.4877], [52.191,43.4446], [44.6383,44.4877], [54.8006,52.2504], [44.6383,44.4877], [63.6612,40.5888], [52.191,43.4446], [63.6612,40.5888], [52.191,43.4446], [52.191,43.4446], [63.6612,40.5888], [63.6612,40.5888], [63.6612,40.5888], [63.6612,40.5888], [52.191,43.4446], [67.8208,58.5521], [67.8208,58.5521], [77.8054,52.3384], [77.8054,52.3384], [67.8208,58.5521], [77.8054,52.3384], [74.9532,50.7899], [63.6612,40.5888], [63.6612,40.5888], [83.2361,37.4943], [94.1867,32.3028], [96.6414,16.3427], [96.6414,16.3427], [96.6414,16.3427], [62.8517,77.8451], [62.8517,77.8451], [62.8517,77.8451], [62.8517,77.8451], [60.2625,86.3822], [68.254,90.3908], [68.254,90.3908], [79.8683,97.0958], [102.469,91.4529], [91.7289,72.9665], [80.3785,80.1627], [79.8683,97.0958], [75.5157,92.3238], [64.2854,94.2633], [68.254,90.3908], [75.5157,92.3238], [75.5157,92.3238], [68.254,90.3908], [79.8683,97.0958], [79.8683,97.0958], [81.7072,72.5405], [81.7072,72.5405], [81.7072,72.5405], [91.7289,72.9665], [91.7289,72.9665], [92.7599,61.943], [92.7599,61.943], [81.7072,72.5405], [89.8552,49.4333], [72.5552,59.4728], [86.3981,47.83], [92.7599,61.943], [92.7599,61.943], [75.7749,61.2462], [77.8054,52.3384], [77.8054,52.3384], [75.7749,61.2462], [89.8552,49.4333], [83.2361,37.4943], [86.3981,47.83], [86.3981,47.83], [83.2361,37.4943], [74.9532,50.7899], [75.7749,61.2462], [77.8054,52.3384], [67.8208,58.5521], [72.5552,59.4728], [86.3981,47.83], [67.405,73.2575], [70.4209,65.6808], [72.4412,78.9544], [72.5552,59.4728], [70.4209,65.6808], [72.4412,78.9544], [65.6663,78.3051], [65.6663,78.3051], [72.4412,78.9544], [81.7072,72.5405], [79.3268,64.7947], [64.2854,94.2633], [67.405,73.2575], [60.2227,77.275], [60.2227,77.275], [66.6291,101.466], [72.4412,78.9544], [64.2854,94.2633], [66.6291,101.466], [52.1118,91.5], [60.2625,86.3822], [54.3335,84.2157], [46.2995,96.4101], [48.9212,85.2855], [55.1842,92.9526], [55.1842,92.9526], [69.2033,87.1695], [62.8517,77.8451], [69.2033,87.1695], [69.2033,87.1695], 