{
  "instance_index": 0,
  "birth_iter": 4,
  "death_iter": 30,
  "survival_iters": 26,
  "censored": false,
  "pre_vnd_cost": 10691,
  "post_vnd_cost": 621.207,
  "pre_vnd_coords": [[80,20], [58.1128,14.7299], [58.1128,14.7299], [70.4052,21.1395], [58.1128,14.7299], [58.1128,14.7299], [58.1128,14.7299], [70.4052,21.1395], [58.1128,14.7299], [67.9473,2.61194], [18.7535,26.1306], [13.3022,17.252], [18.7535,26.1306], [18.7535,26.1306], [18.9354,36.9717], [13.3022,17.252], [13.3022,17.252], [13.3022,17.252], [13.3022,17.252], [13.3022,17.252], [13.3022,17.252], [13.3022,17.252], [36.1028,33.4831], [24.462,31.4333], [22.9386,35.5467], [22.9386,35.5467], [19.3279,46.3283], [19.3279,46.3283], [19.1785,38.0979], [10.7303,46.2665], [22.9413,54.0999], [19.3279,46.3283], [19.3279,46.3283], [19.3279,46.3283], [19.3279,46.3283], [23.9971,48.5474], [10.7303,46.2665], [10.7303,46.2665], [1.35605,58.0003], [14.0406,54.4206], [22.1155,56.3395], [14.0406,54.4206], [14.0406,54.4206], [22.1155,56.3395], [13.2662,75.1723], [26.7406,71.0684], [1.35605,58.0003], [14.0406,54.4206], [14.0406,54.4206], [24.4613,45.724], [-1.01758,61.5246], [-1.01758,61.5246], [13.2662,75.1723], [-1.01758,61.5246], [6.92737,77.8365], [2.82087,71.9154], [6.92737,77.8365], [2.82087,71.9154], [22.1155,56.3395], [13.2662,75.1723], [21.8546,72.2284], [27.5206,53.3302], [16.8324,69.6033], [14.0406,54.4206], [16.8324,69.6033], [32.3489,60.7309], [22.1155,56.3395], [13.2662,75.1723], [33.7726,67.0378], [25.3867,64.3283], [31.6687,63.0108], [39.7826,79.6402], [49.2826,69.434], [49.2826,69.434], [49.2826,69.434], [22.9413,54.0999], [41.6976,55.0347], [45.902,75.5103], [77.4882,87.6145], [67.5674,88.067], [67.5674,88.067], [70.1929,92.6304], [70.1929,92.6304], [70.1929,92.6304], [77.4882,87.6145], [31.0733,52.298], [41.6976,55.0347], [45.2508,57.2574], [31.6687,63.0108], [41.6976,55.0347], [44.9634,64.7476], [41.6976,55.0347], [41.6976,55.0347], [49.2826,69.434], [31.6687,63.0108], [44.9634,64.7476], [49.2826,69.434], [48.616,56.2928], [45.902,75.5103], [49.2826,69.434], [55.235,59.7994], [45.2508,57.2574], [45.2508,57.2574], [55.235,59.7994], [44.9634,64.7476], [44.9634,64.7476], [32.3489,60.7309], [54.4016,53.6649], [57.0947,52.2662], [54.4016,53.6649], [43.033,74.1234], [27.5206,53.3302], [34.2827,48.2705], [34.2827,48.2705], [34.2827,48.2705], [34.2827,48.2705], [28.2887,64.1694], [22.1155,56.3395], [22.1155,56.3395], [28.2887,64.1694], [28.2887,64.1694], [28.2887,64.1694], [28.2887,64.1694], [16.8324,69.6033], [26.7406,71.0684], [22.1155,56.3395], [32.3489,60.7309], [27.5206,53.3302], [32.3489,60.7309], [28.2887,64.1694], [43.033,74.1234], [45.902,75.5103], [44.7271,82.3995], [50.6372,75.3936], [56.9781,73.4582], [49.2826,69.434], [48.616,56.2928], [60.8221,75.6141], [55.235,59.7994], [56.9781,73.4582], [50.6372,75.3936], [63.1103,60.0013], [56.9781,73.4582], [50.6372,75.3936], [66.6719,71.7375], [54.1985,79.4661], [54.1985,79.4661], [54.1985,79.4661], [54.1985,79.4661], [55.1751,84.3093], [45.0081,87.1531], [60.6335,84.1324], [55.1751,84.3093], [54.1985,79.4661], [72.591,71.6796], [66.6719,71.7375], [66.6719,71.7375], [66.6719,71.7375], [61.1963,76.8946], [54.1985,79.4661], [68.9741,80.5578], [60.6335,84.1324], [59.1454,92.7497], [67.5674,88.067], [59.1454,92.7497], [55.1751,84.3093], [59.1454,92.7497], [43.6111,89.6821], [52.0394,83.5611], [60.7164,84.8608], [50.6372,75.3936], [54.6579,93.3772], [50.6372,75.3936], [52.0394,83.5611], [54.6579,93.3772], [43.6111,89.6821], [39.7826,79.6402], [43.6111,89.6821], [54.6579,93.3772], [53.0634,86.8484], [44.7271,82.3995], [50.6372,75.3936], [54.6579,93.3772], [43.6111,89.6821], [52.0394,83.5611], [50.6372,75.3936], [52.0394,83.5611], [39.7826,79.6402], [44.7271,82.3995], [50.6372,75.3936], [46.0524,77.118], [43.6111,89.6821], [46.0524,77.118], [30.0288,77.6811], [26.0754,68.8172], [23.0858,79.4146], [18.2524,69.0948], [23.0858,79.4146], [7.7107,85.24], [18.3593,74.6252], [18.3593,74.6252], [46.0524,77.118], [17.4551,80.4454], [12.2789,91.1945], [23.0858,79.4146], [12.2789,91.1945], [17.4551,80.4454], [12.2789,91.1945], [5.89202,82.1413], [21.8546,72.2284], [5.89202,82.1413], [5.89202,82.1413], [10.2507,87.3948], [16.2602,82.893], [6.92737,77.8365], [10.2507,87.3948], [10.2507,87.3948], [10.2507,87.3948], [5.89202,82.1413], [5.89202,82.1413], [16.2602,82.893], [18.3593,74.6252], [23.0858,79.4146], [8.30993,81.2301], [8.30993,81.2301], [14.1953,70.1945], [17.4551,80.4454], [18.3593,74.6252], [18.3593,74.6252], [28.3867,55.9456], [14.1953,70.1945], [18.3593,74.6252], [17.4551,80.4454], [23.0858,79.4146], [18.3593,74.6252], [14.1953,70.1945], [18.3593,74.6252], [8.86773,69.8463], [18.3593,74.6252], [14.1953,70.1945], [18.3593,74.6252], [-1.66896,70.7209], [18.3593,74.6252], [14.1953,70.1945], [6.92737,77.8365], [-1.01758,61.5246], [2.82087,71.9154], [6.92737,77.8365], [2.82087,71.9154], [2.82087,71.9154], [2.82087,71.9154], [2.82087,71.9154], [2.82087,71.9154], [2.82087,71.9154], [6.92737,77.8365], [1.49639,79.7588], [10.2507,87.3948], [6.92737,77.8365], [16.2602,82.893], [5.89202,82.1413], [10.2507,87.3948], [16.2602,82.893], [1.49639,79.7588], [10.2507,87.3948], [10.2507,87.3948], [6.92737,77.8365], [5.89202,82.1413], [6.92737,77.8365], [14.3776,91.228], [10.2507,87.3948], [7.05379,74.1614], [7.05379,74.1614], [7.05379,74.1614], [7.05379,74.1614], [7.05379,74.1614], [7.05379,74.1614], [7.05379,74.1614], [10.7303,46.2665], [14.1953,70.1945], [8.86773,69.8463], [22.1155,56.3395], [1.49639,79.7588], [5.89202,82.1413], [5.89202,82.1413], [12.2789,91.1945], [32.9128,93.5345], [38.726,97.6204], [36.9503,84.6653], [42.1583,91.1324], [43.6111,89.6821], [42.1583,91.1324], [42.1583,91.1324], [36.8277,89.5776], [28.2887,64.1694], [28.2887,64.1694], [10.7303,46.2665], [22.9413,54.0999], [23.9971,48.5474], [22.9413,54.0999], [10.7303,46.2665], [23.9971,48.5474], [23.9971,48.5474], [28.1367,38.2075], [23.9971,48.5474], [10.7303,46.2665], [19.3279,46.3283], [34.2827,48.2705], [29.0108,38.8357], [18.9354,36.9717], [34.913,41.6562], [24.4613,45.724], [24.4613,45.724], [27.5206,53.3302], [27.5206,53.3302], [24.4613,45.724], [29.0108,38.8357], [34.913,41.6562], [29.0108,38.8357], [34.2827,48.2705], [18.9354,36.9717], [31.3512,36.346], [34.2827,48.2705], [31.3512,36.346], [29.0108,38.8357], [40.6991,41.8545], [19.1785,38.0979], [36.1028,33.4831], [40.6991,41.8545], [22.9386,35.5467], [31.0733,52.298], [31.0733,52.298], [40.6991,41.8545], [45.2807,34.1476], [31.0733,52.298], [22.9386,35.5467], [19.1785,38.0979], [36.1028,33.4831], [36.1028,33.4831], [24.4613,45.724], [31.0733,52.298], [31.0733,52.298], [28.3867,55.9456], [20.4311,60.6559], [22.9413,54.0999], [20.4311,60.6559], [22.9413,54.0999], [31.0733,52.298], [28.3867,55.9456], [40.6991,41.8545], [57.2171,26.546], [34.2827,48.2705], [57.0947,52.2662], [63.3543,40.9808], [34.2827,48.2705], [63.3543,40.9808], [34.2827,48.2705], [34.2827,48.2705], [34.2827,48.2705], [68.8787,43.9951], [79.7392,41.6811], [68.8787,43.9951], [73.151,50.1488], [79.7392,41.6811], [79.7392,41.6811], [79.7392,41.6811], [79.7392,41.6811], [79.7392,41.6811], [66.8163,48.5848], [81.4778,43.8079], [66.8163,48.5848], [60.2401,56.6466], [81.4778,43.8079], [74.0697,60.929], [81.4778,43.8079], [66.8163,48.5848], [66.8163,48.5848], [60.2401,56.6466], [72.591,71.6796], [54.4016,53.6649], [60.2401,56.6466], [60.2401,56.6466], [66.8163,48.5848], [69.0309,68.6091], [60.2401,56.6466], [66.8163,48.5848], [60.2401,56.6466], [66.8163,48.5848], [60.2401,56.6466], [42.8429,44.257], [22.9413,54.0999], [37.9575,45.7845], [40.6991,41.8545], [40.6991,41.8545], [44.7271,82.3995], [52.0394,83.5611], [44.7271,82.3995], [36.9503,84.6653], [44.7271,82.3995], [36.8277,89.5776], [43.6111,89.6821], [42.1583,91.1324], [57.2381,95.9344], [54.6579,93.3772], [53.0634,86.8484], [59.1454,92.7497], [60.6335,84.1324], [68.9741,80.5578], [66.6719,71.7375], [61.1963,76.8946], [61.1963,76.8946], [59.1454,92.7497], [61.1963,76.8946], [77.4882,87.6145], [83.9441,59.0574], [84.3851,68.2575], 