{
  "instance_index": 0,
  "birth_iter": 50,
  "death_iter": 50,
  "survival_iters": 0,
  "censored": false,
  "pre_vnd_cost": 9391.84,
  "post_vnd_cost": 625.832,
  "pre_vnd_coords": [[80,20], [85.6275,30.6751], [85.5114,33.0458], [85.0327,42.8204], [85.7741,27.6817], [85.3051,37.2584], [84.8529,46.4906], [85.0918,41.6126], [84.7065,49.4801], [84.9441,44.6288], [84.7979,47.6133], [66.2214,66.1714], [18.5315,32.2587], [19.1171,32.1993], [17.3419,44.1201], [17.3262,44.0918], [17.3228,44.0858], [17.3356,44.1087], [17.3388,44.1145], [17.2969,44.0394], [11.744,36.5286], [17.303,44.0504], [17.329,44.097], [21.9482,52.3753], [11.4798,45.4491], [11.7947,45.3718], [11.9516,45.3332], [11.489,41.8289], [11.3574,44.5644], [11.0189,54.0975], [11.1531,52.8722], [11.1173,53.199], [17.2871,44.0217], [17.3134,44.069], [17.3198,44.0805], [11.2638,51.8626], [17.6049,44.5914], [11.58,39.9381], [12.286,45.251], [17.2904,44.0277], [17.3066,44.0567], [11.5575,40.405], [20.1038,49.07], [19.4901,57.4802], [11.6217,52.3031], [16.8375,44.1322], [21.115,50.8824], [11.6681,38.1054], [18.7558,46.6542], [18.1549,45.5773], [11.9886,52.7546], [12.2882,53.1234], [12.5842,53.4877], [11.4072,43.5291], [10.9865,54.3932], [11.6337,45.4113], [21.8414,52.1839], [13.675,54.8303], [18.4504,46.1068], [14.5235,55.8746], [13.1446,54.1775], [21.6033,51.7572], [12.1007,45.2966], [15.3457,56.8864], [17.8781,45.0812], [10.0424,63.2626], [10.1829,61.7133], [11.3129,45.4902], [11.226,52.2069], [10.0548,63.1257], [10.9527,54.7012], [10.3857,59.8669], [10.1829,61.7133], [10.9196,55.0034], [12.4499,45.2107], [13.4256,54.5233], [10.482,58.989], [10.1561,62.0095], [16.7647,57.7707], [11.0799,53.5407], [21.8967,52.2831], [10.1697,61.8587], [10.0678,62.9829], [10.0914,62.7222], [11.1887,52.5477], [11.0496,53.8169], [17.31,44.0629], [16.1201,57.8394], [19.5554,48.0871], [10.5848,58.0511], [20.6033,49.9653], [22.603,53.5486], [17.9322,57.6463], [23.5762,55.2921], [18.3715,57.5995], [23.879,55.8346], [30.7002,54.4812], [25.1259,66.3381], [24.6077,66.0112], [23.2139,66.8876], [20.3687,68.6767], [29.839,54.4032], [22.7887,67.1549], [30.1642,54.3137], [15.3216,32.5843], [32.0138,56.051], [9.74651,33.1499], [17.3148,32.3821], [16.7185,32.4426], [30.9022,54.7226], [29.9951,54.3602], [9.84963,33.1394], [17.8211,32.3308], [9.11045,32.435], [8.97814,33.2278], [9.87651,27.8446], [14.5716,32.6604], [9.51711,33.1731], [9.63574,33.1611], [9.2003,33.2053], [11.0366,20.893], [11.0935,33.0132], [13.196,32.7999], [12.4583,32.8748], [10.2393,25.6708], [9.09339,33.2161], [9.37117,30.8727], [9.63355,29.3004], [13.928,32.7257], [11.9418,15.5532], [10.7635,22.5293], [11.9688,15.5626], [9.31129,33.194], [11.9285,15.5486], [9.41443,33.1835], [11.2718,19.4837], [30.0934,25.4074], [11.581,17.6308], [11.9554,15.5579], [12.7225,16.19], [12.7225,16.19], [12.6953,16.7564], [12.2259,26.5107], [12.6285,18.1448], [12.0059,31.0849], [12.1512,28.0644], [14.0037,14.7975], [22.5085,14.2244], [30.1902,25.5186], [12.1022,29.0833], [30.6036,25.993], [12.0294,30.5956], [12.8848,15.2504], [19.5061,14.4267], [30.3363,25.6862], [12.5925,18.8931], [30.5525,25.9343], [30.0934,25.4074], [30.1991,25.0022], [30.3057,24.5936], [30.2818,25.6237], [12.8269,15.5855], [12.5556,19.6606], [32.543,13.5483], [13.7253,14.8162], [26.1928,13.9762], [30.235,25.57], [13.3862,14.8391], [31.7286,19.1409], [32.8116,14.9901], [31.8948,13.592], [29.3536,13.7632], [32.066,17.8477], [30.8973,13.6592], [30.8644,22.4524], [30.7567,22.8652], [32.5462,16.0073], [33.17,13.506], [30.9733,22.0352], [32.307,16.924], [30.4045,13.6924], [28.2856,13.8351], [50.4071,29.2623], [31.269,20.9021], [31.1674,21.2913], [49.2526,30.2304], [30.3963,25.7551], [31.3118,13.6312], [46.6953,32.375], [30.4143,24.1776], [35.7114,31.8557], [30.5069,25.882], [30.6436,23.2987], [31.0685,21.6703], [30.5278,23.7425], [51.5446,28.3084], [49.9423,29.6521], [39.7906,36.538], [40.2186,37.0294], [38.817,35.4203], [41.0231,37.1311], [39.4469,36.1434], [33.0279,28.7756], [30.4545,25.8219], [39.2009,35.861], [32.244,27.8758], [33.7439,29.5975], [41.4128,36.8042], [29.35,52.9598], [36.8276,33.1368], [40.4081,37.2469], [38.8756,51.4555], [39.5635,36.2773], [42.7382,35.693], [28.8771,52.1082], [22.2793,52.9686], [43.9475,51.5491], [37.901,34.3689], [29.5573,53.3333], [35.1428,31.2031], [34.504,30.4699], [17.3325,44.1032], [29.5117,55.4152], [38.55,35.1137], [42.6463,67.3063], [22.9341,54.1417], [39.306,51.4634], [29.1733,52.6416], [29.5644,55.5343], [29.8242,56.7827], [45.7234,51.5819], [43.6568,51.5437], [39.0828,35.7254], [42.5888,51.524], [40.1291,36.9267], [39.6807,36.4118], [61.6796,49.1687], [44.2992,51.5556], [44.6535,51.5621], [30.4995,55.0302], [40.2713,51.4812], [42.8283,51.5284], [40.4986,51.4854], [41.7194,51.508], [51.4446,58.7177], [30.486,54.2251], [43.3548,45.2011], [44.951,44.8146], [55.7825,55.1243], [30.4064,54.247], [42.3349,45.9848], [29.9204,54.3808], [20.5792,68.5443], [30.2433,54.2919], [15.0454,43.3523], [30.3278,54.2686], [13.6583,47.1517], [30.0794,54.337], [20.9069,56.8613], [29.3788,54.5298], [26.648,55.2813], [29.3056,54.55], [22.6529,56.3808], [21.472,56.7058], [42.7263,65.7739], [17.3854,70.5526], [33.4433,62.4535], [33.3971,57.7041], [43.8491,68.1029], [19.6693,57.2019], [23.6246,66.6293], [24.4166,55.8954], [29.2379,54.5686], [33.8524,60.989], [24.2249,66.2519], [23.6273,56.1126], [32.9134,57.1261], [31.9738,65.3795], [45.1801,70.8635], [42.8053,65.9378], [44.2106,68.8526], [42.9726,66.2847], [33.7271,61.4375], [49.5277,77.4405], [33.3092,62.9336], [43.2745,66.9111], [26.3288,55.3692], [33.9622,58.3795], [29.8303,69.3057], [51.9212,60.0225], [28.4953,54.7729], [44.9446,70.3752], [47.8507,68.1115], [42.9384,66.2139], [34.0335,60.3407], [44.8229,70.1227], [45.0619,70.6184], [29.8303,69.3056], [29.8303,69.3056], [43.0437,66.4323], [56.9858,54.7441], [48.8068,75.8236], [50.4387,66.0229], [52.7735,62.3556], [29.4648,54.5061], [43.5254,66.1384], [46.7284,67.5996], [49.9268,78.3357], [29.8303,69.3056], [29.8303,69.3056], [29.8303,69.3056], [18.1277,71.9516], [51.8278,59.7668], [45.403,71.3259], [24.5815,78.3023], [44.8848,70.2512], [24.0477,77.6616], [45.3472,71.2102], [43.0785,66.5045], [17.9101,70.2226], [29.8303,69.3056], [29.8303,69.3056], [29.5307,54.488], [24.0107,56.0071], [20.931,68.323], [23.8171,66.5083], [21.1189,68.2049], [28.2303,68.2963], [27.5142,67.8446], [18.5351,69.8296], [10.3786,57.5934], [23.487,78.9605], [22.9878,67.0298], [24.5386,78.3899], [23.743,77.3678], [15.1549,87.4678], [35.1891,83.3507], [24.3003,86.1754], [29.6421,75.3296], [29.2919,74.9766], [35.2847,89.1005], [30.9645,76.6626], [32.9326,78.6465], [21.8205,82.4969], [27.2844,72.9529], [21.3284,57.2843], [10.9254,82.0972], [12.2779,74.1127], [27.0718,72.7386], [19.8312,81.811], [11.8426,76.6824], [35.575,82.6464], [35.6093,90.4136], [15.7897,86.6999], [17.7574,84.3197], [26.4562,89.3745], [13.3846,88.2075], [27.6689,91.174], [34.2333,79.9578], [26.7209,89.7673], [19.1213,82.6699], [28.0053,91.6732], [18.125,83.8751], [23.0613,84.3375], [9.75515,88.9729], [13.0624,88.3028], [9.81846,88.6314], [35.2847,89.1005], [18.0337,83.9856], [9.74929,89.2829], [26.2631,71.9234], [17.0626,85.1602], [20.3392,81.1966], [26.8635,72.5287], [12.3932,73.4317], [10.6879,57.1109], [9.9668,64.0968], [12.4692,72.9835], [10.1416,62.1693], [9.95479,64.2292], [10.1829,61.7133], [10.1163,62.4486], [13.5257,66.7462], [12.0163,75.6568], [10.1829,61.7133], [11.9433,76.0877], [9.90662,64.7605], [9.9306,64.496], [10.2352,86.1715], [11.322,79.7557], [9.91801,64.6349], [10.0143,63.5732], [12.169,74.7555], [10.0271,63.4313], [12.1235,75.0241], [11.0631,81.2841], [10.5442,84.3471], [9.79694,65.9704], [12.8976,70.4545], [11.9103,76.2827], [11.599,78.1206], [11.8767,76.481], [11.2282,80.3098], [10.1292,62.3059], [9.99053,63.8351], [18.5913,83.3111], [10.4075,85.1544], [12.9456,70.1707], [10.4724,84.7714], [12.853,70.7174], [11.4576,78.9553], [9.7566,89.2807], [11.5464,78.4311], [10.8373,82.6169], [12.4235,88.4918], [10.0021,63.7076], [13.5231,