{
  "instance_index": 0,
  "birth_iter": 38,
  "death_iter": 110,
  "survival_iters": 72,
  "censored": false,
  "pre_vnd_cost": 10753.5,
  "post_vnd_cost": 519.604,
  "pre_vnd_coords": [[80,20], [56.3793,26.0609], [56.3793,26.0609], [71.3425,12.5975], [56.3793,26.0609], [71.3425,12.5975], [56.3793,26.0609], [50.6135,34.571], [71.3425,12.5975], [71.3425,12.5975], [57.7167,30.8664], [71.3425,12.5975], [56.3793,26.0609], [57.7167,30.8664], [46.2947,24.362], [56.3793,26.0609], [53.93,40.3228], [57.7167,30.8664], [46.2947,24.362], [36.524,28.9406], [46.2947,24.362], [26.2453,21.8684], [26.2453,21.8684], [21.3208,35.7882], [17.1239,19.4884], [39.1251,20.8465], [35.5222,37.9117], [17.1239,19.4884], [35.5222,37.9117], [23.918,29.0644], [46.2947,24.362], [39.1251,20.8465], [39.1251,20.8465], [39.1251,20.8465], [26.2453,21.8684], [36.524,28.9406], [36.524,28.9406], [39.1251,20.8465], [26.2453,21.8684], [39.1251,20.8465], [39.1251,20.8465], [30.4386,21.4502], [26.2453,21.8684], [26.2453,21.8684], [30.4386,21.4502], [40.5187,17.6304], [40.5187,17.6304], [23.918,29.0644], [40.5187,17.6304], [13.5595,28.7949], [13.797,26.0812], [13.797,26.0812], [30.4386,21.4502], [10.7364,34.3709], [13.5595,28.7949], [13.797,26.0812], [13.797,26.0812], [21.3208,35.7882], [10.569,16.243], [16.2382,26.9357], [17.1239,19.4884], [17.1239,19.4884], [10.7364,34.3709], [13.797,26.0812], [10.615,38.505], [17.1239,19.4884], [13.797,26.0812], [13.797,26.0812], [10.569,16.243], [10.569,16.243], [13.797,26.0812], [10.569,16.243], [16.2382,26.9357], [13.797,26.0812], [13.797,26.0812], [10.569,16.243], [10.569,16.243], [10.569,16.243], [10.569,16.243], [13.797,26.0812], [13.797,26.0812], [10.569,16.243], [10.569,16.243], [15.8545,17.0814], [15.8545,17.0814], [10.569,16.243], [13.5595,28.7949], [10.569,16.243], [15.8545,17.0814], [10.7364,34.3709], [10.7364,34.3709], [10.7364,34.3709], [10.615,38.505], [10.7364,34.3709], [10.7364,34.3709], [10.7364,34.3709], [10.615,38.505], [10.7364,34.3709], [20.2399,51.8651], [8.94262,51.1532], [10.5327,47.5797], [10.5327,47.5797], [21.3208,35.7882], [21.3208,35.7882], [10.5327,47.5797], [8.94262,51.1532], [10.615,38.505], [10.5327,47.5797], [10.615,38.505], [10.5327,47.5797], [10.615,38.505], [10.5327,47.5797], [9.47295,59.612], [10.5327,47.5797], [4.45064,61.7873], [11.1892,65.6078], [4.45064,61.7873], [5.59809,75.5028], [10.5327,47.5797], [9.92771,61.9158], [11.1892,65.6078], [4.45064,61.7873], [11.1892,65.6078], [7.4849,77.8574], [9.47295,59.612], [9.92771,61.9158], [5.59809,75.5028], [7.4849,77.8574], [7.4849,77.8574], [17.6734,68.6729], [14.5909,59.4696], [11.1892,65.6078], [9.47295,59.612], [4.45064,61.7873], [7.4849,77.8574], [11.1892,65.6078], [9.47295,59.612], [11.1892,65.6078], [10.5327,47.5797], [23.2509,64.8274], [7.4849,77.8574], [7.4849,77.8574], [7.4849,77.8574], [11.1892,65.6078], [7.4849,77.8574], [7.4849,77.8574], [14.5909,59.4696], [11.1892,65.6078], [11.1892,65.6078], [7.4849,77.8574], [23.7886,71.2216], [27.7306,68.8351], [7.4849,77.8574], [7.4849,77.8574], [4.45064,61.7873], [4.45064,61.7873], [4.45064,61.7873], [5.59809,75.5028], [9.25969,88.7938], [9.02933,88.7419], [9.25969,88.7938], [7.4849,77.8574], [7.4849,77.8574], [7.4849,77.8574], [7.4849,77.8574], [9.25969,88.7938], [9.25969,88.7938], [7.4849,77.8574], [7.4849,77.8574], [9.25969,88.7938], [9.25969,88.7938], [5.59809,75.5028], [7.4849,77.8574], [7.4849,77.8574], [7.4849,77.8574], [7.4849,77.8574], [7.4849,77.8574], [9.25969,88.7938], [7.4849,77.8574], [9.25969,88.7938], [9.25969,88.7938], [9.02933,88.7419], [9.25969,88.7938], [9.25969,88.7938], [9.25969,88.7938], [7.4849,77.8574], [9.25969,88.7938], [7.4849,77.8574], [9.25969,88.7938], [9.25969,88.7938], [9.25969,88.7938], [9.25969,88.7938], [9.25969,88.7938], [9.25969,88.7938], [7.4849,77.8574], [9.25969,88.7938], [9.25969,88.7938], [7.4849,77.8574], [9.25969,88.7938], [7.4849,77.8574], [7.4849,77.8574], [9.25969,88.7938], [20.5191,85.1684], [9.25969,88.7938], [7.4849,77.8574], [7.4849,77.8574], [23.0196,86.2857], [7.4849,77.8574], [9.25969,88.7938], [24.2174,88.2282], [9.25969,88.7938], [24.2174,88.2282], [21.3042,86.7269], [9.25969,88.7938], [23.0196,86.2857], [9.25969,88.7938], [9.25969,88.7938], [17.7418,88.5379], [17.7418,88.5379], [9.25969,88.7938], [9.25969,88.7938], [9.25969,88.7938], [9.02933,88.7419], [9.02933,88.7419], [9.02933,88.7419], [9.02933,88.7419], [9.25969,88.7938], [9.25969,88.7938], [9.02933,88.7419], [7.4849,77.8574], [17.7418,88.5379], [9.25969,88.7938], [9.02933,88.7419], [9.25969,88.7938], [9.25969,88.7938], [9.25969,88.7938], [9.25969,88.7938], [9.25969,88.7938], [9.25969,88.7938], [24.2174,88.2282], [9.25969,88.7938], [9.25969,88.7938], [9.02933,88.7419], [28.9932,100.921], [24.2174,88.2282], [28.9932,100.921], [21.3042,86.7269], [28.9932,100.921], [17.7418,88.5379], [23.0196,86.2857], [9.25969,88.7938], [9.25969,88.7938], [7.4849,77.8574], [21.3042,86.7269], [17.7418,88.5379], [24.2174,88.2282], [35.0724,98.2752], [24.2174,88.2282], [17.7418,88.5379], [9.25969,88.7938], [35.0724,98.2752], [24.2174,88.2282], [24.2174,88.2282], [35.0724,98.2752], [17.7418,88.5379], [30.9774,90.2107], [35.0724,98.2752], [30.9774,90.2107], [40.6773,89.4432], [30.9774,90.2107], [33.4858,88.9421], [28.9932,100.921], [44.198,98.7172], [43.0556,99.0885], [21.3042,86.7269], [28.9932,100.921], [24.2174,88.2282], [24.2174,88.2282], [17.7418,88.5379], [36.4275,81.1065], [43.0556,99.0885], [35.0724,98.2752], [43.0438,86.1598], [17.7418,88.5379], [30.9774,90.2107], [33.4858,88.9421], [33.4858,88.9421], [20.5191,85.1684], [30.9774,90.2107], [42.7761,90.8276], [21.3042,86.7269], [42.7761,90.8276], [23.0196,86.2857], [43.0556,99.0885], [17.7418,88.5379], [30.9774,90.2107], [28.9932,100.921], [44.198,98.7172], [24.2174,88.2282], [26.9633,89.1776], [21.3917,83.4119], [42.7761,90.8276], [9.25969,88.7938], [24.2174,88.2282], [35.0724,98.2752], [32.9804,77.3912], [24.2174,88.2282], [28.9932,100.921], [22.2774,82.1975], [19.3738,78.7887], [17.1205,74.1643], [19.8312,64.9796], [17.3729,73.1742], [17.2021,73.8441], [18.8792,69.6015], [17.4972,76.5858], [18.1251,70.2234], [11.4265,59.0267], [16.7321,75.6878], [17.6298,76.7413], [16.8596,75.8375], [17.4636,72.8184], [17.2462,76.2912], [18.5752,69.8521], [16.9801,75.9789], [16.9673,74.7653], [16.8179,75.3512], [19.7296,64.9077], [21.154,65.9165], [32.0775,72.7785], [14.8768,49.0065], [20.6026,65.526], [20.7119,65.6034], [15.5508,61.9479], [19.6187,64.8291], [20.4832,65.4414], [19.0367,69.4715], [13.7752,51.3158], [11.6247,59.1671], [20.2571,65.2813], [18.279,70.0964], [16.805,62.8362], [18.7241,69.7293], [13.5274,51.206], [18.1251,70.2234], [11.4265,59.0267], [14.9733,61.5388], [11.4677,59.0558], [15.0389,38.9212], [14.4097,51.5968], [11.5847,59.1387], [12.9799,52.243], [13.2458,51.0813], [14.9444,44.4366], [15.0429,38.9225], [14.1473,51.4806], [11.8985,56.9659], [15.0306,38.9185], [15.0397,38.9215], [14.8445,51.1997], [14.8613,50.0603], [15.0315,38.9188], [14.6873,51.7198], [12.8479,52.8194], [14.0222,51.4252], [15.0282,38.9178], [16.8457,39.2708], [29.0145,47.9004], [15.0275,38.9175], [15.0345,38.9198], [15.0267,38.9173], [14.87,49.4725], [15.0375,38.9208], [28.3096,36.8953], [15.0289,38.918], [30.3532,37.6119], [30.1264,37.5324], [49.2729,38.2825], [50.6458,40.1819], [57.4791,51.4168], [49.1937,38.2714], [48.9293,38.2341], [48.8429,38.5615], [49.9766,39.5805], [53.6568,42.8436], [50.321,39.89], [40.0411,46.6887], [53.6567,42.8665], [49.273,38.2825], [53.6568,42.8547], [54.665,45.1048], [57.8959,52.3518], [49.2546,38.9316], [53.3341,42.598], [49.2728,38.2825], [53.6566,42.8767], [51.9591,41.3623], [49.2727,38.2825], [49.273,38.2826], [50.9803,40.4825], [49.2726,38.2825], [60.9671,60.3072], [60.6559,58.5425], [51.3021,40.7717], [53.0293,42.3241], [53.6565,42.8878], [52.7023,42.0302], [59.7598,56.5327], [59.0701,54.9856], [56.7015,53.928], [63.8243,68.5611], [63.8243,68.5611], [68.5839,63.6281], [57.7218,50.9513], [67.4542,61.8015], [63.8243,68.5611], [56.635,59.0818], [68.5839,63.6281], 