{
  "instance_index": 0,
  "birth_iter": 95,
  "death_iter": 150,
  "survival_iters": 55,
  "censored": false,
  "pre_vnd_cost": 8755.82,
  "post_vnd_cost": 501.648,
  "pre_vnd_coords": [[80,20], [72.5062,18.1943], [69.5068,17.4711], [68.1327,17.1397], [66.8716,16.8356], [58.6309,27.8115], [70.9654,17.8228], [58.3388,28.3533], [65.7761,16.5714], [58.1941,28.6216], [58.4889,28.0749], [65.4154,16.2196], [58.7393,27.6104], [65.0647,15.8776], [58.6116,35.2779], [58.5613,34.7319], [58.1736,30.5303], [58.1499,30.2734], [58.5111,34.1878], [58.0262,28.9332], [58.3033,31.9353], [58.1261,30.0149], [58.3427,32.363], [58.4205,33.2062], [58.1974,30.7872], [59.1045,40.6224], [58.2225,31.0591], [74.3902,45.3847], [58.6647,35.8543], [58.2637,31.5069], [60.0523,50.9229], [58.0793,29.5092], [58.9576,39.03], [75.5888,44.5063], [58.3814,32.7822], [58.7171,36.4219], [59.2679,42.3941], [60.6081,54.025], [58.7684,36.9787], [59.159,41.2136], [58.8639,38.0142], [74.6997,46.678], [59.0061,39.5555], [58.1025,29.76], [59.0541,40.0755], [58.9099,38.5127], [58.4653,33.6911], [59.3562,43.3523], [59.3235,42.9978], [59.3339,43.1106], [58.8167,37.5019], [58.8295,27.4431], [60.8471,54.566], [58.055,29.2454], [59.5906,45.902], [61.8939,56.9348], [60.5773,53.9554], [59.8247,48.4486], [60.7169,54.2712], [62.878,59.1617], [61.6552,56.3946], [60.7812,54.4167], [62.6906,58.7377], [60.7501,54.3464], [60.5466,53.886], [63.7871,61.2188], [60.2664,53.2517], [28.7795,81.5066], [39.6381,88.4035], [49.9882,88.5858], [49.7345,88.5813], [51.0424,88.6044], [56.8397,88.7068], [39.8345,88.4069], [42.8039,88.4592], [23.6392,78.3832], [23.7117,78.2787], [23.4844,78.6064], [35.1389,88.3243], [27.9712,79.7296], [27.9712,79.7296], [12.6544,57.2979], [12.5711,60.4978], [12.6544,57.2979], [16.6489,41.72], [11.2361,48.6519], [12.5228,56.6994], [9.99665,56.9507], [13.9639,70.1302], [10.0543,64.942], [10.6814,49.6956], [22.5873,71.6754], [9.83438,60.7903], [9.77665,62.1562], [9.87699,59.7818], [9.77665,62.1563], [9.99665,56.9507], [12.6712,43.668], [21.8084,51.7752], [21.4559,52.0601], [21.4403,53.4187], [10.3913,52.7806], [15.0282,39.5919], [9.85565,60.2869], [9.99665,56.9507], [9.77665,62.1562], [9.77665,62.1562], [9.77665,62.1562], [9.77665,62.1563], [13.8293,70.7444], [10.5722,50.8565], [13.9325,70.2734], [9.77665,62.1563], [9.77665,62.1563], [14.0597,69.6932], [22.2106,56.9924], [21.8593,71.8443], [10.4147,52.5314], [10.2006,54.7961], [10.7201,49.2835], [9.77665,62.1563], [16.5133,81.0062], [9.77665,62.1563], [9.77665,62.1563], [9.77665,62.1563], [9.91485,58.8856], [9.99665,56.9506], [21.3427,71.9642], [22.2126,71.7623], [25.3668,71.0303], [20.9348,72.0589], [9.77665,62.1562], [20.8571,72.0769], [14.0909,69.551], [14.167,69.2036], [27.2154,78.2178], [9.91013,63.4957], [13.8989,70.4267], [12.2545,89.5447], [12.5442,77.7208], [12.2957,78.3996], [13.3244,74.1001], [12.3575,78.2307], [10.2171,66.5754], [13.5495,72.6041], [13.8293,70.7444], [12.4827,77.8889], [12.5762,77.6335], [12.8044,77.0102], [23.0118,71.5768], [13.2413,68.297], [11.9055,80.5124], [11.2169,67.1446], [12.2255,67.7188], [22.3877,71.7217], [9.80916,61.3868], [13.2525,74.5774], [9.77665,62.1563], [9.78816,61.8839], [9.77665,62.1562], [9.77665,62.1562], [9.77665,62.1562], [13.9951,69.9881], [12.4511,77.975], [20.8214,72.0852], [10.1325,65.7274], [19.2881,75.9742], [9.77665,62.1562], [9.77665,62.1562], [13.8467,70.6647], [9.77665,62.1562], [12.5134,77.805], [13.604,89.3887], [20.8962,72.0678], [13.8651,70.5811], [10.9594,85.6349], [11.6663,81.8071], [24.5381,71.2226], [11.3608,89.648], [14.0675,85.4412], [14.0675,85.4412], [11.2064,84.2974], [14.0675,85.4412], [14.0675,85.4412], [12.7392,77.1883], [11.3252,83.6543], [13.3019,89.4236], [12.6544,89.4985], [14.0675,85.4412], [14.0675,85.4412], [12.9911,76.3141], [14.0675,85.4412], [13.0341,89.4546], [14.982,85.3632], [14.0675,85.4412], [11.1129,89.6767], [12.3886,78.1458], [14.0675,85.4412], [12.2957,78.3995], [10.2164,89.6588], [15.9656,87.8899], [40.326,88.4156], [41.0956,88.4291], [49.7982,88.5824], [43.8803,88.4782], [41.5074,88.4364], [50.5653,88.5959], [40.7834,88.4237], [43.2869,88.4677], [50.4768,88.5944], [42.3354,88.451], [41.9129,88.4435], [50.7585,88.5994], [50.0548,88.5869], [40.6362,88.4211], [40.4877,88.4184], [40.9414,88.4264], [50.1259,88.5882], [50.658,88.5976], [50.4078,88.5932], [44.8158,88.4947], [53.2107,88.6427], [49.6137,88.5792], [54.3884,88.6635], [59.0555,88.7364], [50.856,88.6011], [58.7316,88.7402], [49.9319,88.5848], [50.3368,88.5919], [54.9757,88.6738], [49.8654,88.5836], [58.7316,88.7402], [49.6689,88.5801], [55.7601,88.6877], [52.0086,88.6214], [50.2636,88.5906], [45.9496,88.5146], [53.5471,88.6486], [50.9456,88.6027], [47.1075,88.535], [62.8889,88.6907], [55.3373,88.6802], [50.1947,88.5894], [54.1068,88.6585], [54.6957,88.6689], [57.5891,88.72], [58.7316,88.7402], [57.2074,88.7133], [53.8233,88.6535], [48.9704,88.5678], [51.5437,88.6132], [57.9693,88.7267], [73.4204,88.5666], [56.5078,88.7009], [61.349,88.7091], [58.3247,88.733], [56.1605,88.6948], [48.2275,88.5547], [72.2599,88.5803], [52.907,88.6373], [52.4573,88.6294], [60.5703,88.7184], [65.0197,88.6653], [77.7114,88.5152], [74.0736,88.5589], [78.2566,88.5091], [58.7315,88.7402], [77.6063,88.5164], [77.8226,88.5139], [80.0066,88.4884], [79.3985,88.4956], [75.7589,88.5384], [67.6642,88.634], [71.7029,88.5868], [74.8889,88.5491], [78.8574,88.502], [77.5009,88.5176], [59.7714,88.7279], [64.3044,88.6738], [68.2824,88.6267], [58.7315,88.7402], [76.6567,88.5277], [67.0224,88.6416], [69.986,88.6067], [78.0366,88.5115], [78.149,88.5103], [81.8447,86.6976], [71.1405,88.5933], [62.0795,88.7003], [66.3704,88.6493], [69.4353,88.6132], [72.8232,88.5736], [63.581,88.6824], [83.0402,84.9087], [80.6533,88.4806], [86.2032,78.6743], [86.2846,79.4418], [86.3405,79.9686], [85.2403,69.5746], [85.1067,81.8159], [85.8218,80.7453], [77.9279,88.5128], [86.3114,79.6938], [83.2271,59.4773], [84.2327,83.1241], [86.25,79.1151], [70.545,88.6002], [65.7139,88.6571], [68.8886,88.6196], [64.9014,63.7405], [62.3206,57.9004], [62.1242,57.456], [63.4514,60.4593], [60.5136,53.8112], [61.0226,54.963], [49.2469,89.0038], [53.8793,88.9434], [51.9382,88.843], [35.3881,89.8347], [41.1596,89.4896], [30.4075,89.3585], [40.7403,89.5147], [40.9486,89.5022], [33.8262,89.8293], [38.2839,89.6614], [40.3396,89.5386], [39.5346,89.5867], [30.7693,89.4083], [36.1825,89.7871], [39.9346,89.5628], [42.197,89.4272], [36.4636,89.7703], [50.8999,88.905], [34.3266,89.8982], [38.7358,89.6344], [34.3266,89.8982], [32.5896,89.659], [27.1536,88.9103], [43.6661,89.339], [33.2335,89.7476], [35.6522,89.8189], [29.3159,89.2082], [42.6886,89.3977], [34.3266,89.8982], [39.7344,89.5748], [40.138,89.5507], [27.1536,88.9103], [35.9184,89.8029], [34.3266,89.8982], [34.3266,89.8982], [28.8612,89.1455], [37.5009,89.7083], [29.1571,89.1863], [28.1998,89.0544], [28.3339,89.0729], [31.1272,89.4576], [34.3266,89.8982], [28.9296,89.155], [27.2009,80.6909], [12.2957,78.3996], [12.674,77.3662], [10.2018,89.7719], [11.5574,82.397], [11.4412,83.0261], [15.4058,88.9321], [11.0866,84.9458], [11.8198,89.595], [14.0675,85.4412], [12.1519,79.1778], [14.8084,84.0975], [12.0308,79.8339], [10.3123,89.139], [10.2136,89.6805], [14.0632,89.3356], [14.0675,85.4412], [14.0675,85.4412], [10.2123,89.6905], [27.5233,88.9613], [10.885,89.703], [10.6135,87.5076], [17.1855,85.6193], [14.8858,89.2405], [10.203,89.7623], [10.2043,89.7524], [10.2056,89.7423], [10.4079,88.6215], [14.0675,85.4412], [14.0675,85.4412], [15.5462,88.6707], [14.0675,85.4412], [14.0675,85.4412], [12.8732,76.8222], [10.5094,88.0715], [10.7206,86.9278], [14.0675,85.4412], [10.8349,86.3089], [10.6508,89.7301], [10.215,89.6696], [12.8397,89.4771], [10.4186,89.7569], [10.2005,89.7822], [10.2069,89.732], [10.2096,89.7115], [15.1362,89.2116], [12.0366,89.5699], [10.2164,89.6588], [28.584,89.1074], [12.6092,77.5434], [14.0675,85.4412], [15.871,85.2874], [10.2109,89.7014], [16.2516,87.3575], [13.8764,89.3572], [14.6203,89.2712], [27.7846,88.9972], 