{
  "instance_index": 0,
  "birth_iter": 166,
  "death_iter": 190,
  "survival_iters": 24,
  "censored": false,
  "pre_vnd_cost": 9862.68,
  "post_vnd_cost": 498.585,
  "pre_vnd_coords": [[80,20], [86.2684,17.5916], [86.2684,17.5916], [86.2684,17.5916], [83.6478,18.5984], [86.2684,17.5916], [85.3966,17.9266], [83.5473,31.3709], [84.6435,25.8199], [84.0156,28.9995], [81.8691,39.8688], [81.7887,40.2758], [81.7273,40.5867], [81.9456,39.4816], [14.7618,87.4765], [10.0462,87.4334], [10.0462,87.4334], [11.6226,87.4478], [10.1209,89.6053], [20.7286,89.8612], [10.1225,89.6822], [10.1226,89.6908], [9.92515,80.082], [9.93826,80.7197], [20.7286,89.8612], [10.1204,89.5802], [9.92515,80.082], [9.92515,80.082], [9.92515,80.082], [9.92515,80.082], [9.92515,80.082], [82.8644,49.3029], [63.8531,48.9114], [82.9498,39.0921], [82.751,48.2723], [84.127,31.465], [82.3056,43.266], [83.5367,35.2895], [82.5272,41.8303], [63.5019,50.5749], [82.6116,41.283], [83.327,53.5039], [82.9802,63.9399], [82.9781,50.3352], [82.6413,47.2766], [83.2644,52.9356], [83.0521,51.0079], [83.5619,59.3052], [83.6631,56.5573], [83.1274,51.6918], [83.196,52.3145], [83.777,57.5912], [83.3565,60.9415], [82.6311,66.7217], [83.3849,54.03], [83.7187,34.1105], [57.9018,45.5032], [63.8531,48.9114], [58.7775,43.9592], [57.6771,45.8994], [63.8531,48.9114], [63.8531,48.9114], [82.362,42.9003], [61.8995,60.0897], [63.8531,48.9114], [82.2438,43.6662], [83.5554,55.5788], [63.8531,48.9114], [63.8531,48.9114], [59.503,44.6671], [61.6371,59.4022], [62.1361,57.0392], [61.6371,59.4022], [61.5838,66.9866], [54.938,69.6946], [63.8531,48.9114], [63.8531,48.9114], [61.665,59.4754], [63.8531,48.9114], [59.8852,67.6787], [63.3581,63.9092], [61.6371,59.4022], [63.8531,48.9114], [56.0158,69.2554], [61.6371,59.4022], [61.8225,59.8879], [61.6371,59.4022], [61.6371,59.4022], [61.7177,59.6133], [61.6371,59.4022], [43.3061,56.6208], [46.42,44.379], [62.2585,61.0297], [63.8531,48.9114], [61.6907,59.5426], [57.1501,68.7932], [42.0128,56.1352], [61.6371,59.4022], [61.7452,59.6854], [59.0022,68.0385], [62.7152,54.2972], [43.0299,67.963], [64.0047,65.6024], [53.1098,87.9394], [61.8741,60.0233], [61.6371,59.4022], [72.1193,84.0137], [56.536,69.0434], [62.6724,62.1137], [60.2363,67.5356], [61.7712,59.7537], [61.6371,59.4022], [62.6327,86.3004], [62.0937,66.7788], [82.3106,69.2756], [64.1361,65.9465], [62.5943,66.5748], [70.1364,87.5974], [53.0388,87.9516], [47.0841,71.708], [49.3607,71.9673], [46.2468,71.3438], [57.6259,68.5993], [58.0585,68.423], [63.2636,88.0596], [71.0648,85.9194], [63.3621,66.2619], [47.295,71.7997], [60.5641,67.4021], [83.365,72.5502], [69.9416,87.9494], [63.7842,66.0899], [59.4618,67.8512], [71.3167,85.4642], [62.984,66.416], [63.1353,63.3259], [82.8102,70.8271], [64.1361,65.9465], [82.4785,67.9374], [62.9042,62.7207], [83.1489,62.5957], [72.7285,84.2928], [85.4436,82.0794], [76.3176,85.9374], [85.9382,81.3617], [82.7721,65.5986], [85.5415,81.9374], [84.7303,83.1145], [85.6322,81.8057], [85.7377,81.6527], [86.0176,81.2465], [83.7652,84.5149], [85.8382,81.5068], [81.904,87.2155], [79.3875,87.344], [73.9629,84.8584], [86.1181,81.1007], [81.236,88.1848], [77.2124,86.3473], [73.4114,84.6057], [67.9624,88.822], [71.5925,84.9657], [62.8962,87.4983], [82.3911,86.5087], [81.2958,88.0981], [78.1786,86.7901], [79.9854,87.618], [81.2196,88.1835], [77.7356,86.5871], [63.0106,88.0186], [62.8226,87.1636], [81.2273,88.1841], [71.744,84.692], [71.4221,85.2738], [59.9308,86.7652], [63.0106,88.0186], [74.4893,85.0996], [61.7881,86.4457], [53.4562,87.8796], [70.7707,86.4509], [71.8993,84.4112], [75.685,85.6475], [70.5543,86.8421], [75.053,85.3579], [62.6327,86.3004], [70.323,87.2601], [69.3355,89.0448], [80.553,87.8781], [62.8777,87.4144], [63.0646,88.0273], [53.5545,87.8626], [69.6797,88.4227], [49.9242,88.1465], [52.9659,87.9642], [51.046,88.0807], [63.1656,88.0437], [62.9536,87.7593], [51.3557,88.0626], [51.2494,88.0688], [62.9338,87.6695], [50.7428,88.0985], [62.6327,86.3004], [56.5783,87.3422], [62.9709,87.8384], [63.1153,88.0355], [63.9505,65.4605], [49.824,88.1523], [62.8393,87.2399], [64.0582,65.7424], [64.0986,65.8482], [53.6842,70.2055], [63.2145,88.0516], [53.5866,87.8571], [50.3279,88.1228], [53.2147,87.9213], [48.9728,88.2023], [53.7165,87.8347], [52.4143,88.0006], [52.6499,87.9867], [50.84,88.0928], [63.3113,88.0673], [50.5863,71.4679], [60.9794,67.2328], [53.6197,87.8514], [50.4308,88.1168], [63.001,87.9751], [53.2515,87.9149], [62.8594,87.3309], [50.1231,88.1348], [60.848,86.6074], [62.9916,87.9326], [53.3203,87.903], [53.3883,87.8913], [78.6151,86.9901], [52.9307,87.9703], [43.6832,74.1749], [53.6843,87.8402], [50.0224,88.1407], [51.5736,88.0498], [62.9118,87.5695], [47.295,71.7997], [49.7265,88.158], [53.4236,87.8852], [52.0899,88.0196], [48.8573,72.1725], [46.3516,71.3894], [50.9407,88.0869], [51.6726,88.044], [49.629,88.1638], [53.0752,87.9454], [53.5209,87.8684], [47.295,71.7997], [50.9667,71.3129], [50.2187,88.1292], [53.6521,87.8458], [46.4548,71.4343], [47.652,88.2799], [51.773,88.0381], [53.1771,87.9278], [38.6024,88.8115], [36.5506,88.932], [52.3049,88.007], [53.3519,87.8976], [38.17,88.8369], [46.8207,71.5934], [37.1347,88.8977], [36.9371,88.9093], [50.5286,88.1111], [33.9006,89.0877], [53.7485,87.8292], [38.8216,88.7986], [38.3926,88.8238], [42.855,75.1526], [44.4669,88.4671], [52.9989,87.9585], [63.0106,88.0186], [49.8358,71.7737], [37.3302,88.8862], [41.9962,88.6122], [51.4586,88.0566], [39.9458,88.7326], [39.7105,88.7464], [39.4768,88.7602], [47.8014,71.9206], [41.6322,88.6336], [45.7981,88.3889], [46.9904,88.3188], [52.7792,87.9792], [46.3835,88.3545], [48.3193,88.2407], [53.4864,87.8744], [43.0377,67.6439], [50.0956,71.6679], [58.509,68.2395], [46.4024,71.4115], [46.1888,71.3186], [52.9592,70.501], [50.348,71.565], [44.8113,72.8431], [38.4031,54.7797], [42.8746,56.4588], [46.2984,71.3662], [61.6371,59.4022], [61.7966,59.8202], [61.847,59.9523], [46.9749,71.6605], [44.5714,73.1264], [47.1804,71.7499], [42.994,69.441], [43.1387,63.4962], [46.5045,71.4559], [43.0632,66.596], [43.2404,59.3187], [40.1826,55.4479], [55.4474,69.487], [43.1107,64.6476], [54.368,69.9269], [52.3799,70.737], [21.1937,67.1941], [41.1054,55.7944], [42.975,88.5547], [49.1184,72.0661], [51.7872,70.9785], [42.855,75.1526], [46.5632,71.4814], [51.1407,88.0752], [53.2847,87.9092], [43.1657,62.3871], [17.1562,64.4862], [24.9032,72.8442], [43.0896,65.5129], [43.9697,73.8366], [22.669,73.9049], [43.0717,66.2497], [43.0459,67.3076], [35.7726,53.792], [46.7115,71.5459], [19.0235,65.7387], [43.157,62.7473], [46.1259,71.2912], [49.5943,71.8721], [40.6397,55.6196], [43.1911,61.3438], [37.9151,54.5965], [46.8676,71.6138], [43.1205,64.2451], [43.0543,66.961], [43.1478,63.1235], [43.3843,74.5277], [46.6611,71.524], [43.2272,59.861], [46.7622,71.568], [27.5072,48.7433], [43.3003,56.8617], [24.156,71.6819], [43.2037,60.8278], [23.1103,70.0552], [46.2223,45.4063], [46.6121,71.5027], [43.0807,65.8785], [44.2716,73.4802], [14.539,73.1433], [24.4377,72.12], [43.1763,61.9538], [39.7206,55.2744], [23.0278,73.7345], [43.1004,65.0704], [20.9534,67.0329], [35.7726,53.792], [23.0369,69.941], [25.2669,47.3749], [28.4503,49.3193], [23.3533,70.4332], [13.8283,62.4164], [20.0028,66.3955], [23.3408,73.5859], [16.006,51.7569], [27.2466,48.5841], [43.2983,56.9436], [21.0325,67.086], [27.7405,48.8857], [22.8958,69.7215], [21.2598,67.2384], [45.9395,71.5114], [21.1166,67.1423], [16.4858,51.6754], [16.4858,51.6754], [43.1305,63.8326], [43.2537,58.7751], [28.9047,49.5968], [46.3548,44.7175], [24.9114,47.1578], [28.6744,49.4562], [30.0753,50.3118], [16.5191,64.0899], [36.1603,53.9376], [26.5871,48.1813], [27.572,41.4696], [28.3219,39.4735], [39.5878,46.6883], [27.7889,59.8774], [11.733,47.5782], [33.4576,32.813], [12.0896,40.2503], [14.7792,49.0198], [14.7792,49.0198], [11.8175,47.8025], [30.2349,36.9924], [14.7792,49.0198], [15.0329,44.6714], [30.1589,37.0911], [27.1768,41.264], [11.9502,48.155], [11.3327,46.5153], [11.7792,47.7009], [15.6139,25.0395], [28.7148,