{
  "instance_index": 0,
  "birth_iter": 117,
  "death_iter": 120,
  "survival_iters": 3,
  "censored": false,
  "pre_vnd_cost": 9758.7,
  "post_vnd_cost": 691.358,
  "pre_vnd_coords": [[80,20], [85.9012,18.1828], [86.1401,17.5102], [86.2684,17.5916], [64.1026,28.4132], [63.2922,31.0379], [62.434,33.8195], [44.7246,26.7978], [30.8191,14.4758], [31.9945,23.597], [32.4931,20.791], [31.7835,24.7849], [27.6478,14.9122], [33.6874,14.0809], [29.4098,14.6698], [32.234,14.281], [28.5749,14.7847], [30.1462,14.5684], [31.662,14.3597], [18.0754,25.7512], [33.163,24.5559], [33.2878,24.3674], [18.3635,26.1365], [35.3928,21.1923], [28.8956,25.5609], [33.4113,24.181], [18.961,26.9356], [12.349,25.784], [12.2566,44.3767], [31.3893,14.3973], [31.2686,27.6822], [30.7619,35.4712], [30.2915,33.1811], [30.4734,14.5234], [35.7543,20.647], [34.994,21.7938], [18.2825,26.0282], [23.7247,38.0836], [18.722,26.616], [34.1038,23.1361], [36.0744,20.1641], [34.5811,22.4166], [30.2915,33.1811], [10.7004,17.8843], [18.3229,26.0822], [23.0435,38.3711], [18.5834,26.4306], [14.7821,40.0176], [17.8652,25.47], [10.8655,16.1098], [11.847,17.4222], [10.5531,19.4676], [10.8655,16.1098], [10.6536,18.3873], [12.7189,15.2228], [12.3323,26.7829], [12.4755,17.8617], [12.3967,22.7985], [12.3297,26.94], [12.5182,15.1748], [13.3568,15.3754], [12.3427,26.1607], [12.3245,27.2537], [12.3775,24.0073], [18.4937,26.3106], [10.8655,16.1098], [10.8655,16.1098], [15.0344,21.6842], [10.8655,16.1098], [18.4037,26.1903], [10.8655,16.1098], [10.8655,16.1098], [10.8655,16.1098], [10.8655,16.1098], [12.3193,27.5674], [30.528,31.85], [17.6753,25.216], [33.0842,43.8599], [16.6489,41.72], [12.3575,25.2694], [30.2915,33.1811], [12.3448,26.0362], [12.3219,27.4103], [12.3385,26.4103], [12.3271,27.0954], [12.5346,28.4272], [9.53078,30.462], [21.8613,38.8697], [11.1412,40.7593], [9.43144,31.5304], [12.3468,25.9132], [12.7564,29.1442], [17.9415,39.3721], [13.0339,30.0413], [16.6489,41.72], [12.3299,55.8226], [16.6489,41.72], [16.6489,41.72], [16.6489,41.72], [12.1304,44.4531], [12.9532,43.9555], [16.6489,41.72], [11.1566,45.0419], [12.6068,44.165], [8.55552,40.9488], [8.93984,41.4988], [18.1068,40.4538], [9.28863,60.2326], [8.49034,41.6497], [10.5171,40.9691], [8.49034,41.6497], [16.9589,39.5728], [26.9725,40.1347], [16.9945,49.8185], [31.583,55.3002], [12.6544,57.2979], [11.7253,53.0728], [12.6544,57.2979], [11.4199,50.3127], [16.6489,41.72], [11.2361,48.6519], [12.6544,57.2979], [12.0388,54.4983], [11.664,52.5186], [12.6544,57.2979], [18.2245,49.8399], [28.5421,49.7089], [10.5989,50.5078], [9.43595,59.138], [20.4826,64.9287], [8.99741,62.3954], [9.48746,58.7552], [7.80175,71.2695], [7.67818,72.1872], [28.018,64.2077], [12.4046,67.0628], [12.5158,62.6704], [12.5102,62.8918], [27.7151,64.9637], [11.9092,71.5566], [12.4462,65.4218], [11.8929,71.7414], [11.9093,71.5563], [12.1884,69.4312], [31.2499,76.0889], [15.4963,71.372], [8.49996,66.0843], [7.2856,75.1005], [19.3037,65.7379], [22.3885,63.6205], [14.7518,69.8695], [20.7713,64.7305], [15.2619,70.899], [14.9652,70.3003], [11.7253,53.0728], [11.9092,71.5564], [20.9187,82.3029], [11.9092,71.5565], [12.4523,65.1787], [33.3431,65.33], [11.1298,80.4183], [11.7483,73.3781], [23.1617,79.0715], [17.6392,77.5551], [16.2656,73.5443], [17.8217,79.9498], [31.2499,76.0889], [31.2499,76.0889], [17.7905,77.9951], [31.2499,76.0889], [22.5974,63.4771], [31.2499,76.0889], [31.2499,76.0889], [28.2841,80.4175], [27.9712,79.7296], [27.7151,64.9637], [23.5631,78.493], [27.7151,64.9637], [28.6321,81.1826], [41.3138,55.9905], [27.9712,79.7296], [34.0392,69.2598], [31.2499,76.0889], [16.3623,73.826], [17.8875,78.8916], [17.6866,82.1214], [30.9289,90.2409], [43.8871,91.9759], [17.7058,77.7488], [36.4498,91.7942], [31.1331,79.0326], [23.8582,78.0675], [35.213,65.4521], [23.9308,77.9628], [28.1376,63.9094], [33.4536,65.3373], [33.2388,65.3232], [27.9712,79.7296], [35.1389,88.3243], [17.6101,83.3495], [17.6494,82.7195], [17.7483,77.8725], [30.988,90.2977], [7.2856,75.1005], [8.29876,79.7242], [17.618,77.4933], [9.34527,84.5071], [17.0507,92.3442], [17.3298,87.8356], [17.8542,79.4267], [11.9093,71.5563], [24.001,77.8616], [16.5386,88.6408], [25.7542,78.4428], [27.4657,88.1015], [11.4379,76.9105], [16.445,88.7986], [17.0622,92.1577], [30.7538,90.0724], [31.0372,81.4498], [17.0507,92.3442], [17.1977,89.9606], [9.85046,86.8221], [17.8524,78.1751], [17.7267,77.8095], [7.28561,75.1005], [17.6829,77.682], [7.80899,77.4879], [10.7602,84.6006], [10.8126,84.0078], [10.5381,87.1141], [10.9464,82.4939], [10.3672,89.0463], [10.5171,87.3521], [10.377,88.9347], [11.8602,72.1108], [11.1486,80.2052], [10.3575,89.1559], [9.61364,85.7366], [9.4247,84.871], [9.81621,86.6651], [7.28561,75.1005], [9.46694,85.0644], [13.4258,91.1365], [14.2554,91.4128], [13.7734,91.2523], [9.54907,85.4406], [10.578,86.6632], [11.0275,81.5762], [10.6158,86.2341], [10.7732,84.4535], [10.8267,83.8483], [10.7189,85.0678], [11.7151,90.5669], [12.1224,90.7025], [11.5344,90.5067], [10.5096,89.8424], [17.0856,91.7784], [10.1316,88.1103], [10.5856,90.1908], [12.3466,90.7772], [11.1754,90.3872], [10.4401,89.5238], [10.2047,88.4456], [10.7325,84.9138], [10.8849,83.1901], [10.7464,84.7562], [10.6909,85.3841], [11.0758,81.029], [10.87,83.359], [16.6312,88.4845], [10.3673,89.8737], [26.2207,88.0615], [17.2956,88.3848], [39.7525,91.8749], [32.4159,91.6952], [17.2287,89.4588], [38.5777,91.8462], [30.7185,89.4607], [16.723,92.235], [10.1688,88.2809], [17.896,78.3021], [30.7822,87.8591], [17.1208,91.2077], [28.0832,83.2421], [10.7994,84.1574], [10.6612,85.7213], [13.3056,89.7175], [13.5858,89.7026], [26.2565,87.7953], [26.2217,87.882], [17.2619,88.9269], [30.8715,90.1856], [17.2132,89.7107], [33.8317,91.7299], [30.6959,90.0166], [31.3247,91.6684], [34.8079,91.7539], [31.4148,90.7085], [46.4057,76.9895], [40.326,88.4156], [27.2239,79.2958], [28.5851,81.0792], [49.5849,71.2453], [61.2806,75.9907], [38.995,65.7764], [23.6392,78.3832], [38.9263,65.7604], [50.9044,75.3379], [39.4421,65.88], [35.4869,65.47], [37.348,61.176], [35.9665,64.5516], [37.348,61.176], [37.348,61.176], [22.1881,63.758], [21.5506,64.1956], [34.5547,68.0001], [24.9647,77.9844], [28.6961,65.0277], [36.6183,65.5439], [49.4918,70.9354], [39.1406,65.8101], [53.0096,77.3063], [42.6332,56.3678], [44.721,56.9646], [27.7151,64.9637], [37.9647,55.0328], [37.348,61.176], [30.7414,49.6535], [37.348,61.176], [37.348,61.176], [23.4523,49.8363], [22.0315,49.872], [27.8564,49.7261], [26.5879,39.8917], [24.0796,49.8206], [24.6856,49.8054], [27.7888,40.6504], [16.6489,41.72], [36.9136,43.6526], [36.28,43.1221], [35.6572,42.6006], [35.5126,42.4795], [15.1488,36.8734], [11.8152,44.6436], [15.7028,39.8295], [17.9415,39.3721], [10.7064,49.71], [18.9048,40.117], [15.3657,39.8983], [9.93777,41.1637], [12.8473,40.4117], [8.52408,41.2869], [25.8445,49.7766], [10.2395,53.1743], [12.6544,57.2979], [11.7024,52.8652], [12.6544,57.2979], [12.458,56.4048], [11.6785,52.6494], [12.6544,57.2979], [16.6489,41.72], [12.4716,64.4202], [12.5011,63.2535], [7.2856,75.1005], [14.3795,69.1181], [8.72191,64.4393], [11.7685,73.1491], [12.4586,64.9312], [11.9092,71.5564], [10.8407,83.6907], [12.821,89.7434], [11.0435,81.3949], [11.0595,81.2134], [10.9,83.0194], [10.978,82.1365], [11.2559,78.984], [11.9092,71.5564], [10.5972,86.4447], [12.9646,89.7357], [10.0194,87.5967], [30.8123,90.1286], [9.74723,86.3489], [17.5764,77.3724], [10.7865,84.3035], [11.6762,74.1958], [11.9092,71.5564], [11.9092,71.5566], [10.6338,86.0311], [11.6485,74.5099], [11.9093,71.5563], [11.8073,72.7101], [11.9093,71.5563], [14.6143,69.5921], [10.7054,85.2205], [11.9093,71.5563], [11.9092,71.5565], [11.7253,53.0728], [11.7263,73.6272], [11.6913,52.7652], [11.8438,72.2971], [11.8259,72.4997], [23.2233,63.0475], [9.05058,61.9998], [9.98257,87.4278], [16.1665,73.2556], [30.5437,57.8979], [11.9092,71.5565], [11.9092,71.5566], [11.9092,71.5565], [26.5036,78.8778], [36.2268,63.9156], [36.5205,63.1981], [27.7151,64.9637], [27.8124,64.7209], [37.1894,61.5636], [37.348,