{
  "instance_index": 0,
  "birth_iter": 31,
  "death_iter": 40,
  "survival_iters": 9,
  "censored": false,
  "pre_vnd_cost": 11550.3,
  "post_vnd_cost": 823.995,
  "pre_vnd_coords": [[80,20], [74.2365,7.35961], [74.2365,7.35961], [65.737,17.4494], [74.2365,7.35961], [65.737,17.4494], [51.5216,38.9039], [53.5114,17.6336], [58.3203,28.9233], [53.5114,17.6336], [65.737,17.4494], [65.737,17.4494], [53.5114,17.6336], [50.5438,31.3864], [50.6135,34.571], [57.7167,30.8664], [39.1251,20.8465], [39.1251,20.8465], [36.524,28.9406], [30.4386,21.4502], [26.2453,21.8684], [36.524,28.9406], [46.2947,24.362], [39.1251,20.8465], [40.5187,17.6304], [39.1251,20.8465], [40.5187,17.6304], [40.5187,17.6304], [26.2453,21.8684], [39.1251,20.8465], [26.2453,21.8684], [46.2947,24.362], [30.4386,21.4502], [23.918,29.0644], [35.5222,37.9117], [39.1251,20.8465], [13.5595,28.7949], [26.2453,21.8684], [26.2453,21.8684], [21.3208,35.7882], [13.797,26.0812], [18.8416,20.9855], [6.44251,35.3693], [6.57361,11.6624], [25.0857,19.9209], [13.1858,14.3229], [6.57361,11.6624], [25.0857,19.9209], [6.44251,35.3693], [6.44251,35.3693], [7.63473,20.5209], [4.61772,21.5037], [23.5985,27.9068], [26.5546,41.7334], [6.44251,35.3693], [18.8416,20.9855], [4.61772,21.5037], [6.44251,35.3693], [18.1082,35.2574], [6.44251,35.3693], [6.44251,35.3693], [15.148,46.983], [5.23422,51.8604], [6.44251,35.3693], [6.44251,35.3693], [7.63473,20.5209], [10.3196,47.999], [6.44251,35.3693], [15.148,46.983], [18.1082,35.2574], [20.2399,51.8651], [30.9462,43.053], [13.797,26.0812], [21.3208,35.7882], [23.918,29.0644], [21.1121,53.5377], [10.615,38.505], [21.3208,35.7882], [10.615,38.505], [21.3208,35.7882], [20.2399,51.8651], [30.9462,43.053], [30.9462,43.053], [21.3208,35.7882], [27.1019,52.545], [35.5222,37.9117], [35.4884,54.7031], [37.3854,46.8302], [21.3208,35.7882], [20.2399,51.8651], [27.1019,52.545], [27.1019,52.545], [20.2399,51.8651], [20.2399,51.8651], [32.4845,66.4445], [25.6769,59.1143], [35.4884,54.7031], [20.2399,51.8651], [25.6769,59.1143], [15.696,55.5758], [9.47295,59.612], [2.02961,71.2475], [0.661567,79.3437], [-0.113912,48.631], [-0.113912,48.631], [15.0113,50.6813], [9.87987,46.83], [27.4889,57.5798], [12.6784,59.5951], [18.6944,68.8791], [7.81439,71.0081], [11.758,86.7258], [11.758,86.7258], [7.81439,71.0081], [23.4347,73.6978], [7.81439,71.0081], [19.6168,80.9656], [16.3814,71.9123], [38.1364,72.3364], [18.6944,68.8791], [17.113,81.2138], [23.4347,73.6978], [25.6769,59.1143], [17.1023,70.1873], [9.25969,88.7938], [7.4849,77.8574], [11.1892,65.6078], [17.1023,70.1873], [7.4849,77.8574], [21.3917,83.4119], [11.1892,65.6078], [7.4849,77.8574], [4.45064,61.7873], [9.47295,59.612], [20.3158,63.2882], [11.1892,65.6078], [20.2399,51.8651], [20.3158,63.2882], [4.45064,61.7873], [9.92771,61.9158], [4.45064,61.7873], [14.5909,59.4696], [10.5327,47.5797], [6.44251,35.3693], [6.44251,35.3693], [5.23422,51.8604], [15.148,46.983], [10.3196,47.999], [-0.113912,48.631], [-4.58152,63.3909], [-0.113912,48.631], [3.63355,54.9659], [9.87987,46.83], [10.3196,47.999], [15.0113,50.6813], [15.148,46.983], [5.23422,51.8604], [15.0113,50.6813], [6.44251,35.3693], [3.63355,54.9659], [9.87987,46.83], [15.148,46.983], [35.5222,37.9117], [27.1019,52.545], [30.9462,43.053], [30.9462,43.053], [21.1121,53.5377], [20.2399,51.8651], [8.94262,51.1532], [20.2399,51.8651], [14.5909,59.4696], [20.2399,51.8651], [10.5327,47.5797], [20.2399,51.8651], [8.94262,51.1532], [21.3208,35.7882], [10.569,16.243], [20.2399,51.8651], [15.0113,50.6813], [15.0113,50.6813], [30.7492,38.8527], [16.3082,53.7281], [31.0867,51.0727], [33.9761,53.5577], [34.2944,47.4487], [43.6482,63.8964], [31.0867,51.0727], [34.2944,47.4487], [39.1566,55.7852], [31.0867,51.0727], [45.6737,48.981], [30.9462,43.053], [35.4884,54.7031], [32.4845,66.4445], [35.4884,54.7031], [20.3158,63.2882], [33.1638,61.9197], [35.5222,37.9117], [41.6222,52.6035], [41.6222,52.6035], [30.9462,43.053], [35.4884,54.7031], [23.8958,43.2519], [23.918,29.0644], [30.9462,43.053], [37.754,48.9716], [53.93,40.3228], [35.4884,54.7031], [50.6135,34.571], [46.2947,24.362], [50.6135,34.571], [40.2869,43.7861], [40.2869,43.7861], [40.2869,43.7861], [26.2453,21.8684], [35.5222,37.9117], [50.566,47.7516], [33.9761,53.5577], [50.566,47.7516], [49.2396,41.2299], [37.4144,50.411], [51.5216,38.9039], [30.7492,38.8527], [40.104,44.4291], [40.104,44.4291], [33.9761,53.5577], [37.4144,50.411], [47.2303,54.1876], [40.104,44.4291], [40.104,44.4291], [39.1566,55.7852], [39.1566,55.7852], [37.4144,50.411], [43.6482,63.8964], [39.1566,55.7852], [39.1566,55.7852], [43.6482,63.8964], [25.6769,59.1143], [40.5028,67.2626], [40.5028,67.2626], [25.6769,59.1143], [36.4275,81.1065], [20.3158,63.2882], [32.4845,66.4445], [14.5909,59.4696], [33.1638,61.9197], [25.6769,59.1143], [25.6769,59.1143], [40.5028,67.2626], [35.6598,67.8911], [25.6769,59.1143], [17.6734,68.6729], [33.1638,61.9197], [20.3158,63.2882], [18.6944,68.8791], [16.3082,53.7281], [18.6944,68.8791], [18.6944,68.8791], [23.4347,73.6978], [23.4347,73.6978], [38.1364,72.3364], [38.1364,72.3364], [37.4144,50.411], [18.6944,68.8791], [39.1566,55.7852], [43.6482,63.8964], [47.2303,54.1876], [43.6482,63.8964], [38.1364,72.3364], [38.1364,72.3364], [39.1566,55.7852], [56.635,59.0818], [57.7218,50.9513], [53.93,40.3228], [65.1414,49.4012], [43.8432,51.0621], [62.2566,61.8263], [63.5791,68.3119], [63.5791,68.3119], [72.1161,46.1517], [89.0677,53.8689], [89.0677,53.8689], [89.0677,53.8689], [65.1414,49.4012], [65.1414,49.4012], [75.1668,48.0365], [75.1668,48.0365], [50.6135,34.571], [75.1668,48.0365], [67.1188,43.2312], [67.1188,43.2312], [57.7167,30.8664], [67.1188,43.2312], [50.6135,34.571], [67.1188,43.2312], [57.7167,30.8664], [53.93,40.3228], [57.7167,30.8664], [53.93,40.3228], [57.7167,30.8664], [57.7167,30.8664], [77.6907,43.0894], [72.1161,46.1517], [62.0267,52.1915], [82.5899,38.9933], [77.1529,45.5562], [82.5899,38.9933], [72.1161,46.1517], [51.5216,38.9039], [50.566,47.7516], [72.1161,46.1517], [72.1161,46.1517], [62.0267,52.1915], [61.9635,57.0187], [72.1161,46.1517], [43.6482,63.8964], [61.9635,57.0187], [56.635,59.0818], [45.6737,48.981], [53.93,40.3228], [57.0561,57.5603], [50.6135,34.571], [35.5222,37.9117], [50.6135,34.571], [53.93,40.3228], [57.7167,30.8664], [57.0561,57.5603], [53.93,40.3228], [50.6135,34.571], [50.6135,34.571], [50.6135,34.571], [53.93,40.3228], [53.93,40.3228], [57.7218,50.9513], [36.524,28.9406], [23.5985,27.9068], [13.1858,14.3229], [13.1858,14.3229], [25.0857,19.9209], [18.8416,20.9855], [25.0857,19.9209], [14.854,7.19974], [14.854,7.19974], [13.1858,14.3229], [6.57361,11.6624], [13.1858,14.3229], [14.854,7.19974], [25.0857,19.9209], [4.61772,21.5037], [6.57361,11.6624], [6.57361,11.6624], [14.854,7.19974], [7.63473,20.5209], [13.1858,14.3229], [14.854,7.19974], [4.61772,21.5037], [13.797,26.0812], [13.797,26.0812], [4.61772,21.5037], [7.63473,20.5209], [4.61772,21.5037], [18.8416,20.9855], [21.3208,35.7882], [23.918,29.0644], [21.3208,35.7882], [23.918,29.0644], [21.3208,35.7882], [21.3208,35.7882], [30.9462,43.053], [39.1251,20.8465], [35.5222,37.9117], [46.2947,24.362], [43.7405,33.7536], [43.7405,33.7536], [53.93,40.3228], [57.7167,30.8664], [57.7167,30.8664], [53.93,40.3228], [46.2947,24.362], [40.104,44.4291], [72.1161,46.1517], [72.1161,46.1517], [40.104,44.4291], [21.3208,35.7882], [21.3208,35.7882], [21.3208,35.7882], [21.3208,35.7882], [40.104,44.4291], [40.104,44.4291], [9.87987,46.83], [8.94262,51.1532], [10.5327,47.5797], [9.92771,61.9158], [10.5327,47.5797], [4.45064,61.7873], [11.1892,65.6078], [9.47295,59.612], [11.1892,65.6078], [14.5909,59.4696], [5.59809,75.5028], [9.47295,59.612], [11.1892,65.6078], [4.45064,61.7873], [14.5909,59.4696], [4.45064,61.7873], [11.1892,65.6078], [11.1892,65.6078], [9.47295,59.612], [16.7043,55.5956], [4.45064,61.7873], [4.45064,61.7873], [14.5909,59.4696], [7.4849,77.8574], [10.1887,80.7236], [17.6734,68.6729], [27.7306,68.8351], [20.3158,63.2882], [20.3158,63.2882], 