{
  "instance_index": 0,
  "birth_iter": 24,
  "death_iter": 30,
  "survival_iters": 6,
  "censored": false,
  "pre_vnd_cost": 10492,
  "post_vnd_cost": 583.74,
  "pre_vnd_coords": [[80,20], [92.3567,24.0993], [96.4479,6.97214], [96.4479,6.97214], [92.3567,24.0993], [92.3567,24.0993], [64.2414,37.2284], [78.8106,33.4429], [78.4166,37.4647], [78.4166,37.4647], [79.9566,58.454], [74.6213,57.4341], [66.9376,49.7196], [66.9376,49.7196], [78.4166,37.4647], [79.9566,58.454], [79.9566,58.454], [79.9566,58.454], [79.9566,58.454], [79.9566,58.454], [79.9566,58.454], [79.9566,58.454], [79.9566,58.454], [79.9566,58.454], [79.9566,58.454], [89.9777,63.8527], [79.9566,58.454], [79.9566,58.454], [69.8527,68.69], [74.6213,57.4341], [66.9376,49.7196], [70.2439,60.9703], [74.3602,73.5042], [66.9376,49.7196], [69.8527,68.69], [79.9566,58.454], [69.8527,68.69], [69.8527,68.69], [79.9566,58.454], [69.8527,68.69], [88.3027,81.0823], [88.3027,81.0823], [69.8527,68.69], [88.3027,81.0823], [89.9777,63.8527], [85.365,89.1435], [88.3027,81.0823], [95.5745,90.2981], [88.3027,81.0823], [95.5745,90.2981], [85.365,89.1435], [88.3027,81.0823], [85.365,89.1435], [78.9583,76.0993], [63.4861,84.446], [85.365,89.1435], [85.365,89.1435], [77.1784,96.7498], [85.365,89.1435], [75.3814,78.4708], [73.2017,95.0433], [85.365,89.1435], [77.1784,96.7498], [77.1784,96.7498], [77.1784,96.7498], [61.8185,91.7911], [61.8185,91.7911], [61.8185,91.7911], [73.2017,95.0433], [73.2017,95.0433], [67.769,88.0451], [77.1784,96.7498], [88.3027,81.0823], [73.2017,95.0433], [61.8185,91.7911], [73.2017,95.0433], [75.3814,78.4708], [67.769,88.0451], [95.5745,90.2981], [73.2017,95.0433], [61.8185,91.7911], [61.8185,91.7911], [61.8185,91.7911], [51.2619,97.946], [46.8032,101.393], [52.8379,88.8453], [73.2017,95.0433], [46.8032,101.393], [52.8379,88.8453], [67.769,88.0451], [61.8185,91.7911], [73.2017,95.0433], [61.8185,91.7911], [61.8185,91.7911], [61.8185,91.7911], [61.8185,91.7911], [52.8379,88.8453], [63.4861,84.446], [52.8379,88.8453], [52.8379,88.8453], [52.8379,88.8453], [65.2817,74.2897], [61.8185,91.7911], [61.8185,91.7911], [51.2619,97.946], [51.2619,97.946], [52.8379,88.8453], [41.1525,94.1679], [46.8032,101.393], [41.1525,94.1679], [61.8185,91.7911], [51.2619,97.946], [51.2619,97.946], [41.1525,94.1679], [40.0075,83.2431], [46.8032,101.393], [41.0064,99.0663], [61.8185,91.7911], [52.8379,88.8453], [52.8379,88.8453], [32.4918,90.882], [51.2619,97.946], [52.2193,74.1313], [40.9816,76.4086], [41.1525,94.1679], [41.0064,99.0663], [52.8379,88.8453], [52.2193,74.1313], [45.1948,80.8571], [41.1525,94.1679], [52.2193,74.1313], [61.8185,91.7911], [46.8032,101.393], [51.2619,97.946], [52.8379,88.8453], [32.4918,90.882], [44.7154,88.553], [46.8032,101.393], [41.1525,94.1679], [40.0075,83.2431], [46.8032,101.393], [52.8379,88.8453], [32.4918,90.882], [51.2619,97.946], [45.1948,80.8571], [32.4918,90.882], [40.0075,83.2431], [30.8452,101.495], [37.4994,81.4896], [55.4766,83.9316], [43.7859,87.6759], [30.5282,96.2727], [23.9548,92.4949], [37.4994,81.4896], [23.9548,92.4949], [39.3248,87.5204], [30.5282,96.2727], [39.3248,87.5204], [30.8452,101.495], [30.5282,96.2727], [23.9548,92.4949], [39.3248,87.5204], [53.0459,83.6707], [43.7859,87.6759], [39.3248,87.5204], [55.9621,85.2887], [48.2525,87.4573], [48.2525,87.4573], [55.9621,85.2887], [57.5636,84.2801], [55.9621,85.2887], [61.5908,74.9608], [63.1511,78.9453], [63.1511,78.9453], [55.9621,85.2887], [61.5908,74.9608], [57.5636,84.2801], [63.1511,78.9453], [55.5082,69.2354], [63.1511,78.9453], [63.1511,78.9453], [61.5908,74.9608], [61.5908,74.9608], [66.9161,63.298], [63.1511,78.9453], [63.1511,78.9453], [55.5082,69.2354], [73.2686,58.8728], [73.2686,58.8728], [74.9532,50.7899], [61.5908,74.9608], [61.5908,74.9608], [63.1511,78.9453], [57.4217,64.4528], [61.5908,74.9608], [63.1511,78.9453], [63.1511,78.9453], [66.9161,63.298], [66.9161,63.298], [73.2686,58.8728], [73.2686,58.8728], [56.2848,64.6271], [66.9161,63.298], [60.7254,69.2808], [58.142,51.4226], [73.2686,58.8728], [73.2686,58.8728], [60.7254,69.2808], [58.142,51.4226], [61.9029,41.3358], [58.142,51.4226], [53.879,49.7166], [65.2553,43.6225], [58.142,51.4226], [74.9532,50.7899], [61.9029,41.3358], [61.9029,41.3358], [61.9029,41.3358], [65.2553,43.6225], [50.3572,34.0061], [50.3572,34.0061], [17.0016,52.4651], [13.1454,64.2023], [10.771,71.6756], [13.2469,61.4671], [13.2469,61.4671], [14.7592,60.541], [13.2469,61.4671], [14.7592,60.541], [14.7592,60.541], [13.2469,61.4671], [17.0016,52.4651], [24.158,64.3137], [13.2469,61.4671], [26.9902,55.4357], [26.9902,55.4357], [20.1859,49.8316], [17.1366,43.4689], [20.1859,49.8316], [26.9902,55.4357], [26.9902,55.4357], [17.1366,43.4689], [12.4508,46.1722], [26.9902,55.4357], [30.2253,42.363], [49.6724,36.9543], [53.879,49.7166], [40.8472,52.6696], [29.2649,62.6855], [40.8472,52.6696], [42.3026,50.9637], [52.191,43.4446], [40.136,55.5403], [54.6599,45.2681], [40.8472,52.6696], [40.8472,52.6696], [40.8472,52.6696], [47.3734,35.3217], [49.6724,36.9543], [52.191,43.4446], [50.3572,34.0061], [50.3572,34.0061], [50.3572,34.0061], [50.3572,34.0061], [49.6724,36.9543], [47.3734,35.3217], [47.3734,35.3217], [50.3572,34.0061], [61.9029,41.3358], [54.6599,45.2681], [54.6599,45.2681], [54.6599,45.2681], [50.3572,34.0061], [58.142,51.4226], [58.142,51.4226], [58.142,51.4226], [54.6599,45.2681], [54.6599,45.2681], [58.142,51.4226], [50.3572,34.0061], [50.3572,34.0061], [61.9029,41.3358], [47.3734,35.3217], [65.2553,43.6225], [50.3572,34.0061], [49.6724,36.9543], [47.3734,35.3217], [49.6724,36.9543], [54.6599,45.2681], [54.6599,45.2681], [42.3026,50.9637], [42.3026,50.9637], [40.136,55.5403], [54.6599,45.2681], [54.6599,45.2681], [40.136,55.5403], [50.3572,34.0061], [58.142,51.4226], [44.8045,57.1836], [58.142,51.4226], [42.3026,50.9637], [40.8472,52.6696], [58.142,51.4226], [40.136,55.5403], [60.7254,69.2808], [40.136,55.5403], [44.8045,57.1836], [36.242,62.1475], [44.8045,57.1836], [36.242,62.1475], [44.8045,57.1836], [36.242,62.1475], [44.8045,57.1836], [58.142,51.4226], [44.8045,57.1836], [57.4217,64.4528], [44.8045,57.1836], [36.242,62.1475], [57.4217,64.4528], [61.9029,41.3358], [54.6599,45.2681], [57.4217,64.4528], [57.4217,64.4528], [53.879,49.7166], [58.142,51.4226], [54.6599,45.2681], [56.2848,64.6271], [56.2848,64.6271], [55.5082,69.2354], [58.142,51.4226], [57.4217,64.4528], [57.4217,64.4528], [36.242,62.1475], [73.2686,58.8728], [50.3408,67.6541], [57.4217,64.4528], [56.2848,64.6271], [60.7254,69.2808], [58.142,51.4226], [57.4217,64.4528], [44.8045,57.1836], [66.9161,63.298], [74.9532,50.7899], [60.7254,69.2808], [57.4217,64.4528], [61.5908,74.9608], [57.4217,64.4528], [60.7254,69.2808], [63.1511,78.9453], [66.9161,63.298], [51.3236,76.7709], [51.3236,76.7709], [61.5908,74.9608], [61.5908,74.9608], [63.1511,78.9453], [55.4766,83.9316], [55.9621,85.2887], [51.3236,76.7709], [37.4994,81.4896], [50.3408,67.6541], [50.3408,67.6541], [61.5908,74.9608], [61.5908,74.9608], [51.3236,76.7709], [61.5908,74.9608], [50.3408,67.6541], [57.4217,64.4528], [51.3236,76.7709], [60.7254,69.2808], [56.2848,64.6271], [57.4217,64.4528], [57.4217,64.4528], [37.4994,81.4896], [60.7254,69.2808], [60.7254,69.2808], [56.2848,64.6271], [57.4217,64.4528], [29.2649,62.6855], [47.8131,77.0254], [47.8131,77.0254], [57.4217,64.4528], [51.3236,76.7709], [51.3236,76.7709], [55.5082,69.2354], [55.9621,85.2887], [55.4766,83.9316], [60.7254,69.2808], [50.3408,67.6541], [60.7254,69.2808], [55.5082,69.2354], [55.5082,69.2354], [50.3408,67.6541], [60.7254,69.2808], [61.5908,74.9608], [55.4766,83.9316], [47.8131,77.0254], [55.9621,85.2887], [51.3236,76.7709], [47.8131,77.0254], [51.3236,76.7709], [55.9621,85.2887], [55.9621,85.2887], [47.8131,77.0254], [51.3236,76.7709], [23.9548,92.4949], [47.8131,77.0254], [39.3248,87.5204], [55.9621,85.2887], [55.9621,85.2887], [55.9621,85.2887], [53.0459,83.6707], [50.3408,67.6541], [55.9621,85.2887], [55.9621,85.2887], [61.5908,74.9608], [39.3248,87.5204], [50.3408,67.6541],