{
  "instance_index": 0,
  "birth_iter": 35,
  "death_iter": 40,
  "survival_iters": 5,
  "censored": false,
  "pre_vnd_cost": 10648.5,
  "post_vnd_cost": 706.145,
  "pre_vnd_coords": [[80,20], [64.8842,25.8819], [62.434,33.8195], [64.1026,28.4132], [67.6171,17.0252], [47.9273,32.2335], [67.9266,16.0231], [63.6546,29.864], [66.3015,21.2885], [63.9016,29.0641], [64.2607,27.9013], [63.2922,31.0379], [67.0996,18.702], [35.3928,21.1923], [48.0157,32.6583], [68.2686,14.9155], [48.1716,33.407], [33.4113,24.181], [42.8293,23.5809], [48.6323,35.6201], [40.0076,18.7916], [41.8897,21.9861], [40.9234,20.3461], [48.3406,34.2189], [48.0659,32.8994], [48.1178,33.1486], [37.2672,18.3643], [36.3918,19.6852], [34.5811,22.4166], [39.1509,17.3375], [33.163,24.5559], [33.2878,24.3674], [25.9708,26.006], [33.5351,23.9939], [35.7543,20.647], [36.9841,18.7914], [34.994,21.7938], [18.3635,26.1365], [36.689,19.2367], [18.5834,26.4306], [18.7682,26.6778], [10.7004,17.8843], [36.0744,20.1641], [23.0435,38.3711], [18.3229,26.0822], [33.0327,24.7526], [18.6322,26.4959], [18.2825,26.0282], [18.722,26.616], [18.0754,25.7512], [14.7821,40.0176], [10.501,20.0287], [18.4037,26.1903], [10.8655,16.1098], [17.8652,25.47], [10.8655,16.1098], [10.5531,19.4676], [10.6536,18.3873], [10.8655,16.1098], [18.4937,26.3106], [18.5386,26.3707], [10.4472,20.6069], [10.8655,16.1098], [10.8655,16.1098], [10.8655,16.1098], [10.1779,23.5031], [11.847,17.4222], [10.383,21.2974], [10.8655,16.1098], [10.8655,16.1098], [10.8655,16.1098], [10.2513,22.7138], [9.43144,31.5304], [9.96049,25.8408], [17.9415,39.3721], [9.6306,29.3885], [10.3074,22.1104], [9.53078,30.462], [9.74188,28.1918], [9.85522,26.9729], [8.52408,41.2869], [10.0687,24.6773], [10.6002,18.9614], [13.3365,19.4137], [9.24287,33.5579], [21.8613,38.8697], [28.6268,41.1797], [24.2593,38.4211], [18.961,26.9356], [18.8174,26.7435], [8.65317,39.8988], [17.9415,39.3721], [18.4503,26.2526], [33.0842,43.8599], [38.0185,17.9547], [30.2186,42.1849], [25.3051,39.0815], [18.8687,26.8121], [17.292,39.5048], [26.505,49.76], [16.0322,39.7622], [33.1238,43.9978], [19.0549,27.0611], [28.1999,40.91], [30.9991,42.6775], [31.4663,49.6353], [26.1978,39.6453], [27.7888,40.6504], [30.0048,49.6721], [18.9048,40.117], [18.0229,39.9048], [26.4292,60.8467], [29.2669,49.6907], [19.0084,26.999], [33.0977,43.907], [26.5879,39.8917], [34.1038,23.1361], [23.7247,38.0836], [17.6753,25.216], [28.8956,25.5609], [16.7029,23.9156], [29.6126,41.8022], [43.6988,25.057], [48.7677,36.2703], [24.7975,38.7609], [48.397,34.49], [31.0366,25.2353], [44.7246,26.7978], [48.227,33.6733], [33.0842,43.8599], [35.5134,49.5341], [45.6287,28.3324], [48.5126,35.0449], [46.5431,29.8846], [33.0842,43.8599], [33.6574,23.8091], [30.7414,49.6535], [36.3346,49.5138], [33.0842,43.8599], [49.22,38.4379], [51.5979,49.8371], [34.8333,46.9024], [32.9162,49.5988], [49.4004,39.3039], [49.4825,39.6979], [51.721,50.4275], [33.0842,43.8599], [25.2732,49.7908], [37.348,61.176], [33.4808,49.5847], [31.8357,43.2054], [32.9008,24.9519], [50.0011,42.1873], [37.348,61.176], [59.0139,44.9003], [32.5122,43.6325], [37.348,61.176], [51.2004,47.9315], [51.0235,47.0838], [50.4739,44.4501], [50.845,46.2284], [50.6609,45.3466], [33.1311,44.0232], [55.9737,54.4895], [49.7708,41.0819], [49.6986,40.7354], [49.6274,40.3936], [49.5561,40.0511], [49.8434,41.4306], [48.7008,35.949], [47.9717,32.4466], [36.3346,49.5138], [75.5516,43.7261], [49.3135,38.8865], [48.4534,34.7607], [65.3403,24.4042], [49.9161,41.7793], [59.7995,42.3568], [48.2834,33.9443], [49.0661,37.7003], [60.4651,40.2022], [59.251,44.1325], [58.7787,45.6617], [50.0862,42.5959], [59.4644,43.4416], [64.4109,27.4152], [48.5709,35.3252], [48.92,37.0001], [60.6051,39.749], [58.3784,46.9586], [60.3322,40.6324], [59.6492,42.8432], [60.1935,41.0813], [60.0567,41.5243], [59.9259,41.9476], [55.4738,54.8538], [77.3013,40.7523], [84.8945,27.8533], [79.837,36.4437], [74.3273,45.8082], [78.3866,38.9078], [75.1256,44.4505], [74.7109,45.1558], [73.9273,46.4884], [55.7264,54.6697], [56.0279,54.45], [76.3246,42.4121], [60.7505,39.2784], [57.7354,49.042], [51.4861,49.3011], [52.3999,53.6764], [37.1894,61.5636], [54.4956,54.8721], [55.7756,54.6339], [55.8242,54.5984], [52.2645,53.0271], [55.8729,54.563], [52.1217,52.3428], [56.0775,54.4139], [55.5694,54.7842], [52.5243,54.273], [57.3299,50.3555], [55.6216,54.7461], [55.5197,54.8204], [56.7389,52.2705], [37.348,61.176], [33.0842,43.8599], [51.3649,48.7197], [55.6727,54.7089], [35.577,65.5028], [35.9245,49.524], [35.0464,49.5457], [37.348,61.176], [37.348,61.176], [36.8594,62.3698], [37.348,61.176], [35.2819,61.1137], [52.6405,54.83], [33.7005,70.0874], [37.348,61.176], [37.348,61.176], [35.9665,64.5516], [35.1744,66.4862], [35.8365,64.8689], [34.3865,68.4112], [36.3726,63.5596], [34.5707,49.5575], [37.348,61.176], [23.4523,49.8363], [37.0242,61.9672], [32.0819,74.0511], [35.7068,65.1857], [37.348,61.176], [34.0419,49.5707], [37.348,61.176], [36.6905,62.7828], [22.4547,76.7083], [47.5894,79.1102], [47.5894,79.1102], [22.4547,76.7083], [28.666,82.9487], [33.1598,91.7453], [28.666,82.9487], [28.666,82.9487], [15.3218,76.1272], [15.3218,76.1272], [28.666,82.9487], [36.3768,92.3989], [28.8387,91.993], [13.2393,82.5161], [28.666,82.9487], [28.666,82.9487], [14.8358,92.6822], [21.3498,84.6791], [28.8387,91.993], [33.1598,91.7453], [28.666,82.9487], [14.8358,92.6822], [28.8387,91.993], [36.3768,92.3989], [28.8387,91.993], [21.3498,84.6791], [28.666,82.9487], [33.1598,91.7453], [36.3768,92.3989], [33.1598,91.7453], [36.3768,92.3989], [49.535,91.7654], [36.3768,92.3989], [33.0061,94.5587], [47.5894,79.1102], [28.8387,91.993], [33.1598,91.7453], [28.666,82.9487], [36.3768,92.3989], [28.666,82.9487], [47.5894,79.1102], [33.0061,94.5587], [33.0061,94.5587], [49.535,91.7654], [36.3768,92.3989], [14.8358,92.6822], [33.1598,91.7453], [33.0061,94.5587], [17.145,90.815], [17.1846,90.1737], [8.53313,80.797], [17.7483,77.8725], [12.3466,90.7772], [9.58279,85.5952], [11.5344,90.5067], [17.0507,92.3442], [17.0739,91.9689], [11.9176,90.6343], [11.1754,90.3872], [17.1977,89.9606], [17.2132,89.7107], [17.0507,92.3442], [17.0507,92.3442], [10.4401,89.5238], [17.1585,90.5963], [10.1688,88.2809], [17.0507,92.3442], [17.1208,91.2077], [17.0507,92.3442], [9.85046,86.8221], [17.6829,77.682], [17.2619,88.9269], [17.8542,79.4267], [17.1095,91.3916], [17.5971,77.4325], [8.36375,80.0216], [9.98257,87.4278], [7.80899,77.4879], [17.8119,78.0574], [10.0194,87.5967], [9.94717,87.2655], [17.7905,77.9951], [8.5699,80.9656], [17.7267,77.8095], [17.8744,78.2392], [8.867,82.3219], [7.39799,74.2668], [7.2856,75.1005], [10.3163,88.9572], [17.6494,82.7195], [13.1159,91.0333], [17.4184,86.4178], [15.4963,71.372], [8.6057,81.1298], [7.28561,75.1005], [9.38365,84.683], [7.2856,75.1005], [15.1915,70.7569], [7.93008,70.3161], [9.48746,58.7552], [15.7076,71.9178], [14.8222,70.0115], [8.29876,79.7242], [14.5403,69.4427], [22.5974,63.4771], [17.618,77.4933], [8.00185,69.7825], [7.28561,75.1005], [17.8524,78.1751], [17.8875,78.8916], [17.8217,79.9498], [17.4708,85.5798], [14.6143,69.5921], [17.6601,77.6159], [17.769,77.9327], [22.3885,63.6205], [16.1665,73.2556], [17.8326,78.1175], [9.4247,84.871], [8.49996,66.0843], [17.1716,90.3848], [16.0701,72.9747], [17.7058,77.7488], [9.78179,86.5074], [10.3562,89.1398], [17.0622,92.1577], [17.7893,80.4717], [9.88482,86.9795], [16.2656,73.5443], [17.6101,83.3495], [17.5213,84.7724], [17.896,78.3021], [17.1323,91.0211], [17.3298,87.8356], [17.5764,77.3724], [17.0507,92.3442], [10.5449,90.0044], [10.7971,90.2612], [16.723,92.235], [51.7287,69.5828], [61.3529,66.4451], [51.7287,69.5828], [48.1096,67.6498], [41.1089,64.1289], [31.1331,79.0326], [31.3551,90.651], [31.5284,90.8177], [50.0241,76.2132], [46.6517,77.287], [46.5056,77.1104], [48.362,79.354], [46.7856,77.4489], [49.0972,76.3658], [37.348,61.176], [34.2132,68.8347], [46.4389,77.0297], [35.3015,66.1758], [31.8019,91.081], [36.0976,64.2312], [46.3042,76.8668], [31.2499,76.0889], [30.9124,60.9819], 