{
  "instance_index": 0,
  "birth_iter": 122,
  "death_iter": 130,
  "survival_iters": 8,
  "censored": false,
  "pre_vnd_cost": 8695.03,
  "post_vnd_cost": 520.921,
  "pre_vnd_coords": [[80,20], [71.8835,17.3486], [67.1377,15.7983], [69.0518,16.4236], [54.3112,29.6297], [75.4769,18.5224], [70.6854,16.9572], [67.7677,16.0041], [66.4621,15.5776], [73.5822,17.9035], [68.3705,16.201], [61.4104,21.4197], [69.7385,16.6479], [58.3244,24.9886], [51.5801,32.8962], [51.7585,32.6377], [58.1009,43.9], [52.5683,31.6453], [50.5829,34.3416], [45.0946,42.296], [50.9957,33.7433], [58.1009,43.9], [51.3909,33.1706], [50.7889,34.043], [56.2783,27.3548], [59.5329,23.5909], [58.1009,43.9], [59.9743,45.6371], [59.1019,44.8281], [62.0699,47.5801], [58.1009,43.9], [45.7347,41.3683], [45.9493,41.0573], [46.1461,40.772], [46.6807,39.9972], [47.0453,39.4688], [60.9594,46.5504], [47.2264,39.2063], [48.1211,37.9095], [58.1009,43.9], [54.9325,28.9112], [55.5592,28.1864], [57.032,26.4832], [51.1909,33.4604], [58.1009,43.9], [58.1009,43.9], [58.1009,43.9], [58.1009,43.9], [46.8571,39.7415], [58.1009,43.9], [58.1009,43.9], [60.8169,58.0484], [58.1009,43.9], [62.697,53.2123], [64.5614,52.0168], [58.1009,43.9], [60.7549,57.8416], [51.9495,32.3609], [49.1656,36.3957], [46.4897,40.2741], [58.1009,43.9], [45.5041,41.7025], [45.0946,42.296], [46.3066,40.5394], [47.8665,38.2786], [42.3612,53.1799], [45.528,43.5277], [42.2963,55.8182], [60.6026,57.334], [41.9352,66.3563], [47.4031,38.9502], [45.3141,41.9778], [48.8843,36.8034], [45.9769,44.8037], [48.5932,37.2253], [42.4415,53.396], [45.6523,43.881], [45.4137,43.2028], [61.2866,59.0235], [42.2211,56.5299], [45.877,44.5197], [47.0529,71.0981], [41.8251,60.2762], [41.3924,64.3707], [41.3149,65.7816], [42.0563,58.0891], [41.282,65.7511], [41.5427,62.9487], [41.3052,65.1951], [47.1014,71.1431], [41.6583,61.8542], [41.7145,61.3228], [46.1796,45.3798], [42.0092,58.5346], [46.0749,45.0822], [45.7878,44.2662], [42.5277,53.628], [46.9638,71.0156], [47.2396,71.2712], [42.0416,67.744], [41.9046,68.0536], [41.9754,67.8937], [37.9813,70.1442], [38.0815,70.2023], [38.0315,70.1733], [26.9859,87.4019], [22.445,87.9586], [24.6845,88.2975], [9.58187,89.041], [25.2904,88.3114], [31.7632,74.7258], [38.0008,88.6032], [38.1962,88.6077], [9.57018,89.0876], [23.7423,88.2246], [12.5329,78.0838], [10.7299,88.6955], [12.715,77.7573], [36.1054,88.5597], [36.5063,88.5689], [34.3827,74.8388], [36.4221,74.9268], [24.9529,88.3036], [11.9884,74.2552], [24.7828,74.4245], [24.9977,88.3047], [24.8087,88.3003], [18.2109,87.6397], [35.0277,88.535], [35.7491,74.8978], [32.9009,88.4861], [27.9439,74.5609], [24.4024,74.4081], [22.4649,65.9786], [31.2201,74.7023], [21.0096,74.2617], [21.7492,74.2936], [21.2572,74.2724], [22.2421,65.9153], [19.7183,87.4734], [35.1908,69.8694], [26.3897,74.4939], [20.7711,74.2514], [33.7212,74.8103], [11.9797,74.2136], [19.952,87.4476], [22.0323,65.8557], [28.6506,74.5914], [22.4649,65.9786], [21.2724,65.6398], [26.5411,88.3401], [32.4718,74.7563], [25.3507,74.449], [25.1394,74.4399], [41.4067,65.8666], [31.1494,66.5022], [29.3675,74.6224], [23.9515,74.3886], [12.6892,77.8036], [11.9456,74.0492], [20.5797,65.443], [20.8234,65.5123], [27.3989,64.6494], [20.333,65.3729], [41.3838,88.6809], [12.2759,78.5445], [12.0361,74.4851], [12.4299,78.2684], [24.0241,88.2823], [33.5589,88.5012], [24.7428,88.2988], [9.73368,88.436], [9.57603,89.0643], [24.0241,88.2823], [21.4366,87.7519], [22.0805,87.8839], [27.5465,88.3632], [11.9189,73.9205], [25.037,88.3056], [24.0241,88.2823], [22.8042,88.0323], [25.1204,88.3075], [24.0241,88.2823], [21.7569,87.8176], [20.1964,87.4977], [11.1219,88.5378], [9.65537,88.7481], [24.0241,88.2823], [19.952,87.4476], [12.6324,77.9054], [24.0241,88.2823], [9.57886,89.053], [10.0762,88.9584], [11.44,88.4099], [9.54942,89.1703], [9.75638,88.3456], [9.6186,88.8946], [9.98713,88.9943], [9.64022,89.1338], [9.72162,89.1011], [9.81432,89.0638], [9.90195,89.0286], [9.59896,88.9729], [9.87773,87.862], [15.6983,87.9169], [9.99138,87.4091], [9.69331,88.5969], [12.2461,78.5979], [9.58476,89.0295], [12.4628,88.2739], [11.2791,88.4746], [11.0603,83.1491], [11.0435,88.5694], [11.5193,88.378], [12.5064,78.1313], [11.1331,82.8588], [9.55686,89.1407], [9.56683,89.1009], [13.496,88.1599], [10.8943,88.6294], [10.171,88.9203], [14.5981,88.0383], [9.56004,89.128], [10.3522,88.8474], [12.14,88.3095], [9.58757,89.0183], [12.3391,75.9457], [11.4125,81.7454], [12.2194,78.6459], [10.5741,85.0866], [20.7856,87.6185], [10.9122,83.7394], [12.2013,78.6783], [9.55373,89.1532], [12.4989,76.7159], [12.4811,78.1767], [11.954,74.0893], [11.8439,88.3422], [12.5822,77.9954], [12.607,77.951], [11.2009,88.5061], [10.2603,88.8844], [12.1839,78.7094], [11.3591,88.4425], [10.9626,88.6019], [12.4023,78.3178], [10.8064,88.6647], [9.67418,88.6732], [9.59329,88.9955], [9.59617,88.984], [9.63635,88.8239], [10.6273,88.7368], [9.59042,89.0069], [11.3501,81.9943], [19.7489,74.2073], [9.56315,89.1156], [10.2668,86.3115], [10.4427,88.811], [10.5367,88.7732], [13.8661,88.1191], [11.2767,82.2868], [13.1328,88.2], [12.7838,88.2385], [10.9866,83.443], [12.3246,78.4573], [11.2074,82.5631], [22.4649,65.9786], [12.0527,74.5654], [12.4543,78.2246], [11.928,73.9641], [12.3504,78.4109], [9.57327,89.0753], [11.9623,74.1293], [12.1504,75.0364], [12.1668,78.7402], [11.9367,74.0061], [12.5921,73.8984], [12.3024,78.497], [12.3765,78.3643], [12.0437,74.5218], [10.8499,83.9876], [12.0277,74.4448], [11.0291,62.479], [11.9713,74.1727], [28.0602,88.375], [14.7881,73.9932], [19.2743,74.1868], [11.0293,63.0863], [11.0286,60.638], [11.9957,74.2907], [19.5085,74.1969], [11.0523,63.4453], [11.0984,63.4534], [11.0447,63.4439], [12.9431,63.7803], [11.0908,63.4521], [13.4279,73.9345], [11.1698,63.4661], [12.0189,74.4021], [12.0105,74.3619], [11.1131,63.456], [11.1418,63.4611], [13.7912,57.6049], [12.7073,58.5517], [11.0832,63.4507], [11.037,63.4426], [14.0024,63.968], [12.6603,77.8554], [11.7703,63.5725], [11.0294,63.4412], [11.0679,63.448], [11.0757,63.4494], [11.1551,63.4635], [11.9082,73.8689], [12.0642,49.7301], [13.4849,63.8763], [11.1273,63.4586], [11.1621,63.4647], [11.4468,59.6528], [12.3361,63.6727], [11.0601,63.4466], [12.2446,75.4903], [12.0642,49.7301], [14.8436,56.6856], [13.165,58.1519], [11.1057,63.4547], [12.0642,49.7301], [19.2256,50.5836], [11.7774,49.4233], [11.2346,59.8382], [12.0642,49.7301], [11.0288,61.2056], [11.8849,49.5383], [13.5882,57.7822], [11.1265,46.1381], [11.4803,48.6913], [11.0285,60.0182], [11.5477,49.1776], [11.1488,63.4624], [11.1347,63.4599], [11.877,59.277], [12.5027,58.7304], [13.3787,57.9652], [15.6688,51.9028], [12.0275,49.6908], [11.9905,49.6512], [11.9195,49.5753], [11.8157,49.4643], [11.8528,49.5039], [11.346,47.7221], [14.4991,42.78], [14.5299,37.8746], [15.1376,42.3801], [11.1706,44.8648], [14.314,42.8959], [14.2527,42.9343], [21.0365,49.9119], [10.9677,44.9918], [11.274,47.2025], [15.0099,42.46], [13.0951,43.6594], [11.0499,45.5856], [13.0284,50.3112], [15.2723,42.2957], [11.4906,44.6643], [11.706,49.3469], [12.6692,43.9261], [13.7924,43.2226], [11.7402,49.3835], [12.2312,44.2004], [15.3462,42.2494], [11.1962,46.6411], [11.7488,44.5026], [14.7545,42.62], [12.467,44.0528], [14.3751,42.8576], [14.4382,42.8181], [14.8763,42.5437], [13.3333,43.5102], [12.9607,30.8907], [11.9546,49.6128], [14.785,39.01], [12.5538,50.0251], [14.6264,42.7003], [31.6205,24.2249], [20.5684,50.0855], [15.208,42.336], [14.9722,39.8433], [15.213,40.915], [14.8156,42.5817], [12.8472,17.3549], [12.6172,22.8846], [12.6355,29.4436], [14.6911,42.6597], [21.331,14.1917], [12.8341,30.3274], [14.9446,42.501], [12.8472,17.3549], [13.7256,34.2949], [12.4133,27.7866], [14.1502,14.4293], [13.1678,31.8126], [15.6271,14.3805], [13.2755,32.292], [12.8472,17.3549], [12.5487,24.5319], [12.5094,28.8824], [12.8472,17.3549], [12.8472,17.3549], [12.8472,17.3549], [12.4878,25.9945], [12.8472,17.3549], [12.3898,28.3501], [12.8472,17.3549], [12.8472,17.3549], [12.7252,29.8427], [32.5864,19.7176], [30.1755,13.899], 