{
  "instance_index": 0,
  "birth_iter": 2,
  "death_iter": 40,
  "survival_iters": 38,
  "censored": false,
  "pre_vnd_cost": 11467.2,
  "post_vnd_cost": 857.796,
  "pre_vnd_coords": [[80,20], [62.5672,15.3601], [57.9167,24.0195], [88.3905,12.3104], [99.656,4.98562], [88.3905,12.3104], [58.0426,14.8273], [62.5672,15.3601], [52.8655,12.8637], [65.1243,32.66], [62.5672,15.3601], [78.9135,21.0211], [57.9167,24.0195], [65.1243,32.66], [57.9167,24.0195], [68.8361,32.7302], [57.9167,24.0195], [52.8655,12.8637], [34.4628,6.02217], [34.4628,6.02217], [34.4628,6.02217], [28.8972,10.0085], [8.82083,12.8999], [14.7187,22.3262], [18.9573,12.6901], [11.5482,30.0252], [4.63997,9.69667], [8.82083,12.8999], [3.98583,22.4973], [8.82083,12.8999], [8.82083,12.8999], [4.63997,9.69667], [18.9573,12.6901], [4.63997,9.69667], [3.98583,22.4973], [3.98583,22.4973], [5.45892,31.4516], [3.98583,22.4973], [5.45892,31.4516], [14.7187,22.3262], [5.45892,31.4516], [14.7187,22.3262], [11.5482,30.0252], [8.82083,12.8999], [8.82083,12.8999], [8.82083,12.8999], [11.5482,30.0252], [3.98583,22.4973], [8.82083,12.8999], [4.63997,9.69667], [8.82083,12.8999], [3.98583,22.4973], [11.5482,30.0252], [5.45892,31.4516], [12.4238,32.107], [8.82083,12.8999], [5.45892,31.4516], [18.8011,42.0525], [11.5482,30.0252], [23.9388,44.1386], [23.542,15.3252], [23.9388,44.1386], [18.8011,42.0525], [7.77194,40.4724], [12.4238,32.107], [23.9388,44.1386], [30.4836,34.7839], [0.282277,41.7918], [7.77194,40.4724], [0.282277,41.7918], [7.77194,40.4724], [5.45892,31.4516], [7.77194,40.4724], [11.5482,30.0252], [12.4238,32.107], [18.8011,42.0525], [5.45892,31.4516], [12.4238,32.107], [0.282277,41.7918], [0.282277,41.7918], [1.64859,57.832], [0.282277,41.7918], [7.77194,40.4724], [0.282277,41.7918], [0.282277,41.7918], [7.77194,40.4724], [7.27307,49.5216], [21.8464,46.8014], [7.27307,49.5216], [15.4442,48.8203], [14.3095,44.1369], [21.8464,46.8014], [14.3095,44.1369], [7.27307,49.5216], [34.3082,45.6051], [16.489,44.4669], [16.5059,55.6921], [15.4442,48.8203], [14.3095,44.1369], [21.8464,46.8014], [41.187,34.6889], [22.8956,39.3965], [30.3239,45.5535], [30.3239,45.5535], [21.8464,46.8014], [30.3239,45.5535], [15.4442,48.8203], [41.187,34.6889], [31.8152,34.5319], [26.5438,22.1217], [26.5438,22.1217], [31.8152,34.5319], [30.3239,45.5535], [30.3239,45.5535], [31.8152,34.5319], [22.8956,39.3965], [27.6861,50.0167], [21.8464,46.8014], [22.8956,39.3965], [14.3095,44.1369], [31.8152,34.5319], [31.8152,34.5319], [26.5438,22.1217], [26.5438,22.1217], [35.4963,25.2395], [26.5438,22.1217], [26.5438,22.1217], [35.4963,25.2395], [35.4963,25.2395], [66.7577,33.1686], [71.3618,44.3128], [71.3618,44.3128], [71.3618,44.3128], [71.3618,44.3128], [67.2747,39.2253], [66.7577,33.1686], [56.1237,38.5202], [49.0033,35.2193], [67.2747,39.2253], [63.7243,39.3925], [63.7243,39.3925], [41.187,34.6889], [56.1237,38.5202], [57.7396,46.8177], [66.7577,33.1686], [63.7243,39.3925], [66.7577,33.1686], [56.1237,38.5202], [65.2,44.1545], [1.7623,61.2584], [0.282277,41.7918], [1.64859,57.832], [1.64859,57.832], [1.64859,57.832], [14.3095,44.1369], [13.123,77.9575], [39.8126,83.1987], [39.8126,83.1987], [46.1905,85.5962], [40.4658,80.2286], [39.9807,89.8465], [39.9807,89.8465], [51.0366,84.4801], [54.3959,82.4488], [39.9807,89.8465], [47.2263,89.0409], [47.2263,89.0409], [46.1905,85.5962], [40.4658,80.2286], [39.9807,89.8465], [51.0366,84.4801], [47.2263,89.0409], [39.9807,89.8465], [46.2088,74.9132], [56.2289,97.8903], [54.3959,82.4488], [56.2289,97.8903], [47.2263,89.0409], [47.2263,89.0409], [56.2289,97.8903], [54.3959,82.4488], [56.2289,97.8903], [56.2289,97.8903], [56.2289,97.8903], [39.9807,89.8465], [54.3959,82.4488], [56.2289,97.8903], [55.286,73.9418], [56.2289,97.8903], [39.9807,89.8465], [54.3959,82.4488], [46.1905,85.5962], [46.1905,85.5962], [51.0366,84.4801], [47.2263,89.0409], [47.2263,89.0409], [54.3959,82.4488], [46.2088,74.9132], [54.3959,82.4488], [54.3959,82.4488], [47.2263,89.0409], [54.3959,82.4488], [46.2088,74.9132], [56.2289,97.8903], [67.6549,81.9268], [46.1905,85.5962], [46.2088,74.9132], [65.9378,70.7611], [54.3959,82.4488], [62.0927,79.5888], [54.3959,82.4488], [46.1905,85.5962], [46.2088,74.9132], [62.0927,79.5888], [62.0927,79.5888], [46.1905,85.5962], [46.2088,74.9132], [46.1905,85.5962], [47.2263,89.0409], [55.286,73.9418], [55.286,73.9418], [55.286,73.9418], [63.4415,85.1182], [62.8816,78.4004], [55.0546,75.5086], [63.4415,85.1182], [62.8816,78.4004], [52.7314,74.3906], [55.0546,75.5086], [62.8816,78.4004], [62.8816,78.4004], [63.4415,85.1182], [62.8816,78.4004], [62.8816,78.4004], [62.8816,78.4004], [52.7314,74.3906], [62.8816,78.4004], [63.4415,85.1182], [63.8741,91.0829], [62.8816,78.4004], [62.8816,78.4004], [63.4415,85.1182], [63.4415,85.1182], [62.8816,78.4004], [63.8741,91.0829], [72.8524,81.1254], [63.4415,85.1182], [77.9984,87.6515], [70.9028,101.794], [63.8741,91.0829], [63.8741,91.0829], [70.9028,101.794], [77.9984,87.6515], [63.4415,85.1182], [77.9984,87.6515], [77.9984,87.6515], [80.5008,64.2614], [69.5107,54.1089], [78.1213,78.0009], [80.5008,64.2614], [72.8524,81.1254], [68.829,59.3228], [55.4544,61.4824], [72.3865,67.6378], [72.3865,67.6378], [68.829,59.3228], [73.6783,56.9914], [93.3098,72.9369], [82.5091,51.977], [75.4534,47.9784], [82.5091,51.977], [68.829,59.3228], [81.7631,43.1185], [81.7631,43.1185], [81.7631,43.1185], [71.3618,44.3128], [68.829,59.3228], [62.6679,50.7087], [68.829,59.3228], [72.3865,67.6378], [81.7631,43.1185], [52.4038,71.4054], [75.4534,47.9784], [72.3865,67.6378], [55.4544,61.4824], [53.035,52.2233], [65.2,44.1545], [65.2,44.1545], [75.4534,47.9784], [57.7396,46.8177], [62.6679,50.7087], [75.4534,47.9784], [66.7612,67.1836], [69.5107,54.1089], [68.829,59.3228], [65.2,44.1545], [55.4544,61.4824], [62.6679,50.7087], [66.7612,67.1836], [50.9745,63.129], [57.7396,46.8177], [62.6679,50.7087], [62.8816,78.4004], [66.7612,67.1836], [66.7612,67.1836], [41.1975,58.7066], [50.9745,63.129], [55.4544,61.4824], [42.4258,68.4888], [50.9745,63.129], [53.035,52.2233], [41.3542,53.4361], [51.8147,42.6232], [50.9745,63.129], [62.6679,50.7087], [48.7905,57.1123], [52.4038,71.4054], [53.035,52.2233], [66.7612,67.1836], [62.6679,50.7087], [41.3542,53.4361], [62.6679,50.7087], [53.035,52.2233], [62.6679,50.7087], [50.9745,63.129], [48.7905,57.1123], [62.6679,50.7087], [41.3542,53.4361], [53.035,52.2233], [41.3542,53.4361], [41.187,34.6889], [34.3082,45.6051], [42.3781,65.3083], [41.3542,53.4361], [41.1975,58.7066], [26.7341,55.3728], [41.3542,53.4361], [31.801,50.6815], [36.8508,62.1016], [48.7905,57.1123], [41.187,34.6889], [36.8508,62.1016], [30.3239,45.5535], [31.801,50.6815], [41.187,34.6889], [41.187,34.6889], [56.1237,38.5202], [51.8147,42.6232], [41.187,34.6889], [41.187,34.6889], [41.187,34.6889], [31.8152,34.5319], [41.187,34.6889], [41.187,34.6889], [41.187,34.6889], [41.187,34.6889], [41.187,34.6889], [41.187,34.6889], [41.187,34.6889], [41.187,34.6889], [31.8152,34.5319], [56.1237,38.5202], [41.187,34.6889], [35.4963,25.2395], [35.4963,25.2395], [31.8152,34.5319], [19.3154,36.2682], [26.5438,22.1217], [35.4963,25.2395], [31.8152,34.5319], [26.5438,22.1217], [19.3154,36.2682], [19.3154,36.2682], [26.5438,22.1217], [24.4423,29.8466], [26.5438,22.1217], [24.4423,29.8466], [24.4423,29.8466], [31.8152,34.5319], [26.5438,22.1217], [35.4963,25.2395], [35.4963,25.2395], [26.5438,22.1217], [35.4963,25.2395], [26.5438,22.1217], [34.4728,8.65635], [34.4728,8.65635], [26.5438,22.1217], [35.4963,25.2395], [31.8152,34.5319], [49.0033,35.2193], [49.9657,24.4014], [49.9657,24.4014], [56.1237,38.5202], [48.8397,16.7191], [49.9657,24.4014], [41.187,34.6889], [30.3239,45.5535], [41.187,34.6889], [24.4423,29.8466], [49.9657,24.4014], [49.9657,24.4014], [49.0033,35.2193], [41.3542,53.4361], [51.8147,42.6232], [51.8147,42.6232], [51.8147,42.6232], [56.1237,38.5202], [56.1237,38.5202], [41.3542,53.4361], [41.187,34.6889], [56.1237,38.5202], [30.3239,45.5535], [48.7905,57.1123], [55.4544,61.4824], 