{
  "instance_index": 0,
  "birth_iter": 51,
  "death_iter": 100,
  "survival_iters": 49,
  "censored": false,
  "pre_vnd_cost": 8228.1,
  "post_vnd_cost": 508.675,
  "pre_vnd_coords": [[80,20], [86.1821,17.5107], [86.1672,17.5546], [86.1617,17.5707], [86.1564,17.5862], [84.9084,21.4175], [85.7819,18.7869], [83.053,26.7058], [66.7702,17.8939], [63.0436,25.1615], [62.5142,26.2985], [60.2395,32.9951], [60.4894,32.8619], [59.0525,33.7332], [72.4755,49.3827], [68.9992,48.0701], [61.5334,54.7595], [69.4207,47.8142], [67.8176,48.7875], [75.4352,48.2668], [74.8297,48.4951], [74.2049,48.7307], [79.0153,38.5697], [76.0733,48.0262], [68.3005,50.9569], [56.5972,37.1717], [58.4801,34.9625], [81.6937,60.4562], [79.5335,37.0473], [76.0733,48.0262], [60.7619,32.7167], [80.8953,59.8097], [81.8816,30.1478], [81.6467,31.2405], [41.7595,65.4329], [55.0401,33.7391], [56.8426,33.3541], [50.5181,27.8724], [60.7849,30.0124], [55.9817,34.7867], [42.367,48.8127], [40.9775,37.0224], [42.7338,45.6601], [41.9962,43.6462], [57.3751,37.3359], [32.3586,51.0268], [26.3758,61.5108], [31.7337,54.2089], [31.0541,65.4294], [35.6763,54.4827], [33.5331,53.585], [35.6212,69.6903], [44.4117,54.7374], [29.7444,41.1142], [29.7633,40.9873], [30.4074,74.2844], [16.239,75.7106], [19.5632,75.6275], [9.758,83.3216], [12.7063,89.7839], [11.627,89.8162], [12.8817,89.7787], [10.0134,88.116], [9.74928,83.1579], [9.99506,87.7709], [12.0794,89.8027], [10.5746,86.8675], [21.4023,90.1423], [9.9774,87.4396], [10.3502,89.8543], [10.3357,89.8547], [9.97794,87.4497], [9.97912,87.4719], [10.2874,89.8562], [10.0967,89.6784], [9.9802,87.492], [9.98245,87.5344], [9.79772,84.0673], [9.7395,82.9743], [11.105,86.6653], [11.1384,71.7324], [11.1427,71.7316], [11.0279,71.6287], [9.98487,87.5798], [14.5045,63.7905], [16.8413,61.5266], [9.52853,79.0146], [11.1084,71.7379], [11.0268,71.488], [22.2485,82.4176], [11.122,71.7354], [11.5182,76.156], [9.43088,77.1816], [11.2296,89.7248], [10.7746,86.7913], [11.0183,86.6984], [26.8282,89.3624], [24.6837,81.4893], [22.2895,90.1786], [17.4967,89.9821], [30.8663,72.4742], [47.6088,80.2722], [30.3595,65.7273], [47.1238,73.0134], [60.3508,90.1777], [47.2177,76.1282], [48.737,81.2478], [56.8461,81.1243], [52.5335,84.5309], [54.1649,85.9417], [61.0217,90.1202], [60.7931,90.1398], [60.8521,90.1347], [60.6851,90.149], [61.1682,89.6844], [54.5595,86.2829], [54.6252,86.3397], [64.6463,89.8716], [74.6281,88.955], [59.8494,90.2206], [60.3028,90.1818], [61.1583,90.1085], [71.0427,89.3741], [52.3175,84.3441], [75.1044,89.0583], [76.3316,88.9629], [74.0326,89.006], [78.9047,88.5891], [74.5127,88.9649], [74.2852,89.122], [72.376,89.2704], [72.005,89.2993], [73.107,89.0852], [73.5789,89.0448], [83.0007,85.639], [86.3959,79.7529], [73.4103,67.09], [86.0309,80.29], [85.8476,80.56], [85.5232,81.0094], [85.4372,80.8594], [84.8231,79.7877], [85.2119,80.4663], [80.5524,88.3538], [66.2467,69.277], [78.5439,59.8387], [80.92,72.9771], [80.8826,70.7858], [81.9992,61.1494], [83.4166,65.0453], [83.1308,61.6198], [86.2059,80.0325], [73.4103,67.09], [58.8622,74.227], [60.2592,75.0967], [80.6884,72.573], [81.0384,73.1837], [75.2652,58.4573], [62.927,57.9518], [83.1378,61.6045], [83.8468,64.0707], [84.5018,62.7299], [81.3259,60.1584], [82.7164,61.2843], [85.1483,63.2534], [81.1188,60.7975], [80.1977,60.4293], [80.6849,60.624], [77.5487,42.879], [79.9705,88.6799], [80.9286,88.2039], [80.8563,88.2934], [80.8825,88.2609], [80.9057,88.2322], [61.0548,89.2419], [61.1905,89.7713], [58.579,82.8226], [58.9571,82.5392], [59.9823,90.2092], [60.2403,86.0636], [67.2881,89.6661], [73.8956,89.1523], [80.6169,88.2588], [74.4593,88.9695], [80.7676,88.4031], [80.3509,88.6503], [78.093,88.8259], [60.8206,88.3279], [75.6476,88.8678], [75.0272,88.9209], [74.9619,88.9265], [60.1577,90.1942], [61.2592,90.0397], [50.3222,82.6186], [60.615,87.5257], [48.8137,88.8515], [53.9881,85.7888], [61.0884,90.1145], [41.567,66.2092], [61.2328,89.9366], [49.0352,80.4037], [53.7877,85.6155], [51.8537,89.3351], [51.8486,89.622], [51.8399,90.1071], [40.0652,86.4025], [52.0746,87.5348], [39.5369,67.3978], [24.4861,75.5292], [39.2668,89.8343], [39.7627,87.9391], [39.7222,88.1447], [39.7294,88.1082], [39.7367,88.071], [32.0387,90.5784], [42.3855,89.5133], [39.8225,87.6355], [39.8916,87.2842], [39.7693,87.9053], [39.5646,88.9448], [44.8497,89.2596], [44.1796,89.3286], [32.0387,90.5784], [32.0387,90.5784], [33.2911,89.1696], [30.7208,89.2463], [31.8519,89.2125], [39.6901,88.3076], [32.0387,90.5784], [40.1944,89.7388], [39.6826,88.3457], [31.5024,89.2229], [39.6562,88.48], [39.6296,88.6149], [37.9761,89.9672], [39.4526,89.8152], [39.6344,89.7965], [39.8272,89.7766], [39.5944,88.7939], [39.6707,88.4059], [52.0533,90.8884], [48.8137,88.8515], [48.8137,88.8515], [48.8137,88.8515], [60.7407,88.0165], [56.7594,84.186], [51.9079,90.9009], [54.7233,85.7116], [63.9259,69.9855], [60.3249,86.3938], [61.21,89.8475], [49.996,82.3365], [56.9207,84.0651], [57.0647,83.9572], [57.2265,83.836], [51.1553,83.339], [51.3664,83.5216], [51.5591,83.6883], [51.7613,83.8631], [53.2726,85.1701], [53.2132,85.1187], [53.104,85.0242], [51.8804,87.8418], [50.0318,80.4956], [37.6562,90.0001], [51.8804,87.8418], [27.7291,89.3356], [24.6837,81.4893], [39.5772,88.8811], [32.0387,90.5784], [39.6368,88.5784], [51.8602,88.9749], [30.2983,74.8268], [51.8804,87.8418], [50.9991,87.969], [48.8137,88.8515], [50.6737,88.1004], [48.8137,88.8515], [52.8052,87.1489], [52.4538,87.4122], [52.3315,87.5038], [52.2033,87.5999], [51.9651,84.0394], [51.8804,87.8418], [54.9189,85.565], [55.1474,85.3938], [52.7574,84.7246], [54.7553,86.4523], [52.8766,84.8276], [52.9968,84.9315], [58.287,73.869], [60.7429,90.1441], [54.6949,86.4001], [48.8137,88.8515], [51.8256,90.9079], [51.8655,88.6772], [51.9466,90.8976], [58.193,83.1118], [61.1965,71.2219], [60.15,65.019], [61.3772,77.8627], [59.0773,74.3609], [58.7359,74.1484], [65.3209,58.0498], [73.4103,67.09], [58.6172,61.3889], [61.9072,54.8991], [57.78,60.9376], [47.5273,68.0369], [60.5496,57.8544], [60.5471,57.8543], [59.1696,74.4184], [59.7059,66.6381], [61.0961,71.1055], [59.2316,68.3677], [59.4682,67.505], [60.5446,57.8542], [66.2055,58.086], [61.3536,70.7708], [69.6042,68.252], [76.7352,88.9315], [71.376,89.3482], [74.8226,88.9384], [51.8627,88.8335], [32.0387,90.5784], [46.0536,89.1357], [32.3273,89.1983], [32.6673,89.1882], [17.7329,89.6339], [23.4729,89.4626], [25.6894,75.5051], [22.8439,90.2014], [20.7965,90.1174], [9.96971,87.2952], [14.0061,89.7451], [27.998,89.3275], [11.4637,89.821], [11.0239,71.1515], [13.6809,64.5883], [10.2785,89.8564], [10.8242,86.7724], [10.3546,89.8542], [10.7493,86.8009], [10.0462,88.7313], [9.64468,81.1946], [9.62633,80.8502], [9.97447,87.3846], [19.3615,89.5853], [11.1856,86.6347], [18.9417,89.5978], [11.3156,63.4045], [11.3579,63.4257], [10.4104,59.5535], [14.1507,64.1332], [11.0545,71.7477], [11.6552,54.0872], [12.4045,71.5017], [14.0186,71.2077], [11.1955,63.0355], [13.4644,75.9724], [14.6335,63.6655], [10.9795,65.8432], [10.9891,66.9874], [11.0628,62.4468], [10.5921,60.3591], [10.9515,62.4983], [11.5582,71.6559], [12.1469,71.5487], [28.2641,66.626], [13.2933,52.959], [11.2939,54.1395], [13.3831,52.8549], [17.3951,48.7549], [29.8641,59.1419], [15.3166,49.5978], [14.9522,49.7456], [18.0617,46.0595], [18.4338,46.7873], [18.3729,46.6682], [17.3951,48.7549], [10.9605,51.1409], [13.0224,39.8829], [10.1706,50.8868], [10.8953,55.8009], [10.9435,61.5545], [18.0071,45.9525], [10.8948,55.7386], [8.45384,50.8755], [8.52155,51.1759], [8.57748,51.4239], [8.62724,51.6446], [8.66289,51.8027], [10.6975,33.8785], [11.8491,37.5025], [12.2077,30.7399], [12.2271,30.3738], [12.2177,30.5521], [13.5483,33.8495], [11.4461,33.8709], [10.0411,31.7262], [17.5774,15.1441], [14.1435,14.7213], [14.927,14.8178], [16.5266,15.0147], [12.3781,27.5293], [10.9548,24.1168], [10.9548,24.1168], [12.4998,15.5724], [12.8326,18.9642], [12.834,18.9505], [12.8355,18.9361], [12.8368,18.9234], [10.8477,25.3882], [10.9548,24.1168], [12.3613,27.8454], [12.3428,