{
  "instance_index": 0,
  "birth_iter": 1,
  "death_iter": 20,
  "survival_iters": 19,
  "censored": false,
  "pre_vnd_cost": 11005.2,
  "post_vnd_cost": 823.066,
  "pre_vnd_coords": [[80,20], [87.3891,28.4392], [87.3891,28.4392], [95.9214,13.5604], [76.5248,9.07425], [76.5248,9.07425], [95.9214,13.5604], [95.9214,13.5604], [95.9214,13.5604], [87.3891,28.4392], [78.6109,39.3304], [78.5298,46.0947], [65.3772,45.9165], [73.4471,40.5553], [73.4471,40.5553], [73.4471,40.5553], [84.771,47.5738], [78.5298,46.0947], [84.771,47.5738], [78.5298,46.0947], [63.3151,40.0856], [63.3151,40.0856], [54.915,44.4585], [78.5298,46.0947], [84.771,47.5738], [73.4124,59.3104], [73.4124,59.3104], [60.5697,57.3713], [67.137,50.0029], [72.2083,66.9359], [67.9937,55.7197], [67.137,50.0029], [60.5697,57.3713], [72.2083,66.9359], [47.3697,59.4271], [73.4124,59.3104], [51.4883,55.4726], [60.5697,57.3713], [51.4883,55.4726], [67.137,50.0029], [60.5697,57.3713], [67.9937,55.7197], [60.5697,57.3713], [60.5697,57.3713], [60.5697,57.3713], [60.5697,57.3713], [51.4883,55.4726], [60.5697,57.3713], [60.5697,57.3713], [47.3697,59.4271], [47.9063,69.06], [47.3697,59.4271], [53.6562,71.6346], [62.1079,78.0778], [47.3697,59.4271], [53.6562,71.6346], [49.5639,57.4219], [53.6562,71.6346], [47.3697,59.4271], [44.4741,60.5617], [67.137,50.0029], [63.8859,76.3629], [62.1079,78.0778], [60.5697,57.3713], [53.6562,71.6346], [62.1079,78.0778], [61.0225,82.0368], [60.5697,57.3713], [67.9937,55.7197], [53.6562,71.6346], [60.5697,57.3713], [62.1079,78.0778], [67.9937,55.7197], [60.5697,57.3713], [78.8617,69.4443], [78.8617,69.4443], [67.9937,55.7197], [72.2083,66.9359], [73.4124,59.3104], [72.2083,66.9359], [67.137,50.0029], [67.9937,55.7197], [73.4124,59.3104], [67.137,50.0029], [78.5298,46.0947], [84.771,47.5738], [92.3814,59.0239], [67.137,50.0029], [84.771,47.5738], [78.6109,39.3304], [84.771,47.5738], [92.3814,59.0239], [84.771,47.5738], [92.3814,59.0239], [92.3814,59.0239], [92.3814,59.0239], [84.771,47.5738], [84.771,47.5738], [92.3814,59.0239], [94.0611,78.5903], [78.8617,69.4443], [92.3814,59.0239], [82.0853,76.8035], [73.4124,59.3104], [84.3582,74.0455], [94.0611,78.5903], [63.8859,76.3629], [72.2083,66.9359], [72.2083,66.9359], [56.3401,76.6331], [53.6562,71.6346], [63.8859,76.3629], [78.8617,69.4443], [63.8859,76.3629], [60.5697,57.3713], [71.2447,76.9983], [53.6562,71.6346], [71.2447,76.9983], [71.2447,76.9983], [74.0989,85.1738], [53.6562,71.6346], [82.0853,76.8035], [70.5089,81.1728], [78.8617,69.4443], [71.2447,76.9983], [82.0853,76.8035], [74.0989,85.1738], [70.5089,81.1728], [82.0853,76.8035], [94.0611,78.5903], [89.9652,84.9169], [84.3582,74.0455], [89.9652,84.9169], [86.3441,90.5548], [94.0611,78.5903], [86.3441,90.5548], [86.3441,90.5548], [70.7371,98.0659], [70.7371,98.0659], [86.3441,90.5548], [86.3441,90.5548], [86.3441,90.5548], [86.3441,90.5548], [70.7371,98.0659], [70.5089,81.1728], [68.4233,91.2938], [70.7371,98.0659], [74.0989,85.1738], [70.5089,81.1728], [68.4233,91.2938], [82.0853,76.8035], [74.0989,85.1738], [68.4233,91.2938], [70.7371,98.0659], [82.0853,76.8035], [74.0989,85.1738], [70.7371,98.0659], [70.5089,81.1728], [70.7371,98.0659], [65.1993,86.4473], [70.7371,98.0659], [70.7371,98.0659], [70.7371,98.0659], [70.7371,98.0659], [54.3913,98.361], [54.3913,98.361], [70.7371,98.0659], [70.7371,98.0659], [54.3913,98.361], [54.3913,98.361], [54.3913,98.361], [54.3913,98.361], [68.4233,91.2938], [61.0225,82.0368], [65.1993,86.4473], [47.0058,92.526], [56.3401,76.6331], [47.0058,92.526], [61.0225,82.0368], [61.0225,82.0368], [53.6562,71.6346], [53.6562,71.6346], [53.6562,71.6346], [60.5697,57.3713], [56.3401,76.6331], [61.0225,82.0368], [70.5089,81.1728], [61.0225,82.0368], [54.3913,98.361], [52.9774,84.9235], [63.8859,76.3629], [45.3049,76.855], [35.3398,80.6613], [56.3401,76.6331], [56.3401,76.6331], [45.3049,76.855], [56.3401,76.6331], [61.0225,82.0368], [53.6562,71.6346], [53.6562,71.6346], [49.5639,57.4219], [40.267,73.9723], [56.3401,76.6331], [47.9063,69.06], [47.3697,59.4271], [31.5265,63.0097], [40.267,73.9723], [47.9063,69.06], [40.3487,50.4436], [60.5697,57.3713], [47.3697,59.4271], [36.1693,71.9831], [60.5697,57.3713], [40.267,73.9723], [54.915,44.4585], [37.5798,57.918], [47.9063,69.06], [37.6641,58.9581], [51.4883,55.4726], [40.3487,50.4436], [37.8383,62.6189], [37.6641,58.9581], [37.2053,50.6666], [51.4883,55.4726], [37.2053,50.6666], [40.3487,50.4436], [45.7419,42.1265], [37.2053,50.6666], [44.4741,60.5617], [31.3306,53.5971], [37.8383,62.6189], [31.3306,53.5971], [37.8383,62.6189], [33.9584,50.9653], [31.0733,52.298], [28.1367,38.2075], [28.1367,38.2075], [19.3279,46.3283], [25.4044,60.2917], [19.1785,38.0979], [20.4311,60.6559], [22.9413,54.0999], [22.9413,54.0999], [23.9971,48.5474], [28.1367,38.2075], [13.3654,32.569], [20.4311,60.6559], [19.1785,38.0979], [10.7303,46.2665], [2.58306,42.4541], [12.5879,59.1129], [22.9413,54.0999], [19.1785,38.0979], [19.3279,46.3283], [22.9386,35.5467], [28.1367,38.2075], [22.9386,35.5467], [24.462,31.4333], [36.1028,33.4831], [19.1785,38.0979], [19.1785,38.0979], [19.1785,38.0979], [13.3654,32.569], [19.1785,38.0979], [13.3654,32.569], [2.58306,42.4541], [2.58306,42.4541], [2.58306,42.4541], [2.58306,42.4541], [2.58306,42.4541], [13.3654,32.569], [14.1124,39.9779], [10.7303,46.2665], [23.9971,48.5474], [2.58306,42.4541], [19.3279,46.3283], [28.1367,38.2075], [19.3279,46.3283], [10.7303,46.2665], [16.3634,57.7916], [10.7303,46.2665], [19.3279,46.3283], [23.9971,48.5474], [10.7303,46.2665], [13.3654,32.569], [10.7303,46.2665], [10.7303,46.2665], [3.68559,52.6068], [19.3279,46.3283], [12.5879,59.1129], [14.1124,39.9779], [5.1409,54.0254], [8.86773,69.8463], [3.68559,52.6068], [10.7303,46.2665], [3.68559,52.6068], [3.68559,52.6068], [5.1409,54.0254], [7.3388,58.6936], [12.5879,59.1129], [17.0691,61.9569], [17.0691,61.9569], [8.86773,69.8463], [18.3593,74.6252], [6.57426,64.2331], [20.4311,60.6559], [17.0691,61.9569], [16.3634,57.7916], [25.4044,60.2917], [17.0691,61.9569], [12.5879,59.1129], [23.9971,48.5474], [10.7303,46.2665], [25.3867,64.3283], [5.1409,54.0254], [16.3634,57.7916], [28.1358,58.121], [20.4311,60.6559], [31.6687,63.0108], [10.7303,46.2665], [31.6687,63.0108], [12.5879,59.1129], [16.3634,57.7916], [25.4044,60.2917], [28.3867,55.9456], [22.9413,54.0999], [20.4311,60.6559], [26.0754,68.8172], [31.0733,52.298], [28.3867,55.9456], [28.1367,38.2075], [31.6687,63.0108], [37.9575,45.7845], [28.3867,55.9456], [23.9971,48.5474], [17.0691,61.9569], [17.6583,65.0849], [18.2524,69.0948], [20.4311,60.6559], [25.4044,60.2917], [25.3867,64.3283], [14.1953,70.1945], [17.0691,61.9569], [16.3634,57.7916], [14.1953,70.1945], [25.4044,60.2917], [20.4311,60.6559], [8.86773,69.8463], [5.88566,79.9594], [7.3388,58.6936], [7.05379,74.1614], [6.57426,64.2331], [7.05379,74.1614], [17.4551,80.4454], [17.3893,76.8954], [7.61338,78.0334], [7.61338,78.0334], [17.6583,65.0849], [16.3634,57.7916], [7.7107,85.24], [18.3593,74.6252], [17.3893,76.8954], [8.30993,81.2301], [18.3593,74.6252], [17.4551,80.4454], [18.2524,69.0948], [17.3893,76.8954], [17.4551,80.4454], [29.828,76.827], [23.0858,79.4146], [33.1131,73.4747], [17.3893,76.8954], [18.3593,74.6252], [18.3593,74.6252], [8.86773,69.8463], [25.3867,64.3283], [20.4311,60.6559], [23.9971,48.5474], [28.3867,55.9456], [14.1953,70.1945], [26.0754,68.8172], [18.3593,74.6252], [33.1131,73.4747], [31.6687,63.0108], [34.6765,70.1645], [28.0929,81.4496], [18.3593,74.6252], [25.3867,64.3283], [25.3867,64.3283], [34.6765,70.1645], [34.6765,70.1645], [34.6765,70.1645], [34.6765,70.1645], [28.1358,58.121], [34.6765,70.1645], [31.6687,63.0108], [31.6687,63.0108], [22.9413,54.0999], [31.0733,52.298], [29.828,76.827], [26.0754,68.8172], [26.0754,68.8172], [34.6765,70.1645], [31.6687,63.0108], [39.7826,79.6402], [45.902,75.5103], [45.902,75.5103], [35.8979,67.7598], [44.7271,82.3995], [43.6111,89.6821], [53.0634,86.8484], [43.6111,89.6821], [52.0394,83.5611], [50.6372,75.3936], [52.0394,83.5611], 