{
  "instance_index": 0,
  "birth_iter": 83,
  "death_iter": 90,
  "survival_iters": 7,
  "censored": false,
  "pre_vnd_coords": [[80,20], [86.2684,17.5916], [86.2684,17.5916], [86.2684,17.5916], [86.2684,17.5916], [86.2684,17.5916], [86.2684,17.5916], [66.248,15.635], [64.2868,17.7055], [64.488,17.493], [64.6732,17.2975], [65.0713,16.8772], [65.5015,16.4231], [65.2775,16.6595], [55.149,27.3556], [64.8705,17.0893], [65.9709,15.9275], [65.7199,16.1924], [55.149,27.3556], [55.149,27.3556], [55.149,27.3556], [50.0176,30.1035], [36.2617,21.3913], [55.2044,27.297], [35.6845,15.7529], [35.904,17.8971], [30.6218,17.2762], [35.9867,18.705], [32.4218,16.7345], [19.0566,28.0065], [35.8315,17.1882], [36.0622,19.4422], [31.5369,17.0009], [35.7576,16.4668], [29.5754,17.5911], [37.7679,29.656], [41.248,36.9569], [19.8363,28.3198], [33.1946,16.502], [38.5873,33.3242], [25.247,18.8935], [24.0265,19.2607], [34.034,16.2494], [19.4384,28.1599], [36.5492,24.2], [36.1716,20.5104], [21.2593,18.9797], [23.7857,44.3762], [23.4847,45.3506], [39.9395,37.9056], [20.9729,49.9474], [22.9195,47.1802], [23.7857,44.3762], [23.172,46.3629], [38.7648,34.119], [41.4097,37.1334], [40.1931,37.7217], [19.7575,49.637], [25.7867,18.7311], [11.5676,24.9975], [36.4331,23.0658], [23.3507,41.5186], [23.5215,42.5151], [26.2888,18.58], [22.1727,49.5012], [18.6574,27.8462], [11.7349,22.289], [23.3809,41.632], [11.6217,23.9629], [26.8051,18.4246], [11.9191,19.5646], [19.077,18.1126], [22.8542,19.6134], [23.5847,42.9601], [11.9761,18.7214], [12.113,16.6969], [12.1717,15.8294], [11.8914,19.9752], [11.5791,24.5938], [11.6003,24.2806], [11.7848,21.5515], [11.6861,23.0108], [11.8109,21.1654], [11.642,23.6636], [12.0081,18.249], [11.8397,20.7399], [11.5522,24.9914], [28.3185,17.9693], [12.1204,16.588], [12.1359,16.359], [15.9683,16.8775], [12.1061,16.7985], [12.202,15.3812], [12.1792,15.7179], [11.7597,21.922], [12.0693,17.3437], [12.1575,16.0386], [11.9484,19.1308], [11.8642,20.3774], [12.1429,16.2548], [12.8517,25.5134], [9.72566,47.0735], [12.1865,15.6108], [12.1938,15.5019], [12.1646,15.9348], [12.1281,16.4735], [12.0377,17.8111], [11.9637,25.1566], [12.3944,25.3297], [12.15,16.1502], [11.7101,22.6564], [15.2067,26.4597], [11.6641,23.3363], [11.5804,25.0026], [9.72566,47.0735], [9.72566,47.0735], [11.7457,46.1908], [13.1466,47.5196], [12.4306,52.5457], [11.4532,37.4558], [12.7664,50.7915], [11.4496,37.5638], [11.517,45.9739], [13.3037,47.9839], [11.817,46.2585], [11.8916,46.3293], [10.9804,60.1228], [11.4514,37.5118], [12.383,52.7944], [12.3275,46.7427], [11.9775,46.4107], [10.9803,60.1229], [11.3557,45.821], [13.2536,48.2457], [12.4166,46.8272], [12.8845,47.2711], [13.0065,49.5369], [12.2751,53.3582], [12.6659,51.3166], [13.2057,48.496], [12.8157,50.5338], [10.9803,60.1228], [10.9804,60.1228], [11.6772,56.4818], [11.1768,45.6513], [12.0564,46.4855], [12.6028,47.0038], [13.0569,47.4345], [20.7504,57.2725], [11.6785,46.1272], [13.1502,48.7859], [10.9803,60.1229], [10.9803,60.1229], [12.62,51.5563], [20.7385,57.4246], [11.2702,45.7399], [12.5262,52.046], [10.9803,60.1229], [12.1392,46.5641], [10.9803,60.1229], [10.9803,60.1229], [10.9803,60.1229], [20.7504,57.2725], [10.9803,60.1229], [10.9803,60.1229], [13.102,49.038], [13.2482,47.616], [23.5779,72.4842], [10.9803,60.1228], [12.6959,47.0922], [20.7231,57.6216], [20.7163,57.7086], [12.2186,53.6535], [10.491,73.3064], [10.9803,60.1229], [12.0093,54.7467], [20.7294,57.5405], [22.5956,71.576], [10.8626,74.8797], [18.5451,64.3222], [10.9803,60.1229], [26.0839,85.4209], [10.726,66.9751], [10.6308,74.1342], [10.6533,68.9344], [23.3892,72.3098], [22.3064,71.3086], [18.4204,64.7009], [10.4833,73.515], [10.502,73.0108], [10.4898,73.3398], [10.4886,73.3724], [22.739,71.7086], [10.481,73.5765], [10.4865,73.4282], [10.4797,73.6124], [12.741,80.9237], [10.4844,73.4856], [10.4953,73.1924], [20.7406,57.3975], [10.9803,60.1229], [18.7584,63.6746], [10.9803,60.1229], [10.9803,60.1229], [10.7511,66.2993], [10.4785,73.644], [10.4785,73.644], [10.5009,73.0391], [10.4822,73.5444], [10.4987,73.1007], [10.9803,60.1229], [10.5052,72.925], [10.4998,73.0699], [10.5094,72.8112], [10.4854,73.4573], [10.5083,72.8399], [10.4785,73.644], [10.5998,70.3759], [10.6291,69.5853], [10.5418,71.9371], [11.3726,76.5208], [10.677,68.2956], [10.9803,60.1228], [17.6593,67.0115], [10.5041,72.954], [11.1089,75.6724], [10.7006,67.659], [10.4785,73.644], [10.4272,87.3689], [26.925,75.5792], [13.0983,82.0732], [10.5073,72.8681], [10.8162,89.4049], [10.9803,60.1229], [9.85135,89.4428], [10.5062,72.8965], [13.4844,83.3153], [10.0056,87.4826], [10.9804,60.1228], [11.8104,77.9293], [10.5684,71.2214], [10.6074,87.3203], [10.503,72.9838], [11.7186,89.3696], [11.313,87.1301], [11.0462,87.202], [9.85134,89.4428], [9.85632,89.3795], [9.85871,89.349], [9.85135,89.4428], [9.85261,89.4266], [13.1659,82.2907], [14.1829,85.5629], [13.3611,82.9187], [9.96062,88.0544], [10.4108,89.4208], [9.99399,87.6305], [9.86213,89.3055], [12.5142,89.3384], [11.0104,89.3973], [12.6526,86.7689], [10.4875,73.4017], [10.2143,89.4285], [13.0332,81.8637], [10.492,73.2811], [12.812,81.1519], [12.2383,89.3492], [12.9901,89.3197], [10.4785,73.644], [9.93641,88.362], [9.92367,88.5238], [10.0357,89.4355], [13.2933,82.7006], [11.4752,89.3791], [10.6156,89.4128], [12.8954,81.4205], [14.0745,85.214], [15.1644,89.2345], [21.7127,88.9778], [26.3419,85.244], [27.1111,75.7513], [13.2312,82.5009], [9.86314,89.2927], [13.8517,89.2859], [12.9676,81.6525], [9.91105,88.6841], [9.85134,89.4428], [13.4251,83.1245], [27.9497,76.5267], [22.7182,88.9383], [14.0199,85.0383], [10.8253,87.2616], [14.3508,86.1032], [9.85992,89.3336], [9.85134,89.4428], [9.85755,89.3638], [13.8916,84.6257], [15.8043,89.2094], [9.85134,89.4428], [9.85134,89.4428], [9.85398,89.4092], [11.2291,89.3887], [10.5105,72.7829], [9.85518,89.3939], [13.6182,83.746], [10.2036,87.4292], [10.5115,72.7555], [11.9714,89.3596], [9.86102,89.3198], [9.97236,87.9052], [9.94843,88.2093], [22.7182,88.9383], [9.88777,88.9799], [9.85134,89.4428], [14.2417,85.7522], [9.89905,88.8365], [9.98338,87.7652], [9.87539,89.1372], [9.85134,89.4428], [23.0833,72.0269], [24.8965,73.7036], [22.7182,88.9384], [13.5523,83.5338], [27.7156,76.3102], [22.7182,88.9384], [22.9154,88.7322], [13.6865,83.9658], [13.8244,84.4095], [23.1107,88.5281], [27.6795,84.3272], [23.4873,88.1346], [27.9573,84.1368], [25.1208,73.911], [27.9573,84.1368], [26.4222,75.1142], [22.7182,88.9383], [23.3671,88.2602], [14.1297,85.3916], [14.4104,86.2949], [26.2224,74.9295], [24.0512,72.9219], [12.6791,80.7244], [25.3093,86.2304], [23.2691,88.3626], [22.9635,88.682], [23.7241,87.8871], [23.0658,88.5751], [19.0701,89.0814], [23.7857,87.8227], [14.303,85.9494], [13.962,84.8523], [23.1608,88.4758], [22.8081,88.8443], [23.6093,88.0071], [27.9573,84.1368], [23.6668,87.9469], [22.7182,88.9383], [22.7182,88.9383], [22.7182,88.9383], [22.8723,88.7773], [24.0206,87.5772], [41.9295,92.7238], [22.8415,88.8095], [24.4781,87.0991], [22.7182,88.9383], [26.6115,85.0593], [23.9018,87.7014], [22.7182,88.9383], [14.515,89.2599], [23.0158,88.6273], [17.4745,89.1439], [42.0034,92.7152], [47.4456,92.0836], [22.7762,88.8777], [22.7182,88.9384], [42.0383,92.7111], [22.7463,88.909], [41.6054,92.7614], [43.4245,92.5503], [42.0849,92.7057], [41.832,92.7351], [27.9573,84.1368], [27.9573,84.1368], [41.6314,92.7584], [29.4281,78.741], [27.9573,84.1368], [47.7542,92.0478], [23.5515,88.0674], [27.6096,84.3751], [27.3374,84.5617], [20.1367,89.0396], [23.4529,88.1705], [20.9854,89.0063], [27.9573,84.1368], [27.9573,84.1368], [42.3547,92.6744], [23.4133,88.2119], [23.3208,88.3085], [27.9573,84.1368], [27.817,84.233], [22.4588,71.4495], [27.9573,84.1368], [23.2175,88.4166], [28.9959,80.3266], [49.4803,80.0337], [27.9573,84.1368], [27.9573,84.1368], [27.121,84.71], [29.288,66.8077], [41.3267,67.8], [30.3753,66.8904], [27.5447,84.4196], [27.7487,84.2798], [28.9308,66.7805], [24.2709,73.1251], [18.2144,65.3264], [26.5788,75.2591], [28.9308,66.7805], [23.2443,72.1758], [21.8823,