{
  "instance_index": 0,
  "birth_iter": 9,
  "death_iter": 30,
  "survival_iters": 21,
  "censored": false,
  "pre_vnd_coords": [[80,20], [88.4349,8.9671], [87.1733,27.8532], [87.1733,27.8532], [94.633,0.791313], [88.4349,8.9671], [94.633,0.791313], [88.4349,8.9671], [68.0367,13.4683], [72.1439,21.0615], [68.0367,13.4683], [72.1439,21.0615], [68.0367,13.4683], [68.0367,13.4683], [72.1439,21.0615], [60.2829,47.127], [39.1423,39.2741], [40.5017,31.5147], [40.5017,31.5147], [40.5017,31.5147], [28.6456,35.0871], [41.4029,46.2697], [47.8161,49.0742], [35.6665,46.388], [35.6665,46.388], [35.6665,46.388], [27.6361,53.4042], [40.5017,31.5147], [39.1423,39.2741], [40.5017,31.5147], [40.5017,31.5147], [25.7506,35.7384], [25.7506,35.7384], [25.7506,35.7384], [33.2527,30.9254], [22.1175,50.6696], [30.3281,45.5901], [39.1423,39.2741], [24.2491,45.1865], [30.3281,45.5901], [33.2527,30.9254], [39.1423,39.2741], [33.2527,30.9254], [33.3254,21.5054], [25.7506,35.7384], [33.2527,30.9254], [25.7506,35.7384], [26.9623,40.8542], [35.6665,46.388], [33.3254,21.5054], [40.5017,31.5147], [40.5017,31.5147], [28.6456,35.0871], [40.5017,31.5147], [28.6456,35.0871], [33.3254,21.5054], [13.8816,26.4458], [13.8816,26.4458], [13.8816,26.4458], [4.21764,42.333], [12.7364,45.3414], [10.4767,37.7889], [4.21764,42.333], [20.1822,54.968], [12.7364,45.3414], [13.8386,63.3071], [4.21764,42.333], [14.008,43.4026], [12.7364,45.3414], [12.7364,45.3414], [12.7364,45.3414], [17.5561,63.406], [11.9799,61.4056], [13.8386,63.3071], [22.1175,50.6696], [13.8386,63.3071], [24.2491,45.1865], [20.1822,54.968], [13.8386,63.3071], [12.386,68.1796], [12.2185,78.7294], [11.9799,61.4056], [5.98022,73.7084], [11.6566,88.3071], [12.386,68.1796], [5.98022,73.7084], [11.9799,61.4056], [12.386,68.1796], [14.0372,67.3782], [14.0372,67.3782], [25.4719,69.0673], [7.81691,65.651], [14.0372,67.3782], [21.9396,61.7296], [14.0372,67.3782], [21.2123,59.1237], [14.0372,67.3782], [25.7793,96.4539], [29.7164,82.8156], [25.4719,69.0673], [40.8553,84.7893], [25.4719,69.0673], [25.4719,69.0673], [28.1725,88.2679], [25.4719,69.0673], [31.9031,77.4195], [18.8137,95.8529], [18.8137,95.8529], [14.5819,101.466], [28.1725,88.2679], [14.5819,101.466], [14.5819,101.466], [18.8137,95.8529], [26.0617,98.9544], [14.5819,101.466], [18.8137,95.8529], [26.0617,98.9544], [11.0382,69.3278], [14.0372,67.3782], [7.81691,65.651], [13.8386,63.3071], [14.0372,67.3782], [25.4719,69.0673], [25.4719,69.0673], [11.9799,61.4056], [11.9799,61.4056], [21.9134,95.5976], [31.2876,101.465], [20.6397,88.3286], [35.0607,92.3943], [21.9134,95.5976], [32.3434,89.9321], [31.2876,101.465], [20.6397,88.3286], [21.9134,95.5976], [20.6397,88.3286], [31.2876,101.465], [42.3844,96.5184], [27.4922,99.0415], [32.3434,89.9321], [41.6044,89.9035], [41.6044,89.9035], [35.0607,92.3943], [31.2876,101.465], [42.3844,96.5184], [42.3844,96.5184], [32.3434,89.9321], [49.2097,96.6783], [33.8119,79.7142], [21.9134,95.5976], [21.9134,95.5976], [27.4922,99.0415], [20.6397,88.3286], [31.2876,101.465], [27.4922,99.0415], [32.3434,89.9321], [27.4922,99.0415], [32.6775,88.1419], [32.3434,89.9321], [20.6397,88.3286], [27.4922,99.0415], [21.9134,95.5976], [20.6397,88.3286], [41.6044,89.9035], [44.9194,72.7936], [20.6397,88.3286], [35.0607,92.3943], [29.7925,67.6488], [20.6397,88.3286], [44.9194,72.7936], [33.8119,79.7142], [32.3715,64.1467], [44.9194,72.7936], [44.9194,72.7936], [46.907,78.0779], [44.9194,72.7936], [49.8458,87.9448], [42.3844,96.5184], [33.8119,79.7142], [44.9194,72.7936], [41.6044,89.9035], [33.8119,79.7142], [42.6802,79.7305], [31.1884,63.6711], [33.8119,79.7142], [36.5529,72.6734], [31.2876,101.465], [35.0607,92.3943], [35.0607,92.3943], [35.0607,92.3943], [41.6044,89.9035], [46.907,78.0779], [53.0101,92.4463], [42.6802,79.7305], [33.8119,79.7142], [32.6775,88.1419], [27.4922,99.0415], [31.3964,73.2549], [45.3325,84.4979], [42.3844,96.5184], [52.9933,99.6787], [32.3434,89.9321], [42.3844,96.5184], [35.0607,92.3943], [31.2876,101.465], [41.6044,89.9035], [49.2097,96.6783], [32.3434,89.9321], [58.9441,89.9102], [41.6044,89.9035], [60.593,89.4215], [27.4922,99.0415], [52.9933,99.6787], [57.4314,97.9303], [52.9933,99.6787], [52.9933,99.6787], [52.9933,99.6787], [49.8458,87.9448], [52.9933,99.6787], [73.0963,102.086], [50.2974,94.1193], [57.4314,97.9303], [53.0101,92.4463], [49.2097,96.6783], [52.9933,99.6787], [69.52,99.6785], [53.0101,92.4463], [52.9933,99.6787], [58.9441,89.9102], [74.554,82.1791], [52.9933,99.6787], [53.0101,92.4463], [60.954,80.5082], [71.577,87.9519], [60.593,89.4215], [58.9441,89.9102], [56.9402,85.1929], [71.577,87.9519], [69.52,99.6785], [52.9933,99.6787], [71.577,87.9519], [58.9441,89.9102], [50.2974,94.1193], [58.9441,89.9102], [49.2097,96.6783], [52.9933,99.6787], [49.2097,96.6783], [42.3844,96.5184], [32.3434,89.9321], [45.3325,84.4979], [42.6802,79.7305], [27.4922,99.0415], [49.8458,87.9448], [35.0607,92.3943], [33.8119,79.7142], [55.4444,82.0868], [49.8458,87.9448], [27.4922,99.0415], [55.4444,82.0868], [42.3844,96.5184], [41.6044,89.9035], [35.0607,92.3943], [49.8458,87.9448], [49.2097,96.6783], [49.2097,96.6783], [53.0101,92.4463], [51.7261,89.0387], [45.3325,84.4979], [49.8458,87.9448], [58.9441,89.9102], [71.577,87.9519], [51.7261,89.0387], [53.0101,92.4463], [60.593,89.4215], [71.577,87.9519], [53.0101,92.4463], [60.954,80.5082], [51.7261,89.0387], [56.9402,85.1929], [55.4444,82.0868], [55.4444,82.0868], [42.6802,79.7305], [36.5529,72.6734], [53.0101,92.4463], [58.3217,76.7588], [51.7261,89.0387], [55.4444,82.0868], [42.6802,79.7305], [44.9194,72.7936], [49.2097,96.6783], [33.8119,79.7142], [42.6802,79.7305], [45.3325,84.4979], [60.954,80.5082], [44.9194,72.7936], [45.3325,84.4979], [42.6802,79.7305], [60.954,80.5082], [46.907,78.0779], [46.907,78.0779], [55.4444,82.0868], [52.8462,69.8526], [58.3217,76.7588], [44.9194,72.7936], [40.8479,63.3088], [46.907,78.0779], [55.4444,82.0868], [40.8479,63.3088], [42.6802,79.7305], [52.4579,61.9626], [41.6044,89.9035], [46.907,78.0779], [44.9194,72.7936], [51.6123,58.9354], [52.4579,61.9626], [61.2142,56.916], [46.907,78.0779], [45.8231,54.5919], [36.5529,72.6734], [32.3715,64.1467], [33.447,66.8822], [40.8479,63.3088], [51.6123,58.9354], [30.1671,54.9117], [45.8231,54.5919], [33.447,66.8822], [45.8231,54.5919], [45.8231,54.5919], [27.6361,53.4042], [25.4719,69.0673], [31.3964,73.2549], [31.3964,73.2549], [13.8386,63.3071], [30.1671,54.9117], [31.3964,73.2549], [31.3964,73.2549], [31.1884,63.6711], [29.7925,67.6488], [31.3964,73.2549], [30.1671,54.9117], [26.1935,60.9149], [30.1671,54.9117], [25.4719,69.0673], [46.5026,52.2111], [41.4029,46.2697], [35.6665,46.388], [35.6665,46.388], [47.8161,49.0742], [45.8231,54.5919], [46.3323,59.2007], [50.2711,48.7926], [53.2416,59.0141], [46.3323,59.2007], [50.2711,48.7926], [50.9203,47.0722], [40.8479,63.3088], [52.8462,69.8526], [71.2471,54.5944], [61.2142,56.916], [60.2829,47.127], [61.2142,56.916], [61.2142,56.916], [60.2829,47.127], [51.6123,58.9354], [60.2829,47.127], [60.2829,47.127], [60.2829,47.127], [71.2471,54.5944], [73.5633,63.617], [60.2829,47.127], [63.9126,65.1575], [71.2471,54.5944], [63.9126,65.1575], [68.5931,61.7834], [63.9126,65.1575], [63.9126,65.1575], [73.5633,63.617], [74.554,82.1791], [63.9126,65.1575], [74.5859,70.5968], [63.9126,65.1575], [66.975,77.1264], [68.5931,61.7834], [74.5859,70.5968], [82.3715,47.8002], [67.9164,64.6329], [68.0439,46.8348], [71.2471,54.5944], [71.2471,54.5944], [68.0439,46.8348], [71.2471,54.5944], [82.3715,47.8002], [74.6659,35.6172], [83.8532,53.2898], [82.3715,47.8002], [68.0439,46.8348], [68.0439,46.8348], [90.277,64.1173], [90.277,64.1173], [90.277,64.1173], [90.277,64.1173], [90.277,64.1173], [82.3715,47.8002], [82.3715,47.8002], [83.8532,53.2898], [73.5633,63.617], [83.8532,53.2898], [78.769,71.2651], [90.277,64.1173], [78.9092,52.2355], [73.5633,63.617], [78.769,71.2651], [78.769,71.2651], [67.9164,64.6329], [66.975,77.1264], [74.5859,70.5968], [74.5859,70.5968], [85.0242,83.5189], [74.554,