{
  "instance_index": 0,
  "birth_iter": 12,
  "death_iter": 50,
  "survival_iters": 38,
  "censored": false,
  "pre_vnd_coords": [[80,20], [87.681,13.0583], [95.7546,5.76173], [87.681,13.0583], [95.7546,5.76173], [85.4176,27.3299], [85.4176,27.3299], [91.97,49.8857], [78.9919,58.8154], [78.8949,57.1224], [78.8949,57.1224], [91.97,49.8857], [78.3159,69.8074], [78.9919,58.8154], [85.4176,27.3299], [82.4963,46.0376], [82.4963,46.0376], [82.4963,46.0376], [77.0407,51.6109], [59.1643,42.6505], [59.1643,42.6505], [82.4963,46.0376], [82.4963,46.0376], [82.4963,46.0376], [60.1587,34.8773], [60.119,33.6943], [49.1659,34.6038], [60.119,33.6943], [59.1643,42.6505], [59.1643,42.6505], [60.1587,34.8773], [59.1643,42.6505], [59.1643,42.6505], [76.0914,51.8526], [82.4963,46.0376], [60.119,33.6943], [59.1643,42.6505], [59.1643,42.6505], [49.1659,34.6038], [59.1643,42.6505], [60.1587,34.8773], [60.119,33.6943], [59.1643,42.6505], [59.1643,42.6505], [39.5697,53.8349], [44.436,60.4001], [60.1587,34.8773], [59.1643,42.6505], [47.4093,55.0189], [50.7221,52.2909], [60.1587,34.8773], [39.5697,53.8349], [47.4093,55.0189], [59.1643,42.6505], [39.5697,53.8349], [29.1728,54.1522], [45.4156,72.5618], [29.1981,57.9246], [35.9559,70.9829], [28.1014,64.2789], [35.404,70.0474], [41.2861,71.379], [37.4278,73.4775], [44.1245,103.461], [51.3602,92.7177], [44.1245,103.461], [44.1245,103.461], [39.8472,94.9228], [39.8472,94.9228], [46.7335,84.5245], [53.7208,88.4342], [44.1245,103.461], [51.3602,92.7177], [51.3602,92.7177], [41.5919,91.1025], [41.5919,91.1025], [41.5919,91.1025], [44.1245,103.461], [41.5919,91.1025], [39.8472,94.9228], [41.5919,91.1025], [41.5919,91.1025], [41.5919,91.1025], [44.1245,103.461], [46.7335,84.5245], [41.5919,91.1025], [32.974,95.4734], [22.1975,91.6845], [44.1245,103.461], [27.2529,86.9275], [46.7335,84.5245], [41.5919,91.1025], [41.5919,91.1025], [27.2529,86.9275], [41.5919,91.1025], [39.8472,94.9228], [39.8472,94.9228], [32.974,95.4734], [44.1245,103.461], [41.5919,91.1025], [46.7335,84.5245], [39.8472,94.9228], [39.8472,94.9228], [46.7335,84.5245], [46.7335,84.5245], [41.5919,91.1025], [32.974,95.4734], [32.974,95.4734], [39.8472,94.9228], [44.1245,103.461], [41.5919,91.1025], [39.7195,100.306], [53.7208,88.4342], [46.7335,84.5245], [51.3602,92.7177], [41.5919,91.1025], [41.5919,91.1025], [53.7208,88.4342], [46.7335,84.5245], [46.7335,84.5245], [53.7208,88.4342], [51.3602,92.7177], [30.3105,77.9346], [38.5792,78.9211], [38.5792,78.9211], [46.7335,84.5245], [46.7335,84.5245], [46.7335,84.5245], [41.5919,91.1025], [41.5919,91.1025], [30.3105,77.9346], [30.4835,64.5689], [30.4835,64.5689], [39.7043,83.3215], [30.4835,64.5689], [25.3197,69.8245], [30.4835,64.5689], [30.3105,77.9346], [38.5792,78.9211], [39.7043,83.3215], [41.5919,91.1025], [30.3105,77.9346], [38.5792,78.9211], [30.4835,64.5689], [30.4835,64.5689], [37.5634,65.3199], [41.5919,91.1025], [30.3468,87.2974], [30.3468,87.2974], [33.9969,84.9697], [30.3468,87.2974], [34.779,84.4709], [32.2783,86.0657], [30.1484,87.2606], [26.9554,84.3144], [38.2648,82.2487], [25.7941,77.9601], [34.3813,84.7246], [26.1341,77.723], [30.3468,87.2974], [25.5709,78.1158], [41.4176,80.2387], [52.667,79.8124], [55.826,92.4469], [56.6298,92.3977], [51.8499,92.6904], [49.8464,92.8131], [50.7949,81.6725], [50.6591,81.8075], [48.0727,73.323], [54.4577,92.5307], [48.7443,92.8806], [65.5898,91.1122], [72.3117,77.7883], [72.8929,78.2054], [69.0159,90.123], [60.1981,92.1791], [53.2979,79.1856], [70.7864,90.0361], [59.4904,92.2225], [62.6311,92.0301], [50.8953,92.7489], [56.2196,92.4228], [65.1359,91.8767], [65.556,90.4611], [48.3158,92.9069], [51.2415,92.7277], [50.5358,81.9299], [64.5726,91.9112], [44.7962,93.1225], [60.8331,92.1402], [55.4491,92.47], [63.9169,91.9514], [79.3103,88.2026], [58.849,92.2617], [63.3099,91.9885], [58.1765,92.3029], [65.6202,91.6967], [65.5819,90.9608], [65.6052,91.4085], [65.5736,90.8009], [54.9685,92.4994], [79.0014,89.2936], [62.0528,92.0655], [51.2987,81.1719], [65.6126,91.5508], [70.8641,76.749], [54.8219,77.6714], [57.4577,92.347], [65.5472,90.2933], [54.3766,75.0926], [55.1366,75.2931], [55.7358,76.7633], [69.7663,75.961], [52.7665,74.6678], [56.0285,76.4725], [56.2737,75.5931], [49.1664,73.6363], [37.3457,73.3384], [54.7615,75.1941], [42.2987,90.1141], [37.1732,73.0461], [52.8367,74.6863], [41.0284,79.5791], [50.2086,92.7909], [48.4944,60.8531], [50.4563,62.2568], [53.2909,74.8061], [59.4304,63.0767], [50.4101,82.0548], [52.4313,80.0466], [46.6005,59.498], [53.603,74.8885], [40.3962,78.5077], [52.7666,74.6678], [57.6656,63.7494], [53.5837,78.9017], [55.4556,77.0418], [53.504,64.4373], [42.2987,90.1141], [39.7294,77.3778], [36.8611,70.1111], [44.945,72.427], [36.8596,72.5145], [52.7666,74.6678], [47.067,59.8317], [55.5032,75.3898], [58.9961,63.2422], [55.4475,64.116], [53.4105,64.3704], [44.5,72.2996], [60.5747,62.6405], [68.1835,59.74], [47.9474,60.4617], [46.923,59.7287], [47.2105,59.9345], [53.0724,64.1284], [57.2561,63.8171], [67.1299,60.1417], [37.6132,73.7918], [52.917,64.0173], [56.3251,63.971], [45.8903,58.9899], [53.3188,64.3047], [63.0975,61.6788], [64.0004,61.3346], [56.7529,63.9003], [55.8485,64.0498], [45.2561,58.5361], [62.6782,61.8386], [47.3544,60.0374], [66.8608,60.2443], [60.0124,62.8548], [53.2377,64.2467], [66.5887,60.348], [61.6866,62.2166], [70.6542,58.7982], [65.3311,60.8274], [62.2126,62.0161], [72.8929,78.2054], [42.6753,71.777], [46.4298,59.3759], [55.8577,75.4833], [53.9659,74.9842], [52.9952,64.0732], [58.0424,63.6058], [70.4375,76.4428], [54.1842,78.305], [77.6619,80.0567], [58.5032,63.4301], [67.1897,90.2127], [54.0756,64.3428], [72.8929,78.2054], [69.9337,76.0811], [55.0455,64.1825], [71.3891,69.3302], [43.521,72.0192], [56.4244,76.0792], [63.5793,61.4951], [70.2755,76.3265], [70.11,76.2077], [56.7794,75.7265], [72.8929,78.2054], [69.6142,74.5271], [69.9749,73.4712], [74.5784,78.8597], [76.8935,79.7584], [54.5504,64.2643], [72.5937,77.9907], [69.6044,75.8447], [78.5426,80.3986], [75.3267,79.1502], [71.6027,77.2793], [71.2328,77.0138], [79.8404,86.3317], [70.3563,72.3546], [82.9144,84.8137], [73.8342,78.5708], [71.9869,77.5551], [76.1362,79.4644], [81.8931,81.6982], [85.9988,83.2913], [74.306,89.8633], [77.8526,89.6894], [65.5975,91.2601], [76.7972,89.7412], [65.628,91.8465], [72.5518,89.9494], [61.4627,92.1017], [65.5654,90.6429], [88.7728,89.5588], [88.7728,89.5588], [75.9946,89.4468], [88.7728,89.5588], [88.7728,89.5588], [88.7728,89.5588], [88.7728,89.5588], [87.3003,78.1736], [87.3003,78.1736], [87.3003,78.1736], [78.3159,69.8074], [75.9946,89.4468], [87.3003,78.1736], [78.3159,69.8074], [87.3003,78.1736], [78.3159,69.8074], [53.7208,88.4342], [78.3159,69.8074], [78.3159,69.8074], [78.8949,57.1224], [72.6231,58.6774], [77.0407,51.6109], [72.6231,58.6774], [78.8949,57.1224], [72.6231,58.6774], [78.8949,57.1224], [78.8949,57.1224], [59.1643,42.6505], [77.0407,51.6109], [77.0407,51.6109], [78.9919,58.8154], [77.0407,51.6109], [78.8949,57.1224], [71.4311,65.4642], [71.4311,65.4642], [77.0407,51.6109], [72.6231,58.6774], [77.0407,51.6109], [72.6231,58.6774], [59.1643,42.6505], [72.6231,58.6774], [72.6231,58.6774], [71.4311,65.4642], [76.0914,51.8526], [72.6231,58.6774], [77.0407,51.6109], [59.1643,42.6505], [71.4311,65.4642], [39.5697,53.8349], [44.436,60.4001], [44.436,60.4001], [44.436,60.4001], [47.4093,55.0189], [44.436,60.4001], [37.5634,65.3199], [19.5625,58.3573], [15.4015,52.438], [4.72631,60.0155], [13.1383,67.1236], [37.5634,65.3199], [8.37317,40.7456], [15.4015,52.438], [15.5371,54.9769], [4.72631,60.0155], [14.0406,65.4395], [2.64105,42.7381], [15.5371,54.9769], [8.37317,40.7456], [8.37317,40.7456], [8.37317,40.7456], [8.37317,40.7456], [5.40445,23.8468], [5.40445,23.8468], [5.40445,23.8468], [8.37317,40.7456], [8.37317,40.7456], [8.37317,40.7456], [2.64105,42.7381], [8.37317,40.7456], [5.40445,23.8468], [5.40445,23.8468], [2.64105,42.7381], [2.64105,42.7381], [2.64105,42.7381], [8.37317,40.7456], [15.4015,52.438], [2.64105,42.7381], [15.5371,