{
  "instance_index": 0,
  "birth_iter": 11,
  "death_iter": 30,
  "survival_iters": 19,
  "censored": false,
  "pre_vnd_coords": [[80,20], [62.1727,12.9955], [62.1727,12.9955], [62.1727,12.9955], [62.1727,12.9955], [77.7262,17.3545], [49.1659,34.6038], [68.9707,22.8048], [58.9301,31.2551], [60.119,33.6943], [68.9707,22.8048], [62.1727,12.9955], [68.9707,22.8048], [68.9707,22.8048], [60.119,33.6943], [60.119,33.6943], [46.5967,37.1688], [49.1659,34.6038], [49.1659,34.6038], [58.9301,31.2551], [58.9301,31.2551], [68.9707,22.8048], [49.1659,34.6038], [49.1659,34.6038], [49.6426,36.0135], [46.5967,37.1688], [46.5967,37.1688], [46.5967,37.1688], [33.2016,34.8243], [49.1659,34.6038], [37.1521,44.614], [36.2098,27.7615], [46.5967,37.1688], [33.2016,34.8243], [41.8454,48.8444], [46.5967,37.1688], [46.5967,37.1688], [58.9301,31.2551], [58.9301,31.2551], [41.8454,48.8444], [49.1659,34.6038], [46.9124,52.322], [63.4175,52.8022], [49.1659,34.6038], [41.8454,48.8444], [49.6426,36.0135], [31.2302,51.0859], [46.9124,52.322], [38.8424,56.2852], [41.8454,48.8444], [46.9124,52.322], [46.9124,52.322], [62.396,72.4929], [64.3578,73.0511], [64.3578,73.0511], [73.6283,73.0457], [62.396,72.4929], [79.9141,68.2206], [73.0783,70.1256], [78.4921,58.962], [76.0914,51.8526], [32.6485,65.4341], [38.8424,56.2852], [32.3959,61.5115], [30.4663,63.3104], [41.8454,48.8444], [32.6485,65.4341], [22.8024,63.5796], [32.3959,61.5115], [46.9124,52.322], [31.2302,51.0859], [41.8454,48.8444], [28.1511,55.6212], [41.8454,48.8444], [31.2302,51.0859], [31.2302,51.0859], [28.5435,73.2687], [32.3959,61.5115], [30.4663,63.3104], [22.8024,63.5796], [16.6153,51.5955], [26.725,45.2064], [28.1511,55.6212], [38.8424,56.2852], [22.8024,63.5796], [31.2302,51.0859], [31.2302,51.0859], [26.725,45.2064], [16.6153,51.5955], [28.1511,55.6212], [21.538,49.9047], [22.1103,77.5926], [30.4663,63.3104], [22.8024,63.5796], [16.6153,51.5955], [13.4845,62.8109], [21.538,49.9047], [16.6153,51.5955], [9.45069,58.8224], [-1.63038,55.4591], [10.7978,53.5754], [11.7978,55.5016], [-1.63038,55.4591], [10.6216,41.3183], [10.6216,41.3183], [7.51491,64.6542], [4.72631,60.0155], [3.74593,66.7533], [10.6216,41.3183], [10.6216,41.3183], [10.6216,41.3183], [-1.63038,55.4591], [10.7978,53.5754], [10.6216,41.3183], [4.72631,60.0155], [10.6216,41.3183], [10.7978,53.5754], [10.7978,53.5754], [16.6153,51.5955], [10.7978,53.5754], [18.5392,36.1544], [10.6216,41.3183], [4.0319,33.3828], [19.6557,39.5816], [10.7978,53.5754], [19.6557,39.5816], [10.6216,41.3183], [21.538,49.9047], [18.5392,36.1544], [10.6216,41.3183], [11.7978,55.5016], [10.6216,41.3183], [21.538,49.9047], [10.6216,41.3183], [18.5392,36.1544], [16.6153,51.5955], [28.1511,55.6212], [18.5392,36.1544], [26.0359,32.0299], [15.667,27.9744], [26.0359,32.0299], [28.5159,25.6442], [28.5159,25.6442], [28.5159,25.6442], [18.5787,19.8301], [18.5787,19.8301], [18.5787,19.8301], [10.9589,13.8117], [18.5787,19.8301], [26.0359,32.0299], [28.5159,25.6442], [26.0359,32.0299], [26.0359,32.0299], [27.4896,39.1708], [15.667,27.9744], [18.5392,36.1544], [33.2016,34.8243], [37.1521,44.614], [28.5159,25.6442], [28.5159,25.6442], [41.447,24.0429], [18.5787,19.8301], [18.5787,19.8301], [33.2016,34.8243], [37.1521,44.614], [26.0359,32.0299], [28.5159,25.6442], [36.879,24.6583], [24.6215,13.6783], [39.4211,14.7393], [39.4211,14.7393], [43.55,27.1864], [43.55,27.1864], [43.55,27.1864], [43.55,27.1864], [39.4211,14.7393], [39.2792,32.9335], [39.4211,14.7393], [39.2792,32.9335], [39.2792,32.9335], [24.4543,45.927], [4.22261,41.9408], [24.4543,45.927], [4.22261,41.9408], [24.4543,45.927], [4.22261,41.9408], [2.42107,38.5699], [17.2538,61.1256], [24.4543,45.927], [24.4543,45.927], [24.4543,45.927], [24.4543,45.927], [24.4543,45.927], [38.7633,35.8292], [38.7633,35.8292], [33.3439,49.1124], [17.2538,61.1256], [33.3439,49.1124], [36.3976,38.2227], [24.4543,45.927], [17.2538,61.1256], [37.3508,43.3874], [37.3508,43.3874], [28.7909,63.9746], [28.7909,63.9746], [37.3508,43.3874], [37.3508,43.3874], [39.2792,32.9335], [37.3508,43.3874], [37.4752,37.1324], [36.3976,38.2227], [38.7633,35.8292], [24.4543,45.927], [24.4543,45.927], [39.2792,32.9335], [39.2792,32.9335], [36.3976,38.2227], [43.55,27.1864], [43.55,27.1864], [43.55,27.1864], [37.3508,43.3874], [37.3508,43.3874], [37.3508,43.3874], [39.2792,32.9335], [37.3508,43.3874], [33.3439,49.1124], [37.3508,43.3874], [37.4752,37.1324], [36.3976,38.2227], [28.7909,63.9746], [28.7909,63.9746], [32.6485,65.4341], [32.6485,65.4341], [32.6485,65.4341], [17.5921,61.9328], [24.984,66.0398], [28.5435,73.2687], [19.0084,67.7755], [28.5435,73.2687], [22.1103,77.5926], [30.4663,63.3104], [19.0084,67.7755], [22.8024,63.5796], [23.4336,83.6892], [22.1103,77.5926], [28.5435,73.2687], [28.5435,73.2687], [24.984,66.0398], [19.0084,67.7755], [10.5371,83.987], [14.1774,83.1182], [28.5435,73.2687], [17.5921,61.9328], [23.4336,83.6892], [22.1103,77.5926], [22.1103,77.5926], [18.5855,77.2339], [32.974,95.4734], [23.4336,83.6892], [32.974,95.4734], [32.974,95.4734], [32.974,95.4734], [22.1103,77.5926], [17.5921,61.9328], [17.5099,74.996], [22.3175,99.7538], [32.974,95.4734], [15.9924,97.1918], [22.3175,99.7538], [22.3175,99.7538], [22.3175,99.7538], [15.9924,97.1918], [33.4902,99.2944], [7.46463,88.4236], [14.7562,81.3036], [9.85432,90.6854], [14.7562,81.3036], [9.85432,90.6854], [15.49,80.4659], [7.46463,88.4236], [14.7562,81.3036], [7.46463,88.4236], [7.46463,88.4236], [9.85432,90.6854], [15.49,80.4659], [21.6144,85.5407], [21.6144,85.5407], [9.85432,90.6854], [21.6144,85.5407], [14.7562,81.3036], [10.6182,71.2199], [20.2751,66.0511], [15.49,80.4659], [15.49,80.4659], [18.9261,90.4144], [7.46463,88.4236], [21.6144,85.5407], [21.6144,85.5407], [8.56147,66.9612], [8.56147,66.9612], [10.6182,71.2199], [21.9977,61.8761], [14.7562,81.3036], [20.2751,66.0511], [6.15031,65.4209], [8.56147,66.9612], [8.56147,66.9612], [8.56147,66.9612], [21.9977,61.8761], [8.56147,66.9612], [17.2538,61.1256], [17.2538,61.1256], [21.9977,61.8761], [4.22261,41.9408], [24.4543,45.927], [24.4543,45.927], [16.4505,70.8937], [17.2538,61.1256], [24.4543,45.927], [24.4543,45.927], [24.4543,45.927], [24.4543,45.927], [24.4543,45.927], [17.2538,61.1256], [17.2538,61.1256], [17.2538,61.1256], [21.9977,61.8761], [28.7909,63.9746], [24.4543,45.927], [17.2538,61.1256], [28.7909,63.9746], [28.7909,63.9746], [20.2751,66.0511], [20.2751,66.0511], [17.2538,61.1256], [17.2538,61.1256], [17.2538,61.1256], [21.9977,61.8761], [17.2538,61.1256], [28.7909,63.9746], [28.7909,63.9746], [16.4505,70.8937], [17.2538,61.1256], [8.56147,66.9612], [20.2751,66.0511], [16.4505,70.8937], [21.6144,85.5407], [17.2538,61.1256], [9.45069,58.8224], [4.72631,60.0155], [4.72631,60.0155], [17.5099,74.996], [7.51491,64.6542], [6.19727,79.5681], [3.74593,66.7533], [7.51491,64.6542], [6.19727,79.5681], [17.5099,74.996], [7.51491,64.6542], [8.3696,74.1748], [17.5099,74.996], [8.3696,74.1748], [6.19727,79.5681], [7.51491,64.6542], [-3.35276,86.3821], [6.19727,79.5681], [-6.99715,65.8555], [4.72631,60.0155], [10.5371,83.987], [3.74593,66.7533], [6.19727,79.5681], [6.19727,79.5681], [10.5371,83.987], [4.72631,60.0155], [6.19727,79.5681], [7.51491,64.6542], [17.5099,74.996], [17.5099,74.996], [10.5371,83.987], [12.3262,94.2021], [8.6067,86.1022], [17.5099,74.996], [17.5099,74.996], [6.19727,79.5681], [22.3175,99.7538], [8.3696,74.1748], [22.3175,99.7538], [8.6067,86.1022], [22.3175,99.7538], [12.3262,94.2021], [12.3262,94.2021], [10.5371,83.987], [6.19727,79.5681], [32.974,95.4734], [-1.90447,97.5216], [15.9924,97.1918], [-3.35276,86.3821], [6.19727,79.5681], [10.5371,83.987], [10.5371,83.987], [15.9924,97.1918], [8.6067,86.1022], [-1.90447,97.5216], [6.19727,79.5681], [12.3262,94.2021], [8.6067,86.1022], [6.19727,79.5681], [6.19727,79.5681], [8.3696,74.1748], [-1.90447,97.5216], [4.34844,92.9489], [10.5371,83.987], [15.9924,97.1918], [7.46463,88.4236], [38.7392,27.277], [38.7392,27.277], [43.55,27.1864], [43.55,27.1864], [43.55,27.1864], [43.55,