{
  "instance_index": 0,
  "birth_iter": 27,
  "death_iter": 70,
  "survival_iters": 43,
  "censored": false,
  "pre_vnd_coords": [[80,20], [95.7546,5.76173], [95.7546,5.76173], [87.681,13.0583], [95.7546,5.76173], [95.7546,5.76173], [87.681,13.0583], [82.4963,46.0376], [85.4176,27.3299], [85.4176,27.3299], [82.4963,46.0376], [77.0407,51.6109], [82.4963,46.0376], [78.9919,58.8154], [78.8949,57.1224], [78.8949,57.1224], [78.8949,57.1224], [72.6231,58.6774], [55.8589,65.3492], [92.3503,77.7229], [92.3503,77.7229], [92.3503,77.7229], [92.3503,77.7229], [77.6732,95.7359], [86.7384,89.0208], [86.7384,89.0208], [92.3503,77.7229], [92.3503,77.7229], [77.6732,95.7359], [77.6732,95.7359], [77.6732,95.7359], [58.8195,92.137], [77.6732,95.7359], [70.7609,93.0054], [70.7609,93.0054], [77.6732,95.7359], [77.6732,95.7359], [86.7384,89.0208], [62.6401,90.4145], [59.2075,64.8503], [65.1008,53.7772], [55.8589,65.3492], [59.2075,64.8503], [44.436,60.4001], [50.7221,52.2909], [59.1643,42.6505], [72.6231,58.6774], [59.1643,42.6505], [72.6231,58.6774], [50.7221,52.2909], [42.443,51.6568], [47.4093,55.0189], [59.1643,42.6505], [39.5697,53.8349], [47.4093,55.0189], [44.436,60.4001], [44.436,60.4001], [44.436,60.4001], [44.436,60.4001], [31.0657,47.2827], [30.4835,64.5689], [44.436,60.4001], [39.5697,53.8349], [39.5697,53.8349], [44.436,60.4001], [30.4835,64.5689], [44.436,60.4001], [39.5697,53.8349], [39.5697,53.8349], [30.4835,64.5689], [44.436,60.4001], [39.5697,53.8349], [47.4093,55.0189], [31.0657,47.2827], [31.0657,47.2827], [39.5697,53.8349], [47.4093,55.0189], [39.5697,53.8349], [39.5697,53.8349], [44.436,60.4001], [34.9007,41.5584], [34.9007,41.5584], [34.9007,41.5584], [60.119,33.6943], [60.1587,34.8773], [42.716,49.5729], [39.5697,53.8349], [39.5697,53.8349], [39.5697,53.8349], [49.1659,34.6038], [59.1643,42.6505], [60.1587,34.8773], [59.1643,42.6505], [60.1587,34.8773], [49.1659,34.6038], [60.119,33.6943], [59.1643,42.6505], [47.4093,55.0189], [59.1643,42.6505], [60.1587,34.8773], [39.5697,53.8349], [60.1587,34.8773], [47.4093,55.0189], [59.1643,42.6505], [59.1643,42.6505], [49.1659,34.6038], [82.4963,46.0376], [76.0914,51.8526], [82.4963,46.0376], [59.1643,42.6505], [60.119,33.6943], [72.6231,58.6774], [77.0407,51.6109], [72.6231,58.6774], [82.4963,46.0376], [77.0407,51.6109], [76.0914,51.8526], [59.1643,42.6505], [59.1643,42.6505], [77.0407,51.6109], [77.0407,51.6109], [85.4176,27.3299], [82.4963,46.0376], [62.1727,12.9955], [59.1643,42.6505], [59.1643,42.6505], [49.1659,34.6038], [60.1587,34.8773], [60.119,33.6943], [49.1659,34.6038], [60.119,33.6943], [59.1643,42.6505], [49.1659,34.6038], [49.1659,34.6038], [60.119,33.6943], [60.119,33.6943], [39.744,22.5042], [39.744,22.5042], [49.1659,34.6038], [60.1587,34.8773], [49.1659,34.6038], [39.744,22.5042], [59.1643,42.6505], [34.9007,41.5584], [49.1659,34.6038], [34.9007,41.5584], [36.8021,40.3632], [42.2467,44.3056], [60.1587,34.8773], [36.8021,40.3632], [36.8021,40.3632], [26.6799,21.0251], [26.6799,21.0251], [39.744,22.5042], [26.6799,21.0251], [49.1659,34.6038], [26.6799,21.0251], [39.744,22.5042], [34.9007,41.5584], [26.6799,21.0251], [22.3238,32.5201], [39.744,22.5042], [26.6799,21.0251], [18.9658,20.0191], [25.7583,19.2622], [22.3238,32.5201], [8.41332,17.1768], [26.6799,21.0251], [18.9658,20.0191], [26.6799,21.0251], [5.40445,23.8468], [8.41332,17.1768], [7.8172,16.1349], [5.40445,23.8468], [8.41332,17.1768], [5.40445,23.8468], [22.3238,32.5201], [2.64105,42.7381], [8.37317,40.7456], [8.37317,40.7456], [19.6557,39.5816], [22.9037,50.1743], [2.64105,42.7381], [8.37317,40.7456], [19.6557,39.5816], [19.6557,39.5816], [8.37317,40.7456], [8.37317,40.7456], [22.3238,32.5201], [22.3238,32.5201], [19.6557,39.5816], [26.6799,21.0251], [14.7844,43.2913], [26.6799,21.0251], [14.7844,43.2913], [22.3238,32.5201], [25.7583,19.2622], [26.6799,21.0251], [19.6557,39.5816], [34.9007,41.5584], [34.9007,41.5584], [22.3238,32.5201], [19.6557,39.5816], [22.9037,50.1743], [15.5371,54.9769], [17.6997,46.9788], [8.37317,40.7456], [17.6997,46.9788], [34.9007,41.5584], [8.37317,40.7456], [15.4015,52.438], [22.9037,50.1743], [15.5371,54.9769], [8.37317,40.7456], [26.5623,52.0635], [22.9037,50.1743], [26.5623,52.0635], [17.6997,46.9788], [31.0657,47.2827], [31.0657,47.2827], [14.0406,65.4395], [15.5371,54.9769], [22.9037,50.1743], [26.5623,52.0635], [24.6656,53.0129], [30.5298,57.2325], [35.9475,60.9687], [24.6656,53.0129], [38.7928,44.1764], [24.6656,53.0129], [29.4346,60.6766], [35.9475,60.9687], [38.7928,44.1764], [42.2352,43.4883], [30.0198,39.8233], [35.2077,46.7822], [30.0198,39.8233], [30.0198,39.8233], [30.0198,39.8233], [35.2077,46.7822], [35.2077,46.7822], [24.6656,53.0129], [34.6632,31.128], [30.0198,39.8233], [30.0198,39.8233], [42.2352,43.4883], [42.2352,43.4883], [42.2352,43.4883], [30.0198,39.8233], [42.2352,43.4883], [38.7928,44.1764], [38.7928,44.1764], [34.6632,31.128], [42.2352,43.4883], [29.4346,60.6766], [42.2352,43.4883], [42.2352,43.4883], [35.2077,46.7822], [38.6478,59.9242], [31.3742,70.4316], [35.9475,60.9687], [31.3742,70.4316], [35.9758,68.2058], [42.2352,43.4883], [42.2352,43.4883], [38.7928,44.1764], [42.2352,43.4883], [89.2503,48.8243], [89.2503,48.8243], [25.1871,96.7178], [30.3105,77.9346], [22.1975,91.6845], [22.1975,91.6845], [30.3105,77.9346], [26.0742,93.1266], [22.1975,91.6845], [22.1975,91.6845], [22.1975,91.6845], [22.1975,91.6845], [22.1975,91.6845], [22.1975,91.6845], [22.1975,91.6845], [13.9736,84.2967], [22.1975,91.6845], [13.9736,84.2967], [22.1975,91.6845], [8.34588,90.6523], [8.34588,90.6523], [8.58509,79.868], [8.58509,79.868], [22.1975,91.6845], [8.58509,79.868], [21.6903,77.472], [29.3784,76.9596], [21.6903,77.472], [12.5408,73.2683], [17.1133,76.3198], [30.3105,77.9346], [21.132,66.3972], [30.3105,77.9346], [30.3105,77.9346], [37.5634,65.3199], [30.3105,77.9346], [25.3197,69.8245], [30.3105,77.9346], [30.3105,77.9346], [17.1133,76.3198], [21.132,66.3972], [25.3197,69.8245], [21.132,66.3972], [25.3197,69.8245], [30.3105,77.9346], [27.8624,70.2769], [27.8624,70.2769], [25.3197,69.8245], [27.8624,70.2769], [17.1133,76.3198], [21.132,66.3972], [12.5408,73.2683], [25.3197,69.8245], [17.1133,76.3198], [37.5634,65.3199], [25.3197,69.8245], [30.4835,64.5689], [37.5634,65.3199], [30.4835,64.5689], [22.9037,50.1743], [21.132,66.3972], [14.0406,65.4395], [25.3197,69.8245], [14.0406,65.4395], [22.9037,50.1743], [30.4835,64.5689], [30.4835,64.5689], [30.4835,64.5689], [15.5371,54.9769], [37.5634,65.3199], [30.3105,77.9346], [30.4835,64.5689], [37.5634,65.3199], [30.3105,77.9346], [30.4835,64.5689], [30.3105,77.9346], [27.8624,70.2769], [30.4835,64.5689], [30.4835,64.5689], [25.3197,69.8245], [27.8624,70.2769], [30.4835,64.5689], [30.4835,64.5689], [37.5634,65.3199], [30.4835,64.5689], [30.4835,64.5689], [35.069,69.6583], [27.8624,70.2769], [37.5634,65.3199], [26.5623,52.0635], [37.5634,65.3199], [30.4835,64.5689], [25.3197,69.8245], [19.6557,39.5816], [22.9037,50.1743], [17.6997,46.9788], [15.4015,52.438], [15.5371,54.9769], [26.5623,52.0635], [26.5623,52.0635], [22.3238,32.5201], [14.7844,43.2913], [22.9037,50.1743], [30.2919,16.9667], [39.744,22.5042], [39.744,22.5042], [26.6799,21.0251], [26.6799,21.0251], [19.6557,39.5816], [19.6557,39.5816], [14.7844,43.2913], [14.7844,43.2913], [8.58509,79.868], [8.58509,79.868], [8.34588,90.6523], [8.58509,79.868], [8.58509,79.868], [8.34588,90.6523], [8.34588,90.6523], [8.34588,90.6523], [13.9736,84.2967], [8.58509,79.868], [8.34588,90.6523], [8.58509,79.868], [8.58509,79.868], [8.34588,90.6523], [8.34588,90.6523], [8.58509,79.868], [8.34588,90.6523], [8.34588,90.6523], [8.34588,90.6523], [8.34588,90.6523], [8.34588,90.6523], [8.34588,90.6523], [22.3175,99.7538], [8.34588,90.6523], [11.317,89.9889], [8.34588,90.6523], [22.1975,91.6845], [22.1975,91.6845], [22.1975,91.6845], [22.1975,91.6845], [8.34588,90.6523], [22.1975,91.6845], [8.34588,90.6523], [22.1975,91.6845], [22.1975,91.6845], [27.2529,86.9275], [22.1975,91.6845], [22.1975,91.6845], [8.34588,