{
  "instance_index": 0,
  "birth_iter": 8,
  "death_iter": 70,
  "survival_iters": 62,
  "censored": false,
  "pre_vnd_coords": [[80,20], [93.5875,11.8829], [93.5875,11.8829], [94.1963,30.7689], [93.5875,11.8829], [76.524,37.5552], [94.1963,30.7689], [54.5224,28.2498], [89.0549,38.9096], [76.626,54.3724], [71.6164,36.989], [89.0549,38.9096], [71.6164,36.989], [65.8924,44.5047], [82.9353,48.3626], [89.0549,38.9096], [94.1963,30.7689], [98.726,57.7145], [82.9353,48.3626], [84.7558,65.7524], [82.9353,48.3626], [82.9353,48.3626], [76.626,54.3724], [84.7558,65.7524], [70.4706,69.551], [76.626,54.3724], [71.6164,36.989], [82.9353,48.3626], [98.726,57.7145], [82.9353,48.3626], [62.6166,53.3206], [76.626,54.3724], [71.6164,36.989], [70.4706,69.551], [62.6166,53.3206], [73.8835,61.7949], [73.8835,61.7949], [62.6166,53.3206], [38.8761,79.6652], [43.7674,66.0069], [38.0658,71.7046], [46.3817,68.9502], [46.3817,68.9502], [51.0199,77.8108], [38.8761,79.6652], [38.8761,79.6652], [46.3817,68.9502], [46.3817,68.9502], [51.0199,77.8108], [38.8761,79.6652], [46.3817,68.9502], [38.0658,71.7046], [38.0658,71.7046], [46.3817,68.9502], [38.0658,71.7046], [38.8761,79.6652], [38.0658,71.7046], [35.1273,84.6706], [38.8761,79.6652], [38.8761,79.6652], [38.0658,71.7046], [38.0658,71.7046], [38.8761,79.6652], [38.8761,79.6652], [46.3817,68.9502], [51.0199,77.8108], [38.8761,79.6652], [51.0199,77.8108], [38.8761,79.6652], [1.07563,45.6334], [9.67456,53.923], [1.07563,45.6334], [1.07563,45.6334], [8.44113,41.8949], [1.07563,45.6334], [9.67456,53.923], [9.67456,53.923], [9.67456,53.923], [9.67456,53.923], [9.67456,53.923], [8.44113,41.8949], [8.44113,41.8949], [1.07563,45.6334], [1.07563,45.6334], [1.5263,35.59], [8.44113,41.8949], [8.44113,41.8949], [8.44113,41.8949], [9.67456,53.923], [1.5263,35.59], [1.5263,35.59], [9.67456,53.923], [1.07563,45.6334], [8.44113,41.8949], [1.07563,45.6334], [1.07563,45.6334], [1.5263,35.59], [1.07563,45.6334], [68.2684,53.6618], [76.626,54.3724], [70.5602,77.8003], [65.332,75.8387], [70.4706,69.551], [70.4706,69.551], [82.9353,48.3626], [73.8835,61.7949], [82.9353,48.3626], [62.6166,53.3206], [76.524,37.5552], [62.6166,53.3206], [62.0676,64.4921], [51.288,67.5035], [73.8835,61.7949], [56.8956,61.6107], [47.1136,59.6121], [62.0676,64.4921], [51.288,67.5035], [68.2684,53.6618], [68.2684,53.6618], [62.4073,59.7248], [70.4706,69.551], [70.4706,69.551], [62.6166,53.3206], [73.8835,61.7949], [62.4073,59.7248], [68.2684,53.6618], [62.6166,53.3206], [62.4073,59.7248], [68.2684,53.6618], [73.8835,61.7949], [62.4073,59.7248], [67.2957,27.6423], [76.524,37.5552], [65.8924,44.5047], [53.6109,50.3226], [65.8924,44.5047], [57.2758,30.1356], [58.3703,45.16], [48.0495,35.394], [67.2957,27.6423], [60.9741,40.8697], [60.9741,40.8697], [47.9057,41.9285], [65.8924,44.5047], [52.213,45.933], [45.3474,37.4957], [67.2957,27.6423], [52.213,45.933], [47.9057,41.9285], [47.9057,41.9285], [54.5224,28.2498], [48.0495,35.394], [48.0495,35.394], [47.9057,41.9285], [47.9057,41.9285], [52.8906,15.9332], [54.5224,28.2498], [54.5224,28.2498], [40.6316,28.0417], [45.3474,37.4957], [45.3474,37.4957], [52.8906,15.9332], [47.9057,41.9285], [54.5224,28.2498], [48.0495,35.394], [47.9057,41.9285], [40.6316,28.0417], [34.9993,33.7937], [34.9993,33.7937], [40.6316,28.0417], [40.6316,28.0417], [47.9057,41.9285], [48.0495,35.394], [48.6841,46.5231], [47.9057,41.9285], [47.9057,41.9285], [27.2824,44.7046], [45.3474,37.4957], [45.3474,37.4957], [34.9993,33.7937], [40.6316,28.0417], [41.257,17.2411], [40.6316,28.0417], [47.479,11.3551], [40.6316,28.0417], [41.257,17.2411], [30.0021,29.5577], [32.961,23.2204], [30.0021,29.5577], [34.9993,33.7937], [34.9993,33.7937], [26.2696,15.6009], [30.0021,29.5577], [41.257,17.2411], [32.961,23.2204], [14.1429,20.5392], [32.961,23.2204], [32.961,23.2204], [41.257,17.2411], [30.0021,29.5577], [26.2696,15.6009], [22.8216,51.6646], [21.979,36.5658], [30.0021,29.5577], [30.0021,29.5577], [21.979,36.5658], [27.2824,44.7046], [35.0462,49.8955], [24.0547,42.2634], [26.44,53.4366], [21.0179,28.6372], [35.2659,42.9922], [22.8216,51.6646], [27.2824,44.7046], [30.0021,29.5577], [15.2594,33.1932], [24.0547,42.2634], [22.8216,51.6646], [22.8216,51.6646], [21.979,36.5658], [24.0547,42.2634], [48.6841,46.5231], [45.3474,37.4957], [27.2824,44.7046], [47.9057,41.9285], [35.0462,49.8955], [31.418,60.5275], [27.2824,44.7046], [27.2824,44.7046], [39.0029,47.7361], [35.2659,42.9922], [26.44,53.4366], [27.2824,44.7046], [27.2824,44.7046], [48.6841,46.5231], [35.0462,49.8955], [34.9993,33.7937], [21.979,36.5658], [46.1304,57.8105], [45.3703,43.2785], [22.8216,51.6646], [39.0029,47.7361], [48.6841,46.5231], [27.2824,44.7046], [53.6109,50.3226], [45.3703,43.2785], [48.6841,46.5231], [47.9057,41.9285], [53.6109,50.3226], [47.9057,41.9285], [53.5341,69.0494], [58.3703,45.16], [35.2659,42.9922], [47.9057,41.9285], [47.9057,41.9285], [46.1304,57.8105], [34.9993,33.7937], [53.6109,50.3226], [45.3474,37.4957], [48.6841,46.5231], [48.6841,46.5231], [38.0658,71.7046], [36.5506,67.1583], [36.5506,67.1583], [31.418,60.5275], [39.0029,47.7361], [39.0029,47.7361], [39.5458,63.0411], [46.1304,57.8105], [47.1136,59.6121], [31.418,60.5275], [31.418,60.5275], [38.0658,71.7046], [39.0029,47.7361], [39.0029,47.7361], [39.0029,47.7361], [39.0029,47.7361], [55.3055,72.5568], [46.1304,57.8105], [48.6841,46.5231], [46.1304,57.8105], [36.5506,67.1583], [55.3055,72.5568], [39.0029,47.7361], [39.5458,63.0411], [56.8956,61.6107], [31.418,60.5275], [58.3703,45.16], [53.6109,50.3226], [51.288,67.5035], [56.8956,61.6107], [51.288,67.5035], [56.8956,61.6107], [48.6841,46.5231], [43.7674,66.0069], [39.5458,63.0411], [36.5506,67.1583], [51.288,67.5035], [62.4073,59.7248], [56.8956,61.6107], [46.1304,57.8105], [55.3055,72.5568], [56.8956,61.6107], [38.0658,71.7046], [47.1136,59.6121], [60.1753,73.8981], [46.3817,68.9502], [62.0676,64.4921], [46.1304,57.8105], [46.1304,57.8105], [58.4489,76.1672], [39.5458,63.0411], [62.4073,59.7248], [51.0199,77.8108], [54.844,75.6462], [51.0199,77.8108], [55.3055,72.5568], [70.5602,77.8003], [62.0676,64.4921], [46.3817,68.9502], [62.0676,64.4921], [61.2612,84.6442], [60.1753,73.8981], [55.3055,72.5568], [54.844,75.6462], [47.1136,59.6121], [54.844,75.6462], [62.0676,64.4921], [51.0199,77.8108], [51.0199,77.8108], [54.844,75.6462], [53.229,85.3955], [58.0231,79.4499], [46.9747,77.376], [51.8595,71.6515], [58.0231,79.4499], [45.3647,90.7789], [46.9747,77.376], [58.0231,79.4499], [42.4443,71.4224], [46.9747,77.376], [58.0231,79.4499], [53.229,85.3955], [58.0231,79.4499], [62.624,81.0099], [61.7416,94.5441], [61.7416,94.5441], [61.7416,94.5441], [53.229,85.3955], [76.4517,93.8361], [61.7416,94.5441], [76.4517,93.8361], [61.7416,94.5441], [61.7416,94.5441], [76.4517,93.8361], [61.7416,94.5441], [76.4517,93.8361], [76.4517,93.8361], [76.4517,93.8361], [61.7416,94.5441], [76.4517,93.8361], [76.4517,93.8361], [76.4517,93.8361], [76.4517,93.8361], [76.4517,93.8361], [61.7416,94.5441], [76.4517,93.8361], [76.4517,93.8361], [76.4517,93.8361], [76.4517,93.8361], [76.4517,93.8361], [86.7587,78.6212], [61.7416,94.5441], [76.4517,93.8361], [76.4517,93.8361], [91.9377,86.859], [91.9377,86.859], [76.4517,93.8361], [91.9377,86.859], [91.9377,86.859], [86.7587,78.6212], [73.5799,77.6043], [76.4517,93.8361], [73.5799,77.6043], [62.624,81.0099], [76.4517,93.8361], [76.4517,93.8361], [73.5799,77.6043], [62.624,81.0099], [64.8867,78.68], [76.4517,93.8361], [58.0231,79.4499], [64.8867,78.68], [86.7587,78.6212], [58.0231,79.4499], [73.5799,77.6043], [73.5799,77.6043], [73.5799,77.6043], [61.7416,94.5441], [73.5799,77.6043], [61.7416,94.5441], [63.1945,76.204], [53.229,85.3955], [61.7416,94.5441], [64.8867,78.68], [63.1945,76.204], [58.0231,79.4499], [73.5799,77.6043], [63.1945,76.204], [53.229,85.3955], [62.624,81.0099], [73.5799,77.6043], [73.5799,77.6043], [73.5799,77.6043], [58.0231,79.4499], [73.5799,77.6043], [73.5799,77.6043], [86.7587,78.6212], [86.7587,78.6212], [86.7587,78.6212], [86.7587,