{
  "instance_index": 0,
  "birth_iter": 45,
  "death_iter": 50,
  "survival_iters": 5,
  "censored": false,
  "pre_vnd_coords": [[80,20], [88.7706,29.5572], [82.3909,16.1123], [88.8489,27.7876], [83.3508,14.5515], [83.6502,14.0647], [82.9031,15.2794], [64.3674,11.9285], [72.715,12.8533], [53.2837,10.7006], [54.251,15.5746], [53.2837,10.7006], [55.2929,20.8203], [55.2929,20.8203], [54.2194,21.7502], [54.9335,21.1316], [55.2929,20.8203], [47.5834,24.5796], [52.1178,23.5704], [52.1178,23.5704], [54.987,19.28], [55.2929,20.8203], [45.6095,24.1506], [55.2929,20.8203], [52.1178,23.5704], [52.1178,23.5704], [55.2929,20.8203], [35.6921,21.9952], [52.1178,23.5704], [52.1178,23.5704], [35.8397,35.7651], [35.1681,34.5497], [52.1178,23.5704], [36.9744,37.8184], [52.1178,23.5704], [37.7405,39.2049], [28.3774,32.8887], [38.9723,22.7081], [37.9897,39.6558], [31.6417,21.1149], [36.2109,36.4369], [37.4671,38.7101], [36.0162,36.0844], [19.946,30.4821], [43.2627,23.6406], [20.2172,30.7596], [19.7789,30.3111], [32.4293,33.8798], [26.2541,32.3694], [36.1105,36.2551], [35.9252,35.9199], [53.2837,10.7006], [38.1356,22.5262], [52.1178,23.5704], [31.4749,21.0786], [41.7394,23.3095], [31.8499,21.1601], [40.7814,23.1013], [47.5834,24.5796], [34.2108,21.6732], [32.9298,21.3948], [33.5595,21.5317], [37.2771,22.3397], [34.8855,21.8199], [17.7648,30.3373], [31.8074,21.1509], [31.6834,21.1239], [31.7237,21.1327], [32.4145,21.2828], [39.8626,22.9016], [31.598,21.1054], [31.7661,21.1419], [19.8614,30.3955], [29.5552,33.1768], [22.812,31.5275], [20.119,30.6591], [19.5068,30.0327], [19.0364,29.8177], [18.0017,30.2405], [13.3251,32.1515], [13.1404,32.3681], [19.3136,29.8349], [16.2985,17.779], [20.0305,30.5685], [31.5174,21.0879], [18.7526,29.9336], [19.4064,29.9299], [31.5572,21.0965], [19.6876,30.2176], [21.1943,18.8437], [10.0517,17.4086], [10.1058,16.4322], [10.0225,17.9349], [10.1058,16.4322], [12.1079,16.8675], [10.1058,16.4322], [10.0775,16.9426], [10.1058,16.4322], [13.3251,32.1515], [11.0827,16.6446], [25.1104,19.6953], [13.325,17.1322], [10.1058,16.4322], [10.1058,16.4322], [18.0008,18.1492], [10.1058,16.4322], [9.88654,20.3849], [14.6213,17.4142], [10.1058,16.4322], [13.1865,32.3141], [9.29031,31.1268], [10.1058,16.4322], [13.2315,32.2613], [10.2908,32.2517], [19.2224,29.7416], [10.1058,16.4322], [85.4397,84.7163], [86.0716,84.2378], [79.7622,89.015], [79.7622,89.015], [85.9362,84.178], [84.2285,83.4247], [74.8145,79.2439], [83.0186,86.5495], [85.4214,83.9509], [77.4296,80.4218], [75.9853,79.7713], [80.944,88.1202], [79.7622,89.015], [75.4094,89.0035], [79.7622,89.015], [79.7622,89.015], [72.6845,88.9959], [74.8722,89.002], [75.2223,79.4276], [76.4356,89.0063], [76.6917,80.0895], [71.8477,88.9936], [67.3846,88.9811], [68.7331,88.9849], [73.2012,88.9973], [64.0538,88.9718], [71.0207,88.9913], [77.8005,80.5889], [58.5062,88.9564], [74.4058,79.0598], [73.6724,78.7295], [58.0185,88.8793], [68.0328,88.9829], [59.8149,88.9601], [57.4607,88.791], [66.6758,88.9792], [75.7156,89.0043], [57.7759,88.8409], [74.0035,88.9996], [77.0424,80.2475], [66.0196,88.9773], [63.3341,88.9698], [76.0781,89.0053], [64.6918,88.9736], [60.9733,88.9633], [54.8547,79.9049], [58.5062,88.9564], [56.4079,80.3143], [55.4051,80.2479], [69.3942,88.9867], [51.6246,87.8992], [43.3923,93.0596], [58.6079,88.9567], [46.1021,92.6238], [58.5062,88.9564], [61.7374,88.9654], [58.2524,88.9163], [51.6706,87.875], [55.4673,80.116], [58.662,88.9569], [56.0082,80.4222], [53.9508,80.012], [58.5062,88.9564], [70.1368,88.9888], [43.8743,93.0588], [58.5062,88.9564], [42.4314,93.0611], [40.4021,87.9904], [43.0243,93.0602], [46.0266,93.0553], [39.2623,81.305], [41.0666,93.0634], [39.7474,91.4393], [42.0008,93.0618], [44.1804,93.0583], [42.8177,93.0605], [40.8023,88.2571], [44.3226,93.058], [42.6195,93.0608], [45.8049,93.0556], [41.7807,93.0622], [58.5062,88.9564], [47.8004,80.5917], [46.2275,93.0549], [46.5972,93.0543], [58.7154,88.957], [44.9859,93.057], [40.7117,88.1966], [51.536,87.9458], [39.6297,93.0657], [40.9218,89.1337], [41.5163,93.0626], [44.0161,93.0585], [43.7033,93.0591], [27.2938,89.1048], [44.7977,91.4892], [44.8009,93.0573], [24.8944,89.6133], [40.6376,93.064], [40.1055,93.0649], [21.5595,90.3198], [38.9183,93.0668], [45.3531,93.0564], [26.2819,89.3192], [48.0717,80.569], [39.2911,93.0662], [24.6443,89.6663], [25.3323,89.5205], [39.4703,93.066], [39.4588,92.0058], [39.9535,93.0652], [45.1123,91.7628], [39.7913,93.0654], [11.53,78.5951], [15.4628,78.7438], [24.3109,89.7369], [24.1474,89.7715], [36.1812,87.2218], [21.7874,90.2715], [14.7697,91.7584], [24.8283,89.6273], [15.4458,79.6553], [24.8777,89.6168], [26.8867,89.1911], [23.5181,89.9049], [23.3537,89.9397], [22.0189,90.2225], [22.7979,90.0574], [18.8175,90.9008], [25.4977,89.4854], [28.1973,88.9134], [23.6724,89.8722], [29.9968,88.5321], [23.8348,89.8378], [24.465,89.7042], [16.9127,91.3044], [17.9309,91.0887], [22.2731,90.1686], [22.5408,90.1119], [11.4045,90.7726], [26.6782,89.2353], [17.4327,91.1942], [10.2324,86.1848], [9.95917,84.0731], [13.0906,92.1142], [10.5547,88.6751], [27.6803,89.0229], [12.2924,92.132], [24.9095,89.6101], [28.7136,88.804], [10.7055,89.841], [15.3325,91.6392], [15.452,79.3246], [14.1626,91.887], [11.6024,90.883], [16.4012,91.4128], [12.5225,91.8863], [19.679,90.7183], [13.6242,92.0011], [10.4407,87.794], [12.2094,91.2213], [12.4344,91.3468], [11.1945,90.6556], [10.2014,85.9454], [12.4419,91.9724], [11.703,90.939], [11.8035,90.995], [11.5057,90.8291], [12.1156,92.3207], [10.7811,90.4251], [12.0008,91.1051], [25.8469,89.4114], [10.3213,86.8717], [12.5809,92.2221], [10.3791,87.318], [10.5151,88.3696], [9.86726,78.2217], [11.8986,91.0481], [10.3502,87.0952], [9.63022,81.5309], [10.998,78.4756], [11.3003,90.7145], [10.5922,88.9654], [10.7423,90.1253], [10.9946,90.5441], [9.59619,78.1609], [12.5687,91.4216], [10.1068,85.2138], [10.6303,89.2599], [10.6691,89.5592], [12.322,78.7729], [11.0905,90.5976], [10.1926,78.2948], [9.70333,78.1849], [10.1503,85.5506], [9.20757,78.2645], [9.68109,63.5749], [32.872,76.8611], [33.099,76.9264], [26.1338,70.8748], [40.0158,70.0801], [34.4873,77.3155], [37.275,78.0232], [35.9738,77.6929], [34.7748,77.3885], [37.6206,78.111], [38.8494,78.4229], [33.9195,77.1627], [39.1486,78.4989], [38.8371,68.2705], [40.1446,68.83], [34.9192,67.8352], [38.5392,68.2374], [38.2046,78.2592], [35.6989,67.9218], [36.3186,62.8258], [29.6297,73.9807], [34.6599,67.8064], [34.1761,77.2365], [33.8319,67.7144], [36.6204,77.8571], [36.9347,77.9369], [23.764,67.7962], [27.0937,71.7275], [36.2944,77.7743], [26.627,71.3129], [23.4711,67.4158], [17.9818,61.9761], [22.7079,66.4244], [26.8605,71.5204], [26.3882,71.1008], [28.7985,73.2423], [30.0257,74.3326], [29.2132,73.6107], [31.9145,67.5013], [23.6181,67.6067], [26.1338,70.8748], [35.6508,77.6109], [35.3362,77.531], [33.324,76.9912], [35.0217,77.4512], [36.516,68.0126], [39.2698,68.3186], [24.7161,69.0331], [24.4544,68.6932], [34.3822,67.7755], [35.1692,67.863], [38.2575,68.2061], [32.4189,67.5574], [28.3628,72.8551], [36.7923,68.0433], [24.026,68.1366], [39.9651,68.3959], [34.0911,67.7432], [35.9623,67.9511], [24.3416,50.8361], [33.369,67.6629], [37.888,78.1789], [32.9006,67.6109], [33.1349,67.6369], [23.0017,66.806], [23.3094,67.2058], [23.8907,67.9608], [31.9145,67.5013], [24.9802,69.3761], [24.5858,68.8638], [12.1782,58.521], [20.2894,63.2827], [17.2316,61.5514], [21.5808,64.9602], [9.84996,68.5246], [28.6622,58.802], [10.6075,55.968], [28.5312,61.1805], [28.6545,58.9421], [13.1721,78.9638], [9.95163,61.3536], [11.2063,66.8236], [28.5756,60.3743], [14.38,62.8431], [11.1436,44.5633], [15.0062,62.1262], [10.4231,44.1812], [10.3987,67.8364], [11.698,47.0157], [10.6293,55.7892], [11.1612,51.4225], [10.6999,55.2094], [10.9721,52.9752], [11.9302,45.1092], [11.3091,50.2082], [10.1548,59.6853], [10.8618,53.8801], [10.5964,56.0595], [11.0668,66.9985], [10.4036,44.6587], [10.7569,54.7419], [11.0894,52.0119], [11.1268,51.7048], [10.5755,44.7504], [10.73,44.6995], [10.9371,53.2618], [15.0096,