{
  "instance_index": 0,
  "birth_iter": 98,
  "death_iter": 100,
  "survival_iters": 2,
  "censored": false,
  "pre_vnd_coords": [[80,20], [84.4586,15.4697], [84.4586,15.4697], [84.4586,15.4697], [84.4586,15.4697], [84.4586,15.4697], [84.4586,15.4697], [72.0562,12.1666], [72.0562,12.1666], [72.0562,12.1666], [72.0562,12.1666], [72.0562,12.1666], [72.0562,12.1666], [72.0562,12.1666], [72.0562,12.1666], [72.0562,12.1666], [55.1105,29.1403], [42.5422,17.0414], [28.1776,21.9661], [42.5205,23.9786], [32.597,31.4014], [32.597,31.4014], [32.597,31.4014], [37.3781,37.7455], [35.5884,37.6078], [37.5823,34.0425], [17.6683,26.1429], [17.6683,26.1429], [35.4395,36.9883], [51.0334,30.8193], [35.4395,36.9883], [20.4721,48.1331], [14.2546,49.455], [20.4721,48.1331], [14.156,44.7295], [11.9077,50.7418], [11.4154,59.0582], [11.9077,50.7418], [11.9077,50.7418], [11.9077,50.7418], [11.4154,59.0582], [12.0213,39.2365], [12.0213,39.2365], [11.9077,50.7418], [11.9077,50.7418], [11.3058,69.0893], [11.4154,59.0582], [11.4154,59.0582], [11.4154,59.0582], [11.9077,50.7418], [11.4154,59.0582], [11.3058,69.0893], [11.4154,59.0582], [11.4154,59.0582], [11.9077,50.7418], [11.4154,59.0582], [11.3058,69.0893], [11.3058,69.0893], [11.3058,69.0893], [14.156,44.7295], [17.435,46.4964], [11.3058,69.0893], [11.3058,69.0893], [11.4154,59.0582], [11.3058,69.0893], [11.4154,59.0582], [11.3058,69.0893], [11.9077,50.7418], [11.3058,69.0893], [11.4154,59.0582], [11.3058,69.0893], [11.4154,59.0582], [11.4154,59.0582], [11.3058,69.0893], [11.3058,69.0893], [11.3058,69.0893], [11.3058,69.0893], [11.3058,69.0893], [11.3058,69.0893], [11.3058,69.0893], [11.3058,69.0893], [10.7488,78.6486], [10.7488,78.6486], [10.7488,78.6486], [17.613,74.9885], [9.05221,68.792], [11.8761,85.676], [11.8982,85.639], [11.8451,85.7278], [11.915,85.611], [11.3415,86.77], [11.8153,85.7776], [11.8835,85.6636], [11.7852,85.8279], [11.5221,86.3234], [11.7649,85.8618], [11.8594,85.7038], [10.1458,89.7271], [11.9477,85.5564], [11.1554,87.2301], [11.778,85.8398], [10.9688,87.6917], [10.1457,89.7271], [11.8,85.8031], [10.1639,89.6824], [11.8076,85.7904], [10.3937,89.114], [11.8226,85.7654], [8.79369,70.3388], [11.3058,69.0893], [8.91059,69.6393], [9.00956,69.0472], [14.13,69.2008], [17.1305,73.6837], [16.1501,71.0329], [14.9542,68.9546], [11.0387,74.4666], [11.3058,69.0893], [11.3058,69.0893], [10.7488,78.6486], [11.3058,69.0893], [11.3058,69.0893], [11.3058,69.0893], [11.3058,69.0893], [11.3058,69.0893], [11.3058,69.0893], [11.3058,69.0893], [11.3058,69.0893], [11.3058,69.0893], [11.3058,69.0893], [11.3058,69.0893], [11.3058,69.0893], [11.3058,69.0893], [11.3058,69.0893], [11.3058,69.0893], [11.3058,69.0893], [11.3058,69.0893], [11.3058,69.0893], [11.3058,69.0893], [8.96248,69.3288], [8.84776,70.0153], [10.5933,88.6203], [10.1845,89.6312], [11.8905,85.652], [10.182,89.6376], [10.1485,89.7204], [10.1666,89.6755], [10.1572,89.6988], [10.1593,89.6936], [11.9063,85.6256], [10.1549,89.7046], [10.1458,89.7271], [10.1458,89.7271], [10.1528,89.7097], [10.1507,89.7149], [10.1457,89.7271], [10.1458,89.7271], [10.1458,89.7271], [10.1458,89.7271], [10.1458,89.7271], [10.1458,89.7271], [10.1616,89.6881], [10.1689,89.6698], [10.1712,89.6642], [11.9541,85.5457], [10.1735,89.6585], [10.1761,89.6522], [10.1789,89.6452], [10.1458,89.7271], [10.1458,89.7271], [10.7735,88.1746], [11.8672,85.6908], [10.1458,89.7271], [10.1458,89.7271], [10.1458,89.7271], [10.1458,89.7271], [11.0387,74.4666], [11.0387,74.4666], [10.994,73.5957], [11.0387,74.4666], [11.0387,74.4666], [10.7488,78.6486], [11.0387,74.4666], [10.7488,78.6486], [10.7488,78.6486], [11.3058,69.0893], [15.9368,70.4561], [13.5393,46.2692], [12.6846,42.4625], [13.2251,44.8698], [12.7972,42.9638], [13.3699,45.5146], [12.7435,42.725], [12.9841,43.7964], [12.6266,42.2042], [14.0088,48.3605], [13.2947,45.1798], [12.8529,43.2122], [12.5669,41.9384], [12.9209,43.515], [13.7137,47.046], [13.1587,44.5743], [13.052,44.0987], [13.8939,47.8485], [45.0097,45.6524], [35.4395,36.9883], [37.5823,34.0425], [37.5823,34.0425], [37.5823,34.0425], [32.597,31.4014], [35.5884,37.6078], [37.5823,34.0425], [45.0097,45.6524], [22.2184,49.5654], [37.3781,37.7455], [37.3781,37.7455], [31.5398,59.219], [11.9077,50.7418], [19.0141,49.3544], [11.9077,50.7418], [37.5823,34.0425], [20.4721,48.1331], [22.2184,49.5654], [20.4721,48.1331], [11.9077,50.7418], [19.0141,49.3544], [22.2184,49.5654], [35.5884,37.6078], [22.2184,49.5654], [22.2184,49.5654], [11.9077,50.7418], [37.3781,37.7455], [20.4721,48.1331], [31.5398,59.219], [19.0141,49.3544], [35.4395,36.9883], [28.0705,59.8467], [35.4395,36.9883], [21.7496,64.3073], [31.5398,59.219], [21.8325,69.2612], [21.7496,64.3073], [31.5398,59.219], [22.2184,49.5654], [31.5398,59.219], [22.2184,49.5654], [9.87653,63.8597], [15.339,68.8396], [10.6495,70.2406], [12.4096,69.7148], [10.1688,62.1107], [43.1652,55.3336], [40.4246,58.6827], [40.6024,58.4655], [40.237,58.912], [14.3865,50.0426], [12.4622,41.4721], [15.339,68.8396], [14.3865,50.0426], [9.53908,65.8788], [10.5591,59.7753], [16.8747,72.992], [14.3865,50.0426], [10.7899,58.3946], [14.1273,48.888], [12.3877,41.1401], [12.9061,51.701], [13.6266,46.6581], [10.7614,58.5653], [11.058,56.7907], [10.9331,57.5376], [11.0178,57.0309], [14.3865,50.0426], [13.8056,47.4555], [10.5036,60.1076], [13.1081,44.3488], [11.7973,53.0668], [11.9332,39.116], [13.4367,45.8125], [12.5122,41.6946], [14.156,44.7295], [12.0213,39.2365], [14.156,44.7295], [11.9077,50.7418], [20.4721,48.1331], [14.156,44.7295], [11.1397,24.3702], [12.0213,39.2365], [12.0213,39.2365], [12.0213,39.2365], [12.0213,39.2365], [12.0213,39.2365], [12.0213,39.2365], [24.5467,23.8776], [13.1786,24.8817], [11.1222,24.0316], [11.1222,24.0316], [11.1397,24.3702], [11.1222,24.0316], [13.2867,14.61], [12.092,15.4497], [12.092,15.4497], [12.6775,17.2483], [12.6775,17.2483], [12.092,15.4497], [13.2867,14.61], [12.092,15.4497], [13.2867,14.61], [12.6775,17.2483], [12.6775,17.2483], [12.6775,17.2483], [11.1397,24.3702], [12.092,15.4497], [11.1397,24.3702], [12.6775,17.2483], [11.1222,24.0316], [12.6775,17.2483], [12.6775,17.2483], [12.6775,17.2483], [12.6775,17.2483], [20.2959,14.3022], [13.1786,24.8817], [20.2959,14.3022], [11.1222,24.0316], [12.092,15.4497], [12.6775,17.2483], [11.1397,24.3702], [12.6775,17.2483], [17.6683,26.1429], [13.1786,24.8817], [17.6683,26.1429], [17.6683,26.1429], [17.6683,26.1429], [17.6683,26.1429], [24.5467,23.8776], [24.5467,23.8776], [24.5467,23.8776], [32.9817,13.7452], [12.092,15.4497], [12.6775,17.2483], [12.092,15.4497], [12.092,15.4497], [12.6775,17.2483], [32.9817,13.7452], [17.6683,26.1429], [17.6683,26.1429], [24.5467,23.8776], [24.5467,23.8776], [24.5467,23.8776], [24.5467,23.8776], [24.5467,23.8776], [25.1785,22.8394], [25.2759,22.9588], [25.3657,23.0689], [25.0822,22.7213], [25.5523,23.2977], [24.5467,23.8776], [37.5823,34.0425], [49.6818,45.2946], [53.7977,32.1001], [52.6982,40.6478], [48.7449,46.7379], [46.4454,50.2803], [51.5016,42.4911], [52.5307,40.9058], [48.7432,30.5241], [42.5205,23.9786], [48.7432,30.5241], [51.0334,30.8193], [48.7432,30.5241], [42.5205,23.9786], [48.7432,30.5241], [42.2487,17.0557], [42.2487,17.0557], [42.2487,17.0557], [42.5422,17.0414], [42.5205,23.9786], [42.5205,23.9786], [42.2487,17.0557], [42.5205,23.9786], [42.2487,17.0557], [51.0334,30.8193], [35.4395,36.9883], [42.5205,23.9786], [32.597,31.4014], [32.597,31.4014], [42.5422,17.0414], [35.5884,37.6078], [49.9795,38.4222], [35.5884,37.6078], [49.9795,38.4222], [37.3781,37.7455], [51.0334,30.8193], [51.0334,30.8193], [49.9862,28.5696], [52.6959,31.0795], [53.2594,31.6014], [53.5714,31.8904], [53.3624,31.6968], [51.9638,41.779], [35.8906,41.9352], [54.0627,32.3455], [36.2368,39.4039], [52.3928,41.1182], [52.268,41.3103], [52.8932,40.3473], [48.0285,47.8415], [50.521,44.0017], [59.1852,61.8386], [58.775,62.1092], [54.1991,32.4719], [57.2211,63.1342], [52.1582,41.4796], [53.6839,31.9946], [51.4483,29.9238], [51.7242,30.1794], [51.9808,30.4171], [52.1692,30.5916], 