{
  "instance_index": 0,
  "birth_iter": 21,
  "death_iter": 80,
  "survival_iters": 59,
  "censored": false,
  "pre_vnd_coords": [[80,20], [90.1665,7.65771], [90.1665,7.65771], [90.1665,7.65771], [90.1665,7.65771], [90.1665,7.65771], [64.7096,23.6593], [62.8451,16.0089], [60.3997,29.6732], [64.7096,23.6593], [62.8451,16.0089], [60.3997,29.6732], [60.3997,29.6732], [60.3997,29.6732], [60.3997,29.6732], [60.3997,29.6732], [58.8598,32.1546], [60.3997,29.6732], [58.8598,32.1546], [51.1744,40.3605], [54.8948,51.1973], [43.55,27.1864], [43.55,27.1864], [58.8598,32.1546], [51.1744,40.3605], [60.3997,29.6732], [43.55,27.1864], [43.55,27.1864], [58.8598,32.1546], [61.3015,45.4286], [61.3015,45.4286], [43.55,27.1864], [60.3997,29.6732], [39.2792,32.9335], [39.2792,32.9335], [58.8598,32.1546], [58.8598,32.1546], [46.2955,43.3529], [58.8598,32.1546], [39.4211,14.7393], [39.4211,14.7393], [39.4211,14.7393], [24.6215,13.6783], [39.4211,14.7393], [39.4211,14.7393], [39.4211,14.7393], [39.4211,14.7393], [39.4211,14.7393], [24.6215,13.6783], [39.4211,14.7393], [39.4211,14.7393], [26.2149,32.1942], [39.4211,14.7393], [24.6215,13.6783], [21.2888,24.6111], [26.2149,32.1942], [39.4211,14.7393], [9.89835,19.1124], [21.2888,24.6111], [9.89835,19.1124], [21.2888,24.6111], [24.6215,13.6783], [21.2888,24.6111], [21.2888,24.6111], [24.6215,13.6783], [25.763,36.4953], [9.89835,19.1124], [26.2149,32.1942], [21.2888,24.6111], [24.6215,13.6783], [24.6215,13.6783], [26.2149,32.1942], [2.42107,38.5699], [9.89835,19.1124], [4.91128,24.903], [6.84641,17.1852], [21.2888,24.6111], [9.89835,19.1124], [21.2888,24.6111], [9.89835,19.1124], [9.89835,19.1124], [6.84641,17.1852], [6.84641,17.1852], [9.89835,19.1124], [6.84641,17.1852], [6.84641,17.1852], [24.6215,13.6783], [9.89835,19.1124], [6.84641,17.1852], [6.84641,17.1852], [6.84641,17.1852], [6.84641,17.1852], [4.91128,24.903], [6.84641,17.1852], [6.84641,17.1852], [4.91128,24.903], [2.42107,38.5699], [6.84641,17.1852], [4.91128,24.903], [4.91128,24.903], [9.89835,19.1124], [9.89835,19.1124], [2.88069,36.0474], [2.42107,38.5699], [4.22261,41.9408], [6.84641,17.1852], [26.2149,32.1942], [21.2888,24.6111], [9.26975,47.6493], [20.3253,57.1176], [3.45095,53.5772], [15.0344,42.3651], [24.4543,45.927], [15.0344,42.3651], [12.9222,44.9665], [4.22261,41.9408], [12.9222,44.9665], [9.26975,47.6493], [3.45095,53.5772], [9.26975,47.6493], [2.42107,38.5699], [4.22261,41.9408], [24.4543,45.927], [4.22261,41.9408], [4.22261,41.9408], [9.26975,47.6493], [4.22261,41.9408], [12.9222,44.9665], [9.26975,47.6493], [4.22261,41.9408], [15.0344,42.3651], [9.26975,47.6493], [4.22261,41.9408], [9.26975,47.6493], [13.2115,55.1736], [17.2538,61.1256], [13.2115,55.1736], [15.0344,42.3651], [9.26975,47.6493], [2.42107,38.5699], [9.26975,47.6493], [20.3253,57.1176], [8.56147,66.9612], [13.2115,55.1736], [12.9222,44.9665], [24.4543,45.927], [9.26975,47.6493], [2.42107,38.5699], [12.9222,44.9665], [12.9222,44.9665], [15.0344,42.3651], [15.0344,42.3651], [13.2115,55.1736], [9.26975,47.6493], [15.0344,42.3651], [4.22261,41.9408], [15.0344,42.3651], [9.26975,47.6493], [17.2538,61.1256], [24.4543,45.927], [12.9222,44.9665], [13.2115,55.1736], [6.15031,65.4209], [3.45095,53.5772], [9.26975,47.6493], [17.2538,61.1256], [3.45095,53.5772], [24.4543,45.927], [17.2538,61.1256], [24.4543,45.927], [8.56147,66.9612], [20.2751,66.0511], [17.2538,61.1256], [20.2751,66.0511], [17.2538,61.1256], [28.7909,63.9746], [20.2751,66.0511], [20.3253,57.1176], [27.4369,72.5111], [17.2538,61.1256], [27.4369,72.5111], [27.4369,72.5111], [17.2538,61.1256], [27.4369,72.5111], [21.9977,61.8761], [17.2538,61.1256], [8.56147,66.9612], [8.56147,66.9612], [21.6144,85.5407], [15.49,80.4659], [28.7909,63.9746], [27.4369,72.5111], [10.6182,71.2199], [6.15031,65.4209], [10.6182,71.2199], [17.2538,61.1256], [27.4369,72.5111], [20.6477,75.2149], [9.92265,74.5718], [27.4369,72.5111], [14.7562,81.3036], [9.92265,74.5718], [8.56147,66.9612], [6.15031,65.4209], [9.92265,74.5718], [10.6182,71.2199], [0.312141,81.793], [8.56147,66.9612], [10.6182,71.2199], [9.92265,74.5718], [15.49,80.4659], [20.6477,75.2149], [8.56147,66.9612], [9.92265,74.5718], [9.92265,74.5718], [8.56147,66.9612], [8.56147,66.9612], [3.45095,53.5772], [9.26975,47.6493], [21.9977,61.8761], [9.26975,47.6493], [13.2115,55.1736], [20.6477,75.2149], [17.2538,61.1256], [21.9977,61.8761], [20.2751,66.0511], [16.4505,70.8937], [21.9977,61.8761], [9.92265,74.5718], [8.56147,66.9612], [8.56147,66.9612], [8.56147,66.9612], [8.56147,66.9612], [8.56147,66.9612], [8.56147,66.9612], [3.45095,53.5772], [9.26975,47.6493], [1.52749,68.2963], [17.2538,61.1256], [20.2751,66.0511], [6.15031,65.4209], [9.26975,47.6493], [6.15031,65.4209], [13.2115,55.1736], [15.0344,42.3651], [9.26975,47.6493], [6.15031,65.4209], [3.45095,53.5772], [8.56147,66.9612], [3.45095,53.5772], [8.56147,66.9612], [3.45095,53.5772], [20.2751,66.0511], [10.6182,71.2199], [1.52749,68.2963], [8.56147,66.9612], [6.15031,65.4209], [9.92265,74.5718], [6.15031,65.4209], [6.15031,65.4209], [8.56147,66.9612], [16.4505,70.8937], [8.56147,66.9612], [0.312141,81.793], [6.15031,65.4209], [17.2538,61.1256], [8.56147,66.9612], [10.6182,71.2199], [10.6182,71.2199], [8.56147,66.9612], [15.49,80.4659], [9.92265,74.5718], [18.9261,90.4144], [18.9261,90.4144], [0.312141,81.793], [0.312141,81.793], [7.46463,88.4236], [7.46463,88.4236], [8.21764,84.7683], [0.312141,81.793], [7.46463,88.4236], [8.21764,84.7683], [10.6182,71.2199], [15.49,80.4659], [10.6182,71.2199], [10.6182,71.2199], [9.92265,74.5718], [15.49,80.4659], [1.52749,68.2963], [10.6182,71.2199], [9.92265,74.5718], [8.56147,66.9612], [9.92265,74.5718], [0.312141,81.793], [18.9261,90.4144], [14.7562,81.3036], [7.46463,88.4236], [0.312141,81.793], [0.312141,81.793], [7.46463,88.4236], [18.9261,90.4144], [9.85432,90.6854], [0.312141,81.793], [7.46463,88.4236], [0.312141,81.793], [7.46463,88.4236], [9.85432,90.6854], [7.46463,88.4236], [7.46463,88.4236], [15.49,80.4659], [7.46463,88.4236], [8.21764,84.7683], [9.85432,90.6854], [7.46463,88.4236], [8.21764,84.7683], [0.312141,81.793], [9.85432,90.6854], [7.46463,88.4236], [14.7562,81.3036], [7.46463,88.4236], [9.92265,74.5718], [7.46463,88.4236], [7.46463,88.4236], [7.46463,88.4236], [0.312141,81.793], [7.46463,88.4236], [7.46463,88.4236], [9.85432,90.6854], [7.46463,88.4236], [9.92265,74.5718], [9.85432,90.6854], [11.4364,86.688], [7.46463,88.4236], [7.46463,88.4236], [7.46463,88.4236], [11.4364,86.688], [7.46463,88.4236], [11.4364,86.688], [0.312141,81.793], [7.46463,88.4236], [7.46463,88.4236], [7.46463,88.4236], [7.46463,88.4236], [18.39,99.6523], [7.46463,88.4236], [7.46463,88.4236], [9.85432,90.6854], [7.46463,88.4236], [18.39,99.6523], [9.85432,90.6854], [21.6144,85.5407], [0.312141,81.793], [9.85432,90.6854], [7.46463,88.4236], [9.85432,90.6854], [18.39,99.6523], [26.894,83.2536], [14.7562,81.3036], [14.7562,81.3036], [9.85432,90.6854], [14.7562,81.3036], [7.46463,88.4236], [21.6144,85.5407], [7.46463,88.4236], [21.7138,89.0972], [28.0932,78.0064], [21.7138,89.0972], [20.0309,89.1684], [25.7947,90.0713], [26.8693,90.3278], [27.1191,90.3874], [21.7138,89.0972], [41.6794,87.8347], [21.7138,89.0972], [27.7521,78.2542], [21.7138,89.0972], [23.8974,89.6184], [27.597,78.3669], [21.7138,89.0972], [19.646,89.1847], [28.3714,80.1519], [28.6184,80.523], [21.7138,89.0972], [42.6497,83.1409], [28.5671,77.6621], [24.8407,89.8436], [23.1849,89.4483], [27.5444,78.9098], [28.3302,77.8342], [27.8957,78.1499], [30.267,63.7367], [27.3179,78.5696], [30.2687,63.5992], [27.3757,78.6564], [31.2559,75.7088], [27.4285,78.7357], [30.2673,63.7095], [30.4485,49.0326], [30.2951,61.4632], [33.5134,62.839], [29.3831,77.0693], [37.0911,61.8403], [30.3419,57.67], [30.3918,53.6283], [30.284,62.3571], [37.3936,71.2498], [35.6492,62.2428], [30.2682,63.6388], [30.2675,63.6915], [30.269,63.5736], [35.8912,72.3413], [30.268,63.6548], [30.3803,54.5574], [39.0002,61.3074], [40.6769,73.0661], [36.9802,71.5501], [30.2689,63.5829], [30.2669,