{
  "instance_index": 0,
  "birth_iter": 13,
  "death_iter": 20,
  "survival_iters": 7,
  "censored": false,
  "pre_vnd_coords": [[80,20], [57.8431,29.7631], [60.7466,21.0887], [61.3052,8.85476], [60.7466,21.0887], [60.7466,21.0887], [64.1587,14.0915], [64.1587,14.0915], [64.1587,14.0915], [70.7561,6.60744], [61.3052,8.85476], [70.7561,6.60744], [49.8821,37.5581], [49.4411,32.8299], [49.8821,37.5581], [60.7466,21.0887], [57.8431,29.7631], [57.8431,29.7631], [55.1867,48.3678], [42.8677,37.2882], [49.4411,32.8299], [61.8951,35.0726], [57.8431,29.7631], [44.336,24.1502], [57.8431,29.7631], [49.4411,32.8299], [46.7237,24.7143], [57.8431,29.7631], [57.8431,29.7631], [60.7466,21.0887], [49.4411,32.8299], [43.7032,9.45062], [43.7032,9.45062], [33.5304,10.7285], [33.5304,10.7285], [33.5304,10.7285], [43.7032,9.45062], [25.0336,31.1161], [33.5304,10.7285], [46.7237,24.7143], [31.1139,20.4533], [46.7237,24.7143], [43.7032,9.45062], [33.5304,10.7285], [31.1139,20.4533], [33.5304,10.7285], [33.5304,10.7285], [19.1558,26.2052], [34.5944,25.5453], [33.5304,10.7285], [9.07023,16.6881], [18.2696,6.6474], [31.1139,20.4533], [18.2696,6.6474], [31.8042,28.6133], [31.1139,20.4533], [21.0715,32.2523], [25.0336,31.1161], [31.1139,20.4533], [31.1139,20.4533], [21.0715,32.2523], [9.07023,16.6881], [19.1558,26.2052], [9.11835,21.3518], [1.83372,9.94311], [31.8042,28.6133], [9.91176,30.0231], [5.18963,-2.41594], [1.83372,9.94311], [9.11835,21.3518], [1.83372,9.94311], [9.07023,16.6881], [19.1558,26.2052], [9.11835,21.3518], [9.07023,16.6881], [9.07023,16.6881], [1.83372,9.94311], [1.83372,9.94311], [9.91176,30.0231], [1.83372,9.94311], [5.18963,-2.41594], [9.07023,16.6881], [3.87709,29.6664], [6.64207,27.2144], [9.91176,30.0231], [6.64207,27.2144], [-0.486324,39.3098], [1.83372,9.94311], [6.64207,27.2144], [3.87709,29.6664], [3.87709,29.6664], [21.0715,32.2523], [21.0715,32.2523], [8.02478,44.6485], [6.64207,27.2144], [21.0715,32.2523], [8.02478,44.6485], [9.91176,30.0231], [9.91176,30.0231], [19.1558,26.2052], [-0.486324,39.3098], [4.08437,51.246], [-0.486324,39.3098], [8.02478,44.6485], [18.7085,43.985], [14.9435,48.6792], [24.6803,33.26], [8.02478,44.6485], [8.02478,44.6485], [9.08001,52.2836], [8.02478,44.6485], [4.08437,51.246], [14.9435,48.6792], [8.02478,44.6485], [9.08001,52.2836], [9.08001,52.2836], [18.7085,43.985], [14.9435,48.6792], [18.7085,43.985], [16.9506,38.7342], [19.107,55.7999], [9.08001,52.2836], [19.5203,58.5937], [8.02478,44.6485], [8.02478,44.6485], [8.02478,44.6485], [0.103021,64.3755], [11.747,58.2407], [-3.82371,50.5462], [11.747,58.2407], [-3.82371,50.5462], [-0.486324,39.3098], [4.08437,51.246], [14.9435,48.6792], [-3.82371,50.5462], [0.103021,64.3755], [22.5653,55.958], [11.747,58.2407], [9.23977,63.5731], [9.08001,52.2836], [1.08663,68.9086], [9.08001,52.2836], [-3.82371,50.5462], [9.23977,63.5731], [4.08437,51.246], [2.42457,70.8467], [2.42457,70.8467], [17.2376,63.2256], [19.8413,66.7048], [2.42457,70.8467], [0.103021,64.3755], [1.08663,68.9086], [2.42457,70.8467], [8.36975,77.3046], [0.103021,64.3755], [1.08663,68.9086], [1.08663,68.9086], [0.103021,64.3755], [9.23977,63.5731], [6.98077,86.501], [13.809,71.8172], [0.685042,79.0113], [22.5653,55.958], [25.5688,69.9144], [19.107,55.7999], [25.7195,67.1056], [9.23977,63.5731], [9.23977,63.5731], [8.36975,77.3046], [11.747,58.2407], [17.2376,63.2256], [1.08663,68.9086], [6.98077,86.501], [13.809,71.8172], [5.99153,75.3233], [9.23977,63.5731], [9.23977,63.5731], [17.2376,63.2256], [9.23977,63.5731], [1.08663,68.9086], [16.8476,72.6131], [0.103021,64.3755], [0.685042,79.0113], [6.98077,86.501], [2.42457,70.8467], [0.685042,79.0113], [0.685042,79.0113], [2.5994,88.145], [13.3499,91.2744], [13.3499,91.2744], [0.685042,79.0113], [13.1573,84.9261], [6.98077,86.501], [8.36975,77.3046], [13.3499,91.2744], [0.685042,79.0113], [6.98077,86.501], [13.3499,91.2744], [13.3499,91.2744], [13.3499,91.2744], [8.36975,77.3046], [6.98077,86.501], [13.3499,91.2744], [5.99153,75.3233], [5.99153,75.3233], [6.98077,86.501], [2.42457,70.8467], [13.1573,84.9261], [6.98077,86.501], [8.36975,77.3046], [13.1573,84.9261], [1.08663,68.9086], [2.5994,88.145], [0.685042,79.0113], [13.3499,91.2744], [8.36975,77.3046], [2.42457,70.8467], [8.36975,77.3046], [8.36975,77.3046], [0.685042,79.0113], [8.36975,77.3046], [5.99153,75.3233], [8.36975,77.3046], [0.685042,79.0113], [8.36975,77.3046], [2.5994,88.145], [9.9067,101.68], [13.1573,84.9261], [-1.42685,94.8656], [-1.42685,94.8656], [13.3499,91.2744], [13.3499,91.2744], [6.98077,86.501], [8.36975,77.3046], [6.98077,86.501], [2.5994,88.145], [13.3499,91.2744], [18.91,91.4112], [8.36975,77.3046], [13.1573,84.9261], [13.3499,91.2744], [13.3499,91.2744], [13.3499,91.2744], [18.91,91.4112], [13.1573,84.9261], [21.6403,86.7753], [8.36975,77.3046], [13.1573,84.9261], [25.0105,92.2577], [13.3499,91.2744], [8.36975,77.3046], [13.1573,84.9261], [13.1573,84.9261], [6.98077,86.501], [13.1573,84.9261], [18.91,91.4112], [13.3499,91.2744], [13.1573,84.9261], [13.3499,91.2744], [13.3499,91.2744], [13.1573,84.9261], [6.98077,86.501], [-1.42685,94.8656], [13.3499,91.2744], [2.5994,88.145], [13.3499,91.2744], [18.91,91.4112], [-1.42685,94.8656], [-1.42685,94.8656], [-1.42685,94.8656], [9.9067,101.68], [2.5994,88.145], [9.9067,101.68], [13.3499,91.2744], [18.91,91.4112], [13.3499,91.2744], [31.4446,98.0644], [25.0105,92.2577], [29.9456,102.315], [31.6272,95.0042], [18.7067,98.5494], [18.7067,98.5494], [18.7067,98.5494], [18.7067,98.5494], [25.0105,92.2577], [25.0105,92.2577], [29.9456,102.315], [31.6272,95.0042], [13.1573,84.9261], [18.91,91.4112], [18.91,91.4112], [32.982,98.741], [32.982,98.741], [31.6272,95.0042], [32.982,98.741], [31.6272,95.0042], [21.6403,86.7753], [18.7067,98.5494], [29.9456,102.315], [26.9923,85.0125], [25.0105,92.2577], [32.982,98.741], [29.9456,102.315], [31.6272,95.0042], [47.8239,94.2988], [31.6272,95.0042], [31.6272,95.0042], [18.7067,98.5494], [32.982,98.741], [47.8239,94.2988], [47.8239,94.2988], [26.9923,85.0125], [31.4446,98.0644], [40.5276,98.4724], [37.6231,89.1124], [40.0134,91.55], [46.4344,96.701], [35.0181,94.9361], [39.4162,92.9179], [42.1793,90.6728], [42.1793,90.6728], [39.4162,92.9179], [42.1793,90.6728], [42.1793,90.6728], [42.1793,90.6728], [42.1793,90.6728], [46.4344,96.701], [46.4344,96.701], [35.0181,94.9361], [39.4162,92.9179], [39.4162,92.9179], [39.4162,92.9179], [28.9999,90.7915], [35.0181,94.9361], [46.4344,96.701], [42.1793,90.6728], [40.1999,83.9571], [35.0181,94.9361], [35.0181,94.9361], [40.1999,83.9571], [42.1793,90.6728], [40.1999,83.9571], [42.1793,90.6728], [37.5826,82.145], [31.8025,83.2945], [51.9587,70.8345], [25.5844,76.2112], [25.5844,76.2112], [24.816,79.5029], [24.816,79.5029], [40.1999,83.9571], [30.4291,66.7383], [25.5844,76.2112], [31.8025,83.2945], [37.5826,82.145], [18.6657,80.6136], [34.5616,61.9672], [34.5616,61.9672], [25.5844,76.2112], [28.2115,62.0266], [40.1999,83.9571], [40.1999,83.9571], [51.9587,70.8345], [45.2161,65.4952], [44.4825,63.6845], [51.9587,70.8345], [38.3808,60.8599], [45.2161,65.4952], [45.2161,65.4952], [28.2115,62.0266], [38.3808,60.8599], [48.2327,49.2388], [45.2161,65.4952], [38.3808,60.8599], [38.3808,60.8599], [26.9661,55.2424], [45.2161,65.4952], [30.4291,66.7383], [38.3808,60.8599], [45.2161,65.4952], [28.2115,62.0266], [30.8751,41.2146], [16.4171,60.5177], [30.8751,41.2146], [16.4171,60.5177], [38.3808,60.8599], [19.9915,49.7031], [35.7772,57.9712], [26.9661,55.2424], [33.177,48.4904], [26.9661,55.2424], [26.9661,55.2424], [51.9091,51.4988], [26.9661,55.2424], [45.8231,54.5919], [26.9661,55.2424], [40.5017,31.5147], [38.1063,42.1252], [43.8518,43.6125], [30.8751,41.2146], [33.177,48.4904], [42.0909,57.715], [33.177,48.4904], [43.8518,43.6125], [19.9915,49.7031], [51.9091,51.4988], [33.177,48.4904], [22.1495,50.6047], [45.8231,54.5919], [40.5017,31.5147], [30.8751,41.2146], [30.8751,41.2146], [19.9915,49.7031], [33.177,48.4904], [22.1495,50.6047], [26.9661,55.2424], [30.8751,41.2146], [19.9915,