{
  "instance_index": 0,
  "birth_iter": 26,
  "death_iter": 60,
  "survival_iters": 34,
  "censored": false,
  "pre_vnd_coords": [[80,20], [62.1727,12.9955], [62.1727,12.9955], [62.1727,12.9955], [62.1727,12.9955], [62.1727,12.9955], [62.1727,12.9955], [62.1727,12.9955], [62.1727,12.9955], [62.1727,12.9955], [62.1727,12.9955], [49.1659,34.6038], [60.119,33.6943], [64.5735,44.6595], [60.119,33.6943], [64.5735,44.6595], [49.1659,34.6038], [60.119,33.6943], [49.1659,34.6038], [60.119,33.6943], [60.1587,34.8773], [49.1659,34.6038], [39.744,22.5042], [49.1659,34.6038], [60.1587,34.8773], [49.1659,34.6038], [60.1587,34.8773], [59.1643,42.6505], [59.1643,42.6505], [59.1643,42.6505], [59.1643,42.6505], [59.1643,42.6505], [59.1643,42.6505], [59.1643,42.6505], [59.1643,42.6505], [59.1643,42.6505], [49.1659,34.6038], [49.1659,34.6038], [59.1643,42.6505], [59.1643,42.6505], [59.1643,42.6505], [47.4093,55.0189], [39.5697,53.8349], [39.5697,53.8349], [59.1643,42.6505], [50.7221,52.2909], [59.1643,42.6505], [42.2467,44.3056], [39.5697,53.8349], [39.5697,53.8349], [47.4093,55.0189], [44.436,60.4001], [39.5697,53.8349], [39.5697,53.8349], [39.5697,53.8349], [47.4093,55.0189], [39.5697,53.8349], [34.9007,41.5584], [60.1587,34.8773], [50.7221,52.2909], [60.1587,34.8773], [47.4093,55.0189], [59.1643,42.6505], [42.443,51.6568], [39.5697,53.8349], [31.0657,47.2827], [39.5697,53.8349], [39.5697,53.8349], [34.9007,41.5584], [34.9007,41.5584], [36.8021,40.3632], [34.9007,41.5584], [14.7844,43.2913], [26.6799,21.0251], [36.8021,40.3632], [34.9007,41.5584], [36.8021,40.3632], [36.8021,40.3632], [39.5697,53.8349], [42.2467,44.3056], [34.9007,41.5584], [36.8021,40.3632], [17.6997,46.9788], [14.7844,43.2913], [26.6799,21.0251], [36.8021,40.3632], [22.3238,32.5201], [22.3238,32.5201], [34.9007,41.5584], [34.9007,41.5584], [26.6799,21.0251], [22.3238,32.5201], [39.744,22.5042], [39.744,22.5042], [39.744,22.5042], [26.6799,21.0251], [39.744,22.5042], [26.6799,21.0251], [26.6799,21.0251], [26.6799,21.0251], [26.6799,21.0251], [26.6799,21.0251], [18.9658,20.0191], [39.744,22.5042], [30.2919,16.9667], [30.2919,16.9667], [44.0272,19.0499], [26.6799,21.0251], [30.2919,16.9667], [39.744,22.5042], [22.3238,32.5201], [25.7583,19.2622], [26.6799,21.0251], [26.6799,21.0251], [22.3238,32.5201], [5.40445,23.8468], [8.41332,17.1768], [7.7144,12.4379], [5.40445,23.8468], [8.41332,17.1768], [39.744,22.5042], [22.3238,32.5201], [25.7583,19.2622], [22.3238,32.5201], [7.7144,12.4379], [26.6799,21.0251], [22.3238,32.5201], [25.7583,19.2622], [26.6799,21.0251], [7.8172,16.1349], [7.7144,12.4379], [5.40445,23.8468], [7.8172,16.1349], [8.41332,17.1768], [5.40445,23.8468], [5.40445,23.8468], [7.7144,12.4379], [8.41332,17.1768], [7.8172,16.1349], [7.8172,16.1349], [7.8172,16.1349], [7.7144,12.4379], [7.7144,12.4379], [8.41332,17.1768], [7.8172,16.1349], [8.41332,17.1768], [5.40445,23.8468], [7.7144,12.4379], [7.7144,12.4379], [8.41332,17.1768], [18.9658,20.0191], [8.37317,40.7456], [5.40445,23.8468], [5.40445,23.8468], [5.40445,23.8468], [5.40445,23.8468], [5.40445,23.8468], [8.37317,40.7456], [5.40445,23.8468], [2.64105,42.7381], [15.5371,54.9769], [2.64105,42.7381], [8.37317,40.7456], [15.4015,52.438], [2.64105,42.7381], [8.37317,40.7456], [19.6557,39.5816], [19.6557,39.5816], [19.6557,39.5816], [19.6557,39.5816], [8.37317,40.7456], [19.6557,39.5816], [15.5371,54.9769], [4.72631,60.0155], [2.64105,42.7381], [8.37317,40.7456], [15.5371,54.9769], [15.5371,54.9769], [15.4015,52.438], [4.72631,60.0155], [2.64105,42.7381], [2.64105,42.7381], [8.37317,40.7456], [19.6557,39.5816], [8.37317,40.7456], [2.64105,42.7381], [2.64105,42.7381], [8.37317,40.7456], [4.72631,60.0155], [19.6557,39.5816], [2.64105,42.7381], [8.37317,40.7456], [8.37317,40.7456], [2.64105,42.7381], [4.72631,60.0155], [4.72631,60.0155], [9.31708,59.6774], [4.72631,60.0155], [8.37317,40.7456], [15.4015,52.438], [4.72631,60.0155], [9.31708,59.6774], [4.72631,60.0155], [13.2521,48.8621], [8.37317,40.7456], [9.31708,59.6774], [4.72631,60.0155], [21.132,66.3972], [17.1133,76.3198], [15.5371,54.9769], [9.31708,59.6774], [4.72631,60.0155], [8.37317,40.7456], [8.37317,40.7456], [9.31708,59.6774], [21.132,66.3972], [4.72631,60.0155], [13.1383,67.1236], [4.72631,60.0155], [9.31708,59.6774], [4.72631,60.0155], [4.72631,60.0155], [4.72631,60.0155], [4.72631,60.0155], [9.31708,59.6774], [4.72631,60.0155], [4.72631,60.0155], [4.72631,60.0155], [8.58509,79.868], [4.72631,60.0155], [15.4015,52.438], [13.1383,67.1236], [9.31708,59.6774], [4.72631,60.0155], [25.3197,69.8245], [21.132,66.3972], [9.31708,59.6774], [9.31708,59.6774], [21.132,66.3972], [8.58509,79.868], [8.58509,79.868], [13.1383,67.1236], [8.58509,79.868], [8.58509,79.868], [4.72631,60.0155], [12.5408,73.2683], [9.31708,59.6774], [4.72631,60.0155], [4.72631,60.0155], [8.34588,90.6523], [8.58509,79.868], [8.58509,79.868], [8.58509,79.868], [12.5408,73.2683], [8.58509,79.868], [8.58509,79.868], [8.58509,79.868], [8.58509,79.868], [8.58509,79.868], [8.58509,79.868], [8.34588,90.6523], [8.58509,79.868], [8.58509,79.868], [8.58509,79.868], [8.58509,79.868], [8.58509,79.868], [8.34588,90.6523], [8.58509,79.868], [8.58509,79.868], [8.58509,79.868], [8.34588,90.6523], [8.58509,79.868], [8.34588,90.6523], [8.58509,79.868], [8.58509,79.868], [8.58509,79.868], [8.58509,79.868], [8.58509,79.868], [8.58509,79.868], [8.58509,79.868], [8.58509,79.868], [8.34588,90.6523], [8.58509,79.868], [8.58509,79.868], [8.34588,90.6523], [8.58509,79.868], [8.34588,90.6523], [8.34588,90.6523], [4.72631,60.0155], [8.58509,79.868], [8.34588,90.6523], [37.5779,31.8234], [37.5779,31.8234], [37.5779,31.8234], [39.8852,23.3959], [43.7032,9.45062], [43.7032,9.45062], [43.7032,9.45062], [43.7032,9.45062], [43.7032,9.45062], [50.3101,28.3855], [49.1659,34.6038], [50.3101,28.3855], [37.5779,31.8234], [50.3101,28.3855], [59.1643,42.6505], [49.1659,34.6038], [59.1643,42.6505], [49.1659,34.6038], [60.1587,34.8773], [49.1659,34.6038], [62.1727,12.9955], [37.5779,31.8234], [49.1659,34.6038], [50.3101,28.3855], [37.5779,31.8234], [49.1659,34.6038], [49.1659,34.6038], [41.4931,76.7524], [42.9616,32.0373], [49.1659,34.6038], [49.1659,34.6038], [37.5779,31.8234], [42.9616,32.0373], [49.1659,34.6038], [49.1659,34.6038], [42.9616,32.0373], [37.5779,31.8234], [37.5779,31.8234], [42.9616,32.0373], [37.5779,31.8234], [49.1659,34.6038], [37.5779,31.8234], [37.5779,31.8234], [49.1659,34.6038], [51.4551,81.9371], [62.3365,82.8953], [51.4551,81.9371], [46.7335,84.5245], [62.396,72.4929], [50.2972,72.246], [30.4835,64.5689], [58.7576,61.3311], [44.436,60.4001], [50.2972,72.246], [38.5792,78.9211], [50.2972,72.246], [50.2972,72.246], [44.436,60.4001], [30.3105,77.9346], [62.396,72.4929], [53.7208,88.4342], [53.4094,64.806], [58.7576,61.3311], [58.7576,61.3311], [58.7576,61.3311], [71.4311,65.4642], [62.396,72.4929], [66.4553,75.8292], [53.4094,64.806], [62.3365,82.8953], [58.7576,61.3311], [53.4094,64.806], [62.396,72.4929], [53.4094,64.806], [48.0811,77.4953], [50.2972,72.246], [48.0811,77.4953], [66.4553,75.8292], [50.2972,72.246], [53.4094,64.806], [53.4094,64.806], [71.4311,65.4642], [53.4094,64.806], [44.436,60.4001], [44.436,60.4001], [39.5697,53.8349], [48.0811,77.4953], [58.7576,61.3311], [58.7576,61.3311], [58.7576,61.3311], [53.4094,64.806], [53.4094,64.806], [53.4094,64.806], [53.4094,64.806], [53.4094,64.806], [53.4094,64.806], [53.4094,64.806], [58.7576,61.3311], [58.7576,61.3311], [53.4094,64.806], [30.4835,64.5689], [30.4835,64.5689], [39.5697,53.8349], [47.4093,55.0189], [44.436,60.4001], [47.4093,55.0189], [44.436,60.4001], [50.2972,72.246], [44.436,60.4001], [44.436,60.4001], [44.436,60.4001], [44.436,60.4001], [36.8021,40.3632], [39.5697,53.8349], [30.4835,64.5689], [48.0811,77.4953], [30.4835,64.5689], [44.436,60.4001], [37.5634,65.3199], [31.0657,47.2827], [30.4835,64.5689], [34.9007,41.5584], [14.0406,65.4395], [26.5623,52.0635], [31.0657,47.2827], [31.0657,47.2827], [31.0657,47.2827], [22.9037,50.1743], [14.7844,43.2913], 