{
  "instance_index": 0,
  "birth_iter": 28,
  "death_iter": 90,
  "survival_iters": 62,
  "censored": false,
  "pre_vnd_coords": [[80,20], [89.3451,19.4595], [89.3451,19.4595], [89.3451,19.4595], [89.3451,19.4595], [86.9342,35.757], [85.69,62.3879], [90.409,55.8435], [90.409,55.8435], [90.409,55.8435], [84.8179,56.9012], [80.0465,66.0039], [84.8179,56.9012], [59.1537,66.2046], [80.0465,66.0039], [80.0465,66.0039], [69.3706,58.4351], [69.3706,58.4351], [68.6223,58.479], [77.1965,91.2979], [77.1965,91.2979], [59.9809,91.3078], [69.6753,91.3022], [77.1965,91.2979], [71.1505,91.3014], [57.7394,81.3889], [60.2406,91.3076], [63.8566,91.3055], [66.8216,91.3038], [60.7316,91.3073], [61.936,91.3066], [53.162,66.1446], [62.3724,58.8453], [53.3519,65.309], [59.1537,66.2046], [59.1537,66.2046], [47.8342,55.5589], [43.6846,55.6771], [47.8342,55.5589], [43.899,49.7243], [52.9711,44.8913], [43.6846,55.6771], [43.899,49.7243], [43.6846,55.6771], [59.1537,66.2046], [59.1537,66.2046], [75.0232,91.2991], [73.1786,91.3002], [61.4331,99.7485], [61.4331,99.7485], [54.5809,94.4026], [53.5177,82.3873], [53.5552,74.0113], [53.5552,74.0113], [53.5552,74.0113], [53.2163,65.9055], [53.2784,65.6324], [29.1251,62.6509], [39.697,50.9515], [26.1378,70.7038], [28.0136,67.5973], [21.2929,66.8308], [25.029,72.54], [39.8169,51.1679], [23.5083,75.0583], [23.3259,75.3604], [21.5232,80.9306], [28.0136,67.5973], [19.9883,69.0522], [19.5374,69.4019], [28.0136,67.5973], [28.0136,67.5973], [28.0136,67.5973], [21.6533,81.3052], [20.2162,68.6641], [21.4064,80.5944], [9.74111,74.9299], [26.8945,69.4506], [24.3998,73.5819], [28.2293,56.2648], [19.0144,69.5846], [10.8945,63.5498], [26.2972,70.4398], [19.6864,69.3498], [9.73218,73.146], [26.4351,58.0748], [18.6711,69.7045], [12.9816,66.3667], [9.73291,73.2917], [16.094,68.2847], [11.1883,64.1191], [9.67285,61.3191], [9.73817,74.3413], [11.9187,65.5343], [13.4702,66.6678], [9.7356,73.8301], [9.74927,76.5543], [4.59321,62.6345], [5.66024,68.2298], [4.82927,81.4164], [15.7867,73.0257], [24.0851,84.6], [5.66024,68.2298], [4.82927,81.4164], [19.1812,62.7137], [2.60122,75.1502], [2.60122,75.1502], [12.4161,77.9168], [5.66024,68.2298], [-3.42326,72.5664], [5.66024,68.2298], [5.66024,68.2298], [2.60122,75.1502], [2.60122,75.1502], [7.84712,86.8428], [5.66024,68.2298], [2.60122,75.1502], [4.82927,81.4164], [5.66024,68.2298], [-3.42326,72.5664], [5.66024,68.2298], [10.1575,59.9232], [10.1575,59.9232], [2.60122,75.1502], [5.66024,68.2298], [10.1575,59.9232], [5.66024,68.2298], [-0.808431,49.0744], [10.1575,59.9232], [5.66024,68.2298], [4.59321,62.6345], [12.4161,77.9168], [4.59321,62.6345], [5.66024,68.2298], [5.66024,68.2298], [10.1575,59.9232], [6.87018,50.8769], [5.66024,68.2298], [10.1575,59.9232], [10.1575,59.9232], [10.1575,59.9232], [10.1575,59.9232], [12.4434,43.51], [19.1812,62.7137], [5.66024,68.2298], [6.87018,50.8769], [13.6343,75.2917], [19.1812,62.7137], [12.6774,61.9807], [16.5045,48.9039], [9.75164,77.0232], [11.0393,45.3293], [18.4995,51.5077], [12.5171,66.0804], [9.75697,78.0822], [11.0411,63.8339], [9.79829,86.2865], [9.79372,85.38], [22.5947,84.0151], [9.76307,79.2937], [9.77581,81.8235], [9.78606,83.8603], [9.78188,83.0296], [9.81236,89.0874], [9.80358,87.3378], [22.2526,65.1968], [27.7751,85.2313], [9.7719,81.0479], [7.84712,86.8428], [12.4161,77.9168], [5.66024,68.2298], [5.66024,68.2298], [20.9532,79.2896], [9.77374,81.4137], [7.84712,86.8428], [9.82935,89.4069], [9.7881,84.2659], [9.81081,88.7791], [9.79167,84.9734], [9.78405,83.4609], [9.87402,89.4036], [9.83712,89.4063], [9.78989,84.6208], [9.80944,88.505], [9.85953,89.4047], [9.80078,86.7807], [7.84712,86.8428], [7.84712,86.8428], [7.84712,86.8428], [7.84712,86.8428], [22.509,83.7683], [21.6268,66.2623], [25.2989,72.093], [22.9965,85.172], [19.375,69.4586], [21.1793,79.9406], [22.7952,84.5923], [21.893,81.995], [20.6025,68.0064], [22.426,83.5296], [24.1068,74.0672], [23.136,85.5734], [21.8468,77.8097], [18.4968,69.7654], [22.6921,84.2955], [21.0672,79.6179], [23.9518,87.9218], [25.7907,71.2785], [26.4567,70.1756], [21.296,80.2766], [9.79588,85.809], [12.053,65.7944], [11.7808,65.2671], [13.9063,66.9366], [17.4136,69.0979], [11.3388,64.4106], [21.1804,67.0224], [20.9716,67.378], [19.1812,62.7137], [21.0165,56.6783], [19.1812,62.7137], [17.4805,54.5495], [17.4805,54.5495], [21.0165,56.6783], [27.637,42.9236], [19.1812,62.7137], [36.4921,65.4931], [15.6065,51.9331], [19.1812,62.7137], [26.2463,46.8529], [32.8996,54.3961], [23.0014,56.1349], [27.637,42.9236], [27.637,42.9236], [26.2463,46.8529], [26.2463,46.8529], [26.5781,50.9066], [36.6596,54.0052], [26.2463,46.8529], [27.637,42.9236], [15.6065,51.9331], [38.2422,48.7145], [27.9681,59.7874], [25.8048,59.058], [36.6596,54.0052], [32.9393,60.5524], [27.9681,59.7874], [25.8048,59.058], [32.8996,54.3961], [30.9661,52.5552], [32.9393,60.5524], [25.8048,59.058], [23.0014,56.1349], [27.9681,59.7874], [19.1812,62.7137], [19.1812,62.7137], [20.342,68.4499], [11.6428,64.9997], [19.2052,69.518], [39.5426,50.6728], [18.9726,52.1252], [18.7498,51.8343], [21.9671,52.3292], [18.2994,51.2464], [11.4354,45.359], [19.7988,53.2034], [13.0319,45.4789], [11.0393,45.3293], [11.4852,64.6942], [12.4683,45.4366], [16.7231,49.1892], [11.8834,45.3927], [11.0358,45.2927], [11.0349,45.2834], [11.0355,45.2896], [17.3684,50.0314], [11.0352,45.2865], [12.6098,45.4472], [11.0393,45.3293], [12.1726,45.4144], [18.06,50.934], [11.0343,45.2775], [12.3409,35.9263], [11.0393,45.3293], [12.0171,45.4027], [17.1618,49.7617], [11.0393,45.3293], [11.0393,45.3293], [11.0393,45.3293], [11.7349,45.3815], [11.0366,45.3017], [9.08801,43.8126], [1.26344,40.0067], [12.4434,43.51], [26.2463,46.8529], [-7.77822,37.9268], [9.91733,40.809], [-1.53677,23.6966], [-7.77822,37.9268], [6.18829,32.0124], [9.46066,23.6839], [27.9597,29.5316], [31.1524,36.7994], [22.1255,21.9658], [31.1524,36.7994], [38.2527,35.3319], [29.8434,23.9747], [31.1524,36.7994], [35.9159,34.7609], [31.1524,36.7994], [45.3463,36.8236], [48.223,43.8465], [48.223,43.8465], [48.156,24.7175], [48.223,43.8465], [29.8434,23.9747], [46.9398,31.4052], [38.2527,35.3319], [20.0018,16.3124], [31.8761,20.3238], [31.1524,36.7994], [31.8761,20.3238], [31.1524,36.7994], [31.1524,36.7994], [31.1524,36.7994], [29.8434,23.9747], [49.6608,18.1218], [29.8434,23.9747], [48.156,24.7175], [46.0174,11.708], [31.8761,20.3238], [49.6608,18.1218], [49.6608,18.1218], [49.6608,18.1218], [46.0174,11.708], [48.156,24.7175], [45.3463,36.8236], [59.6407,34.9599], [46.9398,31.4052], [48.156,24.7175], [45.3463,36.8236], [31.1524,36.7994], [55.7083,29.373], [48.223,43.8465], [55.7083,29.373], [53.3231,39.6914], [53.7652,43.6863], [53.5859,42.0664], [73.704,34.1044], [72,32.9838], [53.3231,39.6914], [53.6246,42.4158], [53.5024,41.3119], [53.4604,40.9325], [58.1986,43.2957], [53.9997,45.2116], [53.8481,44.436], [54.0554,45.1862], [53.4165,40.5351], [68.2643,38.7028], [53.3641,40.062], [27.1444,25.5855], [26.8625,24.2212], [27.6774,28.1653], [26.7648,23.7484], [30.2832,16.7598], [27.2361,26.0292], [21.621,13.4843], [27.0437,25.0981], [27.3344,26.5051], [13.9664,14.17], [15.7116,14.0137], [17.1717,13.8829], [29.7252,17.8679], [26.9475,24.6327], [31.4504,14.4411], [31.2493,12.6211], [27.6765,21.9374], [31.8761,20.3238], [46.0174,11.708], [46.0174,11.708], [46.0174,11.708], [46.0174,11.708], [46.0174,11.708], [46.0174,11.708], [9.46066,23.6839], [9.46066,23.6839], [9.46066,23.6839], [-1.53677,23.6966], [-1.53677,23.6966], [1.26344,40.0067], [1.26344,40.0067], [1.26344,40.0067], [6.18829,32.0124], [12.4434,43.51], [12.4434,43.51], [20.0018,16.3124], [21.1583,32.976], [27.3767,28.0895], [26.2463,46.8529], [21.1583,32.976], [22.1255,21.9658], [22.1255,21.9658], [22.1255,21.9658], [31.8761,20.3238], [9.46066,23.6839], [27.3767,28.0895], [20.0018,16.3124], [6.18829,32.0124], [-1.53677,23.6966], [22.1255,21.9658], [9.46066,23.6839], [22.1255,21.9658], [22.1255,21.9658], [6.18829,32.0124], [6.18829,32.0124], [9.46066,23.6839], [-1.53677,23.6966], [-1.53677,