{
  "instance_index": 0,
  "birth_iter": 58,
  "death_iter": 80,
  "survival_iters": 22,
  "censored": false,
  "pre_vnd_coords": [[80,20], [85.4344,35.5768], [85.4344,35.5768], [86.2684,17.5916], [86.2684,17.5916], [85.4344,35.5768], [85.4344,35.5768], [85.4344,35.5768], [89.2231,47.6297], [89.2231,47.6297], [84.9555,51.6829], [84.9555,51.6829], [89.2231,47.6297], [89.2231,47.6297], [89.2231,47.6297], [89.2231,47.6297], [70.6482,44.9825], [84.9555,51.6829], [77.7393,51.4808], [46.755,34.1269], [29.3378,41.8713], [29.4269,65.2644], [26.3424,65.1933], [33.4912,61.5369], [40.2598,58.3732], [38.9994,55.5385], [38.9994,55.5385], [38.9994,55.5385], [29.4269,65.2644], [29.4269,65.2644], [40.2598,58.3732], [29.4269,65.2644], [32.8106,60.1858], [31.565,58.5835], [22.6858,47.1593], [30.1175,56.7213], [27.7707,46.7359], [35.4688,73.4713], [30.0561,47.6709], [25.504,67.4245], [33.1254,60.5906], [29.3274,47.3728], [22.6857,47.1591], [32.5092,59.7981], [34.4214,49.4573], [36.0975,44.2064], [31.8897,59.0012], [33.4078,60.954], [34.533,41.5877], [33.6569,40.1215], [33.8239,61.489], [27.1214,68.9082], [27.2623,70.9262], [32.2058,59.4078], [33.8664,61.5436], [24.1337,66.6511], [28.4391,54.5619], [18.8763,73.4351], [33.7581,61.4045], [31.2244,58.1453], [30.8834,57.7067], [34.4141,65.1324], [33.7351,61.3749], [34.7736,67.7363], [19.3682,73.5581], [35.16,70.5353], [24.0837,71.8361], [38.5234,73.1418], [24.2637,71.6626], [24.4483,71.4847], [26.9337,68.736], [17.8159,73.1701], [23.3491,72.5441], [20.5833,73.8618], [18.5126,63.4782], [21.2425,74.0266], [9.82374,82.0965], [25.504,67.4245], [33.9087,61.5978], [26.9238,69.0987], [33.6863,61.3122], [30.502,57.216], [33.8452,61.5163], [23.6403,72.2635], [24.5442,49.5506], [25.533,70.4392], [19.8836,64.2521], [26.4968,69.5103], [29.712,56.1996], [29.2834,55.6481], [35.2011,73.5982], [19.2613,73.5314], [26.7121,69.3027], [18.7456,73.4025], [14.2612,72.2816], [18.3326,73.2993], [20.4112,73.8188], [17.1583,73.0057], [19.0026,73.4667], [21.0728,73.9841], [26.0632,69.9282], [12.8602,71.9315], [25.1969,70.7632], [25.504,67.4245], [12.2366,55.7837], [13.1593,72.0062], [25.7122,67.6155], [18.6144,73.3697], [13.7438,72.1523], [17.6804,73.1362], [25.9244,67.8101], [28.879,55.1279], [26.7453,68.5632], [12.7079,60.2032], [13.4581,72.0809], [26.5548,68.3884], [19.6914,58.6131], [16.8518,71.2142], [10.3783,89.9661], [12.7181,80.2526], [16.8518,71.2142], [9.61746,66.1022], [11.3972,74.8895], [10.1229,84.7995], [19.6914,58.6131], [12.7181,80.2526], [12.7181,80.2526], [11.3972,74.8895], [12.7181,80.2526], [12.7181,80.2526], [10.1229,84.7995], [9.85625,81.3984], [9.84908,81.5522], [11.3972,74.8895], [12.7181,80.2526], [10.1229,84.7995], [11.3972,74.8895], [19.6914,58.6131], [8.89346,61.0837], [11.3972,74.8895], [10.1229,84.7995], [11.3972,74.8895], [12.7181,80.2526], [9.61746,66.1022], [12.2779,71.7859], [12.7079,60.2032], [12.7079,60.2033], [12.1335,54.8105], [10.1742,74.5813], [10.3176,71.5064], [10.2769,72.3806], [10.2214,73.5704], [10.1524,75.0501], [10.3273,71.2984], [10.1246,75.6451], [10.1944,74.1503], [10.2866,72.1722], [10.5873,71.3634], [10.2968,71.9535], [10.0415,77.4254], [9.54745,89.1307], [10.2333,73.3152], [9.761,83.4429], [9.89607,80.5436], [9.80319,82.5376], [10.3952,71.3154], [10.5246,71.3477], [10.9423,71.4521], [12.7079,60.2032], [9.54966,87.9773], [9.7719,83.209], [11.1807,71.5117], [12.7079,60.2032], [10.208,73.8583], [26.2609,68.1188], [10.0064,78.1771], [21.3019,65.0526], [9.9224,79.9784], [9.9526,79.3302], [16.2019,62.1746], [12.7079,60.2032], [35.4582,73.8653], [9.91341,80.1715], [10.4595,71.3314], [9.67346,85.321], [9.74903,83.6996], [9.86398,81.2324], [9.78236,82.9845], [9.65038,85.8161], [9.88774,80.7224], [9.73682,83.9616], [9.87947,80.8999], [9.59201,87.0688], [9.83589,81.8355], [10.1229,84.7995], [10.3783,89.9661], [10.1229,84.7995], [10.3783,89.9661], [10.1229,84.7995], [10.3783,89.9661], [11.335,89.607], [10.3783,89.9661], [10.3783,89.9661], [10.1229,84.7995], [10.1229,84.7995], [10.3783,89.9661], [10.3783,89.9661], [10.3783,89.9661], [10.3783,89.9661], [10.3783,89.9661], [10.3783,89.9661], [10.3783,89.9661], [10.1229,84.7995], [10.1229,84.7995], [10.1229,84.7995], [10.1229,84.7995], [11.335,89.607], [10.1229,84.7995], [10.3783,89.9661], [10.3783,89.9661], [10.3783,89.9661], [10.3783,89.9661], [11.335,89.607], [10.1229,84.7995], [10.3783,89.9661], [11.335,89.607], [11.335,89.607], [10.3783,89.9661], [11.335,89.607], [10.3783,89.9661], [23.3,89.2298], [10.3783,89.9661], [17.9738,86.5288], [10.3783,89.9661], [10.1229,84.7995], [11.335,89.607], [10.3783,89.9661], [11.335,89.607], [11.335,89.607], [10.3783,89.9661], [14.568,89.505], [10.3783,89.9661], [10.3783,89.9661], [23.3,89.2298], [9.93173,79.7781], [9.90409,80.3714], [9.87156,81.0697], [9.84195,81.7054], [10.0803,76.5941], [9.94171,79.5639], [8.89346,61.0837], [8.89346,61.0837], [8.89346,61.0837], [8.89346,61.0837], [8.89346,61.0837], [8.89346,61.0837], [8.89346,61.0837], [8.89346,61.0837], [8.89346,61.0837], [12.1489,54.9558], [12.7079,60.2032], [12.7079,60.2033], [12.7079,60.2032], [12.4905,58.1655], [12.7079,60.2032], [12.7079,60.2032], [12.5741,58.949], [11.9355,48.4483], [12.9984,60.3674], [12.0352,52.5612], [12.0769,54.276], [12.091,54.4092], [11.9357,48.4592], [11.9587,49.4062], [12.193,55.372], [12.2222,55.6477], [11.9061,47.2523], [20.084,43.9243], [19.6847,43.4279], [12.1641,55.0992], [12.0593,53.5545], [11.9507,49.0758], [11.9431,48.7653], [12.1788,55.2378], [12.1051,54.5425], [11.9356,48.4539], [12.0046,51.3011], [11.9345,48.4092], [12.0672,53.8814], [11.9353,48.4424], [24.113,48.9957], [12.0276,52.2478], [12.3966,57.2853], [22.6857,47.1591], [11.9665,49.7287], [12.0516,53.2363], [12.7079,60.2032], [11.9813,50.3404], [11.8496,44.9504], [19.9955,43.5551], [11.9352,48.4361], [11.9744,50.0542], [11.7675,41.61], [11.9358,48.4642], [22.6859,47.1594], [21.5292,45.7212], [11.935,48.4307], [11.9349,48.4253], [20.5307,43.774], [21.6257,44.222], [19.6847,43.4279], [11.4604,29.1738], [11.9346,48.4145], [30.634,35.0606], [11.733,40.2133], [11.7849,42.3175], [11.7129,39.3982], [11.6932,38.6014], [11.7223,42.8798], [23.9849,52.7506], [11.7223,42.8798], [11.7223,42.8798], [20.1785,51.7972], [27.7577,43.466], [19.6914,58.6131], [20.1785,51.7972], [20.1785,51.7972], [19.6914,58.6131], [19.6914,58.6131], [23.9849,52.7506], [27.7577,43.466], [19.6914,58.6131], [31.1283,52.8082], [32.1331,48.5208], [33.1868,48.952], [22.6858,47.1592], [25.87,51.2564], [22.6857,47.1592], [35.2814,42.8403], [33.9256,40.5712], [22.6858,47.1593], [25.7484,45.9085], [23.0776,44.8159], [20.6751,44.6592], [11.5467,32.6777], [19.6847,43.4279], [23.6188,48.3598], [22.6858,47.1592], [26.3774,68.2258], [24.9978,50.1342], [25.504,67.4245], [26.3096,51.822], [22.6858,47.1593], [22.6858,47.1592], [32.8098,48.7978], [25.504,67.4245], [27.6207,53.5089], [25.504,67.4245], [35.3421,73.7447], [28.0301,54.0355], [28.5613,47.0593], [33.9806,49.2769], [26.7478,52.3858], [33.8876,61.5708], [35.8748,43.8335], [26.9442,46.3977], [30.6117,47.8983], [22.6859,47.1594], [34.8702,49.6409], [22.186,46.5379], [22.6857,47.1591], [23.192,47.8106], [22.686,47.1595], [33.5778,49.112], [22.6857,47.1591], [35.6564,43.468], [27.2057,52.9748], [35.4625,43.1434], [32.4695,48.6585], [22.686,47.1595], [32.3143,30.268], [34.819,42.0665], [32.2056,30.5779], [34.9659,42.3122], [32.6442,29.3277], [24.5296,45.4099], [34.1125,40.884], [25.4578,50.7261], [34.6766,41.8281], [31.6838,32.066], [36.2564,44.4722], [36.3988,44.7106], [34.3797,41.3311], [31.3577,32.9962], [32.4222,29.9605], [32.8317,38.74], [31.7752,48.3743], [32.532,29.6476], [34.5889,23.7792], [34.081,25.2282], [34.6372,16.2468], [34.8975,16.1023], [35.1403,15.9675], [33.5893,26.6313], [35.1135,42.5594], [35.1066,19.6987], [35.6133,15.705], [35.3788,15.8352], [28.7275,19.526], [31.8773,17.7782], [31.0346,18.2459], [31.4648,18.0072], [33.4803,16.8888], [34.2514,16.4609], [33.0919,17.1043], [33.8654,16.675], [30.5644,18.5068], [25.9039,25.5753], [25.9039,25.5753], 