{
  "instance_index": 0,
  "birth_iter": 43,
  "death_iter": 50,
  "survival_iters": 7,
  "censored": false,
  "pre_vnd_coords": [[80,20], [62.1727,12.9955], [77.7262,17.3545], [95.7546,5.76173], [62.1727,12.9955], [62.1727,12.9955], [62.1727,12.9955], [62.1727,12.9955], [77.7262,17.3545], [9.76,78.6836], [6.19727,79.5681], [6.19727,79.5681], [10.5371,83.987], [10.5371,83.987], [-6.99715,65.8555], [22.8024,63.5796], [8.6067,86.1022], [17.5099,74.996], [23.4336,83.6892], [-6.99715,65.8555], [14.1774,83.1182], [22.1103,77.5926], [13.4845,62.8109], [6.19727,79.5681], [13.4845,62.8109], [3.74593,66.7533], [17.5099,74.996], [7.51491,64.6542], [6.19727,79.5681], [8.3696,74.1748], [4.72631,60.0155], [6.19727,79.5681], [8.3696,74.1748], [4.72631,60.0155], [10.5371,83.987], [17.5099,74.996], [3.74593,66.7533], [8.3696,74.1748], [6.19727,79.5681], [8.3696,74.1748], [-6.99715,65.8555], [6.19727,79.5681], [-6.99715,65.8555], [10.7978,53.5754], [3.74593,66.7533], [6.19727,79.5681], [7.51491,64.6542], [3.74593,66.7533], [6.19727,79.5681], [4.72631,60.0155], [10.7978,53.5754], [13.4845,62.8109], [7.51491,64.6542], [13.4845,62.8109], [-6.99715,65.8555], [13.4845,62.8109], [-6.99715,65.8555], [3.74593,66.7533], [4.72631,60.0155], [-1.63038,55.4591], [4.72631,60.0155], [-1.63038,55.4591], [4.72631,60.0155], [10.7978,53.5754], [8.3696,74.1748], [11.7978,55.5016], [16.6153,51.5955], [7.51491,64.6542], [-1.63038,55.4591], [7.51491,64.6542], [19.0084,67.7755], [28.1511,55.6212], [19.0084,67.7755], [7.51491,64.6542], [4.72631,60.0155], [4.72631,60.0155], [13.4845,62.8109], [22.1103,77.5926], [17.5921,61.9328], [17.5099,74.996], [7.51491,64.6542], [11.7978,55.5016], [7.51491,64.6542], [17.5099,74.996], [-6.99715,65.8555], [4.72631,60.0155], [19.0084,67.7755], [24.984,66.0398], [28.5435,73.2687], [10.7978,53.5754], [17.5099,74.996], [7.51491,64.6542], [28.1511,55.6212], [17.5099,74.996], [22.8024,63.5796], [27.6827,86.9626], [28.5435,73.2687], [17.5921,61.9328], [30.4446,84.3481], [30.4663,63.3104], [17.5921,61.9328], [17.5099,74.996], [19.0084,67.7755], [22.1103,77.5926], [18.5855,77.2339], [38.5347,76.6159], [28.1511,55.6212], [4.72631,60.0155], [19.0084,67.7755], [17.5099,74.996], [32.9736,81.47], [26.3391,58.8816], [22.8024,63.5796], [17.5099,74.996], [28.5435,73.2687], [16.6153,51.5955], [17.5921,61.9328], [28.1511,55.6212], [26.3391,58.8816], [10.5371,83.987], [32.6485,65.4341], [13.4845,62.8109], [32.6485,65.4341], [16.6153,51.5955], [28.1511,55.6212], [21.538,49.9047], [24.984,66.0398], [26.725,45.2064], [33.2016,34.8243], [26.0359,32.0299], [16.6153,51.5955], [30.4663,63.3104], [16.6153,51.5955], [41.8454,48.8444], [38.8424,56.2852], [18.5392,36.1544], [16.6153,51.5955], [31.2302,51.0859], [38.5347,76.6159], [32.3959,61.5115], [30.4663,63.3104], [28.1511,55.6212], [22.8024,63.5796], [26.725,45.2064], [38.5792,78.9211], [38.5792,78.9211], [30.4663,63.3104], [22.8024,63.5796], [22.8024,63.5796], [28.5435,73.2687], [24.984,66.0398], [28.5435,73.2687], [24.984,66.0398], [31.2302,51.0859], [22.8024,63.5796], [26.3391,58.8816], [17.5099,74.996], [22.1103,77.5926], [23.4336,83.6892], [28.5435,73.2687], [32.9736,81.47], [22.1103,77.5926], [19.0084,67.7755], [22.1103,77.5926], [30.4446,84.3481], [23.4336,83.6892], [28.5435,73.2687], [24.984,66.0398], [19.0084,67.7755], [38.5347,76.6159], [22.4524,87.2109], [28.5435,73.2687], [22.1103,77.5926], [22.8024,63.5796], [32.9736,81.47], [32.9736,81.47], [22.8024,63.5796], [32.3959,61.5115], [32.9736,81.47], [22.8377,90.2668], [8.3696,74.1748], [22.1103,77.5926], [23.4336,83.6892], [18.3672,89.3867], [19.0084,67.7755], [22.1103,77.5926], [22.4524,87.2109], [30.4446,84.3481], [30.4446,84.3481], [14.1774,83.1182], [22.4524,87.2109], [22.8377,90.2668], [18.7981,95.3344], [22.3175,99.7538], [18.3672,89.3867], [18.5855,77.2339], [32.9736,81.47], [22.1103,77.5926], [18.7981,95.3344], [19.0084,67.7755], [22.1103,77.5926], [22.1103,77.5926], [38.5792,78.9211], [27.6827,86.9626], [32.9736,81.47], [22.8377,90.2668], [27.6827,86.9626], [26.6703,86.8965], [32.8199,85.5941], [22.3175,99.7538], [22.1103,77.5926], [27.6827,86.9626], [12.3262,94.2021], [18.7981,95.3344], [22.3175,99.7538], [32.974,95.4734], [33.4902,99.2944], [22.3175,99.7538], [18.7981,95.3344], [22.3175,99.7538], [29.6237,92.262], [15.3974,92.8105], [22.3175,99.7538], [32.974,95.4734], [32.974,95.4734], [18.7981,95.3344], [36.7607,91.8409], [32.974,95.4734], [18.3672,89.3867], [32.8199,85.5941], [23.4336,83.6892], [32.9736,81.47], [32.9736,81.47], [32.9736,81.47], [27.6827,86.9626], [38.5347,76.6159], [30.4446,84.3481], [38.5792,78.9211], [32.9736,81.47], [28.5435,73.2687], [50.2972,72.246], [24.984,66.0398], [37.8085,86.2656], [48.4896,89.2768], [36.0903,66.022], [38.5347,76.6159], [30.4663,63.3104], [44.0478,59.2088], [36.0903,66.022], [32.6485,65.4341], [24.984,66.0398], [32.9736,81.47], [32.6485,65.4341], [36.0903,66.022], [36.0903,66.022], [31.2302,51.0859], [36.0903,66.022], [32.6485,65.4341], [38.8424,56.2852], [31.2302,51.0859], [32.3959,61.5115], [31.2302,51.0859], [30.4663,63.3104], [50.2972,72.246], [38.5347,76.6159], [44.0478,59.2088], [44.0478,59.2088], [49.0315,70.2807], [38.5347,76.6159], [36.0903,66.022], [44.0478,59.2088], [32.9736,81.47], [36.0903,66.022], [38.8424,56.2852], [61.8005,64.2231], [32.3959,61.5115], [58.6667,71.7305], [51.4551,81.9371], [45.9265,76.5441], [44.0478,59.2088], [36.0903,66.022], [36.0903,66.022], [36.0903,66.022], [44.0478,59.2088], [38.8424,56.2852], [32.6485,65.4341], [38.8424,56.2852], [41.8454,48.8444], [31.2302,51.0859], [31.2302,51.0859], [44.0478,59.2088], [41.8454,48.8444], [54.1553,54.4762], [50.2972,72.246], [53.4094,64.806], [44.0478,59.2088], [37.1521,44.614], [46.5967,37.1688], [53.4094,64.806], [46.9124,52.322], [44.0478,59.2088], [26.725,45.2064], [31.2302,51.0859], [31.2302,51.0859], [46.5967,37.1688], [31.2302,51.0859], [41.8454,48.8444], [41.8454,48.8444], [26.725,45.2064], [31.2302,51.0859], [36.0903,66.022], [22.8024,63.5796], [46.5967,37.1688], [41.8454,48.8444], [41.8454,48.8444], [33.2016,34.8243], [37.1521,44.614], [27.4896,39.1708], [33.2016,34.8243], [31.2302,51.0859], [28.1511,55.6212], [28.1511,55.6212], [31.2302,51.0859], [26.725,45.2064], [33.2016,34.8243], [37.1521,44.614], [27.4896,39.1708], [31.2302,51.0859], [21.538,49.9047], [37.1521,44.614], [19.6557,39.5816], [27.4896,39.1708], [31.2302,51.0859], [16.6153,51.5955], [17.5921,61.9328], [19.6557,39.5816], [16.6153,51.5955], [22.8024,63.5796], [28.1511,55.6212], [28.1511,55.6212], [11.0352,45.2865], [57.683,59.1202], [60.4497,58.9581], [57.05,59.1573], [53.6262,64.1017], [53.9371,45.2402], [39.1239,34.8595], [40.0481,36.2337], [56.5778,44.0353], [53.8481,44.436], [45.4891,33.3101], [37.0019,35.734], [36.2355,35.6083], [47.2199,34.7197], [39.6551,35.6493], [37.7578,35.858], [38.4687,35.9747], [39.1271,29.6155], [38.2248,29.9644], [50.0469,37.0223], [29.8366,34.5586], [14.5955,35.4017], [28.5748,32.5087], [33.5866,35.1738], [39.1338,36.0838], [34.4428,35.3142], [28.7137,33.1807], [11.4354,45.359], [17.8329,50.6377], [11.8834,45.3927], [14.7119,35.3746], [13.6188,45.5229], [13.195,35.7275], [13.1904,45.4908], [11.7349,45.3815], [11.036,45.2954], [10.6702,36.315], [12.3409,35.9263], [11.0346,45.2804], [12.0171,45.4027], [11.0393,45.3293], [11.0378,45.3132], [11.0393,45.3293], [13.6283,35.6267], [12.3043,45.4243], [10.8619,43.486], [11.0393,45.3293], [12.8858,45.4679], [12.7587,35.8291], [11.0349,45.2834], [11.039,45.326], [13.7726,45.5345], [14.0873,35.5199], [13.3311,45.5013], [13.932,45.5464], [11.0384,45.3193], [13.4746,45.5121], [15.1187,33.1234], [14.5295,35.417], [28.8387,33.7855], [14.6537,35.3881], [28.969,34.4163], [14.7485,21.4993], [32.8597,35.0545], [37.0377,31.7573], [26.8625,24.2212], [30.2832,16.7598], [36.3259,30.6989], [27.9597,29.5316], [27.6765,21.9374], [31.4542,34.824], [35.3842,35.4686], [37.5104,30.2407], [28.7376,19.8296], [46.3508,34.0119], [40.4975,29.244], [30.7074,34.7015], [40.2707,29.2248], [37.8727,30.1006], [27.1444,25.5855],