{
  "instance_index": 0,
  "birth_iter": 23,
  "death_iter": 30,
  "survival_iters": 7,
  "censored": false,
  "pre_vnd_coords": [[80,20], [70.0639,18.73], [70.0639,18.73], [63.6655,7.99206], [63.6655,7.99206], [70.0639,18.73], [70.0639,18.73], [70.0639,18.73], [71.2822,30.3127], [70.0639,18.73], [56.3853,28.9969], [58.035,26.8453], [56.525,28.8148], [37.6226,34.9644], [35.057,16.4944], [41.7713,23.7138], [32.381,16.5688], [35.6431,16.4781], [26.5993,33.0707], [42.7995,25.2359], [38.4156,18.7459], [31.6488,16.5892], [56.9379,28.2762], [55.8176,29.7375], [37.6666,34.6558], [36.9984,35.5835], [34.4156,38.1448], [37.5232,34.6656], [25.7796,32.5111], [29.8288,16.6398], [28.5684,16.6747], [21.6547,29.6953], [26.1738,32.7802], [33.8173,16.5289], [18.2056,16.9622], [26.7149,33.1496], [12.4283,17.1229], [19.0701,16.9382], [21.4875,29.5811], [26.8877,33.2675], [30.4701,35.1457], [10.5533,22.0676], [17.2666,16.9883], [21.8109,29.8019], [23.3834,30.8753], [9.55257,48.2606], [10.9521,24.1131], [11.0253,24.1509], [14.8516,26.1222], [10.7081,22.8618], [14.183,17.074], [9.76758,18.0372], [13.2305,17.1005], [14.7267,17.0589], [9.63061,16.9371], [9.91824,17.1929], [21.8843,29.852], [9.75114,17.1975], [10.4284,17.1786], [10.8576,23.6283], [10.1951,20.2303], [10.8232,17.1676], [11.2607,17.1554], [10.6201,17.1733], [9.49666,16.6476], [10.2462,17.1837], [9.97048,19.078], [10.0812,17.1883], [13.672,17.0882], [16.3353,17.0142], [15.5339,17.0365], [11.8233,17.1397], [12.8102,17.1122], [11.044,17.1614], [10.3536,21.043], [21.7953,16.8625], [20.6784,16.8935], [19.8859,16.9155], [21.2485,29.418], [23.768,16.8078], [33.1194,16.5483], [27.2137,16.7123], [20.7422,29.1571], [36.2358,16.4616], [29.9231,32.123], [25.6484,43.8028], [17.9387,27.7128], [35.8877,36.6849], [19.2066,28.366], [21.9917,44.6028], [32.9932,34.9739], [14.5869,46.2227], [32.1623,35.0305], [20.4761,44.9343], [44.637,27.9562], [35.3633,37.205], [34.0017,34.9053], [36.5174,36.0605], [39.7586,20.734], [27.0654,43.4928], [37.8071,34.6462], [43.7741,26.6788], [24.9826,31.967], [55.0672,30.7163], [45.3651,29.0342], [34.9163,37.6482], [32.6114,39.9339], [32.3584,40.1848], [57.0905,28.0771], [55.6841,29.9116], [57.2484,27.8712], [56.7948,28.4629], [48.8257,29.6787], [53.7263,30.5912], [55.4306,30.2422], [55.3127,30.396], [54.9836,30.8253], [50.4733,29.9854], [37.9536,34.6363], [37.3885,34.6747], [40.8982,22.4212], [56.2486,29.1753], [37.8768,34.7124], [55.1938,30.5512], [52.0794,30.2845], [55.9579,29.5544], [56.661,28.6374], [59.0942,25.4638], [60.9608,23.0292], [55.554,30.0812], [60.1862,24.0395], [56.1153,29.3492], [30.8508,16.6114], [34.4604,16.511], [36.8607,16.4442], [44.6365,63.7316], [45.7659,61.9213], [44.0466,75.0175], [44.0025,74.9731], [35.1192,92.9887], [33.8265,92.6267], [34.7495,92.5853], [34.4897,92.8124], [44.1689,75.572], [44.1743,75.7791], [44.0316,75.0025], [44.1793,75.9706], [44.0737,75.0449], [26.3398,70.8379], [44.0155,66.6969], [27.3733,56.0937], [23.3927,63.9934], [5.06445,80.6779], [15.273,72.7588], [16.0394,77.179], [11.9768,66.6643], [11.9768,66.6643], [30.0302,76.1247], [15.273,72.7588], [29.8674,71.0991], [24.0936,68.5861], [31.2051,73.2109], [21.3092,74.8457], [24.0936,68.5861], [16.0394,77.179], [29.0202,81.5133], [30.4222,88.6352], [22.1445,80.5423], [30.0302,76.1247], [35.4897,93.0276], [29.0202,81.5133], [35.477,82.7847], [29.3772,96.7331], [30.4222,88.6352], [30.4222,88.6352], [30.4222,88.6352], [30.4222,88.6352], [42.9105,91.0695], [35.477,82.7847], [19.1878,82.4576], [29.0202,81.5133], [30.4222,88.6352], [43.1126,77.6839], [30.4222,88.6352], [22.1445,80.5423], [38.861,90.0697], [22.1445,80.5423], [31.2051,73.2109], [35.477,82.7847], [38.861,90.0697], [43.0522,100.716], [42.0149,84.9709], [35.4897,93.0276], [38.861,90.0697], [30.4222,88.6352], [30.4222,88.6352], [45.6821,79.9445], [34.4994,98.7638], [42.9105,91.0695], [29.3772,96.7331], [43.0522,100.716], [42.0149,84.9709], [28.1216,108.952], [35.4897,93.0276], [28.1216,108.952], [43.0522,100.716], [34.4994,98.7638], [35.4897,93.0276], [35.4897,93.0276], [34.4994,98.7638], [30.4222,88.6352], [35.4897,93.0276], [10.7501,95.1364], [31.2051,73.2109], [22.1445,80.5423], [31.2051,73.2109], [29.0202,81.5133], [29.3772,96.7331], [23.7056,88.6403], [29.0202,81.5133], [23.7056,88.6403], [22.1445,80.5423], [29.8674,71.0991], [21.6251,89.6314], [23.7056,88.6403], [30.4222,88.6352], [29.3772,96.7331], [29.3772,96.7331], [17.3994,88.3169], [29.3772,96.7331], [16.3388,97.3554], [21.6251,89.6314], [10.7501,95.1364], [28.1216,108.952], [21.6251,89.6314], [30.4222,88.6352], [22.1445,80.5423], [21.6251,89.6314], [15.0617,85.2143], [34.4994,98.7638], [29.3772,96.7331], [29.3772,96.7331], [28.1216,108.952], [23.7056,88.6403], [29.0202,81.5133], [9.94985,96.545], [21.6251,89.6314], [17.3994,88.3169], [12.2628,83.7142], [10.7501,95.1364], [12.3953,77.1194], [23.7056,88.6403], [10.7501,95.1364], [21.6251,89.6314], [29.3772,96.7331], [29.3772,96.7331], [21.6251,89.6314], [10.7501,95.1364], [17.3994,88.3169], [21.6251,89.6314], [21.6251,89.6314], [10.7501,95.1364], [29.3772,96.7331], [21.6251,89.6314], [15.273,72.7588], [38.861,90.0697], [29.0202,81.5133], [3.97557,90.5877], [16.3388,97.3554], [9.94985,96.545], [21.6251,89.6314], [17.3994,88.3169], [23.7056,88.6403], [10.7501,95.1364], [5.06445,80.6779], [5.06445,80.6779], [2.16617,91.158], [2.16617,91.158], [10.7501,95.1364], [2.16617,91.158], [10.7501,95.1364], [9.94985,96.545], [10.7501,95.1364], [5.06445,80.6779], [16.3388,97.3554], [-2.70212,77.5122], [5.06445,80.6779], [0.26653,85.1698], [7.94581,74.6803], [5.06445,80.6779], [2.16617,91.158], [5.06445,80.6779], [-2.70212,77.5122], [5.06445,80.6779], [12.2628,83.7142], [5.06445,80.6779], [16.3388,97.3554], [15.0617,85.2143], [10.7501,95.1364], [7.94581,74.6803], [2.69105,83.3564], [9.94985,96.545], [0.26653,85.1698], [11.9768,66.6643], [9.94985,96.545], [9.94985,96.545], [2.16617,91.158], [9.94985,96.545], [2.16617,91.158], [0.26653,85.1698], [10.7501,95.1364], [9.94985,96.545], [16.3388,97.3554], [9.94985,96.545], [10.7501,95.1364], [10.7501,95.1364], [3.97557,90.5877], [5.06445,80.6779], [0.26653,85.1698], [0.26653,85.1698], [3.97557,90.5877], [9.94985,96.545], [9.94985,96.545], [9.94985,96.545], [3.44608,66.304], [9.94985,96.545], [3.97557,90.5877], [15.0617,85.2143], [7.94581,74.6803], [-2.70212,77.5122], [5.06445,80.6779], [7.94581,74.6803], [7.94581,74.6803], [2.16617,91.158], [5.06445,80.6779], [2.16617,91.158], [21.3092,74.8457], [16.3388,97.3554], [2.69105,83.3564], [23.7056,88.6403], [10.7501,95.1364], [24.0936,68.5861], [3.44608,66.304], [5.06445,80.6779], [7.94581,74.6803], [11.9768,66.6643], [11.9768,66.6643], [-2.51047,68.0994], [3.97557,90.5877], [3.97557,90.5877], [7.94581,74.6803], [16.0394,77.179], [5.06445,80.6779], [7.94581,74.6803], [5.06445,80.6779], [-2.70212,77.5122], [-2.70212,77.5122], [15.7968,66.3769], [15.273,72.7588], [11.9768,66.6643], [7.94581,74.6803], [15.7968,66.3769], [14.1467,57.2518], [15.7968,66.3769], [3.44608,66.304], [-2.70212,77.5122], [5.47548,59.57], [-2.70212,77.5122], [11.9768,66.6643], [7.94581,74.6803], [-2.70212,77.5122], [-2.51047,68.0994], [-2.51047,68.0994], [11.9768,66.6643], [15.273,72.7588], [10.0238,56.5986], [15.7968,66.3769], [12.2628,83.7142], [-2.70212,77.5122], [24.0936,68.5861], [7.94581,74.6803], [24.0936,68.5861], [7.29065,64.9908], [16.0394,77.179], [3.44608,66.304], [3.44608,66.304], [3.44608,66.304], [5.47548,59.57], [11.9768,66.6643], [7.29065,64.9908], [7.29065,64.9908], [-2.70212,77.5122], [24.0936,68.5861], [16.0394,77.179], [3.44608,66.304], [5.06445,80.6779], [-2.51047,68.0994], [3.44608,66.304], [23.2738,72.1241], [7.29065,64.9908], [3.44608,66.304], [24.0936,68.5861], [22.1445,80.5423], [15.0617,85.2143], [11.9768,66.6643], [11.9768,66.6643], [-3.05795,58.2912], [23.2738,72.1241], [15.7968,66.3769], [14.1467,57.2518], [25.8707,48.8162], [5.51753,54.0478], [15.7968,66.3769], [11.9768,66.6643], [14.1467,57.2518], [25.8707,48.8162], [24.0936,68.5861], [23.3927,63.9934], [17.319,