{
  "instance_index": 0,
  "birth_iter": 72,
  "death_iter": 90,
  "survival_iters": 18,
  "censored": false,
  "pre_vnd_coords": [[80,20], [86.2683,17.5916], [86.2866,19.1373], [86.3112,21.2243], [86.2764,18.2669], [86.4044,29.1367], [86.2684,17.5916], [86.3575,25.1564], [86.4018,28.9096], [86.3962,28.4365], [86.3791,26.9862], [79.2022,51.3086], [86.3989,28.6706], [78.6779,51.8823], [81.1804,50.6977], [79.5397,50.9393], [79.5397,50.9393], [79.5397,50.9393], [73.4637,57.5899], [79.5397,50.9393], [83.7688,50.3167], [80.4377,50.8071], [82.9155,50.4423], [79.5397,50.9393], [74.0699,64.0949], [79.5397,50.9393], [85.23,50.1016], [79.5397,50.9393], [86.6484,49.8928], [85.9135,50.0009], [79.5397,50.9393], [84.5629,50.1998], [67.5481,75.7126], [73.6494,63.2963], [79.5397,50.9393], [81.9929,50.5781], [79.5397,50.9393], [79.5397,50.9393], [79.5397,50.9393], [79.5397,50.9393], [79.5397,50.9393], [79.5397,50.9393], [72.2388,58.9303], [72.8103,58.3049], [74.9022,65.675], [79.5397,50.9393], [74.0194,56.9818], [74.8872,65.6465], [76.7389,54.0051], [74.6198,56.3248], [60.461,36.2006], [79.5595,50.9364], [58.524,52.2322], [64.0749,51.3577], [64.0749,51.3577], [23.5883,45.0153], [23.7857,44.3762], [23.6919,43.7157], [23.3674,45.7302], [23.3809,41.632], [26.2888,18.58], [23.5847,42.9601], [25.7867,18.7311], [25.247,18.8935], [37.7947,57.7125], [21.0909,51.2128], [21.1849,51.247], [21.1308,51.2273], [21.0515,51.1984], [36.8199,57.333], [21.2214,51.2603], [18.4157,50.2384], [36.6812,57.2791], [21.1677,51.2407], [20.9787,51.1719], [21.2032,51.2537], [21.2213,51.2603], [21.0154,51.1853], [19.7381,50.72], [15.2972,49.1028], [34.4774,56.4214], [33.7081,56.1219], [36.9616,57.3882], [26.226,53.2093], [10.2038,49.4766], [20.9416,51.1584], [9.94427,48.1723], [9.72566,47.0735], [21.0342,51.1921], [24.768,52.6416], [28.3812,54.0484], [10.4982,50.9566], [9.72566,47.0735], [20.9042,51.1447], [30.023,54.6876], [9.72566,47.0735], [10.7138,52.0402], [16.7349,63.3551], [17.7371,63.7203], [20.9962,51.1783], [20.9232,51.1517], [10.9041,52.9969], [21.2214,51.2603], [9.72566,47.0735], [13.4913,62.1733], [9.85681,47.7327], [9.72566,47.0735], [21.2214,51.2603], [10.4598,47.341], [10.2584,49.7512], [10.9519,53.2371], [10.5981,51.4587], [11.7609,47.815], [11.0331,53.6453], [9.72566,47.0735], [9.81381,47.1056], [10.0558,47.1938], [9.72566,47.0735], [9.89768,47.9381], [12.6742,61.8756], [9.72566,47.0735], [10.2967,47.2815], [9.99012,48.4028], [9.72566,47.0735], [10.2106,47.2502], [13.9278,48.6042], [9.81371,47.516], [9.72566,47.0735], [10.2932,49.2907], [9.90104,47.7587], [9.92419,47.8491], [9.8757,47.6596], [9.97288,48.0393], [9.8516,47.5655], [10.0484,48.3342], [10.269,49.1963], [11.2704,53.1082], [10.1467,48.7186], [20.816,72.091], [12.9375,59.3067], [13.1835,59.9343], [10.1717,48.816], [11.8195,55.2533], [11.5072,54.0333], [13.0559,59.6089], [13.4681,60.6605], [10.4652,49.9629], [12.8188,59.0039], [10.0233,48.2363], [11.568,54.2708], [10.2194,49.0024], [12.0536,67.5787], [11.3291,53.3375], [12.4,66.4381], [11.2107,52.8752], [12.1102,67.3924], [20.7537,72.1585], [11.4104,69.6961], [13.1255,64.0497], [12.2826,66.8246], [11.648,68.9139], [12.8787,59.1568], [12.4571,66.2503], [10.8416,71.5688], [13.5445,60.8553], [11.4638,69.5202], [20.245,72.7095], [13.2456,60.0927], [12.7594,65.2549], [10.8416,71.5688], [12.7033,58.7093], [11.516,69.3485], [11.3588,69.8659], [10.1959,48.9105], [10.8482,51.459], [12.7582,58.8492], [13.6934,61.2355], [30.4403,61.1601], [26.6184,68.7482], [13.1232,59.7804], [23.7953,69.8166], [26.7947,68.3981], [11.842,68.2754], [20.1825,72.7772], [22.2229,70.5765], [26.9836,68.0231], [13.8551,61.648], [24.0508,69.9993], [24.6274,70.4115], [27.3171,67.3611], [27.1845,67.6243], [26.376,69.2296], [13.3229,60.2899], [29.3152,63.394], [29.1489,63.7242], [13.4002,60.4873], [23.2746,69.4444], [11.5595,69.2052], [12.2222,67.0234], [13.7797,61.4554], [27.7195,66.5622], [27.8607,66.2817], [21.5788,72.9952], [32.4312,61.6911], [32.8398,62.33], [33.5421,63.4284], [21.6427,71.201], [25.7703,70.4319], [30.277,61.4845], [21.3798,85.7989], [25.6146,70.7412], [30.6261,60.7912], [38.0856,70.5344], [26.0586,69.8597], [39.3689,72.5414], [25.9565,70.0623], [31.9895,76.1512], [20.6241,72.2989], [29.7942,62.4429], [23.5407,69.6346], [20.3738,72.57], [26.0364,69.9037], [31.4351,72.6761], [20.8604,73.0185], [25.1951,70.8174], [26.0152,69.9457], [32.539,73.5999], [29.6625,86.9553], [27.9937,66.0178], [27.4439,67.1093], [23.7845,88.0629], [20.436,72.5025], [23.0715,72.9469], [21.068,85.5054], [24.3347,70.2023], [25.9741,70.0273], [9.30549,88.6988], [24.4397,88.2836], [11.791,68.443], [10.8416,71.5688], [32.3502,74.4764], [20.0012,72.9735], [25.4753,71.0177], [22.3398,72.9706], [23.804,72.9231], [20.1195,72.8454], [20.3089,72.6403], [10.3594,76.9461], [10.8416,71.5688], [10.8416,71.5688], [21.0831,71.8033], [25.4099,72.8712], [11.0552,52.2678], [13.6147,61.0345], [11.918,68.764], [11.4132,74.2512], [11.7299,69.948], [11.3305,75.3758], [11.7651,69.7263], [11.7299,69.948], [11.8994,68.8808], [11.7299,69.948], [11.7299,69.948], [11.7299,69.948], [11.8798,69.0042], [11.918,68.764], [11.918,68.764], [11.6371,71.2086], [11.8014,69.4981], [11.7299,69.948], [11.918,68.764], [11.7299,69.948], [11.821,69.3744], [10.8989,81.2402], [11.2871,75.9646], [10.7702,82.9893], [11.8595,69.132], [11.8405,69.2517], [11.7299,69.948], [11.7832,69.6125], [11.7299,69.948], [11.5005,73.0656], [11.7299,69.948], [11.918,68.764], [15.1341,89.6266], [11.0537,79.1379], [10.92,80.9536], [10.5356,86.1777], [11.7299,69.9481], [10.5969,85.3437], [11.6798,70.6285], [11.2366,76.6511], [10.7316,83.5138], [11.0153,79.6594], [11.7299,69.948], [11.0349,79.3925], [11.7469,69.841], [10.3144,89.1831], [10.2975,89.4125], [10.556,85.9], [10.4684,87.091], [10.3853,88.2203], [13.938,89.6811], [10.6503,84.6183], [10.2814,89.632], [11.0932,78.6013], [10.7506,83.2559], [10.877,81.5385], [11.4805,89.7931], [10.6326,84.8597], [11.1027,89.8103], [14.929,89.636], [10.424,87.6944], [14.3501,89.6623], [11.6911,89.7835], [10.9384,80.7036], [10.3672,88.4651], [10.4055,87.9451], [10.8228,82.275], [11.5903,71.8443], [16.7218,89.5542], [10.3303,88.9667], [10.6919,84.0536], [10.6313,89.8318], [18.0126,89.4954], [11.2742,89.8025], [12.9486,89.7262], [10.5129,86.486], [11.1875,77.3199], [13.0718,89.7206], [19.3641,89.4339], [13.6824,89.6928], [24.2338,89.2118], [24.5692,89.1965], [24.4826,89.2005], [10.4472,87.3788], [10.3168,89.8461], [16.3417,89.5716], [16.1153,89.5819], [10.3497,88.7037], [12.7202,89.7366], [10.9556,80.4707], [15.9236,89.5906], [14.0634,89.6754], [11.1163,78.2869], [15.7084,89.6004], [11.0726,78.8808], [10.857,81.8099], [13.814,89.6868], [10.8389,82.0566], [16.97,89.5429], [14.1873,89.6698], [10.293,89.8472], [13.3083,89.7098], [10.4775,89.8388], [15.5084,89.6096], [10.9401,89.8177], [10.6711,84.3364], [10.6156,85.0899], [10.5768,85.6179], [13.5393,89.6993], [12.8314,89.7316], [11.1633,77.6478], [11.1389,77.9792], [14.5576,89.6529], [10.7873,89.8247], [13.418,89.7048], [13.1912,89.7152], [10.4895,86.8032], [11.9086,89.7736], [12.6139,89.7415], [10.2654,89.8485], [14.754,89.6439], [10.9939,79.9503], [12.5194,89.7458], [15.3401,89.6172], [26.4077,88.6213], [26.079,69.8191], [26.0295,88.5564], [25.9342,88.54], [25.8298,88.5221], [25.7334,88.5056], [25.6315,88.4881], [25.5395,88.4723], [25.4459,88.4562], [25.3451,88.4389], [25.2452,88.4218], [25.1494,88.4054], [24.7914,88.3439], [24.6935,88.3271], [24.642,88.3183], [24.5929,88.3099], [24.5447,88.3016], [24.4905,88.2923], [24.3884,88.2748], [24.3373,88.2661], [24.2851,88.2571], [24.2341,88.2484], [24.1314,88.2308], [30.812,81.6184], [27.015,72.8192], [24.085,88.2228], [23.6613,87.9469], [23.3781,87.6802], [23.5025,87.7974], [24.0285,88.2132], [24.7399,88.3351], [10.0764,48.4439], [21.0694,51.205], [9.98131,47.1666], [10.1364,47.2231], [16.8851,49.681], [12.4883,48.08], [9.72566,47.0735], [11.1077,47.577], [9.9065,47.1394], [10.3819,47.3126], [46.5874,52.8222], [50.2818,52.8856], [46.2968,56.0099], 