{
  "instance_index": 0,
  "birth_iter": 16,
  "death_iter": 60,
  "survival_iters": 44,
  "censored": false,
  "pre_vnd_coords": [[80,20], [72.1439,21.0615], [72.1439,21.0615], [72.1439,21.0615], [72.1439,21.0615], [68.0367,13.4683], [94.5122,1.11082], [94.5122,1.11082], [68.0367,13.4683], [68.0367,13.4683], [72.1439,21.0615], [62.8385,20.077], [57.1043,25.3726], [59.3089,23.3364], [54.8219,77.6714], [55.4491,92.47], [50.2888,82.1753], [52.4829,92.6517], [50.6591,81.8075], [55.7358,76.7633], [51.048,81.421], [51.2415,92.7277], [50.5358,81.9299], [51.2987,81.1719], [54.1842,78.305], [54.3766,75.0926], [52.1595,80.3166], [58.5032,63.4301], [53.2979,79.1856], [51.5415,92.7093], [44.7962,93.1225], [50.7949,81.6725], [50.2086,92.7909], [51.4907,74.3022], [46.4344,96.701], [46.4344,96.701], [39.3575,98.6983], [46.4344,96.701], [39.3575,98.6983], [46.4344,96.701], [46.4344,96.701], [46.4344,96.701], [46.4344,96.701], [46.4344,96.701], [46.4344,96.701], [35.0181,94.9361], [39.4162,92.9179], [46.4344,96.701], [35.0181,94.9361], [35.0181,94.9361], [39.4162,92.9179], [39.3575,98.6983], [26.4335,96.044], [35.0181,94.9361], [46.4344,96.701], [42.1793,90.6728], [42.1793,90.6728], [35.0181,94.9361], [26.4335,96.044], [26.4335,96.044], [42.1793,90.6728], [39.4162,92.9179], [30.7585,96.5461], [30.7585,96.5461], [26.4335,96.044], [46.4344,96.701], [26.4335,96.044], [39.4162,92.9179], [42.1793,90.6728], [46.4344,96.701], [35.0181,94.9361], [46.4344,96.701], [46.4344,96.701], [35.0181,94.9361], [46.4344,96.701], [39.4162,92.9179], [40.1999,83.9571], [42.1793,90.6728], [35.0181,94.9361], [35.0181,94.9361], [42.1793,90.6728], [40.1999,83.9571], [37.5826,82.145], [42.1793,90.6728], [37.5826,82.145], [40.1999,83.9571], [46.4344,96.701], [40.1999,83.9571], [37.5826,82.145], [37.0732,72.8766], [30.3468,87.2974], [26.9635,84.5913], [36.7567,72.34], [38.2648,82.2487], [26.9699,84.8109], [26.5897,77.4053], [26.9676,84.7348], [26.9554,84.3144], [34.779,84.4709], [30.3468,87.2974], [32.2783,86.0657], [34.3813,84.7246], [30.3468,87.2974], [29.0135,87.05], [30.1484,87.2606], [37.1732,73.0461], [28.0841,86.5682], [28.1698,86.6855], [33.9969,84.9697], [26.9171,82.999], [29.1565,87.0765], [30.3468,87.2974], [30.3468,87.2974], [30.3468,87.2974], [27.898,86.3134], [26.827,79.9018], [28.6791,86.9879], [26.9373,83.6927], [17.5696,92.3407], [16.9143,92.5537], [19.9168,87.3508], [28.2574,86.8055], [30.3468,87.2974], [26.9353,83.6242], [27.8069,86.1887], [9.57301,86.6274], [27.251,85.4278], [26.9394,83.7639], [16.9143,92.5537], [16.9143,92.5537], [26.9769,85.0526], [19.7608,88.6956], [18.1697,92.1457], [20.0224,86.4406], [19.5526,90.4907], [16.9143,92.5537], [19.4892,91.0367], [18.7976,91.9417], [16.5055,92.3726], [16.9143,92.5537], [16.9143,92.5537], [11.8011,90.2892], [15.1463,91.7707], [12.4825,90.591], [9.81633,89.4102], [9.81633,89.4102], [9.79472,89.1631], [13.6132,91.0918], [9.67729,87.82], [13.0216,90.8297], [13.416,91.0044], [9.6263,87.2369], [11.2124,90.0285], [9.81633,89.4102], [9.81633,89.4102], [9.54033,86.2536], [9.38203,84.443], [9.59881,86.9225], [26.9769,85.0526], [16.9143,92.5537], [9.25066,82.9407], [9.3971,82.4841], [11.6566,88.3071], [11.6566,88.3071], [9.3971,82.4841], [9.3971,82.4841], [9.3971,82.4841], [4.41706,84.1854], [4.41706,84.1854], [4.41706,84.1854], [4.41706,84.1854], [3.1145,75.8199], [9.3971,82.4841], [3.1145,75.8199], [4.68978,70.5443], [3.1145,75.8199], [9.3971,82.4841], [1.71882,63.3944], [6.82907,70.8858], [9.3971,82.4841], [4.41706,84.1854], [4.41706,84.1854], [4.68978,70.5443], [4.41706,84.1854], [4.68978,70.5443], [11.6566,88.3071], [9.3971,82.4841], [13.9416,88.5186], [9.3971,82.4841], [13.9416,88.5186], [13.9416,88.5186], [9.3971,82.4841], [4.68978,70.5443], [4.41706,84.1854], [9.3971,82.4841], [11.6566,88.3071], [4.41706,84.1854], [9.3971,82.4841], [13.9416,88.5186], [4.26401,65.9283], [4.68978,70.5443], [4.68978,70.5443], [4.26401,65.9283], [1.71882,63.3944], [4.68978,70.5443], [7.33776,55.0511], [4.68978,70.5443], [4.26401,65.9283], [7.93607,50.3968], [7.93607,50.3968], [6.82907,70.8858], [4.68978,70.5443], [4.68978,70.5443], [4.26401,65.9283], [3.1145,75.8199], [1.71882,63.3944], [4.68978,70.5443], [4.26401,65.9283], [1.71882,63.3944], [7.33776,55.0511], [6.82907,70.8858], [4.68978,70.5443], [1.71882,63.3944], [6.82907,70.8858], [7.33776,55.0511], [7.33776,55.0511], [7.93607,50.3968], [7.33776,55.0511], [6.82907,70.8858], [1.71882,63.3944], [7.33776,55.0511], [7.33776,55.0511], [7.93607,50.3968], [7.33776,55.0511], [7.33776,55.0511], [7.93607,50.3968], [7.93607,50.3968], [7.93607,50.3968], [12.702,47.0212], [12.702,47.0212], [12.702,47.0212], [7.93607,50.3968], [12.702,47.0212], [13.1091,47.1902], [12.702,47.0212], [7.93607,50.3968], [12.702,47.0212], [12.702,47.0212], [25.5844,76.2112], [4.41706,84.1854], [6.82907,70.8858], [4.41706,84.1854], [9.3971,82.4841], [4.68978,70.5443], [11.6566,88.3071], [4.41706,84.1854], [10.4347,83.3532], [11.6566,88.3071], [11.6566,88.3071], [11.6566,88.3071], [11.6566,88.3071], [4.41706,84.1854], [4.41706,84.1854], [9.3971,82.4841], [12.2185,78.7294], [3.1145,75.8199], [11.6566,88.3071], [9.3971,82.4841], [9.79622,76.1794], [9.3971,82.4841], [11.6566,88.3071], [13.9416,88.5186], [4.41706,84.1854], [4.41706,84.1854], [4.41706,84.1854], [4.41706,84.1854], [11.6566,88.3071], [12.2185,78.7294], [9.3971,82.4841], [4.41706,84.1854], [11.6566,88.3071], [4.41706,84.1854], [10.4347,83.3532], [13.9416,88.5186], [18.6657,80.6136], [28.9999,90.7915], [11.6566,88.3071], [11.6566,88.3071], [28.9999,90.7915], [28.9999,90.7915], [18.6657,80.6136], [25.5844,76.2112], [13.9416,88.5186], [18.6657,80.6136], [9.3971,82.4841], [24.816,79.5029], [24.816,79.5029], [31.8025,83.2945], [11.6566,88.3071], [18.9906,70.2616], [24.816,79.5029], [25.5844,76.2112], [31.9537,84.6047], [25.5844,76.2112], [24.816,79.5029], [24.816,79.5029], [24.816,79.5029], [24.816,79.5029], [31.8025,83.2945], [37.5826,82.145], [25.5844,76.2112], [25.5844,76.2112], [18.9906,70.2616], [31.8025,83.2945], [13.9416,88.5186], [24.816,79.5029], [31.8025,83.2945], [31.8025,83.2945], [24.816,79.5029], [25.5844,76.2112], [28.9999,90.7915], [24.816,79.5029], [26.9594,84.4516], [23.2627,65.1819], [23.0174,65.01], [23.8864,65.6193], [28.8309,87.0161], [30.3468,87.2974], [28.5148,86.9574], [26.9748,84.9795], [27.5306,85.8104], [29.2893,87.1012], [29.7449,87.1857], [28.3454,86.926], [26.9575,84.3873], [29.4323,87.1277], [26.6178,66.6847], [36.969,72.6999], [13.9416,88.5186], [13.9416,88.5186], [9.3971,82.4841], [25.5844,76.2112], [22.9148,64.9381], [25.8371,66.8528], [19.1543,57.5478], [28.3398,63.8922], [27.3028,65.5739], [24.0496,65.7337], [22.9668,64.9745], [8.66321,76.2225], [8.41142,73.3424], [7.82724,66.6599], [24.0496,65.7337], [8.17768,70.6687], [7.59576,61.891], [7.86895,67.1371], [9.10854,81.3153], [8.92553,79.2225], [7.78324,66.1566], [7.56643,63.6765], [8.24952,71.4904], [7.61738,60.5541], [7.60921,64.1659], [24.9197,66.2785], [25.3684,66.5594], [7.56643,63.6765], [24.0495,65.7337], [8.83569,78.195], [29.1103,62.6424], [8.93921,79.3789], [19.2849,57.8068], [28.402,63.7913], [23.5629,65.3925], [24.0496,65.7337], [18.4828,56.2157], [7.66305,57.7521], [7.66297,57.2863], [20.9872,61.1832], [23.4608,65.3208], [28.8701,63.0321], [19.5625,58.3573], [7.66864,57.4066], [21.4422,62.0856], [23.2142,65.1479], [7.56643,63.6765], [7.69073,65.0984], [7.57857,62.941], [20.5314,60.2791], [28.6317,63.4187], [29.1546,51.434], [20.7679,60.7482], [8.1143,69.9438], [25.59,36.429], [29.1491,50.6145], [19.4245,58.0836], [7.66864,57.4066], [7.63373,59.5522], [29.1583,51.9863], [14.8387,49.4609], [7.59109,62.1821], [7.28394,49.2353], [7.26921,48.9222], [7.41617,52.0445], [20.1581,59.5387], [9.84505,42.9053], [7.20853,47.6327], [7.25451,48.6098], [7.66864,57.4066], [7.66864,57.4066], [7.66864,57.4066], [19.2148,57.6676], [7.66004,57.9372], [7.02648,43.7645], [12.8055,46.7918], [17.7687,54.7993], [7.16395,46.6856], [28.6884,40.694], [29.0316,41.2126], [29.1804,55.2984], [27.5818,39.1707], 