{
  "instance_index": 0,
  "birth_iter": 14,
  "death_iter": 20,
  "survival_iters": 6,
  "censored": false,
  "pre_vnd_coords": [[80,20], [61.8161,16.6942], [84.0258,7.40877], [94.0144,20.165], [84.0258,7.40877], [94.0144,20.165], [84.0258,7.40877], [84.0258,7.40877], [61.6714,0.998577], [84.0258,7.40877], [61.6714,0.998577], [61.8161,16.6942], [61.8161,16.6942], [55.5084,30.6239], [30.0242,25.549], [48.5148,29.3458], [60.3834,24.3389], [47.8118,21.9775], [53.7656,24.3002], [46.2194,38.9581], [53.7656,24.3002], [48.5148,29.3458], [46.2194,38.9581], [55.5084,30.6239], [55.5083,37.6621], [53.7656,24.3002], [55.5083,37.6621], [52.9634,41.8585], [53.7656,24.3002], [52.9634,41.8585], [55.5084,30.6239], [46.2194,38.9581], [62.0557,36.2314], [60.3834,24.3389], [55.5083,37.6621], [55.5084,30.6239], [60.3834,24.3389], [61.8161,16.6942], [60.3834,24.3389], [61.8161,16.6942], [61.8161,16.6942], [60.3834,24.3389], [62.0557,36.2314], [60.3834,24.3389], [55.5084,30.6239], [60.6869,46.2445], [46.5967,37.1688], [54.1553,54.4762], [46.9124,52.322], [59.1643,42.6505], [60.6869,46.2445], [54.1553,54.4762], [41.8454,48.8444], [54.1553,54.4762], [54.1553,54.4762], [60.6869,46.2445], [60.6869,46.2445], [46.9124,52.322], [37.1521,44.614], [60.6869,46.2445], [46.5967,37.1688], [46.9124,52.322], [44.0478,59.2088], [60.6869,46.2445], [53.4094,64.806], [44.0478,59.2088], [61.8005,64.2231], [50.2972,72.246], [53.4094,64.806], [53.4094,64.806], [49.0315,70.2807], [54.1553,54.4762], [41.8454,48.8444], [41.8454,48.8444], [41.8454,48.8444], [44.0478,59.2088], [31.2302,51.0859], [41.8454,48.8444], [33.2016,34.8243], [54.1553,54.4762], [46.5967,37.1688], [33.2016,34.8243], [41.8454,48.8444], [38.8424,56.2852], [26.725,45.2064], [41.8454,48.8444], [46.5967,37.1688], [41.8454,48.8444], [46.5967,37.1688], [41.8454,48.8444], [46.5967,37.1688], [46.5967,37.1688], [37.1521,44.614], [33.2016,34.8243], [33.2016,34.8243], [27.4896,39.1708], [33.2016,34.8243], [33.2016,34.8243], [37.1521,44.614], [37.1521,44.614], [37.1521,44.614], [28.1511,55.6212], [37.1521,44.614], [21.538,49.9047], [19.6557,39.5816], [19.6557,39.5816], [26.725,45.2064], [21.538,49.9047], [21.538,49.9047], [10.6216,41.3183], [18.5392,36.1544], [10.6216,41.3183], [10.6216,41.3183], [10.6216,41.3183], [16.6153,51.5955], [10.6216,41.3183], [10.6216,41.3183], [10.6216,41.3183], [16.6153,51.5955], [10.6216,41.3183], [19.0084,67.7755], [10.6216,41.3183], [16.6153,51.5955], [16.6153,51.5955], [28.1511,55.6212], [16.6153,51.5955], [28.1511,55.6212], [28.1511,55.6212], [22.8024,63.5796], [30.4663,63.3104], [24.984,66.0398], [30.4663,63.3104], [30.4663,63.3104], [19.6557,39.5816], [21.538,49.9047], [31.2302,51.0859], [13.4845,62.8109], [30.4663,63.3104], [21.538,49.9047], [16.6153,51.5955], [26.725,45.2064], [28.1511,55.6212], [28.1511,55.6212], [28.1511,55.6212], [21.538,49.9047], [13.4845,62.8109], [16.6153,51.5955], [33.2016,34.8243], [26.725,45.2064], [21.538,49.9047], [27.4896,39.1708], [37.1521,44.614], [27.4896,39.1708], [37.1521,44.614], [33.2016,34.8243], [19.6557,39.5816], [21.538,49.9047], [37.1521,44.614], [46.5967,37.1688], [38.8424,56.2852], [46.5967,37.1688], [31.2302,51.0859], [31.2302,51.0859], [31.2302,51.0859], [31.2302,51.0859], [27.4896,39.1708], [26.725,45.2064], [31.2302,51.0859], [31.2302,51.0859], [31.2302,51.0859], [41.8454,48.8444], [26.725,45.2064], [28.1511,55.6212], [27.4896,39.1708], [21.538,49.9047], [38.8424,56.2852], [26.3391,58.8816], [31.2302,51.0859], [28.1511,55.6212], [44.0478,59.2088], [44.0478,59.2088], [32.3959,61.5115], [53.4094,64.806], [38.8424,56.2852], [31.2302,51.0859], [44.0478,59.2088], [28.1511,55.6212], [22.8024,63.5796], [31.2302,51.0859], [31.2302,51.0859], [24.984,66.0398], [28.1511,55.6212], [32.3959,61.5115], [31.2302,51.0859], [32.3959,61.5115], [32.6485,65.4341], [46.9124,52.322], [32.6485,65.4341], [22.8024,63.5796], [38.5347,76.6159], [32.9736,81.47], [28.5435,73.2687], [28.5435,73.2687], [36.0903,66.022], [22.8024,63.5796], [38.5347,76.6159], [38.5347,76.6159], [24.984,66.0398], [38.5792,78.9211], [22.1103,77.5926], [38.8424,56.2852], [38.5792,78.9211], [30.4663,63.3104], [38.5792,78.9211], [24.984,66.0398], [32.9736,81.47], [45.9265,76.5441], [36.0903,66.022], [36.0903,66.022], [36.0903,66.022], [41.8454,48.8444], [36.0903,66.022], [36.0903,66.022], [32.3959,61.5115], [36.0903,66.022], [31.2302,51.0859], [36.0903,66.022], [36.0903,66.022], [50.2972,72.246], [36.0903,66.022], [32.6485,65.4341], [38.5347,76.6159], [44.0478,59.2088], [37.8085,86.2656], [32.9736,81.47], [42.6081,89.3497], [32.9736,81.47], [51.4551,81.9371], [32.8199,85.5941], [38.5792,78.9211], [44.0478,59.2088], [45.9265,76.5441], [28.5435,73.2687], [49.655,78.1818], [48.4896,89.2768], [49.655,78.1818], [58.6667,71.7305], [58.6667,71.7305], [51.4551,81.9371], [53.7208,88.4342], [64.5603,80.9047], [44.8001,71.8935], [57.1394,79.2971], [56.0475,85.0244], [53.7208,88.4342], [45.9265,76.5441], [60.3941,87.8287], [48.4896,89.2768], [56.0475,85.0244], [50.1623,83.6872], [42.6081,89.3497], [45.9265,76.5441], [51.3602,92.7177], [53.7208,88.4342], [60.3941,87.8287], [60.3941,87.8287], [60.3941,87.8287], [53.7208,88.4342], [62.1023,91.2443], [75.9946,89.4468], [62.1023,91.2443], [75.9946,89.4468], [60.3941,87.8287], [75.9946,89.4468], [71.2598,78.0938], [62.1023,91.2443], [75.9946,89.4468], [75.9946,89.4468], [75.9946,89.4468], [75.9946,89.4468], [73.0783,70.1256], [75.9946,89.4468], [73.0783,70.1256], [71.2598,78.0938], [72.6231,58.6774], [73.0783,70.1256], [72.6231,58.6774], [62.396,72.4929], [62.396,72.4929], [62.396,72.4929], [62.396,72.4929], [62.396,72.4929], [62.396,72.4929], [64.5603,80.9047], [62.1023,91.2443], [62.396,72.4929], [50.2972,72.246], [57.1394,79.2971], [62.396,72.4929], [64.5603,80.9047], [61.8005,64.2231], [71.2598,78.0938], [51.4551,81.9371], [64.5603,80.9047], [64.5603,80.9047], [60.3941,87.8287], [71.2598,78.0938], [64.5603,80.9047], [64.5603,80.9047], [56.0475,85.0244], [56.0475,85.0244], [62.1023,91.2443], [71.2598,78.0938], [53.7208,88.4342], [50.1623,83.6872], [42.6081,89.3497], [50.2972,72.246], [45.9265,76.5441], [57.1394,79.2971], [61.8005,64.2231], [49.0315,70.2807], [49.0315,70.2807], [64.5603,80.9047], [49.655,78.1818], [51.4551,81.9371], [64.5603,80.9047], [38.5792,78.9211], [57.1394,79.2971], [50.1623,83.6872], [51.3602,92.7177], [45.9265,76.5441], [49.0315,70.2807], [44.0478,59.2088], [38.5347,76.6159], [61.8005,64.2231], [62.396,72.4929], [62.396,72.4929], [50.1623,83.6872], [64.5603,80.9047], [61.8005,64.2231], [61.8005,64.2231], [64.5603,80.9047], [78.4921,58.962], [62.396,72.4929], [71.2598,78.0938], [63.4175,52.8022], [62.396,72.4929], [62.396,72.4929], [62.396,72.4929], [53.4094,64.806], [54.1553,54.4762], [50.2972,72.246], [62.396,72.4929], [51.4551,81.9371], [44.0478,59.2088], [58.6667,71.7305], [49.0315,70.2807], [58.6667,71.7305], [50.2972,72.246], [44.0478,59.2088], [38.5347,76.6159], [62.396,72.4929], [44.0478,59.2088], [44.8001,71.8935], [36.0903,66.022], [50.2972,72.246], [44.0478,59.2088], [54.1553,54.4762], [49.0315,70.2807], [61.8005,64.2231], [53.4094,64.806], [62.396,72.4929], [59.1643,42.6505], [61.6028,53.4097], [61.6028,53.4097], [62.0557,36.2314], [61.6028,53.4097], [62.0557,36.2314], [48.5148,29.3458], [62.0557,36.2314], [65.8603,45.2899], [61.6028,53.4097], [61.6028,53.4097], [63.1532,57.7515], [69.929,52.6188], [63.2039,62.5388], [63.1532,57.7515], [16.3811,39.6077], [63.1532,57.7515], [48.5148,29.3458], [16.3811,39.6077], [16.3811,39.6077], [14.6217,28.7785], [16.3811,39.6077], [14.5985,38.1413], [14.5985,38.1413], [16.3811,39.6077], [71.9278,45.3325], [65.8603,45.2899], [65.8603,45.2899], [86.5446,44.0383], [74.54,32.445], [92.9418,36.087], [92.9418,36.087], [65.8603,45.2899], [71.9278,45.3325], [80.6423,53.0975], [71.9278,45.3325], [71.9278,45.3325], [80.6423,53.0975], [71.9278,45.3325], [69.929,52.6188], [89.6829,60.8329], [80.6423,53.0975], [71.9278,45.3325], [80.6423,53.0975], [91.7031,59.0069], [89.6829,60.8329], [80.6423,53.0975], [61.6028,