{
  "instance_index": 0,
  "birth_iter": 31,
  "death_iter": 100,
  "survival_iters": 69,
  "censored": false,
  "pre_vnd_coords": [[80,20], [64.8869,17.0976], [60.9698,20.9882], [65.2468,16.7401], [66.3998,15.5947], [65.5888,16.4004], [65.9589,16.0326], [62.4168,19.551], [59.1172,22.8282], [78.5978,18.7167], [50.2232,31.6625], [63.6391,18.3369], [50.7552,31.1339], [51.3667,30.5265], [49.1914,32.6874], [51.3426,43.8799], [52.6238,29.2777], [52.1882,29.7104], [55.6092,26.3123], [49.5839,32.2975], [50.4923,31.3951], [56.9967,24.9341], [53.3596,28.5468], [51.9629,43.9196], [45.6547,36.2007], [51.7608,30.135], [54.0108,27.8999], [47.8979,50.274], [53.656,49.2758], [52.3838,49.4964], [48.5261,50.1651], [47.9798,50.2598], [53.1491,50.0882], [54.9836,30.8253], [53.3438,49.776], [53.5102,49.5094], [36.5174,36.0605], [49.4861,49.9987], [49.2357,50.0421], [53.5847,49.39], [37.8071,34.6462], [53.656,49.2758], [53.656,49.2758], [32.1623,35.0305], [34.9163,37.6482], [36.9984,35.5835], [34.0017,34.9053], [22.6338,30.3636], [48.3973,50.1875], [20.4761,44.9343], [24.1027,31.3663], [23.8456,44.1972], [32.6114,39.9339], [26.6995,43.5729], [25.0075,43.943], [40.1924,51.6098], [21.9917,44.6028], [14.5869,46.2227], [27.4384,43.4112], [25.6484,43.8028], [19.7988,28.6711], [24.5369,31.6627], [13.7274,46.4107], [19.2066,28.366], [27.249,43.4527], [17.1135,45.67], [21.7329,29.7487], [9.55257,48.2606], [13.9432,46.3635], [26.162,43.6905], [17.9361,45.49], [9.55614,48.4112], [9.64875,52.3185], [9.7363,56.0117], [12.6693,54.8826], [12.2408,46.7359], [14.7959,46.177], [30.56,53.2795], [9.57926,49.3866], [27.6316,43.3689], [12.6798,46.6399], [31.0461,60.9178], [26.5068,43.615], [14.6285,62.9861], [13.9744,63.2239], [32.9932,34.9739], [11.073,46.9914], [9.53971,47.7177], [16.6684,53.0899], [14.6915,53.9761], [15.7448,53.5039], [25.819,43.7655], [17.471,52.7301], [26.3319,43.6533], [25.9933,43.7274], [28.7664,64.0173], [31.0461,60.9178], [25.2646,72.2011], [23.4135,44.2917], [31.0461,60.9178], [27.6316,43.3689], [31.0461,60.9178], [26.8747,43.5345], [9.15394,43.1417], [8.68814,51.8266], [8.88082,48.2338], [9.17248,42.795], [9.37442,39.0307], [9.24547,41.4306], [8.77016,50.2979], [9.16344,42.9642], [9.22712,41.7736], [8.14066,61.9978], [9.20993,42.0952], [9.18141,42.6281], [8.74247,50.8137], [9.09794,44.1868], [18.3327,62.0501], [9.21863,41.9325], [8.83488,49.0905], [8.11906,62.401], [9.07102,44.6887], [9.25447,41.2622], [8.6338,52.8393], [9.13489,43.4977], [9.27306,40.9146], [8.90468,47.7887], [9.46197,37.4059], [8.60791,53.322], [9.65062,33.898], [9.01527,45.7279], [9.19052,42.4578], [9.20018,42.2773], [9.23593,41.6089], [9.04399,45.1927], [9.14444,43.3191], [8.58029,53.8371], [8.95704,46.8126], [8.45207,56.2123], [8.79029,49.9221], [8.98477,46.2958], [9.29439,40.5161], [8.66054,52.3408], [8.04074,63.8608], [8.92891,47.3368], [8.70889,63.9273], [8.03656,63.9384], [8.03631,64.0585], [10.1101,63.6539], [8.81259,49.5061], [8.03198,64.0594], [8.71402,51.3438], [17.463,62.2198], [8.03903,63.8925], [9.26364,41.0908], [8.09257,62.8945], [8.21787,60.5565], [9.28342,40.721], [13.8408,62.9262], [8.1796,61.2711], [8.85732,48.6718], [8.03446,64.0589], [28.0984,71.0969], [23.8804,65.7957], [29.9592,70.2505], [10.7306,82.1216], [20.6328,63.603], [10.8611,81.0329], [22.9812,65.1886], [29.7839,69.8681], [8.03515,64.0588], [15.699,62.5638], [22.6517,64.9661], [22.0473,64.558], [16.5812,62.3918], [8.16686,61.5089], [18.7096,62.3046], [22.3437,64.7582], [8.20484,60.7996], [11.9824,63.2887], [23.5944,65.6026], [8.0382,63.9079], [15.1059,74.1331], [11.5929,74.9354], [11.5299,75.4604], [21.3976,64.1193], [8.03079,64.0596], [11.6528,74.4372], [19.8264,63.0586], [8.03572,64.0587], [8.03316,64.0591], [15.5331,74.0956], [9.39224,63.794], [17.8873,73.8885], [14.7612,62.7467], [8.03565,63.9554], [8.03384,64.059], [11.599,72.5607], [11.9885,70.3942], [30.5012,61.6588], [31.5358,60.5626], [11.7687,71.6171], [24.3396,81.2271], [11.7303,73.5594], [27.6486,67.1602], [12.1878,69.2859], [27.3228,68.0761], [12.296,68.6844], [11.8212,71.3248], [26.3807,70.723], [42.3931,73.3521], [29.4565,63.0793], [28.7664,64.0173], [31.6067,59.1525], [28.7664,64.0173], [31.3427,60.7027], [44.0858,75.0571], [28.7664,64.0173], [31.6775,59.5487], [31.4414,60.6311], [29.963,62.3905], [44.2083,77.0819], [31.7128,59.7465], [22.4241,79.137], [27.0462,68.8534], [28.7664,64.0173], [21.6595,78.3027], [25.2162,90.2133], [12.342,82.3133], [11.9937,75.5616], [40.9471,71.8952], [11.7524,73.7269], [23.9558,80.8083], [30.56,53.2795], [21.7234,90.097], [23.2661,80.0557], [28.7664,64.0173], [25.2162,90.2133], [25.6834,90.3442], [26.3398,70.8379], [10.0423,87.38], [11.9754,75.4231], [12.259,68.8904], [15.3861,89.8856], [12.7697,89.7986], [11.9583,75.2926], [12.2048,69.1917], [31.0461,60.9178], [11.6173,72.6998], [21.0104,77.5944], [10.1338,89.7112], [11.8707,71.0493], [11.9937,75.5614], [11.599,72.5607], [10.1423,89.7115], [10.1547,89.7119], [9.99266,86.0868], [11.8688,74.6121], [11.9263,70.7404], [11.9363,75.1259], [9.85341,82.4331], [10.8988,82.3828], [10.0338,87.1588], [21.1883,90.0792], [23.6073,80.428], [11.1203,82.3721], [10.0266,86.9706], [10.5108,89.7237], [9.89215,83.4514], [11.6848,73.213], [9.98501,85.8876], [10.3319,89.7178], [10.0595,82.4232], [10.6824,82.3932], [11.9937,75.5615], [9.98121,85.7885], [11.3446,82.3613], [11.911,74.9329], [12.9885,89.8058], [11.9937,75.5615], [11.8901,74.7739], [10.0004,86.2882], [21.9027,78.5681], [26.4236,70.6028], [10.2658,82.4132], [21.4387,78.0618], [11.6096,82.3485], [22.9459,79.7063], [25.2162,90.2133], [9.99656,86.1882], [11.8453,74.4333], [11.7071,73.3827], [10.1568,89.712], [10.0417,87.8544], [11.5569,89.5553], [9.91501,88.9115], [16.0788,89.9991], [10.158,86.8839], [12.2785,89.603], [10.4989,84.049], [10.0565,87.7312], [18.5077,90.557], [18.8074,90.3073], [17.6315,90.3557], [18.2348,90.4943], [17.5537,90.3378], [16.5243,90.1014], [10.0088,88.1289], [18.955,90.1842], [19.8209,89.4625], [29.9883,88.0027], [25.6759,85.265], [15.4172,89.8471], [31.8351,88.1481], [17.7994,90.3943], [19.4722,89.7532], [20.5076,88.8901], [17.7176,90.3755], [18.5077,90.557], [19.9848,89.3259], [18.0619,90.4546], [21.9029,87.7274], [14.6773,89.7614], [17.9667,90.4327], [9.93046,88.7826], [9.85134,89.4428], [15.6398,89.8982], [19.2858,89.9084], [16.3014,90.0502], [15.8616,89.9492], [20.886,88.5748], [29.7812,87.9864], [20.3289,89.039], [18.5077,90.557], [19.6475,89.607], [17.0335,90.2183], [31.4446,88.1173], [17.2636,90.2712], [20.688,88.7397], [18.5077,90.557], [18.3238,90.5148], [10.0987,87.3786], [13.0141,89.6516], [21.1103,88.3878], [33.867,88.3081], [18.5077,90.557], [32.126,88.171], [30.3579,88.0318], [29.7812,87.9864], [18.4174,90.5363], [18.1462,90.474], [28.7582,86.9373], [20.1557,89.1834], [31.9752,88.1591], [18.5077,90.557], [32.9426,88.2353], [29.7812,87.9864], [35.8576,88.4649], [37.0008,88.5549], [43.328,89.0532], [41.7575,88.9295], [40.8065,88.8546], [32.7367,88.2191], [17.4813,90.3212], [34.8936,88.3889], [45.6893,89.2391], [33.694,88.2945], [32.2864,88.1836], [42.0364,88.9515], [41.5149,88.9104], [40.1844,88.8056], [39.1472,88.7239], [33.5203,88.2808], [40.0188,88.7926], [45.1058,89.1932], [31.3141,88.1071], [31.5787,88.1279], [24.4095,85.6397], [32.5864,88.2073], [34.3687,88.3476], [29.0154,87.2011], [30.545,88.0465], [31.7114,88.1384], [30.7265,88.0608], [31.1819,88.0967], [33.1309,88.2501], [25.4052,85.1707], [30.1802,88.0178], [28.5064,86.6792], [22.8513,86.9376], [23.6422,86.2789], [25.9673,85.3664], [15.1916,89.7953], [26.5693,70.1935], [10.0374,87.2518], [10.0157,86.6871], [10.012,86.5894], [11.8655,82.3362], [29.0121,63.6835], [26.4694,70.4741], [42.2555,84.1783], [26.5196,70.333], [12.5744,82.3021], [42.0309,83.278], [41.5881,81.5037], [44.016,74.9868], [43.1291,87.6752], [26.3398,70.8379], [42.9577,86.9894], [43.7995,90.3569], [58.8072,88.8846], [43.7995,90.3569], [43.7995,90.3569], [43.7995,90.3569], [43.0052,79.4346], [43.7995,90.3569], [47.1387,89.4911], [43.468,89.0305], [43.636,89.7028], 