{
  "instance_index": 0,
  "birth_iter": 25,
  "death_iter": 60,
  "survival_iters": 35,
  "censored": false,
  "pre_vnd_coords": [[80,20], [95.3061,6.16705], [95.3061,6.16705], [62.1727,12.9955], [62.1727,12.9955], [62.1727,12.9955], [62.1727,12.9955], [62.1727,12.9955], [62.1727,12.9955], [62.1727,12.9955], [62.1727,12.9955], [62.1727,12.9955], [62.1727,12.9955], [60.119,33.6943], [68.933,46.3177], [68.933,46.3177], [68.933,46.3177], [85.1582,38.5045], [85.1582,38.5045], [85.1582,38.5045], [68.933,46.3177], [85.1582,38.5045], [77.0407,51.6109], [68.933,46.3177], [84.3716,61.4137], [68.933,46.3177], [64.5735,44.6595], [64.5735,44.6595], [64.5735,44.6595], [70.1138,53.985], [68.933,46.3177], [77.0407,51.6109], [68.933,46.3177], [64.5735,44.6595], [64.5735,44.6595], [70.1138,53.985], [68.933,46.3177], [68.933,46.3177], [70.1138,53.985], [68.933,46.3177], [59.8472,53.0836], [68.933,46.3177], [59.8472,53.0836], [47.4093,55.0189], [47.4093,55.0189], [46.472,48.7668], [49.1659,34.6038], [49.1659,34.6038], [60.119,33.6943], [49.1659,34.6038], [59.1692,33.4568], [64.5735,44.6595], [64.5735,44.6595], [60.119,33.6943], [64.5735,44.6595], [49.1659,34.6038], [59.8472,53.0836], [64.5735,44.6595], [49.1659,34.6038], [46.472,48.7668], [64.5735,44.6595], [64.5735,44.6595], [64.5735,44.6595], [64.5735,44.6595], [64.5735,44.6595], [60.119,33.6943], [64.5735,44.6595], [60.119,33.6943], [49.1659,34.6038], [60.119,33.6943], [60.119,33.6943], [47.4093,55.0189], [49.1659,34.6038], [46.472,48.7668], [49.1659,34.6038], [64.5735,44.6595], [46.472,48.7668], [46.472,48.7668], [38.1063,42.1252], [46.472,48.7668], [47.4093,55.0189], [38.1063,42.1252], [46.472,48.7668], [46.472,48.7668], [37.5779,31.8234], [49.1659,34.6038], [45.8818,26.4377], [40.977,33.1019], [45.8818,26.4377], [54.3878,18.1473], [40.977,33.1019], [54.3878,18.1473], [40.977,33.1019], [47.2635,36.9416], [47.2635,36.9416], [40.977,33.1019], [54.3878,18.1473], [50.9426,26.8467], [50.9426,26.8467], [36.0163,41.5962], [42.0302,45.6946], [42.0302,45.6946], [32.1659,46.1247], [36.0163,41.5962], [36.0163,41.5962], [36.0163,41.5962], [23.9283,39.9849], [40.977,33.1019], [36.0163,41.5962], [23.9283,39.9849], [33.1048,26.8895], [36.0163,41.5962], [42.0302,45.6946], [32.1659,46.1247], [32.1659,46.1247], [36.0163,41.5962], [36.0163,41.5962], [27.1128,50.0529], [33.1048,26.8895], [27.9995,28.2909], [27.9995,28.2909], [27.9995,28.2909], [42.0302,45.6946], [20.7406,22.35], [23.9283,39.9849], [35.6895,21.0962], [35.6895,21.0962], [35.6895,21.0962], [33.1048,26.8895], [35.6895,21.0962], [25.9854,18.9495], [20.7406,22.35], [19.4019,15.6857], [25.9854,18.9495], [20.7406,22.35], [33.5622,9.26585], [35.6895,21.0962], [20.7406,22.35], [48.1054,12.666], [41.1025,6.28039], [41.1025,6.28039], [19.4019,15.6857], [35.6895,21.0962], [24.2501,43.1385], [33.1048,26.8895], [25.9854,18.9495], [25.9854,18.9495], [11.7478,26.0739], [7.1272,20.6056], [18.4506,9.89378], [12.2785,15.4144], [7.1272,20.6056], [25.9854,18.9495], [20.7406,22.35], [19.4095,31.8119], [25.9854,18.9495], [7.1272,20.6056], [12.2785,15.4144], [19.4095,31.8119], [11.7478,26.0739], [19.2691,2.48565], [11.7478,26.0739], [1.66643,6.07719], [18.4506,9.89378], [-7.14647,21.9566], [12.2785,15.4144], [6.38016,32.0012], [-7.14647,21.9566], [7.1272,20.6056], [12.2785,15.4144], [12.2785,15.4144], [1.66643,6.07719], [18.4506,9.89378], [11.7478,26.0739], [1.66643,6.07719], [1.66643,6.07719], [6.38016,32.0012], [11.7478,26.0739], [-7.14647,21.9566], [6.38016,32.0012], [19.2691,2.48565], [7.1272,20.6056], [6.38016,32.0012], [11.7478,26.0739], [16.937,42.4102], [11.8972,46.1546], [11.8972,46.1546], [11.8972,46.1546], [21.7251,45.5939], [21.7251,45.5939], [11.8972,46.1546], [21.7251,45.5939], [21.7251,45.5939], [23.3477,53.5132], [21.7251,45.5939], [23.3477,53.5132], [21.7251,45.5939], [15.4015,52.438], [21.6419,52.1472], [42.9616,32.0373], [11.8972,46.1546], [37.5779,31.8234], [23.3477,53.5132], [21.7251,45.5939], [11.8972,46.1546], [23.3477,53.5132], [21.7251,45.5939], [21.7251,45.5939], [37.5779,31.8234], [42.9616,32.0373], [37.5779,31.8234], [37.5779,31.8234], [37.5779,31.8234], [37.5779,31.8234], [37.5779,31.8234], [43.7032,9.45062], [43.7032,9.45062], [39.8852,23.3959], [8.90829,28.3968], [8.60511,38.2246], [43.7032,9.45062], [43.7032,9.45062], [43.7032,9.45062], [37.5779,31.8234], [49.1659,34.6038], [62.1727,12.9955], [42.9616,32.0373], [37.5779,31.8234], [49.1659,34.6038], [37.5779,31.8234], [37.5779,31.8234], [49.1659,34.6038], [42.9616,32.0373], [89.2651,64.3065], [89.2651,64.3065], [89.2651,64.3065], [89.2651,64.3065], [89.2651,64.3065], [89.2651,64.3065], [89.2651,64.3065], [89.2651,64.3065], [89.2651,64.3065], [93.9938,84.4376], [93.9938,84.4376], [78.7044,79.3377], [83.5995,99.5113], [78.7044,79.3377], [93.9938,84.4376], [90.8419,91.5005], [93.9938,84.4376], [93.9938,84.4376], [70.8599,83.6128], [78.7044,79.3377], [90.8419,91.5005], [69.1553,105.034], [78.7044,79.3377], [69.2959,89.4464], [83.5995,99.5113], [90.8419,91.5005], [71.5668,88.168], [83.5995,99.5113], [83.5995,99.5113], [71.4986,95.2729], [78.7044,79.3377], [70.8599,83.6128], [71.4986,95.2729], [70.8599,83.6128], [71.628,76.8428], [55.8565,84.6125], [71.628,76.8428], [70.8599,83.6128], [78.7044,79.3377], [78.7044,79.3377], [70.8599,83.6128], [71.628,76.8428], [58.1713,94.8124], [70.8599,83.6128], [64.674,82.7651], [70.8599,83.6128], [64.674,82.7651], [60.6829,73.3902], [45.2371,91.0117], [78.7044,79.3377], [66.209,77.5305], [64.674,82.7651], [69.2959,89.4464], [70.8599,83.6128], [71.4986,95.2729], [54.288,97.5404], [69.1553,105.034], [69.2959,89.4464], [60.4396,90.6597], [71.5668,88.168], [60.4396,90.6597], [60.4396,90.6597], [65.4962,103.274], [64.5357,99.3883], [49.0816,82.8617], [71.5668,88.168], [60.4396,90.6597], [71.4986,95.2729], [65.4962,103.274], [54.288,97.5404], [55.8565,84.6125], [55.5913,89.5357], [60.5665,98.1916], [65.4962,103.274], [55.8565,84.6125], [71.5668,88.168], [71.4986,95.2729], [60.4396,90.6597], [64.5357,99.3883], [55.8565,84.6125], [55.5996,80.3257], [66.209,77.5305], [55.5996,80.3257], [58.1713,94.8124], [60.4396,90.6597], [70.0608,71.775], [60.4396,90.6597], [50.0361,84.582], [64.5357,99.3883], [60.4396,90.6597], [42.1388,85.0303], [48.2898,76.9197], [55.5996,80.3257], [48.7014,95.2904], [55.8565,84.6125], [55.8565,84.6125], [45.2371,91.0117], [55.5913,89.5357], [60.5665,98.1916], [60.5665,98.1916], [45.2371,91.0117], [50.0361,84.582], [45.2371,91.0117], [45.2371,91.0117], [55.5913,89.5357], [53.038,87.8299], [40.0877,87.2042], [39.1944,96.6648], [35.0181,94.9361], [39.1944,96.6648], [53.038,87.8299], [40.0877,87.2042], [35.0181,94.9361], [40.0877,87.2042], [50.8483,85.5176], [53.038,87.8299], [50.8483,85.5176], [39.1944,96.6648], [51.3679,92.0571], [34.3813,84.7246], [51.3679,92.0571], [39.1944,96.6648], [28.2422,87.817], [53.038,87.8299], [39.1944,96.6648], [39.1944,96.6648], [50.8483,85.5176], [39.1944,96.6648], [51.8499,92.6904], [51.8499,92.6904], [50.8483,85.5176], [51.3679,92.0571], [53.038,87.8299], [53.038,87.8299], [53.038,87.8299], [52.7393,88.5859], [53.038,87.8299], [35.1303,79.7314], [35.1303,79.7314], [42.1388,85.0303], [55.8565,84.6125], [42.1388,85.0303], [42.1388,85.0303], [42.1388,85.0303], [42.1388,85.0303], [50.0361,84.582], [40.8524,78.7529], [49.0816,82.8617], [64.674,82.7651], [49.0816,82.8617], [55.5913,89.5357], [55.5913,89.5357], [55.5913,89.5357], [40.0877,87.2042], [34.3813,84.7246], [34.3813,84.7246], [34.3813,84.7246], [27.7856,82.8187], [27.7856,82.8187], [27.7856,82.8187], [27.7856,82.8187], [27.7856,82.8187], [27.7856,82.8187], [27.7856,82.8187], [31.5754,75.5588], [27.7856,82.8187], [27.7856,82.8187], [31.5754,75.5588], [27.7856,82.8187], [27.7856,82.8187], [27.7856,82.8187], [28.2422,87.817], [8.38203,83.7903], [20.5532,66.8881], [27.7856,82.8187], [21.7428,83.8251], [22.1975,91.6845], [27.7856,82.8187], [27.7856,82.8187], [27.7856,82.8187], [40.0877,87.2042], [34.3813,84.7246], [34.3813,84.7246], [40.0877,87.2042], [40.0877,87.2042], [28.2422,