{
  "instance_index": 0,
  "birth_iter": 24,
  "death_iter": 50,
  "survival_iters": 26,
  "censored": false,
  "pre_vnd_coords": [[80,20], [72.1439,21.0615], [94.5122,1.11082], [86.8319,11.1076], [87.0041,20.9704], [87.0041,20.9704], [94.5122,1.11082], [94.5122,1.11082], [68.0367,13.4683], [72.1439,21.0615], [68.0367,13.4683], [68.0367,13.4683], [72.1439,21.0615], [38.3029,17.5575], [32.5258,34.9283], [52.0388,27.2093], [58.519,29.5195], [52.0388,27.2093], [52.0388,27.2093], [52.0388,27.2093], [52.0388,27.2093], [52.0388,27.2093], [51.6012,39.2731], [58.519,29.5195], [42.0331,46.444], [52.0388,27.2093], [51.6012,39.2731], [58.9301,31.2551], [60.119,33.6943], [46.5967,37.1688], [58.9301,31.2551], [69.1477,43.1472], [60.6869,46.2445], [33.2016,34.8243], [54.1553,54.4762], [60.6869,46.2445], [46.5967,37.1688], [58.9301,31.2551], [58.9301,31.2551], [58.9301,31.2551], [60.119,33.6943], [41.447,24.0429], [41.447,24.0429], [60.119,33.6943], [58.9301,31.2551], [59.1643,42.6505], [58.9301,31.2551], [58.9301,31.2551], [60.6869,46.2445], [68.9707,22.8048], [68.9707,22.8048], [68.9707,22.8048], [68.9707,22.8048], [68.9707,22.8048], [82.4963,46.0376], [84.5442,41.6077], [75.13,57.3273], [70.1503,40.5836], [58.9727,42.0136], [70.1503,40.5836], [70.1503,40.5836], [64.5938,64.4533], [49.0315,70.2807], [63.4175,52.8022], [63.4175,52.8022], [63.4175,52.8022], [63.4175,52.8022], [53.4094,64.806], [53.4094,64.806], [54.1553,54.4762], [44.0478,59.2088], [63.4175,52.8022], [53.4094,64.806], [72.6231,58.6774], [53.4094,64.806], [53.4094,64.806], [54.1553,54.4762], [54.1553,54.4762], [60.6869,46.2445], [53.4094,64.806], [49.0315,70.2807], [44.0478,59.2088], [44.0478,59.2088], [41.8454,48.8444], [49.0315,70.2807], [53.4094,64.806], [47.0244,51.4938], [46.826,60.8993], [46.2395,63.891], [52.5807,47.3013], [42.0331,46.444], [52.5807,47.3013], [46.2395,63.891], [58.9727,42.0136], [58.9727,42.0136], [70.1503,40.5836], [58.9727,42.0136], [58.9727,42.0136], [47.0244,51.4938], [58.9727,42.0136], [70.1503,40.5836], [58.9727,42.0136], [58.9727,42.0136], [70.1503,40.5836], [70.1503,40.5836], [75.3004,57.8774], [58.9727,42.0136], [70.1503,40.5836], [82.4963,46.0376], [82.4963,46.0376], [69.1477,43.1472], [60.119,33.6943], [69.1477,43.1472], [51.6012,39.2731], [46.9124,52.322], [46.9124,52.322], [46.5967,37.1688], [31.2302,51.0859], [44.0478,59.2088], [46.9124,52.322], [44.0478,59.2088], [37.1521,44.614], [41.8454,48.8444], [31.2302,51.0859], [41.8454,48.8444], [31.2302,51.0859], [31.2302,51.0859], [36.2098,27.7615], [44.0478,59.2088], [33.2016,34.8243], [46.5967,37.1688], [41.8454,48.8444], [33.2016,34.8243], [41.447,24.0429], [46.5967,37.1688], [37.1521,44.614], [27.4896,39.1708], [37.1521,44.614], [37.1521,44.614], [26.0359,32.0299], [19.0053,40.1008], [19.0053,40.1008], [28.8295,40.8883], [12.702,47.0212], [28.8295,40.8883], [12.702,47.0212], [14.3847,50.1522], [14.3847,50.1522], [17.3508,54.9608], [14.3847,50.1522], [14.3847,50.1522], [17.3508,54.9608], [17.3508,54.9608], [27.9358,51.9458], [12.702,47.0212], [25.7506,35.7384], [25.7506,35.7384], [26.9661,55.2424], [28.8295,40.8883], [27.7485,52.1839], [27.9358,51.9458], [28.8295,40.8883], [12.702,47.0212], [35.3137,67.9565], [12.702,47.0212], [32.5258,34.9283], [23.87,57.3975], [17.3508,54.9608], [22.8024,63.5796], [28.5435,73.2687], [22.8024,63.5796], [24.984,66.0398], [28.1511,55.6212], [28.1511,55.6212], [28.1511,55.6212], [28.1511,55.6212], [28.1511,55.6212], [32.6485,65.4341], [32.3959,61.5115], [31.2302,51.0859], [41.8454,48.8444], [22.8024,63.5796], [30.4663,63.3104], [37.1521,44.614], [31.2302,51.0859], [30.4663,63.3104], [22.8024,63.5796], [46.2395,63.891], [24.0495,65.7337], [14.3847,50.1522], [39.0442,58.4962], [17.3508,54.9608], [24.984,66.0398], [30.4663,63.3104], [38.5347,76.6159], [28.5435,73.2687], [28.5435,73.2687], [32.3959,61.5115], [30.4663,63.3104], [22.8024,63.5796], [32.9736,81.47], [30.4663,63.3104], [36.0903,66.022], [24.984,66.0398], [32.6485,65.4341], [36.0903,66.022], [22.8024,63.5796], [32.6485,65.4341], [32.6485,65.4341], [38.8424,56.2852], [36.0903,66.022], [22.8024,63.5796], [32.6485,65.4341], [28.5435,73.2687], [44.0478,59.2088], [36.0903,66.022], [32.3959,61.5115], [38.8424,56.2852], [44.0478,59.2088], [38.8424,56.2852], [36.0903,66.022], [28.5435,73.2687], [40.1999,83.9571], [28.0817,86.7648], [36.283,64.3566], [28.8295,40.8883], [42.2342,52.9108], [35.3137,67.9565], [42.2342,52.9108], [42.2342,52.9108], [42.2342,52.9108], [42.2342,52.9108], [42.2342,52.9108], [42.2342,52.9108], [42.2342,52.9108], [42.2342,52.9108], [42.2342,52.9108], [32.5258,34.9283], [33.2016,34.8243], [27.4896,39.1708], [33.2016,34.8243], [41.447,24.0429], [41.447,24.0429], [28.5159,25.6442], [33.2016,34.8243], [37.1521,44.614], [36.879,24.6583], [26.0359,32.0299], [36.879,24.6583], [28.5159,25.6442], [28.5159,25.6442], [41.447,24.0429], [28.5159,25.6442], [41.447,24.0429], [39.4096,16.1941], [25.7506,35.7384], [24.1658,47.7746], [28.8295,40.8883], [25.7506,35.7384], [31.2302,51.0859], [33.2016,34.8243], [27.4896,39.1708], [31.2302,51.0859], [33.2016,34.8243], [37.1521,44.614], [44.0478,59.2088], [31.2302,51.0859], [44.0478,59.2088], [46.5967,37.1688], [31.2302,51.0859], [31.2302,51.0859], [44.0478,59.2088], [44.0478,59.2088], [49.0315,70.2807], [40.1999,83.9571], [40.1999,83.9571], [38.5347,76.6159], [32.9736,81.47], [32.974,95.4734], [41.5919,91.1025], [41.5919,91.1025], [32.8199,85.5941], [31.946,87.273], [38.3171,94.5099], [31.946,87.273], [30.7585,96.5461], [30.7585,96.5461], [38.3171,94.5099], [30.7585,96.5461], [38.3171,94.5099], [44.0666,93.6246], [30.7585,96.5461], [32.974,95.4734], [33.4902,99.2944], [32.974,95.4734], [31.946,87.273], [28.9999,90.7915], [28.9999,90.7915], [28.0817,86.7648], [31.946,87.273], [16.9143,92.5537], [9.81633,89.4102], [5.72168,83.3423], [9.81633,89.4102], [16.9143,92.5537], [28.0817,86.7648], [9.57301,86.6274], [8.85962,69.2696], [6.19727,79.5681], [4.72631,60.0155], [7.51491,64.6542], [4.72631,60.0155], [7.51491,64.6542], [7.51491,64.6542], [17.5099,74.996], [10.5371,83.987], [8.3696,74.1748], [-6.99715,65.8555], [7.51491,64.6542], [-6.99715,65.8555], [4.72631,60.0155], [3.74593,66.7533], [-6.99715,65.8555], [10.7978,53.5754], [7.51491,64.6542], [4.72631,60.0155], [6.19727,79.5681], [4.72631,60.0155], [6.19727,79.5681], [7.51491,64.6542], [-6.99715,65.8555], [-6.99715,65.8555], [-1.63038,55.4591], [6.19727,79.5681], [-6.99715,65.8555], [10.7978,53.5754], [-6.99715,65.8555], [11.7978,55.5016], [17.5099,74.996], [4.72631,60.0155], [24.984,66.0398], [10.7978,53.5754], [7.51491,64.6542], [4.72631,60.0155], [7.20853,47.6327], [6.87476,39.006], [7.20853,47.6327], [17.3508,54.9608], [17.3508,54.9608], [17.3508,54.9608], [7.20853,47.6327], [7.20853,47.6327], [8.41191,58.6751], [14.3847,50.1522], [17.3508,54.9608], [17.3508,54.9608], [7.20853,47.6327], [12.702,47.0212], [7.20853,47.6327], [14.3847,50.1522], [12.702,47.0212], [7.94069,41.5902], [6.87476,39.006], [7.46599,28.0711], [7.94069,41.5902], [7.94069,41.5902], [7.46599,28.0711], [7.46599,28.0711], [7.46599,28.0711], [7.46599,28.0711], [12.6907,15.321], [12.6907,15.321], [12.6907,15.321], [12.6907,15.321], [12.5679,15.1411], [22.1096,17.9681], [12.5679,15.1411], [12.6907,15.321], [12.6907,15.321], [12.5679,15.1411], [13.3568,19.374], [4.42778,22.4272], [4.42778,22.4272], [15.667,27.9744], [15.667,27.9744], [18.5787,19.8301], [18.5787,19.8301], [26.0359,32.0299], [10.9589,13.8117], [4.42778,22.4272], [15.667,27.9744], [4.42778,22.4272], [10.9589,13.8117], [15.667,27.9744], [18.5787,19.8301], [4.42778,22.4272], [41.447,24.0429], [18.5787,19.8301], [18.5787,19.8301], [32.1955,11.3376], [18.5787,19.8301], [33.2016,34.8243], [37.1521,44.614], [27.4896,39.1708], [37.1521,44.614], [27.4896,39.1708], [36.879,24.6583], [26.0359,32.0299], [28.5159,25.6442], [41.447,24.0429], [32.1955,11.3376], [39.4096,16.1941], [36.879,24.6583], [39.4096,16.1941], [18.5787,19.8301], [32.1955,11.3376], [32.1955,11.3376], [39.4096,16.1941], [38.4445,17.1189], 