{
  "instance_index": 0,
  "birth_iter": 1,
  "death_iter": 30,
  "survival_iters": 29,
  "censored": false,
  "pre_vnd_coords": [[80,20], [82.7348,8.4081], [90.1665,7.65771], [82.7348,8.4081], [90.1665,7.65771], [90.1665,7.65771], [93.6499,32.2121], [93.6499,32.2121], [87.6908,49.1118], [93.6499,32.2121], [93.6499,32.2121], [93.6499,32.2121], [86.2043,41.8837], [86.2043,41.8837], [81.9472,45.6286], [86.2043,41.8837], [72.5118,52.8235], [61.3015,45.4286], [73.7061,44.5709], [73.7061,44.5709], [73.8999,62.3471], [81.9472,45.6286], [81.9472,45.6286], [72.5118,52.8235], [80.5743,51.5245], [87.6908,49.1118], [87.6908,49.1118], [75.8883,62.6705], [75.8883,62.6705], [87.6908,49.1118], [87.6908,49.1118], [87.6908,49.1118], [80.5743,51.5245], [75.8883,62.6705], [72.5118,52.8235], [75.8883,62.6705], [73.7061,44.5709], [81.9472,45.6286], [81.9472,45.6286], [81.9472,45.6286], [64.3095,50.2464], [61.3015,45.4286], [51.1744,40.3605], [69.0153,39.0551], [64.3095,50.2464], [73.7061,44.5709], [64.3863,28.4653], [69.0153,39.0551], [58.8598,32.1546], [64.3863,28.4653], [59.0113,11.6085], [64.3863,28.4653], [72.7112,20.4663], [58.8598,32.1546], [58.8598,32.1546], [67.7857,31.3257], [55.4031,43.6699], [42.5602,21.8799], [57.3395,27.955], [46.9813,34.1619], [50.7601,47.2989], [51.1744,40.3605], [43.55,27.1864], [58.8598,32.1546], [51.1744,40.3605], [72.5118,52.8235], [58.8598,32.1546], [64.3095,50.2464], [73.7061,44.5709], [58.8598,32.1546], [42.4927,55.566], [55.4031,43.6699], [55.4031,43.6699], [43.6861,38.4734], [61.3015,45.4286], [54.6895,28.7848], [43.55,27.1864], [36.9319,32.7662], [58.8598,32.1546], [43.6861,38.4734], [32.4289,41.3397], [39.1923,37.9699], [50.7601,47.2989], [50.7601,47.2989], [33.3026,59.8472], [32.4289,41.3397], [32.4289,41.3397], [28.4754,50.0952], [32.4289,41.3397], [37.7377,50.3798], [50.7601,47.2989], [55.4031,43.6699], [43.6861,38.4734], [50.7601,47.2989], [55.6367,59.8624], [55.6367,59.8624], [55.4031,43.6699], [55.6367,59.8624], [72.5118,52.8235], [68.6169,71.6175], [75.8883,62.6705], [58.3365,71.0971], [64.3095,50.2464], [49.0036,66.0452], [58.3365,71.0971], [67.1441,58.4965], [55.6367,59.8624], [55.6367,59.8624], [58.3365,71.0971], [58.3365,71.0971], [67.1441,58.4965], [67.1441,58.4965], [49.0036,66.0452], [53.7078,66.0118], [51.1243,74.8145], [49.0036,66.0452], [55.6367,59.8624], [40.9565,75.7927], [66.7312,77.9], [40.9565,75.7927], [55.6367,59.8624], [58.9793,83.1014], [58.9793,83.1014], [58.9793,83.1014], [42.3399,73.2057], [51.1243,74.8145], [32.4907,77.0296], [53.7078,66.0118], [58.9793,83.1014], [42.3399,73.2057], [49.0305,70.3667], [42.3399,73.2057], [41.461,80.857], [43.57,97.7721], [45.1605,93.7148], [64.1005,87.5905], [47.1061,88.0972], [48.2082,82.6358], [41.9923,86.1701], [52.5696,79.9552], [45.1605,93.7148], [48.2082,82.6358], [45.6195,82.8861], [48.2082,82.6358], [38.1441,82.0918], [58.3365,71.0971], [48.2082,82.6358], [53.7078,66.0118], [53.7078,66.0118], [41.461,80.857], [52.5696,79.9552], [45.6195,82.8861], [58.9793,83.1014], [48.2082,82.6358], [58.3365,71.0971], [68.6169,71.6175], [58.3365,71.0971], [66.7312,77.9], [47.163,74.0165], [58.3365,71.0971], [52.5696,79.9552], [58.9793,83.1014], [58.3365,71.0971], [53.7078,66.0118], [58.3365,71.0971], [58.3365,71.0971], [48.2082,82.6358], [58.3365,71.0971], [62.1848,87.2532], [68.7226,75.7728], [71.5878,93.063], [68.7226,75.7728], [66.7312,77.9], [58.3365,71.0971], [62.1848,87.2532], [68.6169,71.6175], [66.7312,77.9], [83.6632,77.2971], [66.7312,77.9], [58.3365,71.0971], [66.7312,77.9], [77.4779,73.3612], [66.7312,77.9], [58.3365,71.0971], [58.3365,71.0971], [66.7312,77.9], [58.3365,71.0971], [77.4779,73.3612], [53.7078,66.0118], [72.5118,52.8235], [67.9732,64.6242], [67.9732,64.6242], [67.1441,58.4965], [67.1441,58.4965], [64.3095,50.2464], [73.8999,62.3471], [72.5118,52.8235], [67.1441,58.4965], [67.1441,58.4965], [55.6367,59.8624], [55.6367,59.8624], [75.8883,62.6705], [58.3365,71.0971], [77.4779,73.3612], [73.0438,88.9449], [73.6283,73.0457], [73.6283,73.0457], [73.6283,73.0457], [73.6283,73.0457], [83.8815,65.7489], [83.8815,65.7489], [50.8096,57.3292], [50.8096,57.3292], [38.8018,62.4141], [50.8096,57.3292], [46.6917,51.7203], [34.7387,58.4206], [37.7826,67.5472], [33.3439,49.1124], [35.7707,64.6091], [48.3784,62.5625], [34.7387,58.4206], [34.7387,58.4206], [28.0873,54.0242], [33.3439,49.1124], [34.7387,58.4206], [38.8018,62.4141], [28.231,64.0225], [28.5817,61.0338], [34.7387,58.4206], [34.7387,58.4206], [46.6917,51.7203], [24.2946,45.7862], [22.736,55.5194], [33.3439,49.1124], [28.5817,61.0338], [18.9757,49.2971], [30.0035,58.6366], [24.2946,45.7862], [28.0873,54.0242], [27.9562,67.4421], [30.0035,58.6366], [22.736,55.5194], [30.0035,58.6366], [32.5346,43.4205], [28.6085,62.6114], [28.5817,61.0338], [15.0344,42.3651], [16.0416,72.0388], [28.231,64.0225], [17.8035,63.1459], [18.2647,58.7026], [19.857,45.4968], [18.2647,58.7026], [28.0873,54.0242], [22.6839,38.2964], [13.8871,36.2098], [15.0344,42.3651], [9.86754,52.1565], [24.2946,45.7862], [21.9038,28.4203], [9.70859,47.6361], [15.0344,42.3651], [12.7871,59.3065], [-0.968931,40.6115], [20.0445,48.1893], [9.86754,52.1565], [13.2115,55.1736], [18.7812,68.3548], [13.2115,55.1736], [9.86754,52.1565], [6.60161,42.4148], [9.86754,52.1565], [13.2115,55.1736], [19.857,45.4968], [9.86754,52.1565], [12.7871,59.3065], [9.86754,52.1565], [-0.968931,40.6115], [9.70859,47.6361], [12.7871,59.3065], [9.86754,52.1565], [9.86754,52.1565], [6.60161,42.4148], [13.2115,55.1736], [-0.968931,40.6115], [9.86754,52.1565], [9.86754,52.1565], [8.72268,57.4988], [9.70859,47.6361], [10.5485,71.0238], [12.0823,64.6111], [18.9757,49.2971], [21.9527,63.139], [12.0823,64.6111], [34.7387,58.4206], [21.9527,63.139], [5.7605,72.5027], [15.0344,42.3651], [30.0035,58.6366], [27.9562,67.4421], [28.231,64.0225], [13.2115,55.1736], [28.231,64.0225], [22.736,55.5194], [38.8018,62.4141], [21.9527,63.139], [21.9527,63.139], [21.9527,63.139], [26.2765,68.6687], [8.93475,78.7392], [30.0035,58.6366], [21.9527,63.139], [28.5817,61.0338], [20.6477,75.2149], [35.7707,64.6091], [25.5496,75.1942], [34.7387,58.4206], [48.3784,62.5625], [34.7387,58.4206], [42.8633,66.1926], [38.8018,62.4141], [38.8018,62.4141], [42.8633,66.1926], [42.8633,66.1926], [41.6254,72.3296], [48.3784,62.5625], [34.7387,58.4206], [42.8633,66.1926], [34.7387,58.4206], [42.8633,66.1926], [50.4434,62.1996], [31.8145,80.2253], [42.8633,66.1926], [48.6853,70.2982], [48.6853,70.2982], [54.1329,84.3392], [41.6254,72.3296], [48.3784,62.5625], [37.7826,67.5472], [41.6254,72.3296], [46.6917,51.7203], [48.3784,62.5625], [35.7707,64.6091], [50.8096,57.3292], [50.4434,62.1996], [50.8096,57.3292], [50.8096,57.3292], [48.3784,62.5625], [50.8096,57.3292], [50.8096,57.3292], [50.8096,57.3292], [48.3784,62.5625], [37.7826,67.5472], [42.8633,66.1926], [41.1795,74.8283], [50.8096,57.3292], [48.6853,70.2982], [83.8815,65.7489], [74.5141,83.8003], [69.6967,73.2275], [66.7312,77.9], [67.9732,64.6242], [97.1822,79.7326], [83.8815,65.7489], [87.621,92.1305], [73.0438,88.9449], [79.6248,90.5108], [79.6248,90.5108], [73.0438,88.9449], [68.0349,93.3897], [77.2668,98.5904], [79.6248,90.5108], [68.0349,93.3897], [87.621,92.1305], [87.621,92.1305], [87.621,92.1305], [87.621,92.1305], [73.0438,88.9449], [97.1822,79.7326], [87.621,92.1305], [97.1822,79.7326], [97.1822,79.7326], [97.1822,79.7326], [83.8815,65.7489], [83.8815,65.7489], [46.1545,36.1683], [38.7392,27.277], [38.7392,27.277], [46.6917,51.7203], [46.1545,36.1683], [38.7392,27.277], [32.5346,43.4205], [46.1545,36.1683], [39.2792,32.9335], [32.5346,43.4205], [24.2946,45.7862], [46.6917,51.7203], [46.1545,36.1683], [33.3439,49.1124], [46.6917,51.7203], [33.3439,49.1124], [46.6917,51.7203], [33.3439,49.1124], [34.7387,58.4206], [22.736,55.5194], [38.8018,62.4141], [32.5346,43.4205], [39.2792,32.9335], [26.738,37.8903], [33.3439,49.1124], [24.2946,45.7862], [32.5346,43.4205], [32.5346,43.4205], [24.2946,45.7862], [39.2792,32.9335], [39.2792,32.9335], [39.2792,32.9335], 