{
  "instance_index": 0,
  "birth_iter": 20,
  "death_iter": 60,
  "survival_iters": 40,
  "censored": false,
  "pre_vnd_coords": [[80,20], [89.1369,9.32273], [89.1369,9.32273], [92.4113,7.61561], [92.4113,7.61561], [66.2432,14.2685], [66.2432,14.2685], [34.2462,12.7741], [68.0309,21.4042], [66.2432,14.2685], [68.0309,21.4042], [68.0309,21.4042], [68.0309,21.4042], [68.0309,21.4042], [68.0309,21.4042], [41.9322,18.6622], [45.187,15.1836], [32.4145,21.2828], [39.8626,22.9016], [88.7706,29.5572], [88.8489,27.7876], [87.978,28.0949], [88.8094,28.6812], [88.2564,27.9966], [66.8773,51.3187], [74.3391,41.0051], [76.2179,54.851], [65.8946,43.5712], [65.8946,43.5712], [74.3391,41.0051], [65.8946,43.5712], [65.8946,43.5712], [65.6528,58.7163], [68.3628,58.1898], [66.8773,51.3187], [66.8773,51.3187], [66.8773,51.3187], [88.5379,27.8973], [89.2503,48.8243], [88.1719,57.4082], [92.3503,77.7229], [85.4791,60.6387], [92.3503,77.7229], [92.3503,77.7229], [92.3503,77.7229], [75.1685,72.3647], [76.2179,54.851], [71.9989,58.2686], [76.142,68.0073], [71.9989,58.2686], [75.2049,72.3785], [75.4353,72.4659], [75.8978,70.0181], [75.9631,69.6364], [75.8273,70.4303], [73.8715,71.8731], [75.7559,70.8479], [76.0257,69.2699], [75.6167,71.6623], [77.9013,86.2572], [77.9013,86.2572], [80.8195,77.6316], [77.9013,86.2572], [77.9013,86.2572], [62.7741,80.6732], [59.1102,81.8878], [55.6026,81.4877], [46.5852,81.358], [44.6661,82.3019], [38.8371,68.2705], [40.1236,69.0338], [36.7338,76.5709], [36.7338,76.5709], [52.6767,93.538], [48.7774,90.8352], [47.0664,91.9646], [46.5386,91.9405], [47.0664,91.9646], [57.2883,90.97], [54.2359,91.2668], [56.5504,91.0418], [58.3908,90.8628], [55.3831,91.1553], [47.0664,91.9646], [47.0664,91.9646], [60.7552,90.6329], [52.144,91.4704], [47.0664,91.9646], [47.0664,91.9646], [34.9902,91.4129], [47.0664,91.9646], [48.7377,91.802], [57.6384,90.936], [47.0664,91.9646], [40.334,84.398], [50.4862,91.6318], [30.8418,91.1668], [35.9443,91.4565], [34.0866,83.2351], [30.1422,85.6159], [38.3809,87.0689], [33.4621,85.4081], [31.1825,98.9989], [43.0452,86.9397], [31.1825,98.9989], [31.1825,98.9989], [33.8339,94.7392], [44.2135,90.2031], [38.3809,87.0689], [31.4249,90.0964], [43.0452,86.9397], [38.3809,87.0689], [59.1102,81.8878], [48.7774,90.8352], [43.0452,86.9397], [45.9928,81.3718], [29.3784,76.9596], [30.1422,85.6159], [38.7205,94.6555], [38.3809,87.0689], [45.8526,91.9092], [36.6204,77.8571], [25.1517,90.8276], [40.9304,91.6843], [34.7748,77.3885], [35.0412,91.4153], [47.0664,91.9646], [35.1409,91.4198], [35.6508,77.6109], [33.9195,77.1627], [47.0664,91.9646], [60.2739,90.6797], [33.3123,83.091], [47.0664,91.9646], [36.7338,76.5709], [29.3784,76.9596], [29.3784,76.9596], [36.7338,76.5709], [36.7338,76.5709], [36.7338,76.5709], [36.7338,76.5709], [31.4249,90.0964], [36.7338,76.5709], [30.1422,85.6159], [27.3009,89.5738], [33.8339,94.7392], [33.4621,85.4081], [33.4621,85.4081], [20.9219,85.9227], [29.3784,76.9596], [15.9968,79.7105], [31.7438,82.799], [26.1338,70.8748], [36.4155,91.478], [26.1338,70.8748], [26.1338,70.8748], [19.9564,80.6009], [27.0937,71.7275], [26.627,71.3129], [26.8808,81.8938], [24.8519,69.2096], [20.9219,85.9227], [20.9219,85.9227], [8.80079,88.8941], [20.9219,85.9227], [33.4621,85.4081], [27.3009,89.5738], [27.3009,89.5738], [33.4621,85.4081], [27.3009,89.5738], [20.9219,85.9227], [31.4249,90.0964], [42.0299,91.7346], [34.9313,91.4103], [47.0664,91.9646], [33.1433,91.3038], [47.0664,91.9646], [38.1051,91.5552], [20.7665,90.5666], [17.2661,90.3583], [34.0392,91.3572], [47.0664,91.9646], [35.3442,91.4291], [39.9401,91.6391], [25.404,90.8426], [22.9712,90.6978], [47.0664,91.9646], [23.3076,90.7179], [39.0662,91.5991], [17.649,90.381], [35.1895,91.422], [25.6685,90.8584], [21.8958,90.6338], [19.5969,92.3922], [20.9219,85.9227], [25.335,94.5081], [8.80079,88.8941], [30.1422,85.6159], [15.9968,79.7105], [12.505,77.7597], [12.508,77.9669], [12.5065,77.8639], [23.6574,90.7387], [32.0715,91.24], [20.9219,85.9227], [31.4249,90.0964], [31.4249,90.0964], [17.5586,84.142], [27.3009,89.5738], [30.1422,85.6159], [31.4249,90.0964], [33.4621,85.4081], [31.4249,90.0964], [27.3009,89.5738], [17.5586,84.142], [15.3444,76.9055], [27.3009,89.5738], [17.5586,84.142], [48.9247,84.1455], [48.9247,84.1455], [58.8195,92.137], [58.8195,92.137], [48.9247,84.1455], [57.1885,87.2124], [54.9901,91.1935], [55.7674,91.1179], [58.8696,90.8162], [54.5967,91.2318], [61.8964,90.5218], [58.0123,90.8996], [59.8274,90.7231], [68.138,89.9146], [66.4524,90.0785], [75.6841,71.2681], [66.822,90.0425], [67.9305,76.4794], [76.142,68.0073], [76.142,68.0073], [62.7741,80.6732], [83.6154,44.8326], [83.6154,44.8326], [89.2503,48.8243], [89.2503,48.8243], [88.1719,57.4082], [85.4791,60.6387], [89.2503,48.8243], [88.1719,57.4082], [74.3391,41.0051], [74.3391,41.0051], [65.1008,53.7772], [89.2503,48.8243], [65.8946,43.5712], [74.9885,51.2923], [76.2179,54.851], [89.2503,48.8243], [88.1719,57.4082], [76.2179,54.851], [76.142,68.0073], [76.2179,54.851], [83.6154,44.8326], [64.9624,68.8385], [59.2075,64.8503], [64.9624,68.8385], [55.4263,72.7377], [56.4903,77.7306], [75.3971,72.4514], [75.3581,72.4366], [57.9666,72.6188], [55.4333,79.5152], [48.4511,80.4403], [56.4903,77.7306], [56.0754,75.7842], [40.1043,69.221], [65.1521,58.8033], [55.4263,72.7377], [56.215,76.4391], [50.1005,59.3484], [64.705,58.8809], [48.1313,59.1388], [56.7021,72.678], [55.932,75.1113], [67.1668,58.4533], [50.5652,57.6712], [50.7541,56.9895], [63.8205,56.6348], [62.7983,59.2121], [55.4263,72.7377], [51.1642,55.5091], [52.8716,49.3464], [52.1549,60.8485], [50.1319,50.6866], [42.2352,43.4883], [42.6961,59.729], [42.2352,43.4883], [44.2543,63.8248], [56.7848,32.3128], [52.6036,25.1307], [48.8596,45.6488], [41.8479,31.9835], [41.8479,31.9835], [47.2654,45.06], [52.6036,25.1307], [42.2352,43.4883], [58.6726,47.468], [56.7848,32.3128], [54.7286,36.0148], [52.1549,60.8485], [65.8946,43.5712], [65.8946,43.5712], [54.7286,36.0148], [56.7848,32.3128], [56.7848,32.3128], [47.2654,45.06], [58.6726,47.468], [58.6726,47.468], [65.8946,43.5712], [50.9667,56.2219], [58.9194,42.8112], [37.9897,39.6558], [66.8773,51.3187], [51.3487,54.8433], [51.7056,53.5548], [52.1178,23.5704], [66.737,51.1478], [52.1178,23.5704], [66.5264,51.9287], [37.7405,39.2049], [59.3222,43.2324], [37.9897,39.6558], [31.04,45.3488], [38.018,61.0216], [44.8681,58.7916], [51.5154,54.2413], [49.2063,59.2532], [42.6961,59.729], [42.6961,59.729], [52.1549,60.8485], [45.1847,62.8478], [52.1549,60.8485], [50.1319,50.6866], [52.1549,60.8485], [24.6656,53.0129], [42.6961,59.729], [38.6478,59.9242], [39.6595,51.0656], [39.6595,51.0656], [43.31,53.5767], [30.5298,57.2325], [35.9758,68.2058], [26.5377,59.6494], [45.1847,62.8478], [35.9475,60.9687], [35.9758,68.2058], [35.9475,60.9687], [35.2077,46.7822], [42.2352,43.4883], [22.8953,49.9857], [29.4346,60.6766], [33.5988,67.6885], [36.2358,67.9815], [38.2575,68.2061], [22.565,66.2387], [24.4544,68.6932], [40.2958,84.3909], [39.2698,68.3186], [39.5173,68.3461], [34.9192,67.8352], [32.6764,67.586], [32.4189,67.5574], [37.3901,68.1097], [37.0845,68.0758], [35.9623,67.9511], [37.6878,68.1428], [39.0496,68.2941], [33.3098,66.02], [35.1203,64.098], [35.4512,67.8943], [23.8907,67.9608], [33.369,67.6629], [36.0103,63.1531], [45.1847,62.8478], [29.4346,60.6766], [11.5635,49.0913], [39.7284,72.8705], [22.8103,52.0905], [20.7121,63.8318], [22.0455,65.5638], [34.0911,67.7432], [21.4616,51.2672], [23.6057,51.4389], [21.5808,64.9602], [39.9651,68.3959], [36.516,68.0126], [36.7923,68.0433], [24.7161,69.0331], [26.0291,81.7352], [19.5063,62.8393], [24.5858,68.8638], [28.3628,72.8551], [17.6212,80.1474], [29.6297,73.9807], [18.7016,62.3837], [12.482,76.1642], [33.1349,67.6369], [31.9145,67.5013], [27.6118,72.1879], [19.4938,80.5111], [29.3784,76.9596], [17.4555,72.0904], [27.3009,89.5738], [31.4249,90.0964], [36.7338,76.5709], [1.59681,88.373], [8.19532,81.871], [2.81582,85.3263], [21.6903,77.472], [10.168,76.1734], [19.8171,81.4574], [14.6521,