{
  "instance_index": 0,
  "birth_iter": 19,
  "death_iter": 70,
  "survival_iters": 51,
  "censored": false,
  "pre_vnd_coords": [[80,20], [104.507,26.209], [84.1543,28.2485], [104.507,26.209], [84.1543,28.2485], [104.507,26.209], [87.6331,2.66968], [87.6331,2.66968], [77.0547,13.0784], [87.6331,2.66968], [60.7998,5.30448], [60.7998,5.30448], [60.7998,5.30448], [71.689,72.0093], [74.1969,80.6894], [74.1969,80.6894], [74.1969,80.6894], [74.1969,80.6894], [64.6298,72.965], [64.6298,72.965], [64.6298,72.965], [64.6298,72.965], [71.689,72.0093], [51.7784,60.7249], [51.7784,60.7249], [51.7784,60.7249], [56.9188,71.1658], [64.6298,72.965], [56.9188,71.1658], [74.1969,80.6894], [74.1969,80.6894], [45.9367,94.7067], [45.9367,94.7067], [31.8802,94.4331], [45.9367,94.7067], [45.9367,94.7067], [36.3302,94.3418], [36.3302,94.3418], [36.3302,94.3418], [45.9367,94.7067], [45.9367,94.7067], [35.2057,87.8112], [43.2132,92.5846], [31.5889,84.4887], [39.6034,83.5392], [31.5889,84.4887], [35.2057,87.8112], [43.2132,92.5846], [26.641,84.393], [38.5573,95.3565], [35.2057,87.8112], [31.5889,84.4887], [31.5889,84.4887], [43.2132,92.5846], [34.5932,78.3232], [26.641,84.393], [20.7509,83.8521], [31.5889,84.4887], [32.9103,74.0917], [34.5932,78.3232], [29.9889,73.4718], [34.0572,70.4731], [31.5889,84.4887], [22.895,72.9064], [19.2418,72.541], [20.7509,83.8521], [26.641,84.393], [34.5932,78.3232], [20.7509,83.8521], [20.7509,83.8521], [26.641,84.393], [38.5573,95.3565], [26.641,84.393], [26.641,84.393], [35.2057,87.8112], [35.2057,87.8112], [20.7509,83.8521], [26.641,84.393], [15.7781,79.231], [20.7509,83.8521], [3.10098,80.2705], [3.10098,80.2705], [3.10098,80.2705], [3.10098,80.2705], [-1.98793,69.9341], [-1.98793,69.9341], [9.78601,79.3029], [-1.98793,69.9341], [-1.98793,69.9341], [15.0007,86.2267], [9.78601,79.3029], [9.78601,79.3029], [15.0007,86.2267], [28.418,55.8661], [28.418,55.8661], [28.5838,53.8262], [20.8496,51.0144], [21.0992,53.6959], [33.4694,64.8347], [26.7105,53.2989], [26.7105,53.2989], [42.3897,60.1956], [42.2987,73.4445], [42.3897,60.1956], [26.7105,53.2989], [34.0572,70.4731], [15.0007,86.2267], [15.0007,86.2267], [45.9367,94.7067], [45.9367,94.7067], [45.9367,94.7067], [43.2132,92.5846], [57.2851,83.1355], [43.2132,92.5846], [43.2083,83.2039], [56.9188,71.1658], [51.7784,60.7249], [56.9188,71.1658], [51.7784,60.7249], [51.7784,60.7249], [51.7784,60.7249], [51.7784,60.7249], [56.9188,71.1658], [51.7784,60.7249], [71.689,72.0093], [56.9188,71.1658], [64.6298,72.965], [74.1969,80.6894], [74.1969,80.6894], [74.1969,80.6894], [56.9188,71.1658], [71.689,72.0093], [74.1969,80.6894], [74.1969,80.6894], [75.9744,68.1976], [57.2851,83.1355], [60.0483,91.7058], [75.4344,85.2611], [57.2851,83.1355], [52.9521,79.6483], [75.4344,85.2611], [60.0483,91.7058], [64.5719,83.1101], [64.5719,83.1101], [57.2851,83.1355], [67.8595,97.6369], [57.2851,83.1355], [65.1532,94.3173], [55.0201,100.043], [55.0201,100.043], [65.5799,91.7594], [53.7074,94.9224], [65.1532,94.3173], [53.7074,94.9224], [67.8595,97.6369], [67.8595,97.6369], [67.8595,97.6369], [65.5799,91.7594], [65.5799,91.7594], [67.8595,97.6369], [67.8595,97.6369], [80.0683,92.0093], [75.4344,85.2611], [67.8595,97.6369], [80.0683,92.0093], [64.5719,83.1101], [80.0683,92.0093], [80.0683,92.0093], [86.5905,83.9549], [80.0683,92.0093], [80.0683,92.0093], [67.8595,97.6369], [80.0683,92.0093], [86.5905,83.9549], [65.1532,94.3173], [67.8595,97.6369], [65.1532,94.3173], [53.7074,94.9224], [65.5799,91.7594], [67.8595,97.6369], [53.7074,94.9224], [55.0201,100.043], [55.0201,100.043], [64.5719,83.1101], [57.2851,83.1355], [53.7074,94.9224], [42.9283,104.759], [60.0483,91.7058], [64.5719,83.1101], [57.2851,83.1355], [65.5799,91.7594], [45.9926,78.4183], [53.1222,92.4236], [65.9443,71.4781], [57.2851,83.1355], [52.9521,79.6483], [52.9521,79.6483], [64.5719,83.1101], [52.9521,79.6483], [64.5719,83.1101], [61.1451,75.2886], [65.3152,77.0834], [45.9926,78.4183], [47.8161,74.0705], [54.3294,70.1684], [57.2851,83.1355], [43.2132,92.5846], [60.0483,91.7058], [45.9926,78.4183], [42.3897,60.1956], [43.2083,83.2039], [61.1451,75.2886], [54.3294,70.1684], [57.2851,83.1355], [45.9926,78.4183], [43.2083,83.2039], [43.2083,83.2039], [32.9338,79.4374], [45.9926,78.4183], [61.1451,75.2886], [34.0572,70.4731], [52.6893,65.0639], [42.2987,73.4445], [42.2987,73.4445], [39.6034,83.5392], [42.2987,73.4445], [34.0572,70.4731], [36.3913,64.835], [26.641,84.393], [30.8281,64.2511], [22.895,72.9064], [42.2987,73.4445], [43.2083,83.2039], [34.5932,78.3232], [34.5932,78.3232], [39.6034,83.5392], [43.2132,92.5846], [36.3913,64.835], [45.9926,78.4183], [36.3913,64.835], [47.8161,74.0705], [31.5889,84.4887], [45.9926,78.4183], [36.6053,70.3851], [26.641,84.393], [54.3294,70.1684], [57.2851,83.1355], [47.8161,74.0705], [32.9338,79.4374], [43.2132,92.5846], [43.2083,83.2039], [53.1222,92.4236], [35.2057,87.8112], [53.1222,92.4236], [41.9151,98.3932], [35.2057,87.8112], [54.1213,88.2819], [41.9151,98.3932], [43.2132,92.5846], [42.2987,73.4445], [57.2851,83.1355], [39.6034,83.5392], [57.2851,83.1355], [53.7074,94.9224], [53.1222,92.4236], [54.1213,88.2819], [45.9926,78.4183], [57.2851,83.1355], [32.9338,79.4374], [52.9521,79.6483], [65.3152,77.0834], [61.1451,75.2886], [53.7074,94.9224], [51.5364,65.8781], [65.1532,94.3173], [45.9926,78.4183], [54.1213,88.2819], [53.7074,94.9224], [41.9151,98.3932], [29.0081,98.081], [54.1213,88.2819], [41.9151,98.3932], [60.0483,91.7058], [53.7074,94.9224], [55.0201,100.043], [41.9151,98.3932], [41.9151,98.3932], [35.2057,87.8112], [38.5573,95.3565], [43.2132,92.5846], [42.9283,104.759], [38.5573,95.3565], [37.6638,100.199], [31.8802,94.4331], [25.1687,90.7202], [36.3302,94.3418], [31.8802,94.4331], [31.8802,94.4331], [25.1687,90.7202], [31.8802,94.4331], [25.1687,90.7202], [17.4637,89.5699], [25.1687,90.7202], [25.1687,90.7202], [31.8802,94.4331], [18.4778,100.603], [31.8802,94.4331], [25.1687,90.7202], [25.1687,90.7202], [25.1687,90.7202], [15.0007,86.2267], [31.8802,94.4331], [25.1687,90.7202], [31.8802,94.4331], [15.0007,86.2267], [17.0203,77.5043], [22.8389,84.8121], [6.80865,91.9051], [29.7444,78.6494], [29.9411,85.1994], [15.0007,86.2267], [29.9411,85.1994], [22.7223,99.7026], [15.0007,86.2267], [17.5299,71.8352], [22.8389,84.8121], [31.8802,94.4331], [17.4637,89.5699], [22.7223,99.7026], [17.4637,89.5699], [22.8389,84.8121], [22.8389,84.8121], [15.0007,86.2267], [25.1687,90.7202], [9.81943,96.8629], [31.8802,94.4331], [18.4778,100.603], [9.81943,96.8629], [22.7223,99.7026], [17.4637,89.5699], [22.7223,99.7026], [31.8802,94.4331], [31.8802,94.4331], [31.8802,94.4331], [31.8802,94.4331], [22.7223,99.7026], [3.61001,89.1018], [6.97326,102.188], [17.4637,89.5699], [3.61001,89.1018], [17.4637,89.5699], [18.4778,100.603], [3.61001,89.1018], [3.61001,89.1018], [31.8802,94.4331], [22.8389,84.8121], [18.4778,100.603], [3.61001,89.1018], [9.81943,96.8629], [17.4637,89.5699], [15.0007,86.2267], [22.7223,99.7026], [10.435,74.1884], [25.1687,90.7202], [3.92576,77.2028], [3.61001,89.1018], [9.81943,96.8629], [15.0007,86.2267], [29.9411,85.1994], [9.81943,96.8629], [3.61001,89.1018], [17.4637,89.5699], [8.33104,70.3398], [3.61001,89.1018], [9.81943,96.8629], [22.7223,99.7026], [3.61001,89.1018], [3.61001,89.1018], [6.80865,91.9051], [6.80865,91.9051], [3.92576,77.2028], [15.0007,86.2267], [17.4637,89.5699], [3.61001,89.1018], [3.61001,89.1018], [3.61001,89.1018], [9.81943,96.8629], [3.61001,89.1018], [9.81943,96.8629], [3.61001,89.1018], [3.61001,89.1018], [3.61001,89.1018], [3.61001,89.1018], [3.61001,89.1018], [3.61001,89.1018], [3.61001,89.1018], [6.97326,102.188], [3.92576,77.2028], [3.61001,89.1018], [9.81943,96.8629], [3.61001,89.1018], [10.435,74.1884], [3.61001,89.1018], [3.61001,89.1018], [17.4637,89.5699], [3.61001,89.1018], [17.4637,89.5699], [15.0007,86.2267], [3.61001,89.1018], [18.4778,100.603], [9.81943,96.8629], [15.0007,86.2267], [3.61001,89.1018], [6.80865,91.9051], [10.435,74.1884], [3.61001,89.1018], [15.0007,