{
  "instance_index": 0,
  "birth_iter": 10,
  "death_iter": 50,
  "survival_iters": 40,
  "censored": false,
  "pre_vnd_coords": [[80,20], [87.6331,2.66968], [87.6331,2.66968], [87.6331,2.66968], [77.0547,13.0784], [104.507,26.209], [104.507,26.209], [104.507,26.209], [84.1543,28.2485], [84.1543,28.2485], [84.1543,28.2485], [84.1543,28.2485], [69.6897,47.0315], [80.56,58.5454], [80.56,58.5454], [98.0663,48.5353], [80.56,58.5454], [75.9744,68.1976], [98.0663,48.5353], [80.56,58.5454], [98.0663,48.5353], [98.0663,48.5353], [79.5133,60.9642], [97.0175,62.8586], [64.5938,64.4533], [78.4511,71.7567], [94.328,84.77], [78.4511,71.7567], [86.8573,74.8429], [94.328,84.77], [82.0425,86.1492], [77.3921,93.7702], [82.0425,86.1492], [94.328,84.77], [94.328,84.77], [94.328,84.77], [82.0425,86.1492], [82.0425,86.1492], [77.3921,93.7702], [82.1824,98.4876], [86.8573,74.8429], [77.3921,93.7702], [82.1824,98.4876], [77.3921,93.7702], [82.1824,98.4876], [71.7148,99.5402], [82.1824,98.4876], [71.7148,99.5402], [71.7148,99.5402], [71.7148,99.5402], [71.7148,99.5402], [71.7148,99.5402], [71.7148,99.5402], [71.7148,99.5402], [77.3921,93.7702], [73.0355,91.5376], [77.3921,93.7702], [78.4511,71.7567], [78.4511,71.7567], [78.4511,71.7567], [64.5938,64.4533], [52.3677,69.9302], [64.5938,64.4533], [57.4756,83.9303], [52.3677,69.9302], [64.5938,64.4533], [51.0739,75.2879], [64.5938,64.4533], [45.236,79.2728], [39.7962,76.419], [56.9006,66.9773], [52.3677,69.9302], [56.9006,66.9773], [45.236,79.2728], [36.1607,76.3609], [45.236,79.2728], [39.7962,76.419], [51.0739,75.2879], [45.236,79.2728], [45.236,79.2728], [43.9855,63.809], [57.4756,83.9303], [51.0739,75.2879], [51.0739,75.2879], [42.9357,85.3347], [51.0739,75.2879], [57.4756,83.9303], [65.9443,71.4781], [65.9443,71.4781], [34.0572,70.4731], [26.641,84.393], [34.0572,70.4731], [34.0572,70.4731], [34.5932,78.3232], [31.5889,84.4887], [36.3913,64.835], [32.9338,79.4374], [36.3913,64.835], [34.0572,70.4731], [34.0572,70.4731], [36.6053,70.3851], [34.0572,70.4731], [42.3897,60.1956], [36.3913,64.835], [36.3913,64.835], [51.5364,65.8781], [32.9103,74.0917], [46.1916,60.9791], [33.4694,64.8347], [33.4694,64.8347], [36.3913,64.835], [51.5364,65.8781], [26.7105,53.2989], [42.3897,60.1956], [36.3913,64.835], [52.6893,65.0639], [39.6034,83.5392], [26.7105,53.2989], [36.3913,64.835], [36.3913,64.835], [45.5079,45.5714], [46.1916,60.9791], [46.1916,60.9791], [46.1916,60.9791], [61.0243,59.9323], [59.2943,53.2793], [52.722,52.6189], [61.0243,59.9323], [42.3897,60.1956], [42.3897,60.1956], [61.0243,59.9323], [65.9443,71.4781], [64.8124,60.2051], [75.9744,68.1976], [65.9551,66.7228], [65.9551,66.7228], [42.3897,60.1956], [61.0243,59.9323], [52.6893,65.0639], [46.1916,60.9791], [64.8124,60.2051], [54.7031,37.5281], [42.3897,60.1956], [59.2943,53.2793], [57.196,52.534], [51.6202,42.1662], [63.1672,45.839], [67.3888,57.3296], [48.2327,49.2388], [48.2327,49.2388], [43.0657,53.3435], [55.3636,38.842], [59.7353,40.2976], [67.3888,57.3296], [55.3636,38.842], [59.7353,40.2976], [43.0657,53.3435], [67.3888,57.3296], [63.1672,45.839], [63.1672,45.839], [68.209,47.2749], [67.3888,57.3296], [68.209,47.2749], [74.8562,44.4732], [75.8916,53.436], [68.209,47.2749], [74.8562,44.4732], [68.209,47.2749], [68.209,47.2749], [76.784,43.6327], [68.209,47.2749], [63.1672,45.839], [58.3509,25.111], [57.196,52.534], [68.209,47.2749], [41.659,34.3244], [59.7353,40.2976], [68.209,47.2749], [55.2415,27.1115], [55.2415,27.1115], [67.7152,33.4347], [57.196,52.534], [63.1672,45.839], [55.2415,27.1115], [43.0657,53.3435], [49.1247,39.507], [55.3636,38.842], [55.2415,27.1115], [57.196,52.534], [41.659,34.3244], [48.2327,49.2388], [51.6202,42.1662], [19.9915,49.7031], [49.1247,39.507], [49.1247,39.507], [26.9661,55.2424], [40.9847,57.785], [47.4246,55.4651], [26.9661,55.2424], [45.9461,42.4835], [40.9847,57.785], [26.9661,55.2424], [45.9461,42.4835], [40.9847,57.785], [19.9915,49.7031], [26.9661,55.2424], [26.9661,55.2424], [43.0657,53.3435], [26.9661,55.2424], [45.9461,42.4835], [26.9661,55.2424], [45.9461,42.4835], [43.0657,53.3435], [38.1063,42.1252], [38.1063,42.1252], [38.1063,42.1252], [41.659,34.3244], [41.659,34.3244], [59.7353,40.2976], [38.1063,42.1252], [59.7353,40.2976], [58.3509,25.111], [55.2415,27.1115], [55.2415,27.1115], [46.0746,24.371], [41.659,34.3244], [55.2415,27.1115], [55.3636,38.842], [51.8305,20.5772], [38.1063,42.1252], [20.4616,29.3769], [39.1746,36.4348], [32.882,38.1008], [32.6209,20.6051], [32.6209,20.6051], [54.673,32.5149], [43.0246,16.5382], [62.0934,24.2939], [62.0934,24.2939], [62.0934,24.2939], [77.0547,13.0784], [62.0934,24.2939], [62.0934,24.2939], [62.0934,24.2939], [53.5908,24.2624], [54.673,32.5149], [53.5908,24.2624], [54.673,32.5149], [53.5908,24.2624], [53.5908,24.2624], [54.673,32.5149], [52.6893,65.0639], [42.3897,60.1956], [46.1916,60.9791], [68.209,47.2749], [67.3888,57.3296], [63.1672,45.839], [63.1672,45.839], [75.8916,53.436], [69.9321,59.5868], [75.8916,53.436], [68.209,47.2749], [75.8916,53.436], [71.6401,62.6257], [67.3888,57.3296], [79.5133,60.9642], [68.1494,70.0642], [63.1672,45.839], [75.8916,53.436], [75.8916,53.436], [67.3888,57.3296], [76.784,43.6327], [76.784,43.6327], [68.209,47.2749], [79.5133,60.9642], [67.3888,57.3296], [79.5133,60.9642], [75.8916,53.436], [78.4511,71.7567], [69.9321,59.5868], [78.4511,71.7567], [78.4511,71.7567], [75.8916,53.436], [79.5133,60.9642], [86.8573,74.8429], [68.1494,70.0642], [73.0355,91.5376], [86.8573,74.8429], [68.1494,70.0642], [71.6401,62.6257], [67.3888,57.3296], [67.3888,57.3296], [68.1494,70.0642], [69.9321,59.5868], [67.3888,57.3296], [47.4246,55.4651], [63.1672,45.839], [57.196,52.534], [43.0657,53.3435], [69.9321,59.5868], [47.4246,55.4651], [43.0657,53.3435], [30.4291,66.7383], [40.9847,57.785], [43.0657,53.3435], [40.9847,57.785], [40.9847,57.785], [43.0657,53.3435], [26.7105,53.2989], [39.1746,36.4348], [33.5698,32.7313], [26.5027,45.7885], [19.9915,49.7031], [19.9915,49.7031], [26.5027,45.7885], [26.5027,45.7885], [26.5027,45.7885], [19.9915,49.7031], [26.5027,45.7885], [19.9915,49.7031], [26.5027,45.7885], [11.6734,45.1308], [19.9915,49.7031], [19.9915,49.7031], [26.9661,55.2424], [23.972,58.2004], [23.972,58.2004], [26.5027,45.7885], [19.9547,64.291], [23.972,58.2004], [27.9076,63.2605], [30.4291,66.7383], [30.4291,66.7383], [30.4291,66.7383], [30.4291,66.7383], [23.3046,75.4702], [26.9661,55.2424], [23.972,58.2004], [23.972,58.2004], [23.972,58.2004], [25.436,85.9968], [21.1899,83.6101], [19.4895,96.5249], [23.3046,75.4702], [14.5767,76.5034], [28.9999,90.7915], [18.0964,91.8932], [23.3046,75.4702], [20.3051,79.823], [25.436,85.9968], [37.6783,97.9675], [34.5932,78.3232], [35.2057,87.8112], [38.5573,95.3565], [29.0081,98.081], [29.0081,98.081], [29.0081,98.081], [24.3093,91.0878], [20.4313,91.9251], [20.4313,91.9251], [20.4313,91.9251], [20.4313,91.9251], [25.3978,93.4589], [20.4313,91.9251], [24.3093,91.0878], [37.6783,97.9675], [20.4313,91.9251], [35.2057,87.8112], [20.4313,91.9251], [29.0081,98.081], [29.0081,98.081], [20.4313,91.9251], [37.6783,97.9675], [35.2057,87.8112], [38.5573,95.3565], [11.7609,93.174], [38.5573,95.3565], [20.4313,91.9251], [29.0081,98.081], [38.5573,95.3565], [31.5889,84.4887], [20.4313,91.9251], [35.2057,87.8112], [29.0081,98.081], [35.2057,87.8112], [29.0081,98.081], [20.4313,91.9251], [26.641,84.393], [34.5932,78.3232], [39.6034,83.5392], [32.9338,79.4374], [35.2057,87.8112], [24.3093,91.0878], [38.5573,95.3565], [35.2057,87.8112], [31.5889,84.4887], [35.2057,87.8112], [37.6783,97.9675], [39.6034,83.5392], [37.6783,97.9675], [29.0081,98.081], [38.5573,95.3565], [29.0081,98.081], [38.5573,95.3565], [37.6783,97.9675], [38.5573,95.3565], [12.7758,33.8659], [10.8998,46.9677], [11.6734,45.1308], [10.8998,46.9677], [2.29897,64.973], [7.77976,66.1423], [6.14321,77.1326], [12.1429,67.0012], [-0.148444,65.0366], [11.4515,80.0005], [3.10098,80.2705], [8.62953,55.5957], [7.6367,68.6075], [6.39831,73.6924], [-0.148444,65.0366], [5.87309,