{
  "instance_index": 0,
  "birth_iter": 46,
  "death_iter": 50,
  "survival_iters": 4,
  "censored": false,
  "pre_vnd_coords": [[80,20], [78.0515,34.7851], [80.9136,30.6981], [82.3323,28.6722], [79.3532,57.0457], [77.8445,56.8456], [79.3532,57.0457], [81.6962,58.8974], [81.1655,58.4779], [83.5123,60.3326], [84.2121,60.8857], [80.8855,65.3398], [82.8633,64.4525], [40.4021,87.9904], [24.3109,89.7369], [36.1812,87.2218], [21.5595,90.3198], [24.8283,89.6273], [32.3976,88.0234], [24.8944,89.6133], [28.1973,88.9134], [21.7874,90.2715], [16.4012,91.4128], [23.5181,89.9049], [12.8243,91.5642], [17.4327,91.1942], [23.6724,89.8722], [24.8607,89.6204], [24.1474,89.7715], [22.2731,90.1686], [25.4977,89.4854], [18.8175,90.9008], [24.465,89.7042], [28.7136,88.804], [15.452,79.3246], [15.3325,91.6392], [26.6782,89.2353], [26.8867,89.1911], [11.8035,90.995], [17.9309,91.0887], [11.5057,90.8291], [13.0906,92.1142], [10.7055,89.841], [12.1156,92.3207], [9.86726,78.2217], [10.7811,90.4251], [10.2014,85.9454], [10.3213,86.8717], [9.53347,78.1468], [10.3791,87.318], [12.3262,94.2021], [12.3262,94.2021], [12.3262,94.2021], [6.19727,79.5681], [4.34844,92.9489], [4.34844,92.9489], [10.5371,83.987], [6.19727,79.5681], [6.19727,79.5681], [3.74593,66.7533], [4.72631,60.0155], [4.72631,60.0155], [6.19727,79.5681], [10.5371,83.987], [10.5371,83.987], [-3.35276,86.3821], [8.3696,74.1748], [6.19727,79.5681], [12.3262,94.2021], [6.19727,79.5681], [7.51491,64.6542], [6.19727,79.5681], [17.5099,74.996], [8.3696,74.1748], [-6.99715,65.8555], [8.3696,74.1748], [6.19727,79.5681], [10.5371,83.987], [10.5371,83.987], [8.3696,74.1748], [6.19727,79.5681], [8.3696,74.1748], [8.3696,74.1748], [6.19727,79.5681], [3.74593,66.7533], [6.19727,79.5681], [3.74593,66.7533], [4.34844,92.9489], [-3.35276,86.3821], [8.3696,74.1748], [10.5371,83.987], [17.5099,74.996], [10.5371,83.987], [10.5371,83.987], [7.51491,64.6542], [8.6067,86.1022], [7.51491,64.6542], [6.19727,79.5681], [17.5099,74.996], [10.5371,83.987], [17.5099,74.996], [12.3262,94.2021], [7.51491,64.6542], [10.7978,53.5754], [11.7978,55.5016], [10.5371,83.987], [4.72631,60.0155], [-1.63038,55.4591], [6.19727,79.5681], [3.74593,66.7533], [4.72631,60.0155], [-6.99715,65.8555], [17.5099,74.996], [10.7978,53.5754], [17.5099,74.996], [17.5099,74.996], [17.5099,74.996], [7.51491,64.6542], [3.74593,66.7533], [6.19727,79.5681], [17.5099,74.996], [6.19727,79.5681], [7.51491,64.6542], [7.51491,64.6542], [-6.99715,65.8555], [7.51491,64.6542], [4.72631,60.0155], [8.3696,74.1748], [-6.99715,65.8555], [10.7978,53.5754], [11.7978,55.5016], [10.7978,53.5754], [-6.99715,65.8555], [-6.99715,65.8555], [7.51491,64.6542], [-1.63038,55.4591], [10.7978,53.5754], [4.72631,60.0155], [4.72631,60.0155], [3.74593,66.7533], [7.51491,64.6542], [-1.63038,55.4591], [-6.99715,65.8555], [4.72631,60.0155], [17.5099,74.996], [4.72631,60.0155], [4.72631,60.0155], [4.72631,60.0155], [4.72631,60.0155], [10.7978,53.5754], [-1.63038,55.4591], [10.6216,41.3183], [4.72631,60.0155], [10.7978,53.5754], [-1.63038,55.4591], [10.6216,41.3183], [10.6216,41.3183], [10.6216,41.3183], [19.6557,39.5816], [4.0319,33.3828], [10.6216,41.3183], [19.6557,39.5816], [11.7978,55.5016], [-1.63038,55.4591], [19.6557,39.5816], [10.7978,53.5754], [18.5392,36.1544], [18.5392,36.1544], [10.6216,41.3183], [10.6216,41.3183], [10.6216,41.3183], [10.6216,41.3183], [10.6216,41.3183], [10.6216,41.3183], [18.5392,36.1544], [-2.27025,41.0952], [12.8644,31.667], [10.7978,53.5754], [10.6216,41.3183], [10.6216,41.3183], [9.45069,58.8224], [18.5392,36.1544], [4.0319,33.3828], [18.5392,36.1544], [10.6216,41.3183], [10.6216,41.3183], [10.7978,53.5754], [11.7978,55.5016], [10.7978,53.5754], [10.7978,53.5754], [7.51491,64.6542], [15.667,27.9744], [4.42778,22.4272], [-2.27025,41.0952], [-2.27025,41.0952], [4.0319,33.3828], [4.0319,33.3828], [4.42778,22.4272], [4.0319,33.3828], [4.0319,33.3828], [15.667,27.9744], [18.5787,19.8301], [18.5787,19.8301], [4.42778,22.4272], [4.42778,22.4272], [15.667,27.9744], [4.0319,33.3828], [4.42778,22.4272], [4.42778,22.4272], [10.9589,13.8117], [10.9589,13.8117], [11.5712,16.0525], [11.5738,15.9895], [26.6335,23.0431], [11.5788,15.8674], [11.5633,16.247], [25.2073,23.5264], [11.5659,16.1832], [26.9551,22.9341], [25.4919,23.4299], [25.1633,23.5413], [11.561,16.3026], [29.7026,22.0031], [30.3256,21.7919], [30.0191,21.8958], [19.6631,20.4189], [30.705,21.6634], [25.1857,23.5337], [15.5661,18.0491], [28.5968,22.3778], [35.7383,20.4926], [31.9697,21.2348], [29.0577,22.2216], [32.5543,21.0367], [40.734,17.6615], [32.8381,20.9406], [34.5075,30.3442], [39.2371,31.5898], [47.2264,33.4245], [29.4141,22.1009], [31.5568,21.3747], [32.2677,21.1338], [38.5019,20.0658], [28.1816,22.5185], [31.1221,21.5221], [25.1226,23.5551], [40.963,18.6894], [41.1775,19.6526], [37.4482,31.1187], [36.2732,30.8092], [44.9244,33.0877], [36.623,25.402], [32.8381,20.9406], [42.1986,32.3698], [32.8381,20.9406], [35.611,30.6348], [43.5608,32.7285], [35.5104,27.4969], [23.2723,22.5065], [21.6005,21.5395], [34.9098,30.4501], [27.3685,22.794], [27.781,22.6542], [26.0967,23.225], [25.1416,23.5486], [26.3524,23.1383], [25.099,23.5631], [25.7935,23.3277], [34.0607,30.2265], [39.6933,64.9794], [38.1118,63.239], [36.9001,30.9743], [34.4601,29.4744], [40.2636,31.8601], [45.6785,33.2863], [33.2016,34.8243], [28.5159,25.6442], [21.538,49.9047], [19.6557,39.5816], [33.2016,34.8243], [37.1521,44.614], [21.538,49.9047], [28.1511,55.6212], [37.1521,44.614], [27.4896,39.1708], [16.6153,51.5955], [31.2302,51.0859], [18.5392,36.1544], [31.2302,51.0859], [31.2302,51.0859], [26.0359,32.0299], [28.1511,55.6212], [10.6216,41.3183], [16.6153,51.5955], [18.5392,36.1544], [9.45069,58.8224], [10.6216,41.3183], [26.725,45.2064], [21.538,49.9047], [10.7978,53.5754], [21.538,49.9047], [21.538,49.9047], [10.6216,41.3183], [13.4845,62.8109], [16.6153,51.5955], [16.6153,51.5955], [28.1511,55.6212], [38.8424,56.2852], [31.2302,51.0859], [41.8454,48.8444], [31.2302,51.0859], [31.2302,51.0859], [31.2302,51.0859], [22.8024,63.5796], [16.6153,51.5955], [26.725,45.2064], [26.3391,58.8816], [22.8024,63.5796], [13.4845,62.8109], [22.8024,63.5796], [26.3391,58.8816], [31.2302,51.0859], [31.2302,51.0859], [28.1511,55.6212], [30.4663,63.3104], [28.1511,55.6212], [28.1511,55.6212], [38.8424,56.2852], [26.725,45.2064], [17.5921,61.9328], [22.8024,63.5796], [32.3959,61.5115], [28.1511,55.6212], [30.4663,63.3104], [22.8024,63.5796], [19.0084,67.7755], [24.984,66.0398], [28.5435,73.2687], [24.984,66.0398], [28.1511,55.6212], [32.3959,61.5115], [19.0084,67.7755], [24.984,66.0398], [30.4663,63.3104], [32.9736,81.47], [24.984,66.0398], [32.6485,65.4341], [32.6485,65.4341], [28.5435,73.2687], [38.5347,76.6159], [19.0084,67.7755], [32.9736,81.47], [38.5347,76.6159], [28.5435,73.2687], [30.4663,63.3104], [36.0903,66.022], [32.9736,81.47], [22.8024,63.5796], [22.1103,77.5926], [32.9736,81.47], [32.9736,81.47], [30.4663,63.3104], [32.6485,65.4341], [32.6485,65.4341], [30.4446,84.3481], [32.974,95.4734], [32.9736,81.47], [23.4336,83.6892], [32.9736,81.47], [26.6703,86.8965], [32.9736,81.47], [27.6827,86.9626], [22.1103,77.5926], [38.5792,78.9211], [28.5435,73.2687], [22.8024,63.5796], [22.1103,77.5926], [18.3672,89.3867], [28.5435,73.2687], [17.5099,74.996], [32.9736,81.47], [22.1103,77.5926], [22.1103,77.5926], [19.0084,67.7755], [17.5921,61.9328], [22.1103,77.5926], [28.5435,73.2687], [28.5435,73.2687], [18.7981,95.3344], [23.4336,83.6892], [32.9736,81.47], [27.6827,86.9626], [32.9736,81.47], [23.4336,83.6892], [32.8199,85.5941], [32.8199,85.5941], [22.8024,63.5796], [27.6827,86.9626], [28.5435,73.2687], [38.5347,76.6159], [38.5792,78.9211], [38.5792,78.9211], [37.8085,86.2656], [32.9736,81.47], [22.4524,87.2109], [38.5347,76.6159], [22.1103,77.5926], [32.9736,81.47], [38.5347,76.6159], [32.9736,81.47], [32.974,95.4734], [45.9265,76.5441], [58.6667,71.7305], [38.5792,78.9211], [54.4913,99.1825], [32.9736,81.47], [60.3941,87.8287], [45.9265,76.5441], [44.8001,71.8935], 