{
  "instance_index": 0,
  "birth_iter": 29,
  "death_iter": 80,
  "survival_iters": 51,
  "censored": false,
  "pre_vnd_coords": [[80,20], [57.2141,29.1398], [72.9833,29.2106], [71.9318,12.299], [57.2141,29.1398], [71.9318,12.299], [71.9318,12.299], [71.9318,12.299], [71.9318,12.299], [71.9318,12.299], [37.4905,8.13793], [30.6815,19.4001], [37.4905,8.13793], [37.4905,8.13793], [58.3194,32.8345], [37.4905,8.13793], [35.146,31.0357], [30.6815,19.4001], [37.4905,8.13793], [30.6815,19.4001], [30.6815,19.4001], [37.4905,8.13793], [37.4905,8.13793], [30.6815,19.4001], [30.6815,19.4001], [30.6815,19.4001], [19.99,21.6786], [19.99,21.6786], [30.6815,19.4001], [9.32225,14.6829], [10.7917,12.9015], [7.98274,15.8982], [7.98274,15.8982], [7.98274,15.8982], [9.32225,14.6829], [9.32225,14.6829], [7.98274,15.8982], [9.32225,14.6829], [9.32225,14.6829], [7.98274,15.8982], [1.62732,31.3924], [9.32225,14.6829], [9.32225,14.6829], [7.98274,15.8982], [10.7917,12.9015], [7.98274,15.8982], [7.98274,15.8982], [7.98274,15.8982], [7.98274,15.8982], [1.62732,31.3924], [13.8816,26.4458], [1.62732,31.3924], [13.8816,26.4458], [1.62732,31.3924], [1.62732,31.3924], [13.8816,26.4458], [5.78619,42.8869], [14.008,43.4026], [1.62732,31.3924], [14.008,43.4026], [5.78619,42.8869], [11.6925,49.4932], [4.46026,56.4743], [4.46026,56.4743], [5.27414,66.1993], [14.008,43.4026], [11.6925,49.4932], [14.008,43.4026], [5.78619,42.8869], [14.008,43.4026], [11.6925,49.4932], [11.6925,49.4932], [11.6925,49.4932], [4.46026,56.4743], [24.2491,45.1865], [14.008,43.4026], [26.1903,36.6848], [11.6925,49.4932], [14.008,43.4026], [4.46026,56.4743], [14.008,43.4026], [4.46026,56.4743], [11.6925,49.4932], [4.46026,56.4743], [5.27414,66.1993], [4.46026,56.4743], [11.6925,49.4932], [14.008,43.4026], [4.46026,56.4743], [4.46026,56.4743], [22.1175,50.6696], [4.46026,56.4743], [11.6925,49.4932], [24.2491,45.1865], [14.2105,60.3699], [11.6925,49.4932], [11.6925,49.4932], [14.2105,60.3699], [17.5191,61.982], [17.5191,61.982], [22.1175,50.6696], [12.386,68.1796], [14.008,43.4026], [4.46026,56.4743], [14.008,43.4026], [12.386,68.1796], [12.386,68.1796], [5.27414,66.1993], [5.27414,66.1993], [11.7962,62.9494], [11.6925,49.4932], [5.27414,66.1993], [11.6925,49.4932], [14.008,43.4026], [4.46026,56.4743], [4.46026,56.4743], [11.6925,49.4932], [5.27414,66.1993], [4.46026,56.4743], [14.2105,60.3699], [14.7852,66.8498], [11.6925,49.4932], [4.46026,56.4743], [12.386,68.1796], [4.46026,56.4743], [12.386,68.1796], [14.2105,60.3699], [14.7852,66.8498], [5.27414,66.1993], [9.26378,70.5303], [9.26378,70.5303], [14.2105,60.3699], [12.386,68.1796], [9.89912,64.9761], [9.26378,70.5303], [9.26378,70.5303], [9.26378,70.5303], [9.26378,70.5303], [5.27414,66.1993], [5.27414,66.1993], [12.386,68.1796], [5.27414,66.1993], [9.26378,70.5303], [12.386,68.1796], [9.26378,70.5303], [17.5191,61.982], [12.386,68.1796], [12.386,68.1796], [14.7852,66.8498], [9.26378,70.5303], [12.386,68.1796], [17.5191,61.982], [29.179,58.4893], [29.179,58.4893], [26.5377,59.6494], [30.5298,57.2325], [24.6656,53.0129], [28.5522,68.6181], [30.5298,57.2325], [22.9778,47.9847], [28.5522,68.6181], [29.4346,60.6766], [20.7046,44.3229], [20.7046,44.3229], [20.7046,44.3229], [30.5298,57.2325], [22.8953,49.9857], [20.7046,44.3229], [25.439,34.4689], [11.1991,40.0874], [11.1991,40.0874], [11.1991,40.0874], [11.1991,40.0874], [11.1991,40.0874], [23.5086,44.5959], [20.7046,44.3229], [11.1991,40.0874], [11.1991,40.0874], [11.1991,40.0874], [23.5086,44.5959], [11.1991,40.0874], [25.439,34.4689], [25.439,34.4689], [30.0198,39.8233], [30.0198,39.8233], [30.0198,39.8233], [25.439,34.4689], [20.7046,44.3229], [22.8953,49.9857], [22.8953,49.9857], [22.8953,49.9857], [25.439,34.4689], [35.2077,46.7822], [34.6632,31.128], [38.7928,44.1764], [30.0198,39.8233], [30.0198,39.8233], [20.7046,44.3229], [23.5086,44.5959], [24.6656,53.0129], [27.5905,23.4773], [20.7046,44.3229], [35.9475,60.9687], [22.9778,47.9847], [24.6656,53.0129], [24.6656,53.0129], [30.5298,57.2325], [30.0198,39.8233], [30.0198,39.8233], [35.9475,60.9687], [22.8953,49.9857], [24.6656,53.0129], [20.7046,44.3229], [30.5298,57.2325], [23.5086,44.5959], [29.4346,60.6766], [30.5298,57.2325], [24.6656,53.0129], [22.8953,49.9857], [42.2352,43.4883], [39.6595,51.0656], [48.8596,45.6488], [35.2077,46.7822], [42.2352,43.4883], [25.439,34.4689], [38.7928,44.1764], [38.7928,44.1764], [48.8596,45.6488], [50.1319,50.6866], [47.2654,45.06], [47.2654,45.06], [42.2352,43.4883], [43.31,53.5767], [35.3855,25.3048], [35.3855,25.3048], [42.2352,43.4883], [35.3855,25.3048], [35.3855,25.3048], [30.0198,39.8233], [35.2077,46.7822], [41.8479,31.9835], [38.7928,44.1764], [42.2352,43.4883], [41.8479,31.9835], [41.8479,31.9835], [34.6632,31.128], [30.0198,39.8233], [38.7928,44.1764], [35.2077,46.7822], [47.2654,45.06], [27.5905,23.4773], [25.439,34.4689], [35.3855,25.3048], [27.5905,23.4773], [34.6632,31.128], [35.3855,25.3048], [25.439,34.4689], [34.6632,31.128], [27.5905,23.4773], [41.8479,31.9835], [42.2352,43.4883], [34.6632,31.128], [25.439,34.4689], [34.6632,31.128], [52.6036,25.1307], [50.7402,28.2788], [50.7402,28.2788], [42.2352,43.4883], [41.8479,31.9835], [35.3855,25.3048], [41.8479,31.9835], [47.2654,45.06], [56.7848,32.3128], [56.7848,32.3128], [54.7286,36.0148], [56.7848,32.3128], [56.7848,32.3128], [52.6036,25.1307], [48.8596,45.6488], [56.7848,32.3128], [50.7402,28.2788], [52.6036,25.1307], [56.7848,32.3128], [56.7848,32.3128], [54.7286,36.0148], [65.8946,43.5712], [65.8946,43.5712], [58.6726,47.468], [56.7848,32.3128], [56.7848,32.3128], [56.7848,32.3128], [42.2352,43.4883], [58.6726,47.468], [52.6036,25.1307], [65.7129,31.9191], [74.3391,41.0051], [76.76,38.3553], [76.76,38.3553], [27.5905,23.4773], [17.9822,21.3877], [13.4395,24.223], [17.9822,21.3877], [27.5905,23.4773], [25.439,34.4689], [10.5986,27.9635], [25.439,34.4689], [34.6632,31.128], [25.439,34.4689], [17.9822,21.3877], [10.5986,27.9635], [25.439,34.4689], [17.9822,21.3877], [27.5905,23.4773], [13.4395,24.223], [10.5986,27.9635], [27.5905,23.4773], [10.5986,27.9635], [10.5986,27.9635], [10.5986,27.9635], [10.5986,27.9635], [11.1991,40.0874], [10.168,76.1734], [23.7609,67.8733], [17.4555,72.0904], [29.4346,60.6766], [24.6656,53.0129], [24.6656,53.0129], [17.4555,72.0904], [22.8953,49.9857], [22.8953,49.9857], [28.5522,68.6181], [21.1182,71.1744], [15.3444,76.9055], [10.168,76.1734], [29.2457,79.068], [23.7609,67.8733], [52.8462,69.8526], [42.974,68.2617], [48.578,73.179], [51.6123,58.9354], [66.975,77.1264], [35.9005,56.7001], [42.974,68.2617], [44.9194,72.7936], [44.9194,72.7936], [38.4386,62.9097], [69.7553,75.6109], [69.7553,75.6109], [75.659,88.949], [76.4894,72.9007], [71.577,87.9519], [71.577,87.9519], [78.769,71.2651], [76.4894,72.9007], [78.769,71.2651], [75.659,88.949], [71.577,87.9519], [71.577,87.9519], [87.3227,92.0471], [76.4894,72.9007], [75.659,88.949], [75.659,88.949], [66.975,77.1264], [76.4894,72.9007], [70.0181,67.3784], [76.4894,72.9007], [76.4894,72.9007], [85.0242,83.5189], [75.659,88.949], [67.3088,66.7402], [69.7553,75.6109], [67.3088,66.7402], [67.9164,64.6329], [76.4894,72.9007], [69.7553,75.6109], [67.9164,64.6329], [66.975,77.1264], [70.0181,67.3784], [90.277,64.1173], [77.8272,52.1929], [82.9602,55.4048], [82.9602,55.4048], [82.9602,55.4048], [77.8272,52.1929], [90.277,64.1173], [77.8272,52.1929], [77.8272,52.1929], [71.2471,54.5944], [67.9164,64.6329], [68.0439,46.8348], [82.9602,55.4048], [61.2127,56.9224], [71.2471,54.5944], [82.9602,55.4048], [70.0181,67.3784], [69.7553,75.6109], [67.9164,64.6329], [70.0181,67.3784], [69.7553,75.6109], [66.975,77.1264], [66.975,77.1264], [69.7553,75.6109], [61.2127,56.9224], [52.8462,69.8526], [66.975,77.1264], [67.9164,64.6329], [67.9164,64.6329], [51.6123,58.9354], [66.975,77.1264], [52.8462,69.8526], [67.9164,64.6329], [51.6123,58.9354], [64.3357,54.2722], [51.6123,58.9354], [67.9164,64.6329], [67.9164,64.6329], [51.7722,47.6083], [64.3357,54.2722], [70.0181,67.3784], [64.3357,54.2722], [67.9164,