{
  "instance_index": 0,
  "birth_iter": 17,
  "death_iter": 20,
  "survival_iters": 3,
  "censored": false,
  "pre_vnd_coords": [[80,20], [90.1665,7.65771], [90.1665,7.65771], [90.1665,7.65771], [90.1665,7.65771], [62.8451,16.0089], [64.7096,23.6593], [39.4211,14.7393], [64.7096,23.6593], [62.8451,16.0089], [60.3997,29.6732], [60.3997,29.6732], [58.8598,32.1546], [58.8598,32.1546], [60.3997,29.6732], [60.3997,29.6732], [58.8598,32.1546], [60.3997,29.6732], [60.3997,29.6732], [60.3997,29.6732], [46.2955,43.3529], [43.55,27.1864], [38.7392,27.277], [43.55,27.1864], [58.8598,32.1546], [51.1744,40.3605], [58.8598,32.1546], [43.55,27.1864], [43.55,27.1864], [51.1744,40.3605], [46.2955,43.3529], [39.4211,14.7393], [58.8598,32.1546], [60.3997,29.6732], [39.4211,14.7393], [39.4211,14.7393], [39.4211,14.7393], [39.4211,14.7393], [39.4211,14.7393], [39.4211,14.7393], [39.4211,14.7393], [21.2888,24.6111], [43.55,27.1864], [24.6215,13.6783], [24.6215,13.6783], [39.4211,14.7393], [24.6215,13.6783], [39.4211,14.7393], [24.6215,13.6783], [21.2888,24.6111], [26.738,37.8903], [24.6215,13.6783], [24.6215,13.6783], [26.2149,32.1942], [21.2888,24.6111], [21.2888,24.6111], [39.4211,14.7393], [39.4211,14.7393], [21.2888,24.6111], [24.6215,13.6783], [24.6215,13.6783], [9.89835,19.1124], [6.84641,17.1852], [6.84641,17.1852], [6.84641,17.1852], [9.89835,19.1124], [4.91128,24.903], [9.89835,19.1124], [6.84641,17.1852], [6.84641,17.1852], [4.91128,24.903], [9.89835,19.1124], [9.89835,19.1124], [6.84641,17.1852], [6.84641,17.1852], [6.84641,17.1852], [9.89835,19.1124], [9.89835,19.1124], [6.84641,17.1852], [6.84641,17.1852], [6.84641,17.1852], [4.22261,41.9408], [2.42107,38.5699], [4.91128,24.903], [4.91128,24.903], [4.22261,41.9408], [2.42107,38.5699], [4.91128,24.903], [9.26975,47.6493], [12.9222,44.9665], [2.42107,38.5699], [4.91128,24.903], [2.88069,36.0474], [9.26975,47.6493], [4.22261,41.9408], [12.9222,44.9665], [12.9222,44.9665], [24.4543,45.927], [24.4543,45.927], [21.2888,24.6111], [9.89835,19.1124], [6.84641,17.1852], [6.84641,17.1852], [2.42107,38.5699], [9.89835,19.1124], [9.89835,19.1124], [4.22261,41.9408], [26.2149,32.1942], [21.2888,24.6111], [2.42107,38.5699], [26.738,37.8903], [21.2888,24.6111], [26.2149,32.1942], [21.2888,24.6111], [9.89835,19.1124], [21.2888,24.6111], [26.2149,32.1942], [26.2149,32.1942], [25.763,36.4953], [25.763,36.4953], [26.738,37.8903], [26.2149,32.1942], [26.2149,32.1942], [21.2888,24.6111], [26.2149,32.1942], [24.4543,45.927], [15.0344,42.3651], [21.2888,24.6111], [39.2792,32.9335], [43.55,27.1864], [26.2149,32.1942], [39.2792,32.9335], [46.2955,43.3529], [36.3976,38.2227], [39.2792,32.9335], [43.55,27.1864], [46.2955,43.3529], [36.3976,38.2227], [46.2955,43.3529], [38.7392,27.277], [39.2792,32.9335], [43.55,27.1864], [43.55,27.1864], [26.2149,32.1942], [26.2149,32.1942], [26.2149,32.1942], [46.2955,43.3529], [46.2955,43.3529], [43.55,27.1864], [46.2955,43.3529], [46.2955,43.3529], [46.2955,43.3529], [36.3976,38.2227], [37.3508,43.3874], [37.3508,43.3874], [43.55,27.1864], [39.2792,32.9335], [37.4752,37.1324], [25.763,36.4953], [24.4543,45.927], [39.2792,32.9335], [24.4543,45.927], [24.4543,45.927], [38.7633,35.8292], [46.2955,43.3529], [38.7633,35.8292], [36.3976,38.2227], [37.3508,43.3874], [38.7633,35.8292], [37.3508,43.3874], [29.262,55.3766], [24.4543,45.927], [26.8358,54.5426], [24.4543,45.927], [13.2115,55.1736], [29.262,55.3766], [34.7387,58.4206], [20.3253,57.1176], [24.4543,45.927], [20.3253,57.1176], [24.4543,45.927], [24.4543,45.927], [24.4543,45.927], [13.2115,55.1736], [15.0344,42.3651], [13.2115,55.1736], [15.0344,42.3651], [26.2149,32.1942], [24.4543,45.927], [29.262,55.3766], [15.0344,42.3651], [24.4543,45.927], [24.4543,45.927], [26.8358,54.5426], [24.4543,45.927], [29.262,55.3766], [24.4543,45.927], [12.9222,44.9665], [24.4543,45.927], [12.9222,44.9665], [13.2115,55.1736], [13.2115,55.1736], [4.22261,41.9408], [24.4543,45.927], [2.42107,38.5699], [3.45095,53.5772], [15.0344,42.3651], [9.26975,47.6493], [4.22261,41.9408], [9.26975,47.6493], [20.3253,57.1176], [9.26975,47.6493], [15.0344,42.3651], [9.26975,47.6493], [12.9222,44.9665], [24.4543,45.927], [12.9222,44.9665], [3.45095,53.5772], [3.45095,53.5772], [3.45095,53.5772], [4.22261,41.9408], [9.26975,47.6493], [6.15031,65.4209], [9.26975,47.6493], [3.45095,53.5772], [12.9222,44.9665], [24.4543,45.927], [3.45095,53.5772], [4.22261,41.9408], [15.0344,42.3651], [9.26975,47.6493], [4.22261,41.9408], [6.15031,65.4209], [15.0344,42.3651], [6.15031,65.4209], [9.26975,47.6493], [9.26975,47.6493], [9.26975,47.6493], [9.26975,47.6493], [9.26975,47.6493], [13.2115,55.1736], [9.26975,47.6493], [8.56147,66.9612], [9.26975,47.6493], [9.26975,47.6493], [8.56147,66.9612], [20.3253,57.1176], [8.56147,66.9612], [6.15031,65.4209], [29.262,55.3766], [8.56147,66.9612], [29.262,55.3766], [29.262,55.3766], [15.0344,42.3651], [13.2115,55.1736], [8.56147,66.9612], [8.56147,66.9612], [42.8392,69.3389], [49.6682,74.6643], [44.0426,74.6828], [42.8392,69.3389], [44.0426,74.6828], [38.9787,58.411], [42.8392,69.3389], [39.1307,65.6043], [39.1307,65.6043], [39.1307,65.6043], [39.1307,65.6043], [39.1307,65.6043], [47.8771,72.5003], [47.8771,72.5003], [50.8096,57.3292], [49.6682,74.6643], [39.1307,65.6043], [44.0426,74.6828], [39.1307,65.6043], [38.9787,58.411], [47.8771,72.5003], [42.8392,69.3389], [39.1307,65.6043], [49.6682,74.6643], [42.8392,69.3389], [50.8096,57.3292], [38.9787,58.411], [38.9787,58.411], [39.1307,65.6043], [38.9787,58.411], [29.262,55.3766], [29.262,55.3766], [32.4189,67.5574], [14.2057,90.1761], [13.8036,90.1521], [16.8267,90.3321], [15.1435,90.2319], [10.9239,89.9807], [13.212,90.1169], [73.0438,88.9449], [73.0438,88.9449], [73.0438,88.9449], [73.0438,88.9449], [73.0438,88.9449], [73.0438,88.9449], [73.0438,88.9449], [32.6764,67.586], [33.3098,66.02], [38.9787,58.411], [39.1307,65.6043], [48.3784,62.5625], [42.8392,69.3389], [33.3439,49.1124], [28.7909,63.9746], [39.1307,65.6043], [38.9787,58.411], [28.7909,63.9746], [29.262,55.3766], [33.3439,49.1124], [33.3439,49.1124], [37.3508,43.3874], [29.262,55.3766], [38.9787,58.411], [37.3508,43.3874], [39.1307,65.6043], [28.7909,63.9746], [38.9787,58.411], [37.3508,43.3874], [46.2955,43.3529], [29.262,55.3766], [37.3508,43.3874], [50.8096,57.3292], [34.7387,58.4206], [34.7387,58.4206], [54.8948,51.1973], [46.2955,43.3529], [46.2955,43.3529], [53.7078,66.0118], [53.7078,66.0118], [50.8096,57.3292], [50.8096,57.3292], [48.3784,62.5625], [42.8392,69.3389], [37.3508,43.3874], [55.9735,76.3445], [42.8392,69.3389], [50.8096,57.3292], [44.0426,74.6828], [53.7078,66.0118], [53.7078,66.0118], [67.1441,58.4965], [54.8948,51.1973], [50.8096,57.3292], [54.8948,51.1973], [34.7387,58.4206], [54.8948,51.1973], [46.2955,43.3529], [46.2955,43.3529], [50.8096,57.3292], [50.8096,57.3292], [55.6367,59.8624], [69.756,59.3652], [67.3552,51.8988], [48.3784,62.5625], [53.7078,66.0118], [37.3508,43.3874], [50.8096,57.3292], [54.8948,51.1973], [54.8948,51.1973], [61.3015,45.4286], [43.55,27.1864], [58.8598,32.1546], [39.2792,32.9335], [46.2955,43.3529], [37.4752,37.1324], [43.55,27.1864], [54.8948,51.1973], [54.8948,51.1973], [51.1744,40.3605], [46.2955,43.3529], [55.6367,59.8624], [73.7061,44.5709], [61.3015,45.4286], [46.2955,43.3529], [54.8948,51.1973], [58.8598,32.1546], [54.8948,51.1973], [54.8948,51.1973], [46.2955,43.3529], [67.1441,58.4965], [69.756,59.3652], [73.7061,44.5709], [58.8598,32.1546], [73.7061,44.5709], [60.3997,29.6732], [73.7061,44.5709], [54.8948,51.1973], [67.1441,58.4965], [46.2955,43.3529], [69.756,59.3652], [61.3015,45.4286], [86.2043,41.8837], [81.9472,45.6286], [58.8598,32.1546], [81.9472,45.6286], [73.7061,44.5709], [86.2043,41.8837], [73.7061,44.5709], [69.756,59.3652], [61.3015,45.4286], [61.3015,45.4286], [60.3997,29.6732], [69.756,59.3652], [53.7078,66.0118], [53.7078,66.0118], [53.7078,66.0118], [53.7078,66.0118], [64.3578,73.0511], [67.1441,58.4965], [67.3552,51.8988], [69.756,59.3652], [55.6367,59.8624], [69.756,