{
  "instance_index": 0,
  "birth_iter": 15,
  "death_iter": 30,
  "survival_iters": 15,
  "censored": false,
  "pre_vnd_coords": [[80,20], [95.3061,6.16705], [95.3061,6.16705], [95.3061,6.16705], [95.3061,6.16705], [87.681,13.0583], [95.3072,8.27809], [85.4176,27.3299], [83.0356,44.8262], [83.0356,44.8262], [85.4176,27.3299], [83.0356,44.8262], [76.9726,52.4861], [78.8949,57.1224], [88.4308,48.1933], [76.9726,52.4861], [88.4308,48.1933], [87.3003,78.1736], [84.5583,64.803], [84.3716,61.4137], [84.5583,64.803], [84.5583,64.803], [73.2914,50.1175], [73.2914,50.1175], [67.7602,43.5547], [67.7602,43.5547], [68.933,46.3177], [68.933,46.3177], [73.2914,50.1175], [60.2829,47.127], [67.7602,43.5547], [73.2914,50.1175], [73.2914,50.1175], [68.933,46.3177], [60.2829,47.127], [73.2914,50.1175], [67.7602,43.5547], [73.2914,50.1175], [67.7602,43.5547], [68.933,46.3177], [84.3716,61.4137], [84.3716,61.4137], [84.3716,61.4137], [53.4374,25.8652], [60.119,33.6943], [49.1659,34.6038], [49.1659,34.6038], [49.1659,34.6038], [60.119,33.6943], [49.1659,34.6038], [60.119,33.6943], [60.119,33.6943], [41.4059,25.1278], [49.1659,34.6038], [60.119,33.6943], [49.1659,34.6038], [60.119,33.6943], [39.2691,22.5184], [49.1659,34.6038], [63.2236,38.8316], [63.2236,38.8316], [39.2691,22.5184], [46.472,48.7668], [35.102,38.6735], [41.4059,25.1278], [39.2691,22.5184], [44.1782,37.3117], [49.1659,34.6038], [60.119,33.6943], [35.102,38.6735], [49.1659,34.6038], [49.1659,34.6038], [46.472,48.7668], [35.102,38.6735], [44.1782,37.3117], [49.1659,34.6038], [63.2236,38.8316], [49.1659,34.6038], [63.2236,38.8316], [46.472,48.7668], [46.472,48.7668], [35.102,38.6735], [46.472,48.7668], [46.472,48.7668], [60.2829,47.127], [46.4995,57.8789], [59.0162,35.4275], [60.2829,47.127], [60.2829,47.127], [67.7602,43.5547], [67.7602,43.5547], [60.2829,47.127], [73.2914,50.1175], [60.2829,47.127], [59.0162,35.4275], [60.2829,47.127], [59.0162,35.4275], [59.0162,35.4275], [59.0162,35.4275], [60.2829,47.127], [59.0162,35.4275], [49.1659,34.6038], [78.8949,57.1224], [77.0407,51.6109], [70.1138,53.985], [69.6044,75.8447], [78.8949,57.1224], [57.8602,62.5121], [76.9726,52.4861], [72.6231,58.6774], [69.6044,75.8447], [69.6044,75.8447], [65.3311,60.8274], [55.4475,64.116], [68.6151,75.8683], [68.6151,75.8683], [55.4475,64.116], [55.4475,64.116], [76.9726,52.4861], [70.1138,53.985], [65.3311,60.8274], [57.8602,62.5121], [53.4746,65.9186], [70.1138,53.985], [47.4093,55.0189], [47.4093,55.0189], [70.1138,53.985], [60.7748,73.7046], [70.1138,53.985], [70.1138,53.985], [57.8602,62.5121], [76.9726,52.4861], [65.3311,60.8274], [53.4746,65.9186], [68.6151,75.8683], [44.436,60.4001], [60.7748,73.7046], [44.436,60.4001], [53.0229,74.5622], [50.7702,84.6164], [55.4475,64.116], [60.7748,73.7046], [55.4475,64.116], [55.4475,64.116], [53.8063,76.091], [53.4746,65.9186], [60.7748,73.7046], [69.6044,75.8447], [60.7748,73.7046], [60.7748,73.7046], [60.7748,73.7046], [53.0229,74.5622], [68.6151,75.8683], [53.4746,65.9186], [51.9587,70.8345], [51.9587,70.8345], [46.4995,57.8789], [50.1027,61.6042], [51.9587,70.8345], [51.9587,70.8345], [44.2026,80.8074], [50.1027,61.6042], [44.1968,57.5107], [51.9587,70.8345], [44.1968,57.5107], [44.4825,63.6845], [63.6027,70.542], [55.8147,68.6287], [48.4419,76.199], [48.4419,76.199], [51.9587,70.8345], [50.1027,61.6042], [55.8147,68.6287], [51.9587,70.8345], [68.933,46.3177], [44.4825,63.6845], [60.2829,47.127], [68.933,46.3177], [48.2327,49.2388], [50.1027,61.6042], [55.8147,68.6287], [44.4825,63.6845], [60.2829,47.127], [44.1968,57.5107], [60.2829,47.127], [39.5225,45.1247], [44.1968,57.5107], [39.5225,45.1247], [48.1099,51.363], [41.8533,55.5489], [31.7663,66.1442], [35.102,38.6735], [18.9257,46.4182], [29.1559,52.6558], [20.2574,52.8149], [41.8533,55.5489], [31.7663,66.1442], [24.4355,59.3704], [44.436,60.4001], [30.2937,55.5294], [41.8533,55.5489], [39.5697,53.8349], [24.4355,59.3704], [21.4422,62.0856], [31.7663,66.1442], [29.1559,52.6558], [21.4422,62.0856], [15.4015,52.438], [21.4422,62.0856], [29.2051,58.9704], [24.4355,59.3704], [21.4422,62.0856], [31.7663,66.1442], [31.7663,66.1442], [20.5532,66.8881], [24.4355,59.3704], [18.2835,53.2214], [24.4355,59.3704], [39.5697,53.8349], [15.5371,54.9769], [37.1577,54.4242], [24.4355,59.3704], [31.7663,66.1442], [27.3083,38.7943], [35.102,38.6735], [18.9257,46.4182], [23.3477,53.5132], [18.9257,46.4182], [15.5371,54.9769], [22.0674,49.4226], [18.2835,53.2214], [18.9257,46.4182], [35.102,38.6735], [18.9257,46.4182], [8.44195,58.3599], [8.4368,45.1548], [22.0674,49.4226], [22.0674,49.4226], [11.8972,46.1546], [9.56061,56.2041], [11.8972,46.1546], [25.7506,35.7384], [39.5225,45.1247], [15.9287,55.1327], [34.5616,61.9672], [11.8972,46.1546], [18.9906,70.2616], [11.8972,46.1546], [11.8972,46.1546], [11.8972,46.1546], [4.08944,51.231], [25.7506,35.7384], [19.9915,49.7031], [11.8972,46.1546], [11.7654,62.9119], [16.4171,60.5177], [18.9906,70.2616], [9.56061,56.2041], [9.56061,56.2041], [16.4171,60.5177], [13.809,71.8172], [34.5616,61.9672], [24.1122,77.5731], [16.4171,60.5177], [16.4171,60.5177], [18.9906,70.2616], [34.2333,73.087], [25.1602,69.9308], [15.9287,55.1327], [19.9915,49.7031], [21.1323,45.3499], [44.4825,63.6845], [41.8533,55.5489], [38.5792,78.9211], [50.2864,73.6469], [41.8533,55.5489], [31.7663,66.1442], [51.5077,76.0493], [50.2864,73.6469], [31.7663,66.1442], [25.5688,69.9144], [20.5532,66.8881], [13.4278,78.5915], [26.3349,66.0648], [20.5532,66.8881], [8.58509,79.868], [16.6759,63.9039], [31.7663,66.1442], [13.4278,78.5915], [6.40748,63.6045], [8.47665,60.0735], [10.7914,88.537], [8.58509,79.868], [20.5532,66.8881], [8.71894,64.7083], [8.47665,60.0735], [8.44195,58.3599], [8.71894,64.7083], [16.6759,63.9039], [8.47665,60.0735], [8.58509,79.868], [8.58509,79.868], [9.701,88.0912], [8.58509,79.868], [8.47665,60.0735], [4.72631,60.0155], [4.72631,60.0155], [4.72631,60.0155], [8.47665,60.0735], [13.4278,78.5915], [8.58509,79.868], [11.5057,91.6439], [8.58509,79.868], [11.5057,91.6439], [8.58509,79.868], [4.72631,60.0155], [15.9287,55.1327], [2.42457,70.8467], [11.7654,62.9119], [0.685042,79.0113], [16.4171,60.5177], [16.4171,60.5177], [11.7654,62.9119], [11.7654,62.9119], [2.42457,70.8467], [11.7654,62.9119], [2.42457,70.8467], [11.7654,62.9119], [2.42457,70.8467], [0.685042,79.0113], [0.685042,79.0113], [8.44195,58.3599], [4.72631,60.0155], [16.6759,63.9039], [4.72631,60.0155], [8.47665,60.0735], [4.72631,60.0155], [12.2979,90.4893], [8.47665,60.0735], [11.7654,62.9119], [11.7654,62.9119], [11.7654,62.9119], [9.56061,56.2041], [15.9287,55.1327], [9.56061,56.2041], [15.9287,55.1327], [9.56061,56.2041], [9.56061,56.2041], [15.9287,55.1327], [11.7654,62.9119], [9.56061,56.2041], [9.56061,56.2041], [9.56061,56.2041], [15.9287,55.1327], [4.08944,51.231], [15.9287,55.1327], [4.08944,51.231], [9.56061,56.2041], [9.56061,56.2041], [15.9287,55.1327], [9.56061,56.2041], [11.7654,62.9119], [19.9915,49.7031], [9.56061,56.2041], [9.56061,56.2041], [11.7654,62.9119], [9.56061,56.2041], [11.7654,62.9119], [9.56061,56.2041], [11.7654,62.9119], [25.5688,69.9144], [25.5688,69.9144], [16.4171,60.5177], [31.7663,66.1442], [35.102,38.6735], [31.7663,66.1442], [39.5225,45.1247], [37.748,30.5581], [41.4059,25.1278], [35.102,38.6735], [35.102,38.6735], [49.1659,34.6038], [44.1782,37.3117], [35.102,38.6735], [35.102,38.6735], [35.102,38.6735], [35.102,38.6735], [35.102,38.6735], [35.102,38.6735], [49.1659,34.6038], [35.102,38.6735], [21.1323,45.3499], [29.9542,20.8884], [9.12641,16.7609], [8.41332,17.1768], [8.41332,17.1768], [9.12641,16.7609], [8.41332,17.1768], [8.41332,17.1768], [11.8972,46.1546], [11.8972,46.1546], [11.8972,46.1546], [4.08944,51.231], [11.8972,46.1546], [4.08944,51.231], [11.8972,46.1546], [11.8972,46.1546], [11.8972,46.1546], [15.9287,55.1327], [4.08944,51.231], [9.56061,56.2041], [4.08944,51.231], [4.08944,51.231], [15.9287,55.1327], [9.56061,56.2041], [4.08944,51.231], [4.08944,51.231], [4.08944,51.231], [11.8972,46.1546], [11.8972,