{
  "instance_index": 0,
  "birth_iter": 9,
  "death_iter": 70,
  "survival_iters": 61,
  "censored": false,
  "pre_vnd_cost": 11266.9,
  "post_vnd_cost": 603.123,
  "pre_vnd_coords": [[80,20], [61.8648,18.9146], [67.1063,21.1998], [52.783,30.5961], [67.1063,21.1998], [67.1063,21.1998], [50.1808,24.4006], [47.8828,26.0727], [67.1063,21.1998], [64.9425,39.9246], [52.783,30.5961], [67.1063,21.1998], [64.9425,39.9246], [83.5748,42.1707], [93.5601,20.5543], [80.8174,33.012], [83.5748,42.1707], [83.5748,42.1707], [94.7007,52.7616], [94.7007,52.7616], [91.2789,63.3502], [91.2789,63.3502], [76.8792,51.2585], [94.7007,52.7616], [80.5744,60.746], [74.7407,56.001], [91.2789,63.3502], [91.2789,63.3502], [91.2789,63.3502], [33.908,91.8271], [34.0343,87.6388], [17.1552,58.1299], [17.1552,58.1299], [17.1552,58.1299], [17.1552,58.1299], [7.98949,52.7444], [9.69679,53.0887], [1.24468,55.9648], [5.17137,48.4796], [5.17137,48.4796], [1.24468,55.9648], [0.292622,57.7718], [0.292622,57.7718], [4.1078,63.4014], [9.54846,69.9957], [11.2979,58.2594], [9.54846,69.9957], [0.292622,57.7718], [9.54846,69.9957], [0.292622,57.7718], [9.54846,69.9957], [12.5954,67.5867], [12.5954,67.5867], [17.3387,57.1542], [9.54846,69.9957], [8.90216,65.3495], [-0.274136,77.1454], [9.54846,69.9957], [4.1078,63.4014], [9.54846,69.9957], [6.99068,78.1649], [9.54846,69.9957], [4.18824,61.1072], [4.18824,61.1072], [4.18824,61.1072], [-0.274136,77.1454], [9.54846,69.9957], [-0.274136,77.1454], [9.54846,69.9957], [8.90216,65.3495], [-0.274136,77.1454], [-0.274136,77.1454], [6.99068,78.1649], [6.99068,78.1649], [16.9108,77.5327], [33.1443,93.3339], [47.2443,94.2417], [33.312,86.8047], [33.1443,93.3339], [29.8588,88.6255], [18.2424,95.9273], [19.2479,90.5378], [28.3921,102.608], [31.4472,96.6238], [31.4472,96.6238], [28.3921,102.608], [31.4472,96.6238], [19.2479,90.5378], [30.3646,92.9937], [11.0853,87.5771], [18.2424,95.9273], [19.2479,90.5378], [18.2424,95.9273], [28.3921,102.608], [19.2479,90.5378], [33.1443,93.3339], [28.3921,102.608], [31.4472,96.6238], [31.4472,96.6238], [19.2479,90.5378], [31.4472,96.6238], [33.1443,93.3339], [44.1536,91.9571], [33.1443,93.3339], [31.4472,96.6238], [28.3921,102.608], [31.4472,96.6238], [35.8473,76.911], [44.1536,91.9571], [47.2443,94.2417], [31.4472,96.6238], [41.3586,83.6463], [33.1443,93.3339], [48.867,90.4528], [47.2443,94.2417], [47.2443,94.2417], [37.8846,89.6883], [31.4472,96.6238], [58.1511,97.5383], [44.1536,91.9571], [47.2443,94.2417], [33.1443,93.3339], [47.2443,94.2417], [47.2443,94.2417], [51.5052,89.7536], [44.1536,91.9571], [57.1747,95.2224], [47.2443,94.2417], [47.2443,94.2417], [51.5052,89.7536], [47.2443,94.2417], [58.4312,102.332], [55.1901,106.19], [58.4312,102.332], [69.19,95.5712], [57.1747,95.2224], [57.1747,95.2224], [55.1901,106.19], [44.6824,84.3307], [48.867,90.4528], [48.867,90.4528], [44.1536,91.9571], [53.2054,83.1892], [58.1511,97.5383], [48.867,90.4528], [57.1747,95.2224], [59.7143,89.1092], [67.0312,83.7016], [47.2443,94.2417], [53.2054,83.1892], [30.3646,92.9937], [41.3586,83.6463], [47.2443,94.2417], [58.1511,97.5383], [33.1443,93.3339], [37.8846,89.6883], [31.4472,96.6238], [44.1536,91.9571], [44.6824,84.3307], [28.3921,102.608], [44.6824,84.3307], [44.1536,91.9571], [35.8473,76.911], [41.3586,83.6463], [47.2443,94.2417], [57.1747,95.2224], [51.5052,89.7536], [54.2112,75.4509], [54.2112,75.4509], [37.8846,89.6883], [37.8846,89.6883], [54.2112,75.4509], [48.867,90.4528], [44.6824,84.3307], [41.3586,83.6463], [40.9427,87.3723], [38.4382,79.7404], [44.6824,84.3307], [44.6824,84.3307], [56.4051,68.3593], [54.2112,75.4509], [43.9641,70.9897], [37.0632,60.168], [37.8846,89.6883], [44.6824,84.3307], [40.9427,87.3723], [41.3586,83.6463], [53.2054,83.1892], [54.2112,75.4509], [44.6824,84.3307], [44.6824,84.3307], [54.2112,75.4509], [53.2054,83.1892], [54.2112,75.4509], [53.2054,83.1892], [62.437,68.2861], [53.2054,83.1892], [56.4051,68.3593], [51.5052,89.7536], [59.7714,72.5566], [48.4135,66.5536], [59.7714,72.5566], [48.4135,66.5536], [55.3815,58.2991], [67.0312,83.7016], [56.4051,68.3593], [48.4135,66.5536], [55.3815,58.2991], [54.9911,62.7875], [48.6843,60.6707], [48.4135,66.5536], [48.6843,60.6707], [61.2557,75.8226], [54.2112,75.4509], [54.2112,75.4509], [48.6843,60.6707], [35.836,71.1858], [37.7026,57.0512], [54.9911,62.7875], [43.3984,51.3794], [37.0632,60.168], [43.9641,70.9897], [37.7026,57.0512], [54.9911,62.7875], [43.9641,70.9897], [55.3815,58.2991], [43.9641,70.9897], [55.3815,58.2991], [37.0632,60.168], [37.0632,60.168], [43.9641,70.9897], [43.9641,70.9897], [37.0632,60.168], [43.3984,51.3794], [43.9641,70.9897], [32.707,63.9725], [43.9641,70.9897], [43.9641,70.9897], [20.2623,63.0215], [32.707,63.9725], [22.3529,68.8067], [32.707,63.9725], [39.2256,52.6402], [25.8292,65.2756], [25.8292,65.2756], [30.0334,58.3563], [27.5163,72.5758], [26.3915,78.0842], [43.9641,70.9897], [30.0334,58.3563], [17.3387,57.1542], [25.8292,65.2756], [30.0334,58.3563], [22.3529,68.8067], [24.396,50.6878], [24.396,50.6878], [39.2256,52.6402], [22.3529,68.8067], [24.396,50.6878], [43.9641,70.9897], [19.5703,55.4641], [43.3984,51.3794], [27.0356,38.2748], [23.3369,57.7596], [20.2623,63.0215], [37.7026,57.0512], [37.0632,60.168], [30.0334,58.3563], [19.5703,55.4641], [27.0356,38.2748], [24.396,50.6878], [27.0356,38.2748], [43.0664,45.4617], [39.2256,52.6402], [52.37,40.1395], [39.2573,44.4333], [50.3569,53.0418], [37.7026,57.0512], [27.0356,38.2748], [39.2573,44.4333], [39.2256,52.6402], [43.3984,51.3794], [39.2573,44.4333], [43.3984,51.3794], [39.2573,44.4333], [55.1766,43.8708], [52.37,40.1395], [39.2256,52.6402], [43.3984,51.3794], [52.37,40.1395], [50.3569,53.0418], [39.2573,44.4333], [52.783,30.5961], [52.37,40.1395], [47.8828,26.0727], [50.1808,24.4006], [62.3724,34.407], [50.7639,37.2868], [42.8087,21.9925], [52.783,30.5961], [52.783,30.5961], [62.3724,34.407], [52.37,40.1395], [52.783,30.5961], [55.1766,43.8708], [50.1808,24.4006], [55.1766,43.8708], [52.37,40.1395], [43.3984,51.3794], [52.37,40.1395], [43.0664,45.4617], [54.9911,62.7875], [52.37,40.1395], [50.7639,37.2868], [39.2256,52.6402], [39.2573,44.4333], [52.37,40.1395], [52.37,40.1395], [39.2256,52.6402], [50.3569,53.0418], [43.0664,45.4617], [48.6843,60.6707], [52.37,40.1395], [37.0632,60.168], [39.2256,52.6402], [30.0334,58.3563], [50.3569,53.0418], [43.3984,51.3794], [43.3984,51.3794], [52.37,40.1395], [48.6843,60.6707], [58.8423,51.086], [69.2058,58.789], [62.437,68.2861], [69.2058,58.789], [55.3815,58.2991], [66.295,71.4436], [55.3815,58.2991], [75.0533,67.0566], [59.7714,72.5566], [74.7407,56.001], [73.9084,75.8055], [76.8792,51.2585], [67.6138,48.8694], [54.9911,62.7875], [67.6138,48.8694], [52.5239,54.9843], [58.8423,51.086], [58.8423,51.086], [58.8423,51.086], [69.2058,58.789], [50.3569,53.0418], [74.7407,56.001], [48.6843,60.6707], [54.9911,62.7875], [55.3815,58.2991], [55.3815,58.2991], [64.9425,39.9246], [67.6138,48.8694], [67.6138,48.8694], [74.7407,56.001], [67.6138,48.8694], [64.9425,39.9246], [76.8792,51.2585], [55.1766,43.8708], [67.6138,48.8694], [52.783,30.5961], [55.1766,43.8708], [50.7639,37.2868], [50.3569,53.0418], [52.37,40.1395], [52.37,40.1395], [55.1766,43.8708], [50.3569,53.0418], [52.783,30.5961], [67.6138,48.8694], [55.1766,43.8708], [67.6138,48.8694], [55.1766,43.8708], [67.6138,48.8694], [67.6138,48.8694], [64.9425,39.9246], [67.6138,48.8694], [74.7407,56.001], [76.8792,51.2585], [76.8792,51.2585], [83.5748,42.1707], [80.8174,33.012], [80.5744,60.746], [74.7407,56.001], [80.5744,60.746], [80.5744,60.746], [74.7407,56.001], [80.5744,60.746], [80.5744,60.746], [76.8792,51.2585], [69.2058,58.789], [74.7407,56.001], [75.0533,67.0566], [74.7407,56.001], [75.0533,67.0566], [66.295,71.4436], [73.9084,75.8055], [75.0533,67.0566], [80.5744,60.746], [77.6122,86.3275], [77.6122,86.3275], [77.6122,86.3275], [73.8707,91.3762], [67.9636,87.5267], [59.7714,72.5566], [67.0312,83.7016], [61.2557,75.8226], [66.295,71.4436], [77.6122,86.3275], [77.9772,96.8628], 