{
  "instance_index": 0,
  "birth_iter": 12,
  "death_iter": 50,
  "survival_iters": 38,
  "censored": false,
  "pre_vnd_cost": 10571.4,
  "post_vnd_cost": 539.236,
  "pre_vnd_coords": [[80,20], [85.7176,25.6296], [84.0201,51.0076], [71.6476,45.0076], [72.7936,53.6139], [84.6617,59.4801], [72.7936,53.6139], [71.6476,45.0076], [78.9679,54.6284], [78.9679,54.6284], [72.7936,53.6139], [84.6617,59.4801], [78.9679,54.6284], [91.6485,50.5887], [91.6485,50.5887], [65.3949,81.1322], [53.997,89.1103], [32.2552,94.5673], [50.6545,88.3212], [57.2873,85.6942], [54.0839,87.0206], [48.6628,89.0532], [29.7781,92.3039], [66.2316,87.9136], [56.3162,86.0963], [38.2402,70.218], [46.8014,63.8951], [48.484,66.6065], [41.9868,74.5992], [41.7807,53.6747], [55.8482,86.2901], [54.8198,86.7159], [27.7478,83.8883], [50.63,88.3302], [26.7248,89.8688], [29.6236,92.1806], [29.747,94.0866], [18.8226,91.993], [27.2661,84.2367], [28.1895,91.0369], [31.8234,93.935], [30.7049,94.2702], [27.7262,90.6674], [26.9571,90.0541], [31.2344,94.3717], [30.5456,92.9159], [31.6394,93.7882], [27.6686,93.6883], [28.7391,93.8935], [26.1547,89.4142], [25.5904,88.9641], [32.1374,94.1854], [30.0779,92.543], [30.8394,93.1503], [30.0718,94.1489], [29.4091,94.0219], [27.9533,90.8486], [32.0045,94.5193], [32.5093,94.482], [24.1582,87.8219], [30.226,92.6611], [32.3161,94.3279], [25.8522,89.1729], [28.8774,91.5855], [17.6188,91.7623], [15.0463,91.2693], [27.4428,90.4415], [32.4717,94.6088], [10.8111,90.4576], [24.2694,93.0369], [21.7491,92.5539], [10.8058,90.4566], [24.9704,88.4697], [19.9921,92.2171], [22.1588,92.6324], [10.8145,90.4582], [8.76634,85.957], [0.0775415,91.7049], [6.84295,94.8279], [14.6783,90.3572], [0.0775415,91.7049], [0.0775415,91.7049], [0.0775415,91.7049], [9.99415,100.373], [-0.352778,83.9099], [8.76634,85.957], [4.8894,75.9169], [12.8975,79.8085], [8.76634,85.957], [0.0775415,91.7049], [8.76634,85.957], [0.0775415,91.7049], [-0.352778,83.9099], [0.0775415,91.7049], [-0.352778,83.9099], [8.76634,85.957], [8.76634,85.957], [9.99415,100.373], [17.8648,93.3278], [8.76634,85.957], [-0.352778,83.9099], [0.0775415,91.7049], [9.99415,100.373], [-0.352778,83.9099], [-0.352778,83.9099], [-0.352778,83.9099], [17.8648,93.3278], [5.40866,70.5157], [8.76634,85.957], [4.8894,75.9169], [-0.352778,83.9099], [-0.352778,83.9099], [12.8975,79.8085], [8.76634,85.957], [-0.352778,83.9099], [4.8894,75.9169], [-0.352778,83.9099], [8.76634,85.957], [14.6783,90.3572], [20.0932,69.8722], [8.76634,85.957], [8.76634,85.957], [8.76634,85.957], [10.0114,72.9164], [8.46885,74.4673], [9.57256,60.3537], [8.54511,68.4766], [8.33854,70.1097], [10.1241,72.1004], [14.9538,77.9227], [17.3168,74.8599], [17.0303,62.2249], [17.7507,74.2975], [16.1466,54.111], [9.39421,61.7638], [8.59441,68.0869], [12.3822,68.8714], [14.9102,77.9793], [8.98743,64.9797], [14.141,66.3564], [12.4622,54.5823], [17.5,64.1082], [13.4357,67.3649], [17.4187,63.0219], [13.901,66.6996], [9.34102,62.1843], [17.8131,68.2919], [28.1867,83.571], [42.2676,42.1443], [30.6313,52.9645], [29.1342,41.1029], [29.1342,41.1029], [38.5584,47.2508], [41.7807,53.6747], [23.5171,47.3286], [41.7807,53.6747], [42.2676,42.1443], [19.6298,27.04], [10.5697,33.9441], [21.2134,34.1591], [21.2134,34.1591], [16.9224,45.5545], [19.6382,48.4711], [12.1578,69.1922], [16.7777,62.5861], [18.8052,49.8165], [13.9012,54.3982], [13.4449,54.4566], [14.844,65.3511], [17.3741,62.4254], [9.98687,57.0783], [13.6766,67.0204], [10.461,54.8383], [9.07786,64.2648], [9.90786,57.7029], [8.23562,70.9234], [8.3772,69.8041], [9.137,73.5119], [8.30121,70.4049], [10.4127,54.8445], [8.0454,72.4272], [7.75265,74.7416], [8.81105,66.3742], [8.67891,67.4189], [12.588,68.5771], [9.53249,72.9464], [17.8612,68.9351], [17.5237,74.5918], [10.5529,54.8265], [7.97722,72.9662], [12.9887,68.0041], [8.16869,71.4525], [7.83127,74.1201], [11.4009,70.2745], [8.63397,67.7741], [8.94029,73.7932], [7.90388,73.546], [9.50914,60.8552], [8.41494,69.5058], [8.72272,67.0725], [10.5309,54.8293], [8.49994,68.8337], [10.1978,55.411], [10.3143,54.857], [9.84147,58.2277], [10.386,54.8479], [9.63775,59.8383], [10.1352,55.9055], [10.0629,56.4772], [18.3862,50.9174], [4.8894,75.9169], [7.89284,50.7903], [15.8607,52.8035], [15.8607,52.8035], [7.89284,50.7903], [4.8894,75.9169], [10.0114,72.9164], [8.76634,85.957], [4.8894,75.9169], [8.76634,85.957], [8.76634,85.957], [8.76634,85.957], [-0.352778,83.9099], [-0.352778,83.9099], [8.76634,85.957], [12.8975,79.8085], [6.84295,94.8279], [8.76634,85.957], [8.76634,85.957], [8.76634,85.957], [4.8894,75.9169], [4.8894,75.9169], [15.0515,65.0544], [11.1597,70.6195], [10.3192,71.8214], [0.0775415,91.7049], [4.8894,75.9169], [4.8894,75.9169], [14.6783,90.3572], [12.8975,79.8085], [4.8894,75.9169], [12.8975,79.8085], [12.8975,79.8085], [14.6783,90.3572], [12.8975,79.8085], [12.8975,79.8085], [8.76634,85.957], [15.8607,52.8035], [12.8975,79.8085], [9.09439,49.1037], [23.5171,47.3286], [30.6313,52.9645], [46.1515,52.7916], [19.9787,47.9211], [39.9543,40.1917], [40.9005,43.2152], [43.1033,47.5861], [39.894,40.828], [49.9155,47.5523], [39.929,40.911], [49.189,46.9831], [39.6662,40.2878], [46.8014,63.8951], [29.1342,41.1029], [48.484,66.6065], [29.1342,41.1029], [42.2676,42.1443], [42.2676,42.1443], [42.2676,42.1443], [31.356,33.6775], [29.1342,41.1029], [44.0917,45.0729], [44.0917,45.0729], [42.2676,42.1443], [29.1342,41.1029], [31.356,33.6775], [31.356,33.6775], [29.1342,41.1029], [42.2676,42.1443], [31.356,33.6775], [38.5584,47.2508], [46.2818,33.0764], [64.6975,43.5914], [38.5584,47.2508], [53.6858,45.0828], [38.5584,47.2508], [53.6858,45.0828], [58.749,56.1843], [64.6975,43.5914], [58.749,56.1843], [67.987,48.9066], [54.529,38.7865], [58.749,56.1843], [64.6975,43.5914], [55.4235,51.7403], [71.6476,45.0076], [71.6476,45.0076], [71.6476,45.0076], [64.6975,43.5914], [61.7326,27.1537], [56.8468,41.3242], [57.6921,35.3738], [62.412,25.7716], [58.094,42.045], [58.6403,42.3607], [56.3185,41.0189], [60.4672,43.4166], [56.0388,40.8572], [58.9229,42.5241], [56.5632,41.1603], [58.0214,34.7037], [60.1698,30.3331], [55.4896,40.5398], [61.4237,43.9694], [58.7669,33.1872], [56.8439,37.0993], [62.0057,26.5983], [56.1144,38.5833], [59.0598,32.5914], [55.7468,40.6884], [62.3502,44.5048], [57.3122,41.5932], [59.6953,31.2984], [16.0672,44.9188], [55.2272,40.3882], [15.7206,29.173], [19.968,16.7489], [13.8796,18.5037], [13.8796,18.5037], [7.53837,36.7378], [0.0746552,22.2914], [19.6298,27.04], [7.59993,5.748], [10.5697,33.9441], [13.8796,18.5037], [0.0746552,22.2914], [19.6298,27.04], [13.8796,18.5037], [13.8796,18.5037], [19.6298,27.04], [10.5697,33.9441], [0.0746552,22.2914], [10.5697,33.9441], [4.84819,32.0661], [-1.27791,12.6039], [0.0746552,22.2914], [4.84819,32.0661], [0.0746552,22.2914], [13.8796,18.5037], [13.8796,18.5037], [10.5697,33.9441], [19.968,16.7489], [-1.27791,12.6039], [7.59993,5.748], [-1.27791,12.6039], [7.59993,5.748], [-1.27791,12.6039], [7.59993,5.748], [7.59993,5.748], [19.968,16.7489], [9.94171,37.1567], [14.8878,36.3559], [9.87773,40.3175], [9.55431,40.0771], [9.56367,37.2179], [11.9756,41.8771], [11.4192,41.4634], [10.2897,54.8602], [9.55431,40.0771], [10.4833,54.8354], [10.4642,37.0721], [5.53965,53.8979], [16.2868,40.4241], [5.53965,53.8979], [5.53965,53.8979], [9.09439,49.1037], [7.89284,50.7903], [11.4954,43.8765], [15.8607,52.8035], [11.4954,43.8765], [11.4954,43.8765], [9.09439,49.1037], [11.4954,43.8765], [18.3862,50.9174], [15.2683,44.6692], [30.6313,52.9645], [15.8607,52.8035], [23.5171,47.3286], [29.1342,41.1029], [10.5697,33.9441], [30.6313,52.9645], [18.3862,50.9174], [9.09439,49.1037], [15.2683,44.6692], [18.3862,50.9174], [29.1342,41.1029], [18.3862,50.9174], [23.5171,47.3286], [15.2683,44.6692], [29.1342,41.1029], [29.1342,41.1029], [29.1342,41.1029], [29.1342,41.1029], [21.2134,34.1591], [15.6683,36.2295], [15.7075,30.9376], [14.0598,36.49], [15.6827,34.2773], [10.7647,37.0235], [11.6621,36.8782], [15.1277,36.3171], [10.197,37.1154], [11.0029,41.154], [10.7348,40.9547], 