{
  "instance_index": 0,
  "birth_iter": 17,
  "death_iter": 40,
  "survival_iters": 23,
  "censored": false,
  "pre_vnd_cost": 10325.6,
  "post_vnd_cost": 576.907,
  "pre_vnd_coords": [[80,20], [90.5585,19.1487], [90.5585,19.1487], [90.5585,19.1487], [74.6062,-0.181057], [90.5585,19.1487], [90.5585,19.1487], [56.3886,7.37822], [74.6062,-0.181057], [46.7252,37.4851], [28.4784,40.9138], [36.0304,54.3157], [25.309,43.5993], [9.8099,44.01], [25.309,43.5993], [34.3964,44.678], [34.4536,47.8896], [34.3964,44.678], [26.8461,58.4185], [34.3169,45.048], [26.1384,58.0985], [29.0364,59.4091], [29.0364,59.4091], [34.2938,45.1556], [33.9879,58.2071], [43.1311,59.2991], [26.1384,58.0985], [34.3057,45.1001], [38.5257,55.8793], [34.3964,44.678], [34.3606,44.8444], [37.6187,55.9836], [34.4432,45.0797], [34.3964,44.678], [52.6565,43.5432], [34.3964,44.678], [38.1928,55.632], [34.5864,45.0068], [34.4679,44.542], [34.3964,44.678], [50.6228,51.7072], [34.3281,44.9958], [64.8609,44.4628], [64.2888,44.5891], [62.2176,45.0465], [61.7253,45.1552], [53.9738,41.3225], [53.7366,41.2417], [54.625,41.5445], [50.6963,51.4119], [86.3828,39.7131], [86.2302,42.2501], [86.3157,40.8285], [69.1537,43.5151], [67.4664,43.8877], [86.0861,44.642], [83.1443,52.5215], [81.7699,53.2461], [82.5005,40.5696], [83.5431,52.3112], [83.9331,52.1056], [82.7329,52.7384], [85.692,51.1782], [82.2695,52.9827], [77.7696,56.0339], [80.572,53.8778], [84.3294,51.8967], [85.1829,51.4467], [81.1703,53.5623], [68.4866,43.6625], [79.2054,54.8173], [69.5441,43.4289], [78.4992,55.4157], [71.7994,42.9308], [70.6042,43.1948], [73.0199,42.6613], [78.0533,41.5506], [60.1211,45.5095], [59.7397,45.5938], [55.4324,41.8198], [73.6515,42.5219], [63.7644,44.7049], [74.2821,42.3826], [54.9038,41.6396], [57.0457,44.3366], [53.5039,41.1623], [62.7293,44.9335], [70.9394,43.1208], [63.2194,44.8253], [54.1914,41.3967], [54.4116,41.4718], [58.4701,45.8741], [55.1592,41.7267], [56.1046,42.8685], [50.4509,52.3972], [50.3036,52.9883], [51.2929,49.0171], [51.8994,46.5826], [50.1453,53.6239], [34.3964,44.678], [52.2461,45.1907], [32.1113,58.6658], [36.767,56.5052], [34.3963,44.678], [34.3963,44.678], [37.0333,56.3421], [26.8529,57.5231], [36.4504,56.6991], [34.3331,50.505], [40.5337,57.3703], [34.3837,49.4056], [43.6859,74.927], [34.3715,44.7939], [31.134,58.9021], [33.3349,58.3699], [34.2856,51.5356], [32.556,58.5582], [41.1939,57.8605], [34.3831,44.7397], [34.3497,44.8954], [32.9851,58.4545], [37.3257,56.163], [47.2373,62.3481], [30.1284,59.1452], [41.8437,58.3431], [49.274,57.1214], [47.4458,62.503], [39.9692,56.951], [33.6649,58.2901], [49.4936,56.2401], [47.6579,62.6605], [46.8421,62.0547], [44.8582,60.5815], [42.4943,58.8261], [46.0097,78.8568], [52.9783,75.0134], [47.0471,62.2069], [46.9275,77.9098], [45.47,79.4136], [46.8518,77.8583], [35.4393,57.3183], [33.9747,58.2151], [34.5924,57.8369], [34.0436,58.1729], [37.8937,55.8152], [35.7663,57.118], [34.8359,57.6877], [34.0014,58.1988], [31.6253,58.7833], [30.6239,59.0254], [27.4305,57.0579], [32.246,53.179], [34.0153,58.1903], [34.0292,58.1818], [35.0879,57.5334], [34.0571,58.1647], [28.0372,56.5694], [34.1853,58.0862], [43.7491,74.9235], [34.3861,57.9632], [22.6116,84.368], [22.4068,84.5939], [43.3686,75.4858], [38.2693,86.8407], [41.3661,79.4784], [50.1806,100.588], [50.3507,92.0385], [37.1952,97.3118], [31.5638,86.7639], [27.9711,82.3347], [29.1884,89.2021], [34.0066,74.6324], [32.1712,93.6267], [27.9711,82.3347], [39.0777,89.5888], [27.9711,82.3347], [37.1952,97.3118], [29.1884,89.2021], [28.4829,97.8407], [29.1884,89.2021], [32.1712,93.6267], [32.1712,93.6267], [32.1712,93.6267], [39.0777,89.5888], [22.758,97.9689], [32.1712,93.6267], [21.1407,84.9422], [31.5638,86.7639], [32.1712,93.6267], [21.1407,84.9422], [37.1952,97.3118], [41.688,88.1434], [40.1866,104.721], [32.1712,93.6267], [37.1952,97.3118], [32.1712,93.6267], [41.688,88.1434], [37.1952,97.3118], [41.688,88.1434], [50.1806,100.588], [50.3507,92.0385], [27.9711,82.3347], [40.7009,99.8593], [43.7787,84.724], [31.5638,86.7639], [43.7787,84.724], [46.4963,86.7892], [41.688,88.1434], [50.1806,100.588], [40.1866,104.721], [56.4931,94.6952], [37.1952,97.3118], [29.1884,89.2021], [51.9202,80.0271], [40.1866,104.721], [56.4931,94.6952], [63.5258,93.3324], [50.1806,100.588], [56.4931,94.6952], [50.1806,100.588], [56.4931,94.6952], [50.1806,100.588], [63.5258,93.3324], [56.4931,94.6952], [56.4931,94.6952], [50.1806,100.588], [50.9285,86.1895], [32.1712,93.6267], [50.1806,100.588], [50.9285,86.1895], [50.1806,100.588], [40.7009,99.8593], [56.4931,94.6952], [56.4931,94.6952], [50.1806,100.588], [40.7009,99.8593], [39.0777,89.5888], [37.1952,97.3118], [37.1952,97.3118], [40.7009,99.8593], [37.1952,97.3118], [28.4829,97.8407], [32.1712,93.6267], [20.44,100.524], [32.1712,93.6267], [40.1866,104.721], [40.1866,104.721], [21.1407,84.9422], [40.7009,99.8593], [27.9711,82.3347], [9.00584,93.74], [20.44,100.524], [20.44,100.524], [20.44,100.524], [22.758,97.9689], [43.7787,84.724], [29.1884,89.2021], [18.4223,92.2202], [28.4829,97.8407], [21.1407,84.9422], [21.1407,84.9422], [32.1712,93.6267], [22.758,97.9689], [18.4223,92.2202], [41.688,88.1434], [18.4223,92.2202], [9.00584,93.74], [18.4223,92.2202], [9.00584,93.74], [29.1884,89.2021], [29.1884,89.2021], [22.758,97.9689], [18.4223,92.2202], [20.44,100.524], [9.00584,93.74], [4.91274,100.387], [3.24383,88.7263], [4.91274,100.387], [9.00584,93.74], [22.758,97.9689], [9.00584,93.74], [18.4223,92.2202], [20.44,100.524], [22.758,97.9689], [22.758,97.9689], [22.758,97.9689], [22.758,97.9689], [20.44,100.524], [20.44,100.524], [32.1712,93.6267], [37.1952,97.3118], [4.91274,100.387], [22.758,97.9689], [3.24383,88.7263], [3.24383,88.7263], [3.24383,88.7263], [22.758,97.9689], [4.91274,100.387], [3.24383,88.7263], [3.24383,88.7263], [4.91274,100.387], [3.24383,88.7263], [22.758,97.9689], [9.00584,93.74], [4.91274,100.387], [3.24383,88.7263], [45.6465,79.2315], [39.5896,85.4787], [60.6059,85.2464], [44.7766,80.1289], [60.1511,85.0199], [40.2348,84.8134], [57.7908,83.5422], [46.7187,77.7676], [47.8746,74.6979], [42.5531,82.4224], [46.9275,77.9098], [46.7329,78.1107], [41.4775,83.5318], [45.1345,79.7597], [44.8901,80.0119], [39.0369,86.0489], [55.5923,79.3194], [46.9275,77.9098], [54.7609,77.7222], [44.6646,80.2445], [43.1829,81.7728], [53.6541,75.5966], [59.7228,84.8067], [61.0729,85.479], [62.5184,86.1988], [73.8951,90.2053], [59.0259,84.4596], [58.0034,83.9504], [55.4594,79.0641], [63.691,86.6118], [57.5709,83.1197], [73.8951,90.2053], [67.076,87.804], [64.2839,86.8206], [71.8222,89.4754], [72.604,89.7507], [67.379,87.9107], [73.8951,90.2053], [70.2633,88.9264], [71.4425,89.3416], [73.8951,90.2053], [68.7015,71.6404], [69.2032,88.553], [64.824,87.0108], [69.4923,88.6549], [53.8913,76.052], [68.8406,71.734], [66.4647,87.5887], [68.6102,88.3442], [73.8951,90.2053], [68.3056,88.237], [66.7973,87.7058], [73.0272,89.8997], [68.9147,88.4515], [67.6893,88.0199], [70.6567,89.0649], [68.001,88.1297], [71.0524,89.2042], [73.8951,90.2053], [66.184,87.4898], [73.8951,90.2053], [77.7388,89.2412], [73.4862,90.0613], [73.8951,90.2053], [75.044,89.9172], [73.8951,90.2053], [84.6019,82.3504], [72.2184,89.6149], [80.5543,88.5349], [73.8951,90.2053], [84.9039,82.5538], [85.1828,82.7417], [82.0512,87.0935], [85.8561,83.4289], [81.4407,87.6814], [85.4731,82.9373], [84.2697,82.1266], [85.9989,83.2914], [82.3586,80.8395], [79.7467,79.0802], [85.9989,83.2914], [85.696,83.5831], [76.9688,56.7125], [77.103,77.2995], [78.2032,78.0406], [75.515,76.2299], [80.9066,79.8615], [70.3218,64.6814], [85.721,83.1042], [68.6016,71.1155], [66.6308,87.6472], [68.6733,70.412], [72.2946,74.0607], [65.6355,87.2967], [68.5579,71.5437], [54.5495,77.3162], [55.2891,78.7369], [69.8138,88.7681], [61.5383,85.7108], [56.0773,80.2511], [69.274,66.2989], [57.3202,82.6383], [56.2679,80.6173], [69.8278,65.444], [46.9275,77.9098], [54.9608,78.1063], [68.5579,71.5437], [55.129,78.4294], [56.8505,81.7363], [54.3271,76.889], [47.8573,62.8086], 