{
  "instance_index": 0,
  "birth_iter": 5,
  "death_iter": 60,
  "survival_iters": 55,
  "censored": false,
  "pre_vnd_cost": 12300.6,
  "post_vnd_cost": 609.499,
  "pre_vnd_coords": [[80,20], [62.5898,17.9314], [72.2994,5.84049], [91.6275,3.68333], [62.7524,31.5118], [48.7157,31.3825], [59.7328,38.3406], [48.7157,31.3825], [62.7524,31.5118], [48.7157,31.3825], [48.7157,31.3825], [48.7157,31.3825], [48.7157,31.3825], [44.8387,28.8653], [49.2307,44.3775], [53.2477,40.3654], [49.2307,44.3775], [37.6449,69.1193], [39.7187,65.1233], [34.7125,65.9126], [34.7125,65.9126], [34.7125,65.9126], [34.7125,65.9126], [48.6168,77.6824], [46.4286,83.039], [33.8315,90.0848], [33.8315,90.0848], [41.2127,91.1771], [23.295,88.7307], [17.809,96.4431], [5.03005,94.0847], [21.9799,100.153], [5.03005,94.0847], [21.9799,100.153], [5.03005,94.0847], [5.03005,94.0847], [23.9247,98.599], [23.9247,98.599], [21.9799,100.153], [23.9247,98.599], [23.9247,98.599], [5.03005,94.0847], [22.2236,81.648], [23.9247,98.599], [23.295,88.7307], [16.2909,108.524], [27.1646,95.3624], [21.9799,100.153], [27.1646,95.3624], [21.9799,100.153], [16.2909,108.524], [27.1646,95.3624], [27.1646,95.3624], [34.0524,102.037], [49.1168,104.942], [34.0524,102.037], [27.1646,95.3624], [34.0524,102.037], [56.021,89.0955], [54.091,96.6227], [50.5536,92.3022], [63.4277,104.545], [57.1814,103.674], [54.091,96.6227], [62.3217,88.6682], [56.0023,81.0526], [56.021,89.0955], [62.3217,88.6682], [62.3217,88.6682], [63.4277,104.545], [42.6249,104.432], [40.3049,107.732], [27.1646,95.3624], [23.295,88.7307], [33.8315,90.0848], [49.4309,85.2673], [49.4309,85.2673], [40.7281,96.7033], [40.7281,96.7033], [50.5536,92.3022], [36.1444,97.5867], [52.3866,85.5845], [50.5536,92.3022], [53.4883,87.7917], [50.5536,92.3022], [56.021,89.0955], [50.5536,92.3022], [49.4309,85.2673], [56.3584,68.3505], [52.3866,85.5845], [46.8791,90.3688], [62.3217,88.6682], [56.7807,74.2715], [62.8577,73.4214], [56.7807,74.2715], [56.7807,74.2715], [55.8272,84.2272], [61.3343,81.5665], [60.9378,82.9874], [55.8272,84.2272], [62.8577,73.4214], [52.7165,93.1374], [48.8597,90.6522], [48.8597,90.6522], [57.4549,91.6895], [48.8597,90.6522], [52.7165,93.1374], [44.1773,100.042], [52.7165,93.1374], [33.8315,90.0848], [33.8315,90.0848], [49.1168,104.942], [33.8315,90.0848], [48.3506,101.459], [48.8597,90.6522], [57.4549,91.6895], [48.3506,101.459], [52.7165,93.1374], [40.7281,96.7033], [40.7281,96.7033], [50.5536,92.3022], [36.1444,97.5867], [26.4972,98.8014], [40.3049,107.732], [30.5796,87.2864], [40.7281,96.7033], [23.295,88.7307], [22.5771,83.9464], [23.295,88.7307], [33.8315,90.0848], [34.0524,102.037], [27.1646,95.3624], [34.0524,102.037], [23.295,88.7307], [23.9247,98.599], [33.8315,90.0848], [23.295,88.7307], [40.7281,96.7033], [54.091,96.6227], [68.6562,98.5278], [82.7982,106.228], [82.7982,106.228], [56.2783,93.5951], [74.7804,89.1863], [73.759,103.519], [63.4277,104.545], [74.7804,89.1863], [74.7804,89.1863], [56.2783,93.5951], [81.8206,85.6616], [56.021,89.0955], [42.6249,104.432], [61.1779,79.8522], [57.1814,103.674], [56.2783,93.5951], [56.021,89.0955], [56.2783,93.5951], [50.5536,92.3022], [62.3217,88.6682], [56.021,89.0955], [56.0023,81.0526], [61.1779,79.8522], [68.3632,76.6038], [56.021,89.0955], [56.0023,81.0526], [62.3217,88.6682], [61.1779,79.8522], [68.3632,76.6038], [69.4095,78.5001], [45.8121,47.1056], [72.6706,44.7507], [54.7198,43.2454], [74.2427,49.9448], [57.4029,42.5135], [58.4172,50.9066], [58.4172,50.9066], [58.4172,50.9066], [74.2427,49.9448], [58.4172,50.9066], [79.7568,45.2272], [71.3353,57.6523], [77.099,72.1633], [71.3353,57.6523], [67.8562,67.6945], [77.0113,84.1309], [77.099,72.1633], [77.099,72.1633], [74.7804,89.1863], [67.8562,67.6945], [70.9489,84.2239], [71.3353,57.6523], [85.0998,79.5114], [67.8562,67.6945], [81.082,76.2998], [84.1651,62.1358], [81.082,76.2998], [84.1651,62.1358], [77.099,72.1633], [71.3353,57.6523], [75.234,59.2564], [75.234,59.2564], [74.2344,47.1884], [81.505,42.7844], [82.2461,46.4585], [74.2344,47.1884], [55.4687,42.4164], [77.6431,53.6354], [81.505,42.7844], [77.6431,53.6354], [74.2344,47.1884], [82.2461,46.4585], [94.2903,62.3572], [77.6431,53.6354], [88.0312,47.8675], [94.2903,62.3572], [94.2903,62.3572], [88.0312,47.8675], [88.0312,47.8675], [74.2344,47.1884], [75.0871,40.0816], [91.9387,27.5046], [81.505,42.7844], [91.9387,27.5046], [94.7749,30.5329], [91.9387,27.5046], [91.6275,3.68333], [91.6275,3.68333], [94.7749,30.5329], [91.6275,3.68333], [72.6706,44.7507], [72.6706,44.7507], [84.1651,62.1358], [72.6706,44.7507], [84.1651,62.1358], [72.6706,44.7507], [91.0551,68.7142], [85.0998,79.5114], [99.2502,87.6642], [81.082,76.2998], [91.0551,68.7142], [99.2502,87.6642], [81.8206,85.6616], [81.8206,85.6616], [67.8562,67.6945], [99.2502,87.6642], [71.9679,74.888], [99.2502,87.6642], [81.8206,85.6616], [99.2502,87.6642], [67.8562,67.6945], [58.4172,50.9066], [67.8562,67.6945], [72.6706,44.7507], [59.7328,38.3406], [72.6706,44.7507], [58.4172,50.9066], [72.6706,44.7507], [57.4029,42.5135], [62.7524,31.5118], [59.7328,38.3406], [59.7328,38.3406], [59.7328,38.3406], [72.6706,44.7507], [59.7328,38.3406], [62.7524,31.5118], [58.4172,50.9066], [62.7524,31.5118], [45.8121,47.1056], [45.8121,47.1056], [59.7328,38.3406], [57.4029,42.5135], [59.7328,38.3406], [59.7328,38.3406], [58.4172,50.9066], [41.0654,48.98], [45.5222,53.8451], [36.2703,35.3241], [40.5697,40.0295], [35.6794,58.9271], [40.5697,40.0295], [23.1995,56.4744], [36.2914,54.4997], [41.0654,48.98], [31.7568,57.6699], [23.1995,56.4744], [23.1995,56.4744], [34.7125,65.9126], [31.7568,57.6699], [31.7568,57.6699], [26.3678,67.7188], [15.8999,54.7686], [31.7568,57.6699], [33.2101,44.5835], [27.2908,53.1462], [15.8999,54.7686], [36.2914,54.4997], [36.2703,35.3241], [22.3268,45.3833], [23.1995,56.4744], [22.3268,45.3833], [20.2192,48.8075], [31.7568,57.6699], [13.6249,51.3301], [35.6794,58.9271], [15.8999,54.7686], [13.6249,51.3301], [26.571,43.3055], [7.89703,45.4867], [27.2908,53.1462], [13.6249,51.3301], [23.1995,56.4744], [34.7125,65.9126], [15.8999,54.7686], [23.1995,56.4744], [23.1995,56.4744], [22.1255,54.7109], [20.2192,48.8075], [26.3678,67.7188], [28.1875,59.9994], [18.1114,63.1777], [17.3081,53.0857], [10.7873,62.9862], [18.1114,63.1777], [3.22538,65.7611], [17.652,66.3744], [34.1707,71.6134], [23.0785,74.9508], [17.1,72.5817], [28.3297,67.9278], [17.1,72.5817], [13.7591,75.0768], [32.03,77.7117], [21.3843,92.5161], [34.1707,71.6134], [28.3297,67.9278], [23.295,88.7307], [23.3739,65.5489], [26.6654,78.5634], [23.3739,65.5489], [26.2971,73.1929], [15.398,94.3719], [23.0785,74.9508], [23.0785,74.9508], [13.7591,75.0768], [22.2236,81.648], [13.7591,75.0768], [23.3739,65.5489], [13.7591,75.0768], [26.2971,73.1929], [26.6654,78.5634], [28.3297,67.9278], [26.6654,78.5634], [28.3297,67.9278], [37.6449,69.1193], [28.5747,84.6364], [41.28,75.2474], [32.03,77.7117], [32.0085,87.047], [46.7198,68.6101], [28.1875,59.9994], [15.8999,54.7686], [37.361,63.311], [23.1995,56.4744], [10.4541,72.2587], [26.3678,67.7188], [10.2849,68.0922], [17.1,72.5817], [31.7909,71.2034], [39.7187,65.1233], [31.7909,71.2034], [37.6449,69.1193], [26.2971,73.1929], [31.7909,71.2034], [26.6654,78.5634], [39.7187,65.1233], [42.6383,53.0253], [23.3739,65.5489], [34.1707,71.6134], [39.7187,65.1233], [39.7187,65.1233], [31.7909,71.2034], [39.7187,65.1233], [48.4707,64.4808], [39.7187,65.1233], [31.7909,71.2034], [45.5242,82.9577], [56.4794,63.2094], [39.7187,65.1233], [37.6449,69.1193], [39.7187,65.1233], [42.6383,53.0253], [57.8356,58.8778], [57.9122,47.7053], [50.7911,54.7792], [42.6383,53.0253], [57.8356,58.8778], [39.7187,65.1233], [39.7187,65.1233], [52.8754,62.434], [44.5468,65.7449], [58.4172,50.9066], [54.7957,57.8068], [56.3584,68.3505], [52.8754,62.434], [60.9823,63.5487], [65.0636,70.6348], [61.2028,54.3451], [44.5468,65.7449], [65.0636,70.6348], [52.8754,62.434], [67.0752,56.2287], [57.2084,65.0457], [57.2084,65.0457], [65.0636,70.6348], [61.2028,54.3451], [57.2084,