{
  "instance_index": 0,
  "birth_iter": 10,
  "death_iter": 30,
  "survival_iters": 20,
  "censored": false,
  "pre_vnd_cost": 11033.1,
  "post_vnd_cost": 837.764,
  "pre_vnd_coords": [[80,20], [91.9387,27.5046], [81.505,42.7844], [77.6431,53.6354], [81.505,42.7844], [61.9083,50.2589], [81.505,42.7844], [75.0871,40.0816], [74.2344,47.1884], [75.234,59.2564], [75.234,59.2564], [57.8356,58.8778], [57.8356,58.8778], [57.8356,58.8778], [50.7911,54.7792], [61.9083,50.2589], [68.743,57.1835], [57.8356,58.8778], [56.7807,74.2715], [70.9311,64.8775], [61.5178,66.1191], [56.4794,63.2094], [71.3289,38.5734], [57.9122,47.7053], [70.9311,64.8775], [50.7911,54.7792], [57.9122,47.7053], [55.4687,42.4164], [68.7218,43.9833], [71.3289,38.5734], [74.2344,47.1884], [81.505,42.7844], [75.0871,40.0816], [55.4687,42.4164], [74.2344,47.1884], [82.2461,46.4585], [53.2477,40.3654], [68.743,57.1835], [63.7794,32.1992], [61.9083,50.2589], [57.9122,47.7053], [55.4687,42.4164], [55.4687,42.4164], [55.4687,42.4164], [57.9122,47.7053], [55.4687,42.4164], [55.4687,42.4164], [49.2307,44.3775], [40.4412,45.0584], [53.2477,40.3654], [61.6489,26.4328], [42.6383,53.0253], [55.4687,42.4164], [55.4687,42.4164], [49.2307,44.3775], [55.4687,42.4164], [41.8824,35.8811], [40.4412,45.0584], [47.0739,34.1478], [49.2307,44.3775], [50.7911,54.7792], [49.2307,44.3775], [47.0739,34.1478], [40.4412,45.0584], [35.1055,51.1158], [40.4412,45.0584], [42.6383,53.0253], [40.4412,45.0584], [33.6203,32.6023], [41.8824,35.8811], [44.8387,28.8653], [39.1141,35.6548], [40.4412,45.0584], [21.4134,36.5079], [30.9343,52.1992], [33.8281,45.8122], [33.6203,32.6023], [33.6203,32.6023], [19.0333,22.8632], [29.0116,29.0982], [41.8824,35.8811], [40.4412,45.0584], [33.8281,45.8122], [39.1141,35.6548], [33.6203,32.6023], [28.6491,15.0636], [39.1141,35.6548], [61.6489,26.4328], [50.7793,19.0281], [36.0792,24.3821], [36.0792,24.3821], [50.7793,19.0281], [47.5565,27.7204], [47.5565,27.7204], [61.6489,26.4328], [63.7794,32.1992], [61.6489,26.4328], [61.6489,26.4328], [61.6489,26.4328], [62.5898,17.9314], [63.7794,32.1992], [55.4687,42.4164], [82.2461,46.4585], [62.5898,17.9314], [62.5898,17.9314], [62.5898,17.9314], [61.6489,26.4328], [61.6489,26.4328], [47.0739,34.1478], [62.5898,17.9314], [50.7793,19.0281], [44.8387,28.8653], [36.0792,24.3821], [28.6491,15.0636], [36.0792,24.3821], [44.8387,28.8653], [35.5841,9.45229], [28.6491,15.0636], [28.6491,15.0636], [35.5841,9.45229], [19.6111,12.4176], [35.5841,9.45229], [50.7793,19.0281], [36.0792,24.3821], [28.6491,15.0636], [35.5841,9.45229], [27.5193,24.9178], [19.0333,22.8632], [27.5193,24.9178], [13.4768,18.598], [36.0792,24.3821], [29.0116,29.0982], [27.5193,24.9178], [28.6491,15.0636], [29.0116,29.0982], [28.6491,15.0636], [29.0116,29.0982], [21.4134,36.5079], [27.5193,24.9178], [9.26194,22.788], [19.0333,22.8632], [19.0333,22.8632], [19.1553,46.4608], [13.4768,18.598], [27.5193,24.9178], [27.5193,24.9178], [19.6111,12.4176], [27.5193,24.9178], [19.6111,12.4176], [19.6111,12.4176], [-0.130385,4.3778], [6.7321,13.4608], [6.7321,13.4608], [16.1578,33.1492], [6.7321,13.4608], [6.7321,13.4608], [6.7321,13.4608], [19.6111,12.4176], [19.6111,12.4176], [-0.130385,4.3778], [6.7321,13.4608], [6.7321,13.4608], [3.43241,25.3075], [3.43241,25.3075], [3.43241,25.3075], [9.7557,39.2266], [9.26194,22.788], [3.43241,25.3075], [9.7557,39.2266], [3.43241,25.3075], [3.43241,25.3075], [3.43241,25.3075], [9.26194,22.788], [19.6111,12.4176], [13.4768,18.598], [19.0333,22.8632], [9.7557,39.2266], [3.43241,25.3075], [21.4134,36.5079], [3.43241,25.3075], [19.0333,22.8632], [9.26194,22.788], [21.4134,36.5079], [19.0333,22.8632], [19.0333,22.8632], [29.0116,29.0982], [16.1578,33.1492], [16.1578,33.1492], [26.6495,54.4153], [9.7557,39.2266], [13.4988,48.4029], [9.7557,39.2266], [16.9032,41.0815], [17.3081,53.0857], [19.1553,46.4608], [16.9032,41.0815], [9.7557,39.2266], [33.6203,32.6023], [16.1578,33.1492], [16.1578,33.1492], [16.1578,33.1492], [28.9987,43.5248], [19.1553,46.4608], [30.4798,58.0281], [21.4134,36.5079], [27.0383,51.0756], [16.9032,41.0815], [16.1578,33.1492], [28.9987,43.5248], [28.9987,43.5248], [26.6495,54.4153], [30.9343,52.1992], [19.3515,56.5489], [17.3081,53.0857], [16.9032,41.0815], [19.1553,46.4608], [28.1875,59.9994], [26.6495,54.4153], [14.2612,56.681], [30.4798,58.0281], [21.4134,36.5079], [42.6383,53.0253], [19.1553,46.4608], [28.9987,43.5248], [19.1553,46.4608], [28.9987,43.5248], [33.8281,45.8122], [35.1055,51.1158], [40.4412,45.0584], [33.8281,45.8122], [30.9343,52.1992], [35.1055,51.1158], [33.8281,45.8122], [35.1055,51.1158], [27.0383,51.0756], [35.1055,51.1158], [28.9987,43.5248], [27.0383,51.0756], [39.7187,65.1233], [31.7909,71.2034], [26.6495,54.4153], [33.8281,45.8122], [50.7911,54.7792], [35.1055,51.1158], [39.7187,65.1233], [31.7909,71.2034], [28.3297,67.9278], [32.03,77.7117], [39.7187,65.1233], [31.7909,71.2034], [26.2971,73.1929], [23.3739,65.5489], [23.3739,65.5489], [23.0785,74.9508], [24.8102,79.5269], [31.7909,71.2034], [17.1,72.5817], [4.84103,74.6747], [9.05246,75.4236], [9.05246,75.4236], [5.71744,71.7602], [9.05246,75.4236], [9.05246,75.4236], [-0.456433,83.8125], [5.71744,71.7602], [4.16913,79.9129], [4.84103,74.6747], [4.16913,79.9129], [4.16913,79.9129], [4.16913,79.9129], [4.16913,79.9129], [4.84103,74.6747], [4.84103,74.6747], [4.16913,79.9129], [4.16913,79.9129], [5.35768,88.9667], [4.16913,79.9129], [17.1,72.5817], [31.7909,71.2034], [45.5242,82.9577], [23.295,88.7307], [13.7591,75.0768], [22.5771,83.9464], [26.6654,78.5634], [16.3285,88.0283], [23.0785,74.9508], [21.3843,92.5161], [13.7591,75.0768], [26.6654,78.5634], [16.3285,88.0283], [13.7591,75.0768], [16.3285,88.0283], [5.03005,94.0847], [23.0785,74.9508], [21.2678,68.153], [13.8119,65.7441], [21.2678,68.153], [24.3726,66.8244], [21.2678,68.153], [14.1484,59.4371], [21.2678,68.153], [31.7171,60.5393], [19.1618,47.8183], [22.3195,54.6708], [16.5094,84.1916], [11.5345,74.0513], [25.9368,66.2994], [21.2678,68.153], [28.9827,74.2103], [37.5304,70.9115], [16.5094,84.1916], [20.373,70.6106], [22.3195,54.6708], [38.2099,53.328], [37.5304,70.9115], [33.3781,76.4557], [33.3781,76.4557], [41.5334,65.9841], [25.9368,66.2994], [21.2678,68.153], [31.7171,60.5393], [33.4958,90.9792], [28.9827,74.2103], [37.5304,70.9115], [49.3426,70.378], [43.5016,87.4792], [46.1916,80.9755], [43.5016,87.4792], [33.3781,76.4557], [28.9827,74.2103], [49.3426,70.378], [41.1695,78.8996], [49.3426,70.378], [49.3426,70.378], [49.3426,70.378], [39.0931,84.2557], [49.3426,70.378], [41.5334,65.9841], [49.3426,70.378], [41.5334,65.9841], [51.6959,57.9297], [38.2099,53.328], [59.3907,84.5214], [41.5334,65.9841], [49.3426,70.378], [47.5769,63.0728], [47.5769,63.0728], [56.2138,71.2328], [41.5334,65.9841], [41.5334,65.9841], [56.2138,71.2328], [47.7687,51.0514], [51.6959,57.9297], [56.2138,71.2328], [47.7687,51.0514], [51.6959,57.9297], [41.5334,65.9841], [38.2099,53.328], [31.7171,60.5393], [49.3426,70.378], [38.2099,53.328], [38.2099,53.328], [31.7171,60.5393], [41.5334,65.9841], [38.2099,53.328], [41.5334,65.9841], [47.5769,63.0728], [41.5334,65.9841], [41.5334,65.9841], [47.5769,63.0728], [49.3426,70.378], [38.2099,53.328], [49.3426,70.378], [49.3426,70.378], [33.3781,76.4557], [37.5304,70.9115], [41.5334,65.9841], [37.5304,70.9115], [22.3195,54.6708], [31.7171,60.5393], [34.858,54.1457], [37.0335,50.6928], [22.3195,54.6708], [28.9827,74.2103], [34.858,54.1457], [9.8755,65.3253], [31.7171,60.5393], [19.1618,47.8183], [18.1656,77.2937], [31.7171,60.5393], [22.3195,54.6708], [22.3195,54.6708], [22.3195,54.6708], [22.3195,54.6708], [15.9824,55.4537], [14.1484,59.4371], [15.9824,55.4537], [22.3195,54.6708], [47.7687,51.0514], [22.3195,54.6708], [24.3726,66.8244], [22.3195,54.6708], [21.2678,68.153], [21.2678,68.153], [49.3426,70.378], [31.7171,60.5393], [31.7171,60.5393], [38.2099,53.328], [22.3195,54.6708], [47.7687,51.0514], [47.7687,51.0514], [37.0335,50.6928], [24.3726,66.8244], [19.1618,47.8183], [10.2204,42.2519], 