{
  "instance_index": 0,
  "birth_iter": 19,
  "death_iter": 50,
  "survival_iters": 31,
  "censored": false,
  "pre_vnd_cost": 10484.3,
  "post_vnd_cost": 546.444,
  "pre_vnd_coords": [[80,20], [73.2604,8.85226], [97.1338,8.5981], [97.1338,8.5981], [97.1338,8.5981], [73.2604,8.85226], [73.2604,8.85226], [70.4474,15.7681], [54.529,38.7865], [56.2759,32.4512], [62.7794,23.1515], [58.4813,10.4593], [70.4474,15.7681], [70.4474,15.7681], [73.2604,8.85226], [58.4818,28.471], [54.529,38.7865], [46.2818,33.0764], [62.7794,23.1515], [70.4474,15.7681], [62.7794,23.1515], [56.2759,32.4512], [58.4813,10.4593], [47.8638,25.314], [46.2818,33.0764], [38.9881,20.6681], [46.2818,33.0764], [47.8638,25.314], [38.9881,20.6681], [58.4818,28.471], [33.4865,22.6031], [31.356,33.6775], [36.0989,33.2071], [37.8016,51.0391], [38.9893,37.9608], [41.4028,47.2414], [39.8354,41.214], [41.4972,47.6044], [29.1832,44.4371], [30.2402,42.7208], [38.5356,36.216], [23.0364,44.3257], [25.3289,45.5632], [41.6045,48.017], [40.3307,43.1186], [37.2502,32.027], [39.5576,40.1461], [41.2949,49.1333], [41.8203,48.8466], [40.7064,44.5636], [37.8633,33.7829], [36.8287,32.0218], [41.8203,48.8466], [41.8203,48.8466], [47.9499,66.344], [50.9078,66.4496], [38.0181,34.2262], [29.1342,41.1029], [29.1342,41.1029], [48.484,66.6065], [29.1342,41.1029], [38.7673,62.6442], [33.1671,66.6072], [20.2898,43.8207], [23.5886,44.6238], [25.1932,45.49], [24.2554,44.9837], [17.5548,43.7151], [17.0249,43.6946], [22.7514,44.1719], [20.5487,43.8307], [18.8831,71.9144], [23.6803,44.6733], [12.0612,40.8049], [12.696,41.1971], [12.0612,40.8049], [11.2028,27.8567], [20.8298,43.8415], [11.9955,39.8126], [14.7768,42.4829], [16.0663,43.2797], [13.4021,41.6334], [11.0434,25.4522], [21.108,43.8523], [23.3017,44.469], [24.3482,45.0338], [23.3968,44.5203], [23.4946,44.5731], [32.7827,66.167], [19.0066,43.7711], [23.8748,44.7783], [24.956,45.3619], [36.6896,32.2478], [18.754,43.7614], [24.629,45.1854], [16.8753,43.6889], [31.7296,40.3023], [18.5046,43.7518], [18.1008,43.7362], [15.4073,42.8725], [19.4239,43.7872], [17.7268,43.7217], [16.7187,43.6828], [12.0387,40.4647], [12.0612,40.8049], [17.187,43.7009], [21.3852,43.863], [12.0612,40.8049], [19.6866,43.7974], [12.0168,40.1351], [17.9001,43.7284], [18.2777,43.743], [11.7673,23.2709], [14.0848,42.0553], [12.0612,40.8049], [22.5609,22.5344], [12.3569,15.7823], [19.9927,43.8092], [10.9549,24.1168], [17.3499,19.0862], [11.0948,26.2267], [11.1714,27.3825], [10.9549,24.1168], [23.7169,23.2994], [12.2073,22.8126], [28.1595,23.6981], [12.2152,21.925], [20.713,21.3117], [34.8994,35.1548], [25.4492,45.6282], [19.233,43.7799], [26.2071,24.9471], [22.3502,43.9553], [23.2109,44.4199], [36.5691,32.4434], [22.4602,44.0147], [33.0329,38.1859], [25.9836,46.011], [24.0688,44.883], [22.5627,44.0701], [24.7148,45.2317], [23.975,44.8324], [22.6596,44.1224], [37.6277,33.1081], [24.8806,45.3212], [27.0185,46.7524], [25.1207,45.4508], [22.8475,44.2237], [26.5042,46.384], [26.7387,53.1994], [16.3636,59.1924], [21.7336,56.3641], [26.7387,53.1994], [31.356,33.6775], [26.7387,53.1994], [26.7387,53.1994], [31.356,33.6775], [4.84819,32.0661], [4.84819,32.0661], [0.67394,44.8599], [4.84819,32.0661], [4.84819,32.0661], [0.0746552,22.2914], [13.8796,18.5037], [4.84819,32.0661], [4.84819,32.0661], [13.8796,18.5037], [13.8796,18.5037], [-1.27791,12.6039], [0.0746552,22.2914], [4.84819,32.0661], [0.0746552,22.2914], [0.0746552,22.2914], [19.968,16.7489], [26.8861,12.9538], [7.59993,5.748], [13.8796,18.5037], [13.8796,18.5037], [-1.27791,12.6039], [-1.27791,12.6039], [7.59993,5.748], [0.0746552,22.2914], [7.59993,5.748], [13.8796,18.5037], [26.8861,12.9538], [19.968,16.7489], [13.2566,16.3777], [13.8325,16.7588], [21.147,21.5989], [14.7531,17.368], [20.8576,21.4074], [27.1586,24.3384], [21.0006,21.502], [12.5868,15.9344], [12.3285,77.0438], [11.8297,79.4382], [11.8999,78.8769], [11.8427,79.334], [18.8831,71.9144], [11.0496,85.678], [15.0561,76.4567], [11.925,78.6754], [12.442,77.0193], [31.684,66.453], [18.8831,71.9144], [27.5312,47.1197], [32.3593,66.2772], [18.8831,71.9144], [34.0139,65.8463], [32.2184,66.3139], [32.148,66.3322], [37.5207,65.9716], [43.0754,66.1699], [34.296,65.8564], [32.7161,66.1843], [39.9016,66.0566], [18.4182,73.0571], [35.2699,65.8912], [18.8831,71.9144], [10.0114,72.9164], [20.0932,69.8722], [12.8975,79.8085], [30.5833,74.2808], [30.5833,74.2808], [30.5833,74.2808], [20.0932,69.8722], [4.8894,75.9169], [19.9093,64.8075], [19.9093,64.8075], [16.7271,64.6885], [12.8975,79.8085], [16.7271,64.6885], [23.1264,62.0599], [23.1264,62.0599], [-0.352778,83.9099], [12.8975,79.8085], [8.76634,85.957], [30.4939,82.3619], [29.9973,82.7509], [30.1207,82.6542], [10.9471,86.4974], [18.3121,89.8567], [12.556,76.9948], [10.5034,90.0462], [11.3687,83.1257], [11.8807,79.0302], [10.5039,90.0419], [23.8898,90.4384], [12.666,76.9712], [13.2337,76.849], [29.3453,83.2618], [12.7803,90.0017], [17.9461,74.2174], [21.0565,90.1429], [20.2421,90.058], [10.5014,90.062], [22.0122,90.2426], [21.442,90.1831], [17.9545,89.8194], [10.5037,90.0441], [19.8691,90.0191], [18.4904,89.8753], [13.2971,89.9809], [11.925,78.6754], [10.5935,89.3256], [11.1742,84.6814], [10.4993,90.079], [10.5003,90.0706], [10.5025,90.0531], [10.4985,90.0855], [10.4982,90.0877], [10.5017,90.0599], [10.6256,89.0692], [10.5042,90.0398], [10.5009,90.0664], [10.8854,86.9911], [10.4977,90.0915], [10.4974,90.0938], [11.925,78.6754], [11.925,78.6754], [12.9639,76.907], [11.8612,79.1858], [10.6598,88.7951], [10.499,90.0812], [10.5023,90.0553], [10.502,90.0576], [10.6937,88.5238], [14.9056,89.916], [10.5028,90.0507], [10.5011,90.0641], [11.2696,83.9183], [10.8041,87.6411], [10.5031,90.0485], [11.8744,79.0807], [11.8933,78.9292], [11.8678,79.1334], [11.8869,78.9803], [11.8361,79.387], [10.4979,90.0895], [11.925,78.6754], [11.9054,78.8329], [11.5623,81.5768], [11.9112,78.7862], [11.925,78.6754], [12.8628,76.9288], [11.925,78.6754], [10.4987,90.0833], [10.5638,89.5627], [10.8449,87.3153], [10.5341,89.8004], [12.015,78.3115], [10.5001,90.0727], [11.1448,84.9164], [10.4998,90.0748], [11.4653,82.3525], [10.9966,86.102], [11.8549,79.2364], [15.9616,89.8734], [11.925,78.6754], [11.116,85.1464], [11.8488,79.285], [11.0859,85.3878], [13.7934,76.7286], [29.8765,82.8456], [13.4939,76.793], [12.765,76.9498], [18.8831,71.9144], [12.1072,77.9387], [17.8648,93.3278], [17.8648,93.3278], [24.5505,71.1894], [35.1945,101.836], [31.789,91.2621], [40.5599,100.313], [42.2979,89.8316], [50.4694,89.8136], [50.4694,89.8136], [50.4694,89.8136], [50.4694,89.8136], [50.4694,89.8136], [49.2774,89.8162], [50.4694,89.8136], [37.7437,90.1686], [49.6246,89.8154], [50.4694,89.8136], [50.4694,89.8136], [53.7889,86.6583], [50.4694,89.8136], [52.9121,87.4916], [72.85,85.3501], [50.155,89.8143], [73.9408,87.6781], [54.1982,83.4193], [75.3574,87.9911], [50.4694,89.8136], [53.507,86.9262], [73.9834,87.7691], [50.3209,89.8139], [50.3948,89.8137], [73.9619,87.723], [73.2943,86.2983], [54.4003,86.0772], [74.2223,87.8438], [49.1197,89.8165], [54.9367,85.5675], [66.6326,72.0808], [50.4694,89.8136], [50.4694,89.8136], [68.5548,76.1829], [78.5793,88.3464], [74.451,87.8734], [75.1223,87.9606], [82.346,86.0705], [74.899,87.9316], [79.0539,88.3573], [77.9897,88.3329], [73.8366,87.4556], [78.3738,88.3417], [79.9736,88.3783], [74.0052,87.8156], [74.6707,87.902], [73.9152,87.6235], [73.715,87.1962], [79.5193,88.3679], [77.9897,88.3329], [79.31,88.3631], [77.9897,88.3329], [80.8095,88.3974], [84.7009,82.5043], [86.3202,80.052], [86.1245,78.3391], [86.1649,78.6924], [74.7482,65.2322], [86.2527,79.4608], [86.2058,79.0506], [86.0861,78.0027], [68.1399,75.2974], [67.8339,74.6446], [78.8267,88.3521], [80.5429,88.3913], [72.9994,85.6688], [78.1835,88.3374], [86.3031,79.9015], [79.7493,88.3731], [73.4477,86.6255], [73.8621,87.5099], [80.2503,88.3846], [67.9923,74.9826], [66.0134,70.7595], [73.5703,86.8873], [73.1449,85.9794], [73.6797,65.5046], [69.0951,77.3358], [67.4867,73.9035], [68.9512,77.0287], [68.8264,76.7625], 