{
  "instance_index": 0,
  "birth_iter": 26,
  "death_iter": 80,
  "survival_iters": 54,
  "censored": false,
  "pre_vnd_cost": 10683.5,
  "post_vnd_cost": 584.885,
  "pre_vnd_coords": [[80,20], [73.2604,8.85226], [73.2604,8.85226], [72.3021,10.7631], [72.3021,10.7631], [52.4705,6.15435], [62.7794,23.1515], [50.2757,32.2453], [53.9526,47.2055], [45.6524,41.1222], [54.529,38.7865], [50.1056,38.4019], [54.529,38.7865], [45.6524,41.1222], [54.529,38.7865], [38.4768,48.2513], [38.4768,48.2513], [38.6543,50.6745], [62.7794,23.1515], [62.7794,23.1515], [54.529,38.7865], [62.7794,23.1515], [54.529,38.7865], [50.1056,38.4019], [52.6448,26.6798], [62.7794,23.1515], [62.7794,23.1515], [72.3021,10.7631], [54.529,38.7865], [71.8684,53.7102], [71.6476,45.0076], [85.1469,51.8499], [77.8529,48.3838], [71.5144,53.2196], [77.8529,48.3838], [77.8529,48.3838], [84.269,57.6803], [77.8529,48.3838], [77.8529,48.3838], [59.4416,55.5526], [77.1575,61.4781], [77.1575,61.4781], [71.5144,53.2196], [69.4835,60.4641], [71.5144,53.2196], [77.1575,61.4781], [71.5144,53.2196], [59.4416,55.5526], [59.4416,55.5526], [77.1575,61.4781], [68.8852,51.1152], [69.4677,67.3104], [67.923,41.0677], [77.8529,48.3838], [76.4614,35.3685], [76.4614,35.3685], [60.6501,41.9215], [71.5144,53.2196], [67.923,41.0677], [76.4614,35.3685], [42.6001,6.59686], [37.879,20.1905], [39.1473,35.1982], [37.879,20.1905], [36.3739,13.5544], [29.5107,19.9151], [29.5107,19.9151], [29.0346,25.7526], [36.3739,13.5544], [39.2078,7.68466], [42.6001,6.59686], [29.5107,19.9151], [21.2869,35.8851], [39.1473,35.1982], [27.5071,36.6659], [37.879,20.1905], [27.5071,36.6659], [29.5107,19.9151], [39.1473,35.1982], [29.0346,25.7526], [33.3168,49.5039], [39.1473,35.1982], [21.2869,35.8851], [33.3168,49.5039], [33.3168,49.5039], [39.1473,35.1982], [44.2026,45.9476], [30.1871,41.0011], [46.8453,28.5366], [38.6552,43.9171], [39.1473,35.1982], [37.879,20.1905], [60.6501,41.9215], [37.879,20.1905], [48.9057,19.9307], [48.9057,19.9307], [44.2026,45.9476], [48.9057,19.9307], [46.8453,28.5366], [52.6448,26.6798], [45.6524,41.1222], [50.1056,38.4019], [38.4768,48.2513], [23.6559,36.7987], [38.6543,50.6745], [42.8842,50.2435], [45.6524,41.1222], [50.1056,38.4019], [45.6524,41.1222], [50.015,54.5087], [50.1056,38.4019], [50.015,54.5087], [29.1342,41.1029], [38.6543,50.6745], [53.9526,47.2055], [54.529,38.7865], [29.5944,48.0177], [42.8842,50.2435], [45.6524,41.1222], [42.8842,50.2435], [23.6559,36.7987], [38.6543,50.6745], [29.5944,48.0177], [29.5944,48.0177], [29.5944,48.0177], [41.0728,65.2771], [17.7292,43.4219], [17.8212,45.524], [29.1342,41.1029], [29.5944,48.0177], [17.7292,43.4219], [29.5944,48.0177], [38.6543,50.6745], [12.9748,45.8815], [17.7292,43.4219], [21.2134,34.1591], [21.2134,34.1591], [29.1342,41.1029], [17.7292,43.4219], [17.7292,43.4219], [29.5944,48.0177], [17.8212,45.524], [38.6543,50.6745], [38.6543,50.6745], [29.5944,48.0177], [19.6298,27.04], [21.2134,34.1591], [17.7292,43.4219], [12.9748,45.8815], [12.9748,45.8815], [17.7292,43.4219], [29.1342,41.1029], [8.09192,36.1005], [17.7292,43.4219], [19.6298,27.04], [12.9748,45.8815], [29.1342,41.1029], [19.6298,27.04], [19.968,16.7489], [16.7396,20.9194], [16.7396,20.9194], [19.6298,27.04], [19.6298,27.04], [19.6298,27.04], [14.8748,27.889], [21.7306,21.3003], [32.3428,15.912], [27.2129,51.6052], [29.0346,25.7526], [48.8879,55.9726], [40.5531,50.8144], [25.1221,60.0578], [20.0456,55.8327], [25.1221,60.0578], [26.0275,68.7963], [25.1221,60.0578], [26.0703,66.55], [25.1221,60.0578], [32.2873,62.3738], [32.2873,62.3738], [34.5083,74.2802], [34.5083,74.2802], [28.0688,80.9528], [20.0456,55.8327], [20.8378,77.6325], [20.8378,77.6325], [25.4021,70.8692], [34.5083,74.2802], [25.4021,70.8692], [34.5083,74.2802], [25.1221,60.0578], [26.0703,66.55], [28.3433,84.1055], [40.5531,50.8144], [34.5083,74.2802], [25.4021,70.8692], [20.8378,77.6325], [25.1221,60.0578], [32.2873,62.3738], [48.8879,55.9726], [55.1702,58.7632], [47.6715,60.2043], [36.2292,65.0908], [25.4021,70.8692], [29.1236,71.2942], [48.8879,55.9726], [36.2292,65.0908], [48.8879,55.9726], [55.1233,62.5174], [44.6422,66.3028], [48.0401,69.859], [32.2873,62.3738], [47.6715,60.2043], [48.0401,69.859], [48.0401,69.859], [47.6715,60.2043], [48.1463,63.2262], [55.1233,62.5174], [55.1233,62.5174], [55.1702,58.7632], [55.1702,58.7632], [49.2593,53.4719], [55.1233,62.5174], [38.0922,59.8688], [36.2292,65.0908], [36.2292,65.0908], [48.0401,69.859], [48.0401,69.859], [58.1965,81.8961], [49.6542,75.7041], [36.2292,65.0908], [48.0401,69.859], [48.1463,63.2262], [38.4768,48.2513], [50.015,54.5087], [50.015,54.5087], [58.749,56.1843], [42.8842,50.2435], [47.9052,49.8001], [42.8842,50.2435], [38.4768,48.2513], [38.4768,48.2513], [42.8842,50.2435], [22.8148,59.8605], [18.7373,47.0529], [38.6543,50.6745], [22.8148,59.8605], [3.96371,45.5537], [24.4857,65.5524], [24.4857,65.5524], [12.9748,45.8815], [22.8148,59.8605], [14.4473,66.0433], [14.4473,66.0433], [24.4857,65.5524], [22.8148,59.8605], [24.4857,65.5524], [21.4469,71.9449], [38.2315,70.4327], [24.4857,65.5524], [24.4857,65.5524], [28.7367,73.735], [13.9028,66.0395], [24.4857,65.5524], [13.9028,66.0395], [17.8212,45.524], [24.4857,65.5524], [17.7292,43.4219], [13.9028,66.0395], [17.7292,43.4219], [12.9748,45.8815], [17.7292,43.4219], [1.73263,50.6628], [9.06846,50.5199], [1.73263,50.6628], [17.7292,43.4219], [17.7292,43.4219], [18.7373,47.0529], [12.9748,45.8815], [1.73263,50.6628], [18.7373,47.0529], [18.7373,47.0529], [17.8212,45.524], [17.7292,43.4219], [12.9748,45.8815], [17.7292,43.4219], [17.7292,43.4219], [12.9748,45.8815], [17.7292,43.4219], [7.95053,32.0774], [12.9748,45.8815], [12.9748,45.8815], [12.9748,45.8815], [1.73263,50.6628], [17.7292,43.4219], [8.09192,36.1005], [19.6298,27.04], [12.9748,45.8815], [17.7292,43.4219], [19.968,16.7489], [19.968,16.7489], [19.968,16.7489], [8.09192,36.1005], [7.95053,32.0774], [7.95053,32.0774], [9.32105,22.6713], [2.66779,47.0529], [14.8748,27.889], [-4.34488,31.7902], [4.4813,30.9289], [4.4813,30.9289], [13.1167,8.86521], [13.1167,8.86521], [4.06082,18.2279], [13.1167,8.86521], [9.32105,22.6713], [13.1167,8.86521], [9.32105,22.6713], [13.1167,8.86521], [9.32105,22.6713], [9.32105,22.6713], [23.3179,10.3768], [36.3739,13.5544], [39.2078,7.68466], [13.1167,8.86521], [13.1167,8.86521], [23.3179,10.3768], [9.32105,22.6713], [32.3428,15.912], [4.4813,30.9289], [4.06082,18.2279], [23.3179,10.3768], [4.06082,18.2279], [9.32105,22.6713], [29.0346,25.7526], [21.7306,21.3003], [29.5107,19.9151], [21.7306,21.3003], [32.3428,15.912], [21.7306,21.3003], [47.8638,25.314], [47.8638,25.314], [50.1056,38.4019], [54.529,38.7865], [58.8834,30.5345], [54.529,38.7865], [54.529,38.7865], [45.6524,41.1222], [54.529,38.7865], [54.529,38.7865], [54.529,38.7865], [54.529,38.7865], [72.8515,65.6414], [58.749,56.1843], [53.9526,47.2055], [58.749,56.1843], [54.529,38.7865], [54.529,38.7865], [58.749,56.1843], [54.529,38.7865], [53.9526,47.2055], [54.529,38.7865], [50.015,54.5087], [58.749,56.1843], [58.749,56.1843], [58.749,56.1843], [54.529,38.7865], [61.1154,71.9148], [54.529,38.7865], [58.749,56.1843], [52.4581,67.9196], [58.749,56.1843], [58.749,56.1843], [58.749,56.1843], [59.1489,74.5583], [53.9526,47.2055], [59.1489,74.5583], [53.9526,47.2055], [61.1154,71.9148], [61.1154,71.9148], [52.4581,67.9196], [59.1489,74.5583], [60.2024,83.4214], [67.9456,80.9834], [67.0455,75.5721], [75.7323,78.974], [69.4677,67.3104], [75.7323,78.974], [77.1575,61.4781], [75.7323,78.974], [84.1896,62.9409], [75.7323,78.974], [58.5045,100.553], [68.648,85.814], [52.1836,100.229], [44.9786,98.9624], [52.1836,100.229], [58.1965,81.8961], [68.648,85.814], [45.0201,87.9352], [58.1965,81.8961], [58.5045,100.553], [58.5045,100.553], [52.1836,100.229], [42.6086,91.6809], [58.5045,100.553], [52.1836,100.229], [49.0878,94.8783], [58.5045,100.553], [50.9128,98.1262], [52.1836,100.229], [50.9128,98.1262], [58.5045,100.553], [42.6086,91.6809], [58.5045,100.553], [42.6086,91.6809], [51.0548,