{
  "instance_index": 0,
  "birth_iter": 45,
  "death_iter": 101,
  "survival_iters": 56,
  "censored": true,
  "pre_vnd_cost": 9195.44,
  "post_vnd_cost": 515.712,
  "pre_vnd_coords": [[80,20], [80.7132,17.5929], [62.3768,19.8208], [69.2139,14.4283], [62.3768,19.8208], [62.3768,19.8208], [54.458,25.1041], [54.458,25.1041], [62.3768,19.8208], [62.3768,19.8208], [62.3768,19.8208], [62.3768,19.8208], [69.2139,14.4283], [54.458,25.1041], [62.3768,19.8208], [62.3768,19.8208], [54.458,25.1041], [44.9055,40.2909], [52.4466,38.8723], [54.458,25.1041], [55.6632,25.8198], [55.6632,25.8198], [62.3768,19.8208], [55.6632,25.8198], [54.458,25.1041], [54.458,25.1041], [52.4466,38.8723], [41.204,38.8077], [49.531,42.9346], [52.4466,38.8723], [52.4466,38.8723], [54.458,25.1041], [59.225,38.3508], [55.6632,25.8198], [66.2866,40.4503], [59.225,38.3508], [61.4036,40.0332], [47.556,42.7696], [61.4036,40.0332], [61.4036,40.0332], [44.9055,40.2909], [59.225,38.3508], [44.9055,40.2909], [52.4466,38.8723], [44.9055,40.2909], [49.531,42.9346], [52.4466,38.8723], [61.4036,40.0332], [52.4466,38.8723], [61.4036,40.0332], [73.1301,55.6271], [66.2866,40.4503], [61.4036,40.0332], [47.556,42.7696], [19.9125,37.0449], [19.5123,36.7944], [19.9125,37.0449], [19.6521,36.8819], [18.7706,36.33], [11.711,53.1872], [11.7137,53.154], [11.6928,53.4162], [52.4466,38.8723], [61.4036,40.0332], [61.4036,40.0332], [19.9125,37.0449], [17.5948,35.594], [16.6274,34.9883], [18.3636,36.0753], [19.9125,37.0449], [16.0453,44.6236], [18.9646,36.4515], [19.9125,37.0449], [19.1606,36.5742], [19.9125,37.0449], [19.356,36.6965], [16.7776,43.1883], [16.3179,44.0893], [17.1257,42.5062], [17.2927,42.1789], [11.7164,53.12], [19.9125,37.0449], [17.2274,35.3639], [16.491,43.75], [16.9989,42.7547], [16.8859,42.9762], [16.6837,43.3724], [17.9649,35.8256], [16.5886,43.5588], [16.4005,43.9275], [16.8982,35.1579], [8.44612,48.5322], [8.44612,48.5322], [12.5214,66.5986], [17.2208,54.1044], [17.2208,54.1044], [19.199,53.4503], [12.8403,66.8906], [8.44612,48.5322], [17.2208,54.1044], [8.44612,48.5322], [19.0699,43.6352], [8.44612,48.5322], [8.44612,48.5322], [8.44612,48.5322], [11.3239,46.0715], [11.3239,46.0715], [12.8403,66.8906], [18.0453,70.7887], [12.8403,66.8906], [18.0453,70.7887], [17.2208,54.1044], [17.2208,54.1044], [19.199,53.4503], [19.199,53.4503], [19.199,53.4503], [20.7273,60.4169], [32.2374,63.5575], [12.5214,66.5986], [20.9268,64.5996], [27.0459,64.0019], [8.76691,66.3826], [12.6852,75.5166], [23.5092,78.4921], [18.0453,70.7887], [20.7273,60.4169], [12.5214,66.5986], [18.0453,70.7887], [8.76691,66.3826], [18.0453,70.7887], [20.7273,60.4169], [8.76691,66.3826], [12.5214,66.5986], [19.199,53.4503], [29.4447,50.9755], [12.5214,66.5986], [28.6497,82.8021], [20.7273,60.4169], [35.5304,66.6227], [19.199,53.4503], [44.2857,63.6571], [18.0453,70.7887], [18.0453,70.7887], [32.2374,63.5575], [20.7273,60.4169], [8.76691,66.3826], [27.0459,64.0019], [27.0459,64.0019], [32.2374,63.5575], [20.7273,60.4169], [32.2374,63.5575], [32.2374,63.5575], [20.7273,60.4169], [8.76691,66.3826], [23.5092,78.4921], [27.0459,64.0019], [20.7273,60.4169], [23.5092,78.4921], [8.76691,66.3826], [10.4622,75.3428], [10.684,72.6857], [8.76691,66.3826], [10.4622,75.3428], [10.4622,75.3428], [12.6852,75.5166], [12.5214,66.5986], [10.684,72.6857], [8.76691,66.3826], [20.9268,64.5996], [12.6852,75.5166], [8.76691,66.3826], [10.4622,75.3428], [10.4622,75.3428], [8.76691,66.3826], [12.8403,66.8906], [8.76691,66.3826], [8.76691,66.3826], [8.76691,66.3826], [20.9268,64.5996], [12.5214,66.5986], [8.76691,66.3826], [13.623,54.0512], [13.623,54.0512], [12.5214,66.5986], [10.4622,75.3428], [8.62275,88.3078], [8.69805,84.5854], [8.76691,66.3826], [8.76691,66.3826], [8.69805,84.5854], [18.0453,70.7887], [10.4622,75.3428], [10.684,72.6857], [12.8403,66.8906], [12.8403,66.8906], [10.4622,75.3428], [12.8403,66.8906], [10.4622,75.3428], [8.76691,66.3826], [18.0453,70.7887], [12.5214,66.5986], [8.23263,88.173], [18.0453,70.7887], [10.4622,75.3428], [8.62275,88.3078], [8.69805,84.5854], [8.62275,88.3078], [8.69805,84.5854], [8.62275,88.3078], [8.69805,84.5854], [20.9268,64.5996], [8.76691,66.3826], [10.4622,75.3428], [13.643,75.8778], [23.5092,78.4921], [23.5092,78.4921], [20.2009,87.0272], [23.4749,89.4675], [10.684,72.6857], [23.5092,78.4921], [13.643,75.8778], [20.9268,64.5996], [20.9268,64.5996], [23.4749,89.4675], [23.5092,78.4921], [20.2009,87.0272], [20.2009,87.0272], [18.0453,70.7887], [27.0516,83.3261], [8.69805,84.5854], [20.9268,64.5996], [10.4622,75.3428], [10.4622,75.3428], [10.4622,75.3428], [23.4749,89.4675], [8.69805,84.5854], [20.9268,64.5996], [8.69805,84.5854], [8.23263,88.173], [8.43202,86.9409], [10.4622,75.3428], [8.69805,84.5854], [10.4622,75.3428], [10.4622,75.3428], [8.69805,84.5854], [8.69805,84.5854], [8.43202,86.9409], [8.23263,88.173], [8.23263,88.173], [10.4622,75.3428], [8.69805,84.5854], [8.69805,84.5854], [10.4622,75.3428], [8.43202,86.9409], [12.9044,85.6079], [8.43202,86.9409], [8.69805,84.5854], [8.69805,84.5854], [10.4622,75.3428], [8.69805,84.5854], [8.76691,66.3826], [8.62275,88.3078], [8.62275,88.3078], [8.69805,84.5854], [8.69805,84.5854], [8.69805,84.5854], [8.43202,86.9409], [10.4622,75.3428], [8.69805,84.5854], [8.69805,84.5854], [10.4622,75.3428], [10.4622,75.3428], [12.9044,85.6079], [8.69805,84.5854], [8.69805,84.5854], [8.69805,84.5854], [8.23263,88.173], [8.69805,84.5854], [8.62275,88.3078], [8.23263,88.173], [8.43202,86.9409], [8.23263,88.173], [8.69805,84.5854], [8.62275,88.3078], [8.62275,88.3078], [8.69805,84.5854], [8.62275,88.3078], [8.23263,88.173], [8.23263,88.173], [8.62275,88.3078], [8.23263,88.173], [8.69805,84.5854], [8.69805,84.5854], [8.62275,88.3078], [23.4749,89.4675], [8.69805,84.5854], [8.69805,84.5854], [8.23263,88.173], [8.62275,88.3078], [23.4749,89.4675], [8.23263,88.173], [8.23263,88.173], [23.4749,89.4675], [23.4749,89.4675], [23.4749,89.4675], [8.62275,88.3078], [8.69805,84.5854], [8.69805,84.5854], [8.69805,84.5854], [20.2009,87.0272], [23.4749,89.4675], [23.4749,89.4675], [23.4749,89.4675], [23.4749,89.4675], [23.4749,89.4675], [23.4749,89.4675], [8.62275,88.3078], [23.4749,89.4675], [23.4749,89.4675], [23.4749,89.4675], [23.4749,89.4675], [8.69805,84.5854], [8.69805,84.5854], [8.69805,84.5854], [28.6497,82.8021], [8.69805,84.5854], [20.2009,87.0272], [8.69805,84.5854], [8.69805,84.5854], [8.69805,84.5854], [23.4749,89.4675], [23.5092,78.4921], [8.69805,84.5854], [8.62275,88.3078], [23.5092,78.4921], [18.0453,70.7887], [35.5847,64.5233], [27.0459,64.0019], [28.6497,82.8021], [20.2009,87.0272], [18.0453,70.7887], [20.9268,64.5996], [23.5092,78.4921], [12.9044,85.6079], [32.8208,77.2881], [35.5304,66.6227], [28.6497,82.8021], [37.4489,88.6024], [23.5092,78.4921], [45.0791,86.8046], [33.5052,65.1725], [23.5092,78.4921], [46.604,81.315], [23.5092,78.4921], [35.5304,66.6227], [37.4489,88.6024], [23.5092,78.4921], [23.5092,78.4921], [23.5092,78.4921], [23.4749,89.4675], [33.2626,88.5473], [23.4749,89.4675], [23.5092,78.4921], [23.4749,89.4675], [8.23263,88.173], [8.23263,88.173], [20.2009,87.0272], [23.4749,89.4675], [12.9044,85.6079], [33.2626,88.5473], [33.2626,88.5473], [33.2626,88.5473], [23.4749,89.4675], [23.4749,89.4675], [33.2626,88.5473], [23.5092,78.4921], [33.2626,88.5473], [23.5092,78.4921], [23.4749,89.4675], [33.2626,88.5473], [28.6497,82.8021], [33.2626,88.5473], [39.0949,92.4709], [23.4749,89.4675], [33.2626,88.5473], [33.2626,88.5473], [23.4749,89.4675], [20.2009,87.0272], [23.4749,89.4675], [23.4749,89.4675], [34.6009,90.3544], [34.6009,90.3544], [23.4749,89.4675], [23.4749,89.4675], [45.0791,86.8046], [33.2626,88.5473], [30.6618,90.4858], [31.2567,90.5921], [31.561,90.6465], [40.6043,92.2616], [39.2104,92.0127], [32.1555,90.7527], [33.9101,91.0663], [32.6878,90.8479], [40.2539,85.7749], [46.3751,87.7025], [33.6727,91.0239], [45.6713,87.2757], [30.3592,90.4318], [43.0959,91.3787], [32.4315,90.802], [43.6795,92.4202], [42.8727,85.987], [49.0013,89.1251], [42.4704,85.9544], 