{
  "instance_index": 0,
  "birth_iter": 76,
  "death_iter": 101,
  "survival_iters": 25,
  "censored": true,
  "pre_vnd_cost": 9771.48,
  "post_vnd_cost": 490.63,
  "pre_vnd_coords": [[80,20], [86.2684,17.5916], [86.2684,17.5916], [85.8553,20.175], [86.2684,17.5916], [86.2684,17.5916], [84.5147,28.5691], [85.5089,22.3465], [84.9261,25.9948], [86.0643,18.8678], [83.8252,32.883], [70.8912,50.9561], [66.8805,20.1287], [61.2508,40.0774], [50.7468,33.5638], [52.8495,54.2529], [61.8089,38.1001], [64.5155,28.5091], [57.2961,37.6253], [47.6152,31.622], [62.4763,35.7355], [55.879,36.7463], [51.5076,34.0355], [49.3252,54.8012], [61.4527,39.3621], [61.0716,52.9734], [36.3538,20.5286], [15.5902,43.6239], [11.2199,44.4121], [12.3735,44.2041], [11.6129,44.3412], [11.9912,44.273], [11.2969,64.1622], [11.3342,43.402], [9.8249,57.1966], [9.83288,57.1644], [10.0545,58.2829], [16.5878,43.444], [13.1872,44.0573], [12.7285,31.0753], [11.2199,44.4121], [11.2199,44.4121], [11.4695,42.2057], [11.2199,44.4121], [11.1346,63.3935], [11.2199,44.4121], [19.0437,43.0379], [11.2199,44.4121], [9.8249,57.1966], [9.84514,57.1151], [10.3024,59.4557], [11.2142,63.7707], [11.2199,44.4121], [9.8249,57.1966], [9.8249,57.1966], [9.8249,57.1966], [12.0413,56.5093], [10.5258,56.9273], [9.8249,57.1966], [20.5032,43.5472], [17.7479,52.9964], [9.8249,57.1966], [26.8593,61.1183], [18.7983,51.8546], [24.447,64.8021], [17.3712,53.4059], [21.0997,45.8323], [33.4349,62.6617], [17.1268,43.3468], [20.8844,45.0075], [18.7521,43.0537], [21.6333,47.8761], [29.7801,35.6355], [21.2966,46.5864], [14.0438,43.9029], [13.6032,43.9823], [13.8122,56.0207], [14.4511,43.8294], [18.7521,43.0537], [21.5509,47.5605], [20.6278,44.0244], [21.4666,47.2377], [20.6698,44.1853], [15.9109,54.9933], [17.8177,43.2222], [16.0941,43.533], [40.4675,35.8572], [18.1515,52.5578], [20.7501,44.4931], [29.9042,32.5551], [30.1024,27.6266], [12.2937,34.9197], [20.3519,42.9675], [36.0504,38.755], [18.9754,43.0416], [20.588,43.8721], [30.4555,35.9857], [35.642,38.6064], [39.5578,38.7826], [39.5092,38.783], [20.7123,44.3481], [34.7808,38.2274], [20.5455,43.7091], [37.7007,38.7982], [21.387,46.9325], [30.568,61.4694], [20.4172,43.2178], [28.3516,61.2596], [20.3721,43.0448], [13.0664,56.2265], [29.8273,34.4658], [32.2691,36.9258], [35.7775,38.6557], [25.361,61.4403], [36.9267,38.8047], [35.5115,38.5589], [35.401,38.5187], [35.2066,38.448], [39.9759,37.4709], [35.9116,38.7045], [39.5768,38.7824], [20.9927,45.4224], [21.7194,48.206], [20.4597,43.3803], [21.2096,46.2531], [29.9231,61.4083], [34.5654,38.1158], [38.5885,38.7907], [35.2066,38.448], [45.9582,55.7867], [31.875,61.5931], [33.653,37.6431], [46.9748,58.4357], [46.1301,56.2348], [45.791,55.3511], [31.1266,36.3336], [34.3546,38.0066], [36.2039,38.8109], [35.305,38.4838], [21.8158,48.5751], [39.4765,38.7833], [34.9972,38.3395], [61.3414,39.7563], [45.873,55.5647], [39.4942,38.7831], [33.1811,61.7168], [47.0925,58.7423], [46.6466,55.2179], [39.4448,38.7835], [50.2235,66.9066], [46.4355,57.0304], [31.766,36.6651], [39.7078,38.3518], [46.0447,56.0121], [35.2066,38.448], [39.8389,37.9211], [34.135,37.8928], [39.5429,38.7827], [39.4615,38.7834], [53.7812,54.1079], [46.258,56.5681], [45.8309,55.455], [61.514,52.8949], [56.0396,53.7565], [62.3487,52.722], [62.5585,52.6785], [65.0286,61.918], [56.3578,37.0433], [61.2508,40.0774], [50.2235,66.9066], [46.6579,57.6101], [50.2235,66.9066], [47.219,59.072], [47.3426,59.394], [53.8718,70.7155], [50.2235,66.9066], [46.3169,56.7216], [55.9358,71.6847], [60.4027,53.0775], [53.3809,70.3634], [55.0905,71.5896], [61.3273,52.9336], [53.5991,70.5199], [54.1729,70.9314], [54.6702,71.2881], [61.9261,52.8095], [54.454,71.133], [46.0912,56.1333], [53.5279,70.4688], [46.7316,57.802], [53.9471,70.7695], [50.2235,66.9066], [56.1416,71.6734], [56.0449,71.6787], [57.1997,53.5759], [62.7769,52.6333], [55.0197,71.5388], [57.9038,53.4663], [67.8192,65.3773], [60.0279,53.1358], [56.6545,53.6608], [56.2461,71.6677], [64.2692,62.9517], [61.3273,52.9336], [74.8466,73.2515], [78.1656,76.2332], [59.3248,68.7242], [73.7109,72.2312], [79.4136,55.6497], [55.2246,71.6858], [72.4764,71.1221], [55.7417,71.6953], [56.9042,85.8558], [46.8997,81.3684], [53.4578,70.4185], [63.5271,63.9618], [54.0273,70.827], [64.9354,84.0459], [61.7532,66.0723], [60.4967,67.4445], [54.8127,71.3903], [54.3921,71.0886], [54.9479,71.4873], [54.5249,71.1839], [54.8813,71.4395], [60.7931,53.0167], [56.3621,71.6614], [54.3217,71.0381], [64.9355,84.046], [72.8617,71.4684], [75.4972,73.8359], [54.5981,71.2364], [54.2454,70.9834], [61.7117,52.8539], [59.325,68.724], [62.8836,64.8375], [56.4946,71.6541], [50.2235,66.9066], [68.9679,86.3535], [56.5513,71.651], [58.0258,85.6032], [62.2074,84.6609], [43.5236,88.5252], [55.8351,71.6902], [59.3249,68.7241], [53.6715,70.5718], [51.0112,67.7759], [46.1343,83.2819], [46.0625,81.3102], [46.3843,82.6568], [54.1007,70.8796], [53.7379,70.6194], [53.3115,70.3136], [45.5725,81.2762], [55.2737,71.721], [40.4187,80.9206], [57.0994,85.8119], [55.3949,71.7143], [56.0408,86.0501], [45.5725,81.2762], [45.7337,81.2874], [36.9172,72.6608], [33.7833,63.9591], [36.2811,71.1601], [46.3006,82.8661], [46.3876,81.3328], [39.9415,79.7951], [33.2593,62.008], [37.6062,74.2862], [33.8695,64.2799], [33.6011,63.2806], [35.6011,69.5562], [25.2435,62.1576], [46.8036,57.9896], [45.5725,81.2762], [34.5546,66.8307], [34.2718,65.7776], [46.2239,81.3214], [34.1743,65.4146], [53.8032,70.6662], [46.5843,57.4183], [46.6273,81.3495], [51.8818,68.7366], [33.5453,63.073], [50.2235,66.9066], [37.8764,74.9237], [46.92,58.293], [46.511,57.2273], [35.2734,68.7831], [50.2235,66.9066], [46.0011,55.8986], [50.2235,66.9066], [50.2235,66.9066], [46.8639,58.1467], [33.7191,63.72], [25.2623,62.0423], [38.3253,75.9825], [38.1804,75.6407], [24.542,64.4978], [46.1979,56.4115], [12.3473,69.138], [25.0432,62.8918], [25.3404,61.5659], [34.0751,65.0452], [33.9876,64.7198], [24.8322,63.5679], [25.4155,61.1077], [24.2534,65.4225], [21.3334,74.7781], [38.6622,76.7775], [34.4531,66.4528], [38.4854,76.3604], [35.9174,70.3024], [38.9379,77.4278], [27.6316,61.1914], [23.5045,67.8219], [34.9897,68.1139], [15.3579,55.5944], [37.7344,74.5887], [25.2115,62.3529], [33.6582,63.4931], [33.4904,62.8684], [25.1342,62.6002], [31.2231,61.5314], [34.3591,66.1029], [25.2269,62.2588], [33.38,62.4572], [32.5277,61.6549], [16.9656,53.8469], [24.7426,63.855], [24.1987,65.5977], [25.2821,61.9216], [33.8939,64.3708], [12.2363,69.7923], [33.326,62.2562], [23.7232,67.1212], [25.3789,61.3309], [16.4351,54.4235], [24.6499,64.1519], [25.3205,61.6876], [24.9476,63.1981], [25.4358,60.9836], [25.3961,61.2258], [18.4839,52.1964], [11.4769,65.0151], [26.1831,61.0543], [23.9477,66.402], [22.2962,71.6932], [33.2945,62.139], [21.2638,75.0011], [11.3738,56.6934], [19.4637,51.1313], [14.4372,79.5734], [13.4451,83.1812], [21.4725,74.3323], [11.7857,66.4779], [34.6466,67.1731], [21.0626,75.6456], [12.1763,70.146], [34.7428,67.5315], [21.8319,73.1809], [11.6851,66.001], [33.2217,61.8679], [19.1224,51.5023], [25.9576,83.5581], [25.2999,61.8129], [11.0392,62.9408], [14.733,81.1675], [21.734,73.4945], [11.9794,67.3954], [12.2371,76.8362], [12.2073,68.475], [19.8156,50.7487], [11.9995,71.1879], [11.9995,71.1879], [11.9995,71.1878], [12.1482,76.7257], [12.0719,74.4272], [20.9732,75.9321], [12.0098,71.6522], [12.0419,73.0889], [12.058,70.8431], [12.3144,76.9325], [10.6675,61.1822], [21.5291,74.1508], [11.9995,71.1878], [21.5825,73.9798], [11.0718,63.0953], [9.8249,57.1966], [11.9995,71.1879], [9.84072,57.1328], [12.2945,69.4495], [14.8022,80.0275], [9.8249,57.1966], [11.9995,71.1878], [11.5819,65.5122], [12.0203,72.1219], [9.8249,57.1966], [9.82849,57.1821], [21.1953,75.2204], [12.478,77.136], [11.9995,71.1878], [9.8249,57.1966], [9.8249,57.1966], [12.0732,67.84], [11.1031,63.244], [13.9432,78.9588], [23.2223,68.726], [11.3108,86.5182], [9.8249,57.1966], [12.0538,73.623], [9.83675,57.1488], [9.8249,57.1966], [11.9995,71.1878], [9.8249,57.1966], [9.8249,57.1966], [11.9995,