{
  "instance_index": 0,
  "birth_iter": 74,
  "death_iter": 80,
  "survival_iters": 6,
  "censored": false,
  "pre_vnd_cost": 6935.82,
  "post_vnd_cost": 566.757,
  "pre_vnd_coords": [[80,20], [78.2864,14.8363], [79.5878,14.7702], [67.0148,15.4096], [71.1844,15.1978], [69.2433,15.2964], [67.8759,15.3659], [58.8893,20.821], [63.5238,17.7345], [59.7276,20.2625], [59.4527,20.4457], [59.2386,20.5883], [59.0493,20.7144], [55.7604,21.8849], [58.6325,20.9921], [58.3791,21.1609], [58.0937,21.351], [56.8473,21.6362], [56.6406,21.6835], [56.4234,21.7332], [56.1806,21.7887], [55.9794,21.8348], [40.2888,17.5927], [43.7183,20.5265], [47.5122,23.7719], [53.1671,22.4782], [50.9418,22.9872], [49.128,23.4022], [47.5122,23.7719], [47.5122,23.7719], [47.5122,23.7719], [47.5122,23.7719], [47.5122,23.7719], [27.8117,20.4524], [28.62,20.7213], [35.8259,19.2906], [37.7254,18.5679], [29.9191,21.5375], [32.7282,20.4689], [29.3375,20.9601], [29.8466,21.4655], [29.7786,21.398], [29.7123,21.3322], [29.6462,21.2666], [29.5711,21.192], [29.5159,21.1371], [29.4536,21.0753], [29.3972,21.0193], [16.4489,40.3084], [15.3751,39.9244], [16.4489,40.3084], [10.7588,31.0462], [11.6214,22.3934], [11.5643,22.9663], [12.1325,17.2668], [12.3285,15.3003], [12.3132,15.4534], [12.2975,15.6108], [12.2794,15.7923], [12.2627,15.9606], [12.247,16.1177], [12.2297,16.2913], [12.213,16.4591], [12.1948,16.6412], [12.1793,16.7968], [12.1639,16.9516], [12.1486,17.1046], [11.6715,21.8908], [11.935,19.2475], [11.8675,19.925], [11.8088,20.5135], [11.7532,21.0715], [11.7114,21.4911], [11.0881,27.7435], [11.4929,23.6824], [11.3959,24.6557], [11.3135,25.4822], [11.2775,25.8436], [11.2425,26.1942], [11.205,26.5705], [11.1659,26.9633], [11.1261,27.3621], [10.9484,29.1443], [11.0154,28.4722], [10.2865,35.7835], [10.856,30.0711], [10.6707,31.9302], [10.5793,32.8465], [14.7554,39.9721], [10.3437,35.2095], [9.9105,39.5548], [10.1145,37.5085], [14.6859,39.9774], [10.4086,34.5586], [10.4814,33.8284], [20.299,42.4221], [22.9474,43.876], [12.5483,40.142], [15.0276,39.9511], [9.94979,39.1608], [9.87147,39.9464], [10.6569,40.2876], [11.1581,40.249], [11.3772,40.2321], [11.6132,40.214], [12.7787,40.1243], [13.0183,40.1058], [13.4809,40.0702], [13.6786,40.055], [13.8759,40.0398], [14.0745,40.0245], [14.3116,40.0062], [14.6162,39.9828], [10.8971,40.2691], [24.0924,44.5046], [25.0766,45.0449], [19.6581,42.0702], [21.4096,43.0317], [22.5509,43.6583], [12.0806,40.178], [23.8485,44.3707], [22.1808,43.4551], [13.2814,40.0855], [36.8202,73.9133], [37.0559,73.6845], [42.225,72.3509], [37.2253,73.52], [23.155,51.2176], [23.1785,49.8216], [23.1852,49.4231], [23.1821,49.605], [23.1709,50.2759], [23.1914,49.0515], [23.146,51.7532], [23.1632,50.7291], [23.1748,50.041], [23.1884,49.2345], [21.4046,55.3822], [26.077,54.9741], [21.5926,55.1645], [10.8314,57.3345], [31.0202,52.5034], [35.3814,69.3161], [18.9218,71.7351], [16.1604,73.7039], [23.5909,44.2292], [27.6456,54.2674], [17.0419,55.6678], [23.5457,54.876], [18.9224,71.7147], [18.8757,71.7844], [21.7837,54.9432], [10.7278,58.056], [25.3178,45.1773], [27.626,45.7512], [19.3183,56.0617], [9.25807,68.2961], [26.3373,45.737], [18.4066,55.9039], [18.5708,72.0606], [10.4011,40.3073], [19.7315,56.1332], [10.7152,58.1438], [22.3289,54.7647], [14.8216,55.2837], [10.6652,58.4925], [11.2152,54.6597], [10.9982,77.5894], [10.7213,58.1016], [15.3751,39.9244], [15.5663,55.4125], [11.1749,54.9406], [10.7022,58.2343], [11.0559,55.7698], [17.6022,40.9416], [10.6906,58.3151], [11.8413,40.1964], [12.32,40.1596], [12.5579,54.892], [9.99579,38.6994], [10.1065,40.33], [13.0317,54.974], [10.6964,58.2747], [10.6716,58.4476], [11.2152,54.6597], [9.83111,40.3512], [11.2152,54.6597], [11.2152,54.6597], [11.2152,54.6597], [13.5248,55.0593], [10.7915,57.6122], [11.0111,56.0819], [9.36763,67.5325], [10.7345,58.0091], [11.2152,54.6597], [8.75816,71.7797], [10.7081,58.193], [11.4035,54.6923], [10.3275,60.8445], [11.2152,54.6597], [11.2152,54.6597], [11.6127,54.7285], [10.9211,56.7096], [10.6842,58.3599], [8.9127,70.7028], [11.2152,54.6597], [9.54099,66.3245], [10.8721,57.0506], [18.2254,72.3737], [10.0199,77.0632], [12.3024,76.2191], [18.322,72.2861], [9.65194,65.5512], [10.7476,57.9183], [8.75816,71.7797], [9.1383,69.1307], [8.75816,71.7797], [12.3277,76.2181], [8.75816,71.7797], [11.14,77.4493], [8.75816,71.7797], [9.42056,67.1636], [12.3562,76.217], [18.6879,71.9545], [9.5957,65.9432], [8.75816,71.7797], [8.75816,71.7797], [11.9512,76.6477], [9.47962,66.7521], [8.75816,71.7797], [9.08042,69.5342], [9.54513,75.075], [9.011,70.0178], [9.03933,72.957], [8.95906,70.3797], [18.5995,72.0346], [8.81274,71.3995], [10.2436,77.9996], [9.70992,65.1472], [17.9264,72.5745], [14.3751,74.8456], [12.0737,76.5267], [9.82161,64.3689], [8.86107,71.0626], [12.1559,87.1497], [10.2636,78.0834], [12.2238,76.3784], [8.75816,71.7797], [9.34714,74.2459], [9.71769,75.7975], [10.1807,77.7361], [11.4214,77.1712], [17.6359,72.7603], [18.9218,71.7326], [12.2791,76.22], [10.1913,77.7807], [17.4079,72.9061], [29.9786,78.3767], [12.2225,76.2222], [10.3083,78.271], [11.6256,88.3593], [10.7437,90.3702], [25.1046,89.1854], [25.1741,89.1797], [10.9436,89.9144], [20.8608,89.5355], [14.1293,82.6495], [11.2835,89.1394], [19.8283,89.6207], [11.6038,88.4089], [10.2539,78.043], [16.8188,89.8689], [11.715,88.1554], [10.2233,77.9146], [10.9859,89.8179], [11.7371,88.105], [12.4429,86.4954], [11.5162,88.6086], [10.2864,78.1792], [11.4945,88.6582], [14.9813,80.7064], [11.1123,89.5296], [10.2333,77.9566], [13.3082,84.5221], [12.727,85.8476], [11.4732,88.7066], [11.6481,88.3078], [11.5604,88.5079], [11.0901,89.5802], [11.1342,89.4798], [13.697,83.6354], [24.2535,89.2556], [11.7774,88.0131], [11.1764,89.3835], [11.0684,89.6298], [10.7437,90.3702], [11.3875,88.9021], [11.4505,88.7585], [11.4287,88.8082], [11.006,89.772], [11.0472,89.678], [10.7698,90.3107], [10.8191,90.1982], [10.2753,78.1328], [9.87405,76.4523], [10.8424,90.145], [11.3049,89.0906], [11.6426,90.296], [10.9227,89.9619], [11.2414,89.2352], [11.198,89.3342], [10.7942,90.2551], [11.3263,89.0417], [10.9049,90.0027], [10.202,77.8254], [11.2635,89.1849], [11.027,89.7241], [11.5396,88.5554], [11.6935,88.2044], [11.3473,88.9938], [15.5161,79.4866], [11.4086,88.8541], [10.9627,89.8708], [11.1556,89.431], [13.0203,85.1787], [10.8864,90.0448], [10.8645,90.0946], [12.5944,90.2175], [15.4927,89.9783], [14.1003,90.0932], [18.2539,89.7505], [20.3703,89.576], [21.6956,89.4666], [21.5262,89.4806], [21.3572,89.4945], [21.1942,89.508], [21.0265,89.5218], [20.7013,89.5486], [20.5394,89.562], [22.5255,89.3982], [22.8208,89.3738], [22.671,89.3862], [31.6867,88.6426], [24.9746,89.1961], [25.037,89.191], [25.3872,89.1621], [35.1651,87.2152], [33.953,88.1555], [18.457,89.7338], [20.1877,89.591], [19.6579,89.6347], [19.3275,89.662], [19.1577,89.676], [18.9792,89.6907], [18.7927,89.7061], [18.6165,89.7206], [11.6713,88.255], [11.2206,89.2828], [11.3683,88.9459], [23.4338,89.3232], [25.3158,89.168], [22.211,89.4241], [23.6062,89.309], [24.9104,89.2014], [42.7312,89.5207], [24.0933,89.2688], [24.4314,89.2409], [24.5831,89.2284], [24.7751,89.2126], [27.3318,89.0017], [43.6837,90.247], [28.3757,88.9156], [42.2851,89.8661], [25.2454,89.1738], [22.9881,89.36], [23.289,89.3352], [23.139,89.3476], [29.5012,88.8228], [42.5751,89.6416], [50.12,80.5032], [24.8421,89.2071], [26.3654,89.0814], [45.5527,90.7561], [46.9612,91.1398], [42.7003,89.9792], [33.52,88.4914], [42.9497,90.0471], [30.5408,88.7371], [42.5124,73.4841], [24.7109,89.2179], [44.4027,88.2268], [33.7486,88.3141], [45.0704,90.6248], [32.3555,82.4281], [45.5022,87.3752], [45.2343,87.5828], [22.0422,89.438], [35.0565,69.8609], [23.7672,89.2957], [29.9786,78.3767], [34.4278,85.959], [31.676,75.5301], [34.739,86.4891], [34.0896,85.3827], [33.7584,84.8183], [33.4268,84.2534], [33.064,83.6353], [32.6989,83.0132], [29.9786,78.3767], [29.9786,78.3767], [30.113,78.1513], [30.3496,77.7545], [30.4718,77.5497], [30.6005,77.3337], [30.7252,77.1247], [30.991,76.6789], [31.1227,76.4581], 