{
  "instance_index": 0,
  "birth_iter": 47,
  "death_iter": 50,
  "survival_iters": 3,
  "censored": false,
  "pre_vnd_cost": 10447.1,
  "post_vnd_cost": 668.233,
  "pre_vnd_coords": [[80,20], [84.3401,15.2891], [80.7132,17.5929], [84.3401,15.2891], [84.3401,15.2891], [41.6591,25.7313], [52.4466,38.8723], [33.8559,19.4233], [38.1314,18.3172], [33.8559,19.4233], [54.458,25.1041], [33.8559,19.4233], [33.8559,19.4233], [38.1314,18.3172], [41.204,38.8077], [38.1314,18.3172], [38.1314,18.3172], [38.1314,18.3172], [38.1314,18.3172], [31.3682,10.6221], [38.1314,18.3172], [38.1314,18.3172], [12.3308,15.759], [11.1921,17.1864], [33.8559,19.4233], [14.4839,35.2298], [17.7223,54.1931], [17.2208,54.1044], [8.44612,48.5322], [11.3239,46.0715], [11.3239,46.0715], [8.44612,48.5322], [20.7273,60.4169], [19.8926,47.9253], [12.5214,66.5986], [8.44612,48.5322], [18.0453,70.7887], [18.0453,70.7887], [19.199,53.4503], [12.6852,75.5166], [8.76691,66.3826], [17.2208,54.1044], [12.8403,66.8906], [10.684,72.6857], [10.4622,75.3428], [18.0453,70.7887], [12.8403,66.8906], [17.2208,54.1044], [20.7273,60.4169], [12.6852,75.5166], [12.5214,66.5986], [8.76691,66.3826], [12.5214,66.5986], [10.4622,75.3428], [8.76691,66.3826], [8.76691,66.3826], [10.4622,75.3428], [13.643,75.8778], [12.5214,66.5986], [17.2208,54.1044], [13.623,54.0512], [13.623,54.0512], [20.7273,60.4169], [12.8403,66.8906], [8.76691,66.3826], [8.76691,66.3826], [8.76691,66.3826], [19.199,53.4503], [12.8403,66.8906], [12.8403,66.8906], [18.0453,70.7887], [20.7273,60.4169], [12.5214,66.5986], [20.9268,64.5996], [10.4622,75.3428], [20.7273,60.4169], [8.76691,66.3826], [19.199,53.4503], [20.2009,87.0272], [20.9268,64.5996], [20.9268,64.5996], [8.76691,66.3826], [12.5214,66.5986], [8.76691,66.3826], [17.2208,54.1044], [20.7273,60.4169], [10.4622,75.3428], [10.684,72.6857], [10.4622,75.3428], [12.8403,66.8906], [8.76691,66.3826], [8.76691,66.3826], [10.4622,75.3428], [8.76691,66.3826], [12.6852,75.5166], [8.76691,66.3826], [12.5214,66.5986], [8.76691,66.3826], [20.9268,64.5996], [12.5214,66.5986], [8.43202,86.9409], [8.69805,84.5854], [10.4622,75.3428], [8.62275,88.3078], [8.69805,84.5854], [8.62275,88.3078], [8.43202,86.9409], [8.23263,88.173], [8.69805,84.5854], [8.69805,84.5854], [12.9044,85.6079], [8.23263,88.173], [8.23263,88.173], [8.69805,84.5854], [8.23263,88.173], [8.62275,88.3078], [8.69805,84.5854], [8.69805,84.5854], [8.43202,86.9409], [8.69805,84.5854], [8.23263,88.173], [8.69805,84.5854], [8.69805,84.5854], [8.69805,84.5854], [8.69805,84.5854], [8.69805,84.5854], [8.43202,86.9409], [10.4622,75.3428], [8.69805,84.5854], [8.69805,84.5854], [8.43202,86.9409], [8.62275,88.3078], [8.69805,84.5854], [8.69805,84.5854], [8.23263,88.173], [8.69805,84.5854], [10.4622,75.3428], [8.62275,88.3078], [8.69805,84.5854], [8.23263,88.173], [8.69805,84.5854], [8.23263,88.173], [8.62275,88.3078], [8.69805,84.5854], [8.23263,88.173], [8.62275,88.3078], [11.459,88.5682], [21.3795,79.4288], [15.6806,85.6712], [18.8181,88.3038], [10.684,72.6857], [8.69805,84.5854], [8.69805,84.5854], [8.69805,84.5854], [8.62275,88.3078], [8.69805,84.5854], [8.69805,84.5854], [8.69805,84.5854], [8.69805,84.5854], [8.23263,88.173], [8.69805,84.5854], [8.69805,84.5854], [8.69805,84.5854], [8.69805,84.5854], [14.8496,49.0087], [13.623,54.0512], [19.0699,43.6352], [19.8926,47.9253], [18.5565,29.9924], [15.6688,16.3623], [33.8559,19.4233], [11.1921,17.1864], [12.3308,15.759], [11.1921,17.1864], [13.7435,31.058], [11.1921,17.1864], [11.1921,17.1864], [11.1921,17.1864], [15.6688,16.3623], [11.1921,17.1864], [11.1921,17.1864], [15.6688,16.3623], [11.1921,17.1864], [13.7435,31.058], [12.3308,15.759], [12.3308,15.759], [12.3308,15.759], [12.3308,15.759], [11.1921,17.1864], [8.42893,20.4729], [8.42893,20.4729], [8.42893,20.4729], [10.7646,16.1562], [10.7646,16.1562], [15.6688,16.3623], [12.3308,15.759], [8.42893,20.4729], [11.0282,29.9836], [11.0282,29.9836], [12.3308,15.759], [14.4839,35.2298], [8.44612,48.5322], [12.3308,15.759], [11.1921,17.1864], [11.0282,29.9836], [12.3308,15.759], [8.42893,20.4729], [8.42893,20.4729], [14.4839,35.2298], [11.3239,46.0715], [8.44612,48.5322], [8.44612,48.5322], [8.44612,48.5322], [11.3239,46.0715], [16.8233,50.2758], [8.44612,48.5322], [11.3239,46.0715], [8.44612,48.5322], [11.3239,46.0715], [12.8403,66.8906], [8.44612,48.5322], [14.4839,35.2298], [19.0699,43.6352], [10.8086,41.1111], [8.44612,48.5322], [8.44612,48.5322], [8.44612,48.5322], [19.0699,43.6352], [8.44612,48.5322], [8.44612,48.5322], [8.44612,48.5322], [10.8086,41.1111], [21.4534,29.8378], [8.44612,48.5322], [8.44612,48.5322], [16.8233,50.2758], [29.4447,50.9755], [19.8926,47.9253], [19.0699,43.6352], [14.4839,35.2298], [13.7435,31.058], [29.4447,50.9755], [34.9603,40.195], [29.4447,50.9755], [10.8086,41.1111], [23.4188,39.6585], [19.8926,47.9253], [29.4447,50.9755], [34.9603,40.195], [19.199,53.4503], [10.8086,41.1111], [19.0699,43.6352], [10.8086,41.1111], [19.8926,47.9253], [29.4447,50.9755], [17.2208,54.1044], [10.8086,41.1111], [19.0699,43.6352], [34.9603,40.195], [10.8086,41.1111], [12.5214,66.5986], [16.8233,50.2758], [8.44612,48.5322], [19.0699,43.6352], [11.3239,46.0715], [17.2208,54.1044], [19.8926,47.9253], [19.0699,43.6352], [10.8086,41.1111], [17.2208,54.1044], [20.7273,60.4169], [29.4447,50.9755], [8.44612,48.5322], [19.0699,43.6352], [36.2827,34.7344], [14.8496,49.0087], [29.5944,48.0177], [28.9089,26.9425], [36.2827,34.7344], [29.5944,48.0177], [23.553,38.3166], [29.5988,54.3301], [23.553,38.3166], [23.553,38.3166], [19.9426,37.1384], [32.6614,33.4539], [18.8652,38.4844], [28.9089,26.9425], [23.553,38.3166], [18.8652,38.4844], [32.6614,33.4539], [19.6298,27.04], [19.6298,27.04], [36.2827,34.7344], [14.8496,49.0087], [15.7955,33.5969], [28.9089,26.9425], [19.6298,27.04], [19.6298,27.04], [19.6298,27.04], [15.7955,33.5969], [19.6298,27.04], [19.6298,27.04], [28.9089,26.9425], [28.9089,26.9425], [41.6591,25.7313], [36.2827,34.7344], [36.2827,34.7344], [19.6298,27.04], [41.6591,25.7313], [36.2827,34.7344], [41.6591,25.7313], [34.9603,40.195], [34.9603,40.195], [34.9603,40.195], [34.9603,40.195], [41.204,38.8077], [41.204,38.8077], [44.9055,40.2909], [34.9603,40.195], [34.9603,40.195], [34.9603,40.195], [11.3239,46.0715], [11.3239,46.0715], [19.8926,47.9253], [34.9603,40.195], [29.4447,50.9755], [34.9603,40.195], [34.9603,40.195], [14.4839,35.2298], [32.2374,63.5575], [20.7273,60.4169], [13.623,54.0512], [29.4447,50.9755], [19.199,53.4503], [19.8926,47.9253], [19.8926,47.9253], [32.2374,63.5575], [29.4447,50.9755], [29.4447,50.9755], [35.5847,64.5233], [32.2374,63.5575], [19.199,53.4503], [32.2374,63.5575], [20.7273,60.4169], [27.0459,64.0019], [32.2374,63.5575], [32.2374,63.5575], [35.5847,64.5233], [35.5847,64.5233], [18.0453,70.7887], [19.199,53.4503], [20.7273,60.4169], [20.9268,64.5996], [32.2374,63.5575], [19.199,53.4503], [20.7273,60.4169], [17.2208,54.1044], [16.8233,50.2758], [20.9268,64.5996], [20.9268,64.5996], [20.7273,60.4169], [20.7273,60.4169], [27.0459,64.0019], [33.5052,65.1725], [20.9268,64.5996], [23.5092,78.4921], [32.2374,63.5575], [29.4447,50.9755], [27.0516,83.3261], [35.5847,64.5233], [35.5847,64.5233], [23.5092,78.4921], [27.0459,64.0019], [40.3169,83.5015], [32.8208,77.2881], [46.604,81.315], [33.5052,65.1725], [41.7451,86.9038], [39.9626,83.182], [52.6473,95.6313], [36.2012,98.2931], [52.6473,95.6313], [52.6473,95.6313], [50.9681,99.7223], [30.7223,92.3481], [36.2012,98.2931], [46.3063,96.1943], [52.6473,95.6313], [40.3969,91.8927], [50.9681,99.7223], [24.2908,84.3374], [35.1008,90.2785], [37.3805,84.1894], [37.3805,84.1894], [36.2012,98.2931], [31.0912,95.1445], [40.3969,91.8927], [31.0912,95.1445], [45.8743,83.52], [40.3969,91.8927], [30.7223,92.3481], [30.7223,92.3481], [31.0912,95.1445], [39.9626,83.182], [36.2012,98.2931], [45.0791,86.8046], [52.6473,95.6313], [49.6235,89.2779], [48.857,81.4924], [45.0791,86.8046], [45.0791,86.8046], [36.2012,98.2931], [24.2908,84.3374], [20.3933,86.9747], [18.8181,88.3038], 