{
  "instance_index": 0,
  "birth_iter": 18,
  "death_iter": 40,
  "survival_iters": 22,
  "censored": false,
  "pre_vnd_cost": 10957.1,
  "post_vnd_cost": 555.121,
  "pre_vnd_coords": [[80,20], [84.8077,8.13346], [96.12,27.317], [84.8077,8.13346], [96.12,27.317], [84.8077,8.13346], [84.8077,8.13346], [96.12,27.317], [87.4421,33.8767], [76.0543,50.1218], [75.1294,43.2601], [87.4421,33.8767], [96.12,27.317], [61.1844,49.7551], [75.7588,31.6708], [75.1294,43.2601], [61.1844,49.7551], [64.4466,24.5967], [71.634,30.7768], [51.9782,40.4463], [51.9782,40.4463], [61.1844,49.7551], [75.1294,43.2601], [61.1844,49.7551], [61.1844,49.7551], [51.9782,40.4463], [57.4716,37.0035], [66.567,52.3855], [57.4716,37.0035], [61.1844,49.7551], [57.4716,37.0035], [76.0543,50.1218], [66.567,52.3855], [57.4716,37.0035], [51.9782,40.4463], [51.9782,40.4463], [42.4519,46.0401], [55.4633,49.1621], [42.4519,46.0401], [42.4519,46.0401], [55.4633,49.1621], [42.4519,46.0401], [57.4716,37.0035], [51.9782,40.4463], [40.4727,39.2077], [48.5727,33.9915], [47.239,21.6417], [40.6844,32.1154], [57.4716,37.0035], [64.4466,24.5967], [51.9782,40.4463], [55.4633,49.1621], [51.9782,40.4463], [40.6844,32.1154], [48.5727,33.9915], [64.4466,24.5967], [57.4716,37.0035], [64.4466,24.5967], [51.3947,29.8831], [40.6844,32.1154], [40.6844,32.1154], [48.5727,33.9915], [35.7661,34.4511], [51.3947,29.8831], [48.5727,33.9915], [40.4727,39.2077], [35.7661,34.4511], [40.4727,39.2077], [20.1793,29.0598], [35.3765,36.3084], [48.5727,33.9915], [34.2579,52.7708], [40.4727,39.2077], [33.6768,44.1059], [38.8011,57.3208], [55.4633,49.1621], [39.5402,52.8723], [35.3765,36.3084], [35.7661,34.4511], [33.6768,44.1059], [40.6844,32.1154], [39.5402,52.8723], [40.4727,39.2077], [33.6768,44.1059], [33.6768,44.1059], [26.4217,44.4046], [26.4217,44.4046], [27.1309,50.0155], [26.1646,34.4724], [35.7661,34.4511], [48.5727,33.9915], [13.649,50.0937], [19.7371,57.3229], [17.6516,48.9816], [26.9403,56.1457], [34.7791,67.0037], [40.4727,39.2077], [31.27,49.1489], [39.5402,52.8723], [26.9403,56.1457], [26.9403,56.1457], [30.1783,69.1039], [23.516,72.5219], [19.7371,57.3229], [34.2579,52.7708], [34.2579,52.7708], [31.27,49.1489], [26.9403,56.1457], [27.0985,61.201], [19.6247,66.0808], [19.6247,66.0808], [26.9403,56.1457], [27.0985,61.201], [27.0985,61.201], [23.516,72.5219], [22.3526,61.1928], [38.2406,69.5799], [23.516,72.5219], [19.7371,57.3229], [27.0985,61.201], [30.1783,69.1039], [27.0985,61.201], [23.516,72.5219], [30.1783,69.1039], [30.239,73.1706], [27.0985,61.201], [27.0985,61.201], [41.8085,59.3625], [41.8085,59.3625], [34.9674,76.7339], [34.2579,52.7708], [34.7791,67.0037], [41.8085,59.3625], [52.0369,70.8449], [27.0985,61.201], [38.8011,57.3208], [31.27,49.1489], [27.0985,61.201], [38.8011,57.3208], [38.8011,57.3208], [39.5402,52.8723], [37.5982,66.0704], [34.2579,52.7708], [42.4519,46.0401], [41.8085,59.3625], [27.0985,61.201], [27.0985,61.201], [34.2579,52.7708], [37.8287,73.2038], [46.8712,54.632], [34.2579,52.7708], [33.6768,44.1059], [46.8712,54.632], [37.8287,73.2038], [33.6768,44.1059], [46.8712,54.632], [38.8011,57.3208], [42.4519,46.0401], [38.8011,57.3208], [42.4519,46.0401], [54.4523,52.45], [55.4633,49.1621], [54.4523,52.45], [52.0369,70.8449], [57.7628,61.9854], [57.7628,61.9854], [47.9346,65.8558], [51.9782,40.4463], [41.8085,59.3625], [41.8085,59.3625], [57.7628,61.9854], [42.4519,46.0401], [54.4523,52.45], [51.9782,40.4463], [54.4523,52.45], [70.2704,57.9448], [46.8712,54.632], [54.4523,52.45], [55.4633,49.1621], [61.1844,49.7551], [66.567,52.3855], [54.4523,52.45], [54.4523,52.45], [66.567,52.3855], [70.2704,57.9448], [76.0543,50.1218], [66.567,52.3855], [55.4633,49.1621], [76.0543,50.1218], [61.5584,57.5221], [61.5584,57.5221], [75.7588,31.6708], [76.0543,50.1218], [74.7495,66.8171], [76.0543,50.1218], [87.9235,48.5039], [93.9117,52.2092], [87.4421,33.8767], [93.9117,52.2092], [76.0543,50.1218], [76.0543,50.1218], [93.9117,52.2092], [75.1294,43.2601], [75.1294,43.2601], [76.0543,50.1218], [76.0543,50.1218], [82.2939,61.4108], [83.2791,60.8598], [76.0543,50.1218], [93.9117,52.2092], [76.0543,50.1218], [87.9235,48.5039], [87.9235,48.5039], [72.2833,66.2355], [83.2837,75.8159], [61.4859,77.856], [70.791,84.9744], [80.5086,65.6159], [70.791,84.9744], [61.4859,77.856], [64.6146,84.4273], [70.791,84.9744], [72.2833,66.2355], [83.2837,75.8159], [94.6152,82.933], [100.688,76.7986], [100.688,76.7986], [80.5086,65.6159], [83.2837,75.8159], [94.6152,82.933], [85.7151,93.7227], [94.6152,82.933], [94.6152,82.933], [69.6723,93.0787], [85.7151,93.7227], [80.9182,90.3114], [80.9182,90.3114], [85.7151,93.7227], [80.9182,90.3114], [70.7606,87.8606], [78.2935,100.275], [80.9182,90.3114], [78.2935,100.275], [69.6723,93.0787], [78.2935,100.275], [85.7151,93.7227], [67.656,73.0272], [61.4859,77.856], [60.9211,96.1119], [78.2935,100.275], [78.2935,100.275], [70.791,84.9744], [64.4226,91.8866], [70.7606,87.8606], [78.2935,100.275], [55.9321,91.9473], [55.9321,91.9473], [56.4738,83.3784], [55.9321,91.9473], [64.6146,84.4273], [54.1697,74.5283], [70.791,84.9744], [70.791,84.9744], [70.791,84.9744], [80.9182,90.3114], [70.791,84.9744], [69.6723,93.0787], [70.7606,87.8606], [70.791,84.9744], [70.791,84.9744], [61.4859,77.856], [70.7606,87.8606], [69.6723,93.0787], [70.7606,87.8606], [70.7606,87.8606], [64.4226,91.8866], [55.9321,91.9473], [70.7606,87.8606], [55.9321,91.9473], [60.9211,96.1119], [61.4859,77.856], [50.8909,96.62], [56.4738,83.3784], [60.9211,96.1119], [74.7495,66.8171], [56.4738,83.3784], [61.4859,77.856], [46.3215,77.5824], [56.4738,83.3784], [55.9321,91.9473], [63.3634,65.5985], [47.4433,89.1939], [56.4738,83.3784], [57.7628,61.9854], [56.4738,83.3784], [56.4738,83.3784], [80.5086,65.6159], [57.7628,61.9854], [57.7628,61.9854], [67.4312,62.1278], [67.4312,62.1278], [54.1697,74.5283], [63.3634,65.5985], [67.656,73.0272], [67.656,73.0272], [63.3634,65.5985], [61.4859,77.856], [83.2791,60.8598], [67.4312,62.1278], [82.2939,61.4108], [67.4312,62.1278], [72.2833,66.2355], [72.2833,66.2355], [63.0801,64.041], [61.8317,63.7109], [62.85,63.9801], [63.5949,64.1771], [51.8134,61.0649], [64.1774,64.3312], [59.2951,63.0408], [60.9121,63.4679], [63.7148,64.2088], [53.0743,79.4663], [61.2196,63.5492], [46.9798,75.5482], [57.5876,62.5899], [48.8663,87.1747], [48.0422,76.1541], [48.3469,85.2937], [48.3613,79.2988], [44.4729,74.4013], [52.7238,79.4538], [47.3044,75.6968], [49.6319,89.5693], [52.3502,79.4405], [51.9554,79.4264], [53.4036,79.478], [49.5042,89.5882], [48.0351,84.1643], [49.0366,89.6573], [47.9517,89.8173], [42.8664,90.5667], [49.6319,89.5693], [49.1981,89.6334], [47.297,89.9138], [48.4949,89.7372], [46.4429,90.0396], [49.6319,89.5693], [39.8028,88.8065], [46.8246,79.7769], [49.4996,89.1857], [47.7395,83.093], [49.567,89.3811], [47.3121,81.5437], [49.6319,89.5693], [49.6319,89.5693], [49.6319,89.5693], [49.268,88.5147], [48.2959,85.109], [49.0485,87.8347], [47.9408,83.8223], [47.2034,81.1496], [51.4858,79.4097], [48.8025,86.9437], [50.3288,79.3686], [40.4332,88.8211], [49.0541,79.3234], [49.1922,88.2951], [48.3964,85.4729], [45.0516,74.6661], [50.93,79.39], [47.4195,81.9332], [48.8266,76.6402], [30.0895,74.5239], [44.2959,74.3203], [31.0178,88.6039], [47.3044,75.6968], [30.0999,74.3476], [46.8501,79.8692], [36.5385,91.0898], [29.8247,74.0559], [37.8236,91.3099], [32.5656,88.6397], [29.9629,74.2024], [29.3705,86.6032], [31.7902,88.6218], [31.2772,88.6099], [30.0784,74.7108], [21.4609,84.4917], [48.4459,85.6523], [37.465,90.55], [48.9271,87.395], [48.7437,86.7306], [48.5579,86.0577], [48.6812,86.5043], [48.6189,86.2789], [47.3044,75.6968], [49.6319,89.5693], [44.6641,74.4888], [36.8498,90.9084], [45.4976,90.179], [48.2454,84.9262], [38.0884,90.1869], [48.1219,84.4788], [41.8101,90.7224], [38.7302,89.8131], [49.6319,89.5693], [43.8071,90.4281], [40.061,89.0378], [49.6319,89.5693], [38.4625,88.7757], [35.597,91.6382], [33.7297,88.6667], [18.5655,90.499], [30.0926,88.5826], [35.7589,91.6143], [18.5655,90.499], [44.6036,