{
  "instance_index": 0,
  "birth_iter": 34,
  "death_iter": 90,
  "survival_iters": 56,
  "censored": false,
  "pre_vnd_cost": 9254.76,
  "post_vnd_cost": 525.089,
  "pre_vnd_coords": [[80,20], [86.2684,17.5916], [86.2684,17.5916], [86.2684,17.5916], [86.5151,32.4561], [85.619,17.8409], [84.8979,18.1178], [86.2684,17.5916], [74.1565,17.7282], [62.2918,26.1396], [62.3934,25.9307], [62.5884,25.53], [65.9054,18.7211], [61.8504,27.0465], [60.6092,29.692], [61.9612,26.8189], [67.6264,15.1889], [70.387,16.2625], [62.4923,25.7274], [57.8406,43.7863], [64.2578,22.1023], [61.5344,27.6961], [62.8453,25.002], [58.3351,34.6252], [59.808,31.4301], [58.0128,44.804], [47.71,42.7843], [49.8489,43.5857], [57.1438,39.6697], [57.463,41.556], [57.5582,42.1186], [57.6726,42.7942], [58.0753,45.1731], [57.5966,42.3455], [57.9478,44.4199], [57.635,42.572], [57.7958,43.5221], [47.0463,42.5356], [61.4842,27.7992], [56.9196,38.3447], [62.6799,25.3418], [61.7381,27.2773], [56.881,38.1162], [33.6851,24.8927], [57.8874,44.063], [35.5513,19.6932], [34.6467,24.8362], [61.4362,27.898], [34.648,24.8361], [34.0905,26.2472], [35.5914,25.4685], [61.6539,27.4504], [59.0215,33.1362], [33.513,27.7089], [32.8593,29.364], [33.8374,15.6271], [33.4403,24.9072], [33.2081,28.4809], [33.6601,25.121], [34.6453,24.8362], [30.8263,34.5115], [30.1422,16.3432], [33.1955,24.9216], [26.4996,17.0492], [35.1476,15.373], [25.1128,17.3181], [10.8298,16.1264], [22.5087,17.823], [32.2023,15.944], [34.6439,24.8363], [28.0105,16.7563], [33.926,24.8786], [32.9506,24.936], [21.035,18.3655], [23.8099,17.5707], [20.2848,18.6417], [19.9125,37.0449], [32.7109,24.9502], [34.5433,25.2799], [34.2867,25.7506], [34.1661,24.8644], [19.5002,18.9306], [15.1956,20.5148], [33.806,26.9673], [34.486,25.2462], [34.4062,24.8503], [19.1606,36.5742], [19.9125,37.0449], [15.7267,34.4244], [12.9219,21.3515], [12.9219,21.3515], [12.9219,21.3515], [8.26459,20.6736], [8.34243,21.8578], [8.37598,22.368], [8.65132,26.5567], [8.49861,24.2334], [8.21317,19.8917], [16.2921,20.1112], [10.9199,20.4319], [8.23877,20.281], [22.5087,17.823], [8.21317,19.8917], [21.7579,18.0994], [10.8298,16.1264], [8.21317,19.8917], [8.2134,19.8952], [13.9591,20.9697], [10.9879,25.8264], [25.0904,50.4754], [31.4457,44.7368], [22.0246,48.1063], [39.0111,43.1705], [22.1984,47.9553], [21.8166,38.6983], [22.8086,47.4451], [23.2402,39.0687], [24.0501,46.4069], [23.4353,46.921], [24.6708,45.8877], [39.4783,43.3726], [37.3717,43.7304], [35.7234,42.3157], [39.2364,43.229], [23.4739,39.1295], [22.1984,47.9553], [39.4283,43.3811], [35.3051,42.2069], [37.2883,42.7226], [21.8166,38.6983], [10.9999,26.782], [23.7157,39.1924], [11.0463,30.4662], [10.8957,18.5052], [11.0342,29.501], [11.084,33.4565], [11.0582,31.4055], [11.0228,28.594], [10.9069,19.3987], [10.9505,22.8573], [10.9593,23.5552], [10.9768,24.9464], [10.9403,22.048], [21.8166,38.6983], [11.127,36.9368], [11.2199,44.412], [11.2199,44.4121], [11.0126,27.788], [11.2199,44.4121], [21.9596,52.3], [21.8166,38.6983], [21.8166,38.6983], [11.2199,44.4121], [21.8166,38.6983], [22.4007,38.8503], [10.9314,21.3458], [13.6584,43.0968], [10.9682,24.2657], [21.315,48.7233], [20.988,49.0076], [11.2199,44.4121], [19.442,39.9781], [16.3692,41.6348], [11.2199,44.4121], [14.9585,42.3956], [11.0717,32.4847], [17.833,40.8457], [11.2199,44.4121], [21.8166,38.6983], [21.8505,48.2577], [21.8166,38.6983], [22.9803,39.0011], [22.1984,47.9553], [21.1573,48.8604], [22.1984,47.9553], [39.3187,43.3997], [28.6469,45.2121], [38.649,43.0763], [22.1235,38.7782], [22.6937,38.9265], [21.6856,51.5479], [12.3962,43.7776], [11.2199,44.4121], [22.1984,47.9553], [11.2199,44.4121], [11.2199,44.4121], [22.1984,47.9553], [11.2199,44.4121], [20.8151,49.1579], [11.2199,44.4121], [20.5571,39.3771], [11.2199,44.4121], [11.2199,44.4121], [21.8302,38.7019], [10.0072,63.5276], [9.93984,60.6003], [11.2199,44.4121], [9.8847,58.2036], [11.2199,44.4121], [11.2199,44.4121], [9.92179,59.8161], [22.0268,52.4844], [30.7763,57.6555], [23.77,57.2691], [11.2199,44.4121], [11.2199,44.4121], [21.5627,48.508], [11.2199,44.4121], [21.3853,48.6622], [11.2199,44.4121], [11.2199,44.4121], [11.2199,44.4121], [9.93532,60.4039], [9.97892,62.2998], [9.90726,59.1843], [11.184,41.5238], [9.89036,58.4498], [10.0343,64.7074], [21.9092,52.1615], [19.5419,63.2369], [33.3779,66.3823], [24.3809,48.8473], [14.6297,60.7905], [27.5972,41.9361], [16.9203,61.9313], [14.2931,66.8983], [17.4657,65.159], [19.3414,63.137], [15.4597,61.2039], [27.5235,53.3687], [27.1125,52.8801], [26.8872,52.6122], [18.634,64.5185], [33.5392,66.465], [20.0623,63.4961], [19.5546,64.014], [16.2103,61.5778], [18.1734,62.5554], [19.1105,64.2574], [19.7501,63.3406], [33.5149,66.4525], [36.1124,67.7846], [36.9902,68.2347], [17.9168,64.9117], [33.507,66.4485], [35.6733,67.5595], [33.3779,66.3823], [33.5477,66.4693], [19.9845,63.4573], [20.2154,63.5723], [16.5772,61.7605], [33.4822,66.4358], [27.7447,53.6318], [38.6513,69.0864], [26.6235,52.2986], [28.4394,40.1263], [29.1119,55.2575], [25.5389,46.3589], [33.5564,66.4738], [33.3871,66.3871], [28.6748,54.7377], [40.9753,51.0308], [33.4556,66.4222], [28.3656,54.37], [33.3778,66.3823], [20.2914,63.6101], [25.5616,76.7096], [33.4909,66.4402], [51.0232,67.5329], [34.1696,66.7883], [33.422,66.4049], [33.4137,66.4007], [46.051,57.4292], [33.473,66.4311], [33.4989,66.4444], [33.3779,66.3823], [50.2036,66.3499], [33.3778,66.3823], [33.4389,66.4136], [33.5315,66.461], [50.3392,65.8499], [39.5327,69.5384], [39.0875,69.3101], [33.3962,66.3917], [29.3076,55.4902], [37.4257,68.458], [39.7915,46.7335], [28.0977,54.0515], [48.1473,58.5973], [38.8699,48.3213], [41.371,45.326], [30.4081,35.5699], [30.5141,35.3018], [29.5525,37.7345], [29.6194,37.5651], [26.8683,43.5024], [32.1197,31.2374], [50.1522,43.6994], [45.9924,57.3966], [44.2274,55.2157], [57.3645,40.9743], [39.1904,47.2691], [40.2785,50.134], [39.9214,49.6744], [40.3709,46.2171], [28.2773,54.2651], [45.8992,57.3447], [56.2674,45.9886], [57.5733,46.4779], [57.4075,41.2283], [62.0702,26.5949], [56.8601,37.9928], [57.2577,40.3428], [57.7272,35.9436], [57.0373,39.0401], [55.1768,45.5799], [61.5845,27.5931], [57.2584,36.9603], [55.7848,45.8077], [51.105,63.025], [50.9308,63.6675], [51.4832,61.6297], [46.1096,57.4618], [50.2036,66.3499], [50.2036,66.3499], [45.9339,57.364], [51.6645,60.9606], [41.3247,51.4806], [51.5707,61.3067], [50.8171,67.2354], [58.315,46.5902], [51.2926,62.3326], [51.0152,63.356], [57.1452,46.3175], [33.4649,66.4269], [51.1927,62.7013], [50.4162,65.5656], [57.5182,41.8826], [46.081,57.4459], [66.2727,61.8346], [64.9401,62.9412], [63.6469,65.0841], [59.8639,71.3527], [60.5173,70.27], [61.2041,69.1319], [62.1721,67.5279], [47.332,73.7884], [48.8096,68.5176], [54.6783,86.2315], [48.9544,68.001], [60.4295,71.5659], [55.449,85.7506], [49.1065,67.4586], [48.6535,69.0745], [64.7622,63.236], [50.1055,63.8948], [61.6524,68.3891], [64.8509,63.089], [63.9169,64.6368], [60.2295,70.747], [64.474,63.7136], [64.6267,63.4606], [75.6738,71.4697], [55.8029,85.5297], [62.5469,66.9069], [60.4247,84.6822], [53.6835,86.8523], [62.0811,85.0263], [63.8454,64.7552], [63.2721,85.2736], [63.9978,64.5027], [65.705,85.779], [72.4049,71.7638], [64.3873,63.8572], [60.6098,70.1167], [59.9495,71.2108], [61.8226,68.1072], [60.0363,71.067], [47.4693,73.2986], [61.5066,68.6306], [60.3117,70.6107], [60.6904,69.9833], [60.4247,84.6822], [56.0845,85.354], [62.0008,71.6606], [60.4248,84.6822], [66.8049,86.0074], [45.1101,79.4231], [60.4248,84.6822], [45.0334,79.4372], [44.8194,87.9117], [47.8889,71.802], [24.9745,85.3099], [48.0319,71.2919], [48.2049,70.6748], [49.3549,66.5725], [21.9366,48.1829], [30.0978,36.355], [41.6329,51.8771], [27.8492,41.3946], [27.3172,53.1235], [25.0645,47.3783], [24.7691,50.0933], [28.7873,54.8715], [26.2941,51.9069], [15.8432,61.3949], [25.9079,51.4476], [24.7065,48.1476], [9.90231,58.9696], [10.1508,69.7738], [9.96968,61.8979], [9.95933,61.4479], [10.2308,73.2529], [10.2069,72.2155], [10.3196,77.1268], [10.2603,74.5402], [10.3499,