{
  "instance_index": 0,
  "birth_iter": 21,
  "death_iter": 60,
  "survival_iters": 39,
  "censored": false,
  "pre_vnd_cost": 9928.68,
  "post_vnd_cost": 586.889,
  "pre_vnd_coords": [[80,20], [77.579,16.1465], [86.3643,19.0161], [86.5674,17.8599], [84.7353,18.4574], [78.2031,17.1403], [85.6424,23.1333], [85.357,24.7582], [83.2949,36.5156], [83.4534,25.2063], [50.9478,34.981], [51.0817,35.8026], [44.08,36.1623], [44.08,36.1623], [44.08,36.1623], [51.3907,37.6979], [51.0383,35.5361], [50.0906,34.7728], [33.9733,40.8632], [37.9106,41.6464], [36.6922,42.8754], [38.8306,40.7184], [39.4789,40.0857], [39.3631,40.1845], [35.6989,41.8533], [39.3425,40.2021], [44.08,36.1623], [42.183,37.7798], [27.2166,43.3791], [27.2793,42.4392], [39.5683,40.0094], [39.5436,40.0305], [27.2714,42.5569], [39.4088,40.1455], [27.2303,43.1739], [38.3133,41.2402], [27.2515,42.856], [25.6463,39.8848], [37.068,16.5481], [51.6331,39.1846], [51.1424,36.175], [39.5002,40.0675], [52.1784,42.5288], [52.4349,44.1021], [51.7583,39.9525], [50.5765,34.8684], [51.2044,36.5554], [50.9933,35.2603], [39.4333,40.1246], [49.8883,34.8195], [50.1877,34.7504], [37.8238,39.501], [36.4386,48.9467], [39.574,43.1316], [37.8238,39.501], [37.8238,39.501], [39.7915,43.5821], [39.5583,43.9551], [37.5363,47.1904], [35.2019,41.5681], [39.7915,43.5821], [40.2802,39.4022], [35.968,43.6059], [39.5918,39.9893], [44.08,36.1623], [43.8729,55.5526], [21.3935,58.1238], [21.1547,57.5047], [27.9522,44.5043], [44.2702,52.0277], [31.5889,62.5116], [30.9124,62.7124], [26.3247,64.0747], [22.075,60.8477], [27.7468,44.3742], [37.1667,42.3967], [34.2048,61.7348], [27.2021,43.5967], [28.894,44.9577], [27.1882,43.8051], [10.6626,69.6373], [22.5078,62.5784], [23.1198,65.0263], [26.7884,63.937], [21.7641,59.6049], [28.1208,44.6111], [21.1965,57.613], [20.9006,56.8462], [10.2849,59.808], [36.7165,60.989], [22.3554,61.9689], [28.6858,44.9689], [27.3681,44.1343], [22.1396,61.1059], [23.5626,64.8948], [28.0924,63.5498], [10.4869,66.9712], [21.5245,58.6475], [10.8553,72.5625], [8.86111,77.9308], [7.70657,69.1976], [9.18738,69.7035], [16.866,69.2032], [14.04,74.9491], [25.1713,74.3948], [15.1347,74.1643], [13.5664,74.6709], [9.58245,83.3953], [15.746,91.1655], [9.7071,84.3378], [9.79048,84.9684], [10.1826,87.9335], [10.105,87.3465], [12.9471,90.5781], [23.8595,72.2143], [15.9739,71.7597], [24.062,72.5508], [10.0247,86.7394], [8.64633,76.3065], [10.0889,87.2249], [10.481,90.0606], [8.42985,74.6692], [13.7239,74.7634], [9.44403,82.3488], [9.60545,83.5692], [10.1207,87.4655], [9.6794,84.1284], [10.7198,72.999], [14.1984,75.0421], [9.53896,83.0666], [8.23294,73.1794], [10.2483,88.4304], [18.7055,91.2428], [14.9309,90.9945], [16.2516,70.9639], [13.4278,74.5895], [32.5305,79.6848], [17.566,67.1974], [15.3936,73.4224], [12.6693,74.144], [25.7582,75.3705], [17.3581,67.7933], [26.5404,76.6706], [7.77194,69.6923], [25.6315,75.1598], [27.1747,77.725], [29.8846,78.4589], [25.286,74.5855], [32.7951,87.8956], [24.306,64.6741], [22.8066,89.8528], [25.0785,64.4447], [23.1198,65.0263], [28.5542,63.4126], [23.2443,89.8667], [25.8896,64.2038], [21.3531,58.0191], [23.1198,65.0263], [23.1198,65.0263], [22.1432,89.8317], [25.4694,64.3286], [32.3935,80.2127], [31.3521,84.2331], [31.7976,78.5467], [31.6971,91.3729], [36.687,91.1675], [29.844,78.4571], [29.8044,78.4552], [15.6578,91.147], [31.6556,83.0615], [27.5518,78.3518], [15.9813,91.2148], [36.8909,91.2876], [29.9284,78.4609], [15.5627,91.1271], [29.5732,91.3516], [19.6404,91.2523], [33.1997,89.1143], [15.6108,91.1371], [33.4373,89.2542], [34.1734,89.6876], [14.1872,90.8384], [29.9515,91.3555], [33.6758,89.3946], [35.9115,90.711], [30.4995,87.5246], [31.2266,87.9527], [15.9813,91.2148], [30.3563,91.3597], [32.6754,78.587], [36.5484,91.422], [35.9866,91.4161], [13.9323,90.7849], [28.5757,91.3412], [30.4995,87.5246], [34.4486,89.8496], [15.9813,91.2148], [30.7676,86.4898], [15.9813,91.2148], [28.9018,91.3446], [32.1517,88.4973], [32.709,88.8254], [21.5636,89.8134], [22.578,89.8455], [28.8237,90.0438], [21.6932,89.8175], [21.6729,89.8168], [27.5006,90.0018], [23.1198,65.0263], [23.1198,65.0263], [15.8818,81.6029], [23.1198,65.0263], [15.6474,81.6984], [23.0283,89.8598], [15.7668,81.6498], [21.4623,58.3987], [15.2589,73.8084], [9.62692,83.7315], [15.8229,72.1923], [16.5275,70.1732], [11.1147,90.1935], [16.8953,91.2242], [17.819,91.2337], [14.7401,90.9544], [14.7212,75.3492], [8.51704,75.3286], [9.4933,82.7214], [8.33557,73.9559], [12.0182,90.3831], [10.151,87.6944], [9.81789,85.1756], [8.73176,76.9526], [9.10378,79.769], [7.89461,70.6206], [10.4322,89.8207], [15.5231,73.0513], [10.0408,86.8617], [9.73428,84.5434], [15.3131,91.0747], [14.5317,90.9107], [10.2792,88.6636], [12.6226,90.51], [10.4867,90.0618], [9.84808,85.404], [10.4922,90.063], [10.4752,90.0594], [12.3074,90.4438], [10.5042,90.0655], [10.5164,90.068], [10.31,88.8965], [16.1114,71.3655], [8.38103,74.2997], [7.70787,66.5223], [9.65239,83.924], [8.47362,75.0002], [8.90921,78.2947], [9.56178,70.5087], [8.7729,77.2637], [9.26111,80.9618], [10.4635,90.057], [10.5222,90.0692], [10.3731,89.3742], [11.4606,89.4933], [10.4627,89.4617], [10.1361,89.4514], [24.1111,89.8942], [10.3434,89.458], [10.8887,89.4752], [12.2989,89.5199], [12.5269,89.5271], [18.1916,89.7066], [10.4024,89.5952], [15.9813,91.2148], [15.9813,91.2148], [15.1148,91.0331], [15.9813,91.2148], [10.5104,90.0667], [10.4695,90.0583], [15.8367,91.1845], [11.7146,90.3194], [21.5836,91.2726], [15.9813,91.2148], [10.8206,90.1318], [10.4982,90.0642], [13.619,90.7191], [15.9813,91.2148], [15.9813,91.2148], [15.7914,91.175], [15.9813,91.2148], [12.4155,89.5235], [11.5732,89.4969], [12.1925,89.5165], [12.093,89.5133], [10.238,89.4546], [13.6959,89.5641], [10.2985,60.5938], [10.7006,70.2131], [10.8237,72.0839], [10.3815,65.3708], [8.17294,67.5223], [7.38911,66.795], [8.18303,72.8018], [7.95792,71.0991], [8.09039,72.1011], [8.28305,73.5585], [7.64163,68.706], [7.83289,70.1534], [8.5585,75.6421], [10.3773,57.786], [10.3773,57.786], [18.628,64.1548], [8.0459,71.7646], [10.1531,49.6332], [7.45293,67.2781], [7.32535,66.3124], [10.3773,57.786], [7.21225,65.4568], [10.2343,52.5688], [10.3773,57.786], [10.3773,57.786], [10.3183,55.6116], [14.2569,51.5286], [15.5737,50.6666], [14.2645,51.5237], [14.281,51.5128], [18.1973,48.9505], [10.3773,57.786], [9.94688,42.1967], [14.2728,51.5182], [10.2859,54.4497], [10.2967,54.8362], [18.4313,64.7184], [10.3075,55.2252], [10.0994,47.6903], [10.0719,46.6952], [10.1999,51.3181], [13.1281,16.6961], [12.9893,17.4301], [13.0777,19.2179], [13.3373,20.6266], [20.5448,55.9239], [21.6615,33.6521], [21.3156,57.9218], [10.4514,66.4326], [10.3815,65.3708], [22.7959,63.7305], [10.5429,67.8215], [10.5235,67.5272], [10.7152,70.4351], [12.8422,53.8119], [9.9581,71.3609], [14.8691,74.9255], [10.3296,72.1598], [11.3578,73.3738], [8.68197,68.6168], [7.92546,70.8537], [23.1198,65.0263], [31.9504,62.4042], [23.1198,65.0263], [23.1198,65.0263], [10.6221,69.0221], [21.71,59.389], [10.3992,65.6389], [21.5158,89.8119], [12.6482,89.5309], [10.4162,65.8973], [10.5629,68.1245], [10.5823,68.4191], [10.6021,68.719], [14.3135,51.4916], [8.13659,72.4506], [12.3069,54.6754], [14.2973,51.5022], [11.1492,56.5416], [11.409,90.2553], [29.196,44.9415], [23.1198,65.0263], [22.6514,63.1528], [31.3893,44.8239], [27.1744,44.0116], [37.4839,42.0768], [21.6445,59.1271], [21.8192,59.8251], [21.223,32.9657], [28.4738,44.8346], [24.694,64.5588], [39.1416,42.236], [34.9496,44.6332], [53.0106,47.6327], [44.1264,53.3036], [44.4147,50.7457], [48.3663,51.4758], [52.8022,46.3551], [52.2464,42.9463], [52.4662,52.0245], [36.9256,42.64], [52.3719,43.716], [52.5801,44.9926], [62.632,75.0715], [62.2671,74.206], [61.8588,73.2375], [53.3551,52.1435], [51.5441,51.9011], [46.0738,87.926], [54.4538,88.7201], [54.4234,88.8081], [48.0345,67.0827], [47.0649,80.519], [48.1651,82.9259], [40.7223,82.8365], [39.4969,81.033], [48.0209,82.6104], [42.9183,87.932], [50.5221,87.8033], [40.4807,82.2759], [47.7114,81.9333], [50.9038,88.3161], 