{
  "instance_index": 0,
  "birth_iter": 8,
  "death_iter": 70,
  "survival_iters": 62,
  "censored": false,
  "pre_vnd_cost": 11261.3,
  "post_vnd_cost": 574.674,
  "pre_vnd_coords": [[80,20], [67.1063,21.1998], [80.8174,33.012], [80.8174,33.012], [17.3387,57.1542], [15.3639,55.0727], [39.2256,52.6402], [48.216,52.5957], [48.216,52.5957], [36.0415,56.7316], [29.743,45.6597], [28.4743,40.9171], [23.4006,44.8127], [37.282,39.868], [21.5141,56.7119], [17.6607,40.5558], [27.735,50.5009], [12.5333,41.6131], [27.735,50.5009], [23.4006,44.8127], [36.0415,56.7316], [21.8717,53.5912], [17.2896,56.1467], [16.6459,47.493], [23.4006,44.8127], [28.4743,40.9171], [28.4743,40.9171], [12.3278,51.4038], [17.6607,40.5558], [3.04663,54.1868], [17.6607,40.5558], [28.4743,40.9171], [12.5333,41.6131], [18.9631,34.091], [16.3892,33.5078], [18.9631,34.091], [12.3278,51.4038], [7.91834,17.1578], [12.3278,51.4038], [14.8858,23.5929], [12.0454,36.428], [0.493548,29.257], [16.3892,33.5078], [7.09812,39.7039], [8.83457,23.7232], [8.83457,23.7232], [7.91834,17.1578], [-0.280238,38.2973], [12.0454,36.428], [-0.280238,38.2973], [-0.280238,38.2973], [-0.280238,38.2973], [0.493548,29.257], [0.493548,29.257], [7.09812,39.7039], [12.5333,41.6131], [18.9631,34.091], [12.5333,41.6131], [-0.280238,38.2973], [16.3892,33.5078], [12.5333,41.6131], [17.2896,56.1467], [29.743,45.6597], [12.0454,36.428], [12.5333,41.6131], [16.6459,47.493], [28.5554,54.3646], [23.4006,44.8127], [12.5333,41.6131], [23.4006,44.8127], [23.4006,44.8127], [36.9837,49.5379], [21.5141,56.7119], [21.5141,56.7119], [6.07543,65.9879], [4.20547,57.9391], [6.07543,65.9879], [21.5141,56.7119], [11.2987,63.44], [17.2896,56.1467], [10.1793,54.9308], [17.2896,56.1467], [27.735,50.5009], [12.3278,51.4038], [10.1793,54.9308], [3.04663,54.1868], [16.6459,47.493], [12.5333,41.6131], [16.6459,47.493], [3.04663,54.1868], [3.04663,54.1868], [12.3278,51.4038], [4.20547,57.9391], [17.2896,56.1467], [4.20547,57.9391], [4.20547,57.9391], [4.36009,64.6603], [4.36009,64.6603], [6.07543,65.9879], [4.36009,64.6603], [10.1793,54.9308], [6.07543,65.9879], [4.36009,64.6603], [10.1793,54.9308], [6.07543,65.9879], [4.20547,57.9391], [6.07543,65.9879], [4.20547,57.9391], [4.20547,57.9391], [-3.15541,51.0132], [3.04663,54.1868], [21.8717,53.5912], [12.0454,36.428], [12.5333,41.6131], [12.5333,41.6131], [-3.15541,51.0132], [12.5333,41.6131], [12.5333,41.6131], [3.04663,54.1868], [16.6459,47.493], [7.09812,39.7039], [12.5333,41.6131], [12.3278,51.4038], [10.1793,54.9308], [12.3278,51.4038], [-3.15541,51.0132], [12.3278,51.4038], [-3.15541,51.0132], [-0.36028,70.6106], [3.04663,54.1868], [-3.15541,51.0132], [-3.15541,51.0132], [-0.36028,70.6106], [4.36009,64.6603], [6.07543,65.9879], [4.36009,64.6603], [4.20547,57.9391], [4.20547,57.9391], [-0.36028,70.6106], [4.20547,57.9391], [-0.36028,70.6106], [-0.36028,70.6106], [4.20547,57.9391], [4.20547,57.9391], [6.07543,65.9879], [6.07543,65.9879], [43.8619,88.3727], [46.0707,84.438], [43.8619,88.3727], [45.6828,88.6715], [46.0707,84.438], [45.6828,88.6715], [41.8322,79.9522], [40.4017,84.883], [51.0897,78.9546], [43.8619,88.3727], [51.2995,84.0122], [54.0784,89.0341], [59.6878,96.687], [41.8322,79.9522], [71.4016,91.4197], [59.6878,96.687], [46.0707,84.438], [48.0833,99.5959], [55.4332,94.8288], [48.0833,99.5959], [59.6878,96.687], [59.6878,96.687], [59.6878,96.687], [59.6878,96.687], [48.0833,99.5959], [48.0833,99.5959], [71.5263,85.0328], [55.4332,94.8288], [55.4332,94.8288], [55.4332,94.8288], [59.6878,96.687], [55.4332,94.8288], [77.3195,93.7721], [59.6878,96.687], [55.4332,94.8288], [68.4179,94.8168], [71.8509,80.6064], [68.4179,94.8168], [55.4332,94.8288], [71.8509,80.6064], [71.4016,91.4197], [71.8509,80.6064], [71.8509,80.6064], [72.8406,74.6961], [80.2998,88.258], [89.444,90.0693], [71.5263,85.0328], [71.8509,80.6064], [77.3195,93.7721], [65.6969,83.2462], [80.2998,88.258], [71.4016,91.4197], [68.4179,94.8168], [68.4179,94.8168], [68.4179,94.8168], [71.4016,91.4197], [89.444,90.0693], [68.4179,94.8168], [77.3195,93.7721], [80.2998,88.258], [68.4179,94.8168], [89.444,90.0693], [89.444,90.0693], [98.1654,78.2675], [89.444,90.0693], [98.1654,78.2675], [98.1654,78.2675], [74.7778,75.9955], [72.8465,63.564], [72.8465,63.564], [85.7945,71.6807], [72.8465,63.564], [66.1994,65.2217], [72.8465,63.564], [66.1994,65.2217], [72.8465,63.564], [72.8465,63.564], [71.8509,80.6064], [72.8465,63.564], [72.8465,63.564], [71.8509,80.6064], [71.5263,85.0328], [65.6969,83.2462], [51.0897,78.9546], [58.6925,72.3961], [66.6582,74.4604], [58.6925,72.3961], [65.6969,83.2462], [58.6925,72.3961], [58.6925,72.3961], [58.6925,72.3961], [65.6969,83.2462], [71.8509,80.6064], [71.8509,80.6064], [58.0284,84.0806], [58.6925,72.3961], [54.0784,89.0341], [59.0435,75.6757], [66.6582,74.4604], [66.6582,74.4604], [65.0369,90.0917], [65.6969,83.2462], [51.2995,84.0122], [58.0284,84.0806], [71.4016,91.4197], [58.0284,84.0806], [58.6925,72.3961], [72.8406,74.6961], [71.8509,80.6064], [71.5263,85.0328], [71.4016,91.4197], [55.4332,94.8288], [71.4016,91.4197], [65.0369,90.0917], [71.5263,85.0328], [65.0369,90.0917], [68.4179,94.8168], [48.0833,99.5959], [55.4332,94.8288], [51.0897,78.9546], [48.0833,99.5959], [54.0784,89.0341], [55.4332,94.8288], [46.0707,84.438], [59.6878,96.687], [58.6925,72.3961], [51.2995,84.0122], [51.0897,78.9546], [45.9497,72.2346], [45.9497,72.2346], [46.0575,91.28], [51.2995,84.0122], [46.0707,84.438], [46.0575,91.28], [51.2995,84.0122], [59.0435,75.6757], [45.9497,72.2346], [51.2995,84.0122], [41.8322,79.9522], [41.8322,79.9522], [46.0575,91.28], [28.5662,94.4432], [59.0435,75.6757], [45.9497,72.2346], [36.7045,89.1269], [46.0575,91.28], [41.8322,79.9522], [36.0673,76.7059], [45.9497,72.2346], [33.4094,100.391], [43.8619,88.3727], [33.4094,100.391], [46.0575,91.28], [33.4094,100.391], [28.5662,94.4432], [32.0101,89.9988], [48.0833,99.5959], [28.5662,94.4432], [35.9321,70.7762], [33.4094,100.391], [28.5662,94.4432], [46.6576,81.119], [41.8322,79.9522], [32.0101,89.9988], [32.0101,89.9988], [19.4383,95.5972], [32.0101,89.9988], [46.6576,81.119], [16.6484,91.5556], [32.0101,89.9988], [32.0101,89.9988], [40.4017,84.883], [22.9637,86.5799], [32.0101,89.9988], [36.7045,89.1269], [16.6484,91.5556], [21.7569,92.9788], [28.5662,94.4432], [28.5662,94.4432], [22.2185,81.8992], [32.0101,89.9988], [10.1829,92.1638], [14.1671,87.6569], [24.6509,71.0161], [30.2337,80.7906], [22.9637,86.5799], [21.7569,92.9788], [28.5662,94.4432], [25.2815,83.3075], [17.6908,72.9987], [26.8078,66.2221], [16.604,80.6163], [23.7833,79.4619], [16.604,80.6163], [12.2536,78.2339], [12.2536,78.2339], [23.7833,79.4619], [24.6509,71.0161], [30.2337,80.7906], [24.6509,71.0161], [36.0673,76.7059], [11.0102,69.8791], [16.604,80.6163], [26.8078,66.2221], [29.4194,61.6567], [19.3946,69.1119], [17.6908,72.9987], [8.88681,78.0423], [26.8078,66.2221], [28.5554,54.3646], [24.6509,71.0161], [24.6509,71.0161], [11.2987,63.44], [24.6509,71.0161], [35.9321,70.7762], [19.3946,69.1119], [19.3946,69.1119], [35.9321,70.7762], [21.7569,92.9788], [35.9321,70.7762], [25.2815,83.3075], [24.6509,71.0161], [40.4017,84.883], [23.7833,79.4619], [22.9637,86.5799], [19.3946,69.1119], [8.88681,78.0423], [23.7833,79.4619], [30.2337,80.7906], [14.1671,87.6569], [33.4094,100.391], [30.2337,80.7906], [24.6509,71.0161], [28.5662,94.4432], [30.2337,80.7906], [22.9637,86.5799], [32.0101,89.9988], [36.0673,76.7059], [51.0897,78.9546], [46.6576,81.119], [46.0707,84.438], [35.9321,70.7762], [46.0575,91.28], [42.5066,64.8479], [25.2815,83.3075], [46.6576,81.119], [46.6576,81.119], [36.0673,76.7059], [45.6828,88.6715], [36.7045,89.1269], [32.0101,89.9988], [24.1019,64.1065], [40.4017,84.883], [30.2337,80.7906], [41.8322,79.9522], [41.8322,79.9522], [30.2337,80.7906], [23.7833,79.4619], [36.0673,76.7059], [36.7045,89.1269], [22.9637,86.5799], [35.9321,70.7762], [35.9321,70.7762], [51.0897,78.9546], [35.9321,70.7762], [32.1291,63.6557], [35.9321,70.7762], [39.3899,67.6013], [35.9321,70.7762], 