{
  "instance_index": 0,
  "birth_iter": 2,
  "death_iter": 30,
  "survival_iters": 28,
  "censored": false,
  "pre_vnd_cost": 11431.4,
  "post_vnd_cost": 597.491,
  "pre_vnd_coords": [[80,20], [62.3131,2.31639], [62.3131,2.31639], [56.0401,14.8038], [71.6334,24.0073], [56.0401,14.8038], [56.0401,14.8038], [51.8317,31.0918], [51.9199,32.2424], [51.8317,31.0918], [71.6334,24.0073], [56.9079,23.701], [71.6334,24.0073], [56.9079,23.701], [71.6334,24.0073], [71.6334,24.0073], [56.9079,23.701], [51.8317,31.0918], [56.9079,23.701], [51.8317,31.0918], [51.7873,40.7588], [51.5418,46.7254], [56.9079,23.701], [57.1176,49.3993], [67.0123,49.2584], [70.0686,43.9494], [63.1405,46.4575], [70.0686,43.9494], [70.0686,43.9494], [61.25,37.9692], [60.616,51.2002], [63.1405,46.4575], [51.8317,31.0918], [67.0123,49.2584], [54.0181,53.3129], [63.1405,46.4575], [51.9199,32.2424], [54.0181,53.3129], [61.25,37.9692], [36.1564,52.0337], [51.7873,40.7588], [51.2325,25.8312], [67.0123,49.2584], [44.6152,36.0387], [51.7873,40.7588], [51.2325,25.8312], [51.8317,31.0918], [51.7873,40.7588], [61.25,37.9692], [41.2303,49.1322], [44.6152,36.0387], [51.7873,40.7588], [31.198,21.3399], [51.8317,31.0918], [56.9079,23.701], [51.8317,31.0918], [51.8317,31.0918], [56.9079,23.701], [44.6152,36.0387], [37.9889,22.9555], [40.0387,6.19034], [40.5288,24.3553], [31.198,21.3399], [40.0387,6.19034], [37.9889,22.9555], [40.0387,6.19034], [30.7116,17.2382], [31.198,21.3399], [22.4193,27.2004], [51.8317,31.0918], [31.198,21.3399], [31.198,21.3399], [34.7927,31.2824], [40.5288,24.3553], [37.9889,22.9555], [34.7927,31.2824], [30.4163,39.181], [36.1564,52.0337], [41.2303,49.1322], [44.6152,36.0387], [51.8317,31.0918], [34.3516,23.7396], [43.0453,39.9029], [47.9194,46.3869], [57.3107,65.5797], [58.9306,49.5247], [57.3107,65.5797], [64.7608,62.4078], [41.4165,56.1501], [57.0227,58.0384], [58.9306,49.5247], [57.0227,58.0384], [43.9946,59.8946], [64.7608,62.4078], [57.0227,58.0384], [47.9194,46.3869], [57.3107,65.5797], [57.0227,58.0384], [44.6507,67.0769], [57.3107,65.5797], [57.3107,65.5797], [43.309,71.2108], [57.3107,65.5797], [57.3107,65.5797], [44.6507,67.0769], [57.3107,65.5797], [57.3107,65.5797], [57.3107,65.5797], [39.8832,73.505], [64.7608,62.4078], [30.0941,54.6835], [57.3107,65.5797], [33.3865,62.3351], [47.9194,46.3869], [37.7415,63.6776], [41.4165,56.1501], [42.2488,48.3847], [38.7387,66.1411], [42.2488,48.3847], [47.9194,46.3869], [47.9194,46.3869], [47.9194,46.3869], [47.9194,46.3869], [58.9306,49.5247], [47.9194,46.3869], [58.9306,49.5247], [58.9306,49.5247], [47.6035,58.2641], [57.0227,58.0384], [64.7608,62.4078], [57.0227,58.0384], [57.241,50.4051], [47.9194,46.3869], [31.6329,45.7033], [47.6035,58.2641], [42.2488,48.3847], [42.2488,48.3847], [31.6329,45.7033], [28.807,47.9673], [42.2488,48.3847], [33.3865,62.3351], [42.2488,48.3847], [28.807,47.9673], [42.2488,48.3847], [42.2488,48.3847], [42.2488,48.3847], [42.2488,48.3847], [34.4923,38.8619], [43.0453,39.9029], [29.3291,36.394], [34.4923,38.8619], [30.0941,54.6835], [20.3637,39.4867], [34.3516,23.7396], [29.3291,36.394], [29.3291,36.394], [30.0941,54.6835], [22.6965,31.0205], [34.4923,38.8619], [18.3312,51.9202], [19.5524,55.4525], [22.5209,48.0335], [30.0941,54.6835], [20.7618,37.3623], [34.4923,38.8619], [14.9067,39.0042], [24.2076,45.4464], [14.9067,39.0042], [20.3637,39.4867], [24.2076,45.4464], [18.3312,51.9202], [22.5209,48.0335], [14.9067,39.0042], [18.3312,51.9202], [30.0941,54.6835], [14.4219,57.5645], [30.0941,54.6835], [37.7415,63.6776], [25.7766,67.915], [33.3865,62.3351], [33.3865,62.3351], [30.0941,54.6835], [14.9067,39.0042], [20.7515,63.925], [22.1214,42.1897], [20.7515,63.925], [33.3865,62.3351], [30.8924,67.3184], [19.5524,55.4525], [42.2488,48.3847], [30.0941,54.6835], [42.2488,48.3847], [42.2488,48.3847], [31.6329,45.7033], [28.807,47.9673], [31.6329,45.7033], [31.6329,45.7033], [42.2488,48.3847], [29.3291,36.394], [42.2488,48.3847], [42.2488,48.3847], [47.6035,58.2641], [30.0941,54.6835], [33.3865,62.3351], [33.3865,62.3351], [41.4165,56.1501], [30.0941,54.6835], [37.7415,63.6776], [43.9946,59.8946], [44.6507,67.0769], [30.8924,67.3184], [39.8832,73.505], [44.6507,67.0769], [43.9946,59.8946], [33.3865,62.3351], [41.4165,56.1501], [20.7515,63.925], [35.6862,70.3937], [43.9946,59.8946], [30.8924,67.3184], [20.7515,63.925], [30.135,75.802], [37.7415,63.6776], [20.7515,63.925], [30.0941,54.6835], [25.7766,67.915], [12.3225,77.2753], [19.2656,75.2504], [30.0941,54.6835], [30.0941,54.6835], [19.2656,75.2504], [30.0941,54.6835], [33.3865,62.3351], [19.5524,55.4525], [20.7515,63.925], [14.4219,57.5645], [30.8924,67.3184], [19.9467,67.7961], [14.5499,69.2105], [20.7515,63.925], [19.9467,67.7961], [14.5499,69.2105], [30.8924,67.3184], [30.8924,67.3184], [19.9467,67.7961], [19.9467,67.7961], [14.5499,69.2105], [20.7515,63.925], [8.76636,72.0306], [19.9467,67.7961], [3.20055,54.9075], [7.34243,48.3439], [2.86149,61.5731], [12.2082,63.6207], [2.86149,61.5731], [8.75718,64.0491], [19.5524,55.4525], [14.5343,48.1224], [7.34243,48.3439], [18.3312,51.9202], [22.5209,48.0335], [19.9467,67.7961], [30.0941,54.6835], [19.5524,55.4525], [10.267,53.6949], [14.4219,57.5645], [19.5524,55.4525], [19.5524,55.4525], [22.5209,48.0335], [14.5343,48.1224], [14.5343,48.1224], [22.5209,48.0335], [29.3291,36.394], [12.9956,51.5267], [14.5343,48.1224], [22.5209,48.0335], [14.5343,48.1224], [4.08455,37.8829], [14.5343,48.1224], [7.34243,48.3439], [14.9067,39.0042], [20.7618,37.3623], [14.2404,34.6404], [29.3291,36.394], [14.9067,39.0042], [31.6329,45.7033], [14.9067,39.0042], [22.5209,48.0335], [31.6329,45.7033], [22.414,21.3959], [27.3297,25.4364], [31.6329,45.7033], [27.3297,25.4364], [31.6329,45.7033], [34.4923,38.8619], [34.4923,38.8619], [20.7618,37.3623], [27.3297,25.4364], [22.6965,31.0205], [34.4923,38.8619], [34.3516,23.7396], [26.8208,14.4187], [27.3297,25.4364], [34.3516,23.7396], [22.6965,31.0205], [22.414,21.3959], [20.3637,39.4867], [22.6965,31.0205], [20.3637,39.4867], [20.3637,39.4867], [22.6965,31.0205], [29.3291,36.394], [26.8208,14.4187], [27.3297,25.4364], [34.3516,23.7396], [34.3516,23.7396], [22.414,21.3959], [20.5073,28.0801], [26.8208,14.4187], [34.3516,23.7396], [26.8208,14.4187], [26.8208,14.4187], [14.3516,3.60837], [14.3516,3.60837], [14.3516,3.60837], [14.3516,3.60837], [-2.80065,37.6534], [-1.15564,20.2706], [-1.15564,20.2706], [-1.15564,20.2706], [12.0217,24.7333], [8.38985,16.5213], [8.38985,16.5213], [15.3928,19.3352], [3.0175,23.2891], [3.0175,23.2891], [3.0175,23.2891], [3.0175,23.2891], [13.2201,23.2547], [15.3928,19.3352], [13.2201,23.2547], [13.2201,23.2547], [13.2201,23.2547], [-0.948456,79.988], [6.7372,76.591], [6.7372,76.591], [-0.948456,79.988], [-5.26573,82.311], [6.7372,76.591], [6.7372,76.591], [-0.948456,79.988], [-5.26573,82.311], [-0.948456,79.988], [13.8312,95.3428], [-0.934191,92.9628], [-0.948456,79.988], [-0.948456,79.988], [-0.948456,79.988], [16.564,76.5647], [6.7372,76.591], [6.7372,76.591], [58.6696,79.1374], [55.31,82.954], [58.6696,79.1374], [58.3266,89.196], [55.31,82.954], [57.3107,65.5797], [57.3107,65.5797], [57.3107,65.5797], [64.7608,62.4078], [64.7608,62.4078], [57.3107,65.5797], [64.7608,62.4078], [64.7608,62.4078], [64.7608,62.4078], [60.367,52.66], [57.241,50.4051], [58.9306,49.5247], [57.241,50.4051], [57.241,50.4051], [48.4365,107.307], [46.9168,103.271], [48.4365,107.307], [48.4365,107.307], [48.4365,107.307], [26.8618,100.05], [44.2682,100.895], [38.7998,106.008], [23.8901,93.2781], [23.8901,93.2781], [33.7846,101.402], [7.60422,96.9445], [38.7998,106.008], [33.7846,101.402], [44.2682,100.895], [23.8901,93.2781], [15.4323,93.5926], [26.8618,100.05], [15.4323,93.5926], [15.4323,93.5926], [28.7934,104.097], [28.7934,104.097], [25.4989,96.879], [13.9944,102.907], [7.60422,96.9445], [25.4989,96.879], [17.1746,89.7061], [25.4989,96.879], [21.4036,83.8579], [13.9944,102.907], [11.7003,87.013], [25.4989,96.879], [7.60422,96.9445], [13.9944,102.907], [17.1746,89.7061], [4.04837,