{
  "instance_index": 0,
  "birth_iter": 87,
  "death_iter": 100,
  "survival_iters": 13,
  "censored": false,
  "pre_vnd_cost": 9560.59,
  "post_vnd_cost": 527.871,
  "pre_vnd_coords": [[80,20], [86.1685,17.4979], [86.1564,17.5328], [85.881,18.3273], [66.9511,18.0053], [86.1437,17.5696], [71.7235,31.447], [72.4083,16.8318], [67.5777,16.3002], [68.0506,15.0133], [68.8136,15.3317], [50.0341,33.8189], [39.5975,24.3652], [49.5702,33.3987], [58.9634,39.7414], [67.285,17.0966], [48.768,32.6721], [70.8971,16.2011], [59.9967,36.9293], [50.4155,34.1644], [60.3074,36.0839], [69.5226,15.6275], [46.8429,30.9282], [65.9525,20.7227], [64.4683,24.7615], [51.4549,35.1059], [39.2286,24.0311], [40.8851,25.5316], [31.6791,14.7416], [37.8986,22.8263], [41.1266,25.7503], [40.1185,24.8372], [41.6625,26.2357], [41.3971,43.4493], [41.396,25.9943], [34.431,14.7918], [40.3627,25.0584], [34.5208,15.3896], [32.3024,14.753], [35.6683,40.0345], [34.6968,16.5619], [18.8247,14.5074], [34.8446,17.5456], [35.0768,19.0923], [34.9121,17.9952], [28.0658,14.6758], [30.9908,14.7291], [35.2247,20.0773], [30.3153,14.7168], [29.5561,14.7029], [40.5974,25.271], [13.5294,14.411], [13.4672,14.814], [13.4332,15.0344], [12.9917,17.8952], [12.9153,18.3896], [13.0284,17.6575], [13.058,17.4657], [12.8437,19.4281], [12.8716,21.7662], [13.0877,17.273], [12.1486,17.1046], [28.3803,27.9324], [11.6715,21.8908], [11.935,19.2475], [11.8675,19.925], [10.856,30.0711], [11.6214,22.3934], [11.4929,23.6824], [28.485,28.5866], [29.2262,33.2185], [11.0154,28.4722], [11.1261,27.3621], [11.7114,21.4911], [11.1659,26.9633], [12.1639,16.9516], [10.9484,29.1443], [11.8088,20.5135], [30.8095,27.289], [11.205,26.5705], [11.7532,21.0715], [10.5793,32.8465], [10.6707,31.9302], [11.2775,25.8436], [11.3959,24.6557], [10.2865,35.7835], [15.3751,39.9244], [11.3135,25.4822], [11.6132,40.214], [19.6581,42.0702], [29.7275,36.3515], [21.9664,54.7316], [30.2106,39.3701], [12.0802,54.8094], [20.299,42.4221], [14.6859,39.9774], [28.3803,27.9324], [10.1145,37.5085], [17.6022,40.9416], [12.5483,40.142], [10.6652,58.4925], [10.4011,40.3073], [15.0276,39.9511], [15.3751,39.9244], [9.9105,39.5548], [11.2152,54.6597], [13.6786,40.055], [13.0183,40.1058], [10.7588,31.0462], [10.9687,56.3779], [10.3275,60.8445], [10.1065,40.33], [12.7787,40.1243], [11.0559,55.7698], [11.2152,54.6597], [25.3178,45.1773], [11.1382,55.1967], [10.4086,34.5586], [11.8413,40.1964], [14.0745,40.0245], [9.94979,39.1608], [9.99579,38.6994], [10.7915,57.6122], [10.7152,58.1438], [13.0317,54.974], [10.6906,58.3151], [12.5579,54.892], [9.87147,39.9464], [14.7554,39.9721], [10.4814,33.8284], [17.6995,43.5453], [9.97268,56.9821], [18.0674,43.5777], [15.5385,57.8905], [15.9253,43.3892], [16.7773,43.4642], [14.8255,43.2925], [16.51,43.4407], [18.8288,43.6447], [18.4501,43.6114], [15.2043,43.3258], [14.3756,57.0201], [15.6167,43.3621], [29.87,45.6469], [36.2456,39.7055], [22.2575,43.9464], [22.5243,43.9699], [13.1176,17.0794], [29.9633,46.8992], [30.0024,45.9005], [19.1567,43.6736], [29.9141,45.7314], [21.9786,43.9219], [29.7447,45.4071], [17.0872,43.4915], [20.2704,43.7715], [20.8979,43.8268], [30.1287,46.1421], [16.2356,43.4165], [21.197,43.8531], [30.1734,46.2278], [30.0694,46.7292], [36.2983,39.7548], [30.0867,46.0617], [36.3504,39.8035], [22.2195,61.418], [23.2477,44.2731], [43.3173,46.8255], [46.8912,52.8535], [45.041,29.296], [33.5467,41.9588], [29.7061,46.9803], [36.1947,39.6579], [30.0449,45.9817], [37.3942,40.5576], [29.3814,46.8442], [29.8298,45.57], [42.4179,45.2441], [38.4549,41.3238], [40.0063,46.7384], [37.7797,39.3666], [38.2555,48.0114], [54.9034,44.9963], [38.7372,42.5368], [35.1773,50.2495], [40.0063,46.7384], [55.2798,42.3828], [40.0063,46.7384], [39.4954,45.0468], [38.9149,43.1251], [39.1706,43.9717], [39.3256,44.4846], [54.6393,46.8308], [38.6417,42.2203], [39.0051,43.4236], [36.9585,48.9544], [38.8293,42.8416], [39.6753,45.6424], [37.6676,48.4388], [39.2482,44.2286], [55.0669,43.8608], [40.0063,46.7384], [40.8,67.1475], [40.0063,46.7384], [40.0063,46.7384], [41.2962,68.9838], [52.4177,62.2543], [32.5779,51.6892], [40.7992,67.1444], [39.9787,46.6471], [52.248,63.4333], [39.9346,46.501], [52.8918,58.9629], [52.0853,66.5125], [26.3982,54.9194], [54.3186,49.058], [51.8784,66.6806], [40.0062,46.738], [52.0395,66.5497], [49.1791,79.6349], [51.7674,66.7707], [67.6085,71.2809], [48.764,79.2519], [49.7544,80.1658], [50.3022,80.6713], [53.3642,89.9094], [56.5123,70.0117], [61.5507,89.4665], [52.1723,89.993], [52.3151,89.9741], [52.1192,90.0001], [52.0133,90.0141], [52.2633,89.981], [41.487,87.8435], [51.5896,90.0702], [43.663,88.879], [51.6922,90.0566], [27.524,90.4698], [32.2968,87.2026], [43.1069,88.7635], [37.946,85.6075], [41.1309,87.5917], [50.3587,90.2333], [50.6593,90.1935], [50.3051,90.2404], [35.5475,87.9284], [46.4678,89.4614], [39.9087,86.7274], [35.0778,87.8235], [51.4285,90.0916], [51.2816,90.111], [50.615,90.1993], [50.7576,90.1805], [52.3651,89.9675], [44.2535,89.0016], [36.4702,87.0355], [36.9451,86.5761], [50.2529,90.2473], [51.1733,90.1254], [35.8499,87.6358], [26.9027,89.4508], [35.9982,87.4923], [35.5475,87.9284], [35.5475,87.9284], [27.9476,91.8059], [35.5475,87.9284], [36.6276,86.8833], [36.1508,87.3446], [37.1072,86.4192], [27.524,90.4698], [50.8081,90.1738], [35.5475,87.9284], [32.9879,87.3569], [42.432,88.5117], [50.0313,90.2013], [42.1257,88.2951], [40.8194,87.3714], [50.4651,90.2192], [51.3788,90.0982], [48.9678,89.9805], [51.9637,90.0207], [51.0181,90.1459], [50.9162,90.1594], [51.4835,90.0843], [51.803,90.042], [52.4174,89.9606], [50.4118,90.2263], [47.4549,91.2743], [47.4549,91.2743], [31.5476,88.654], [50.12,80.5032], [47.4549,91.2743], [47.4549,91.2743], [47.4549,91.2743], [47.4549,91.2743], [52.5033,90.769], [35.1651,87.2152], [47.4549,91.2743], [47.4549,91.2743], [51.6778,90.8516], [55.7062,90.4484], [53.3322,90.686], [49.0847,79.5479], [48.9768,79.4483], [61.7665,89.8417], [49.3763,79.8169], [35.1651,87.2152], [50.0341,91.0162], [47.4549,91.2743], [47.4549,91.2743], [59.7061,90.048], [56.5022,90.3687], [42.5124,73.4841], [66.035,89.4145], [65.0076,89.5173], [66.7685,89.341], [49.5672,79.9931], [67.6085,71.2809], [67.2603,89.2918], [78.6279,47.5691], [79.0399,48.531], [79.0219,48.489], [79.6361,49.4595], [81.4686,52.313], [79.0399,48.531], [80.7539,51.2002], [82.8909,54.5279], [80.1867,50.3169], [82.5431,53.9863], [83.5629,55.5744], [81.824,52.8666], [83.2425,55.0755], [82.2108,53.4689], [83.8847,56.0755], [50.2529,90.2473], [49.5525,90.1019], [47.4549,91.2743], [32.3555,82.4281], [48.5471,79.0518], [34.4278,85.959], [50.2082,80.5846], [57.5457,90.2642], [49.8421,80.2468], [33.52,88.4914], [54.0264,90.6165], [50.0273,80.4176], [31.9337,81.7094], [24.4314,89.2409], [31.411,75.9745], [48.6542,79.1506], [22.3866,89.4096], [33.4268,84.2534], [32.6989,83.0132], [30.3496,77.7545], [42.5124,73.4841], [30.5408,88.7371], [20.5394,89.562], [33.7584,84.8183], [23.7672,89.2957], [22.211,89.4241], [47.5711,91.2627], [35.0565,69.8609], [30.4718,77.5497], [30.113,78.1513], [29.9786,78.3767], [35.1651,87.2152], [33.064,83.6353], [25.3158,89.168], [22.0422,89.438], [18.457,89.7338], [24.8421,89.2071], [42.5124,73.4841], [17.0407,73.1409], [24.0933,89.2688], [31.5397,75.7587], [24.9104,89.2014], [24.5831,89.2284], [20.8608,89.5355], [18.1895,72.4063], [24.7751,89.2126], [31.1227,76.4581], [30.8613,76.8964], [35.1651,87.2152], [17.533,91.0232], [27.524,90.4698], [28.0193,92.0319], [27.524,90.4698], [27.1778,89.9019], [27.524,90.4698], [27.4176,90.2953], [26.083,91.8457], [25.2804,91.7685], [22.4809,91.4992], [27.3104,91.9637], [24.4933,91.6927], [25.8736,91.8255], [24.3081,91.6749], [27.524,90.4698], [24.115,91.6563], [27.524,90.4698], [19.5332,72.629], [15.2478,71.6819], [24.8812,91.7301], [19.8464,74.2011], [13.0636,90.5933], [16.4089,90.915], [26.2734,91.864], [27.524,90.4698], [19.4934,91.2118], [26.4685,91.8828], [18.5027,91.1165], [25.0783,91.749], [26.8735,91.9217], [27.524,90.4698], [27.2998,90.102], [27.0849,91.9421], [27.7541,