{
  "instance_index": 0,
  "birth_iter": 70,
  "death_iter": 70,
  "survival_iters": 0,
  "censored": false,
  "pre_vnd_cost": 5137.84,
  "post_vnd_cost": 573.599,
  "pre_vnd_coords": [[80,20], [86.1687,17.498], [85.7379,18.7404], [86.144,17.5693], [86.1524,17.545], [86.1604,17.5219], [84.1464,23.3313], [83.5835,24.9547], [83.5835,24.9547], [83.5835,24.9547], [83.7868,24.3682], [76.1732,48.1323], [76.5307,50.9245], [76.4739,50.4809], [76.4061,49.9514], [76.3448,49.4725], [76.2819,48.9818], [76.2262,48.5469], [67.5221,46.5987], [69.3875,46.9294], [72.0354,47.3989], [74.4309,47.8235], [85.376,63.6677], [85.376,63.6677], [68.4307,61.4488], [77.5562,59.5498], [77.161,59.7443], [64.6519,71.6066], [47.607,89.2199], [49.507,89.1419], [49.7428,89.1322], [62.2345,69.5303], [50.4729,89.1022], [47.8826,71.4919], [11.422,83.866], [13.0688,90.317], [12.9524,90.3197], [12.8443,90.3222], [12.7351,90.3246], [12.6335,90.327], [11.7154,71.6829], [9.98173,47.5154], [9.93301,48.0033], [10.017,47.1627], [10.114,46.1908], [10.0471,46.8613], [10.4942,48.2978], [11.4099,48.5272], [20.1523,44.9905], [15.7279,49.6091], [10.1315,46.0158], [11.0745,48.4432], [10.0962,46.3691], [10.1927,45.4032], [9.94808,47.8524], [10.2568,48.2383], [9.96363,47.6967], [10.2307,45.0227], [10.8272,39.0517], [9.91802,48.1534], [10.7696,48.3668], [10.2686,44.6429], [10.21,45.2298], [10.063,46.7015], [10.2504,44.8259], [10.0797,46.5348], [22.2231,51.2365], [10.3399,43.9296], [10.1503,45.8272], [10.7244,40.0801], [12.8244,48.8816], [10.5602,41.7238], [11.4639,32.6773], [10.2926,44.403], [11.4115,33.2021], [19.7988,45.1099], [20.7495,44.7888], [22.8763,51.4002], [20.2581,44.9548], [20.4507,44.8898], [26.5902,42.8163], [9.99844,47.3482], [10.4548,42.7793], [10.1802,45.5285], [11.9159,40.5751], [18.7524,45.5407], [20.7573,49.6976], [11.9257,40.1004], [18.812,45.6643], [22.0238,44.674], [19.4479,46.9827], [19.6948,47.4946], [28.4882,43.1006], [11.8959,41.5418], [18.7971,45.6334], [19.1745,46.4159], [18.8607,45.7653], [18.7672,45.5715], [18.843,45.7285], [28.7336,43.0836], [28.8096,43.0783], [28.5639,43.0954], [28.4883,43.1006], [28.4883,43.1006], [28.4883,43.1006], [28.4883,43.1006], [28.4883,43.1006], [28.4883,43.1006], [28.4883,43.1006], [28.4882,43.1006], [28.4882,43.1006], [28.4882,43.1006], [28.4882,43.1006], [28.4882,43.1006], [28.4882,43.1006], [28.4882,43.1006], [28.4882,43.1006], [28.4882,43.1006], [28.6486,43.0895], [30.1129,42.9878], [30.4895,42.9617], [26.143,43.6714], [28.4882,43.1006], [39.4573,40.7086], [18.7835,45.6053], [29.6519,43.0198], [29.5655,43.0259], [29.4804,43.0318], [29.3967,43.0376], [29.3173,43.0431], [29.2364,43.0487], [29.1491,43.0548], [29.0608,43.0609], [28.9777,43.0667], [28.8984,43.0722], [29.7305,43.0144], [39.4573,40.7086], [40.1834,40.396], [39.4573,40.7086], [39.4573,40.7086], [34.7795,42.6639], [34.7795,42.6639], [34.3851,42.6913], [36.766,45.0675], [47.1619,33.0229], [47.7693,33.646], [46.6182,32.465], [60.245,41.105], [59.6505,41.7926], [58.8372,42.7334], [58.679,42.9164], [60.8682,40.3843], [45.5744,31.3941], [46.162,31.9969], [44.9777,30.7818], [43.9211,29.6978], [42.3761,28.1127], [43.3485,29.1103], [44.4532,30.2438], [37.4738,23.0829], [37.8859,23.5058], [38.4037,24.037], [38.9928,24.6414], [39.6177,25.2825], [40.1592,25.8382], [40.8322,26.5286], [41.4753,27.1884], [36.842,22.4347], [36.2325,20.0547], [36.3538,20.5286], [36.1393,19.6911], [30.0727,15.285], [27.0688,15.2972], [34.2516,15.2681], [33.5042,15.271], [36.0002,19.1479], [35.8043,18.3831], [12.7562,19.7423], [12.7217,20.0882], [35.1359,15.7731], [26.2855,15.2506], [35.2502,16.2194], [35.3494,16.607], [35.462,17.0464], [36.6547,21.7032], [35.6154,17.6455], [35.0057,15.2651], [36.4515,20.91], [36.5527,21.305], [27.0688,15.2972], [13.4077,14.7314], [12.8014,19.3246], [12.8149,19.2227], [13.3714,15.0064], [13.3966,14.8152], [13.3625,15.0736], [13.4301,14.5614], [15.6592,14.6174], [13.4194,14.6428], [12.6867,20.4384], [11.8441,28.8724], [12.3808,23.5004], [14.9264,14.5738], [12.1019,26.2925], [27.0688,15.2972], [14.0583,14.5222], [11.9313,27.9992], [13.383,14.9184], [11.5732,31.5838], [12.8352,19.0686], [12.8419,19.018], [11.2528,34.7903], [12.7872,19.4326], [13.4401,14.4854], [13.3532,15.1444], [12.8625,18.8618], [16.2655,14.6534], [12.8564,18.9079], [12.8284,19.1202], [11.8045,29.269], [12.7942,19.3795], [12.8217,19.171], [13.0387,17.527], [11.6636,30.6792], [11.7604,29.7103], [12.8075,19.2783], [12.8498,18.9584], [15.3655,28.2987], [11.9656,38.1645], [15.4633,28.0681], [11.9761,37.6531], [13.1504,33.5162], [13.1504,33.5163], [12.9268,34.0542], [12.3723,35.388], [11.9714,37.8844], [15.4447,28.1121], [11.9357,39.6139], [18.7219,45.4776], [20.619,45.0159], [11.9452,39.1548], [11.9549,38.6826], [11.5303,37.4135], [18.7367,45.5082], [19.9396,48.0022], [20.1893,48.52], [18.8272,45.6959], [18.892,45.8302], [18.9077,45.8627], [11.9061,41.0486], [11.6416,37.4733], [19.4947,45.2895], [27.0688,15.2972], [24.3721,15.1368], [25.3468,15.1948], [78.4595,52.2663], [77.538,58.7911], [76.7462,52.6077], [77.5565,58.9359], [77.4582,58.168], [83.2746,56.0175], [82.6287,55.5143], [83.8393,56.4574], [80.5505,53.8953], [79.3615,58.6613], [79.625,58.5316], [59.8914,67.518], [64.7567,61.6347], [81.3067,54.4844], [59.8914,67.518], [79.0678,58.8058], [77.3373,59.6575], [64.1422,61.6658], [77.9814,59.3405], [79.1366,52.7938], [78.2512,59.2077], [78.5524,59.0594], [78.7933,58.9409], [81.915,54.9583], [79.9428,58.3751], [80.2128,58.2422], [80.4761,58.1127], [80.7944,57.956], [77.77,59.4445], [81.5957,57.5617], [82.6788,57.0286], [81.0972,57.807], [61.718,61.7885], [48.042,71.5545], [41.8488,57.5972], [37.308,63.761], [37.4009,63.635], [37.4477,63.5714], [37.4947,63.5076], [37.5404,63.4456], [37.5855,63.3843], [37.633,63.3199], [37.6808,63.2551], [37.7389,63.1762], [37.7958,63.099], [37.8522,63.0224], [37.9653,62.8689], [38.0265,62.7858], [38.0882,62.702], [38.5528,62.0714], [39.009,61.452], [39.4135,60.903], [40.2311,59.7931], [40.6664,59.2023], [41.0804,58.6403], [41.4553,58.1313], [42.2886,57.0003], [38.1423,62.6286], [39.8109,60.3635], [37.3548,63.6975], [37.9052,62.9505], [28.4882,43.1006], [31.0397,42.9235], [31.5435,42.8885], [32.0783,42.8514], [32.6104,42.8145], [33.0424,42.7845], [33.5024,42.7526], [33.9829,42.7192], [21.5995,51.0803], [24.1572,62.0576], [25.3739,61.3675], [19.9825,50.6751], [20.8372,44.7592], [30.1536,66.6304], [26.8067,42.7432], [12.1451,71.3458], [27.4906,66.0042], [30.721,66.6818], [26.1752,62.6453], [14.3985,49.276], [26.0481,62.3511], [17.2356,68.7017], [25.7295,61.6133], [26.2872,62.9046], [25.8346,61.8566], [25.9377,62.0954], [25.253,61.3837], [24.7953,61.445], [18.9184,67.0864], [11.6764,71.3038], [23.6785,51.6012], [26.4063,63.1805], [24.9206,61.4282], [25.0304,61.4135], [25.1401,61.3988], [27.4622,65.8494], [27.4524,65.7961], [33.6177,66.9442], [27.4417,65.7379], [27.431,65.6792], [27.4207,65.6234], [27.5527,66.343], [27.4103,65.5669], [27.4006,65.5139], [27.5221,66.1758], [27.5421,66.2848], [27.3907,65.4596], [27.0859,64.7539], [26.7309,63.932], [11.0076,69.5936], [11.0076,69.5936], [22.208,63.9286], [25.4866,61.3524], [23.5552,62.6354], [16.258,68.6919], [22.8231,63.3382], [18.0515,67.9185], [15.7343,68.6867], [27.5624,66.3957], [17.2356,68.7017], [29.1463,66.5392], [28.6178,66.4913], [17.2356,68.7017], [28.0731,66.442], [18.6443,67.3495], [17.6522,77.2311], [14.2903,68.6722], [17.6522,77.2311], [17.6522,77.2311], [17.6521,77.2311], [18.3629,67.6196], [14.7406,68.6767], [19.1502,66.8639], [21.7546,64.3638], [21.168,64.927], [20.7804,65.299], [27.4718,65.9021], [17.6521,77.2311], [20.333,65.7284], [19.6993,66.3367], [32.06,87.5849], [29.9794,87.9433], [14.9426,81.1357], [31.956,87.6028], [17.2356,68.7017], [19.5527,79.5872], [16.6114,76.1187], [19.5527,79.5872], [16.7773,68.6971], [17.6522,77.2311], [19.5527,79.5872], [14.288,73.6355], [17.6522,77.2311], [17.784,68.1753], [17.5243,68.4246], [31.3115,66.7353], [17.2596,80.3575], [19.5527,79.5873], [19.5527,79.5873], [19.5527,79.5873], [18.3694,