{
  "instance_index": 0,
  "birth_iter": 77,
  "death_iter": 80,
  "survival_iters": 3,
  "censored": false,
  "pre_vnd_cost": 9563.41,
  "post_vnd_cost": 662.52,
  "pre_vnd_coords": [[80,20], [75.388,14.1637], [72.9503,11.0788], [72.9503,11.0788], [56.3345,22.4194], [54.4075,23.7346], [56.8019,22.1004], [56.5776,22.2535], [53.8165,24.138], [57.0074,21.9602], [55.9168,22.7045], [37.2605,30.0551], [36.4004,17.3362], [36.0997,23.3657], [48.1859,27.981], [46.1659,29.3597], [45.8335,29.5865], [35.9674,22.5106], [36.5581,26.33], [36.6526,16.3347], [35.7768,21.2777], [35.8286,21.6127], [47.3726,28.5361], [36.0362,22.9551], [36.1609,23.7614], [33.8447,19.4008], [35.8989,22.0673], [35.6753,20.6212], [35.7218,20.9224], [36.1928,18.1604], [36.2892,24.5911], [21.9119,31.1105], [18.385,26.2878], [35.6364,20.3696], [21.2798,31.1227], [18.385,26.2878], [12.4921,36.255], [18.385,26.2878], [18.385,26.2878], [18.385,26.2878], [18.385,26.2878], [18.385,26.2878], [21.592,31.1166], [18.385,26.2878], [19.2477,28.075], [19.65,28.9084], [12.8317,40.4608], [10.8654,16.1098], [10.8654,16.1098], [10.8654,16.1098], [11.0238,18.0709], [10.8654,16.1098], [10.8654,16.1098], [10.8654,16.1098], [12.2769,33.5903], [10.8654,16.1098], [13.3376,19.456], [10.8654,16.1098], [10.8654,16.1098], [18.385,26.2878], [18.385,26.2878], [11.207,20.3392], [10.8654,16.1098], [11.8876,28.7684], [18.385,26.2878], [11.7249,26.7537], [15.1337,21.8871], [11.833,28.0927], [11.6728,26.1077], [12.2668,33.4651], [11.4437,23.271], [12.1221,31.6723], [11.9731,17.6091], [11.9422,29.4442], [10.8654,16.1098], [12.0037,30.206], [10.8654,16.1098], [12.6608,18.5399], [14.0672,20.4435], [18.385,26.2878], [12.7765,39.7772], [12.2575,33.3497], [11.7786,27.4188], [12.0623,30.932], [12.7706,39.7041], [22.1787,31.1053], [11.2712,51.7156], [11.5637,42.2061], [11.9923,47.7974], [11.5052,40.0215], [11.7664,47.3579], [11.6983,47.2255], [13.0238,49.8037], [12.2858,48.3683], [9.93461,61.9359], [9.93461,61.9359], [9.93461,61.9359], [10.2653,64.3209], [12.4986,48.7822], [9.93461,61.9359], [11.5232,40.6932], [11.4686,38.6544], [15.51,54.6399], [16.1325,55.8506], [11.8364,47.4942], [12.5711,48.9232], [10.1151,63.2374], [9.93461,61.9359], [11.487,39.3435], [21.552,40.9838], [26.2455,38.6439], [11.441,37.6242], [12.7146,49.2022], [22.0403,42.61], [21.5397,40.8877], [28.1643,37.729], [11.601,43.5956], [21.544,40.9213], [12.1411,48.0869], [12.3562,48.5051], [21.552,40.9838], [22.4958,44.0957], [12.9441,49.6487], [27.3079,38.1373], [21.6662,41.3642], [16.5331,57.0805], [11.6389,45.0095], [21.9005,42.1445], [14.5306,52.7347], [12.8644,49.4936], [21.5418,40.9044], [11.6584,45.7372], [12.2132,48.2271], [22.6489,44.5899], [23.5675,47.5544], [13.6035,50.9313], [21.552,40.9838], [12.7843,49.3379], [11.6198,44.2961], [15.6592,54.93], [11.6782,46.4763], [24.3019,39.5706], [11.5435,41.4518], [30.6866,36.5262], [26.5848,38.4821], [27.1214,38.2262], [30.2265,36.7456], [12.4253,48.6395], [25.2874,39.1007], [24.008,39.7108], [24.5996,39.4287], [26.8588,38.3514], [23.3303,40.0339], [29.9543,36.8754], [37.874,35.6195], [30.6866,36.5262], [35.9786,35.8586], [25.6662,38.9201], [36.9916,35.7308], [27.7419,37.9303], [33.5899,36.16], [28.8915,37.3822], [23.6844,39.8651], [28.6366,37.5038], [39.5498,35.408], [31.3529,51.3038], [48.9646,34.2201], [40.4633,35.2927], [56.2826,37.2078], [41.4524,35.1679], [36.0477,49.7876], [33.2789,50.6817], [48.0199,34.3393], [49.9094,34.1009], [38.7761,35.5056], [52.4628,33.7787], [43.3817,34.9245], [42.5406,35.0307], [55.5871,34.3395], [32.3564,36.3156], [51.6843,33.8769], [55.4752,33.8781], [55.8206,35.3023], [55.3624,33.4128], [56.954,39.977], [55.6971,34.793], [63.0928,61.1828], [62.3489,60.3107], [60.9793,58.2628], [51.109,63.4403], [39.2522,72.0582], [54.8426,64.1255], [54.3362,64.2859], [55.5797,63.8921], [58.11,63.0908], [56.2847,63.6689], [49.9242,71.7878], [53.5473,64.3242], [41.9233,56.9844], [57.3176,63.3418], [49.8211,68.2868], [54.5859,64.2068], [50.7797,73.894], [24.7773,68.9463], [47.3565,63.6795], [49.3077,69.5017], [40.7718,70.6576], [45.7861,72.2791], [21.561,74.3984], [28.4489,62.7226], [25.9984,66.8765], [31.3476,57.8088], [40.8248,70.6747], [49.2194,73.3894], [50.7797,73.894], [39.4383,71.9818], [47.2119,63.2482], [26.8334,65.461], [47.8318,65.0979], [20.7803,59.8623], [47.0662,62.8134], [37.5404,74.0207], [31.6452,52.4041], [36.8214,48.487], [22.4891,60.8446], [28.7623,62.1912], [21.4023,60.136], [30.3224,59.5467], [24.5196,69.3832], [31.0647,56.5817], [20.6429,59.8018], [21.9344,61.6534], [22.4081,60.5784], [22.6106,60.6675], [40.873,70.6903], [30.7556,55.2412], [28.9818,61.8192], [23.6145,70.9174], [29.2203,61.4149], [17.9445,58.6147], [27.1468,64.9297], [40.4357,70.9104], [40.0832,46.2353], [31.2516,57.3925], [47.4945,64.0912], [39.2447,46.8142], [22.5685,60.7288], [20.6139,62.5506], [36.3905,48.7844], [48.328,66.5783], [30.9711,56.1759], [16.1954,57.2645], [40.7229,70.6418], [21.2934,62.0889], [51.5406,58.971], [37.5404,74.0207], [28.185,63.1699], [47.0662,62.8134], [42.7067,44.4244], [26.2957,66.3725], [44.3316,71.8088], [47.0662,62.8134], [27.4459,64.4228], [29.9416,60.1922], [31.3476,57.8088], [39.6479,46.5358], [50.9269,58.4732], [40.6943,70.6326], [45.0002,42.8412], [57.3003,41.5618], [40.5893,45.886], [47.0662,62.8134], [38.166,47.5588], [47.7782,57.2488], [31.3476,57.8088], [48.5341,56.5323], [34.9999,49.7443], [48.4992,67.0891], [49.7814,57.544], [47.863,56.3864], [34.4154,50.1478], [41.1522,45.4974], [46.0878,42.0904], [43.3953,43.9491], [54.1529,39.8272], [47.8052,57.038], [60.1348,55.3523], [47.0662,62.8134], [53.3234,39.37], [48.2472,40.6247], [59.8086,42.9442], [46.889,41.5374], [39.8986,71.4874], [37.7655,47.8353], [47.2863,61.093], [32.8174,51.2509], [47.8897,56.0096], [43.9043,43.5977], [41.6378,45.1623], [33.0837,51.0671], [42.1112,44.8355], [32.5115,51.4621], [25.0243,68.5277], [19.1708,59.1542], [38.5015,47.3272], [17.6092,58.4672], [30.411,53.7464], [16.9914,58.1954], [18.4265,64.037], [15.2499,66.1956], [20.9723,62.3071], [19.5959,59.3412], [20.0358,59.5347], [17.2848,58.3245], [32.5115,51.4621], [30.8853,55.8036], [32.5115,51.4621], [31.8645,52.1656], [12.1085,52.6591], [30.6931,53.4395], [18.5228,58.8691], [35.9721,49.0732], [32.5115,51.4621], [18.3807,58.8066], [33.3556,50.8794], [31.428,52.6403], [30.812,55.4857], [30.9527,53.1572], [32.5115,51.4621], [38.8774,47.0677], [32.307,51.6845], [32.5115,51.4621], [32.0944,51.9156], [31.2061,52.8817], [47.0723,41.4109], [47.2984,41.2548], [49.0065,40.1204], [46.6593,41.6959], [44.4225,43.24], [50.7311,38.9752], [37.337,48.1311], [55.4774,40.5571], [51.5818,38.4102], [54.873,40.224], [58.4839,42.2141], [49.9355,39.5035], [53.8827,39.6783], [53.6037,39.5245], [57.8828,41.8828], [35.6378,49.304], [52.7704,39.0652], [63.2144,44.8211], [55.1837,40.3953], [47.5704,58.8729], [54.5225,40.0309], [56.8333,41.3044], [67.4436,47.1519], [61.6389,43.9529], [68.9284,47.9702], [52.1599,38.7288], [53.0604,39.2251], [73.8449,51.479], [45.5671,42.4499], [60.1348,55.3523], [56.2126,40.9623], [52.9691,60.1296], [52.4738,38.9018], [60.1348,55.3523], [73.9588,51.4076], [60.9899,55.2037], [66.8524,54.185], [47.8314,56.8331], [53.9762,60.9465], [49.4681,69.9803], [48.8548,68.1502], [48.6757,67.6157], [62.9163,54.869], [47.6903,57.9353], [73.468,51.7154], [60.1348,55.3523], [74.0873,51.3271], [54.6092,61.46], [60.1348,55.3523], [53.7853,60.7917], [60.423,55.3022], [60.1348,55.3523], [70.872,53.3431], [72.968,52.0289], [15.385,54.3967], [16.7012,56.9569], [49.7068,64.4062], [21.8498,71.2154], [18.62,72.8138], [21.9272,71.1771], [20.9867,71.6426], [22.0235,71.1295], [22.8074,85.2574], [16.6648,73.7814], [18.3246,72.96], [14.6516,58.4646], [11.3764,72.3328], [20.4568,71.9048], [13.2831,78.7771], [10.2607,83.3232], [19.092,88.2587], [32.2192,78.8896], [10.7808,68.0376], [20.7037,71.7826], [25.7337,87.4465], [20.295,87.287], [17.378,79.25], [22.8074,85.2574], [19.1777,72.5378], [23.7499,85.9625], [23.3171,85.6387], [21.9994,71.1414], [20.3626,87.2323], 