{
  "instance_index": 0,
  "birth_iter": 16,
  "death_iter": 40,
  "survival_iters": 24,
  "censored": false,
  "pre_vnd_cost": 11443.3,
  "post_vnd_cost": 847.813,
  "pre_vnd_coords": [[80,20], [97.1338,8.5981], [97.1338,8.5981], [97.1338,8.5981], [97.1338,8.5981], [97.1338,8.5981], [73.2604,8.85226], [73.2604,8.85226], [70.4474,15.7681], [73.2604,8.85226], [73.2604,8.85226], [58.4813,10.4593], [41.0003,3.48875], [33.4865,22.6031], [38.9881,20.6681], [38.9881,20.6681], [33.4865,22.6031], [41.0003,3.48875], [41.0003,3.48875], [33.4865,22.6031], [28.5709,8.74126], [19.968,16.7489], [13.8796,18.5037], [7.59993,5.748], [7.59993,5.748], [7.59993,5.748], [7.59993,5.748], [-1.27791,12.6039], [13.8796,18.5037], [13.8796,18.5037], [-1.27791,12.6039], [-1.27791,12.6039], [-1.27791,12.6039], [7.59993,5.748], [10.5697,33.9441], [10.5697,33.9441], [19.6298,27.04], [4.84819,32.0661], [10.5697,33.9441], [0.0746552,22.2914], [13.8796,18.5037], [4.84819,32.0661], [4.84819,32.0661], [11.4954,43.8765], [4.84819,32.0661], [7.53837,36.7378], [0.0746552,22.2914], [16.2868,40.4241], [11.4954,43.8765], [11.4954,43.8765], [7.53837,36.7378], [13.8796,18.5037], [7.53837,36.7378], [11.4954,43.8765], [19.968,16.7489], [19.968,16.7489], [19.968,16.7489], [13.8796,18.5037], [19.6298,27.04], [26.8861,12.9538], [7.59993,5.748], [19.6298,27.04], [0.0746552,22.2914], [26.8861,12.9538], [0.0746552,22.2914], [0.0746552,22.2914], [33.4865,22.6031], [33.4865,22.6031], [13.8796,18.5037], [13.8796,18.5037], [13.1065,49.5929], [0.831986,53.0472], [-1.60395,40.3554], [0.831986,53.0472], [-1.60395,40.3554], [13.1065,49.5929], [0.831986,53.0472], [13.1065,49.5929], [13.1065,49.5929], [4.81385,63.2183], [6.21775,60.2377], [-0.123862,61.6098], [9.20974,60.011], [-0.123862,61.6098], [-0.123862,61.6098], [6.50648,70.2904], [9.20974,60.011], [6.50648,70.2904], [13.2301,66.9741], [6.50648,70.2904], [-2.74764,81.97], [2.39271,71.3029], [6.50648,70.2904], [2.39271,71.3029], [4.81385,63.2183], [2.39271,71.3029], [6.63627,73.4038], [2.39271,71.3029], [-0.123862,61.6098], [21.4469,71.9449], [16.2223,68.3452], [6.21775,60.2377], [13.2301,66.9741], [4.81385,63.2183], [6.63627,73.4038], [4.81385,63.2183], [6.63627,73.4038], [13.1065,49.5929], [0.831986,53.0472], [2.39271,71.3029], [16.2223,68.3452], [2.39271,71.3029], [4.81385,63.2183], [13.2301,66.9741], [16.4082,68.7768], [9.20974,60.011], [17.8871,55.8572], [30.7931,68.7076], [13.2301,66.9741], [13.2301,66.9741], [17.8871,55.8572], [29.8118,59.7992], [24.4857,65.5524], [31.0742,52.2999], [22.8148,59.8605], [13.2301,66.9741], [29.5944,48.0177], [28.8911,55.6781], [29.5944,48.0177], [22.8148,59.8605], [31.0742,52.2999], [24.4857,65.5524], [39.359,59.2128], [29.5944,48.0177], [48.6426,61.3298], [38.6543,50.6745], [39.359,59.2128], [40.9637,69.3871], [47.9052,49.8001], [30.7931,68.7076], [38.233,70.4655], [24.4857,65.5524], [29.8118,59.7992], [29.8118,59.7992], [22.8148,59.8605], [28.8911,55.6781], [41.6461,51.1351], [33.4943,65.845], [21.7457,83.9947], [33.4943,65.845], [17.8871,55.8572], [53.6858,45.0828], [47.9052,49.8001], [47.9052,49.8001], [55.4235,51.7403], [13.2301,66.9741], [39.359,59.2128], [33.4943,65.845], [24.4857,65.5524], [31.0742,52.2999], [13.2301,66.9741], [13.2301,66.9741], [22.8148,59.8605], [13.2301,66.9741], [30.7931,68.7076], [9.20974,60.011], [24.4857,65.5524], [21.4469,71.9449], [22.8148,59.8605], [29.8118,59.7992], [45.5422,82.0253], [44.5323,70.5551], [28.8911,55.6781], [40.9637,69.3871], [44.9793,49.4962], [38.233,70.4655], [30.7931,68.7076], [36.8781,75.8367], [24.4857,65.5524], [36.8781,75.8367], [29.8118,59.7992], [30.7931,68.7076], [36.8781,75.8367], [7.04093,79.9228], [36.8781,75.8367], [21.4469,71.9449], [24.4857,65.5524], [21.4469,71.9449], [13.2301,66.9741], [16.2223,68.3452], [21.4469,71.9449], [13.2301,66.9741], [24.4857,65.5524], [24.4857,65.5524], [9.20974,60.011], [17.8871,55.8572], [29.8118,59.7992], [6.63627,73.4038], [16.2223,68.3452], [13.2301,66.9741], [21.4469,71.9449], [13.2301,66.9741], [16.4082,68.7768], [16.2223,68.3452], [30.7931,68.7076], [30.7931,68.7076], [22.8148,59.8605], [19.2464,79.4224], [11.7098,80.8933], [16.2223,68.3452], [6.50648,70.2904], [6.50648,70.2904], [6.50648,70.2904], [-0.123862,61.6098], [5.80534,82.0764], [25.7757,74.9128], [6.63627,73.4038], [13.2301,66.9741], [9.20974,60.011], [6.63627,73.4038], [-0.123862,61.6098], [7.04093,79.9228], [6.63627,73.4038], [16.2223,68.3452], [4.81385,63.2183], [-2.74764,81.97], [-2.74764,81.97], [5.80534,82.0764], [5.80534,82.0764], [-0.963783,91.9868], [-2.74764,81.97], [15.817,84.829], [19.2464,79.4224], [-0.963783,91.9868], [11.6179,90.0528], [15.817,84.829], [-0.963783,91.9868], [-0.963783,91.9868], [11.6179,90.0528], [21.0587,88.8853], [7.04093,79.9228], [11.6179,90.0528], [7.04093,79.9228], [2.39271,71.3029], [5.80534,82.0764], [2.39271,71.3029], [-2.74764,81.97], [7.04093,79.9228], [11.7098,80.8933], [5.80534,82.0764], [5.80534,82.0764], [6.63627,73.4038], [-0.963783,91.9868], [5.80534,82.0764], [7.04093,79.9228], [2.39271,71.3029], [2.39271,71.3029], [-0.963783,91.9868], [15.817,84.829], [5.80534,82.0764], [17.6751,90.514], [14.0882,85.2767], [11.7098,80.8933], [0.562567,95.0016], [-0.963783,91.9868], [-2.74764,81.97], [11.6179,90.0528], [11.6179,90.0528], [14.0882,85.2767], [17.6751,90.514], [11.7098,80.8933], [14.0882,85.2767], [6.72968,101.444], [-0.963783,91.9868], [0.562567,95.0016], [11.6179,90.0528], [-0.963783,91.9868], [11.6179,90.0528], [6.72968,101.444], [11.6179,90.0528], [6.72968,101.444], [6.72968,101.444], [25.8703,99.9357], [30.216,92.3081], [17.6751,90.514], [-0.963783,91.9868], [14.0882,85.2767], [-0.963783,91.9868], [6.72968,101.444], [14.8736,84.1615], [11.6179,90.0528], [17.6751,90.514], [30.1268,85.4011], [21.0587,88.8853], [17.6751,90.514], [15.817,84.829], [27.8819,87.5937], [21.7457,83.9947], [11.7098,80.8933], [21.7457,83.9947], [14.0882,85.2767], [13.2301,66.9741], [25.7757,74.9128], [11.6179,90.0528], [7.04093,79.9228], [16.2223,68.3452], [16.2223,68.3452], [-0.963783,91.9868], [11.6179,90.0528], [19.2464,79.4224], [11.6179,90.0528], [16.2223,68.3452], [19.2464,79.4224], [21.4469,71.9449], [24.4857,65.5524], [25.7757,74.9128], [6.63627,73.4038], [21.0587,88.8853], [21.7457,83.9947], [2.39271,71.3029], [7.04093,79.9228], [11.6179,90.0528], [19.2464,79.4224], [19.2464,79.4224], [30.1268,85.4011], [21.0587,88.8853], [24.4857,65.5524], [14.0882,85.2767], [24.4857,65.5524], [21.7457,83.9947], [25.7757,74.9128], [16.2223,68.3452], [21.7457,83.9947], [25.7757,74.9128], [30.9581,84.5053], [41.7807,53.6747], [41.9868,74.5992], [38.2315,70.4327], [42.8878,64.4549], [44.2263,70.4404], [30.6313,52.9645], [42.8878,64.4549], [42.8878,64.4549], [42.8878,64.4549], [38.2315,70.4327], [48.484,66.6065], [42.8878,64.4549], [38.2315,70.4327], [42.8878,64.4549], [55.4235,51.7403], [48.484,66.6065], [41.7807,53.6747], [46.8014,63.8951], [44.2263,70.4404], [38.2315,70.4327], [42.8878,64.4549], [42.0762,85.7931], [32.4311,78.6782], [54.2329,73.6906], [45.275,80.0114], [41.9868,74.5992], [42.8878,64.4549], [32.4311,78.6782], [32.4311,78.6782], [40.3209,80.9954], [45.275,80.0114], [41.9868,74.5992], [54.2329,73.6906], [38.2315,70.4327], [58.3273,82.2669], [54.2329,73.6906], [50.6859,77.3535], [45.275,80.0114], [41.9868,74.5992], [63.9538,65.0792], [45.275,80.0114], [42.0762,85.7931], [58.3273,82.2669], [57.8567,66.0062], [50.6859,77.3535], [48.484,66.6065], [38.8372,85.9396], [43.2853,88.4211], [54.2329,73.6906], [61.1154,71.9148], [50.6859,77.3535], [53.997,89.1103], [50.6859,77.3535], [50.6859,77.3535], [43.2853,88.4211], [50.0212,102.048], [41.9868,74.5992], [54.2329,73.6906], [45.275,80.0114], [50.6859,77.3535], [46.3694,95.2503], [45.275,80.0114], [50.6859,77.3535], [54.2329,73.6906], [45.275,80.0114], [32.4311,78.6782], [38.2315,70.4327], [38.2315,70.4327], [24.2908,84.3374], [32.4311,78.6782], [32.4311,78.6782], [33.7898,91.1158], [29.6549,80.5886], [38.8372,85.9396], [43.2853,88.4211], [29.6549,80.5886], [45.275,80.0114], [29.6549,