{
  "instance_index": 0,
  "birth_iter": 60,
  "death_iter": 101,
  "survival_iters": 41,
  "censored": true,
  "pre_vnd_coords": [[80,20], [65.6166,20.7017], [77.1111,15.8507], [60.7246,15.7471], [60.7246,15.7471], [65.6166,20.7017], [60.7246,15.7471], [60.7246,15.7471], [65.6166,20.7017], [60.7246,15.7471], [60.7246,15.7471], [60.7246,15.7471], [60.7246,15.7471], [38.1055,22.4797], [38.1055,22.4797], [38.1055,22.4797], [38.1055,22.4797], [28.9883,15.8212], [8.4555,40.8826], [12.4326,21.2489], [12.9951,22.1683], [38.1055,22.4797], [28.9883,15.8212], [28.9883,15.8212], [12.9951,22.1683], [28.9883,15.8212], [28.9883,15.8212], [42.7168,17.7641], [28.9883,15.8212], [28.9883,15.8212], [28.9883,15.8212], [28.9883,15.8212], [28.9883,15.8212], [28.9883,15.8212], [28.9883,15.8212], [38.1055,22.4797], [28.9883,15.8212], [28.9883,15.8212], [38.1055,22.4797], [28.9883,15.8212], [28.9883,15.8212], [38.1055,22.4797], [15.1979,12.6943], [8.409,21.6087], [11.323,27.6188], [12.4326,21.2489], [11.323,27.6188], [13.303,15.0326], [12.4326,21.2489], [13.303,15.0326], [13.303,15.0326], [13.303,15.0326], [8.409,21.6087], [12.4326,21.2489], [12.4326,21.2489], [8.409,21.6087], [11.323,27.6188], [12.4326,21.2489], [11.323,27.6188], [15.1979,12.6943], [12.9951,22.1683], [11.323,27.6188], [12.4326,21.2489], [12.4326,21.2489], [11.323,27.6188], [28.9883,15.8212], [11.323,27.6188], [11.323,27.6188], [11.323,27.6188], [11.323,27.6188], [12.9951,22.1683], [12.4326,21.2489], [11.323,27.6188], [11.323,27.6188], [13.303,15.0326], [11.323,27.6188], [12.4326,21.2489], [11.323,27.6188], [5.89799,48.0623], [11.323,27.6188], [8.4555,40.8826], [12.9951,22.1683], [11.323,27.6188], [8.4555,40.8826], [18.6811,40.6624], [18.6811,40.6624], [11.7721,60.0274], [18.6811,40.6624], [8.4555,40.8826], [8.4555,40.8826], [8.4555,40.8826], [18.6811,40.6624], [18.6811,40.6624], [5.89799,48.0623], [8.4555,40.8826], [8.4555,40.8826], [11.323,27.6188], [6.20768,56.8553], [18.6811,40.6624], [8.4555,40.8826], [18.6811,40.6624], [18.6811,40.6624], [8.35372,47.3825], [5.78484,46.4556], [16.8131,56.3106], [8.56929,47.9471], [12.111,57.221], [5.93756,48.6243], [5.30834,39.6883], [5.3304,40.0017], [6.75435,43.1945], [7.61423,45.4459], [5.39979,39.6482], [5.41551,41.2107], [5.37607,40.6505], [5.43475,41.484], [5.35591,40.3641], [9.14583,49.4572], [8.15713,46.8676], [6.52831,57.0136], [6.20061,52.36], [6.04929,50.211], [6.0125,49.6885], [5.85769,47.49], [5.67673,44.9202], [5.63296,44.2988], [5.58116,43.5631], [5.5338,42.8906], [6.57983,57.7452], [8.76474,48.459], [6.31657,54.0068], [5.39604,40.9342], [6.23476,52.8449], [5.72627,45.6237], [5.48484,42.1954], [6.08778,50.7576], [5.89799,48.0623], [6.48514,56.4006], [6.39695,55.1482], [6.92779,62.6864], [6.27693,53.4439], [5.82259,46.9915], [6.4415,55.781], [6.83597,61.3828], [6.7039,59.5071], [18.0675,68.2356], [17.8382,68.9122], [6.76592,60.3878], [10.922,70.8272], [10.883,70.8589], [11.1234,54.6349], [11.7109,56.1733], [12.111,57.221], [12.111,57.221], [10.3432,52.5918], [12.8614,58.0666], [13.0661,58.2973], [13.2357,58.4884], [13.3929,58.6655], [13.5241,58.8133], [13.6503,58.9556], [13.8327,59.1611], [11.323,27.6188], [11.323,27.6188], [41.8897,64.5252], [41.8897,64.5252], [40.9153,90.1318], [40.9153,90.1318], [40.9153,90.1318], [47.1402,90.2151], [47.1402,90.2151], [41.1041,90.2872], [47.1402,90.2151], [40.9153,90.1318], [41.1041,90.2872], [47.1402,90.2151], [40.9153,90.1318], [40.9153,90.1318], [40.9153,90.1318], [40.9153,90.1318], [40.9153,90.1318], [41.1041,90.2872], [40.9153,90.1318], [40.9153,90.1318], [40.9153,90.1318], [41.1041,90.2872], [41.1041,90.2872], [41.1041,90.2872], [41.1041,90.2872], [41.1041,90.2872], [41.1041,90.2872], [41.1041,90.2872], [41.1041,90.2872], [41.1041,90.2872], [48.3234,78.7433], [41.1041,90.2872], [41.1041,90.2872], [41.1041,90.2872], [41.1041,90.2872], [41.1041,90.2872], [41.1041,90.2872], [41.1041,90.2872], [40.9153,90.1318], [41.1041,90.2872], [41.1041,90.2872], [41.1041,90.2872], [50.2529,90.2473], [41.1041,90.2872], [41.1041,90.2872], [41.1041,90.2872], [41.1041,90.2872], [41.1041,90.2872], [58.415,90.242], [50.2529,90.2473], [47.9456,91.1817], [47.9456,91.1817], [50.2529,90.2473], [47.9456,91.1817], [47.1402,90.2151], [47.9456,91.1817], [47.9456,91.1817], [47.9456,91.1817], [50.2529,90.2473], [47.9456,91.1817], [47.9456,91.1817], [47.9456,91.1817], [47.9456,91.1817], [47.9456,91.1817], [50.2529,90.2473], [47.9456,91.1817], [47.9456,91.1817], [47.9456,91.1817], [47.9456,91.1817], [47.9456,91.1817], [47.9456,91.1817], [48.3234,78.7433], [47.9456,91.1817], [47.9456,91.1817], [47.9456,91.1817], [47.9456,91.1817], [47.9456,91.1817], [47.1402,90.2151], [47.9456,91.1817], [50.2529,90.2473], [47.9456,91.1817], [47.9456,91.1817], [50.2529,90.2473], [50.2529,90.2473], [50.2529,90.2473], [50.2529,90.2473], [50.2529,90.2473], [50.2529,90.2473], [50.2529,90.2473], [50.2529,90.2473], [50.2529,90.2473], [49.3791,83.6359], [40.9153,90.1318], [47.3288,86.6343], [45.9301,78.7789], [47.3288,86.6343], [40.9153,90.1318], [48.3234,78.7433], [49.3791,83.6359], [40.9153,90.1318], [50.2529,90.2473], [49.3791,83.6359], [45.9301,78.7789], [49.3791,83.6359], [45.9301,78.7789], [54.0703,71.7022], [64.8785,74.4724], [45.9301,78.7789], [64.8785,74.4724], [49.3791,83.6359], [49.3791,83.6359], [49.3791,83.6359], [48.3234,78.7433], [45.9301,78.7789], [45.9301,78.7789], [50.2529,90.2473], [49.3791,83.6359], [49.3791,83.6359], [47.7117,75.3459], [47.3911,73.5646], [47.519,74.2747], [47.6256,74.8673], [48.2028,78.0728], [46.673,69.5755], [47.019,71.4979], [46.9276,70.9901], [47.2473,72.7659], [46.3384,67.7163], [43.9784,66.0235], [47.1237,72.0795], [46.8235,70.4119], [45.8579,67.3716], [44.9703,66.7349], [46.3384,67.7163], [46.4253,68.1991], [46.5098,68.6684], [46.5934,69.1328], [46.743,69.9646], [40.9181,63.8282], [41.2267,64.0496], [45.4347,67.068], [43.4716,65.6599], [44.4745,66.3793], [41.4801,64.2314], [42.292,64.8138], [42.6043,65.0377], [42.9673,65.2982], [41.8897,64.5252], [40.618,63.613], [40.3269,63.4042], [64.8785,74.4724], [49.3791,83.6359], [49.3791,83.6359], [49.3791,83.6359], [49.3791,83.6359], [50.2529,90.2473], [49.3791,83.6359], [22.2449,51.1155], [12.2982,57.4319], [15.1062,57.9431], [14.205,58.805], [11.0841,70.6954], [15.7714,66.8859], [17.9591,68.5554], [17.429,67.3154], [6.63819,58.574], [17.6651,69.4231], [7.55111,71.5383], [17.0538,67.2182], [5.97836,49.2037], [17.4306,70.1149], [6.88779,62.1185], [17.6034,69.605], [9.92562,87.8092], [11.3223,70.5019], [17.3258,70.4243], [15.7877,74.2083], [17.7779,69.0901], [26.1842,83.9316], [13.0157,80.9166], [18.1202,68.0802], [18.0407,67.474], [6.99357,63.6207], [11.1604,70.6334], [11.1965,70.6041], [11.2355,70.5724], [11.2766,70.539], [11.3553,70.4751], [11.3936,70.4439], [11.4317,70.4129], [11.4802,70.3735], [15.918,66.9239], [16.7707,67.1449], [17.6604,67.3754], [10.962,70.7947], [7.46027,70.2484], [7.49166,70.6942], [7.52065,71.1058], [7.58959,72.0849], [7.62542,72.5938], [7.65844,73.0626], [7.42829,69.7942], [7.0467,64.3752], [7.13576,65.6398], [7.16445,66.0472], [7.22916,66.9662], [7.26104,67.4191], [7.29328,67.8769], [7.32175,68.2812], [7.35039,68.6879], [7.37621,69.0546], [7.40297,69.4347], [11.0404,70.731], [24.131,86.1768], [24.5236,85.7474], [7.89448,73.4538], [8.14359,73.2375], [8.45756,72.9649], [8.87094,72.606], [9.40533,72.142], [10.0015,71.6244], [10.5204,86.5545], [10.4353,86.7341], [11.2111,88.1041], [11.7281,84.0079], [11.6947,84.0785], [11.6783,84.1131], [11.6451,84.1831], [10.6688,86.2414], [10.6391,86.3042], [10.6088,86.368], [17.2665,70.5992], [9.45689,88.7976], [11.9703,83.4466], [12.0603,83.2288], [10.4676,86.6659], [11.7762,83.9066], [12.312,82.6197], [12.483,82.2058], [12.4395,82.3112], [12.27,82.7212], [12.1023,83.1271], [10.6976,86.1806], [10.4041,86.7999], [9.4569,88.7976], [13.5343,79.6614], [9.45689,88.7976], [9.60605,88.9185], [11.662,84.1473], [10.5762,86.4368], [11.8074,83.8407], [7.69799,73.6244], [10.4937,86.6109], [10.3703,86.8712], [10.3427,86.9294], [10.3131,