{
  "instance_index": 0,
  "birth_iter": 88,
  "death_iter": 90,
  "survival_iters": 2,
  "censored": false,
  "pre_vnd_coords": [[80,20], [86.2682,17.5917], [86.2682,17.5917], [69.883,32.7969], [68.9998,33.9165], [70.0382,32.6003], [64.1092,40.6034], [64.7581,41.0084], [67.4142,42.6668], [67.9258,42.9861], [66.8946,42.3423], [68.95,43.6257], [69.4775,43.955], [70.0407,44.3066], [70.7916,44.7755], [68.4527,43.3152], [45.7064,65.8481], [65.1112,41.2289], [65.4821,41.4604], [65.8861,41.7126], [64.4071,40.7893], [63.8532,40.4436], [66.3435,41.9982], [25.5245,18.2559], [26.3912,18.4034], [26.3786,19.1784], [26.3662,19.9366], [26.3521,20.7955], [25.6152,21.0899], [24.1274,18.0182], [12.2605,15.853], [24.8742,21.3859], [24.8421,23.3259], [24.8318,23.9488], [24.8213,24.5806], [21.6252,19.4993], [13.6812,16.1471], [14.3812,16.4424], [14.6679,16.5633], [14.9381,16.6773], [15.2701,16.8174], [15.659,16.9814], [17.0584,17.5719], [11.3141,25.7499], [14.0138,16.2874], [11.9943,16.4477], [12.0121,16.2034], [12.0293,15.9687], [12.0474,15.7213], [11.9768,16.6869], [11.8599,18.2856], [11.7588,19.668], [12.5768,15.6811], [13.1595,15.927], [12.0661,15.4656], [11.4069,24.4814], [11.4198,24.3042], [11.4346,24.1024], [11.4518,23.8675], [11.4656,23.6776], [11.4806,23.4728], [11.493,23.3034], [11.5053,23.1357], [11.5188,22.9508], [11.5656,22.3098], [11.6115,21.6829], [11.6946,20.5466], [18.1857,18.0476], [10.9864,30.2325], [11.0772,28.9914], [10.8769,31.7304], [11.2017,27.2879], [10.576,35.8459], [10.576,35.8459], [10.576,35.8459], [10.576,35.8459], [10.576,35.8459], [10.5843,35.7322], [10.593,35.6139], [10.719,33.8892], [16.3877,37.5893], [10.576,35.8459], [9.84794,51.4253], [15.4749,37.3155], [14.7854,37.1086], [14.1832,36.928], [13.4749,36.7155], [12.8104,36.5161], [17.477,37.9161], [10.4015,53.3098], [12.163,36.3219], [10.3962,53.1185], [10.0204,51.6509], [10.1104,51.7687], [10.2057,51.8934], [10.3046,52.0228], [10.4126,52.164], [10.5177,52.3016], [10.792,32.8921], [9.39701,50.8354], [9.47999,50.9439], [9.55437,51.0413], [9.62725,51.1366], [9.70284,51.2355], [9.77702,51.3325], [19.929,64.6116], [9.32161,50.7367], [10.4914,56.5377], [28.7374,51.7822], [10.484,56.272], [10.4771,56.0237], [10.4707,55.7924], [10.4641,55.556], [10.4577,55.325], [10.4515,55.1046], [10.445,54.87], [10.438,54.6191], [10.4319,54.3989], [10.4265,54.2052], [10.421,54.0085], [19.7312,67.3513], [10.4144,53.7709], [19.8915,65.1306], [10.4082,53.5505], [11.5922,58.5179], [11.7051,58.6832], [11.7192,58.7038], [11.7339,58.7252], [11.764,58.7693], [11.7798,58.7925], [12.7842,60.2631], [13.4806,61.2827], [11.6779,58.6433], [27.6003,53.5458], [11.9619,70.5743], [11.6641,58.623], [11.6798,72.2389], [12.5997,67.5727], [14.4633,62.7214], [14.4401,62.6875], [14.4633,62.7214], [12.6245,67.5078], [11.4007,73.8861], [12.7897,67.0775], [12.0021,70.3369], [12.0433,70.0934], [12.0815,69.8681], [12.8142,67.0138], [12.397,68.1007], [12.1209,69.6357], [11.9221,70.8091], [14.3712,62.5866], [13.0165,66.4867], [14.4168,62.6533], [11.6915,58.6633], [12.3157,68.4859], [12.6944,67.3257], [12.9101,66.764], [12.5323,67.7481], [11.5922,58.5179], [10.0492,85.8638], [10.7066,77.9829], [10.0186,84.3824], [10.3898,79.8525], [11.8788,71.0645], [11.8325,71.3378], [11.5131,73.2229], [11.2758,74.6237], [12.4915,67.8545], [12.4561,67.9467], [12.8385,66.9505], [14.3938,62.6196], [12.3683,68.1756], [10.6306,78.4308], [11.565,72.9163], [10.0431,85.571], [12.7177,67.2651], [12.7413,67.2037], [12.2633,68.7952], [10.7833,77.5301], [13.1243,66.206], [11.1167,75.5627], [11.7336,71.9211], [13.2559,65.8634], [12.8643,66.8832], [10.0843,87.5705], [12.31,89.7448], [11.4578,73.5492], [10.0956,88.1182], [10.1112,88.8692], [11.4521,89.7311], [11.3155,89.7289], [10.0817,87.4415], [10.1014,88.3975], [10.188,81.044], [11.1673,75.2637], [10.4669,79.3975], [10.0928,87.9796], [10.0699,81.7413], [10.0461,85.7143], [11.3289,74.3099], [9.9419,79.6664], [19.4723,70.9371], [9.85914,78.917], [19.5716,69.5616], [10.1573,81.6163], [19.5294,70.1469], [19.5494,69.8689], [9.92552,79.5181], [9.87527,79.063], [19.6314,71.045], [10.0871,80.9802], [9.89405,79.2331], [26.5989,90.1253], [9.90997,79.3772], [25.9116,90.1775], [20.9754,89.884], [21.7823,89.8969], [30.9992,88.3936], [20.0073,89.8686], [20.2061,89.8717], [21.5747,84.4226], [20.7765,89.8808], [30.515,90.1938], [30.515,90.1938], [34.0056,90.0498], [33.7352,78.2273], [30.5309,90.1347], [30.7831,89.197], [30.515,90.1938], [31.4886,90.1536], [30.515,90.1938], [30.515,90.1938], [30.515,90.1938], [31.8179,85.3516], [33.7732,78.0861], [30.8668,88.8859], [30.6967,89.5185], [30.515,90.1938], [33.0182,90.0905], [33.7635,78.122], [32.5059,90.1116], [30.9546,88.5595], [24.3634,89.9382], [31.0437,88.2283], [23.7893,87.7293], [30.6041,89.8628], [40.898,89.7658], [31.0906,88.0538], [24.4139,89.7396], [30.8233,89.0475], [37.5225,89.9049], [35.6096,89.9837], [24.5665,89.1383], [24.6123,88.9582], [35.0748,90.0058], [24.6123,88.9582], [47.991,89.4739], [48.0653,89.4709], [48.993,89.4331], [48.923,89.4359], [48.8505,89.4389], [48.778,89.4418], [48.7089,89.4447], [48.6363,89.4476], [48.5657,89.4505], [48.495,89.4534], [49.0853,89.4293], [36.6523,89.9407], [36.1638,89.9608], [37.084,89.9229], [37.9617,89.8868], [40.0389,89.8012], [39.6207,89.8184], [39.2111,89.8353], [38.7966,89.8524], [38.3818,89.8695], [24.5134,89.3475], [40.4789,89.7831], [51.5408,88.4665], [50.6996,88.9246], [49.8288,89.3989], [52.403,87.9969], [47.5413,89.4923], [47.4666,89.4953], [47.6194,89.4891], [47.3153,89.5015], [47.2376,89.5047], [46.9004,89.5185], [46.5663,89.5323], [46.2252,89.5463], [45.8544,89.5616], [45.4807,89.577], [45.1061,89.5924], [44.7272,89.608], [44.3227,89.6246], [43.8746,89.6431], [43.4108,89.6622], [42.871,89.6845], [42.3565,89.7057], [41.854,89.7264], [41.3712,89.7463], [47.3934,89.4983], [25.6739,90.1955], [43.555,62.7147], [28.96,71.6785], [28.6162,71.5005], [40.8765,60.9651], [27.6548,72.4245], [29.1222,71.7624], [41.2206,61.1899], [48.8677,68.1071], [34.437,60.7429], [30.1252,59.6968], [29.1571,59.2053], [28.9717,59.1112], [49.1088,68.3914], [30.7762,60.0274], [31.1984,60.2418], [31.5853,60.4382], [22.1839,85.3315], [23.0476,86.6214], [38.7337,62.237], [22.7814,89.9129], [11.6207,72.5881], [36.3653,61.0104], [36.2392,60.9451], [30.3388,59.8053], [28.7839,59.0159], [32.96,60.5851], [29.3393,59.2978], [30.5561,59.9156], [14.303,62.4867], [14.325,62.5189], [14.3488,62.5537], [14.4633,62.7214], [14.4633,62.7214], [14.2815,62.4553], [14.0707,63.7433], [12.7656,67.1403], [12.6718,67.3847], [12.6495,67.4429], [11.7496,58.7482], [36.4546,61.0567], [28.5933,58.9191], [31.3897,60.3389], [12.4252,68.0273], [11.7866,71.6088], [11.6347,58.5801], [11.6202,58.5589], [11.6064,58.5386], [11.649,58.6009], [25.4848,42.0707], [10.3916,52.9534], [10.3869,52.7855], [10.1074,52.248], [27.8619,50.4797], [9.73471,51.5312], [11.3999,36.093], [24.7035,40.084], [24.5434,40.0359], [24.3755,39.9856], [24.1971,39.9321], [24.043,39.8858], [23.9035,39.844], [23.7634,39.802], [23.6096,39.7558], [23.4399,39.7049], [23.2815,39.6574], [23.1056,39.6046], [22.9447,39.5564], [22.7867,39.509], [22.6263,39.4609], [22.4687,39.4136], [24.8667,40.1329], [27.9279,49.6991], [27.7913,49.7587], [21.6252,19.4993], [21.6252,19.4993], [21.6252,19.4993], [21.6252,19.4993], [21.6252,19.4993], [21.6252,19.4993], [21.6252,19.4993], [21.6252,19.4993], [21.6252,19.4993], [25.5744,42.5572], [25.6186,42.7971], [25.5295,42.3134], [25.7059,43.2713], [25.7488,43.5048], [25.6622,43.0341], [25.7918,43.7383], [30.0084,52.748], [27.8703,50.5655], [27.8786,50.6497], [27.8876,50.7412], [27.8971,50.838], [27.906,50.9285], [27.8535,50.3942], [30.3523,53.0094], [27.9149,51.0195], [27.7934,49.7802], [27.7945,49.7915], [27.7957,49.8039], [27.7969,49.8162], [27.7981,49.8284], [27.7992,49.8402], [29.6989,52.5129], [27.8005,49.8534], [27.8016,49.8649], [27.8029,49.8773], [27.804,49.8887], [27.805,49.8989], [27.8059,49.9085], [27.807,49.9193], [27.808,49.9296], [27.809,49.9399], [27.8184,50.0355], [28.2214,