{
  "instance_index": 0,
  "birth_iter": 53,
  "death_iter": 70,
  "survival_iters": 17,
  "censored": false,
  "pre_vnd_coords": [[80,20], [86.1473,17.4776], [86.1301,17.5257], [86.1215,17.5499], [86.1395,17.4995], [86.1023,17.6037], [86.1132,17.5732], [83.1936,25.7586], [83.7833,24.1053], [81.0787,29.7608], [79.0985,33.5081], [75.5382,40.2463], [76.4148,41.7596], [77.8654,44.2637], [62.5035,54.4819], [79.4738,47.0402], [79.8906,47.7596], [79.1266,46.4408], [77.2242,43.1569], [77.5718,43.757], [78.1436,44.744], [59.9119,49.5042], [53.3332,39.597], [53.4467,39.7679], [59.0886,48.2643], [58.8702,47.9353], [78.7823,45.8465], [82.5509,52.3522], [82.9576,53.0543], [78.4651,45.2989], [76.9044,42.6049], [82.3353,56.1735], [84.0815,54.9944], [82.1424,51.647], [81.3184,50.2245], [83.7416,54.4076], [79.4178,58.1437], [83.2906,55.5285], [80.4961,57.4155], [80.8953,49.4941], [83.3785,53.7808], [81.4583,56.7658], [76.8832,59.8553], [67.8736,61.6035], [51.0998,73.1331], [53.1779,77.8049], [50.8936,72.6694], [54.9564,86.7012], [54.51,86.5384], [11.0148,44.4396], [11.0902,40.9833], [11.0492,42.8609], [11.0281,43.8292], [11.1867,36.5541], [11.0701,41.9032], [11.1867,36.5541], [13.6965,53.2594], [10.7705,57.7323], [13.9715,55.4855], [13.4838,51.5381], [7.75533,59.4934], [11.6959,57.1918], [8.1549,59.26], [9.82613,58.2839], [7.84474,59.4412], [7.63136,59.5658], [10.4209,57.9365], [10.5921,57.8365], [8.51816,59.0478], [7.49989,59.6426], [7.43082,59.6829], [7.69266,59.53], [9.15766,58.6743], [11.909,57.0674], [7.43082,59.6829], [11.161,57.5043], [53.1431,77.7268], [53.2164,77.8914], [50.0003,88.7233], [40.1472,83.6651], [39.9248,83.6252], [64.9943,83.9661], [61.6436,89.1402], [40.9508,83.8092], [49.6665,64.1842], [50.3798,88.5394], [49.5681,88.9328], [49.4794,63.9677], [50.9038,65.6165], [39.609,83.5686], [54.4592,86.5629], [56.5774,72.1841], [53.65,86.955], [54.6021,69.8974], [55.0087,70.3681], [55.5057,86.9015], [50.4261,88.517], [64.7672,83.881], [39.447,83.5396], [60.8608,61.247], [53.5417,68.67], [66.8974,84.6796], [60.733,59.2787], [53.824,86.8707], [51.1188,88.1814], [66.6828,63.4246], [64.8978,83.93], [41.804,83.0501], [66.9481,62.861], [61.498,70.6112], [71.1552,86.2753], [53.2334,87.1569], [67.5929,84.9403], [65.5397,84.1706], [57.8404,72.1078], [54.1294,69.3503], [66.3374,84.4697], [64.8343,83.9062], [60.0776,71.9728], [58.4526,72.0709], [68.9146,85.4358], [64.9341,83.9436], [71.9182,86.4176], [55.7958,71.2792], [73.0357,86.6259], [66.6828,63.4246], [71.1551,86.2753], [73.4489,86.703], [61.7498,70.3698], [68.2676,85.1933], [65.1407,65.5957], [67.3057,62.1009], [71.1551,86.2753], [65.835,84.2813], [85.7891,75.4355], [86.0037,77.4498], [85.555,81.3545], [85.3721,71.5222], [71.1552,86.2753], [85.5315,73.0178], [85.6645,74.2668], [85.1825,69.7426], [86.2933,80.1672], [83.4158,84.7945], [71.1551,86.2753], [84.3079,83.36], [76.8356,87.3346], [71.1551,86.2753], [80.3897,87.9974], [84.8794,82.4409], [66.5014,90.7631], [80.39,87.9975], [80.3888,87.9973], [66.5427,90.9271], [80.3894,87.9974], [78.8163,87.704], [83.8448,84.1046], [81.3355,88.1383], [71.1552,86.2753], [71.1551,86.2753], [72.6617,86.5562], [66.5317,90.8835], [72.3269,86.4938], [71.1552,86.2753], [71.1552,86.2753], [51.4783,88.0072], [50.0499,88.6993], [64.8013,83.8938], [64.9662,83.9556], [66.5222,90.8455], [71.1552,86.2753], [66.4676,90.6286], [80.3891,87.9973], [66.4546,90.5769], [73.8402,86.776], [53.4783,87.0382], [71.5285,86.3449], [71.1552,86.2753], [66.4791,90.6742], [65.2823,84.0741], [66.5117,90.8038], [49.4287,89.0004], [64.0447,90.016], [66.4904,90.7194], [49.6557,88.8904], [49.4784,88.9763], [49.8447,88.7988], [54.178,86.6992], [50.3321,88.5626], [49.4287,89.0004], [48.0679,89.6371], [66.4407,90.5221], [66.6385,84.5826], [57.6169,87.6715], [50.1415,88.6549], [54.4118,86.5859], [48.7505,89.3179], [54.005,86.783], [52.9873,87.2761], [50.281,88.5873], [51.6991,87.9002], [48.0679,89.6371], [49.795,88.8228], [40.0358,83.6451], [49.1882,89.113], [50.7463,88.3619], [33.9151,89.9264], [52.6752,87.4273], [52.1449,87.6842], [49.4287,89.0004], [59.6156,88.4005], [50.2344,88.6099], [64.8676,83.9186], [49.0409,89.182], [49.6976,88.8701], [40.5769,83.7421], [42.7278,89.7733], [38.8126,89.8726], [50.0958,88.6771], [35.0467,89.9271], [49.3478,89.0382], [50.1884,88.6322], [49.6157,88.9098], [51.9264,87.7901], [40.8323,83.7879], [41.0672,83.83], [39.7617,83.596], [38.6713,83.4005], [54.363,86.6096], [51.7604,66.608], [40.163,81.7616], [50.4372,65.0763], [29.9675,70.6578], [40.2465,83.6829], [27.1817,68.6967], [31.8023,82.169], [30.5566,71.5263], [32.3515,82.2675], [32.0315,75.3763], [27.1817,68.6967], [30.3591,73.6197], [30.6258,72.3158], [32.6179,75.8367], [42.2594,62.8089], [22.92,68.223], [31.8023,82.169], [27.1561,68.6939], [39.0559,89.8664], [32.3534,75.6291], [24.2393,75.9674], [41.3603,83.7727], [35.9291,82.9089], [36.6318,89.928], [42.2883,89.7844], [40.7539,89.8234], [37.5733,83.2037], [39.3004,89.8602], [38.2396,89.8872], [38.4245,83.3563], [38.5187,89.8801], [49.7457,88.8468], [34.5149,89.9268], [26.5866,89.9221], [40.4441,83.7183], [26.699,89.9222], [48.0679,89.6371], [38.9137,83.444], [39.5617,89.8536], [36.6318,89.928], [41.183,83.8508], [41.6322,83.3299], [35.3785,82.8101], [48.3414,89.5092], [36.6317,89.928], [40.4518,89.831], [41.43,83.6592], [40.345,83.7006], [36.6317,89.928], [36.6317,89.928], [48.6191,89.3793], [36.9726,89.9193], [43.1562,89.7624], [41.4653,89.8053], [39.865,89.8459], [41.8705,89.795], [41.2995,83.8717], [48.4866,89.4413], [48.8969,89.2494], [48.1937,89.5783], [50.4702,88.4956], [49.4287,89.0004], [49.2667,89.0762], [40.1596,89.8384], [38.188,83.3139], [54.7208,86.6152], [49.9467,88.7493], [52.3742,87.5732], [37.9624,89.8942], [49.4287,89.0004], [49.5222,88.9551], [48.0679,89.6371], [45.0609,89.7139], [27.4528,89.9226], [23.0686,89.9199], [37.6207,89.9029], [30.503,73.1574], [26.4702,89.9221], [28.5928,89.9233], [27.0333,89.9224], [36.4343,82.9994], [22.8303,89.9197], [35.5257,89.9273], [36.0184,89.9276], [27.1365,89.9224], [21.9505,89.9191], [31.8023,82.169], [24.0967,89.9206], [36.6317,89.928], [21.0774,89.9186], [27.2443,89.9225], [21.4888,89.9188], [22.1534,89.9193], [25.4719,89.9214], [17.833,89.9165], [36.9736,83.0962], [41.109,89.8144], [37.2975,89.9111], [14.3121,89.9142], [14.3121,89.9142], [14.0283,89.8842], [34.5972,82.6701], [21.7283,89.919], [30.0644,89.9241], [31.856,89.9252], [22.599,89.9196], [13.1894,89.7956], [14.3121,89.9142], [23.298,89.92], [25.9571,89.9217], [13.0862,89.7847], [22.3798,89.9194], [19.5028,89.9176], [12.8799,89.7629], [26.9226,89.9223], [20.9196,89.9185], [11.4815,83.5536], [36.6318,89.928], [31.1842,89.9248], [30.6325,89.9245], [27.3509,89.9226], [25.0369,89.9211], [31.8023,82.169], [14.3121,89.9142], [11.0669,89.5713], [14.3121,89.9142], [10.9821,89.5623], [13.2701,89.8041], [29.5282,89.9238], [13.6647,89.8457], [14.3121,89.9142], [14.2173,89.9041], [13.7423,89.8539], [13.5042,89.8288], [10.6312,89.5252], [10.0237,89.461], [12.4688,89.7194], [11.8007,89.6488], [10.5349,89.515], [11.7496,82.5848], [10.8633,85.7867], [10.1068,89.4697], [12.7258,89.7465], [11.2434,89.5899], [9.85134,89.4428], [10.7632,86.1485], [13.8288,89.8631], [10.2701,89.487], [9.98229,89.4566], [11.0989,74.5644], [11.0989,74.5644], [12.0445,81.5195], [10.6499,86.5579], [12.1507,76.9815], [12.3498,89.7068], [12.5908,77.9931], [9.85134,89.4428], [11.8899,82.0782], [12.9884,89.7743], [24.5437,89.9208], [11.2668,74.9502], [27.5596,89.9227], [11.1595,89.5811], [14.3121,89.9142], [10.7042,86.3617], [14.1191,89.8938], [11.7062,89.6388], [11.8947,89.6587], [12.0959,89.68], [13.93,89.8738], [21.2332,89.9187], [10.5926,86.7647], [10.2886,87.8631], [11.3403,89.6002], [10.9021,89.5539], [9.93959,89.4521], [11.6139,89.6291], [13.3424,89.8117], [10.805,89.5436], [10.3572,89.4962], [9.99659,88.918], [9.85134,89.4428], [12.2469,77.2027], [10.0024,89.4587], [13.5799,89.8368], [10.445,89.5055], [9.91726,89.4497], [10.9701,85.4011], [10.7173,89.5343], [11.2223,84.49], [12.2194,