{
  "instance_index": 0,
  "birth_iter": 7,
  "death_iter": 20,
  "survival_iters": 13,
  "censored": false,
  "pre_vnd_coords": [[80,20], [69.3852,9.95974], [84.9355,9.53496], [69.3852,9.95974], [95.7203,18.3643], [84.9355,9.53496], [95.7203,18.3643], [84.4131,27.7364], [95.7203,18.3643], [95.7203,18.3643], [84.4131,27.7364], [85.9356,47.2997], [84.4131,27.7364], [84.4131,27.7364], [76.0203,40.8838], [76.0203,40.8838], [85.9356,47.2997], [76.9778,43.4372], [61.4535,45.8105], [61.4535,45.8105], [60.1106,29.3915], [59.2839,39.0465], [59.2839,39.0465], [67.2533,49.31], [76.9778,43.4372], [61.4535,45.8105], [60.6531,59.5639], [74.8888,54.9098], [67.2533,49.31], [69.903,44.9853], [76.0203,40.8838], [74.8888,54.9098], [74.8888,54.9098], [69.903,44.9853], [67.2533,49.31], [94.9122,59.7518], [94.9122,59.7518], [74.8888,54.9098], [74.8888,54.9098], [74.8888,54.9098], [86.5098,50.3175], [74.8888,54.9098], [74.8888,54.9098], [69.903,44.9853], [85.9356,47.2997], [78.9387,58.6284], [76.9778,43.4372], [86.5098,50.3175], [94.9122,59.7518], [94.9122,59.7518], [82.2361,81.3728], [94.9122,59.7518], [102.192,89.7012], [92.3063,80.5905], [92.3063,80.5905], [92.3063,80.5905], [102.192,89.7012], [102.192,89.7012], [82.2361,81.3728], [74.5747,70.4142], [65.0669,73.9445], [74.5747,70.4142], [78.9387,58.6284], [81.3764,68.6099], [66.9577,78.9144], [74.5747,70.4142], [81.3764,68.6099], [78.9387,58.6284], [74.5747,70.4142], [60.6531,59.5639], [74.5747,70.4142], [74.5747,70.4142], [81.3764,68.6099], [67.0569,57.751], [67.2533,49.31], [61.9875,64.4627], [61.4535,45.8105], [61.9875,64.4627], [61.9875,64.4627], [67.0569,57.751], [68.5556,65.9173], [61.9875,64.4627], [68.5556,65.9173], [68.5556,65.9173], [68.5556,65.9173], [67.0569,57.751], [61.9875,64.4627], [59.9299,72.8004], [60.6531,59.5639], [74.5747,70.4142], [59.9299,72.8004], [66.9577,78.9144], [60.6531,59.5639], [55.4663,72.1542], [53.012,58.6409], [52.1121,77.8034], [61.9875,64.4627], [53.012,58.6409], [53.668,54.5643], [55.4663,72.1542], [53.012,58.6409], [58.9322,82.4478], [53.668,54.5643], [55.4663,72.1542], [61.9875,64.4627], [45.7204,65.7832], [58.9322,82.4478], [61.9875,64.4627], [61.9875,64.4627], [68.5556,65.9173], [44.0592,74.8561], [45.7204,65.7832], [45.3922,83.7461], [52.1121,77.8034], [58.9322,82.4478], [58.9322,82.4478], [61.9875,64.4627], [52.1121,77.8034], [56.7024,93.0193], [65.0669,73.9445], [45.7204,65.7832], [45.7204,65.7832], [59.9299,72.8004], [51.9799,73.1647], [52.1121,77.8034], [65.0669,73.9445], [59.9299,72.8004], [58.9322,82.4478], [52.1121,77.8034], [56.7024,93.0193], [59.9299,72.8004], [51.5599,88.4737], [59.9299,72.8004], [59.9299,72.8004], [66.9577,78.9144], [68.5556,65.9173], [72.5442,87.8653], [55.4663,72.1542], [52.1121,77.8034], [59.9299,72.8004], [66.9577,78.9144], [72.5442,87.8653], [72.5442,87.8653], [65.0669,73.9445], [66.9577,78.9144], [78.9387,58.6284], [66.9577,78.9144], [74.5747,70.4142], [74.5747,70.4142], [66.9577,78.9144], [74.5747,70.4142], [82.2361,81.3728], [72.5442,87.8653], [73.3605,97.13], [78.2907,94.478], [92.3063,80.5905], [72.5442,87.8653], [78.2907,94.478], [78.2907,94.478], [78.2907,94.478], [78.2907,94.478], [78.2907,94.478], [102.192,89.7012], [78.2907,94.478], [72.5442,87.8653], [72.5442,87.8653], [65.1607,89.5134], [75.0278,89.4936], [66.6571,89.5104], [67.9223,89.5079], [58.4049,89.527], [63.5872,89.5166], [58.4049,89.527], [48.1884,79.8105], [49.894,81.4326], [48.6727,80.271], [57.1697,88.3523], [46.0599,77.77], [46.3124,86.8903], [47.6899,79.3364], [50.2369,81.7587], [40.6425,89.8623], [51.3295,82.7978], [46.0806,86.5292], [47.1985,78.8691], [50.9939,82.4786], [33.9526,73.1388], [26.196,68.1468], [46.5513,78.2535], [33.5175,72.843], [33.0844,72.5485], [29.1415,69.9529], [23.4979,66.6605], [46.5528,78.255], [32.2217,71.9619], [18.1969,62.8287], [29.3943,70.1178], [29.7512,70.3506], [33.2837,74.4195], [33.4589,74.0841], [30.8088,71.0404], [33.1909,74.597], [33.6452,73.7274], [42.104,86.7191], [46.5489,78.2512], [46.5505,78.2527], [31.7321,77.3899], [52.3863,83.8029], [44.6352,77.3044], [46.5521,78.2542], [43.7682,79.0579], [46.5497,78.252], [42.1041,86.7191], [32.1551,76.5801], [45.5868,77.3042], [31.9436,76.985], [42.1903,86.715], [40.3108,86.9656], [42.2742,86.711], [42.104,86.7191], [42.1041,86.7191], [42.4474,86.7027], [42.4037,81.8178], [54.2862,85.6098], [41.7197,86.772], [56.8319,88.031], [42.1041,86.7191], [54.908,86.2012], [40.6693,86.9164], [52.8953,84.287], [57.3356,88.5101], [46.3546,86.5161], [58.4049,89.527], [41.9426,89.3726], [53.3893,84.7568], [46.9537,86.4875], [58.0529,89.1922], [55.6087,86.8676], [58.6969,89.5264], [58.3027,89.4298], [50.6437,82.1456], [58.5474,89.5267], [52.0606,83.4931], [42.7013,86.6906], [46.6582,86.5016], [57.5036,88.6698], [56.6768,87.8834], [58.3381,89.4635], [56.3263,87.5501], [57.0063,88.1968], [58.201,89.3331], [58.1668,89.3005], [57.6637,88.8221], [51.7266,83.1755], [62.1003,89.5196], [69.2381,89.5052], [71.9159,89.4999], [75.7338,89.4922], [71.2079,89.5013], [72.7169,89.4983], [58.4049,89.527], [58.2364,89.3668], [58.8404,89.5262], [58.2698,89.3985], [70.5477,89.5026], [57.9385,89.0835], [58.4049,89.527], [42.9843,88.9802], [58.3723,89.496], [57.8104,88.9616], [42.9843,88.9802], [33.619,89.6663], [35.8618,91.663], [55.9738,87.2148], [53.6923,85.0449], [41.2885,89.6189], [45.1183,87.6401], [45.7933,86.5429], [49.1041,80.6813], [58.9805,89.5259], [59.1409,89.5256], [45.7004,87.2746], [42.9843,88.9802], [42.9843,88.9802], [42.1041,86.7191], [44.2696,88.1731], [42.6178,86.6946], [36.1621,91.5499], [42.4085,89.197], [42.3663,86.7066], [42.537,86.6984], [41.005,86.8702], [46.5481,78.2504], [30.1683,78.3518], [32.9864,74.9885], [44.7034,87.9006], [38.0957,90.8216], [42.1041,86.7191], [33.7581,92.0622], [31.5135,77.8084], [32.6992,75.5384], [43.8337,88.4468], [39.8279,90.1691], [36.4719,91.4332], [33.7129,91.2837], [35.1018,91.9493], [30.74,93.7115], [42.104,86.7191], [42.9843,88.9802], [33.8006,92.7937], [42.1041,86.7191], [42.9843,88.9802], [42.9843,88.9802], [35.5638,91.7753], [42.9843,88.9802], [20.8363,90.2744], [29.4549,94.0969], [30.9758,93.6408], [43.5959,86.6479], [34.3615,92.2282], [31.2551,93.557], [36.7957,91.3112], [30.4768,93.7905], [33.7365,91.6892], [27.3573,84.5198], [32.9075,93.0615], [33.5882,89.1362], [33.689,90.8718], [30.3857,93.7259], [29.7809,78.5084], [20.8363,90.2744], [32.481,93.1894], [30.1713,93.8821], [25.866,84.9402], [18.9733,90.2921], [23.0522,79.4444], [28.3443,78.7082], [33.6642,90.4459], [42.78,86.6868], [42.1041,86.7191], [20.6377,90.2763], [38.9633,90.4948], [32.7948,75.3553], [33.3259,84.6217], [33.2004,92.6655], [33.7783,92.4102], [43.3955,88.722], [33.7402,73.5455], [33.5456,73.918], [31.1691,93.4308], [30.4876,78.2228], [29.0835,78.6054], [42.104,86.7191], [55.233,86.5102], [46.6253,78.3239], [32.6429,72.2483], [42.1041,86.7191], [46.7006,78.3955], [42.104,86.7191], [33.3713,74.2517], [11.9136,72.8046], [41.3112,86.8281], [31.378,82.3161], [32.8902,75.1727], [18.712,63.2373], [26.2497,78.9996], [33.4408,86.5994], [32.1561,83.2371], [30.8107,78.0923], [19.4965,79.4849], [23.8088,79.3392], [20.8363,90.2744], [19.0116,79.103], [10.8406,89.7928], [20.8363,90.2744], [23.296,66.5493], [22.3192,79.5464], [22.8636,66.3111], [22.4653,66.0917], [33.0862,74.7976], [21.9408,79.599], [33.8443,73.3462], [27.5963,78.8123], [28.0782,69.2593], [30.1372,70.6024], [19.4671,63.8364], [28.8658,69.7731], [15.1295,60.3953], [24.479,67.201], [25.1163,67.5521], [27.3321,68.7727], [11.852,83.7762], [11.8396,72.7602], [27.5788,68.9336], [11.6132,72.6242], [20.4751,64.636], [12.5114,73.4887], [23.6785,66.76], [18.9657,63.4386], [12.2101,73.1439], [28.599,69.599], [16.0057,76.7361], [11.852,83.7762], [21.3147,65.3021], [31.4096,71.4323], [22.2144,65.9535], [10.1385,71.7384], [26.8916,78.9103], [15.0946,76.4443], [21.9573,65.8119], [21.5092,88.9401], [29.9627,93.8852], [15.5692,76.9873], [22.5514,86.8732], [10.4657,71.935], [31.9322,93.1433], [29.2396,83.4881], [21.1517,79.7088], [20.8363,90.2744], 