{
  "instance_index": 0,
  "birth_iter": 38,
  "death_iter": 40,
  "survival_iters": 2,
  "censored": false,
  "pre_vnd_coords": [[80,20], [83.8915,5.90032], [93.5011,15.9202], [93.5011,15.9202], [83.8915,5.90032], [83.8915,5.90032], [96.6778,35.6556], [78.2439,40.5722], [77.8295,39.5938], [83.4009,52.7491], [82.2661,50.07], [84.1814,54.5919], [83.4387,58.1312], [83.9532,54.7651], [82.6532,50.9839], [83.7317,54.9332], [82.9334,51.6455], [82.0635,49.5916], [75.9812,80.9789], [83.39,55.1925], [84.0633,54.6815], [83.8429,54.8488], [76.0844,80.7311], [75.3174,80.5553], [85.5037,73.5587], [85.1433,70.8668], [86.3544,79.9128], [84.2373,82.8361], [73.4532,80.1277], [85.8725,76.313], [84.9632,81.8337], [86.2345,79.0171], [79.7622,89.015], [79.7622,89.015], [79.7622,89.015], [79.864,88.8745], [75.7102,80.6453], [70.7099,65.6431], [79.7622,89.015], [70.736,79.5045], [73.8174,88.323], [73.6954,86.4695], [58.6426,88.4586], [73.5421,88.2911], [79.7622,89.015], [80.0846,88.5699], [80.2424,88.352], [79.7622,89.015], [72.9648,88.2241], [79.9721,88.7253], [73.9507,88.3385], [73.4062,88.2753], [76.386,88.6215], [73.2596,87.5161], [57.6114,88.4421], [58.1722,86.6778], [73.1128,87.8686], [73.1853,87.6945], [73.6775,88.3068], [74.1097,88.357], [51.3817,88.343], [58.0201,86.102], [57.3976,83.7464], [58.3527,87.361], [58.5555,88.1289], [73.2478,88.2569], [73.5931,86.7151], [58.1884,86.7393], [48.0377,88.604], [73.1044,88.2403], [55.78,88.413], [58.1051,88.45], [48.0377,88.604], [58.0897,86.3654], [48.0377,88.604], [48.0377,88.604], [48.0377,88.604], [48.0377,88.604], [48.0377,88.604], [48.0377,88.604], [41.2095,88.7667], [41.4894,88.76], [35.1284,88.912], [30.1871,89.03], [33.136,88.9595], [25.7384,89.1363], [48.6875,88.5535], [32.8873,88.9655], [30.4039,89.0248], [30.64,89.0192], [9.9238,89.511], [27.5356,89.0933], [26.0935,89.1278], [17.0258,89.3441], [17.6025,89.3304], [26.2836,89.1232], [27.0013,89.1061], [16.9894,89.345], [9.71162,87.3499], [9.9238,89.511], [9.74316,87.6711], [10.0043,89.5091], [9.9238,89.511], [9.96341,89.51], [12.6866,89.4461], [9.68042,87.0322], [10.0441,89.5081], [9.9238,89.511], [9.61058,86.3211], [9.64527,86.6743], [11.5202,89.4736], [17.5582,89.3314], [9.88769,89.1434], [9.7728,87.973], [17.5383,89.3319], [18.352,89.3125], [9.9238,89.511], [9.23257,82.4709], [8.85723,78.6475], [17.4932,89.333], [18.7258,89.3036], [10.7479,89.4916], [9.9238,89.511], [15.6199,72.3381], [9.9238,89.511], [11.0493,75.0496], [8.59871,74.3184], [9.3283,83.4461], [9.12937,74.4768], [9.06828,80.7973], [8.65916,76.6303], [9.39807,84.1569], [9.43833,84.5669], [9.03547,80.4631], [8.97045,79.8008], [9.36146,83.7839], [8.77201,74.3701], [14.2576,72.964], [8.42715,74.2672], [11.0493,75.0496], [19.6112,89.2824], [8.50977,75.1089], [8.95241,74.424], [25.509,73.036], [17.646,89.3293], [9.8308,88.5638], [11.7342,74.5682], [8.94753,79.5673], [16.9508,89.3459], [17.0589,89.3433], [9.9238,89.511], [9.47655,84.9562], [9.9238,89.511], [9.64147,74.6295], [17.1417,89.3413], [9.13361,81.4628], [9.10277,81.1486], [9.29809,83.1384], [8.82034,78.2717], [9.9238,89.511], [9.86005,88.8617], [9.98236,74.7312], [20.6498,89.2577], [17.4103,89.335], [9.80177,88.2681], [17.4728,89.3335], [9.9238,89.511], [16.8513,89.3483], [8.92035,79.2904], [9.20094,82.1486], [9.9238,89.511], [9.4746,74.5798], [17.8889,89.3235], [17.6244,89.3299], [16.7553,89.3506], [17.1011,89.3423], [24.5683,89.1642], [26.5081,89.1179], [18.129,89.3178], [17.4321,89.3344], [27.2536,89.1001], [19.1866,89.2926], [33.7176,88.9456], [16.881,89.3476], [17.3912,89.3354], [26.7622,89.1118], [30.8704,89.0137], [31.1365,89.0073], [31.3933,89.0012], [21.7672,89.2311], [29.1439,89.0549], [28.1968,89.0775], [14.125,89.4121], [16.8201,89.349], [20.7634,88.2624], [31.4635,73.5489], [14.153,81.8399], [33.7254,79.9272], [21.0274,90.1008], [21.0274,90.1008], [20.1982,79.0405], [21.0274,90.1008], [29.2938,94.7634], [20.7634,88.2624], [20.7634,88.2624], [21.0274,90.1008], [21.0274,90.1008], [23.8031,87.4435], [20.1982,79.0405], [40.1397,94.043], [29.2938,94.7634], [40.1397,94.043], [34.2171,96.854], [40.1397,94.043], [41.5922,84.2697], [29.2938,94.7634], [20.7634,88.2624], [21.0274,90.1008], [43.0137,95.9284], [34.2171,96.854], [30.0147,85.3039], [34.2171,96.854], [41.5922,84.2697], [41.5922,84.2697], [48.3897,87.2748], [20.1982,79.0405], [34.2171,96.854], [23.7271,96.7648], [23.8031,87.4435], [34.2171,96.854], [34.2171,96.854], [40.1397,94.043], [41.5922,84.2697], [41.5922,84.2697], [47.6129,80.1544], [41.5922,84.2697], [40.1397,94.043], [47.4816,91.42], [41.5922,84.2697], [34.2171,96.854], [40.1397,94.043], [34.2171,96.854], [34.2171,96.854], [34.2171,96.854], [47.4816,91.42], [40.1397,94.043], [34.2171,96.854], [40.1397,94.043], [30.0147,85.3039], [47.6129,80.1544], [29.2938,94.7634], [47.6129,80.1544], [47.4816,91.42], [47.6129,80.1544], [53.0539,84.4328], [40.1397,94.043], [49.2312,85.7714], [40.1397,94.043], [47.4816,91.42], [48.3897,87.2748], [47.4816,91.42], [50.6476,91.2893], [47.4816,91.42], [47.4816,91.42], [43.0137,95.9284], [34.2171,96.854], [50.6476,91.2893], [47.4816,91.42], [48.3897,87.2748], [41.5922,84.2697], [43.0137,95.9284], [47.4816,91.42], [40.1397,94.043], [34.2171,96.854], [47.4816,91.42], [34.2171,96.854], [42.362,98.0494], [49.2312,85.7714], [40.1397,94.043], [47.4816,91.42], [50.6476,91.2893], [41.5922,84.2697], [47.6129,80.1544], [41.5922,84.2697], [47.4816,91.42], [54.4437,75.3668], [42.362,98.0494], [55.8734,84.2732], [47.4816,91.42], [53.0539,84.4328], [50.6476,91.2893], [62.0544,82.6425], [47.6129,80.1544], [55.8734,84.2732], [55.8734,84.2732], [59.9814,74.2281], [58.6129,88.8527], [55.8734,84.2732], [47.4816,91.42], [53.0539,84.4328], [53.0539,84.4328], [53.0539,84.4328], [47.4816,91.42], [53.0539,84.4328], [61.2473,68.6963], [54.4437,75.3668], [55.8734,84.2732], [41.5922,84.2697], [55.8734,84.2732], [47.6129,80.1544], [47.6129,80.1544], [47.6129,80.1544], [41.5922,84.2697], [33.4347,78.5418], [33.5283,77.2198], [55.0145,78.0043], [31.6272,78.8367], [33.3206,80.1536], [33.3744,79.3928], [25.1092,72.6505], [33.358,79.6255], [33.4946,72.0207], [33.4822,77.8713], [28.1242,75.5156], [33.0471,71.1749], [33.7914,73.5049], [25.0698,72.6125], [29.5256,76.8444], [33.6081,72.2351], [48.3676,65.1992], [48.5588,62.6062], [31.0848,67.4657], [48.893,65.2096], [48.4401,65.1134], [39.7877,53.9831], [51.0446,65.2524], [54.2508,65.3161], [48.3952,61.8337], [21.9064,69.5612], [29.0851,49.3788], [41.4553,55.504], [45.2468,58.9621], [28.3759,62.3463], [20.6337,70.0348], [51.946,75.6118], [28.5281,62.6339], [21.5098,69.6323], [23.6875,71.2791], [25.2565,72.7926], [23.9525,71.5347], [32.4578,70.0612], [27.3108,74.7444], [25.147,72.6869], [25.1834,72.7221], [18.2117,71.1475], [21.3297,69.715], [33.339,79.8935], [29.2108,76.546], [25.4762,73.0044], [26.413,73.8932], [29.8263,77.1296], [11.0493,75.0496], [9.83606,74.6876], [20.4352,70.1261], [11.0493,75.0496], [11.0493,75.0496], [16.0616,89.3668], [14.7834,89.3967], [16.7883,89.3498], [9.56218,85.8282], [10.1357,74.777], [29.129,76.4684], [11.0493,75.0496], [28.9809,76.328], [22.1823,69.8272], [10.6545,74.9317], [29.7515,77.0586], [16.4057,71.9771], [22.9244,70.5431], [9.00197,80.1219], [9.51686,85.3667], [9.26485,82.7998], [11.0493,75.0496], [20.8881,69.9179], [11.4068,74.7983], [28.4506,60.9799], [25.4112,72.9417], [28.3759,62.3463], [25.3456,72.8784], [9.31181,74.5312], [21.0541,69.8417], [25.3752,72.907], [11.0493,75.0496], [8.77791,77.8397], [16.7211,89.3514], [29.0519,76.3953], [22.6853,70.3124], [13.5617,73.2836], [11.0493,75.0496], [25.4431,72.9725], [25.2867,72.8216], [11.0493,75.0496], [29.0258,63.5745], [32.9319,70.9573], [30.5165,66.3916], [29.1792,63.8644], [33.6779,75.1082], [24.7842,72.337], [24.488,72.0513], [30.6651,66.6725], [29.4792,64.4314], [25.3158,72.8497], [24.2129,71.7859], [33.1533,71.3756], [28.6733,62.9082], [29.9198,65.264], [30.2323,65.8546], [30.0862,65.5786], [28.3759,62.3463], [29.6193,64.6961], [37.1573,51.5839], [30.1222,46.4064], [28.8326,63.2093], 