{
  "instance_index": 0,
  "birth_iter": 39,
  "death_iter": 100,
  "survival_iters": 61,
  "censored": false,
  "pre_vnd_coords": [[80,20], [75.204,17.1407], [67.188,25.4929], [67.188,25.4929], [67.188,25.4929], [79.498,48.2995], [60.104,26.2566], [67.188,25.4929], [67.188,25.4929], [54.6531,8.97687], [60.104,26.2566], [60.104,26.2566], [58.4124,28.094], [47.3477,37.5124], [39.936,25.8025], [44.4268,28.6505], [54.6531,8.97687], [75.204,17.1407], [54.6531,8.97687], [60.104,26.2566], [58.4124,28.094], [44.4268,28.6505], [58.4124,28.094], [58.4124,28.094], [67.188,25.4929], [44.4268,28.6505], [39.936,25.8025], [58.4124,28.094], [39.936,25.8025], [55.7564,49.5763], [53.5484,40.7668], [53.5484,40.7668], [58.4124,28.094], [60.104,26.2566], [59.9011,46.3522], [59.9011,46.3522], [59.9011,46.3522], [59.9011,46.3522], [59.9011,46.3522], [59.9011,46.3522], [59.9011,46.3522], [58.4124,28.094], [59.9011,46.3522], [47.5303,42.0454], [47.5303,42.0454], [58.4124,28.094], [47.3477,37.5124], [42.4351,45.9183], [42.4351,45.9183], [42.4351,45.9183], [42.4351,45.9183], [47.5303,42.0454], [42.4351,45.9183], [42.4351,45.9183], [42.4351,45.9183], [42.4351,45.9183], [40.0309,45.6509], [40.0309,45.6509], [33.7604,41.9843], [33.7604,41.9843], [33.7604,41.9843], [42.4351,45.9183], [33.6951,50.0089], [33.6951,50.0089], [26.6759,35.7209], [26.6759,35.7209], [26.6759,35.7209], [33.7604,41.9843], [53.5484,40.7668], [53.5484,40.7668], [47.3477,37.5124], [47.3477,37.5124], [47.3477,37.5124], [47.3477,37.5124], [47.3477,37.5124], [47.3477,37.5124], [42.2663,32.1691], [30.5852,30.3451], [42.2663,32.1691], [42.2663,32.1691], [42.2663,32.1691], [30.5852,30.3451], [44.4268,28.6505], [22.6354,39.1133], [15.2041,30.1558], [30.5852,30.3451], [30.5852,30.3451], [30.5852,30.3451], [22.6354,39.1133], [22.075,28.7828], [22.075,28.7828], [22.6354,39.1133], [22.6354,39.1133], [22.6354,39.1133], [26.6759,35.7209], [30.5852,30.3451], [44.4268,28.6505], [30.5852,30.3451], [23.4562,18.6882], [23.4562,18.6882], [23.4562,18.6882], [30.5852,30.3451], [30.5852,30.3451], [30.5852,30.3451], [36.7918,18.7276], [36.7918,18.7276], [36.7918,18.7276], [39.936,25.8025], [30.1838,11.2162], [44.4268,28.6505], [35.2888,10.7083], [44.4268,28.6505], [35.2888,10.7083], [36.7918,18.7276], [35.2888,10.7083], [23.4562,18.6882], [35.2888,10.7083], [42.2663,32.1691], [36.7918,18.7276], [35.2888,10.7083], [30.1838,11.2162], [35.2888,10.7083], [35.2888,10.7083], [36.7918,18.7276], [15.8665,10.2568], [30.1838,11.2162], [23.4562,18.6882], [22.075,28.7828], [14.3813,21.5795], [10.3396,7.58575], [23.4562,18.6882], [15.8665,10.2568], [15.8665,10.2568], [-2.56672,12.0394], [3.03859,34.1255], [-2.56672,12.0394], [-2.56672,12.0394], [-2.56672,12.0394], [10.3396,7.58575], [-2.56672,12.0394], [-2.56672,12.0394], [14.3813,21.5795], [10.3396,7.58575], [14.3813,21.5795], [3.03859,34.1255], [14.3813,21.5795], [23.4562,18.6882], [14.3813,21.5795], [23.4562,18.6882], [14.3813,21.5795], [14.3813,21.5795], [15.2041,30.1558], [3.03859,34.1255], [3.03859,34.1255], [3.03859,34.1255], [3.03859,34.1255], [3.03859,34.1255], [3.03859,34.1255], [4.63181,38.7819], [4.63181,38.7819], [3.03859,34.1255], [15.2041,30.1558], [15.8665,10.2568], [23.4562,18.6882], [22.075,28.7828], [7.46312,35.2215], [10.6419,24.4834], [10.6419,24.4834], [10.6419,24.4834], [10.6419,24.4834], [7.46312,35.2215], [3.74883,61.0165], [12.7444,43.9453], [12.7444,43.9453], [12.7444,43.9453], [12.7444,43.9453], [8.70928,53.6341], [4.63181,38.7819], [8.70928,53.6341], [8.70928,53.6341], [8.70928,53.6341], [8.70928,53.6341], [8.70928,53.6341], [8.70928,53.6341], [7.07795,45.0887], [8.70928,53.6341], [8.70928,53.6341], [8.70928,53.6341], [8.70928,53.6341], [8.70928,53.6341], [8.70928,53.6341], [8.70928,53.6341], [8.70928,53.6341], [8.70928,53.6341], [8.70928,53.6341], [8.70928,53.6341], [8.70928,53.6341], [7.07795,45.0887], [7.07795,45.0887], [4.63181,38.7819], [12.7444,43.9453], [3.74883,61.0165], [16.2126,56.3717], [10.8943,60.8946], [10.4944,68.4105], [10.4944,68.4105], [10.4944,68.4105], [8.70928,53.6341], [16.6325,71.167], [0.774195,75.663], [10.4944,68.4105], [7.30823,78.8121], [8.70928,53.6341], [3.74883,61.0165], [8.70928,53.6341], [10.8943,60.8946], [3.74883,61.0165], [18.5886,58.962], [26.3955,51.5379], [3.74883,61.0165], [3.74883,61.0165], [3.74883,61.0165], [3.74883,61.0165], [10.8943,60.8946], [-6.15965,78.8144], [0.774195,75.663], [3.74883,61.0165], [-6.15965,78.8144], [10.4944,68.4105], [3.74883,61.0165], [18.5886,58.962], [7.30823,78.8121], [18.3572,76.9536], [10.4944,68.4105], [14.153,81.8399], [17.2529,67.7971], [0.774195,75.663], [10.4944,68.4105], [10.4944,68.4105], [0.774195,75.663], [10.4944,68.4105], [10.8943,60.8946], [10.4944,68.4105], [10.4944,68.4105], [10.4944,68.4105], [16.6325,71.167], [16.6325,71.167], [14.153,81.8399], [21.0274,90.1008], [20.7634,88.2624], [21.0274,90.1008], [14.153,81.8399], [14.153,81.8399], [14.153,81.8399], [14.153,81.8399], [20.1982,79.0405], [7.30823,78.8121], [10.4944,68.4105], [10.4944,68.4105], [10.4944,68.4105], [10.4944,68.4105], [10.4944,68.4105], [10.4944,68.4105], [10.4944,68.4105], [10.4944,68.4105], [10.4944,68.4105], [10.4944,68.4105], [10.4944,68.4105], [17.2529,67.7971], [17.2529,67.7971], [17.2529,67.7971], [10.8943,60.8946], [10.8943,60.8946], [10.8943,60.8946], [10.8943,60.8946], [10.4944,68.4105], [14.153,81.8399], [6.68394,90.2506], [-6.15965,78.8144], [-6.15965,78.8144], [-6.15965,78.8144], [-6.15965,78.8144], [0.774195,75.663], [0.774195,75.663], [6.68394,90.2506], [7.30823,78.8121], [14.153,81.8399], [20.1982,79.0405], [7.30823,78.8121], [7.30823,78.8121], [7.30823,78.8121], [7.30823,78.8121], [7.30823,78.8121], [10.8287,76.3493], [10.8287,76.3493], [10.8287,76.3493], [7.30823,78.8121], [4.79844,101.082], [4.79844,101.082], [4.79844,101.082], [4.79844,101.082], [4.79844,101.082], [4.79844,101.082], [4.79844,101.082], [4.79844,101.082], [4.79844,101.082], [4.79844,101.082], [4.79844,101.082], [4.79844,101.082], [6.68394,90.2506], [6.68394,90.2506], [6.68394,90.2506], [6.68394,90.2506], [6.68394,90.2506], [6.68394,90.2506], [6.68394,90.2506], [6.68394,90.2506], [6.68394,90.2506], [6.68394,90.2506], [6.68394,90.2506], [6.68394,90.2506], [6.68394,90.2506], [6.68394,90.2506], [6.68394,90.2506], [6.68394,90.2506], [6.68394,90.2506], [4.79844,101.082], [7.30823,78.8121], [7.30823,78.8121], [7.30823,78.8121], [7.30823,78.8121], [7.30823,78.8121], [7.30823,78.8121], [7.30823,78.8121], [7.30823,78.8121], [7.30823,78.8121], [7.30823,78.8121], [7.30823,78.8121], [13.4253,86.8494], [13.4253,86.8494], [13.4253,86.8494], [13.4253,86.8494], [13.4253,86.8494], [13.4253,86.8494], [13.4253,86.8494], [13.4253,86.8494], [13.4253,86.8494], [13.4253,86.8494], [13.4253,86.8494], [13.4253,86.8494], [13.4253,86.8494], [6.68394,90.2506], [18.3572,76.9536], [18.3572,76.9536], [20.7634,88.2624], [20.7634,88.2624], [14.153,81.8399], [20.7634,88.2624], [7.30823,78.8121], [7.30823,78.8121], [7.30823,78.8121], [19.9781,102.511], [19.9781,102.511], [18.2592,90.203], [25.4833,90.2629], [24.6481,90.295], [19.5684,90.4899], [29.5276,90.1075], [29.5276,90.1075], [29.5276,90.1075], [29.5276,90.1075], [28.9419,90.13], [28.2839,90.1552], [27.6497,90.1796], [29.5276,90.1075], [49.3932,89.3307], [49.3317,89.3476], [49.2835,89.3608], [49.228,89.3761], [49.174,89.3909], [49.1234,89.4049], [49.0689,89.4198], [49.459,89.3126], [57.7593,88.3904], [57.3293,88.3892], [57.3293,88.3892], [57.3293,88.3892], [57.3293,88.3892], [58.2062,88.3916], [59.9092,88.3962], [64.7918,88.4094], [57.1738,88.3726], [57.0872,88.3633], [57.0051,88.3545], [56.9332,88.3468], [56.8571,88.3386], [57.2508,88.3808], [72.419,88.4302], [72.2118,88.4296], [71.999,88.4291], [71.7782,88.4285], [71.5554,88.4278], [71.3493,88.4273], [71.1531,88.4267], [70.9576,88.4262], [70.7677,88.4257], [70.5542,88.4251], [70.3779,88.4246], [72.66,88.4309], [78.0497,88.4452], [77.8699,88.4447], [76.4412,88.4408], [80.7069,88.4517], [69.093,88.4211], [68.428,88.4193], [67.8075,88.4176], [69.7272,88.4229], 