{
  "instance_index": 0,
  "birth_iter": 4,
  "death_iter": 40,
  "survival_iters": 36,
  "censored": false,
  "pre_vnd_coords": [[80,20], [67.3873,17.9705], [95.54,5.38343], [59.8145,14.0059], [67.3873,17.9705], [59.8145,14.0059], [67.3873,17.9705], [39.3025,30.365], [54.5711,20.6767], [47.8013,22.3946], [47.8013,22.3946], [39.3025,30.365], [37.6518,15.543], [47.8013,22.3946], [37.6518,15.543], [37.6518,15.543], [37.6518,15.543], [37.6518,15.543], [37.6518,15.543], [37.6518,15.543], [22.617,10.4784], [29.5544,31.7803], [37.6518,15.543], [29.7256,19.948], [38.102,33.8665], [37.6518,15.543], [39.3025,30.365], [47.8013,22.3946], [59.5936,31.887], [47.8013,22.3946], [38.102,33.8665], [61.0971,37.8543], [39.3025,30.365], [53.1417,43.3714], [53.1417,43.3714], [59.5936,31.887], [59.5936,31.887], [54.5711,20.6767], [59.8145,14.0059], [54.5711,20.6767], [67.3873,17.9705], [67.3873,17.9705], [59.8145,14.0059], [59.5936,31.887], [59.5936,31.887], [59.5936,31.887], [59.5936,31.887], [61.0971,37.8543], [61.0971,37.8543], [53.1417,43.3714], [53.1417,43.3714], [64.4398,48.5604], [55.9393,58.0956], [61.0971,37.8543], [54.1676,49.5325], [46.5008,41.5378], [53.1417,43.3714], [59.5936,31.887], [49.0404,32.7073], [55.9393,58.0956], [59.3492,44.1286], [59.5936,31.887], [53.1417,43.3714], [54.1676,49.5325], [53.1417,43.3714], [39.3025,30.365], [53.1417,43.3714], [46.5008,41.5378], [46.5008,41.5378], [49.0404,32.7073], [46.5008,41.5378], [31.7994,35.2321], [38.102,33.8665], [38.102,33.8665], [39.3025,30.365], [31.7994,35.2321], [49.0404,32.7073], [38.102,33.8665], [46.5008,41.5378], [38.102,33.8665], [29.5544,31.7803], [20.7399,42.5435], [29.5544,31.7803], [38.102,33.8665], [29.5544,31.7803], [29.5544,31.7803], [29.5544,31.7803], [15.7091,25.7099], [11.8443,20.8787], [15.7091,25.7099], [15.7091,25.7099], [7.30141,23.668], [7.30141,23.668], [23.7747,23.3893], [16.1642,33.6789], [19.8187,30.4108], [15.7091,25.7099], [7.30141,23.668], [7.30141,23.668], [7.30141,23.668], [7.30141,23.668], [7.30141,23.668], [7.30141,23.668], [0.335417,41.5461], [8.5318,26.3966], [7.7151,32.2983], [7.27602,53.9196], [17.8464,39.2628], [8.5318,26.3966], [3.34894,45.6393], [16.1642,33.6789], [9.69366,45.1627], [17.8464,39.2628], [17.5928,31.6568], [3.34894,45.6393], [7.7151,32.2983], [9.69366,45.1627], [9.69366,45.1627], [7.7151,32.2983], [17.8464,39.2628], [16.1642,33.6789], [16.1642,33.6789], [7.27602,53.9196], [9.69366,45.1627], [0.335417,41.5461], [3.34894,45.6393], [3.34894,45.6393], [7.27602,53.9196], [7.27602,53.9196], [14.0325,49.5915], [9.894,63.0542], [7.27602,53.9196], [7.27602,53.9196], [-5.90761,59.6417], [3.34894,45.6393], [7.27602,53.9196], [7.27602,53.9196], [7.27602,53.9196], [7.27602,53.9196], [7.27602,53.9196], [7.27602,53.9196], [9.894,63.0542], [0.335417,41.5461], [9.69366,45.1627], [14.0325,49.5915], [14.0325,49.5915], [7.7151,32.2983], [7.27602,53.9196], [9.69366,45.1627], [14.8022,54.6673], [14.8022,54.6673], [9.69366,45.1627], [7.27602,53.9196], [8.30187,56.9514], [17.8464,39.2628], [19.62,47.6385], [11.9869,60.2281], [20.0739,52.4582], [20.0739,52.4582], [14.0325,49.5915], [14.8022,54.6673], [7.00873,68.5781], [9.894,63.0542], [8.30187,56.9514], [14.0325,49.5915], [9.894,63.0542], [-7.00526,66.3408], [-5.90761,59.6417], [-7.00526,66.3408], [14.3614,69.3283], [9.69366,45.1627], [2.56524,75.6803], [7.27602,53.9196], [9.69366,45.1627], [7.27602,53.9196], [11.9869,60.2281], [14.8022,54.6673], [19.62,47.6385], [7.27602,53.9196], [19.62,47.6385], [20.0739,52.4582], [9.69366,45.1627], [14.3614,69.3283], [14.3614,69.3283], [11.9869,60.2281], [14.3614,69.3283], [8.76281,77.3162], [8.21578,64.7599], [7.27602,53.9196], [8.30187,56.9514], [8.76281,77.3162], [14.8022,54.6673], [8.30187,56.9514], [14.3614,69.3283], [14.3614,69.3283], [8.76281,77.3162], [9.33919,68.8315], [8.76281,77.3162], [8.21578,64.7599], [8.76281,77.3162], [2.02739,72.915], [14.3614,69.3283], [8.30187,56.9514], [8.76281,77.3162], [8.21578,64.7599], [7.00873,68.5781], [9.33919,68.8315], [-1.1547,76.9444], [-7.00526,66.3408], [9.894,63.0542], [8.30187,56.9514], [9.894,63.0542], [8.30187,56.9514], [7.00873,68.5781], [9.33919,68.8315], [14.3614,69.3283], [7.00873,68.5781], [2.02739,72.915], [7.00873,68.5781], [2.02739,72.915], [2.56524,75.6803], [8.21578,64.7599], [9.894,63.0542], [7.00873,68.5781], [7.00873,68.5781], [-7.00526,66.3408], [2.02739,72.915], [-7.00526,66.3408], [2.56524,75.6803], [-1.1547,76.9444], [-1.1547,76.9444], [-1.1547,76.9444], [14.3614,69.3283], [-1.1547,76.9444], [8.30187,56.9514], [8.76281,77.3162], [8.76281,77.3162], [8.76281,77.3162], [8.76281,77.3162], [8.76281,77.3162], [8.76281,77.3162], [-1.1547,76.9444], [7.00873,68.5781], [-1.1547,76.9444], [2.02739,72.915], [-1.1547,76.9444], [-1.1547,76.9444], [-1.1547,76.9444], [2.56524,75.6803], [8.76281,77.3162], [14.3614,69.3283], [14.8022,54.6673], [14.8022,54.6673], [20.0739,52.4582], [14.8022,54.6673], [14.8022,54.6673], [14.8022,54.6673], [14.8022,54.6673], [14.3614,69.3283], [29.9334,63.1697], [18.1883,44.7522], [23.033,46.805], [23.5067,53.6647], [23.033,46.805], [26.1931,40.4414], [18.1883,44.7522], [18.1883,44.7522], [18.1883,44.7522], [23.033,46.805], [23.033,46.805], [23.033,46.805], [23.033,46.805], [24.0261,21.5718], [24.0261,21.5718], [26.1931,40.4414], [17.9612,24.469], [28.0482,25.408], [17.9612,24.469], [18.1883,44.7522], [11.8443,20.8787], [19.095,21.189], [15.7091,25.7099], [23.7747,23.3893], [20.7399,42.5435], [16.1642,33.6789], [23.7747,23.3893], [24.0261,21.5718], [29.4924,57.8851], [23.033,46.805], [24.0261,21.5718], [23.033,46.805], [28.6868,54.2437], [18.1883,44.7522], [23.033,46.805], [23.5067,53.6647], [15.0151,47.4607], [11.1609,38.8991], [15.0151,47.4607], [18.1883,44.7522], [23.033,46.805], [35.5925,50.8147], [28.6868,54.2437], [35.5925,50.8147], [32.5768,53.9563], [28.0482,25.408], [24.0261,21.5718], [19.095,21.189], [19.095,21.189], [19.095,21.189], [24.0261,21.5718], [28.0482,25.408], [19.095,21.189], [17.9612,24.469], [14.1769,5.86854], [11.8443,20.8787], [11.8443,20.8787], [19.095,21.189], [14.1769,5.86854], [6.46328,4.04872], [0.985847,20.3745], [11.8443,20.8787], [0.985847,20.3745], [11.8443,20.8787], [0.985847,20.3745], [6.46328,4.04872], [11.8443,20.8787], [0.985847,20.3745], [0.985847,20.3745], [14.1769,5.86854], [6.46328,4.04872], [28.0482,25.408], [14.1769,5.86854], [24.0261,21.5718], [37.1533,104.519], [43.2237,88.8669], [58.0195,87.1109], [30.6955,91.3367], [37.332,90.8703], [43.2237,88.8669], [44.5393,98.5574], [37.332,90.8703], [26.7508,97.8112], [43.2237,88.8669], [37.332,90.8703], [44.5393,98.5574], [44.5393,98.5574], [44.5393,98.5574], [26.7508,97.8112], [37.332,90.8703], [56.7115,98.7267], [44.5393,98.5574], [37.332,90.8703], [56.7115,98.7267], [37.332,90.8703], [30.1698,101.258], [44.5393,98.5574], [43.2237,88.8669], [40.1863,83.7511], [43.2237,88.8669], [43.2237,88.8669], [30.1698,101.258], [30.6955,91.3367], [43.2237,88.8669], [30.6955,91.3367], [37.332,90.8703], [34.3779,83.8621], [32.9737,78.4338], [30.8102,72.653], [22.3555,80.2982], [24.7246,92.9349], [20.869,86.209], [15.7731,79.6166], [34.3779,83.8621], [22.3555,80.2982], [32.9737,78.4338], [19.3588,66.7763], [27.7728,87.3685], [17.3885,80.1845], [28.4982,76.7857], [24.4947,73.8395], [17.3885,80.1845], [19.3588,66.7763], [17.2004,89.0893], [17.3885,80.1845], [22.3555,80.2982], [17.3885,80.1845], [10.9285,72.1101], [22.3555,80.2982], [11.8939,83.6502], [20.869,86.209], [24.7246,92.9349], [24.7246,92.9349], [22.3555,80.2982], [11.8939,83.6502], [11.8939,83.6502], [17.2004,89.0893], [15.7731,79.6166], [18.7612,98.9518], [9.86116,88.5565], [17.2004,89.0893], [2.5659,95.5746], [9.86116,88.5565], [9.86116,88.5565], [1.755,84.1495], [11.5977,102.031], [13.2684,98.871], [20.7357,91.2831], [24.7246,92.9349], [28.4982,76.7857], [17.2004,89.0893], [20.7357,91.2831], [9.86116,88.5565], [20.7357,91.2831], [13.2684,98.871], [9.86116,88.5565], [24.7246,92.9349], [37.332,90.8703], [26.7508,97.8112], [24.7962,106.596], [20.7357,91.2831], [37.332,