{
  "instance_index": 0,
  "birth_iter": 37,
  "death_iter": 60,
  "survival_iters": 23,
  "censored": false,
  "pre_vnd_coords": [[80,20], [68.2388,12.192], [58.4053,24.3806], [58.4053,24.3806], [58.4053,24.3806], [58.4053,24.3806], [68.2388,12.192], [58.4053,24.3806], [58.4053,24.3806], [68.2388,12.192], [40.2635,35.0011], [49.0002,28.9837], [38.8722,17.0029], [40.9546,9.51085], [53.9116,39.034], [42.3421,25.3688], [40.2635,35.0011], [49.0002,28.9837], [58.4053,24.3806], [49.0002,28.9837], [49.0002,28.9837], [58.4053,24.3806], [58.4053,24.3806], [64.8934,39.2949], [58.4053,24.3806], [64.8934,39.2949], [53.9116,39.034], [64.9706,49.6597], [47.2981,43.4158], [53.9116,39.034], [47.2981,43.4158], [53.9116,39.034], [58.4053,24.3806], [47.2981,43.4158], [38.3016,49.053], [53.9116,39.034], [47.2981,43.4158], [38.3016,49.053], [30.9283,38.3777], [30.9283,38.3777], [47.2981,43.4158], [40.2635,35.0011], [38.3016,49.053], [47.2981,43.4158], [38.3016,49.053], [64.9706,49.6597], [38.3016,49.053], [47.2981,43.4158], [53.9116,39.034], [47.2981,43.4158], [64.9706,49.6597], [45.3246,49.8184], [39.4087,62.7001], [39.7182,55.9662], [47.2981,43.4158], [52.2185,49.6634], [45.3246,49.8184], [30.2806,63.4057], [52.2185,49.6634], [47.2981,43.4158], [45.3246,49.8184], [45.3246,49.8184], [62.053,55.8544], [45.3246,49.8184], [32.4385,59.3853], [47.6929,59.5558], [46.7332,73.0474], [58.4008,66.1925], [32.8067,70.0636], [47.6929,59.5558], [32.4385,59.3853], [32.4385,59.3853], [24.6296,65.3132], [13.0613,69.9587], [24.6296,65.3132], [17.3527,70.8221], [21.2569,60.4655], [22.4148,68.9334], [11.1138,55.933], [16.2907,62.7957], [17.3527,70.8221], [16.2907,62.7957], [1.88793,49.4615], [16.2907,62.7957], [22.4148,68.9334], [16.2907,62.7957], [4.98676,53.0836], [1.88793,49.4615], [4.98676,53.0836], [4.98676,53.0836], [4.98676,53.0836], [1.88793,49.4615], [19.3262,47.9894], [13.8921,56.6752], [1.88793,49.4615], [13.8921,56.6752], [13.8921,56.6752], [1.88793,49.4615], [1.88793,49.4615], [0.564568,42.1114], [8.60494,36.2108], [6.95433,42.1723], [4.98676,53.0836], [0.564568,42.1114], [8.60494,36.2108], [0.564568,42.1114], [0.564568,42.1114], [6.95433,42.1723], [0.564568,42.1114], [6.95433,42.1723], [6.95433,42.1723], [6.95433,42.1723], [4.98676,53.0836], [6.95433,42.1723], [12.8592,48.3324], [15.8993,56.7565], [19.3262,47.9894], [13.8921,56.6752], [12.8592,48.3324], [6.95433,42.1723], [22.6858,53.673], [15.8993,56.7565], [19.5478,54.294], [6.95433,42.1723], [12.8592,48.3324], [22.6858,53.673], [22.6858,53.673], [11.1138,55.933], [15.8993,56.7565], [21.427,64.4462], [21.2569,60.4655], [21.8066,39.7404], [22.6858,53.673], [21.427,64.4462], [13.8921,56.6752], [17.1585,45.122], [12.2426,71.6576], [9.71991,76.8922], [11.9501,72.2645], [12.9903,70.106], [48.7096,70.3098], [32.4385,59.3853], [49.7871,62.7824], [39.4087,62.7001], [47.6929,59.5558], [62.053,55.8544], [32.4385,59.3853], [32.8067,70.0636], [49.7871,62.7824], [52.2185,49.6634], [48.7096,70.3098], [32.1879,64.9932], [39.4087,62.7001], [49.7871,62.7824], [45.3246,49.8184], [32.4385,59.3853], [39.4087,62.7001], [39.4087,62.7001], [25.901,70.3824], [32.4385,59.3853], [34.2406,43.8932], [39.4087,62.7001], [26.7258,58.7054], [26.7258,58.7054], [21.427,64.4462], [46.7332,73.0474], [21.2569,60.4655], [24.6296,65.3132], [39.4087,62.7001], [45.3246,49.8184], [22.6858,53.673], [39.7182,55.9662], [26.0651,43.3681], [45.3246,49.8184], [28.3985,51.4851], [21.8066,39.7404], [30.9283,38.3777], [12.8592,48.3324], [26.7258,58.7054], [19.5478,54.294], [19.5478,54.294], [14.3606,37.645], [13.8921,56.6752], [39.7182,55.9662], [32.4385,59.3853], [47.6929,59.5558], [26.7258,58.7054], [26.7258,58.7054], [30.2806,63.4057], [34.2406,43.8932], [21.8066,39.7404], [21.8066,39.7404], [21.8066,39.7404], [28.3985,51.4851], [26.7258,58.7054], [21.8066,39.7404], [21.8066,39.7404], [6.95433,42.1723], [26.0651,43.3681], [14.3606,37.645], [21.8066,39.7404], [26.0651,43.3681], [34.2406,43.8932], [38.3016,49.053], [18.797,23.0079], [26.0651,43.3681], [12.8592,48.3324], [38.3016,49.053], [34.2406,43.8932], [26.0651,43.3681], [28.3985,51.4851], [26.0651,43.3681], [30.9283,38.3777], [38.3016,49.053], [34.2406,43.8932], [52.2185,49.6634], [30.9283,38.3777], [38.3016,49.053], [34.2406,43.8932], [38.3016,49.053], [32.043,24.5432], [32.043,24.5432], [26.0651,43.3681], [30.9283,38.3777], [26.0651,43.3681], [32.043,24.5432], [30.9283,38.3777], [53.9116,39.034], [40.2635,35.0011], [32.043,24.5432], [29.4035,18.8422], [38.8722,17.0029], [42.3421,25.3688], [40.2635,35.0011], [40.9546,9.51085], [32.043,24.5432], [40.9546,9.51085], [40.9546,9.51085], [40.9546,9.51085], [29.4035,18.8422], [40.9546,9.51085], [40.9546,9.51085], [29.4035,18.8422], [29.4035,18.8422], [42.3421,25.3688], [29.4035,18.8422], [42.3421,25.3688], [9.59617,28.7485], [21.8066,39.7404], [26.2044,29.0132], [26.0651,43.3681], [26.2044,29.0132], [29.4035,18.8422], [29.4035,18.8422], [26.2044,29.0132], [29.4035,18.8422], [38.8722,17.0029], [29.4035,18.8422], [29.4035,18.8422], [26.2044,29.0132], [29.4035,18.8422], [29.4035,18.8422], [18.797,23.0079], [42.3421,25.3688], [32.043,24.5432], [29.4035,18.8422], [17.1585,45.122], [16.3611,15.2484], [18.797,23.0079], [18.797,23.0079], [0.887315,11.3194], [16.3611,15.2484], [29.4035,18.8422], [16.3611,15.2484], [18.797,23.0079], [0.887315,11.3194], [16.3611,15.2484], [16.3611,15.2484], [16.3611,15.2484], [5.16801,20.0599], [5.16801,20.0599], [18.797,23.0079], [-4.48889,18.0485], [16.3611,15.2484], [5.16801,20.0599], [-4.48889,18.0485], [5.16801,20.0599], [18.797,23.0079], [-4.48889,18.0485], [0.681186,29.0085], [0.681186,29.0085], [-4.48889,18.0485], [26.2044,29.0132], [0.681186,29.0085], [9.59617,28.7485], [5.16801,20.0599], [5.16801,20.0599], [18.797,23.0079], [9.59617,28.7485], [16.3611,15.2484], [9.59617,28.7485], [5.16801,20.0599], [26.2044,29.0132], [5.16801,20.0599], [0.681186,29.0085], [0.681186,29.0085], [5.16801,20.0599], [6.95433,42.1723], [8.60494,36.2108], [9.59617,28.7485], [13.8921,56.6752], [6.95433,42.1723], [19.3262,47.9894], [8.60494,36.2108], [9.59617,28.7485], [16.9186,34.9358], [6.95433,42.1723], [0.681186,29.0085], [16.9186,34.9358], [8.60494,36.2108], [6.95433,42.1723], [20.3186,50.307], [17.1585,45.122], [0.564568,42.1114], [14.3606,37.645], [9.59617,28.7485], [17.1585,45.122], [26.2044,29.0132], [26.2044,29.0132], [16.9186,34.9358], [8.60494,36.2108], [24.5261,70.1326], [20.3186,50.307], [21.8066,39.7404], [17.1585,45.122], [19.3262,47.9894], [15.8993,56.7565], [14.3606,37.645], [28.3985,51.4851], [21.8066,39.7404], [16.9186,34.9358], [14.6807,48.548], [7.29613,49.8553], [34.6789,69.4521], [30.3059,66.9574], [29.5605,68.1155], [14.4443,53.504], [31.3308,67.1353], [33.0387,67.4317], [14.4792,52.9025], [29.3645,73.1351], [31.2235,67.1167], [29.4308,71.438], [30.1067,66.9228], [29.9088,66.8884], [31.113,67.0975], [33.7991,67.5637], [18.822,84.0325], [29.5313,68.862], [30.2033,66.9396], [14.6553,66.651], [30.7504,67.0346], [31.0021,67.0783], [60.6851,68.3529], [59.166,69.3004], [34.5378,67.6919], [60.2521,68.623], [58.331,69.8212], [50.274,75.8469], [49.3497,79.3058], [65.9765,76.5856], [46.6795,79.577], [34.5791,68.2075], [48.8099,80.0762], [34.6973,69.6828], [53.0972,73.0856], [34.5599,67.9671], [34.5488,67.8289], [34.6454,69.034], [46.6951,79.6321], [30.0171,66.9072], [34.6875,69.5599], [29.3979,72.2806], [29.7123,66.8543], [29.2678,75.6132], [29.174,78.017], [34.8033,71.0058], [46.632,79.4089], [47.2951,78.7604], [29.2395,76.3372], [46.4872,81.1188], [28.7425,89.0482], [28.8019,87.5294], [23.8818,88.9845], [23.3834,88.6743], [34.8818,71.9852], [35.3901,78.3315], [29.4902,92.4742], [35.3682,78.0576], [18.7659,83.7618], [28.8315,86.7729], [29.2976,74.8513], [29.1848,77.7399], [28.7141,89.775], [46.7124,79.693], [30.0592,92.933], [43.601,87.731], [45.3794,90.865], [43.3215,91.9526], [28.7027,90.0674], [46.4071,81.4504], [45.2177,90.9504], [44.2918,91.4398], [43.431,91.8948], [45.5176,89.6681], [44.0465,91.5695], [36.9671,81.0266], [44.7847,91.1793], 