{
  "instance_index": 0,
  "birth_iter": 35,
  "death_iter": 40,
  "survival_iters": 5,
  "censored": false,
  "pre_vnd_coords": [[80,20], [85.7389,33.5501], [89.5644,20.6113], [89.5644,20.6113], [89.5644,20.6113], [90.7761,0.103565], [90.7761,0.103565], [90.7761,0.103565], [68.2388,12.192], [68.2388,12.192], [68.2388,12.192], [40.9546,9.51085], [40.9546,9.51085], [40.9546,9.51085], [29.4035,18.8422], [29.4035,18.8422], [40.9546,9.51085], [40.9546,9.51085], [29.4035,18.8422], [29.4035,18.8422], [42.3421,25.3688], [38.8722,17.0029], [30.9283,38.3777], [26.2044,29.0132], [26.2044,29.0132], [18.797,23.0079], [32.043,24.5432], [29.4035,18.8422], [32.043,24.5432], [29.4035,18.8422], [32.043,24.5432], [38.8722,17.0029], [40.9546,9.51085], [42.3421,25.3688], [42.3421,25.3688], [29.4035,18.8422], [38.8722,17.0029], [40.9546,9.51085], [49.0002,28.9837], [58.4053,24.3806], [49.0002,28.9837], [53.9116,39.034], [58.4053,24.3806], [58.4053,24.3806], [58.4053,24.3806], [58.4053,24.3806], [58.4053,24.3806], [68.2388,12.192], [58.4053,24.3806], [58.4053,24.3806], [58.4053,24.3806], [58.4053,24.3806], [53.9116,39.034], [58.4053,24.3806], [58.4053,24.3806], [53.9116,39.034], [53.9116,39.034], [53.9116,39.034], [49.0002,28.9837], [85.7389,33.5501], [32.4385,59.3853], [47.2981,43.4158], [32.4385,59.3853], [38.3016,49.053], [34.2406,43.8932], [47.2981,43.4158], [47.2981,43.4158], [53.9116,39.034], [53.9116,39.034], [47.2981,43.4158], [49.0002,28.9837], [42.3421,25.3688], [40.2635,35.0011], [53.9116,39.034], [53.9116,39.034], [53.9116,39.034], [53.9116,39.034], [53.9116,39.034], [47.2981,43.4158], [53.9116,39.034], [47.2981,43.4158], [38.3016,49.053], [39.698,51.9924], [32.2603,39.4331], [40.1191,37.0156], [39.2448,32.068], [35.3461,44.9631], [39.2448,32.068], [40.1191,37.0156], [20.7677,42.9385], [27.3673,40.6054], [27.4291,67.8096], [22.7154,67.2639], [19.017,59.2683], [19.017,59.2683], [23.6549,71.2411], [17.8283,71.6198], [27.4291,67.8096], [34.3495,72.9956], [36.2753,74.0127], [36.2753,74.0127], [39.698,51.9924], [6.95433,42.1723], [0.564568,42.1114], [14.3606,37.645], [8.60494,36.2108], [8.60494,36.2108], [0.564568,42.1114], [0.564568,42.1114], [0.681186,29.0085], [9.59617,28.7485], [0.681186,29.0085], [9.59617,28.7485], [8.60494,36.2108], [8.60494,36.2108], [0.564568,42.1114], [0.564568,42.1114], [5.16801,20.0599], [0.681186,29.0085], [14.3606,37.645], [5.16801,20.0599], [0.681186,29.0085], [0.681186,29.0085], [5.16801,20.0599], [18.797,23.0079], [5.16801,20.0599], [9.59617,28.7485], [-4.48889,18.0485], [0.887315,11.3194], [5.16801,20.0599], [5.16801,20.0599], [9.59617,28.7485], [-4.48889,18.0485], [5.16801,20.0599], [0.887315,11.3194], [16.3611,15.2484], [16.3611,15.2484], [5.16801,20.0599], [18.797,23.0079], [-4.48889,18.0485], [29.4035,18.8422], [16.3611,15.2484], [16.3611,15.2484], [16.3611,15.2484], [16.3611,15.2484], [29.4035,18.8422], [16.3611,15.2484], [29.4035,18.8422], [18.797,23.0079], [16.3611,15.2484], [18.797,23.0079], [18.797,23.0079], [26.2044,29.0132], [9.59617,28.7485], [5.16801,20.0599], [0.681186,29.0085], [-4.48889,18.0485], [26.2044,29.0132], [29.4035,18.8422], [32.043,24.5432], [18.797,23.0079], [32.043,24.5432], [29.4035,18.8422], [9.59617,28.7485], [26.2044,29.0132], [26.2044,29.0132], [26.0651,43.3681], [18.797,23.0079], [16.9186,34.9358], [16.9186,34.9358], [8.60494,36.2108], [16.9186,34.9358], [14.3606,37.645], [26.2044,29.0132], [0.564568,42.1114], [26.0651,43.3681], [26.2044,29.0132], [28.3985,51.4851], [26.0651,43.3681], [28.3985,51.4851], [30.9283,38.3777], [29.4035,18.8422], [30.9283,38.3777], [26.0651,43.3681], [26.0651,43.3681], [30.9283,38.3777], [40.2635,35.0011], [42.3421,25.3688], [28.3985,51.4851], [40.2635,35.0011], [53.9116,39.034], [29.4035,18.8422], [32.043,24.5432], [30.9283,38.3777], [40.2635,35.0011], [49.0002,28.9837], [47.2981,43.4158], [47.2981,43.4158], [40.2635,35.0011], [34.2406,43.8932], [26.0651,43.3681], [30.9283,38.3777], [30.9283,38.3777], [34.2406,43.8932], [26.0651,43.3681], [16.9186,34.9358], [34.2406,43.8932], [47.2981,43.4158], [47.2981,43.4158], [47.2981,43.4158], [47.2981,43.4158], [47.2981,43.4158], [5.02496,38.3232], [12.8159,55.7023], [5.02496,38.3232], [7.38414,56.5607], [10.1855,38.0715], [20.7677,42.9385], [7.38414,56.5607], [12.8159,55.7023], [7.38414,56.5607], [7.72865,43.6577], [12.8159,55.7023], [7.38414,56.5607], [7.38414,56.5607], [7.38414,56.5607], [7.38414,56.5607], [-5.48498,67.7874], [7.38414,56.5607], [7.38414,56.5607], [19.017,59.2683], [7.38414,56.5607], [7.38414,56.5607], [7.38414,56.5607], [7.72865,43.6577], [7.38414,56.5607], [19.017,59.2683], [3.13445,61.0154], [23.8958,57.9201], [3.13445,61.0154], [7.38414,56.5607], [22.6694,53.8118], [6.32133,62.3876], [7.38414,56.5607], [7.38414,56.5607], [5.02496,38.3232], [20.7677,42.9385], [22.6694,53.8118], [22.6694,53.8118], [16.5015,48.0629], [30.1395,59.3754], [22.7154,67.2639], [16.5015,48.0629], [12.8159,55.7023], [22.6694,53.8118], [17.0582,36.9271], [7.72865,43.6577], [27.3673,40.6054], [20.7677,42.9385], [5.02496,38.3232], [20.7677,42.9385], [13.7164,40.7061], [10.1855,38.0715], [10.1855,38.0715], [21.1229,26.9755], [22.6694,53.8118], [27.3673,40.6054], [32.5022,48.6987], [20.7677,42.9385], [22.6694,53.8118], [32.5022,48.6987], [32.2603,39.4331], [23.8958,57.9201], [27.3673,40.6054], [12.8159,55.7023], [22.6694,53.8118], [30.1395,59.3754], [30.1395,59.3754], [19.017,59.2683], [13.7164,40.7061], [3.13445,61.0154], [27.3673,40.6054], [22.7154,67.2639], [19.017,59.2683], [23.8958,57.9201], [26.9524,64.3326], [30.1395,59.3754], [19.017,59.2683], [23.6549,71.2411], [12.8159,55.7023], [23.6549,71.2411], [3.13445,61.0154], [6.32133,62.3876], [19.017,59.2683], [23.6549,71.2411], [22.3969,86.4351], [19.017,59.2683], [9.10745,73.9132], [26.9524,64.3326], [17.8283,71.6198], [17.8283,71.6198], [31.5187,77.0043], [17.8283,71.6198], [17.2435,68.5959], [22.6694,53.8118], [23.8958,57.9201], [12.8159,55.7023], [23.6549,71.2411], [22.7154,67.2639], [23.8958,57.9201], [26.9524,64.3326], [26.9524,64.3326], [23.6549,71.2411], [30.1395,59.3754], [23.6549,71.2411], [23.8958,57.9201], [22.7154,67.2639], [23.6549,71.2411], [30.1395,59.3754], [27.4291,67.8096], [26.9524,64.3326], [27.4291,67.8096], [32.4607,85.3828], [32.4607,85.3828], [31.5187,77.0043], [23.6549,71.2411], [34.0258,85.0769], [27.5119,83.9105], [27.5119,83.9105], [32.0722,91.0395], [27.5119,83.9105], [27.5119,83.9105], [34.6899,79.4598], [34.3495,72.9956], [26.9524,64.3326], [17.2435,68.5959], [23.6549,71.2411], [34.3495,72.9956], [23.8958,57.9201], [27.5119,83.9105], [27.4291,67.8096], [27.5119,83.9105], [27.5119,83.9105], [22.7154,67.2639], [10.662,71.0589], [22.3969,86.4351], [17.2435,68.5959], [9.11214,87.507], [23.6549,71.2411], [10.662,71.0589], [18.3902,79.2546], [23.6549,71.2411], [-0.586921,74.5861], [10.662,71.0589], [22.7154,67.2639], [19.017,59.2683], [19.017,59.2683], [7.38414,56.5607], [22.7154,67.2639], [6.32133,62.3876], [6.32133,62.3876], [3.13445,61.0154], [22.7154,67.2639], [23.6549,71.2411], [10.662,71.0589], [-1.02359,61.2125], [3.13445,61.0154], [7.38414,56.5607], [-0.586921,74.5861], [-5.48498,67.7874], [12.8159,55.7023], [17.8283,71.6198], [6.32133,62.3876], [10.662,71.0589], [10.662,71.0589], [3.13445,61.0154], [-0.586921,74.5861], [12.4063,76.9338], [12.4063,76.9338], [10.662,71.0589], [-0.586921,74.5861], [-0.586921,74.5861], [10.662,71.0589], [-5.48498,67.7874], [10.662,71.0589], [10.662,71.0589], [-1.02359,61.2125], [6.32133,62.3876], [7.38414,56.5607], [-1.02359,61.2125], [10.662,71.0589], [-0.586921,74.5861], [-0.586921,74.5861], [-0.586921,74.5861], [9.11214,87.507], [7.38414,56.5607], [9.11214,87.507], [-0.586921,74.5861], [11.9623,82.3772], [9.11214,87.507], [9.11214,87.507], [9.11214,87.507], [9.11214,87.507], [4.79338,92.2667], [-0.586921,74.5861], [9.11214,87.507], [6.32133,62.3876], [-0.586921,74.5861], [10.662,71.0589], [17.8283,71.6198], [18.3902,79.2546], [0.441617,92.4673], [-0.586921,74.5861], [9.10745,73.9132], [11.9623,82.3772], [-0.586921,