{
  "instance_index": 0,
  "birth_iter": 6,
  "death_iter": 50,
  "survival_iters": 44,
  "censored": false,
  "pre_vnd_coords": [[80,20], [63.6555,12.2704], [70.7387,30.8814], [61.7519,20.2202], [54.1298,15.0906], [63.6555,12.2704], [63.6555,12.2704], [77.325,3.97663], [77.325,3.97663], [92.9679,8.57602], [92.9679,8.57602], [92.9679,8.57602], [94.5396,22.1947], [94.5396,22.1947], [92.9679,8.57602], [86.2367,31.8768], [86.2367,31.8768], [86.2367,31.8768], [86.2367,31.8768], [53.3022,42.0115], [48.0906,39.2646], [49.7809,34.6954], [53.3022,42.0115], [53.3022,42.0115], [48.0906,39.2646], [53.3022,42.0115], [47.4796,59.6124], [3.19644,61.7002], [12.5728,77.5522], [22.235,65.8131], [19.0302,71.9115], [15.8696,66.7861], [16.3868,62.7509], [13.5414,63.5913], [19.0302,71.9115], [22.235,65.8131], [6.45143,73.9841], [13.7068,73.2566], [3.19644,61.7002], [3.19644,61.7002], [12.5728,77.5522], [22.235,65.8131], [19.0302,71.9115], [19.0302,71.9115], [33.0646,67.6507], [16.3868,62.7509], [32.7739,54.1381], [15.8696,66.7861], [22.235,65.8131], [22.235,65.8131], [15.8696,66.7861], [12.5728,77.5522], [16.3868,62.7509], [19.0302,71.9115], [12.5728,77.5522], [13.7068,73.2566], [34.4558,76.3873], [12.5728,77.5522], [30.9061,73.3714], [30.9061,73.3714], [33.2616,81.0077], [33.5758,71.0355], [39.7789,83.1975], [13.7068,73.2566], [33.2616,81.0077], [34.3996,86.428], [22.235,65.8131], [10.5962,71.6394], [12.5728,77.5522], [12.5728,77.5522], [34.3996,86.428], [12.5728,77.5522], [6.45143,73.9841], [10.5962,71.6394], [16.3868,62.7509], [15.8696,66.7861], [16.3868,62.7509], [10.5962,71.6394], [3.19644,61.7002], [10.5962,71.6394], [6.45143,73.9841], [13.7068,73.2566], [15.8696,66.7861], [16.3868,62.7509], [10.5962,71.6394], [10.5962,71.6394], [6.45143,73.9841], [10.5962,71.6394], [3.19644,61.7002], [6.45143,73.9841], [19.0302,71.9115], [6.45143,73.9841], [26.271,66.2876], [32.9737,78.4338], [28.6868,54.2437], [37.332,90.8703], [29.9334,63.1697], [32.9737,78.4338], [30.8102,72.653], [43.2237,88.8669], [26.271,66.2876], [32.9737,78.4338], [32.9737,78.4338], [43.2237,88.8669], [24.7246,92.9349], [32.9737,78.4338], [43.2237,88.8669], [32.9737,78.4338], [40.1863,83.7511], [43.2237,88.8669], [43.2237,88.8669], [32.9737,78.4338], [43.2237,88.8669], [40.1863,83.7511], [30.8102,72.653], [43.2237,88.8669], [32.9737,78.4338], [40.1863,83.7511], [32.9737,78.4338], [43.2237,88.8669], [32.9737,78.4338], [30.8102,72.653], [31.7357,59.8226], [22.888,64.2919], [31.7357,59.8226], [32.5768,53.9563], [26.271,66.2876], [29.4924,57.8851], [29.9334,63.1697], [32.5768,53.9563], [29.4924,57.8851], [22.235,65.8131], [16.3868,62.7509], [22.235,65.8131], [15.8696,66.7861], [13.5414,63.5913], [22.235,65.8131], [22.235,65.8131], [6.45143,73.9841], [1.32914,69.5145], [14.2242,66.8603], [-0.804632,67.4953], [5.63804,52.6302], [1.32914,69.5145], [13.1449,55.5923], [5.63804,52.6302], [-0.804632,67.4953], [1.32914,69.5145], [3.70945,77.34], [9.97557,59.6563], [1.32914,69.5145], [9.97557,59.6563], [1.755,84.1495], [-0.804632,67.4953], [9.97557,59.6563], [1.32914,69.5145], [3.70945,77.34], [11.8939,83.6502], [1.755,84.1495], [9.97557,59.6563], [17.3885,80.1845], [1.32914,69.5145], [2.5659,95.5746], [11.8939,83.6502], [1.755,84.1495], [1.755,84.1495], [1.755,84.1495], [17.3885,80.1845], [17.3885,80.1845], [20.7357,91.2831], [1.32914,69.5145], [22.3555,80.2982], [4.47221,88.0514], [9.86116,88.5565], [9.86116,88.5565], [1.755,84.1495], [17.2004,89.0893], [1.755,84.1495], [11.8939,83.6502], [10.9285,72.1101], [3.70945,77.34], [1.755,84.1495], [9.86116,88.5565], [3.70945,77.34], [3.70945,77.34], [11.8939,83.6502], [1.755,84.1495], [4.47221,88.0514], [3.70945,77.34], [1.755,84.1495], [2.5659,95.5746], [1.32914,69.5145], [1.755,84.1495], [11.8939,83.6502], [11.8939,83.6502], [9.86116,88.5565], [4.47221,88.0514], [2.5659,95.5746], [1.755,84.1495], [11.5977,102.031], [2.5659,95.5746], [11.5977,102.031], [1.755,84.1495], [1.755,84.1495], [13.2684,98.871], [11.5977,102.031], [1.755,84.1495], [11.5977,102.031], [1.755,84.1495], [9.86116,88.5565], [11.5977,102.031], [11.5977,102.031], [9.86116,88.5565], [4.47221,88.0514], [3.70945,77.34], [9.86116,88.5565], [13.2684,98.871], [11.5977,102.031], [9.86116,88.5565], [18.7612,98.9518], [2.5659,95.5746], [9.86116,88.5565], [2.5659,95.5746], [20.7357,91.2831], [1.755,84.1495], [2.5659,95.5746], [18.7612,98.9518], [9.86116,88.5565], [1.755,84.1495], [22.3555,80.2982], [18.7612,98.9518], [20.7357,91.2831], [9.86116,88.5565], [1.755,84.1495], [17.2004,89.0893], [20.7357,91.2831], [2.5659,95.5746], [1.755,84.1495], [17.2004,89.0893], [1.755,84.1495], [20.7357,91.2831], [24.7246,92.9349], [22.3555,80.2982], [24.7246,92.9349], [4.47221,88.0514], [17.2004,89.0893], [24.7246,92.9349], [40.1863,83.7511], [20.869,86.209], [20.869,86.209], [17.2004,89.0893], [27.7728,87.3685], [9.86116,88.5565], [15.7731,79.6166], [10.9285,72.1101], [9.86116,88.5565], [17.2004,89.0893], [10.9285,72.1101], [17.2004,89.0893], [11.8939,83.6502], [1.755,84.1495], [19.3588,66.7763], [17.3885,80.1845], [28.4982,76.7857], [17.3885,80.1845], [17.3885,80.1845], [24.4947,73.8395], [17.3885,80.1845], [24.4947,73.8395], [17.3885,80.1845], [22.3555,80.2982], [26.271,66.2876], [37.332,90.8703], [34.3779,83.8621], [22.888,64.2919], [11.8939,83.6502], [17.3885,80.1845], [17.2004,89.0893], [17.2004,89.0893], [9.86116,88.5565], [20.869,86.209], [20.869,86.209], [37.332,90.8703], [32.9737,78.4338], [1.755,84.1495], [18.7612,98.9518], [30.6955,91.3367], [24.7246,92.9349], [27.7728,87.3685], [24.7962,106.596], [9.86116,88.5565], [20.869,86.209], [20.7357,91.2831], [26.7508,97.8112], [24.7246,92.9349], [18.7612,98.9518], [24.7962,106.596], [30.1698,101.258], [28.0135,107.432], [37.332,90.8703], [44.5393,98.5574], [44.5393,98.5574], [30.6955,91.3367], [30.1698,101.258], [30.6955,91.3367], [37.332,90.8703], [24.7962,106.596], [30.1698,101.258], [24.7246,92.9349], [34.3779,83.8621], [30.6955,91.3367], [29.5074,95.9711], [37.332,90.8703], [30.6955,91.3367], [18.7612,98.9518], [30.1698,101.258], [24.7962,106.596], [26.7508,97.8112], [30.1698,101.258], [26.7508,97.8112], [44.5393,98.5574], [13.2684,98.871], [24.7246,92.9349], [28.0135,107.432], [37.1533,104.519], [13.2684,98.871], [24.7962,106.596], [15.7731,79.6166], [18.7612,98.9518], [24.7246,92.9349], [30.6955,91.3367], [30.1698,101.258], [22.3555,80.2982], [37.332,90.8703], [30.1698,101.258], [37.332,90.8703], [26.7508,97.8112], [43.2237,88.8669], [43.2237,88.8669], [30.6955,91.3367], [24.7246,92.9349], [32.9737,78.4338], [49.4902,83.1507], [48.4412,85.0385], [37.332,90.8703], [27.7728,87.3685], [43.2237,88.8669], [30.6955,91.3367], [30.6955,91.3367], [37.332,90.8703], [37.332,90.8703], [44.5393,98.5574], [30.1698,101.258], [30.6955,91.3367], [56.7115,98.7267], [44.5393,98.5574], [26.7508,97.8112], [44.5393,98.5574], [40.1863,83.7511], [43.2237,88.8669], [48.4412,85.0385], [53.6022,83.1054], [50.1007,91.3097], [53.6022,83.1054], [47.8715,71.7177], [50.1007,91.3097], [44.5393,98.5574], [49.4902,83.1507], [44.5393,98.5574], [47.8715,71.7177], [49.4902,83.1507], [56.0877,78.339], [50.1007,91.3097], [58.9941,73.4702], [50.1007,91.3097], [58.9941,73.4702], [58.0195,87.1109], [56.0877,78.339], [47.8715,71.7177], [56.7115,98.7267], [56.0877,78.339], [71.5101,64.2944], [66.1562,74.202], [73.3993,76.7605], [59.8563,89.2558], [48.4412,85.0385], [73.3993,76.7605], [50.1007,91.3097], [66.1562,74.202], [50.1007,91.3097], [59.8563,89.2558], [58.0195,87.1109], [63.1707,100.356], [59.8563,89.2558], [73.3993,76.7605], [71.1421,83.3677], [64.8094,70.1397], [71.1421,83.3677], [73.3993,76.7605], [88.0627,82.2548], [66.1562,74.202], [80.4891,86.4126], [71.1421,83.3677], [73.3993,76.7605], [67.5009,92.5205], [66.1562,74.202], [73.3993,76.7605], [67.5009,92.5205], [81.3869,91.9968], [63.1707,100.356], [63.1707,100.356], [59.8563,89.2558], [49.4902,83.1507], [53.6022,83.1054], [58.0195,87.1109], [56.7115,98.7267], [63.4993,67.7278], [58.0195,87.1109], [50.1007,91.3097], [50.1007,91.3097], [49.4902,