{
  "instance_index": 0,
  "birth_iter": 5,
  "death_iter": 70,
  "survival_iters": 65,
  "censored": false,
  "pre_vnd_coords": [[80,20], [91.2487,22.8304], [73.5979,36.2552], [74.9713,41.5463], [86.074,24.3674], [91.2487,22.8304], [91.2487,22.8304], [91.2487,22.8304], [91.2487,22.8304], [83.8344,6.00636], [91.2487,22.8304], [83.8344,6.00636], [83.8344,6.00636], [63.3817,10.6168], [63.3817,10.6168], [63.3817,10.6168], [63.3817,10.6168], [44.164,17.464], [58.8154,27.0637], [60.5263,23.6249], [44.164,17.464], [60.5263,23.6249], [58.8154,27.0637], [53.7395,22.0721], [33.4163,19.2601], [42.0054,14.5686], [37.9695,31.3279], [33.4163,19.2601], [33.4163,19.2601], [29.3441,9.17863], [27.0384,37.5585], [33.4163,19.2601], [29.3441,9.17863], [27.8963,19.8437], [27.8963,19.8437], [18.16,13.5773], [12.831,22.1507], [13.3449,25.7154], [12.831,22.1507], [18.16,13.5773], [8.21336,18.9828], [18.16,13.5773], [8.21336,18.9828], [18.16,13.5773], [3.65654,11.5868], [29.3488,9.67448], [18.16,13.5773], [18.16,13.5773], [3.65654,11.5868], [8.21336,18.9828], [12.831,22.1507], [3.65654,11.5868], [8.21336,18.9828], [8.21336,18.9828], [3.65654,11.5868], [8.85968,34.5918], [8.85968,34.5918], [8.21336,18.9828], [1.96294,39.4651], [8.21336,18.9828], [1.96294,39.4651], [-1.63264,51.532], [10.6305,50.9788], [10.6305,50.9788], [-1.63264,51.532], [14.7199,40.4605], [10.6305,50.9788], [1.96294,39.4651], [10.6305,50.9788], [10.6305,50.9788], [10.6305,50.9788], [14.7199,40.4605], [-1.63264,51.532], [14.7199,40.4605], [10.6305,50.9788], [-1.63264,51.532], [1.96294,39.4651], [18.7165,32.8198], [10.6305,50.9788], [10.6305,50.9788], [10.6305,50.9788], [1.96294,39.4651], [8.85968,34.5918], [27.5151,48.5867], [14.7199,40.4605], [8.85968,34.5918], [10.6305,50.9788], [12.831,22.1507], [8.21336,18.9828], [12.831,22.1507], [8.21336,18.9828], [14.7199,40.4605], [8.21336,18.9828], [8.21336,18.9828], [8.21336,18.9828], [8.21336,18.9828], [1.96294,39.4651], [27.8963,19.8437], [18.16,13.5773], [3.65654,11.5868], [8.85968,34.5918], [24.5317,34.5296], [27.8963,19.8437], [12.831,22.1507], [14.7199,40.4605], [32.7293,23.9764], [12.831,22.1507], [18.7165,32.8198], [22.7293,46.5883], [37.9136,32.9869], [1.96294,39.4651], [24.5317,34.5296], [8.85968,34.5918], [18.7165,32.8198], [18.7165,32.8198], [14.7199,40.4605], [24.8976,43.7399], [24.8976,43.7399], [22.7293,46.5883], [8.85968,34.5918], [27.5151,48.5867], [17.1306,62.9822], [10.6305,50.9788], [14.7199,40.4605], [18.7165,32.8198], [1.96294,39.4651], [10.6305,50.9788], [10.6305,50.9788], [1.96294,39.4651], [10.6305,50.9788], [10.6305,50.9788], [10.6305,50.9788], [10.6305,50.9788], [19.3989,54.77], [10.6305,50.9788], [23.0404,59.1562], [22.7293,46.5883], [12.2097,65.8897], [10.6305,50.9788], [22.7293,46.5883], [27.5151,48.5867], [10.6305,50.9788], [27.5151,48.5867], [23.0404,59.1562], [22.7293,46.5883], [24.8976,43.7399], [31.9565,43.7094], [37.5669,48.7147], [27.5151,48.5867], [26.8474,53.7861], [27.5151,48.5867], [23.0404,59.1562], [27.5151,48.5867], [31.9565,43.7094], [31.9565,43.7094], [24.5317,34.5296], [39.1518,35.6173], [37.5669,48.7147], [24.8976,43.7399], [31.9565,43.7094], [37.5669,48.7147], [24.5317,34.5296], [37.9136,32.9869], [27.5151,48.5867], [31.9565,43.7094], [24.8976,43.7399], [37.5669,48.7147], [31.9565,43.7094], [31.9565,43.7094], [24.5317,34.5296], [18.7165,32.8198], [37.5669,48.7147], [32.7106,22.2942], [28.4836,25.1335], [31.9565,43.7094], [31.9565,43.7094], [27.5151,48.5867], [31.9565,43.7094], [24.5317,34.5296], [28.4836,25.1335], [24.5317,34.5296], [32.7106,22.2942], [28.4836,25.1335], [27.8963,19.8437], [32.7106,22.2942], [29.3488,9.67448], [27.8963,19.8437], [29.3488,9.67448], [32.7106,22.2942], [32.7106,22.2942], [43.3762,31.5341], [37.9136,32.9869], [31.9565,43.7094], [37.9136,32.9869], [39.1518,35.6173], [18.7165,32.8198], [43.3762,31.5341], [44.164,17.464], [55.7333,37.7138], [51.1201,42.1695], [33.101,48.4299], [53.509,53.5666], [31.4439,56.397], [25.3515,58.8925], [38.4036,39.1344], [21.2798,57.1546], [21.2798,57.1546], [31.4439,56.397], [31.4439,56.397], [21.2798,57.1546], [40.1122,49.9872], [33.101,48.4299], [21.2798,57.1546], [33.101,48.4299], [31.4439,56.397], [21.2798,57.1546], [21.2798,57.1546], [4.01227,56.6851], [13.8435,65.6493], [19.7715,62.3568], [10.6283,57.5468], [21.539,65.6176], [13.7041,60.1536], [19.7715,62.3568], [19.7715,62.3568], [29.9889,58.924], [35.8183,60.6796], [21.539,65.6176], [15.2915,60.9494], [13.8435,65.6493], [21.2798,57.1546], [4.5598,58.9052], [-1.24973,55.9316], [-1.24973,55.9316], [-1.98927,60.3364], [4.01227,56.6851], [-1.98927,60.3364], [-1.24973,55.9316], [-1.98927,60.3364], [4.77777,64.559], [4.01227,56.6851], [4.77777,64.559], [-1.98927,60.3364], [4.01227,56.6851], [-1.24973,55.9316], [13.8435,65.6493], [15.2915,60.9494], [13.7041,60.1536], [9.36878,70.8248], [30.3586,72.3995], [10.6283,57.5468], [4.5598,58.9052], [16.2688,73.8639], [16.2688,73.8639], [13.5154,71.4441], [9.36878,70.8248], [21.539,65.6176], [10.6283,57.5468], [1.57245,81.1], [11.307,84.3237], [0.770186,86.5597], [11.969,88.5148], [5.75939,89.4864], [19.7184,91.2847], [2.20475,94.4486], [19.7576,84.5463], [2.20475,94.4486], [15.2478,99.0324], [0.476061,105.003], [15.2478,99.0324], [25.5329,98.1619], [25.5329,98.1619], [27.391,88.1777], [25.5329,98.1619], [25.5329,98.1619], [25.5329,98.1619], [36.0443,104.676], [27.391,88.1777], [15.2478,99.0324], [25.5329,98.1619], [15.2478,99.0324], [25.5329,98.1619], [25.5329,98.1619], [19.7184,91.2847], [25.5329,98.1619], [21.3212,87.5611], [19.7576,84.5463], [19.7576,84.5463], [19.7184,91.2847], [19.7576,84.5463], [19.7184,91.2847], [33.3767,96.5693], [19.7576,84.5463], [19.7184,91.2847], [19.7184,91.2847], [25.5329,98.1619], [42.3158,94.7637], [33.3767,96.5693], [27.391,88.1777], [25.5329,98.1619], [27.391,88.1777], [19.7576,84.5463], [27.391,88.1777], [21.3212,87.5611], [27.391,88.1777], [27.391,88.1777], [15.2478,99.0324], [2.20475,94.4486], [19.7184,91.2847], [12.9781,93.3123], [21.3212,87.5611], [2.20475,94.4486], [12.9781,93.3123], [19.7576,84.5463], [0.770186,86.5597], [19.7576,84.5463], [19.7576,84.5463], [0.770186,86.5597], [3.56499,72.7175], [3.56499,72.7175], [3.56499,72.7175], [-1.98927,60.3364], [-7.56524,74.6869], [3.56499,72.7175], [3.56499,72.7175], [57.4082,48.8927], [42.0054,14.5686], [29.3441,9.17863], [29.3441,9.17863], [29.3441,9.17863], [42.0054,14.5686], [42.0054,14.5686], [74.8762,78.5082], [65.5363,83.4434], [78.3902,67.1188], [59.139,82.8233], [55.3842,93.6517], [59.139,82.8233], [71.511,81.179], [59.139,82.8233], [55.3842,93.6517], [61.5253,98.5441], [52.6794,99.476], [59.139,82.8233], [55.3842,93.6517], [59.139,82.8233], [55.3842,93.6517], [55.3842,93.6517], [33.3767,96.5693], [42.3158,94.7637], [27.391,88.1777], [19.7184,91.2847], [33.3767,96.5693], [33.3767,96.5693], [33.3767,96.5693], [42.3158,94.7637], [19.7184,91.2847], [42.3158,94.7637], [36.0443,104.676], [33.3767,96.5693], [36.0443,104.676], [55.3842,93.6517], [36.0443,104.676], [55.3842,93.6517], [55.3842,93.6517], [55.3842,93.6517], [55.3842,93.6517], [42.3158,94.7637], [36.0443,104.676], [42.3158,94.7637], [25.5329,98.1619], [19.7184,91.2847], [21.3212,87.5611], [33.3767,96.5693], [25.5329,98.1619], [33.3767,96.5693], [19.7184,91.2847], [33.3767,96.5693], [25.5329,98.1619], [25.5329,98.1619], [33.3767,96.5693], [25.5329,98.1619], [36.0443,104.676], [33.3767,96.5693], [42.3158,94.7637], [36.0443,104.676], [42.3158,94.7637], [55.3842,93.6517], [36.0443,104.676], [52.6794,99.476], [52.6794,99.476], [52.6794,99.476], [54.2263,109.093], [42.3158,94.7637], [52.6794,99.476], [59.139,82.8233], [61.5253,98.5441], [42.3158,94.7637], [61.5253,98.5441], [54.2263,109.093], [55.3842,93.6517], [70.2168,92.3266], [63.0409,91.8849], [70.2168,92.3266], [70.2168,92.3266], [70.2168,92.3266], [75.7734,94.8851], [70.2168,92.3266], [70.2168,92.3266], [70.5154,86.7513], [61.5253,98.5441], [70.2168,92.3266], [70.5154,86.7513], [61.5253,98.5441], [61.5253,98.5441], [55.3842,93.6517], [55.3842,93.6517], [70.2168,