{
  "instance_index": 0,
  "birth_iter": 51,
  "death_iter": 60,
  "survival_iters": 9,
  "censored": false,
  "pre_vnd_coords": [[80,20], [59.9525,22.2212], [57.8463,24.1299], [73.4158,14.9125], [67.7801,15.1274], [58.67,23.3834], [55.8741,42.1498], [55.1971,26.5307], [59.0275,23.0595], [54.0072,43.6906], [67.1109,42.5706], [49.1499,32.011], [64.3833,42.4685], [53.7324,27.8581], [56.6429,25.2205], [57.3759,24.5562], [54.1746,27.4574], [59.3541,22.7635], [54.6594,27.0181], [58.2559,23.7587], [55.6812,26.092], [59.6745,22.4731], [52.2988,29.1573], [48.543,32.561], [55.8741,42.1498], [64.7362,42.4817], [51.4995,29.8817], [48.2267,32.8476], [35.2334,15.4368], [56.1501,25.6671], [35.2334,15.4368], [34.6607,17.698], [31.4721,15.8098], [34.1662,19.6503], [34.5997,17.9387], [34.9449,16.5758], [30.2071,35.2814], [25.7259,16.2373], [13.5564,29.9225], [12.8318,25.5728], [34.7326,17.4141], [34.008,20.2751], [35.2334,15.4368], [35.0132,16.3062], [35.1436,15.7914], [34.084,19.9749], [34.3158,19.0598], [13.5698,14.9478], [30.0539,35.8864], [11.9308,20.0445], [12.3457,25.2198], [28.4483,16.1098], [13.5359,26.0842], [31.0807,31.8327], [34.868,16.8794], [13.6598,28.6886], [13.6216,27.8862], [12.877,15.1765], [12.9346,14.8804], [12.7076,16.0485], [14.0366,14.9974], [13.3918,14.929], [13.2367,14.9125], [19.7078,15.5989], [11.6363,21.5595], [13.6897,14.9606], [13.0852,14.8964], [12.9069,15.0229], [12.7889,15.6298], [13.9062,14.9835], [13.7992,14.9722], [12.7313,15.9264], [11.1006,24.3155], [12.8471,15.3305], [12.8174,15.4832], [12.1379,32.5387], [12.7606,15.7754], [11.1297,40.3653], [11.587,35.9825], [13.2258,30.5323], [12.1817,18.7537], [11.8955,24.8928], [11.1006,24.3155], [31.7513,29.1848], [11.3767,22.895], [9.84015,39.4264], [9.63407,37.3334], [9.95293,37.402], [9.61656,37.1556], [21.9483,22.3356], [19.9356,45.0197], [36.6641,28.6775], [12.9425,39.5921], [15.0597,41.1423], [14.0219,40.3824], [26.0963,24.0745], [12.0355,38.9279], [9.64583,37.4528], [9.61656,37.1556], [10.8829,50.0408], [20.4155,45.4014], [12.0877,38.9662], [11.1897,38.3083], [12.0281,38.9225], [12.005,38.9055], [9.63054,37.2976], [11.9817,38.8885], [10.9903,50.5413], [10.9626,50.4121], [9.68519,37.8528], [12.0433,38.9336], [11.3207,52.0826], [11.2896,51.9373], [11.5967,53.3695], [11.258,51.7903], [11.9972,38.8998], [19.5571,44.7187], [9.78236,38.8396], [10.3872,37.7202], [11.0452,50.7975], [9.72119,38.2184], [11.3505,52.2216], [10.9068,50.1523], [11.0748,50.9358], [11.4451,52.6627], [9.62172,37.208], [11.672,53.7207], [10.8829,50.0408], [10.883,50.0411], [11.1674,51.3677], [14.184,60.4153], [10.8829,50.0408], [10.8829,50.0408], [11.1073,51.0871], [10.8829,50.0408], [11.2271,51.6462], [12.0127,38.9111], [11.9734,38.8824], [12.0208,38.9171], [10.8829,50.0408], [11.1377,51.229], [14.0793,66.8094], [17.1874,42.8344], [11.5229,53.0258], [9.62649,37.2565], [17.9833,43.4672], [11.4133,52.5145], [18.7842,44.1041], [17.5878,43.1528], [11.3817,52.3673], [11.9892,38.894], [26.958,48.8962], [27.9239,47.0182], [9.81188,39.1394], [19.1762,44.4158], [20.9257,45.807], [10.8016,38.0238], [27.5026,47.8373], [11.9656,38.8766], [11.7501,54.0847], [16.5765,62.6211], [14.4743,66.2748], [14.4412,66.392], [15.99,62.0804], [11.8907,54.7407], [11.484,52.8443], [16.2624,62.3316], [12.2479,67.4036], [11.0178,50.67], [10.8829,50.0408], [9.7548,38.5598], [11.96,55.0638], [10.9355,50.2859], [15.0936,61.2539], [11.1974,51.5075], [15.4043,61.5404], [12.4535,67.2994], [14.751,69.3339], [14.156,66.4362], [19.648,65.4525], [14.7904,60.9744], [22.2034,67.8082], [13.7275,68.5435], [13.6091,67.3518], [13.4183,59.7094], [12.1847,68.4548], [28.0253,73.3578], [18.118,64.0422], [14.4856,60.6935], [18.5419,64.4329], [14.5345,66.2443], [10.8027,80.1574], [11.6142,74.5577], [12.1972,68.2467], [13.4922,68.3617], [13.9072,67.0079], [13.8916,60.1458], [13.6686,59.9402], [14.2497,66.6129], [13.9908,66.9115], [10.8237,78.5926], [13.2844,67.7262], [11.8257,54.4372], [13.5335,67.4389], [12.1909,68.3529], [14.2508,68.9477], [14.5031,66.2602], [10.8829,50.0408], [13.7452,67.1948], [15.8021,70.1457], [12.8448,59.1807], [13.1599,67.8699], [10.7783,48.9765], [12.1716,68.6734], [13.6731,67.2779], [13.9058,66.563], [10.7894,81.5338], [10.7859,81.9005], [12.2248,67.7875], [12.2105,68.0264], [17.1041,71.1512], [12.1132,69.6489], [13.4654,67.5174], [12.1781,68.5644], [10.8257,78.5838], [17.746,71.647], [10.8092,79.485], [10.8176,78.62], [12.0526,70.6595], [12.8448,59.1807], [12.6506,67.1995], [12.2479,67.4036], [13.82,67.1085], [10.7929,81.1766], [13.0377,68.0108], [13.0995,67.9395], [11.3514,76.1891], [10.7785,82.6751], [10.8148,78.9074], [28.3053,73.9003], [13.3763,66.8315], [12.232,67.668], [14.1592,66.7173], [10.8183,78.6167], [10.8314,78.5581], [11.8275,73.2316], [10.7512,85.5058], [10.8176,78.62], [10.8203,78.6079], [10.8295,78.5666], [10.8223,78.5988], [10.8176,78.62], [10.7746,83.0755], [15.3003,69.7581], [10.5331,89.515], [20.9569,74.1267], [10.806,79.82], [11.3936,75.9279], [18.7631,72.4325], [14.4431,66.2906], [22.8455,88.8388], [10.7418,86.4728], [11.993,71.6555], [10.7235,88.3591], [10.767,83.8711], [13.402,67.5907], [11.7198,73.9009], [11.3791,76.0176], [10.8263,78.5811], [11.408,75.8383], [11.4222,75.7503], [10.5557,89.3776], [10.4929,89.7591], [10.8217,78.6018], [10.819,78.6139], [10.825,78.5868], [11.3653,76.1028], [10.7823,82.2787], [11.069,77.4864], [12.2175,67.9097], [10.5445,89.446], [10.823,78.5958], [10.8269,78.5782], [10.812,79.1939], [12.2035,68.1419], [10.8176,78.62], [10.8243,78.5898], [10.7994,80.4984], [10.8196,78.6109], [11.1974,76.9073], [10.832,78.5552], [10.727,88.0031], [10.8275,78.5753], [10.4595,89.9618], [10.4756,89.8642], [10.4512,90.0124], [10.7376,86.9092], [12.2392,67.5487], [10.7235,88.3591], [10.51,89.6553], [22.7921,88.8903], [10.5388,89.4803], [10.8282,78.5725], [10.7962,80.8375], [10.9456,78.0427], [11.4689,75.4608], [10.4533,89.9999], [10.6132,89.0284], [10.8288,78.5695], [10.6076,89.0627], [10.5041,89.6914], [10.7566,84.9513], [10.5958,89.1343], [10.7708,83.4749], [10.7235,88.3591], [10.6191,88.9926], [10.4468,90.0391], [10.5667,89.3113], [10.4814,89.8292], [10.5612,89.3443], [10.5898,89.1706], [10.7235,88.3591], [10.5273,89.5505], [10.7235,88.3591], [10.4646,89.931], [10.8307,78.5609], [22.7845,88.8976], [10.7463,86.0141], [25.4087,89.0301], [10.7538,85.2466], [10.7355,87.1236], [10.5843,89.2044], [10.8176,78.62], [10.6248,88.9581], [11.4449,75.6097], [10.8301,78.5637], [10.4699,89.8986], [10.5499,89.4128], [10.5158,89.6202], [10.449,90.0259], [10.4985,89.7253], [10.5783,89.2406], [10.5216,89.5851], [10.6017,89.0987], [10.4871,89.7942], [22.7772,88.9047], [10.7487,85.7633], [10.7633,84.259], [24.8736,88.9891], [10.7439,86.2595], [30.6011,79.215], [23.166,75.8328], [21.2723,66.9498], [30.6231,79.407], [30.6902,79.9932], [26.3105,78.2613], [28.9881,80.3292], [10.7597,84.6329], [10.7334,87.3366], [26.6586,89.126], [27.2963,79.0226], [10.821,78.6048], [22.8506,88.8339], [30.6674,79.7936], [10.7235,88.3591], [16.6259,70.7819], [10.7305,87.63], [25.64,77.7434], [20.1143,73.476], [10.5724,89.2766], [22.7772,88.9047], [27.0465,89.1557], [31.1712,89.472], [27.8383,89.2164], [25.9939,89.075], [28.1303,89.2389], [22.823,88.8605], [23.5686,88.889], [27.43,89.1851], [23.7383,88.902], [27.2362,89.1703], [10.7235,88.3591], [30.882,81.6665], [26.8459,89.1403], [23.0485,88.8491], [27.6233,89.2], [28.4521,89.2635], [26.4733,89.1118], [22.8151,88.8682], [28.7747,89.2883], [23.2291,88.8629], [25.1519,70.5264], [29.8296,76.8532], [24.5044,88.9607], [24.1302,88.932], [11.5067,75.2259], [22.8308,88.853], [22.8384,88.8456], [28.3681,79.8504], [10.7397,86.6864], [24.3157,88.9463], [36.3697,89.8707], [29.3126,89.3295], [18.4447,89.3032], [29.2906,75.8091], [30.8128,81.0627], [23.8304,76.3459], [25.7027,89.0527], [22.8078,88.8752], [30.7361,80.393], [29.7893,89.3661], [25.1291,89.0087], [23.3929,88.8755], [22.7994,88.8833], [41.6845,90.2783], [36.9764,89.9172], [30.8462,81.3543], [37.9572,89.9924], [35.5032,89.8042], [40.3357,90.1749], 