{
  "instance_index": 0,
  "birth_iter": 94,
  "death_iter": 101,
  "survival_iters": 7,
  "censored": true,
  "pre_vnd_coords": [[80,20], [62.2672,15.9754], [62.2672,15.9754], [86.1399,18.3482], [81.3064,43.3656], [81.3508,43.1349], [80.6,47.0341], [79.4007,53.263], [80.1874,49.1772], [82.8844,58.0927], [85.7618,50.5592], [84.3594,50.3948], [83.7768,64.304], [83.5028,62.3988], [85.3654,64.9089], [66.9294,59.7185], [78.6192,57.545], [65.2623,48.9665], [78.6207,57.3135], [78.7283,58.6177], [66.8896,78.6305], [79.016,55.2605], [85.3333,64.4669], [70.6162,78.4804], [78.867,58.7206], [66.9961,78.5619], [57.2485,65.8049], [58.5802,64.5322], [78.6175,57.7964], [78.6782,57.0152], [78.6125,58.5318], [78.8758,55.9889], [61.0919,50.236], [82.1482,41.8719], [81.9729,50.1152], [62.0917,50.0435], [61.7197,50.0956], [62.0917,50.0435], [56.6965,51.7948], [50.8592,41.7094], [78.7447,56.6699], [45.2582,60.234], [56.9283,66.1109], [34.6972,59.6297], [45.0181,64.6701], [46.2113,65.4051], [48.6772,71.5413], [50.3178,61.6937], [32.5522,66.1427], [37.8456,61.0897], [25.2271,56.2056], [19.9167,57.93], [25.1199,56.1508], [25.5785,71.3699], [19.0402,37.8051], [20.8415,64.0653], [10.6713,60.9035], [21.2745,62.1833], [25.5785,71.3699], [25.5785,71.3699], [28.819,69.7057], [22.0641,77.5242], [25.3143,75.3625], [33.5198,65.219], [30.853,67.7644], [20.907,87.9265], [38.4699,77.0947], [18.1016,58.651], [26.1895,72.2154], [26.3273,72.0839], [37.3379,79.4125], [14.9707,68.691], [13.6851,70.2419], [20.5986,65.121], [22.3051,79.5819], [8.46942,69.8724], [8.81849,73.0186], [9.2084,76.5329], [8.83633,73.1794], [21.6695,79.8101], [7.9952,65.5985], [19.654,70.1732], [19.8882,70.2206], [8.75994,72.4909], [8.11381,63.9079], [8.3499,68.7953], [7.8995,64.7359], [21.6381,79.8214], [16.5371,77.7058], [10.5795,87.8445], [11.0221,80.3723], [27.0508,71.3933], [11.0303,80.2331], [11.0346,80.1599], [11.0434,80.0113], [19.1225,77.6209], [24.7522,88.8837], [15.3369,89.0602], [10.511,90.0427], [26.6365,89.0803], [10.6555,86.5616], [25.8985,89.1691], [16.4416,88.8354], [26.7157,83.9386], [17.401,90.1688], [10.6735,89.7381], [26.6525,86.8451], [10.4905,88.0885], [16.6834,91.9213], [16.8711,92.1323], [9.83693,82.1981], [10.6974,89.9528], [26.8176,88.2344], [21.8859,79.7324], [21.8123,79.7588], [10.6273,89.3214], [17.4853,89.9628], [10.511,90.0427], [16.7804,92.0304], [17.143,90.7988], [17.1169,92.4087], [10.7437,90.3701], [26.6997,84.6762], [9.90812,82.8397], [10.6063,89.1317], [10.5852,88.9417], [17.2555,92.8317], [16.6834,91.9213], [10.7437,90.3701], [10.7437,90.3701], [10.6057,87.4037], [14.4192,77.7754], [10.5131,88.9657], [22.9254,88.4289], [10.7174,85.5165], [11.0181,80.4398], [11.0561,79.7981], [11.1106,78.8768], [13.8078,73.1909], [9.25155,76.9218], [7.98213,65.4807], [22.273,79.5935], [10.0813,84.4005], [10.0446,84.0699], [9.09052,75.4704], [9.7153,81.1018], [19.8198,68.5058], [21.9842,79.6972], [26.6701,86.0358], [26.6576,86.6105], [17.0639,90.9921], [25.8985,89.1691], [10.8354,83.5235], [16.9645,91.2347], [37.9527,90.4674], [21.9533,79.7083], [42.3044,91.34], [26.7208,83.7043], [26.6431,87.2728], [38.8005,82.288], [38.1425,90.5055], [26.6614,86.4349], [42.0391,82.2772], [26.6658,86.233], [39.8191,82.88], [17.2876,92.6006], [26.6324,87.7654], [26.7255,83.49], [26.7116,84.1266], [26.7075,84.3185], [26.6478,87.0597], [38.3339,90.5439], [26.6741,85.8506], [38.5327,90.5837], [26.6302,87.8664], [26.6787,85.6403], [26.6879,85.2149], [37.8144,81.7148], [52.733,70.1203], [26.2239,78.1761], [25.5969,78.4011], [36.6025,80.8325], [26.6923,85.014], [40.2747,90.933], [45.8599,91.7944], [38.9559,90.6686], [39.8899,90.8559], [31.9062,88.4465], [34.6426,88.1172], [45.2633,91.1033], [44.7923,90.85], [44.8353,91.167], [45.3008,91.0977], [47.6844,90.7428], [25.8985,89.1691], [26.9147,88.2539], [37.6526,81.6207], [26.7036,84.4936], [26.7594,81.9311], [45.5303,91.0635], [44.9459,91.1506], [54.2335,84.8517], [60.4207,80.6965], [42.9061,81.2432], [40.7734,83.4347], [44.4272,79.4289], [49.4871,90.4744], [45.2281,91.1085], [44.8653,90.0961], [45.7641,91.0287], [33.8479,88.2128], [44.911,91.1557], [51.4566,70.7509], [45.0658,91.1327], [46.5564,90.9108], [45.537,91.9882], [41.8044,91.2398], [47.5724,90.7664], [42.041,91.2872], [44.5816,91.7967], [50.1134,89.0396], [50.364,88.7391], [43.4303,91.5658], [40.6747,91.0132], [41.0295,91.0844], [50.4191,88.673], [51.4502,86.7209], [26.6255,88.0851], [26.7194,88.2147], [17.2043,92.5069], [26.6278,87.9768], [26.6375,87.5335], [41.5278,91.1843], [26.6231,88.1954], [26.1239,89.142], [17.0425,92.325], [10.5233,88.7942], [25.0911,88.9681], [25.431,89.0527], [25.318,89.0246], [28.5071,88.8554], [27.7631,88.9449], [27.1784,89.0152], [25.8985,89.1691], [28.5917,88.8452], [10.6721,86.2815], [10.6636,86.4247], [10.7679,84.6642], [10.7586,84.8209], [10.5877,87.7063], [10.5505,88.3348], [8.68167,71.7855], [9.62692,80.3052], [10.2814,86.2041], [8.80193,72.8693], [10.2639,86.0464], [16.9438,92.2141], [10.2328,85.7665], [10.243,85.8579], [10.1563,85.0765], [10.7335,85.2445], [10.855,83.1938], [11.1326,78.505], [10.5323,88.643], [10.7253,85.3838], [10.7418,85.1054], [10.4928,89.3088], [10.5035,89.1283], [10.9194,82.106], [10.2966,86.3415], [9.27368,77.1213], [8.78058,72.6769], [7.84295,64.2261], [10.3765,87.0614], [10.3458,86.7843], [8.88764,73.6419], [8.91611,73.8985], [8.72551,72.1806], [21.7026,79.7983], [10.3551,86.8687], [11.0646,79.6534], [11.0839,79.3277], [11.2642,76.2813], [11.0606,79.7219], [11.0793,79.4061], [10.874,82.8731], [10.482,89.4919], [10.75,84.9659], [10.817,83.8344], [16.8747,91.4541], [11.0886,79.2487], [26.6099,71.8141], [11.3831,74.2734], [11.3557,74.735], [11.2439,76.6243], [26.0123,72.691], [24.7728,77.4352], [14.5797,69.1627], [13.7573,72.8117], [11.3897,74.1607], [22.3394,79.5696], [8.19294,67.3807], [10.8166,59.4917], [19.4459,70.1311], [8.64007,63.2897], [7.88549,64.6096], [7.92607,64.9754], [22.1737,79.6291], [10.6713,60.9035], [8.859,73.3838], [8.35516,63.6244], [14.2385,58.4223], [8.85019,46.5502], [14.1739,69.6523], [8.82359,46.8139], [11.3968,74.042], [19.168,58.2274], [13.7803,72.984], [8.13597,66.8673], [7.96826,65.3557], [8.53783,70.489], [8.30404,68.382], [21.7346,79.7867], [8.25615,67.9505], [21.4501,61.4203], [20.6397,70.3725], [28.9238,69.6058], [26.2588,72.1492], [32.925,65.7869], [35.3968,63.4273], [28.6573,69.8601], [26.8107,71.6225], [32.9528,65.7603], [36.7925,81.1742], [26.4629,71.9544], [11.0699,79.5638], [8.61466,71.1816], [7.84295,64.2261], [8.74226,72.3316], [11.4028,73.9404], [8.82359,46.8139], [10.1113,46.6062], [8.82359,46.8139], [10.7004,85.8032], [8.87325,73.5122], [10.7437,90.3701], [10.5407,88.5008], [16.7799,91.6857], [10.4598,89.8657], [10.4703,89.6887], [11.052,79.8672], [18.1016,58.651], [24.9847,76.6242], [37.6235,78.4903], [28.7087,69.811], [25.547,74.472], [29.6941,68.8705], [27.3097,71.1462], [24.0452,77.4591], [22.6984,77.5034], [26.8383,78.3095], [38.2975,81.9956], [26.7309,83.2422], [23.9845,78.9795], [33.2993,77.9978], [30.5847,75.6682], [33.8426,78.464], [26.8319,78.6019], [22.2089,79.6165], [20.3816,66.064], [18.1016,58.651], [28.8714,69.6558], [28.977,69.5549], [9.21656,46.7505], [8.82359,46.8139], [9.04139,46.7788], [14.5302,58.4396], [8.87769,46.2775], [10.5693,46.5323], [9.41252,46.7189], [11.9484,48.4743], [11.4574,53.2476], [13.7147,47.0539], [18.6552,43.0812], [19.0402,37.8051], [10.576,35.8459], [19.9709,41.1383], [12.2547,48.228], [13.3939,47.3119], [20.0307,41.3524], [11.9484,48.4743], [11.8079,49.84], [11.9119,48.8291], [20.0164,41.3013], [13.5533,36.3587], [24.1278,55.9768], [10.576,35.8459], [9.82816,36.8567], [10.0333,34.8239], [9.51687,39.9417], [10.8836,26.3957], [8.82359,46.8139], [10.1663,33.5054], [10.9774,25.4669], [8.82359,46.8139], [11.92,16.1202], [13.0571,15.9499], [11.8589,16.7259], [11.672,18.5785], [10.5056,30.1423], [10.5439,29.7628], [10.7415,35.8744], [11.4935,36.0039], [10.576,35.8459], [17.1599,37.1883], [14.4405,45.9078], [14.6012,45.8819], [11.9484,48.4743], [11.0146,25.0974], [12.5081,