{
  "instance_index": 0,
  "birth_iter": 11,
  "death_iter": 20,
  "survival_iters": 9,
  "censored": false,
  "pre_vnd_coords": [[80,20], [63.9693,14.3914], [89.9425,8.98672], [89.9425,8.98672], [101.248,9.05808], [101.248,9.05808], [101.248,9.05808], [89.9425,8.98672], [83.4796,29.1654], [83.4796,29.1654], [83.4796,29.1654], [83.4796,29.1654], [76.4021,45.6525], [87.5949,49.3547], [88.817,59.3156], [69.6503,64.9945], [76.4021,45.6525], [76.4021,45.6525], [70.2622,44.1301], [70.2622,44.1301], [70.2622,44.1301], [70.2622,44.1301], [70.2622,44.1301], [59.137,44.8884], [76.4021,45.6525], [56.4966,35.8374], [56.4966,35.8374], [70.2622,44.1301], [56.4966,35.8374], [51.8636,30.1351], [53.5834,49.8978], [64.3872,40.844], [52.6238,41.8465], [53.5834,49.8978], [56.4966,35.8374], [46.266,28.0813], [56.4966,35.8374], [59.137,44.8884], [51.8636,30.1351], [56.4966,35.8374], [51.6475,18.8291], [56.4966,35.8374], [62.6238,24.3833], [62.6238,24.3833], [43.123,38.6667], [52.6238,41.8465], [40.1834,24.9713], [57.1015,22.3448], [40.1834,24.9713], [45.4822,13.3416], [35.4213,14.1077], [37.6887,45.1993], [35.0778,21.2936], [46.266,28.0813], [46.266,28.0813], [35.0778,21.2936], [35.0778,21.2936], [16.1608,26.7772], [28.7367,46.0053], [35.0778,21.2936], [30.2985,27.721], [32.3307,34.6793], [19.9032,34.4466], [19.9032,34.4466], [35.4499,38.153], [40.1834,24.9713], [32.3307,34.6793], [30.2985,27.721], [35.4213,14.1077], [32.3307,34.6793], [26.3377,28.895], [31.2975,16.9699], [18.3899,46.3862], [20.4467,17.0986], [26.3377,28.895], [16.1608,26.7772], [30.2985,27.721], [47.3765,39.6288], [39.2749,32.7137], [40.6094,41.5807], [40.6094,41.5807], [40.6094,41.5807], [47.3765,39.6288], [51.3604,42.7044], [58.4509,48.0887], [47.3765,39.6288], [40.6094,41.5807], [47.3765,39.6288], [58.4509,48.0887], [53.2142,30.6047], [51.3604,42.7044], [58.4509,48.0887], [58.4509,48.0887], [45.4956,50.7606], [65.623,54.2128], [56.277,58.4164], [65.623,54.2128], [65.623,54.2128], [58.4509,48.0887], [65.623,54.2128], [65.623,54.2128], [51.3604,42.7044], [51.3604,42.7044], [58.4509,48.0887], [53.2142,30.6047], [53.2142,30.6047], [51.3604,42.7044], [53.2142,30.6047], [53.2142,30.6047], [53.2142,30.6047], [53.2142,30.6047], [90.1133,45.7426], [58.4509,48.0887], [73.6303,52.3358], [65.623,54.2128], [65.623,54.2128], [65.623,54.2128], [73.6303,52.3358], [73.6303,52.3358], [56.277,58.4164], [73.6303,52.3358], [58.5204,66.0911], [82.3505,70.9374], [79.5224,49.9087], [62.7915,65.7497], [75.1548,61.9567], [65.9161,68.515], [61.3159,82.049], [72.7436,76.1924], [58.5204,66.0911], [65.623,54.2128], [67.0482,59.6663], [56.277,58.4164], [58.5204,66.0911], [62.7915,65.7497], [45.4956,50.7606], [58.5204,66.0911], [58.4509,48.0887], [67.0482,59.6663], [75.1548,61.9567], [58.5204,66.0911], [58.5204,66.0911], [62.7915,65.7497], [47.3856,75.3661], [58.5204,66.0911], [65.9161,68.515], [56.277,58.4164], [62.7915,65.7497], [58.5204,66.0911], [58.5204,66.0911], [47.3856,75.3661], [65.9161,68.515], [44.1752,58.7555], [72.043,74.2467], [58.5204,66.0911], [58.5204,66.0911], [56.277,58.4164], [61.3159,82.049], [58.5204,66.0911], [72.043,74.2467], [75.1548,61.9567], [61.3159,82.049], [72.7436,76.1924], [61.3159,82.049], [61.3159,82.049], [72.7436,76.1924], [61.3159,82.049], [69.1262,82.113], [61.3159,82.049], [72.043,74.2467], [81.59,80.6683], [73.1791,90.4931], [81.59,80.6683], [73.1791,90.4931], [81.59,80.6683], [73.1791,90.4931], [66.3868,89.8042], [91.5117,91.765], [73.1791,90.4931], [88.7649,77.1849], [91.5117,91.765], [82.3505,70.9374], [82.3505,70.9374], [72.043,74.2467], [81.59,80.6683], [72.043,74.2467], [82.3505,70.9374], [72.043,74.2467], [85.2952,57.0337], [90.1133,45.7426], [85.2952,57.0337], [85.2952,57.0337], [93.0084,54.6606], [85.2952,57.0337], [85.2952,57.0337], [73.6303,52.3358], [75.1548,61.9567], [79.5224,49.9087], [79.5224,49.9087], [79.5224,49.9087], [93.0084,54.6606], [75.1548,61.9567], [79.5224,49.9087], [85.2952,57.0337], [90.1133,45.7426], [93.0084,54.6606], [88.7649,77.1849], [88.7649,77.1849], [91.5117,91.765], [91.5117,91.765], [83.7433,98.3522], [83.7433,98.3522], [78.9912,101.131], [78.9912,101.131], [83.7433,98.3522], [83.7433,98.3522], [83.7433,98.3522], [73.3888,87.8386], [73.3888,87.8386], [61.4474,90.5119], [73.3888,87.8386], [78.9912,101.131], [73.3888,87.8386], [73.3888,87.8386], [73.3888,87.8386], [49.2646,97.8759], [73.3888,87.8386], [64.1825,82.3088], [56.5034,98.5632], [73.3888,87.8386], [64.1825,82.3088], [51.6331,75.0224], [48.8456,73.2471], [56.5034,98.5632], [64.1825,82.3088], [48.8456,73.2471], [51.6331,75.0224], [47.6684,84.8594], [48.8456,73.2471], [56.5034,98.5632], [61.4474,90.5119], [61.4474,90.5119], [51.6697,106.377], [56.5034,98.5632], [73.3888,87.8386], [61.4474,90.5119], [73.3888,87.8386], [57.8696,75.1842], [56.5034,98.5632], [73.3888,87.8386], [61.4474,90.5119], [51.6697,106.377], [73.3888,87.8386], [73.3888,87.8386], [73.3888,87.8386], [56.5034,98.5632], [73.3888,87.8386], [73.3888,87.8386], [56.5034,98.5632], [73.3888,87.8386], [42.2753,97.7264], [48.4694,88.2733], [51.6697,106.377], [56.397,86.9356], [42.0549,107.046], [56.5034,98.5632], [51.6331,75.0224], [61.4474,90.5119], [42.2753,97.7264], [59.3969,83.2455], [49.2646,97.8759], [59.3969,83.2455], [50.5952,92.7877], [43.7271,85.4055], [43.7271,85.4055], [48.4694,88.2733], [47.6684,84.8594], [38.6536,94.975], [42.2753,97.7264], [43.7271,85.4055], [19.055,90.684], [37.6205,90.2384], [19.055,90.684], [19.055,90.684], [38.9707,100.418], [40.9302,87.0167], [39.9535,80.7459], [33.1677,80.673], [36.3446,68.9947], [40.9302,87.0167], [40.9302,87.0167], [37.6205,90.2384], [38.7603,89.09], [33.1677,80.673], [47.6684,84.8594], [40.5485,93.4225], [33.2053,71.1475], [31.5082,86.2142], [47.6684,84.8594], [23.1402,70.6869], [31.5082,86.2142], [28.105,73.74], [28.105,73.74], [35.8951,94.6876], [37.6205,90.2384], [26.9463,91.4999], [33.1677,80.673], [43.7271,85.4055], [26.9463,91.4999], [33.2053,71.1475], [24.6614,73.6047], [22.6154,81.1644], [31.5082,86.2142], [33.1677,80.673], [28.105,73.74], [26.9463,91.4999], [38.7603,89.09], [40.5485,93.4225], [40.9302,87.0167], [43.7271,85.4055], [48.4694,88.2733], [48.8456,73.2471], [47.6684,84.8594], [33.1677,80.673], [57.8696,75.1842], [47.6684,84.8594], [48.8456,73.2471], [48.4694,88.2733], [57.1332,73.1383], [40.9302,87.0167], [42.2753,97.7264], [47.6684,84.8594], [43.7271,85.4055], [59.3969,83.2455], [31.5082,86.2142], [47.6684,84.8594], [43.7271,85.4055], [51.6331,75.0224], [47.6684,84.8594], [48.8456,73.2471], [47.6684,84.8594], [50.5952,92.7877], [57.8696,75.1842], [51.6331,75.0224], [40.2876,65.3221], [59.3969,83.2455], [59.3969,83.2455], [50.5952,92.7877], [51.6331,75.0224], [48.8456,73.2471], [59.3969,83.2455], [47.6684,84.8594], [48.4694,88.2733], [48.8456,73.2471], [40.0345,72.9787], [37.6205,90.2384], [48.8456,73.2471], [51.6331,75.0224], [40.0345,72.9787], [47.6684,84.8594], [47.6684,84.8594], [46.5822,71.3591], [40.0345,72.9787], [40.9302,87.0167], [40.2876,65.3221], [40.0345,72.9787], [36.9936,57.9938], [36.9936,57.9938], [40.0345,72.9787], [40.2876,65.3221], [36.9936,57.9938], [49.596,57.9932], [48.8456,73.2471], [57.1332,73.1383], [46.5822,71.3591], [49.596,57.9932], [49.596,57.9932], [49.596,57.9932], [30.9617,57.2471], [49.596,57.9932], [49.596,57.9932], [46.5822,71.3591], [49.596,57.9932], [44.3608,53.8921], [49.596,57.9932], [46.5822,71.3591], [46.5822,71.3591], [48.8456,73.2471], [59.3969,83.2455], [57.1332,73.1383], [49.596,57.9932], [44.1752,58.7555], [38.6444,57.3453], [45.4956,50.7606], [44.1752,58.7555], [44.1752,58.7555], [25.515,61.9306], [37.3155,63.3884], [38.1618,68.8127], [26.6628,58.2709], [37.3155,63.3884], [28.522,69.2221], [28.522,69.2221], [38.1618,68.8127], [38.1618,68.8127], [21.3972,74.1626], [13.8512,81.0609], [13.8512,81.0609], [28.522,69.2221], [28.522,69.2221], [25.3806,78.0722], [25.3806,78.0722], [26.4733,90.6529], [34.0497,96.4637], [35.018,70.7083], [33.4419,64.5331], [38.1618,68.8127], [33.4419,64.5331], [38.1618,68.8127], [37.3155,