{
  "instance_index": 0,
  "birth_iter": 32,
  "death_iter": 50,
  "survival_iters": 18,
  "censored": false,
  "pre_vnd_coords": [[80,20], [92.3716,20.4511], [84.6342,8.53043], [84.6342,8.53043], [84.6342,8.53043], [84.6342,8.53043], [92.3716,20.4511], [86.8137,33.8183], [92.3716,20.4511], [83.3742,31.9095], [82.7333,35.0791], [83.7514,47.8618], [85.0036,52.3962], [84.9565,82.672], [83.3333,46.3478], [85.5979,83.9566], [84.6072,82.4863], [73.7765,75.2523], [72.7466,74.4198], [76.3162,77.3052], [86.0103,83.5325], [83.9024,82.1116], [83.7462,85.861], [84.3651,85.2245], [80.9688,80.5514], [81.6797,87.9855], [80.9409,87.9889], [77.4118,87.9148], [78.7138,87.9422], [75.5208,87.8752], [75.5208,87.8752], [75.2088,87.8105], [73.097,86.9183], [75.1017,87.7883], [75.5208,87.8752], [73.7841,87.5151], [82.4483,81.3382], [74.8979,87.746], [74.6006,75.9184], [75.1676,76.3767], [84.9781,84.5941], [75.7297,76.8311], [73.3789,87.3129], [73.1917,87.0508], [67.5197,93.2962], [67.1021,89.9523], [55.2403,99.5696], [67.5197,93.2962], [66.6216,84.1566], [67.1021,89.9523], [67.5197,93.2962], [67.5197,93.2962], [71.026,79.2003], [70.158,62.3615], [61.612,56.4153], [41.6831,17.7518], [23.528,17.7315], [13.3081,16.8468], [12.5634,22.8819], [12.3454,27.9373], [16.0065,15.7272], [12.4896,24.5955], [12.8385,16.4844], [12.8071,17.2198], [22.7238,17.517], [23.2706,17.6628], [36.4256,21.6876], [38.0507,20.471], [23.6723,17.77], [23.0115,17.5937], [35.503,22.3782], [21.751,17.2576], [23.6723,17.77], [21.322,19.009], [34.6432,23.0219], [37.8131,30.2369], [36.2415,26.8566], [33.8396,23.6235], [40.67,18.5101], [36.9825,28.0973], [39.5055,19.3819], [35.9698,26.7898], [33.7591,24.3416], [35.695,26.7221], [36.5282,26.9272], [35.4124,26.6525], [38.1708,31.1583], [47.0779,32.8205], [47.0779,32.8205], [39.2448,32.068], [26.2757,15.024], [26.2757,15.024], [44.7047,36.6266], [39.2448,32.068], [39.2448,32.068], [47.0779,32.8205], [11.9126,51.0756], [60.0889,54.379], [56.9166,61.776], [32.2603,39.4331], [34.1866,35.0211], [43.5374,55.9414], [40.1191,37.0156], [34.1866,35.0211], [40.1191,37.0156], [39.2448,32.068], [39.2448,32.068], [39.2448,32.068], [34.1866,35.0211], [12.0666,34.7227], [12.136,33.0347], [35.1137,26.579], [11.8106,48.8657], [11.8857,50.494], [12.0939,34.0591], [11.9896,36.596], [11.884,50.4578], [11.96,37.3176], [11.6385,45.1406], [34.028,24.7858], [12.0541,35.0273], [34.76,25.9947], [19.4124,16.6344], [12.1082,33.7112], [22.4682,18.4048], [12.8224,16.862], [12.2825,29.4688], [12.3272,28.382], [12.2575,30.0774], [23.6723,17.77], [12.3074,28.8635], [3.13445,61.0154], [6.32133,62.3876], [6.32133,62.3876], [14.384,64.8172], [12.6769,78.8287], [13.5259,66.4832], [13.1948,67.126], [13.3071,66.908], [12.3957,76.9154], [47.0664,93.9311], [47.0664,93.9311], [47.0664,93.9311], [55.2403,99.5696], [47.0664,93.9311], [53.8702,92.532], [55.2403,99.5696], [47.0664,93.9311], [61.376,87.2873], [55.2403,99.5696], [55.2403,99.5696], [47.0664,93.9311], [57.5157,85.0302], [57.5157,85.0302], [76.4401,98.847], [53.8702,92.532], [57.5157,85.0302], [52.2824,84.5787], [53.8702,92.532], [53.8702,92.532], [61.376,87.2873], [53.8702,92.532], [52.2824,84.5787], [67.5197,93.2962], [67.1021,89.9523], [66.6216,84.1566], [53.8702,92.532], [53.8702,92.532], [53.8702,92.532], [53.8702,92.532], [55.2403,99.5696], [61.376,87.2873], [47.0664,93.9311], [67.5197,93.2962], [53.8702,92.532], [53.8702,92.532], [55.2403,99.5696], [55.2403,99.5696], [55.2403,99.5696], [22.3969,86.4351], [27.7917,90.6973], [12.1974,87.1299], [16.6521,100.507], [25.3322,94.6089], [14.4429,95.0682], [25.3322,94.6089], [25.3322,94.6089], [25.3322,94.6089], [22.3969,86.4351], [22.3969,86.4351], [12.8396,80.3429], [12.1828,76.862], [12.531,77.4707], [13.1513,83.2451], [13.0255,82.0742], [12.4417,86.1349], [12.7856,84.7343], [11.9926,87.964], [11.9926,87.964], [11.6029,87.6317], [10.8895,87.0234], [9.89497,86.1755], [11.9926,87.964], [9.20627,85.5882], [8.47409,84.964], [12.2604,86.8731], [11.9926,87.964], [12.2814,76.8867], [11.9926,87.964], [12.5727,85.6015], [4.79338,92.2667], [0.441617,92.4673], [6.28457,98.8984], [0.441617,92.4673], [4.79338,92.2667], [4.79338,92.2667], [6.28457,98.8984], [4.79338,92.2667], [4.79338,92.2667], [4.79338,92.2667], [4.79338,92.2667], [25.3322,94.6089], [4.79338,92.2667], [6.28457,98.8984], [25.3322,94.6089], [10.7437,99.8671], [6.28457,98.8984], [12.0543,87.7126], [12.3812,86.3811], [4.79338,92.2667], [9.11214,87.507], [6.28457,98.8984], [4.79338,92.2667], [12.2284,76.8735], [13.0788,83.5402], [23.8797,90.3109], [24.5955,90.3816], [22.6278,90.1873], [24.8751,90.4092], [25.6805,90.4888], [25.9416,90.5145], [24.2718,90.3496], [29.9722,90.9126], [13.0155,83.7978], [11.9926,87.964], [11.9926,87.964], [21.8358,90.1091], [43.3959,89.5959], [23.4838,90.2718], [41.3422,88.6915], [41.236,88.5925], [40.8777,88.2586], [24.0987,90.3325], [41.2892,88.6421], [41.5599,88.8944], [24.4635,90.3686], [33.6613,91.2769], [41.7905,89.1093], [22.8421,90.2084], [25.5592,90.4768], [41.1816,88.5418], [29.4012,90.8562], [41.7905,89.1093], [41.7905,89.1093], [41.7905,89.1093], [41.123,88.4871], [41.7905,89.1093], [41.7905,89.1093], [41.5041,88.8424], [32.817,80.742], [49.1645,79.5936], [41.7905,89.1093], [38.4894,86.0317], [37.4035,85.019], [42.3586,89.2815], [53.4994,83.6588], [40.6437,88.0405], [51.389,82.7191], [39.0235,86.53], [32.4607,85.3828], [39.2099,81.1423], [34.6899,79.4598], [22.3969,86.4351], [27.5119,83.9105], [34.6899,79.4598], [27.5119,83.9105], [31.5187,77.0043], [27.5119,83.9105], [27.2391,97.5991], [32.0722,91.0395], [34.0258,85.0769], [39.2099,81.1423], [34.0258,85.0769], [34.3495,72.9956], [44.0294,76.1308], [34.3495,72.9956], [27.4291,67.8096], [27.5119,83.9105], [27.5119,83.9105], [23.6549,71.2411], [27.5119,83.9105], [34.6899,79.4598], [36.2753,74.0127], [34.6899,79.4598], [23.6549,71.2411], [27.4291,67.8096], [23.6549,71.2411], [27.5119,83.9105], [31.5187,77.0043], [32.4607,85.3828], [11.9623,82.3772], [27.5119,83.9105], [18.3902,79.2546], [27.5119,83.9105], [11.9623,82.3772], [17.8283,71.6198], [27.5119,83.9105], [17.8283,71.6198], [17.8283,71.6198], [26.9524,64.3326], [31.6784,62.3815], [27.5827,70.2424], [26.6628,64.0758], [14.1416,65.2879], [35.7145,63.9843], [26.5488,65.2961], [26.7167,63.4978], [13.8394,60.6908], [32.6307,49.8077], [32.6716,62.7758], [14.447,61.2968], [26.82,62.3921], [26.6354,64.369], [31.8979,49.3957], [26.7434,63.2116], [26.6641,66.5863], [33.6761,63.1748], [15.6026,62.4494], [13.5306,60.3828], [26.1669,46.1729], [11.9267,51.382], [11.6924,46.3083], [28.3859,47.4208], [24.4473,45.2059], [26.9947,60.5208], [32.046,49.4789], [15.6026,62.4494], [15.0206,61.8689], [28.6982,47.5964], [25.3048,45.6882], [24.6831,45.3385], [21.7582,42.8367], [21.8096,43.1428], [21.917,43.783], [21.7167,42.5894], [40.6247,37.4818], [21.7438,42.7511], [28.2507,47.3448], [21.784,42.9905], [31.6372,49.249], [35.7146,63.9843], [31.3628,49.0948], [26.9616,60.8755], [35.7146,63.9843], [44.0294,76.1308], [46.7546,73.8512], [36.2753,74.0127], [34.3495,72.9956], [43.6033,68.3588], [34.3495,72.9956], [34.3495,72.9956], [32.4607,85.3828], [26.9524,64.3326], [34.3495,72.9956], [39.2099,81.1423], [42.319,64.9258], [39.698,51.9924], [40.0856,60.9353], [50.8404,57.8345], [39.698,51.9924], [43.5374,55.9414], [46.35,60.1616], [39.698,51.9924], [49.448,65.7082], [56.9166,61.776], [56.9166,61.776], [39.698,51.9924], [42.319,64.9258], [31.5187,77.0043], [52.0571,67.2087], [52.0571,67.2087], [46.35,60.1616], [56.9166,61.776], [49.448,65.7082], [56.6115,65.6915], [31.5187,77.0043], [56.6115,65.6915], [48.8446,87.979], [49.384,75.5381], [48.8446,87.979], [42.298,72.8076], [63.3257,75.1339], [49.384,75.5381], [43.6033,68.3588], [42.319,64.9258], [43.5374,55.9414], [48.1009,81.4876], [44.0294,76.1308], [50.2252,81.084], [40.2318,87.6565], [50.3632,91.708], [49.5455,80.1289], [30.6011,61.9536], [37.7332,51.268], [35.7145,63.9843], [35.7146,63.9843], [27.747,70.8961], [26.7951,62.6587], [35.7146,63.9843], [35.7146,63.9843], [38.4786,