{
  "instance_index": 0,
  "birth_iter": 3,
  "death_iter": 10,
  "survival_iters": 7,
  "censored": false,
  "pre_vnd_coords": [[80,20], [56.281,19.9413], [56.281,19.9413], [56.281,19.9413], [68.9687,32.6498], [56.281,19.9413], [56.281,19.9413], [56.281,19.9413], [62.4356,29.2174], [67.4333,37.442], [60.9711,31.6054], [73.0327,57.7059], [79.1735,52.3447], [73.0327,57.7059], [73.0013,45.9113], [63.0018,53.1791], [73.0327,57.7059], [29.7056,74.8505], [37.8807,61.2815], [37.8807,61.2815], [37.8807,61.2815], [39.0842,76.8356], [25.3362,81.3324], [38.626,66.0482], [38.626,66.0482], [37.8807,61.2815], [39.0842,76.8356], [39.0842,76.8356], [37.8807,61.2815], [38.626,66.0482], [30.311,69.4628], [39.0842,76.8356], [23.9026,76.1632], [29.7056,74.8505], [22.8767,62.9434], [22.8767,62.9434], [25.3362,81.3324], [25.3362,81.3324], [30.311,69.4628], [25.5779,71.6579], [38.626,66.0482], [23.9026,76.1632], [25.3362,81.3324], [29.7056,74.8505], [12.663,81.6032], [30.311,69.4628], [22.8767,62.9434], [25.5779,71.6579], [30.311,69.4628], [22.1549,85.4781], [23.9026,76.1632], [25.5779,71.6579], [25.3362,81.3324], [22.0276,88.3035], [23.9026,76.1632], [25.3362,81.3324], [1.72164,87.5757], [25.3362,81.3324], [22.1549,85.4781], [16.7786,92.4077], [8.7589,89.1602], [18.6904,87.3134], [20.6483,104.249], [23.4506,93.2069], [16.8732,73.0317], [25.3362,81.3324], [22.1549,85.4781], [25.3362,81.3324], [18.6904,87.3134], [29.7056,74.8505], [23.9026,76.1632], [29.7056,74.8505], [39.0842,76.8356], [29.7056,74.8505], [25.3362,81.3324], [39.0842,76.8356], [39.0842,76.8356], [29.7056,74.8505], [39.0842,76.8356], [27.8694,101.771], [26.6508,93.0153], [23.1971,90.0107], [19.5655,88.1778], [26.2011,94.4609], [26.2011,94.4609], [9.45913,81.1757], [20.4074,91.5984], [2.97835,80.0064], [5.30925,97.5148], [17.6104,95.3005], [17.6104,95.3005], [11.7301,89.3143], [20.4074,91.5984], [11.7301,89.3143], [9.45913,81.1757], [9.45913,81.1757], [14.5841,98.8816], [9.45913,81.1757], [26.9363,89.5416], [7.36684,86.4522], [11.1449,78.3892], [26.9363,89.5416], [11.1449,78.3892], [19.5655,88.1778], [-0.574351,87.9316], [7.36684,86.4522], [8.24961,74.7413], [9.45913,81.1757], [-0.574351,87.9316], [-0.574351,87.9316], [8.24961,74.7413], [-0.574351,87.9316], [7.36684,86.4522], [11.1449,78.3892], [17.738,78.7855], [11.7301,89.3143], [17.738,78.7855], [8.24961,74.7413], [8.24961,74.7413], [4.91843,71.9753], [4.91843,71.9753], [17.738,78.7855], [21.9333,73.4394], [0.250357,67.6082], [11.1449,78.3892], [17.738,78.7855], [23.8247,70.5403], [12.9613,72.4365], [21.9333,73.4394], [30.2156,64.3954], [21.9333,73.4394], [23.8247,70.5403], [26.0371,71.8568], [21.9333,73.4394], [21.9333,73.4394], [21.9333,73.4394], [21.9333,73.4394], [11.1449,78.3892], [23.5042,65.2006], [23.5042,65.2006], [8.24961,74.7413], [21.9333,73.4394], [21.9333,73.4394], [21.9333,73.4394], [17.738,78.7855], [26.9363,89.5416], [17.6104,95.3005], [26.9363,89.5416], [8.24961,74.7413], [26.2011,94.4609], [38.626,66.0482], [30.311,69.4628], [29.7056,74.8505], [22.0276,88.3035], [25.5779,71.6579], [25.5779,71.6579], [3.40399,71.1161], [3.40399,71.1161], [11.9284,69.3483], [0.680564,67.5113], [22.8767,62.9434], [1.72669,75.958], [11.9284,69.3483], [-5.13568,60.4162], [22.8767,62.9434], [19.1559,69.7625], [5.33984,73.4293], [30.311,69.4628], [25.5779,71.6579], [22.8767,62.9434], [22.8767,62.9434], [11.9284,69.3483], [11.9284,69.3483], [5.33984,73.4293], [0.680564,67.5113], [-5.13568,60.4162], [-5.13568,60.4162], [1.72669,75.958], [11.9284,69.3483], [11.9284,69.3483], [1.72669,75.958], [1.72164,87.5757], [0.680564,67.5113], [1.72669,75.958], [1.72669,75.958], [1.72164,87.5757], [11.9284,69.3483], [11.9284,69.3483], [1.72669,75.958], [11.9284,69.3483], [1.72669,75.958], [3.40399,71.1161], [2.98269,83.6059], [0.680564,67.5113], [1.72669,75.958], [1.72164,87.5757], [2.98269,83.6059], [5.33984,73.4293], [1.72669,75.958], [1.72669,75.958], [1.72164,87.5757], [8.7589,89.1602], [8.7589,89.1602], [8.7589,89.1602], [8.7589,89.1602], [8.7589,89.1602], [8.7589,89.1602], [8.7589,89.1602], [8.7589,89.1602], [8.7589,89.1602], [8.7589,89.1602], [8.7589,89.1602], [1.72669,75.958], [8.7589,89.1602], [1.72164,87.5757], [1.72164,87.5757], [8.7589,89.1602], [27.8694,101.771], [20.2491,99.4106], [1.72164,87.5757], [23.4506,93.2069], [1.72164,87.5757], [27.8694,101.771], [1.72164,87.5757], [8.7589,89.1602], [8.7589,89.1602], [22.0276,88.3035], [5.33984,73.4293], [2.98269,83.6059], [8.7589,89.1602], [8.7589,89.1602], [8.7589,89.1602], [5.33984,73.4293], [8.7589,89.1602], [1.72164,87.5757], [2.98269,83.6059], [8.7589,89.1602], [5.33984,73.4293], [2.98269,83.6059], [3.40399,71.1161], [8.7589,89.1602], [1.72669,75.958], [1.72164,87.5757], [3.40399,71.1161], [19.1559,69.7625], [11.9284,69.3483], [11.9284,69.3483], [1.72164,87.5757], [23.4506,93.2069], [8.7589,89.1602], [1.72164,87.5757], [2.98269,83.6059], [2.98269,83.6059], [5.33984,73.4293], [8.7589,89.1602], [8.7589,89.1602], [19.1559,69.7625], [27.8694,101.771], [26.6508,93.0153], [8.7589,89.1602], [8.7589,89.1602], [27.8694,101.771], [18.5544,109.285], [27.8694,101.771], [20.2491,99.4106], [27.8694,101.771], [27.8694,101.771], [27.8694,101.771], [20.6483,104.249], [26.6508,93.0153], [18.5544,109.285], [23.4506,93.2069], [27.8694,101.771], [20.2491,99.4106], [27.8694,101.771], [20.2491,99.4106], [27.8694,101.771], [23.4506,93.2069], [27.8694,101.771], [20.2491,99.4106], [20.6483,104.249], [27.8694,101.771], [26.6508,93.0153], [26.6508,93.0153], [27.8694,101.771], [30.2156,64.3954], [30.2156,64.3954], [30.2156,64.3954], [39.5583,64.8699], [39.5583,64.8699], [30.2156,64.3954], [30.2156,64.3954], [39.5583,64.8699], [39.5583,64.8699], [39.5583,64.8699], [39.5583,64.8699], [39.5583,64.8699], [26.0371,71.8568], [38.5092,76.0477], [38.5092,76.0477], [53.6258,65.9466], [40.1658,89.451], [48.9699,63.4414], [55.2644,76.723], [55.2644,76.723], [54.5588,80.2767], [49.2732,83.6778], [54.5588,80.2767], [49.2732,83.6778], [47.0894,73.3109], [54.5588,80.2767], [57.655,84.793], [49.2732,83.6778], [69.6294,77.1095], [54.5588,80.2767], [54.5588,80.2767], [54.5588,80.2767], [49.2732,83.6778], [49.2732,83.6778], [69.6294,77.1095], [58.948,78.0442], [55.2644,76.723], [54.5588,80.2767], [54.5588,80.2767], [61.7621,66.5563], [55.2644,76.723], [55.2644,76.723], [55.2644,76.723], [43.0668,61.4777], [70.5453,78.2929], [54.5588,80.2767], [54.5588,80.2767], [61.7621,66.5563], [40.3397,69.7851], [50.8641,62.224], [31.4783,71.5267], [47.0894,73.3109], [53.6258,65.9466], [31.4783,71.5267], [53.6258,65.9466], [39.5583,64.8699], [31.4783,71.5267], [53.6258,65.9466], [43.0668,61.4777], [55.9531,50.8577], [43.9241,62.4898], [31.4783,71.5267], [47.5875,46.3998], [46.1393,54.0237], [49.7318,59.0696], [43.0668,61.4777], [50.8641,62.224], [49.7318,59.0696], [50.8641,62.224], [64.6852,57.3447], [45.6239,44.2245], [56.4062,45.9739], [55.9531,50.8577], [47.5875,46.3998], [47.5875,46.3998], [58.1863,36.1527], [58.1863,36.1527], [58.1863,36.1527], [56.4062,45.9739], [47.5875,46.3998], [68.9687,32.6498], [47.5875,46.3998], [56.4062,45.9739], [47.5875,46.3998], [43.0668,61.4777], [55.9531,50.8577], [55.9531,50.8577], [46.7044,68.008], [53.6258,65.9466], [64.6852,57.3447], [71.5023,56.8871], [64.6852,57.3447], [61.7621,66.5563], [43.0668,61.4777], [50.8641,62.224], [55.9531,50.8577], [53.6258,65.9466], [49.7318,59.0696], [64.6852,57.3447], [49.7318,59.0696], [43.0668,61.4777], [50.8641,62.224], [43.0668,61.4777], [43.0668,61.4777], [31.4783,71.5267], [55.2644,76.723], [54.5588,80.2767], [64.6852,57.3447], [64.6852,57.3447], [55.9531,50.8577], [55.4866,59.1969], [50.8641,62.224], [47.0894,73.3109], [61.7621,66.5563], [61.7621,66.5563], [64.6852,57.3447], [49.7318,59.0696], [66.0989,67.5989], [58.948,78.0442], [55.4866,59.1969], [70.9158,61.4626], [76.663,67.176], [58.948,78.0442], [49.7318,59.0696], [55.2644,76.723], [61.7621,66.5563], [58.948,78.0442], [55.2644,76.723], [69.6294,77.1095], [69.6294,77.1095], [66.0989,67.5989], [55.2644,76.723], [57.655,84.793], [69.6294,