{
  "instance_index": 0,
  "birth_iter": 28,
  "death_iter": 30,
  "survival_iters": 2,
  "censored": false,
  "pre_vnd_coords": [[80,20], [86.1467,17.477], [85.947,17.559], [85.2926,17.8276], [85.614,18.9691], [84.7253,21.4587], [84.5908,18.1157], [81.5498,28.9314], [80.1672,31.5949], [78.8951,34.0456], [83.1766,25.7974], [75.5404,40.5084], [75.4123,40.3982], [75.2912,40.2939], [75.1595,40.1806], [75.0355,40.0738], [74.9047,39.9612], [74.7756,39.8501], [74.6353,39.7293], [74.5059,39.6179], [26.3638,18.8166], [28.3806,19.3791], [27.4181,19.1107], [30.7884,22.3348], [29.4653,19.6816], [31.4895,21.7158], [31.7031,21.5271], [31.9209,21.3349], [32.1235,21.156], [32.2155,21.0747], [31.2654,21.9137], [32.3292,20.9743], [32.4317,20.8838], [32.5361,20.7916], [32.6486,20.6923], [32.7544,20.5989], [31.9546,20.3759], [31.0391,22.1135], [31.1609,20.1545], [22.926,17.8578], [29.7143,23.2833], [30.2189,22.8377], [21.5979,17.4874], [33.5798,32.311], [30.4688,22.6171], [29.4692,23.4997], [25.3425,18.5318], [27.1178,25.576], [29.2731,31.3484], [21.7872,17.5402], [28.1367,24.6763], [22.3445,17.6957], [22.5291,17.7472], [22.1677,17.6464], [26.9863,27.9086], [13.7137,29.0912], [18.0102,12.9429], [13.7137,29.0912], [18.0102,12.9429], [15.8014,11.8639], [2.88185,8.55536], [18.0102,12.9429], [15.8014,11.8639], [18.0102,12.9429], [12.6667,16.2095], [18.8955,16.7338], [12.6678,16.1927], [12.6838,15.9469], [27.7389,29.0407], [28.8446,30.7039], [39.5026,26.1811], [58.866,34.9851], [58.2101,49.5501], [58.6773,35.2699], [57.8233,43.8028], [60.0729,33.3583], [57.0816,44.4414], [58.4877,35.5563], [58.2869,35.8595], [57.9413,36.8599], [57.2389,38.8932], [59.0392,34.7234], [39.6903,39.8018], [34.4027,52.4962], [34.834,52.7408], [48.7812,67.6517], [27.1213,50.7776], [34.834,52.7408], [32.3239,45.2747], [27.1213,50.7776], [34.834,52.7408], [36.3036,48.7364], [31.8107,38.9704], [32.3239,45.2747], [27.1213,50.7776], [30.1102,43.349], [30.1102,43.349], [30.1102,43.349], [44.1251,40.5625], [32.3239,45.2747], [35.7099,32.2337], [31.8107,38.9704], [35.7099,32.2337], [30.1102,43.349], [35.7099,32.2337], [35.7099,32.2337], [35.7099,32.2337], [35.7099,32.2337], [31.8107,38.9704], [34.834,52.7408], [31.8107,38.9704], [31.8107,38.9704], [31.8107,38.9704], [30.1102,43.349], [31.8107,38.9704], [34.5061,54.5476], [25.5993,61.7706], [19.2999,54.5858], [17.5349,52.9756], [21.8077,57.0086], [21.5475,56.6818], [21.6916,56.8628], [21.7594,56.9479], [21.7242,56.9038], [27.3241,63.9368], [20.8999,56.0456], [25.9521,62.2136], [23.5837,59.2391], [21.21,56.3286], [21.7411,56.9249], [21.7908,56.9874], [31.3364,32.7517], [20.0197,55.2425], [21.7077,56.883], [21.4155,56.5161], [21.3182,56.4273], [20.7831,55.939], [21.6758,56.8429], [30.1102,43.349], [35.1989,66.6389], [35.1989,66.6389], [32.4716,81.9619], [17.7885,71.8829], [16.4379,69.776], [16.4379,69.776], [16.4379,69.776], [16.4379,69.776], [17.7885,71.8829], [14.3806,73.3448], [14.3806,73.3448], [14.3806,73.3448], [14.3806,73.3448], [11.6056,74.6468], [13.4212,82.1784], [11.7291,87.7561], [10.746,87.0247], [10.746,87.0247], [10.746,87.0247], [19.7184,91.2847], [15.9392,81.7928], [10.746,87.0247], [10.746,87.0247], [11.0536,80.9231], [10.746,87.0247], [10.746,87.0247], [15.9392,81.7928], [15.9392,81.7928], [13.4963,82.6808], [13.4963,82.6808], [10.7946,90.4403], [13.4963,82.6808], [10.746,87.0247], [19.7184,91.2847], [3.78126,91.6692], [0.476061,105.003], [10.746,87.0247], [3.78126,91.6692], [3.78126,91.6692], [10.746,87.0247], [10.746,87.0247], [10.746,87.0247], [10.746,87.0247], [10.746,87.0247], [10.746,87.0247], [10.746,87.0247], [10.746,87.0247], [10.746,87.0247], [11.0536,80.9231], [11.0536,80.9231], [0.476061,105.003], [10.746,87.0247], [2.20475,94.4486], [2.20475,94.4486], [2.20475,94.4486], [10.746,87.0247], [10.746,87.0247], [3.78126,91.6692], [10.746,87.0247], [3.78126,91.6692], [3.78126,91.6692], [3.78126,91.6692], [10.746,87.0247], [10.746,87.0247], [3.78126,91.6692], [11.7207,87.7801], [10.7971,90.4324], [11.7365,87.7347], [10.7971,90.4324], [10.7971,90.4324], [11.9599,87.0932], [12.1794,86.4628], [12.4396,85.7156], [11.7512,87.6924], [10.7971,90.4324], [10.7971,90.4324], [10.7971,90.4324], [10.7971,90.4324], [10.7971,90.4324], [10.7971,90.4324], [10.7971,90.4324], [10.7971,90.4324], [10.7971,90.4324], [10.7971,90.4324], [29.2769,91.3417], [32.7862,89.8414], [29.6611,91.1775], [23.6007,75.1195], [22.5618,75.5294], [52.7636,70.9099], [62.3402,66.6628], [56.2318,73.379], [56.2318,73.379], [56.2318,73.379], [71.7327,64.5791], [62.5784,64.925], [47.019,56.8275], [48.3489,56.1874], [46.3626,57.1435], [46.7094,56.9766], [47.3143,56.6854], [47.6376,56.5298], [47.9823,56.3639], [63.2389,64.9], [62.0059,64.0931], [62.0059,64.0931], [69.2115,64.5758], [69.2115,64.5758], [75.8053,62.6858], [69.2115,64.5758], [69.2115,64.5758], [69.2115,64.5758], [69.2115,64.5758], [62.0059,64.0931], [62.3402,66.6628], [88.4023,75.6765], [88.4023,75.6765], [88.4023,75.6765], [82.5549,60.5888], [82.5549,60.5888], [82.5549,60.5888], [69.2115,64.5758], [69.2115,64.5758], [69.2115,64.5758], [75.8053,62.6858], [75.8053,62.6858], [82.5549,60.5888], [82.5549,60.5888], [82.5549,60.5888], [82.5549,60.5888], [82.5549,60.5888], [82.5549,60.5888], [82.5549,60.5888], [82.5549,60.5888], [82.5549,60.5888], [87.655,66.5162], [88.4023,75.6765], [88.4023,75.6765], [88.4023,75.6765], [88.4023,75.6765], [88.4023,75.6765], [85.0817,81.8023], [82.546,85.6792], [80.7466,88.4306], [84.2397,83.0896], [79.8137,88.4162], [79.2629,88.4078], [78.7536,88.3999], [78.2947,88.3929], [77.798,88.3852], [77.1668,88.3755], [76.6105,88.367], [76.1795,88.3603], [75.6959,88.3529], [75.1501,88.3445], [80.2817,88.4234], [74.6097,88.3362], [71.1893,84.9787], [64.9798,84.8567], [65.8273,83.8682], [70.2887,82.6878], [70.0985,82.2038], [69.9028,81.7061], [69.7158,81.2303], [71.3323,85.3425], [69.3127,80.8764], [69.0635,81.0463], [68.8634,81.1829], [68.6797,81.3082], [68.4833,81.4421], [68.2938,81.5713], [67.8351,81.8842], [67.6426,82.0155], [67.4721,82.1318], [62.0059,64.0931], [66.8988,76.6682], [65.1562,89.8548], [65.1562,89.8548], [65.1562,89.8548], [65.1562,89.8548], [65.1562,89.8548], [65.1562,89.8548], [65.1562,89.8548], [65.1562,89.8548], [65.1562,89.8548], [65.1562,89.8548], [66.2506,83.9973], [66.2506,83.9973], [66.2506,83.9973], [66.6565,79.5535], [66.6565,79.5535], [65.1562,89.8548], [65.1562,89.8548], [65.1562,89.8548], [62.8377,64.9152], [63.0305,64.9079], [58.2101,49.5501], [56.9499,50.8835], [56.2607,45.1481], [56.7558,40.2918], [58.2541,43.8283], [56.7558,40.2918], [55.1022,46.1454], [57.873,43.76], [58.2541,43.8284], [58.2169,48.6504], [56.1504,51.7295], [57.6637,50.1282], [58.2541,43.8282], [58.1704,43.504], [58.2101,49.5501], [58.2445,43.6946], [58.2413,43.6504], [58.2394,43.625], [58.2373,43.5956], [58.2355,43.5701], [58.2337,43.5458], [58.2316,43.5163], [58.2294,43.4862], [58.2508,43.7821], [58.2272,43.4551], [57.9282,43.7124], [58.1143,43.5522], [58.2476,43.7387], [58.0483,43.6091], [57.6126,37.8115], [57.9883,43.6607], [75.932,39.754], [75.6739,40.2512], [75.8068,39.9952], [75.5404,40.5084], [71.5826,37.1013], [74.3626,39.4946], [66.9657,30.897], [60.9624,13.501], [48.8703,16.7862], [66.9657,30.897], [48.8703,16.7862], [66.9657,30.897], [66.9657,30.897], [51.4777,21.9504], [29.9559,23.07], [34.4875,32.1327], [31.6687,32.6864], [33.9918,32.2301], [31.9982,32.6217], [32.7665,32.4708], [28.4253,30.0732], [32.3285,32.5568], [30.9948,32.8188], [33.2028,32.3851], [30.3366,32.9481], [30.6596,32.8846], [18.6072,53.9539], [18.2251,53.6052], [16.9197,52.4142], [10.3831,61.6002], [8.91139,58.9958], [21.1013,56.2294], [16.7103,52.141], [26.9372,64.3723], [12.0693,44.6333], [11.1872,38.9393], [11.8666,43.3235], [8.67249,58.573], [11.9483,43.8509], [12.0115,44.2595], [14.5276,49.2912], [15.2899,50.2865], [11.3015,39.676], [34.0624,45.7352], [11.1872,38.9393], [11.1872,38.9393], [11.1872,38.9393], [11.1872,38.9393], [11.1872,38.9393], [11.2442,38.0627], [12.3542,46.4539], [12.3539,46.4538], [12.3537,