{
  "instance_index": 0,
  "birth_iter": 1,
  "death_iter": 30,
  "survival_iters": 29,
  "censored": false,
  "pre_vnd_coords": [[80,20], [85.0887,9.04816], [65.1296,26.2634], [62.1966,18.9153], [67.9592,5.84474], [67.9592,5.84474], [41.8814,6.18738], [36.9035,10.733], [43.0985,23.3454], [41.8814,6.18738], [36.9035,10.733], [43.868,28.4662], [38.551,24.2158], [43.0985,23.3454], [43.868,28.4662], [36.9035,10.733], [43.868,28.4662], [36.9035,10.733], [36.9035,10.733], [36.9035,10.733], [38.551,24.2158], [36.9035,10.733], [29.5612,26.2108], [27.9647,19.821], [29.5612,26.2108], [28.5089,34.0568], [27.7514,50.9309], [26.2648,44.388], [28.5089,34.0568], [31.6593,59.724], [44.5104,65.4779], [55.9551,61.5478], [67.9719,55.7973], [62.1418,60.7416], [67.9719,55.7973], [62.1418,60.7416], [51.9368,66.6692], [46.6386,70.5887], [43.3428,83.7191], [29.0997,97.4899], [29.0997,97.4899], [35.1054,65.8264], [58.6415,56.5633], [54.2239,78.1686], [35.1054,65.8264], [67.5369,71.6586], [65.3243,54.4644], [67.5369,71.6586], [56.4996,63.7788], [60.5007,55.9291], [58.6415,56.5633], [72.7124,50.007], [67.5369,71.6586], [74.7235,55.7605], [65.3243,54.4644], [78.9001,52.3213], [72.7124,50.007], [75.6752,65.2015], [75.6752,65.2015], [82.5843,57.6297], [74.7235,55.7605], [85.5564,68.5628], [73.9959,69.3552], [65.3243,54.4644], [80.1357,75.7303], [75.6752,65.2015], [75.6752,65.2015], [67.5369,71.6586], [73.9959,69.3552], [67.5369,71.6586], [68.7835,80.2988], [75.6752,65.2015], [75.1608,81.7364], [73.9959,69.3552], [75.1608,81.7364], [67.5369,71.6586], [67.5369,71.6586], [67.5369,71.6586], [67.5369,71.6586], [67.5369,71.6586], [74.6027,85.5372], [58.373,80.8226], [67.5369,71.6586], [67.5369,71.6586], [56.4996,63.7788], [67.5369,71.6586], [75.1608,81.7364], [65.3243,54.4644], [67.5369,71.6586], [67.5369,71.6586], [58.3887,77.1233], [55.7058,85.6411], [54.2239,78.1686], [67.5369,71.6586], [67.5369,71.6586], [58.3887,77.1233], [55.7058,85.6411], [67.5369,71.6586], [75.1608,81.7364], [67.5369,71.6586], [75.1608,81.7364], [68.7835,80.2988], [73.9959,69.3552], [61.9582,89.5643], [75.1608,81.7364], [58.373,80.8226], [58.373,80.8226], [67.5369,71.6586], [61.9582,89.5643], [61.9582,89.5643], [61.9582,89.5643], [43.3428,83.7191], [68.7835,80.2988], [67.5369,71.6586], [67.5369,71.6586], [61.9582,89.5643], [68.7835,80.2988], [55.7058,85.6411], [67.5369,71.6586], [61.9582,89.5643], [61.9582,89.5643], [43.3428,83.7191], [61.9582,89.5643], [58.7124,96.544], [53.1011,91.6885], [55.7058,85.6411], [39.6666,88.4577], [39.6666,88.4577], [58.373,80.8226], [43.3428,83.7191], [43.364,90.068], [37.2839,75.5336], [43.3428,83.7191], [35.422,80.5046], [58.373,80.8226], [43.3428,83.7191], [54.2239,78.1686], [61.9582,89.5643], [43.3428,83.7191], [48.1012,84.5014], [43.3428,83.7191], [56.4996,63.7788], [35.1054,65.8264], [48.1012,84.5014], [37.2839,75.5336], [28.758,70.4058], [28.758,70.4058], [28.758,70.4058], [16.9035,59.5902], [16.9035,59.5902], [35.1054,65.8264], [11.347,64.2195], [20.5752,72.2956], [9.73604,75.0393], [21.6263,65.8849], [23.1168,79.8412], [11.247,66.7686], [19.8141,81.8576], [35.1054,65.8264], [35.1054,65.8264], [27.7824,84.3881], [30.6216,77.3698], [21.6263,65.8849], [35.1054,65.8264], [37.2839,75.5336], [28.758,70.4058], [35.1054,65.8264], [43.3428,83.7191], [27.7824,84.3881], [37.2839,75.5336], [43.364,90.068], [37.2839,75.5336], [23.1168,79.8412], [35.422,80.5046], [30.6216,77.3698], [29.0997,97.4899], [23.1168,79.8412], [23.1168,79.8412], [23.1168,79.8412], [12.31,78.8915], [23.1168,79.8412], [14.9924,60.0982], [27.7824,84.3881], [35.1054,65.8264], [21.6263,65.8849], [23.1168,79.8412], [23.1168,79.8412], [21.6263,65.8849], [10.2037,88.0698], [28.758,70.4058], [21.6263,65.8849], [11.247,66.7686], [18.665,69.2932], [16.3712,73.9275], [20.5752,72.2956], [21.6263,65.8849], [12.31,78.8915], [23.1168,79.8412], [18.7607,86.3811], [19.8141,81.8576], [17.6575,99.1995], [29.0997,97.4899], [27.7824,84.3881], [19.8141,81.8576], [23.1168,79.8412], [10.2037,88.0698], [19.8141,81.8576], [9.73604,75.0393], [23.1168,79.8412], [5.93346,88.823], [13.1577,82.2293], [26.3186,93.5296], [4.26176,99.6729], [20.5752,72.2956], [12.31,78.8915], [9.73604,75.0393], [5.93346,88.823], [19.8141,81.8576], [13.1577,82.2293], [18.7607,86.3811], [18.7607,86.3811], [18.7607,86.3811], [10.2037,88.0698], [26.3186,93.5296], [29.0997,97.4899], [28.3141,98.9131], [36.2937,97.9245], [28.3141,98.9131], [12.5015,103.239], [18.5433,97.2222], [25.6521,87.174], [18.5433,97.2222], [28.3141,98.9131], [12.5015,103.239], [18.5433,97.2222], [1.89354,91.7642], [12.5015,103.239], [18.5433,97.2222], [28.3141,98.9131], [18.5433,97.2222], [25.6521,87.174], [29.0961,87.3525], [25.6521,87.174], [25.6521,87.174], [36.2937,97.9245], [28.3141,98.9131], [22.0425,85.1205], [22.0425,85.1205], [22.0425,85.1205], [27.8952,84.7082], [10.0216,81.6547], [28.3141,98.9131], [25.6521,87.174], [15.6919,70.3754], [4.69464,81.7559], [22.0425,85.1205], [19.1546,90.0134], [19.1546,90.0134], [8.8011,78.3676], [19.1546,90.0134], [22.0425,85.1205], [28.3141,98.9131], [3.32309,91.7727], [18.5433,97.2222], [18.5433,97.2222], [1.89354,91.7642], [3.05684,84.7624], [17.0718,94.314], [17.0718,94.314], [12.5015,103.239], [10.0216,81.6547], [17.0718,94.314], [4.69464,81.7559], [19.1546,90.0134], [8.8011,78.3676], [3.05684,84.7624], [4.69464,81.7559], [3.05684,84.7624], [1.89354,91.7642], [8.8011,78.3676], [-1.05819,85.7008], [1.89354,91.7642], [3.05684,84.7624], [3.05684,84.7624], [4.90461,70.8546], [3.05684,84.7624], [1.89354,91.7642], [4.90461,70.8546], [3.05684,84.7624], [-1.05819,85.7008], [19.1546,90.0134], [3.05684,84.7624], [3.05684,84.7624], [17.0718,94.314], [-1.05819,85.7008], [3.05684,84.7624], [1.89354,91.7642], [1.89354,91.7642], [4.69464,81.7559], [1.89354,91.7642], [3.05684,84.7624], [1.89354,91.7642], [12.5015,103.239], [1.89354,91.7642], [17.0718,94.314], [-1.05819,85.7008], [4.69464,81.7559], [4.69464,81.7559], [4.90461,70.8546], [10.5563,73.516], [10.0216,81.6547], [4.69464,81.7559], [4.69464,81.7559], [4.90461,70.8546], [10.0216,81.6547], [21.2971,82.2167], [4.90461,70.8546], [10.0216,81.6547], [3.05684,84.7624], [-1.05819,85.7008], [3.32309,91.7727], [8.8011,78.3676], [1.89354,91.7642], [-0.994027,70.3728], [13.4709,68.9216], [21.2971,82.2167], [22.0425,85.1205], [8.8011,78.3676], [10.5563,73.516], [15.945,63.8807], [13.4709,68.9216], [15.4884,73.4328], [17.0718,94.314], [3.05684,84.7624], [27.8952,84.7082], [1.89354,91.7642], [9.33827,69.4876], [10.0216,81.6547], [-1.05819,85.7008], [8.8011,78.3676], [4.90461,70.8546], [4.90461,70.8546], [13.4709,68.9216], [4.90461,70.8546], [8.8011,78.3676], [9.33827,69.4876], [8.8011,78.3676], [7.11426,62.9619], [15.6919,70.3754], [8.59861,56.9647], [4.90461,70.8546], [4.69464,81.7559], [15.6919,70.3754], [4.90461,70.8546], [10.5563,73.516], [4.90461,70.8546], [19.1234,64.7113], [8.59861,56.9647], [4.4557,66.8315], [0.382336,63.4037], [4.90461,70.8546], [-0.994027,70.3728], [-3.69517,53.5281], [4.69464,81.7559], [9.33827,69.4876], [4.90461,70.8546], [0.382336,63.4037], [13.4709,68.9216], [-0.994027,70.3728], [0.382336,63.4037], [-0.994027,70.3728], [-1.05819,85.7008], [1.89354,91.7642], [4.90461,70.8546], [0.382336,63.4037], [10.5563,73.516], [9.33827,69.4876], [9.33827,69.4876], [4.90461,70.8546], [9.33827,69.4876], [10.5563,73.516], [-3.69517,53.5281], [10.7705,50.5726], [19.1234,64.7113], [9.33827,69.4876], [9.33827,69.4876], [9.33827,69.4876], [9.33827,69.4876], [3.05684,84.7624], [19.1234,64.7113], [9.33827,69.4876], [13.4709,68.9216], [8.8011,78.3676], [19.1234,64.7113], [19.1234,64.7113], [27.8952,84.7082], [19.1234,64.7113], [36.2987,84.2854], [22.0425,85.1205], [36.2987,84.2854], [15.4884,73.4328], [22.0425,85.1205], [10.5563,73.516], [27.8952,84.7082], [29.8535,84.6039], [15.4884,73.4328], [29.8535,84.6039], [19.1546,90.0134], [28.592,93.7179], [22.0425,85.1205], [22.0425,85.1205], [27.8952,84.7082], [22.0425,85.1205], [27.8952,84.7082], [25.6521,87.174], [27.8952,84.7082], [44.4931,89.8989], [44.4931,