{
  "instance_index": 0,
  "birth_iter": 49,
  "death_iter": 60,
  "survival_iters": 11,
  "censored": false,
  "pre_vnd_coords": [[80,20], [85.8026,20.2111], [86.1704,18.1429], [86.0451,18.8472], [86.2684,17.5916], [85.3827,22.5731], [83.6121,32.5306], [58.5581,45.2547], [83.8489,31.1987], [84.5223,27.4119], [84.1065,29.7499], [76.175,52.9839], [76.524,52.7053], [81.2284,45.9361], [81.7243,43.1474], [79.2174,50.5555], [82.2076,40.4296], [78.8153,50.8765], [75.3568,54.8163], [75.1962,54.299], [80.3809,49.6268], [79.4816,50.3446], [66.6022,56.6528], [75.4349,57.5017], [81.3393,54.3307], [82.1903,54.8719], [81.7546,54.5948], [54.2712,41.4149], [54.0762,41.1322], [51.2875,37.0877], [51.1183,36.8423], [50.1529,36.3252], [53.7114,40.6031], [36.73,24.3162], [41.7658,29.6287], [52.9645,39.5199], [43.949,31.9317], [51.7475,37.7549], [51.5845,37.5184], [50.299,36.4034], [37.4891,25.117], [31.684,18.9929], [11.3246,27.683], [32.0555,33.4397], [30.2821,31.9705], [34.1206,35.1507], [40.9069,50.572], [29.4161,30.8757], [28.9883,15.8212], [26.5985,45.486], [28.0362,45.2464], [31.8611,21.9627], [27.9948,45.2533], [30.8501,30.6096], [47.6222,38.1207], [28.9882,15.8212], [28.455,45.1763], [32.8189,30.2444], [32.0719,30.3829], [30.1608,28.1607], [12.9951,22.1683], [30.5129,26.8774], [14.4427,32.2156], [13.1027,24.9522], [12.8559,18.5696], [12.9355,20.6266], [13.2139,27.8288], [13.0368,23.2494], [12.8842,19.3006], [30.0524,28.5556], [13.0247,22.9364], [13.2902,15.1339], [13.2128,15.7463], [13.3644,14.5474], [12.8989,19.6806], [13.1127,25.2112], [12.8691,18.9107], [13.3259,14.8514], [13.2788,15.2245], [13.303,15.0326], [13.1354,16.3588], [13.3082,30.2658], [13.3514,14.65], [13.1402,25.9208], [13.3142,14.944], [12.955,21.1331], [13.0883,24.5798], [12.9188,20.1944], [14.9616,33.1071], [13.3374,14.7609], [13.0726,24.1739], [13.1776,26.888], [13.0509,23.6121], [13.0125,22.6201], [5.48856,39.8806], [13.096,24.7785], [5.28421,39.3455], [21.5133,44.3663], [13.1226,25.4671], [13.2608,29.0404], [11.0966,30.935], [9.27945,37.8757], [33.4884,20.8964], [33.927,21.3592], [30.7578,18.0158], [32.0078,19.3345], [32.7383,20.1051], [33.1387,20.5275], [38.5416,26.2274], [31.2543,18.5396], [30.9469,25.2951], [12.9735,21.6109], [28.9883,15.8212], [27.2125,15.6765], [32.4798,14.7825], [33.2388,14.5567], [30.1772,15.4675], [37.1837,29.4346], [30.4302,27.1786], [13.0648,23.9719], [32.6949,30.2674], [28.455,45.1763], [39.8896,52.4583], [28.0773,45.2395], [28.415,45.183], [28.455,45.1763], [34.7271,59.2417], [53.3548,42.2966], [28.2003,45.2189], [44.4104,44.0761], [28.1177,45.2327], [54.8313,42.4749], [39.279,53.3031], [28.3709,45.1904], [28.455,45.1763], [28.455,45.1763], [39.3415,53.3466], [39.375,53.3699], [53.3548,42.2966], [60.143,54.8423], [42.1619,48.2452], [43.5649,45.6437], [53.4744,42.311], [60.0256,54.9484], [60.2218,54.7711], [39.3578,53.3579], [51.4322,42.2549], [59.3511,50.5955], [55.5804,62.4984], [55.0578,42.5023], [58.7649,46.6483], [75.7183,55.9804], [58.71,56.137], [52.5372,43.4539], [58.816,46.9923], [58.6676,45.9925], [59.8717,55.0873], [54.0379,42.3791], [53.3548,42.2966], [58.9353,47.7964], [58.8704,47.3592], [54.5346,42.439], [52.5372,43.4539], [52.5372,43.4539], [47.6222,38.1207], [52.5372,43.4539], [53.5875,42.3247], [52.5372,43.4539], [47.6223,38.1207], [53.927,42.3657], [46.5552,40.0991], [52.5372,43.4539], [45.6369,33.7125], [49.6962,36.0805], [50.0042,36.2455], [45.8801,33.969], [49.8514,36.1636], [49.3863,35.9145], [45.3925,33.4546], [50.4719,36.4961], [70.1117,56.9901], [65.3768,56.5351], [47.8474,62.2239], [46.4405,61.4563], [74.7205,57.4331], [45.5359,60.9627], [74.3732,57.3997], [65.9388,56.5891], [77.5492,50.266], [69.5872,56.9397], [67.5915,56.7479], [57.8351,59.9436], [49.3282,67.113], [49.0938,62.5009], [48.5221,62.592], [50.5993,68.3431], [47.4873,65.3314], [45.9305,61.178], [60.2152,58.8679], [54.0703,71.7022], [62.7266,57.7329], [54.4198,72.1387], [61.4156,58.3254], [46.3384,67.7163], [63.0482,64.3186], [66.1223,66.7747], [75.0633,53.8711], [65.388,64.4388], [65.1412,64.4261], [76.8368,52.4556], [75.5412,55.4102], [76.9742,60.0244], [77.4091,51.9988], [76.0905,57.1788], [75.8095,53.2755], [66.2604,67.214], [78.0637,63.5325], [66.3332,67.4455], [80.9823,64.8988], [63.7753,64.3559], [66.3332,67.4455], [65.826,65.8322], [82.4756,65.0612], [86.6895,65.5195], [76.4671,58.3915], [78.4016,51.2066], [86.6895,65.5195], [77.8458,62.8309], [86.6895,65.5195], [86.6813,66.0226], [62.3089,64.2806], [75.455,53.5585], [77.8967,51.6097], [67.7111,78.8547], [69.8485,79.3732], [85.0327,83.057], [84.2822,82.8749], [75.2578,80.6856], [85.9989,83.2914], [82.8003,82.5154], [85.7387,83.5577], [83.5065,82.6867], [83.3017,86.052], [84.7404,84.5795], [81.2073,88.1959], [85.9989,83.2914], [75.6393,88.7256], [78.3634,81.439], [75.7396,80.8024], [77.2384,81.1661], [76.5434,88.6403], [68.1318,89.4338], [81.2024,88.2008], [81.2913,88.1099], [81.2049,88.1983], [58.2246,90.2406], [58.415,90.242], [77.4611,88.5538], [81.214,88.189], [81.2095,88.1935], [65.2174,89.7087], [72.7679,88.9965], [59.4811,90.2498], [76.7099,81.0379], [64.0139,78.651], [64.6509,75.5724], [64.8785,74.4724], [63.8059,79.6558], [65.4887,64.7589], [63.6313,82.0329], [65.9922,66.3608], [64.6101,82.848], [64.1764,77.8659], [63.5877,80.7102], [64.7597,75.0465], [46.3384,67.7163], [63.3605,81.8074], [66.3332,67.4455], [65.9155,66.1168], [63.3606,81.8075], [63.3605,81.8074], [48.3234,78.7433], [65.3004,72.4337], [48.3542,79.3229], [64.2979,77.2784], [63.3605,81.8074], [73.9625,88.0793], [70.2131,86.4235], [48.4508,81.1414], [48.3234,78.7433], [63.3606,81.8075], [63.3605,81.8074], [48.6134,84.2012], [48.3234,78.7433], [48.2028,78.0728], [64.3625,82.6418], [63.3605,81.8074], [43.5716,90.1673], [48.2627,78.4059], [64.5368,76.1239], [65.6528,65.2812], [65.7882,70.0777], [48.383,79.8653], [48.3234,78.7433], [63.3606,81.8075], [64.421,76.6836], [48.3234,78.7433], [56.7506,63.6616], [66.0543,66.5584], [66.1919,66.9961], [56.5707,63.4827], [48.3234,78.7433], [46.673,69.5755], [48.5398,82.8166], [63.3605,81.8074], [47.7287,80.8713], [57.6575,90.2364], [73.4974,88.9277], [54.2106,90.2112], [48.907,66.7053], [54.4688,90.2131], [50.2529,90.2473], [53.0861,90.203], [63.0516,89.913], [57.2829,90.2337], [74.3973,88.8428], [59.2924,90.2484], [56.3837,90.2271], [69.3339,89.3204], [78.9131,81.5723], [70.6673,89.1946], [71.4119,89.1244], [78.3355,88.4713], [81.2117,88.1913], [66.859,89.5538], [59.4811,90.2498], [58.9497,90.2459], [58.5982,90.2433], [72.0677,89.0625], [59.4811,90.2498], [65.0087,73.8429], [48.8379,90.238], [47.6496,90.222], [48.4,90.2321], [63.3605,81.8074], [48.9335,90.2393], [46.5644,90.2073], [47.0396,90.2137], [48.5001,82.0705], [48.3234,78.7433], [48.5458,90.2341], [47.3479,90.2179], [48.5963,90.2348], [45.0897,90.3249], [44.9662,90.9995], [46.3359,87.4196], [49.7651,90.3452], [45.2267,89.5759], [49.4126,67.1947], [45.1037,90.248], [39.1593,77.0593], [45.0775,90.3915], [50.3081,90.1827], [53.8555,61.7422], [45.0627,90.4722], [53.4665,90.2058], [48.9893,66.785], [48.5221,62.592], [45.2033,89.704], [51.6966,69.4051], [54.9939,90.2169], [48.8796,90.523], [48.6539,90.5683], [48.2292,90.6535], [51.5397,90.1917], [47.7287,80.8713], [49.4939,67.2733], [48.5221,62.592], [55.2334,90.2187], [52.6964,90.2001], [49.973,90.3035], [52.9556,61.8856], [56.496,60.5488], [48.8813,62.5348], [47.0624,84.0041], [49.1536,66.944], [48.1833,62.4072], [50.9135,62.211], [49.2417,62.4774], [47.4665,62.0161], [49.5764,67.3532], [36.7919,60.8685], [44.9703,66.7349], [45.8579,67.3716], [31.1911,79.9146], [40.618,63.613], [33.7204,57.792], [36.4625,60.609], [33.5329,58.3009], [39.2951,53.3143], [40.0245,63.1872], [35.7952,60.0832], [40.3269,63.4042], [36.677,60.778], [39.3269,53.3364], [41.7264,49.0526], [35.4528,59.8135], [56.3832,63.2963], [59.1976,64.1207], [40.9181,63.8282], [43.4716,65.6599], [39.3917,53.3815], [38.5957,62.1624], [45.4347,67.068], [41.2267,64.0496], [57.7422,64.046], [61.4504,64.2365], [59.9694,64.1604], [43.9784,66.0235], 