{
  "instance_index": 0,
  "birth_iter": 18,
  "death_iter": 50,
  "survival_iters": 32,
  "censored": false,
  "pre_vnd_coords": [[80,20], [64.5531,4.85977], [75.186,9.61515], [75.186,9.61515], [98.3115,3.11958], [98.3115,3.11958], [99.0088,27.3869], [99.0088,27.3869], [99.0088,27.3869], [86.1827,44.3532], [86.1827,44.3532], [86.1827,44.3532], [86.1827,44.3532], [76.7499,61.7992], [76.7499,61.7992], [76.7499,61.7992], [57.3262,70.4479], [73.7825,77.8173], [75.0811,78.0222], [61.9999,67.8884], [53.8205,83.1949], [64.902,76.4161], [75.0811,78.0222], [75.0811,78.0222], [63.1037,76.1324], [65.1352,76.4529], [74.5747,77.9423], [65.5844,76.5238], [65.7746,76.5538], [52.9102,82.403], [46.7454,79.8096], [66.2192,76.6239], [61.4057,72.8502], [61.166,74.2977], [62.0292,68.1922], [64.6743,76.3802], [62.1924,75.9886], [61.8275,75.931], [65.3746,76.4907], [63.9455,76.2652], [71.9736,77.5319], [72.6646,77.6409], [56.5287,70.9454], [64.4405,76.3433], [77.9327,88.1813], [60.3016,89.6237], [66.6885,76.698], [61.2873,73.5652], [48.8099,80.0762], [74.842,87.1238], [55.3019,84.4835], [46.9312,81.4604], [74.2788,86.0312], [48.8744,79.9842], [58.1826,86.9893], [61.6516,71.3657], [46.7767,79.9202], [61.0491,75.0037], [65.9765,76.5856], [48.6115,80.3593], [61.8275,70.3035], [48.5438,80.4559], [62.5445,76.0442], [54.3869,72.2812], [49.3497,79.3058], [45.0694,62.7587], [34.5695,68.0868], [47.5354,59.8675], [42.0099,60.6582], [60.6851,68.3529], [52.3106,73.855], [46.6627,79.5174], [45.817,63.272], [46.6951,79.6321], [35.0604,74.2148], [40.1523,59.383], [48.407,80.6512], [48.6782,80.2642], [48.3296,80.7617], [45.4128,83.3988], [45.4128,83.3988], [41.6812,84.5033], [45.4128,83.3988], [31.6698,93.7355], [53.3183,81.328], [57.2073,96.1288], [41.6812,84.5033], [37.2968,99.1214], [39.3574,68.6947], [37.2342,83.9983], [41.6812,84.5033], [53.3183,81.328], [45.4128,83.3988], [39.7457,80.231], [53.3183,81.328], [37.2342,83.9983], [45.4128,83.3988], [39.7457,80.231], [41.6812,84.5033], [53.3183,81.328], [55.1033,58.6331], [47.7966,75.0534], [48.8861,56.202], [48.8861,56.202], [76.7499,61.7992], [53.3183,81.328], [45.4128,83.3988], [55.9376,87.2766], [53.3183,81.328], [76.7499,61.7992], [76.1544,44.4543], [76.5964,44.4886], [59.016,45.0882], [58.4713,47.2013], [65.4865,43.6256], [59.5126,43.1614], [35.9397,24.5371], [31.1049,32.2623], [25.201,23.9067], [34.4644,32.7335], [33.8604,34.7989], [34.1376,33.851], [24.8307,24.1602], [25.0914,23.9817], [22.3793,25.839], [25.0201,24.0305], [24.7888,24.1889], [25.1286,23.9562], [29.6016,20.8932], [24.9471,24.0805], [25.2758,23.8554], [27.2879,44.2411], [23.5042,25.0686], [14.8458,19.7203], [25.3468,23.8069], [10.8777,16.1041], [10.9584,16.1748], [16.3488,21.3731], [17.0519,22.1464], [10.9202,16.1413], [22.9116,33.8436], [22.9116,33.8436], [31.1049,32.2623], [27.0936,34.051], [22.9116,33.8436], [18.1988,39.1589], [27.0936,34.051], [31.1049,32.2623], [44.1737,34.7623], [31.1049,32.2623], [44.1737,34.7623], [35.885,25.4575], [30.945,19.9733], [34.8219,17.3185], [24.873,24.1313], [36.3015,18.4504], [14.2206,19.0328], [28.1442,21.8912], [36.3739,17.233], [35.6614,16.7436], [25.0561,24.0058], [24.9834,24.0556], [36.1616,20.805], [33.9982,17.8825], [36.4345,16.2143], [14.2206,19.0328], [33.0116,18.5581], [10.8819,16.2921], [8.07923,18.3703], [8.07923,18.3703], [8.07923,18.3703], [8.07923,18.3703], [7.42488,11.8819], [8.07923,18.3703], [8.07923,18.3703], [7.42488,11.8819], [8.07923,18.3703], [4.41566,22.5287], [8.07923,18.3703], [8.07923,18.3703], [7.02385,31.638], [8.13481,26.2076], [7.42488,11.8819], [8.07923,18.3703], [4.41566,22.5287], [21.7384,20.0609], [8.13481,26.2076], [4.41566,22.5287], [14.7674,30.5184], [21.7384,20.0609], [22.1614,27.6196], [4.41566,22.5287], [7.42488,11.8819], [21.7384,20.0609], [8.13481,26.2076], [4.41566,22.5287], [7.02385,31.638], [7.02385,31.638], [10.4926,56.272], [18.1988,39.1589], [27.0936,34.051], [9.87849,49.1648], [20.9708,47.3753], [3.53868,41.614], [9.87849,49.1648], [8.13481,26.2076], [18.1988,39.1589], [18.1988,39.1589], [7.02385,31.638], [18.1988,39.1589], [7.02385,31.638], [7.02385,31.638], [9.87849,49.1648], [7.02385,31.638], [7.02385,31.638], [14.7674,30.5184], [3.53868,41.614], [7.02385,31.638], [29.5484,43.0782], [14.7674,30.5184], [22.9116,33.8436], [3.53868,41.614], [15.9,60.5991], [20.9708,47.3753], [18.1988,39.1589], [18.1988,39.1589], [23.054,50.6764], [18.1988,39.1589], [20.9708,47.3753], [23.054,50.6764], [20.9708,47.3753], [18.1988,39.1589], [29.5484,43.0782], [14.7674,30.5184], [15.9,60.5991], [15.9,60.5991], [28.5903,64.1283], [21.5113,69.2068], [23.054,50.6764], [15.9,60.5991], [30.8704,67.0554], [13.9982,52.5031], [36.0448,56.4444], [9.93731,62.9268], [7.21519,57.1637], [14.3061,52.7154], [27.2879,44.2411], [7.18687,56.2218], [12.6723,70.7658], [14.419,53.5174], [12.2426,71.6576], [13.5864,68.8691], [9.66049,77.0155], [12.5835,70.95], [14.4152,53.5193], [12.1084,62.3888], [12.715,70.6773], [14.0242,67.9607], [29.9088,66.8884], [14.4189,67.1415], [12.9903,70.106], [14.3874,53.3138], [34.7238,70.0126], [29.1644,78.2642], [13.9531,68.1083], [31.5766,67.178], [30.6333,67.0142], [14.6553,66.651], [34.7151,69.9041], [29.8086,66.871], [30.7504,67.0346], [30.5209,66.9947], [14.4406,53.5059], [31.113,67.0975], [29.5853,67.4784], [28.9748,48.6078], [31.0881,51.4624], [29.5605,68.1155], [29.1118,48.9623], [30.3059,66.9574], [31.9523,40.4692], [34.6789,69.4521], [37.5166,57.5735], [29.402,49.7135], [37.8192,57.7812], [28.8015,48.159], [39.6151,59.0142], [32.7771,38.5035], [31.6659,40.6998], [32.9147,53.3569], [41.0685,60.0119], [34.2165,54.7072], [48.0358,56.379], [48.6309,52.231], [48.3783,53.9918], [76.4257,44.4754], [61.2027,43.2927], [69.4482,91.3077], [78.7526,92.4018], [61.0395,89.5226], [60.5805,89.5855], [61.0873,89.5161], [60.526,89.593], [60.8439,89.5494], [60.6899,89.5705], [60.7452,89.5629], [60.4116,89.6086], [57.4056,86.3134], [60.9423,89.5359], [60.1307,89.6471], [55.9696,85.0643], [60.3543,89.6165], [60.8915,89.5429], [56.6528,85.6586], [49.1465,79.5959], [48.478,80.5499], [49.0743,79.6989], [45.4128,83.3988], [39.7457,80.231], [41.6812,84.5033], [45.4128,83.3988], [45.4128,83.3988], [57.2073,96.1288], [57.2073,96.1288], [50.1613,96.6236], [30.5138,93.1111], [34.6279,68.8159], [37.2278,57.3752], [34.5599,67.9671], [29.174,78.017], [34.6183,68.6962], [28.6787,90.6826], [27.5234,91.2504], [28.7717,88.3019], [23.3834,88.6743], [29.199,77.3755], [35.1223,74.9877], [34.9537,72.8827], [27.7549,91.3945], [23.8818,88.9845], [18.7659,83.7618], [28.8886,85.3127], [18.7709,83.786], [29.2395,76.3372], [13.0613,69.9587], [18.8624,84.2269], [29.4617,70.6468], [34.8033,71.0058], [29.3979,72.2806], [13.2128,69.6443], [26.7405,68.1454], [10.4926,56.272], [13.7734,52.8398], [24.9836,73.4215], [4.83463,70.1121], [4.83463,70.1121], [4.83463,70.1121], [15.356,70.1203], [-5.76411,76.2658], [3.35952,58.7128], [4.83463,70.1121], [15.356,70.1203], [24.9836,73.4215], [13.0264,74.5991], [22.3854,55.3396], [13.7734,52.8398], [21.7164,72.502], [8.66242,74.061], [3.35952,58.7128], [-5.76411,76.2658], [-5.76411,76.2658], [-5.76411,76.2658], [1.29624,73.5016], [3.35952,58.7128], [4.83463,70.1121], [3.35952,58.7128], [1.29624,73.5016], [1.29624,73.5016], [-1.77751,57.1155], [3.53868,41.614], [13.7734,52.8398], [2.94811,50.9638], [13.7734,52.8398], [13.7734,52.8398], [1.64958,43.3789], [2.94811,50.9638], [3.35952,58.7128], [1.64958,43.3789], [-1.77751,57.1155], [2.94811,50.9638], [2.94811,50.9638], [1.64958,43.3789], [10.4926,56.272], [10.4926,56.272], [2.94811,50.9638], [3.53868,41.614], [7.02385,31.638], [20.9708,47.3753], [13.7734,52.8398], [13.7734,52.8398], [9.87849,49.1648], [13.7734,52.8398], [9.87849,49.1648], [9.32293,39.4193], [20.9708,47.3753], [2.94811,50.9638], [3.53868,41.614], [27.0936,34.051], [3.35952,58.7128], [10.4926,56.272], [23.054,50.6764], [30.4711,50.8224], [40.5415,59.6502], [29.9238,50.2548], [29.2544,49.3315], [29.9712,42.0649], [31.0924,41.1618], [29.402,49.7135], [28.7083,43.0879], [31.6901,