{
  "instance_index": 0,
  "birth_iter": 20,
  "death_iter": 20,
  "survival_iters": 0,
  "censored": true,
  "pre_vnd_cost": 10510.7,
  "post_vnd_cost": 733.987,
  "pre_vnd_coords": [[80,20], [55.0585,26.3721], [56.2414,20.0345], [55.8772,21.9855], [56.3531,19.4361], [55.6316,23.3017], [64.6648,16.1598], [65.6417,15.7748], [36.2761,16.123], [36.8723,17.2168], [36.5568,16.638], [31.1095,16.1824], [17.4654,32.8262], [18.394,26.2403], [17.5458,16.3381], [21.3747,16.2942], [17.5458,16.3381], [19.5218,16.3154], [12.8499,15.1393], [12.6459,15.0873], [12.4992,16.455], [12.4313,17.0878], [11.7747,23.2066], [12.2529,18.7505], [18.064,26.174], [11.9175,21.876], [12.3422,17.9181], [12.5711,15.7847], [12.0275,20.8505], [12.1004,20.172], [10.9713,30.6944], [13.1934,15.227], [12.1779,19.449], [10.6027,34.1302], [11.5787,25.0339], [11.3098,27.5395], [13.3114,30.3038], [13.601,15.3311], [14.1474,29.5774], [13.3561,30.331], [13.5715,30.462], [11.3832,26.8555], [13.5691,30.4605], [10.472,35.3477], [9.70674,42.4798], [10.0427,39.3485], [11.6347,56.5739], [10.3791,36.2135], [9.18733,59.3639], [9.6458,43.0477], [9.44029,44.963], [9.54486,57.5714], [11.4246,56.6741], [9.54509,43.9863], [10.7012,57.0194], [8.96612,60.473], [7.86325,66.0024], [10.5216,57.1052], [12.9994,53.6263], [8.07736,64.9289], [9.88967,40.7749], [12.4559,56.1818], [12.0144,56.3926], [10.8073,45.8747], [16.0251,68.8978], [9.95186,57.3771], [8.94094,71.4961], [9.81767,41.446], [8.94094,71.4961], [9.3304,45.9872], [9.37436,58.4262], [8.94094,71.4961], [9.73709,57.4796], [8.94094,71.4961], [16.3424,68.9384], [7.86325,66.0024], [8.27204,63.9529], [15.6303,68.8471], [8.94094,71.4961], [7.86325,66.0024], [25.6353,70.1299], [8.74219,61.5956], [11.2378,56.7633], [8.94094,71.4961], [17.765,69.1208], [15.8189,68.8713], [8.94094,71.4961], [8.94094,71.4961], [8.94094,71.4961], [8.54416,62.5885], [7.86325,66.0024], [7.86325,66.0024], [12.8562,55.9908], [8.32583,68.3604], [12.7083,52.1677], [13.0486,55.8989], [8.3742,63.4407], [8.94094,71.4961], [11.8345,56.4785], [23.2458,69.8236], [12.719,69.947], [27.5755,56.7456], [13.196,69.7515], [13.4177,55.7227], [17.256,58.7817], [17.256,58.7817], [17.256,58.7817], [19.8291,76.8433], [16.9758,48.2998], [6.66316,44.7456], [16.9758,48.2998], [6.66316,44.7456], [-1.08827,74.0738], [17.256,58.7817], [21.3872,57.332], [15.8302,73.9521], [-1.70627,87.2653], [10.1062,76.3982], [3.4366,82.4236], [-1.08827,74.0738], [6.66316,44.7456], [3.4366,82.4236], [3.4366,82.4236], [-1.08827,74.0738], [14.8984,70.0126], [-1.08827,74.0738], [8.66568,79.1687], [10.1224,77.8934], [15.8302,73.9521], [-1.70627,87.2653], [-1.08827,74.0738], [3.4366,82.4236], [16.7933,83.9553], [17.256,58.7817], [10.1062,76.3982], [14.8984,70.0126], [15.8302,73.9521], [19.8291,76.8433], [15.8302,73.9521], [15.4819,56.4347], [14.8984,70.0126], [33.0411,63.2172], [19.8291,76.8433], [14.8984,70.0126], [20.3447,85.9337], [19.8291,76.8433], [29.0024,68.8355], [15.8302,73.9521], [23.9652,69.012], [29.0024,68.8355], [22.99,52.1924], [23.9652,69.012], [29.0295,78.628], [33.0411,63.2172], [33.1135,71.673], [15.8302,73.9521], [26.4351,61.2039], [19.8291,76.8433], [15.8302,73.9521], [8.66568,79.1687], [21.3872,57.332], [14.8984,70.0126], [23.9652,69.012], [29.0024,68.8355], [29.0295,78.628], [36.4917,82.886], [33.0411,63.2172], [36.4089,79.4143], [36.4089,79.4143], [27.6148,58.1307], [38.2681,81.4356], [23.1181,92.045], [35.3923,91.3563], [37.5585,81.8374], [28.4119,92.7615], [39.8619,80.5331], [37.5997,81.814], [39.3729,80.8099], [40.0204,80.4433], [28.9413,92.8332], [35.3838,91.5208], [37.8231,81.6875], [29.3911,92.8941], [36.7982,85.178], [37.122,83.7552], [38.6383,81.2259], [32.604,93.3289], [39.2204,80.8963], [33.5385,93.4554], [44.5901,77.8557], [35.3358,92.4418], [39.783,80.5777], [37.7533,81.727], [46.7609,76.6265], [30.4071,56.6386], [46.3809,65.4842], [30.795,56.0066], [41.404,62.2555], [31.6837,54.5584], [40.0648,61.3868], [38.8537,58.8219], [43.3365,63.5092], [44.6115,64.3363], [52.3332,75.684], [51.6946,75.4689], [48.3606,62.2559], [51.6947,75.4689], [42.0947,62.7036], [45.9292,65.1912], [43.6311,78.3988], [53.5247,83.6843], [52.1154,75.6106], [58.5098,78.8592], [53.0873,84.1076], [52.6623,84.5189], [49.6216,75.0067], [51.9034,75.5392], [45.9653,77.0771], [51.1187,75.3405], [49.6216,75.0067], [54.7314,82.5163], [48.0396,63.9754], [46.3877,76.8379], [45.3011,64.7837], [40.7495,61.8309], [39.3386,60.9156], [48.7235,60.3113], [54.3215,82.913], [37.6419,81.7901], [50.55,75.2137], [39.4663,80.7571], [48.0739,75.8831], [49.1428,88.9219], [47.6896,65.8506], [39.5496,80.7099], [47.5105,66.8101], [55.0212,82.2358], [39.6333,80.6625], [47.3916,67.4473], [37.6799,81.7686], [37.8636,81.6646], [57.5356,79.8021], [52.0793,85.0832], [58.1825,77.973], [55.645,76.7994], [50.0786,75.1086], [58.6413,78.3706], [58.4722,78.224], [56.1117,81.1803], [58.2805,78.0579], [57.8992,77.7275], [55.8011,81.4809], [58.0005,77.8153], [58.0893,77.8922], [47.8886,87.6065], [68.8486,68.2718], [72.4459,76.1417], [63.5349,65.7781], [72.4459,76.1417], [72.4459,76.1417], [65.0044,73.0757], [58.4076,100.804], [47.8886,87.6065], [58.1574,86.8625], [45.1487,93.2374], [47.8886,87.6065], [57.884,77.5325], [54.3006,88.2459], [50.631,95.0423], [47.8886,87.6065], [47.8886,87.6065], [54.3006,88.2459], [57.884,77.5325], [47.8886,87.6065], [47.8886,87.6065], [65.0044,73.0757], [58.1574,86.8625], [59.393,94.7464], [45.1487,93.2374], [58.1574,86.8625], [50.631,95.0423], [50.631,95.0423], [50.631,95.0423], [45.1487,93.2374], [54.3006,88.2459], [50.631,95.0423], [47.8886,87.6065], [50.631,95.0423], [47.8886,87.6065], [45.1487,93.2374], [47.8886,87.6065], [47.8886,87.6065], [47.8886,87.6065], [54.3006,88.2459], [50.631,95.0423], [45.1487,93.2374], [50.631,95.0423], [59.393,94.7464], [50.631,95.0423], [50.631,95.0423], [54.3006,88.2459], [47.8886,87.6065], [63.4869,101.255], [47.8886,87.6065], [50.631,95.0423], [58.1574,86.8625], [63.4869,101.255], [47.8886,87.6065], [33.6797,93.4745], [33.4702,93.4462], [35.808,89.5296], [35.3881,91.4384], [51.6946,75.4689], [39.0624,80.9857], [41.9337,79.3599], [57.8027,77.6439], [37.7906,81.7059], [73.1691,47.1575], [78.0206,39.9613], [67.185,49.8134], [70.8605,48.1821], [75.9503,45.0579], [75.5215,46.1135], [79.8479,35.4631], [75.7326,45.5936], [71.6803,47.8183], [77.5415,41.1407], [49.928,42.4044], [67.9983,49.4524], [55.745,22.6939], [52.987,37.4699], [68.9334,49.0374], [69.9256,48.597], [76.1847,44.4807], [42.7538,18.7918], [51.8788,48.2276], [51.8788,48.2276], [51.8788,48.2276], [54.4498,37.4735], [49.258,55.209], [51.8788,48.2276], [49.258,55.209], [42.0342,56.4712], [57.093,54.2664], [49.258,55.209], [38.3034,56.7691], [57.093,54.2664], [63.5349,65.7781], [59.2468,47.9874], [49.258,55.209], [57.093,54.2664], [63.5349,65.7781], [63.5349,65.7781], [42.0342,56.4712], [38.3034,56.7691], [40.7716,52.8189], [21.3872,57.332], [39.2086,62.4629], [26.4351,61.2039], [42.0342,56.4712], [49.258,55.209], [57.093,54.2664], [42.0342,56.4712], [49.258,55.209], [42.0342,56.4712], [40.7716,52.8189], [40.7716,52.8189], [39.4707,42.0566], [40.7716,52.8189], [39.4707,42.0566], [49.258,55.209], [33.2231,45.4221], [40.7716,52.8189], [51.8788,48.2276], [45.728,40.3997], [57.093,54.2664], [39.4707,42.0566], [51.8788,48.2276], [51.8788,48.2276], [51.8788,48.2276], [45.728,40.3997], [42.0342,56.4712], [49.258,55.209], [45.728,40.3997], [45.728,40.3997], [26.0183,45.32], [46.5462,32.7957], [39.4707,42.0566], [51.8788,48.2276], [29.8588,35.327], [34.043,29.2446], [19.7723,38.23], [19.7723,38.23], [39.4707,42.0566], [33.2231,45.4221], [29.6786,49.1406], [30.5244,56.0272], [29.8588,35.327], [25.0206,41.83], [25.0206,41.83], [40.7716,52.8189], [17.256,58.7817], [26.4351,61.2039], [38.3034,56.7691], [26.4351,61.2039], [29.8588,35.327], [26.0183,45.32], [33.0411,63.2172], [39.2086,62.4629], [30.5244,56.0272], [30.5244,56.0272], [40.7716,52.8189], [26.0183,45.32], [33.2231,45.4221], [33.2231,45.4221], [39.4707,42.0566], [30.4255,28.657], [16.7011,32.3621], 