{
  "instance_index": 0,
  "birth_iter": 19,
  "death_iter": 20,
  "survival_iters": 1,
  "censored": true,
  "pre_vnd_cost": 10901.8,
  "post_vnd_cost": 767.615,
  "pre_vnd_coords": [[80,20], [88.7011,11.0806], [88.7011,11.0806], [88.7011,11.0806], [65.0126,37.2123], [59.5245,28.5922], [46.601,37.0014], [59.8291,29.0706], [47.8345,38.4253], [60.9806,47.1683], [59.6294,28.7571], [59.7289,28.9133], [47.0734,37.5467], [60.1302,29.5435], [47.8345,38.4253], [54.4498,37.4735], [54.4498,37.4735], [54.4498,37.4735], [59.2468,47.9874], [51.8788,48.2276], [39.4707,42.0566], [51.8788,48.2276], [45.728,40.3997], [57.093,54.2664], [45.728,40.3997], [51.8788,48.2276], [51.8788,48.2276], [49.258,55.209], [57.093,54.2664], [49.258,55.209], [57.093,54.2664], [49.258,55.209], [57.093,54.2664], [49.2198,67.6876], [48.6855,67.7195], [36.6764,47.7481], [43.5709,54.4371], [41.9171,60.5176], [42.6288,54.9275], [39.6683,47.0638], [47.5412,38.0867], [46.7749,37.2021], [67.3186,40.8341], [47.3923,37.9148], [39.6683,47.0638], [40.7716,52.8189], [45.728,40.3997], [39.4707,42.0566], [33.2231,45.4221], [33.2231,45.4221], [33.2231,45.4221], [40.7716,52.8189], [40.7716,52.8189], [30.5244,56.0272], [33.2231,45.4221], [29.8588,35.327], [40.7716,52.8189], [29.6786,49.1406], [40.7716,52.8189], [30.5244,56.0272], [25.0206,41.83], [26.4351,61.2039], [26.0183,45.32], [19.7723,38.23], [21.19,47.4789], [28.3622,33.2649], [22.5091,47.4412], [20.8883,47.4875], [23.6322,31.6401], [10.3683,47.2375], [10.2428,40.8336], [21.8269,47.4607], [24.7453,47.9511], [18.1497,47.5657], [11.5118,33.8612], [11.8188,47.6251], [12.0948,47.6989], [9.94953,47.1255], [9.62673,44.2186], [10.7387,38.1089], [10.5117,47.2758], [9.79133,43.3143], [21.9531,47.4571], [10.1028,47.1665], [10.076,41.7504], [10.5516,39.1371], [8.22034,36.2758], [8.22034,36.2758], [13.7477,23.3222], [13.7477,23.3222], [13.7477,23.3222], [8.22034,36.2758], [-0.366956,31.3633], [-0.366956,31.3633], [8.22034,36.2758], [4.24101,25.9596], [13.7477,23.3222], [-0.366956,31.3633], [4.24101,25.9596], [4.24101,25.9596], [9.53599,17.4233], [4.24101,25.9596], [22.1833,25.8221], [29.8588,35.327], [28.3493,21.216], [22.1833,25.8221], [31.9004,33.7758], [12.7528,17.7292], [12.8945,24.931], [12.8993,25.1773], [12.904,25.4153], [26.0144,26.5776], [12.8743,23.9048], [12.8569,23.0178], [28.4758,21.3471], [10.6473,47.312], [12.8045,47.7184], [23.217,32.5223], [11.1903,47.4571], [11.4982,47.5394], [23.3957,32.1425], [34.043,29.2446], [25.5921,31.2422], [19.7723,38.23], [29.8588,35.327], [46.5462,32.7957], [34.043,29.2446], [32.4065,16.0446], [32.4065,16.0446], [23.5487,12.2043], [34.043,29.2446], [32.4065,16.0446], [23.5487,12.2043], [32.4065,16.0446], [28.3493,21.216], [25.5921,31.2422], [42.7538,18.7918], [42.7538,18.7918], [34.043,29.2446], [42.7538,18.7918], [38.8117,27.7411], [39.1797,27.9096], [38.425,27.564], [36.1104,30.3831], [31.9898,13.8796], [43.0551,32.9084], [41.0457,30.5889], [31.9004,33.7758], [43.9653,33.9591], [33.8368,32.2153], [42.0311,31.7264], [38.5643,28.4056], [37.8927,28.9468], [37.2559,29.46], [58.9921,27.7562], [58.1739,22.9812], [49.8947,32.7003], [58.1739,22.9812], [63.8556,12.2944], [58.1739,22.9812], [63.8556,12.2944], [58.1739,22.9812], [63.8556,12.2944], [46.5462,32.7957], [63.8556,12.2944], [67.5422,7.10822], [67.5422,7.10822], [60.0201,29.3707], [32.5457,12.6984], [32.2742,13.2752], [28.2559,13.129], [31.213,15.5305], [12.8067,20.4668], [18.1101,14.1473], [12.9865,15.4201], [22.3881,13.7179], [12.7225,16.19], [13.2558,14.6345], [12.7922,19.7332], [12.9206,15.6122], [4.24101,25.9596], [9.53599,17.4233], [4.24101,25.9596], [32.4065,16.0446], [32.4065,16.0446], [32.4065,16.0446], [12.89,24.7042], [34.9633,31.3075], [26.0605,32.9327], [4.24101,25.9596], [9.53599,17.4233], [4.24101,25.9596], [9.53599,17.4233], [9.53599,17.4233], [4.24101,25.9596], [4.24101,25.9596], [9.53599,17.4233], [10.5345,39.2308], [9.77356,47.0785], [9.19139,46.6106], [5.09654,52.997], [5.09654,52.997], [25.0206,41.83], [5.09654,52.997], [6.66316,44.7456], [0.824222,44.1138], [0.824222,44.1138], [16.9758,48.2998], [15.4819,56.4347], [11.8445,58.9697], [5.09654,52.997], [11.0424,62.4644], [9.85526,42.963], [11.3393,64.4379], [9.2304,46.3963], [12.211,70.2316], [9.57218,44.5184], [10.7988,60.8456], [10.7988,60.8456], [10.7988,60.8456], [12.3927,71.4405], [10.7988,60.8456], [12.1852,70.0596], [12.1983,70.1465], [10.7988,60.8456], [21.5233,62.7703], [12.1504,61.2166], [12.2931,70.7778], [13.4474,61.5727], [12.0299,69.0273], [12.1722,69.9734], [12.353,61.2722], [18.9943,63.0955], [29.0024,68.8355], [3.9039,71.8393], [14.8984,70.0126], [19.8291,76.8433], [15.4819,56.4347], [5.09654,52.997], [5.09654,52.997], [11.8445,58.9697], [-1.08827,74.0738], [11.8445,58.9697], [21.3872,57.332], [17.256,58.7817], [3.9039,71.8393], [21.3872,57.332], [14.8984,70.0126], [15.8302,73.9521], [5.09654,52.997], [11.2347,63.7424], [9.72966,43.6531], [9.27409,46.1562], [10.868,61.3052], [9.36406,45.6619], [10.7988,60.8456], [9.41711,45.3704], [10.3258,40.3775], [9.68225,43.9136], [6.66316,44.7456], [6.66316,44.7456], [6.66316,44.7456], [6.66316,44.7456], [6.66316,44.7456], [6.66316,44.7456], [6.66316,44.7456], [31.9004,33.7758], [23.4263,62.2884], [24.4226,62.036], [20.4595,47.4998], [20.7363,47.4918], [20.5967,47.4958], [19.6364,47.5233], [21.0356,47.4833], [22.3848,47.4448], [21.7091,47.4641], [30.0805,49.2575], [22.1108,47.4526], [33.1464,32.7716], [22.2567,47.4484], [24.6476,32.7288], [28.6345,48.9035], [27.278,33.1084], [39.6683,47.0638], [29.6786,49.1406], [39.4707,42.0566], [31.9004,33.7758], [41.639,50.4432], [39.6683,47.0638], [40.9738,55.7889], [29.3475,49.0781], [21.4476,47.4715], [32.4968,33.2952], [22.4217,62.5428], [30.0805,49.2575], [39.4707,42.0566], [29.8588,35.327], [25.5921,31.2422], [45.728,40.3997], [57.093,54.2664], [57.5664,48.4692], [61.6487,46.9138], [63.6778,46.1406], [46.0499,36.3653], [59.2192,28.1127], [59.3123,28.259], [47.2365,37.735], [45.1547,35.332], [41.7415,31.3921], [59.4162,28.4223], [59.9223,29.217], [82.9501,49.2536], [82.9501,49.2536], [70.3031,52.1131], [70.3031,52.1131], [57.093,54.2664], [39.4707,42.0566], [38.3034,56.7691], [21.3872,57.332], [27.9326,66.1505], [14.7291,47.6634], [22.6858,62.4759], [23.9151,62.1646], [20.6161,63.0001], [22.1577,62.6097], [16.5906,47.6102], [15.4072,47.644], [12.3352,71.0575], [17.3798,47.5877], [10.9506,61.8544], [14.0467,47.6829], [15.8682,63.9574], [30.5244,56.0272], [30.5244,56.0272], [29.8588,35.327], [19.7723,38.23], [25.5921,31.2422], [35.5214,30.8577], [47.6759,38.2422], [42.3006,32.0374], [36.6262,29.9674], [46.9391,37.3917], [41.4024,31.0006], [49.8947,32.7003], [46.5462,32.7957], [19.7723,38.23], [19.7723,38.23], [23.9689,32.6308], [3.9039,71.8393], [11.8445,58.9697], [-1.08827,74.0738], [11.8445,58.9697], [14.8984,70.0126], [15.8682,63.9574], [14.8984,70.0126], [11.8445,58.9697], [-1.70627,87.2653], [-1.08827,74.0738], [3.4366,82.4236], [16.7933,83.9553], [15.0567,89.1903], [-1.70627,87.2653], [12.8203,79.3784], [-1.70627,87.2653], [8.69118,81.5486], [4.31623,93.9652], [-1.08827,74.0738], [4.31623,93.9652], [3.9039,71.8393], [12.8203,79.3784], [-1.70627,87.2653], [12.8203,79.3784], [-1.70627,87.2653], [-1.70627,87.2653], [12.1826,70.0422], [12.2658,70.5959], [8.83569,81.1735], [12.8203,79.3784], [15.8302,73.9521], [11.8445,58.9697], [11.8445,58.9697], [15.8302,73.9521], [14.8984,70.0126], [14.8984,70.0126], [29.0024,68.8355], [19.8291,76.8433], [9.16501,80.3187], [4.31623,93.9652], [14.1194,89.7084], [8.73741,81.4286], [12.5739,89.6035], [19.052,90.0429], [19.0513,90.0428], [9.30285,79.9609], [19.0528,90.0429], [12.9019,89.6258], [19.053,90.043], [19.0516,90.0429], [19.0523,90.0429], [9.56432,79.2822], [11.7698,86.6483], [4.31623,93.9652], [23.3665,95.613], [24.8949,98.772], [24.8949,98.772], [24.8949,98.772], [24.8949,98.772], [15.0567,89.1903], [33.0622,90.0895], [24.8949,98.772], [19.0518,90.0429], [19.0519,90.0429], [34.2255,91.1315], [19.0521,90.0429], [22.1592,90.2447], [19.3065,90.0594], 