{
  "instance_index": 0,
  "birth_iter": 14,
  "death_iter": 20,
  "survival_iters": 6,
  "censored": true,
  "pre_vnd_cost": 10973.4,
  "post_vnd_cost": 803.321,
  "pre_vnd_coords": [[80,20], [93.9915,31.6266], [92.1226,6.78917], [92.1226,6.78917], [92.1226,6.78917], [92.1226,6.78917], [92.1226,6.78917], [69.4601,3.22158], [69.4601,3.22158], [69.4601,3.22158], [62.7217,19.2664], [62.7217,19.2664], [57.1524,39.7343], [53.8872,30.2674], [46.2666,27.2542], [32.9972,21.0284], [41.0536,28.3366], [40.3502,23.9248], [32.9972,21.0284], [40.3055,12.672], [32.9972,21.0284], [32.9972,21.0284], [40.3502,23.9248], [40.3055,12.672], [40.3055,12.672], [40.3055,12.672], [40.3055,12.672], [40.3502,23.9248], [40.3502,23.9248], [40.3055,12.672], [40.3502,23.9248], [46.9609,34.8269], [32.9972,21.0284], [40.3502,23.9248], [32.277,52.9589], [35.2984,41.3509], [25.4368,38.5768], [40.3838,53.573], [51.6518,48.3851], [35.2984,41.3509], [35.2984,41.3509], [57.6825,43.3672], [41.0536,28.3366], [41.0536,28.3366], [57.6825,43.3672], [57.6825,43.3672], [57.6825,43.3672], [57.6825,43.3672], [51.6518,48.3851], [51.6518,48.3851], [34.2443,27.874], [51.6518,48.3851], [40.3838,53.573], [40.3838,53.573], [40.3838,53.573], [51.6518,48.3851], [58.9118,65.2805], [41.6559,62.8472], [47.3063,58.4785], [47.3063,58.4785], [50.2936,68.6913], [57.6825,43.3672], [51.6518,48.3851], [60.2472,38.3787], [57.1524,39.7343], [49.7362,60.4798], [52.5855,64.5605], [49.7362,60.4798], [52.5855,64.5605], [52.5855,64.5605], [58.2884,39.9692], [49.7362,60.4798], [49.7362,60.4798], [38.7768,57.5038], [52.5855,64.5605], [40.9991,76.1116], [32.2605,60.462], [38.1717,63.3622], [47.3609,70.4262], [38.7768,57.5038], [38.7768,57.5038], [26.424,61.1244], [41.6559,62.8472], [33.0561,62.1601], [38.2041,72.6864], [41.6559,62.8472], [51.716,47.0712], [74.8842,64.2983], [67.5995,66.9619], [74.8842,64.2983], [82.8581,66.3131], [80.35,84.6438], [82.6305,77.8103], [67.5995,66.9619], [76.2307,73.7151], [90.7304,76.7627], [99.6542,83.6438], [99.6542,83.6438], [90.7304,76.7627], [79.5874,92.4694], [99.6542,83.6438], [90.7304,76.7627], [99.6542,83.6438], [79.5874,92.4694], [79.5874,92.4694], [81.4826,92.8742], [68.0906,93.2301], [64.225,96.9801], [79.5874,92.4694], [68.0906,93.2301], [64.225,96.9801], [79.5874,92.4694], [79.5874,92.4694], [79.5874,92.4694], [64.225,96.9801], [81.4826,92.8742], [79.5874,92.4694], [85.3994,78.2191], [79.5874,92.4694], [85.3994,78.2191], [68.0906,93.2301], [79.5874,92.4694], [85.3994,78.2191], [78.8735,75.0158], [78.8735,75.0158], [68.0906,93.2301], [64.225,96.9801], [64.225,96.9801], [64.225,96.9801], [68.0906,93.2301], [58.0876,100.237], [79.5874,92.4694], [58.2881,73.4158], [64.225,96.9801], [68.0906,93.2301], [68.0906,93.2301], [64.225,96.9801], [55.6472,89.8719], [44.4781,96.8651], [44.4781,96.8651], [44.4781,96.8651], [74.8842,64.2983], [79.2241,65.7624], [52.5855,64.5605], [58.2881,73.4158], [52.0886,83.7937], [43.132,76.8965], [58.2881,73.4158], [52.5855,64.5605], [47.3609,70.4262], [53.759,74.6952], [49.8064,70.203], [56.813,70.762], [56.813,70.762], [52.0886,83.7937], [40.5883,70.925], [47.2422,78.0531], [40.5883,70.925], [42.4949,84.8016], [47.2422,78.0531], [49.8064,70.203], [51.2709,77.5341], [52.5855,64.5605], [49.8064,70.203], [58.2881,73.4158], [49.8064,70.203], [52.5855,64.5605], [49.7362,60.4798], [56.813,70.762], [47.2422,78.0531], [41.6559,62.8472], [58.9118,65.2805], [52.0653,80.0831], [58.9118,65.2805], [58.9118,65.2805], [58.9118,65.2805], [58.9118,65.2805], [58.9118,65.2805], [41.6559,62.8472], [28.2197,66.8182], [31.3064,53.2841], [28.2197,66.8182], [32.277,52.9589], [41.6559,62.8472], [41.6559,62.8472], [58.9118,65.2805], [58.9118,65.2805], [55.6472,89.8719], [44.4781,96.8651], [44.4781,96.8651], [44.4781,96.8651], [44.4781,96.8651], [25.9084,95.3733], [35.9044,98.8888], [29.3436,84.5015], [44.4781,96.8651], [26.9,79.7708], [26.9,79.7708], [26.9,79.7708], [33.0561,62.1601], [25.6498,73.9768], [38.2041,72.6864], [38.2041,72.6864], [28.2197,66.8182], [25.6498,73.9768], [28.2197,66.8182], [28.2197,66.8182], [32.027,64.7179], [28.2197,66.8182], [38.2041,72.6864], [33.0561,62.1601], [38.2041,72.6864], [38.2041,72.6864], [32.027,64.7179], [28.2197,66.8182], [32.027,64.7179], [29.3436,84.5015], [38.2041,72.6864], [29.3436,84.5015], [32.027,64.7179], [38.2041,72.6864], [38.2041,72.6864], [41.6559,62.8472], [30.0583,65.3071], [30.0583,65.3071], [32.2605,60.462], [32.2605,60.462], [26.9802,55.8097], [30.0583,65.3071], [25.2466,68.0849], [18.0659,63.4854], [16.8423,65.7832], [22.3099,70.7538], [22.5408,76.3938], [30.0583,65.3071], [32.2605,60.462], [32.2605,60.462], [30.0583,65.3071], [32.2605,60.462], [22.3099,70.7538], [30.0583,65.3071], [17.9966,69.4973], [19.1088,55.0642], [32.2605,60.462], [22.5408,76.3938], [25.2466,68.0849], [18.5269,78.1234], [17.9966,69.4973], [7.43832,60.7535], [26.1508,48.516], [17.9341,55.2369], [16.3442,51.5581], [19.2116,66.4029], [16.3442,51.5581], [16.0809,40.9906], [16.3442,51.5581], [7.43832,60.7535], [20.3649,37.93], [3.24112,52.791], [14.9246,49.7783], [17.6431,43.765], [2.7012,66.2273], [3.24112,52.791], [18.55,56.9792], [19.0738,81.8143], [19.2116,66.4029], [19.0738,81.8143], [19.2116,66.4029], [19.2116,66.4029], [18.55,56.9792], [19.2116,66.4029], [18.55,56.9792], [19.2116,66.4029], [19.2116,66.4029], [19.2116,66.4029], [19.2116,66.4029], [18.0659,63.4854], [17.9966,69.4973], [22.3099,70.7538], [18.5269,78.1234], [18.5269,78.1234], [8.86873,70.2493], [19.1088,55.0642], [19.1088,55.0642], [14.9246,49.7783], [26.9802,55.8097], [29.7371,50.897], [25.2466,68.0849], [18.0659,63.4854], [32.2605,60.462], [25.2466,68.0849], [25.2466,68.0849], [25.2466,68.0849], [25.2466,68.0849], [26.9802,55.8097], [18.0659,63.4854], [25.2466,68.0849], [25.2466,68.0849], [18.0659,63.4854], [19.1088,55.0642], [29.7371,50.897], [14.9246,49.7783], [19.1088,55.0642], [19.1088,55.0642], [29.7371,50.897], [26.9802,55.8097], [20.3649,37.93], [17.6431,43.765], [19.1088,55.0642], [29.7371,50.897], [29.8987,44.9266], [14.9246,49.7783], [29.7371,50.897], [29.8987,44.9266], [29.7371,50.897], [31.2746,45.2012], [25.4368,38.5768], [24.1648,43.7591], [24.1648,43.7591], [25.4368,38.5768], [25.4368,38.5768], [25.4368,38.5768], [26.1508,48.516], [24.1648,43.7591], [25.4368,38.5768], [24.1648,43.7591], [18.7351,46.6352], [24.1648,43.7591], [18.7351,46.6352], [18.7351,46.6352], [24.1648,43.7591], [18.7351,46.6352], [16.3442,51.5581], [26.1508,48.516], [17.9341,55.2369], [25.4368,38.5768], [31.2746,45.2012], [26.9802,55.8097], [29.7371,50.897], [29.7371,50.897], [17.9966,69.4973], [32.2605,60.462], [31.3064,53.2841], [25.6498,73.9768], [25.6498,73.9768], [18.5269,78.1234], [18.5269,78.1234], [18.5269,78.1234], [-1.89672,96.5038], [-1.89672,96.5038], [7.32751,91.4235], [11.0774,86.6108], [10.5029,100.897], [10.5029,100.897], [21.2461,89.261], [11.752,77.6431], [14.1618,91.314], [25.9925,96.8596], [21.2461,89.261], [30.6484,98.4763], [0.348576,83.3444], [26.2979,102.715], [25.9925,96.8596], [8.54994,95.0534], [21.3655,84.7865], [21.2461,89.261], [30.1983,88.7891], [30.6484,98.4763], [21.2461,89.261], [26.6624,85.8741], [21.2461,89.261], [34.0883,90.2503], [21.3655,84.7865], [10.5029,100.897], [32.6901,103.782], [21.2461,89.261], [39.3225,83.1054], [11.752,77.6431], [21.3655,84.7865], [22.5408,76.3938], [22.5408,76.3938], [21.2461,89.261], [31.3531,74.7014], [26.9,79.7708], [21.2461,89.261], [7.81988,85.2726], [11.752,77.6431], [17.9257,80.4917], [7.81988,85.2726], [0.348576,83.3444], [11.0774,86.6108], [7.32751,91.4235], [6.95219,73.5926], [7.81988,85.2726], [17.9257,80.4917], [8.54994,95.0534], [21.2461,89.261], [6.95219,73.5926], [11.752,77.6431], [11.752,77.6431], [7.32751,91.4235], [14.1618,91.314], [-1.43531,87.6929], [7.32751,91.4235], [11.0774,86.6108], [14.1618,91.314], [13.5277,95.7806], [29.3436,84.5015], [25.9084,95.3733], [25.9084,95.3733], [25.9084,95.3733], [12.5437,92.3217], [25.9084,95.3733], [19.0738,81.8143], [25.6498,73.9768], [19.0738,81.8143], [29.3436,84.5015], 