{
  "instance_index": 0,
  "birth_iter": 12,
  "death_iter": 20,
  "survival_iters": 8,
  "censored": true,
  "pre_vnd_cost": 9117.07,
  "post_vnd_cost": 558.179,
  "pre_vnd_coords": [[80,20], [86.2684,17.5916], [86.2684,17.5916], [86.2706,18.3378], [86.2726,19.0214], [86.3007,28.703], [86.2746,19.7305], [86.3087,31.4822], [86.318,34.6772], [86.3257,37.3534], [86.3319,39.4772], [86.3712,53.0471], [86.3627,50.1069], [86.3877,58.7244], [86.4403,76.8325], [86.3663,51.3515], [86.4317,73.8671], [86.4142,67.8368], [86.3725,53.467], [85.0569,81.7965], [86.436,75.3486], [86.4482,79.5632], [86.4225,70.6936], [81.1966,87.9937], [81.1966,87.9937], [81.1966,87.9937], [78.4535,87.029], [82.8853,85.2828], [79.6149,89.1119], [79.5021,89.1917], [81.1966,87.9937], [79.1605,88.4872], [79.5021,89.1917], [80.5703,88.4364], [79.3356,88.8482], [75.0666,80.0441], [64.4053,89.6634], [67.3579,88.3673], [67.3755,87.9278], [65.5231,89.9164], [67.6096,87.0082], [68.0449,86.3582], [67.2798,90.314], [66.0626,90.0385], [65.1227,89.8258], [68.8699,85.1266], [58.8725,88.6104], [52.963,88.1641], [58.8725,88.6104], [72.997,75.9475], [59.6613,75.8233], [72.997,75.9475], [74.8014,78.3064], [69.4508,74.4177], [72.3843,60.7671], [74.8014,78.3064], [72.997,75.9475], [72.997,75.9475], [69.4508,74.4177], [56.9802,74.2212], [59.6613,75.8233], [74.8014,78.3064], [72.3843,60.7671], [72.997,75.9475], [74.8014,78.3064], [72.997,75.9475], [77.3347,48.2812], [77.3347,48.2812], [77.3347,48.2812], [77.3347,48.2812], [76.9096,59.8444], [77.3347,48.2812], [53.956,35.7467], [51.1333,26.5215], [56.161,38.3898], [56.161,38.3898], [77.3347,48.2812], [22.3859,10.5599], [14.888,25.0116], [14.888,25.0116], [29.0115,13.9549], [14.888,25.0116], [9.51533,17.7553], [14.888,25.0116], [13.4789,28.9252], [22.3859,10.5599], [3.24917,16.2505], [9.51533,17.7553], [10.1452,22.3703], [3.24917,16.2505], [3.24917,16.2505], [3.24917,16.2505], [13.4789,28.9252], [14.888,25.0116], [13.4789,28.9252], [13.4789,28.9252], [9.51533,17.7553], [9.51533,17.7553], [19.8049,38.7875], [10.1452,22.3703], [14.888,25.0116], [9.51533,17.7553], [9.51533,17.7553], [13.4789,28.9252], [9.51533,17.7553], [13.4789,28.9252], [14.888,25.0116], [14.888,25.0116], [14.888,25.0116], [10.1452,22.3703], [10.1452,22.3703], [10.1452,22.3703], [9.51533,17.7553], [9.51533,17.7553], [9.51533,17.7553], [10.1452,22.3703], [13.4789,28.9252], [5.7083,40.9445], [5.7083,40.9445], [5.7083,40.9445], [5.7083,40.9445], [5.7083,40.9445], [24.4043,31.6725], [13.4789,28.9252], [13.4789,28.9252], [24.4043,31.6725], [22.7916,25.5614], [34.0022,13.6226], [22.7916,25.5614], [24.4043,31.6725], [29.3338,34.8473], [36.0008,47.9257], [24.4043,31.6725], [22.7916,25.5614], [19.8049,38.7875], [19.8049,38.7875], [19.8049,38.7875], [19.8049,38.7875], [13.4789,28.9252], [19.8049,38.7875], [13.4789,28.9252], [9.99803,52.146], [13.4789,28.9252], [5.7083,40.9445], [9.99803,52.146], [23.2748,50.8637], [12.7888,45.4769], [19.8049,38.7875], [16.2964,45.1708], [16.2964,45.1708], [9.99803,52.146], [5.7083,40.9445], [5.7083,40.9445], [4.43013,54.6411], [5.7083,40.9445], [5.7083,40.9445], [5.7083,40.9445], [5.7083,40.9445], [4.43013,54.6411], [16.2964,45.1708], [16.2964,45.1708], [16.2964,45.1708], [16.2964,45.1708], [9.99803,52.146], [16.2964,45.1708], [16.2964,45.1708], [5.7083,40.9445], [5.7083,40.9445], [1.02825,57.2008], [5.7083,40.9445], [5.7083,40.9445], [5.7083,40.9445], [4.43013,54.6411], [14.0798,68.0447], [4.43013,54.6411], [6.35006,67.0414], [4.43013,54.6411], [9.99803,52.146], [14.0798,68.0447], [9.99803,52.146], [12.7888,45.4769], [14.0798,68.0447], [16.2964,45.1708], [9.99803,52.146], [4.43013,54.6411], [4.43013,54.6411], [5.7083,40.9445], [5.7083,40.9445], [16.2964,45.1708], [4.43013,54.6411], [14.0798,68.0447], [9.99803,52.146], [4.43013,54.6411], [4.43013,54.6411], [1.02825,57.2008], [1.02825,57.2008], [12.7888,45.4769], [9.99803,52.146], [-0.425493,73.5287], [4.43013,54.6411], [-0.425493,73.5287], [1.02825,57.2008], [1.02825,57.2008], [7.94212,76.5389], [12.2099,87.1829], [7.94212,76.5389], [7.16107,78.5885], [7.16107,78.5885], [7.16107,78.5885], [-0.425493,73.5287], [14.0798,68.0447], [4.43013,54.6411], [22.272,69.1557], [8.03733,74.791], [7.16107,78.5885], [22.272,69.1557], [8.03733,74.791], [12.2099,87.1829], [21.9656,84.6611], [14.0798,68.0447], [12.2099,87.1829], [11.9038,88.9559], [7.16107,78.5885], [8.03733,74.791], [5.05649,76.9909], [8.03733,74.791], [7.94212,76.5389], [-0.425493,73.5287], [7.94212,76.5389], [7.16107,78.5885], [7.16107,78.5885], [7.94212,76.5389], [-0.425493,73.5287], [8.03733,74.791], [14.0798,68.0447], [12.2099,87.1829], [8.03733,74.791], [8.03733,74.791], [8.03733,74.791], [12.2099,87.1829], [10.0825,74.8324], [7.94212,76.5389], [-0.425493,73.5287], [1.02825,57.2008], [7.16107,78.5885], [8.03733,74.791], [7.94212,76.5389], [7.16107,78.5885], [12.2099,87.1829], [-0.761664,64.8766], [7.94212,76.5389], [12.7458,78.839], [11.9038,88.9559], [13.3919,85.6453], [13.3919,85.6453], [13.3919,85.6453], [12.7458,78.839], [7.94212,76.5389], [12.7458,78.839], [11.9038,88.9559], [8.03733,74.791], [7.94212,76.5389], [5.05649,76.9909], [12.2099,87.1829], [12.7458,78.839], [11.9038,88.9559], [12.2099,87.1829], [11.9038,88.9559], [4.06668,100.672], [11.9038,88.9559], [12.2099,87.1829], [12.2099,87.1829], [5.05649,76.9909], [12.2099,87.1829], [8.03733,74.791], [13.3919,85.6453], [13.3919,85.6453], [11.9038,88.9559], [12.7458,78.839], [7.16107,78.5885], [7.16107,78.5885], [11.9038,88.9559], [11.9038,88.9559], [12.2099,87.1829], [7.16107,78.5885], [12.7458,78.839], [11.9038,88.9559], [12.2099,87.1829], [12.7458,78.839], [11.9038,88.9559], [12.2099,87.1829], [13.3919,85.6453], [-0.425493,73.5287], [12.7458,78.839], [21.9656,84.6611], [11.9038,88.9559], [11.9038,88.9559], [11.9038,88.9559], [10.9952,93.5917], [12.2099,87.1829], [11.9038,88.9559], [11.9038,88.9559], [11.9038,88.9559], [4.06668,100.672], [4.06668,100.672], [27.8268,96.6272], [11.9038,88.9559], [11.9038,88.9559], [4.06668,100.672], [12.7458,78.839], [4.06668,100.672], [12.2099,87.1829], [4.06668,100.672], [18.742,95.0088], [12.2099,87.1829], [13.3919,85.6453], [27.8268,96.6272], [10.9952,93.5917], [27.8268,96.6272], [18.742,95.0088], [10.9952,93.5917], [18.742,95.0088], [12.7458,78.839], [10.9952,93.5917], [13.3919,85.6453], [7.16107,78.5885], [33.1427,91.353], [4.06668,100.672], [12.2099,87.1829], [12.7458,78.839], [27.8268,96.6272], [11.9038,88.9559], [18.742,95.0088], [10.9952,93.5917], [18.742,95.0088], [21.9656,84.6611], [13.3919,85.6453], [18.742,95.0088], [21.9656,84.6611], [27.8268,96.6272], [13.3919,85.6453], [18.742,95.0088], [25.3006,85.494], [27.8268,96.6272], [18.742,95.0088], [27.8268,96.6272], [27.8268,96.6272], [13.2994,77.9231], [27.8268,96.6272], [24.4879,75.0907], [18.742,95.0088], [12.2099,87.1829], [27.8268,96.6272], [27.8268,96.6272], [27.8268,96.6272], [18.742,95.0088], [18.742,95.0088], [25.3006,85.494], [27.8268,96.6272], [27.8268,96.6272], [38.7887,88.1324], [21.9656,84.6611], [38.7887,88.1324], [27.8268,96.6272], [18.742,95.0088], [25.3006,85.494], [25.3006,85.494], [13.3919,85.6453], [27.8268,96.6272], [21.9656,84.6611], [32.5267,79.1558], [13.3919,85.6453], [27.8268,96.6272], [27.8268,96.6272], [41.5134,90.1983], [38.7887,88.1324], [27.8268,96.6272], [38.7887,88.1324], [49.8128,82.1888], [47.688,90.4148], [47.688,90.4148], [33.1427,91.353], [33.1427,91.353], [47.688,90.4148], [47.688,90.4148], [27.8268,96.6272], [47.688,90.4148], [47.688,90.4148], [36.0842,74.6778], [47.4101,70.9656], [38.902,98.205], [38.7887,88.1324], [38.7887,88.1324], [38.7887,88.1324], [35.0745,101.263], [47.688,90.4148], [38.902,98.205], [35.0745,101.263], [27.8268,96.6272], [23.0304,80.2777], [25.3006,85.494], [27.8268,96.6272], [25.3006,85.494], [18.742,95.0088], [38.7887,88.1324], [33.1427,91.353], [35.1292,89.8206], [38.7887,88.1324], [33.1427,91.353], [27.8268,96.6272], [35.1292,89.8206], [35.1292,89.8206], [25.3006,85.494], [23.0304,80.2777], [33.1427,91.353], [33.1427,91.353], [47.688,90.4148], 