{
  "instance_index": 0,
  "birth_iter": 11,
  "death_iter": 20,
  "survival_iters": 9,
  "censored": false,
  "pre_vnd_cost": 11516,
  "post_vnd_cost": 622.122,
  "pre_vnd_coords": [[80,20], [68.0989,6.25252], [84.8939,8.79203], [84.8939,8.79203], [84.8939,8.79203], [84.8939,8.79203], [101.925,20.4581], [101.925,20.4581], [86.4477,36.0281], [86.4477,36.0281], [86.4477,36.0281], [77.5147,28.3127], [87.6927,46.6853], [73.4992,37.021], [76.523,47.9199], [73.4992,37.021], [73.4992,37.021], [74.7961,61.4233], [67.9341,42.7677], [87.6927,46.6853], [72.5487,55.0315], [72.5487,55.0315], [87.6927,46.6853], [87.6927,46.6853], [87.6927,46.6853], [76.523,47.9199], [72.5487,55.0315], [88.1967,66.1766], [87.6927,46.6853], [63.6626,72.5157], [68.3686,60.5037], [72.5487,55.0315], [76.523,47.9199], [80.4177,81.1334], [76.0759,66.8212], [87.6212,59.8648], [85.1651,72.477], [87.6212,59.8648], [87.6212,59.8648], [85.1651,72.477], [92.8225,80.6127], [92.8225,80.6127], [79.8389,89.3132], [78.6276,73.7832], [80.4177,81.1334], [97.3039,73.8758], [78.6276,73.7832], [97.3039,73.8758], [92.8225,80.6127], [92.8225,80.6127], [79.8389,89.3132], [72.1219,89.8385], [72.1219,89.8385], [69.4036,98.6934], [78.6276,73.7832], [72.1219,89.8385], [79.8389,89.3132], [68.3164,83.7675], [72.1219,89.8385], [79.8389,89.3132], [85.8325,100.777], [85.8325,100.777], [69.4036,98.6934], [72.1219,89.8385], [72.1219,89.8385], [63.4648,99.1354], [85.8325,100.777], [69.4036,98.6934], [60.8951,89.8356], [69.4036,98.6934], [69.4036,98.6934], [63.4648,99.1354], [63.6626,72.5157], [80.4177,81.1334], [72.1219,89.8385], [53.2985,95.2943], [63.4648,99.1354], [55.9506,86.7028], [72.1219,89.8385], [63.4648,99.1354], [69.4036,98.6934], [60.8951,89.8356], [63.4648,99.1354], [63.4648,99.1354], [52.9762,83.1003], [50.648,87.6161], [39.7285,88.2301], [17.1758,82.6701], [20.8105,81.6629], [3.94362,76.5701], [17.5371,67.5043], [12.583,76.6613], [13.8923,96.1788], [15.9908,81.8248], [24.6237,72.8609], [20.9414,91.8624], [12.441,71.3061], [24.6237,72.8609], [15.9908,81.8248], [24.6237,72.8609], [27.8687,82.708], [26.9676,61.2351], [20.4801,68.0551], [12.583,76.6613], [3.94362,76.5701], [7.59984,83.244], [12.441,71.3061], [-4.52379,72.5061], [12.441,71.3061], [-0.961379,75.7673], [-0.961379,75.7673], [1.94408,88.6487], [8.43416,71.5647], [-4.52379,72.5061], [1.94408,88.6487], [3.22656,81.494], [-4.52379,72.5061], [8.43416,71.5647], [8.43416,71.5647], [12.5398,62.5796], [-4.52379,72.5061], [8.43416,71.5647], [12.441,71.3061], [8.43416,71.5647], [20.4801,68.0551], [-4.52379,72.5061], [17.5371,67.5043], [0.350416,80.642], [8.43416,71.5647], [15.3805,74.2632], [12.441,71.3061], [12.583,76.6613], [20.4801,68.0551], [15.4212,63.6242], [15.9908,81.8248], [-4.52379,72.5061], [20.4801,68.0551], [24.6237,72.8609], [12.5398,62.5796], [17.5371,67.5043], [26.9676,61.2351], [12.441,71.3061], [8.43416,71.5647], [-0.961379,75.7673], [-4.52379,72.5061], [1.94408,88.6487], [17.5371,67.5043], [-4.52379,72.5061], [3.94362,76.5701], [5.33241,55.542], [8.43416,71.5647], [15.4212,63.6242], [17.5371,67.5043], [12.441,71.3061], [18.5394,60.431], [11.6889,48.757], [20.4801,68.0551], [11.6889,48.757], [12.5398,62.5796], [5.33241,55.542], [12.5398,62.5796], [5.33241,55.542], [11.6889,48.757], [4.22836,59.2505], [5.33241,55.542], [4.22836,59.2505], [11.6889,48.757], [11.11,46.661], [5.33241,55.542], [5.33241,55.542], [5.33241,55.542], [5.33241,55.542], [5.33241,55.542], [20.2887,43.1377], [11.11,46.661], [11.6889,48.757], [5.33241,55.542], [5.33241,55.542], [17.3828,53.4703], [17.3828,53.4703], [13.6008,32.3589], [29.2455,47.0666], [17.3828,53.4703], [29.8406,33.673], [17.3828,53.4703], [20.7269,52.373], [22.6313,38.6227], [29.2455,47.0666], [15.193,23.1863], [20.1319,46.8928], [20.0234,33.4611], [13.1425,46.4514], [27.6993,51.6754], [29.2455,47.0666], [29.2455,47.0666], [29.2455,47.0666], [28.8848,28.5361], [22.6313,38.6227], [28.8848,28.5361], [29.8406,33.673], [29.8406,33.673], [37.5568,34.9127], [22.6313,38.6227], [15.193,23.1863], [13.6008,32.3589], [22.7862,20.1262], [20.0234,33.4611], [30.8117,20.9713], [29.8406,33.673], [20.0234,33.4611], [28.8848,28.5361], [30.8117,20.9713], [30.8117,20.9713], [29.8406,33.673], [45.8615,34.4466], [29.8406,33.673], [20.0234,33.4611], [41.364,41.2571], [37.5568,34.9127], [32.9488,45.1031], [20.0234,33.4611], [41.364,41.2571], [44.9064,49.5024], [22.6313,38.6227], [20.1319,46.8928], [29.8406,33.673], [37.5568,34.9127], [30.8205,57.1691], [37.5568,34.9127], [32.9488,45.1031], [29.8406,33.673], [45.8615,34.4466], [37.5568,34.9127], [31.7889,44.1852], [44.9672,54.8961], [37.5568,34.9127], [57.0394,54.1938], [24.6143,53.4967], [24.6143,53.4967], [32.9488,45.1031], [29.2455,47.0666], [29.2455,47.0666], [29.2455,47.0666], [32.9488,45.1031], [29.2455,47.0666], [37.5568,34.9127], [20.7269,52.373], [30.8205,57.1691], [27.6993,51.6754], [24.6143,53.4967], [20.7269,52.373], [20.1319,46.8928], [37.5568,34.9127], [44.9672,54.8961], [30.8205,57.1691], [47.8085,60.864], [32.9488,45.1031], [26.776,58.2302], [41.364,41.2571], [27.6993,51.6754], [36.9551,51.753], [42.3174,67.2717], [36.9551,51.753], [47.8085,60.864], [48.1719,46.1658], [31.7889,44.1852], [48.1719,46.1658], [44.9672,54.8961], [36.9551,51.753], [49.3063,49.7698], [44.9672,54.8961], [36.9551,51.753], [32.9488,45.1031], [36.9551,51.753], [30.8205,57.1691], [42.3174,67.2717], [47.8085,60.864], [44.9064,49.5024], [42.3174,67.2717], [51.8124,51.8262], [47.8085,60.864], [48.727,40.6115], [36.9551,51.753], [47.8085,60.864], [57.0394,54.1938], [63.6767,61.4073], [42.3174,67.2717], [55.7618,61.6395], [60.4889,64.0862], [51.8124,51.8262], [54.5773,70.0144], [46.1978,78.9684], [54.1471,77.3578], [46.1978,78.9684], [47.8085,60.864], [42.3174,67.2717], [54.5773,70.0144], [42.6015,71.3911], [52.9661,75.6522], [44.9672,54.8961], [47.8085,60.864], [60.4889,64.0862], [46.1978,78.9684], [46.1978,78.9684], [37.8621,59.5223], [37.8621,59.5223], [46.1978,78.9684], [51.6708,80.4676], [47.8085,60.864], [54.5773,70.0144], [63.6626,72.5157], [63.6626,72.5157], [47.8085,60.864], [57.0394,54.1938], [63.6626,72.5157], [54.5773,70.0144], [42.3174,67.2717], [42.3174,67.2717], [63.6767,61.4073], [55.7618,61.6395], [54.5773,70.0144], [70.5577,79.9861], [52.9661,75.6522], [63.6626,72.5157], [51.6708,80.4676], [78.6276,73.7832], [74.7961,61.4233], [68.3164,83.7675], [78.6276,73.7832], [68.3686,60.5037], [60.4889,64.0862], [63.6626,72.5157], [87.6212,59.8648], [78.6276,73.7832], [55.7618,61.6395], [60.4889,64.0862], [78.6276,73.7832], [63.6626,72.5157], [70.5577,79.9861], [55.7618,61.6395], [63.6626,72.5157], [74.7961,61.4233], [54.5773,70.0144], [63.6767,61.4073], [65.1995,52.9543], [60.4889,64.0862], [55.7618,61.6395], [65.1995,52.9543], [74.7961,61.4233], [60.4889,64.0862], [63.6767,61.4073], [47.8085,60.864], [65.1995,52.9543], [63.6767,61.4073], [55.7618,61.6395], [68.3686,60.5037], [47.8085,60.864], [67.9341,42.7677], [48.1719,46.1658], [57.0394,54.1938], [49.3063,49.7698], [49.8249,37.4113], [49.3063,49.7698], [45.8615,34.4466], [48.727,40.6115], [63.791,37.9265], [48.1719,46.1658], [49.3063,49.7698], [49.8249,37.4113], [42.6759,20.8841], [63.791,37.9265], [52.592,29.4853], [44.9064,49.5024], [45.8615,34.4466], [37.5568,34.9127], [37.5568,34.9127], [49.8249,37.4113], [45.8615,34.4466], [45.8615,34.4466], [45.8615,34.4466], [43.7537,29.2353], [43.7537,29.2353], [41.5975,59.25], [13.585,57.3992], [30.7804,58.1377], [56.7705,43.5748], [56.7705,43.5748], [64.2959,46.2244], [41.5975,59.25], [41.5975,59.25], [35.2827,63.5696], [30.7804,58.1377], [30.7804,58.1377], [37.7939,68.8126], [41.5975,59.25], [41.5975,59.25], [38.5399,72.7598], [24.0772,54.2693], [30.7804,58.1377], [30.7804,58.1377], [35.2827,63.5696], [37.7939,68.8126], [35.2827,63.5696], [31.1427,72.0891], [24.6237,72.8609], [44.2068,84.1926], [46.9121,79.078], [37.7939,68.8126], [37.7939,68.8126], [37.835,78.116], [46.3678,74.1056], [41.5975,59.25], [37.7939,68.8126], [63.4398,50.4304], [37.7939,68.8126], [58.698,48.5501], [41.5975,