{
  "instance_index": 0,
  "birth_iter": 18,
  "death_iter": 20,
  "survival_iters": 2,
  "censored": true,
  "pre_vnd_cost": 9949.28,
  "post_vnd_cost": 751.954,
  "pre_vnd_coords": [[80,20], [88.7011,11.0806], [88.7011,11.0806], [92.6561,35.2284], [88.7011,11.0806], [92.6561,35.2284], [92.6561,35.2284], [92.6561,35.2284], [77.319,36.3496], [77.319,36.3496], [55.2094,87.6015], [49.7932,92.3514], [54.593,87.9256], [50.0848,92.2662], [32.1894,90.9719], [47.8797,91.7399], [48.322,91.2234], [49.3912,92.1006], [48.2632,91.8314], [50.3518,92.3299], [66.2918,87.871], [53.8217,88.3313], [60.4291,84.804], [48.0488,91.3671], [48.0101,91.771], [49.2599,92.0693], [49.1329,92.039], [48.5473,91.8992], [49.7976,92.1976], [64.7507,85.1152], [55.0391,87.691], [66.658,88.5258], [54.0406,88.2162], [77.7587,89.4824], [61.5131,84.1749], [67.6487,90.2973], [53.319,88.5956], [75.4329,90.22], [72.4379,91.1699], [67.9569,90.8482], [69.8028,92.0057], [48.9609,92.2862], [20.3447,85.9337], [29.0295,78.628], [20.3447,85.9337], [25.2579,84.9108], [25.2579,84.9108], [20.3447,85.9337], [19.8291,76.8433], [19.8291,76.8433], [20.3447,85.9337], [25.2579,84.9108], [29.0295,78.628], [16.7933,83.9553], [16.7933,83.9553], [20.3447,85.9337], [25.2579,84.9108], [16.7933,83.9553], [16.7933,83.9553], [16.7933,83.9553], [20.3447,85.9337], [20.3447,85.9337], [16.7933,83.9553], [25.2579,84.9108], [16.7933,83.9553], [20.3447,85.9337], [25.2579,84.9108], [29.0295,78.628], [16.7933,83.9553], [19.8291,76.8433], [19.8291,76.8433], [19.8291,76.8433], [19.8291,76.8433], [19.8291,76.8433], [29.0024,68.8355], [19.8291,76.8433], [23.9652,69.012], [16.7933,83.9553], [29.0024,68.8355], [23.9652,69.012], [29.0024,68.8355], [19.8291,76.8433], [20.3447,85.9337], [29.0295,78.628], [33.1135,71.673], [19.8291,76.8433], [19.8291,76.8433], [29.0024,68.8355], [17.256,58.7817], [6.66316,44.7456], [21.3872,57.332], [17.256,58.7817], [21.3872,57.332], [15.4819,56.4347], [19.8291,76.8433], [14.8984,70.0126], [3.9039,71.8393], [29.0024,68.8355], [3.9039,71.8393], [29.0024,68.8355], [26.4351,61.2039], [17.256,58.7817], [39.2086,62.4629], [21.3872,57.332], [21.3872,57.332], [7.06931,64.2445], [26.4351,61.2039], [17.256,58.7817], [29.6786,49.1406], [17.256,58.7817], [26.4351,61.2039], [26.4351,61.2039], [22.99,52.1924], [11.8445,58.9697], [17.256,58.7817], [21.3872,57.332], [22.99,52.1924], [15.8302,73.9521], [33.0411,63.2172], [33.0411,63.2172], [17.256,58.7817], [33.0411,63.2172], [26.4351,61.2039], [36.4089,79.4143], [33.0411,63.2172], [33.0411,63.2172], [15.8302,73.9521], [21.3872,57.332], [33.1135,71.673], [15.8302,73.9521], [26.4351,61.2039], [21.3872,57.332], [29.6786,49.1406], [29.6786,49.1406], [15.4819,56.4347], [21.3872,57.332], [26.4351,61.2039], [33.0411,63.2172], [29.0024,68.8355], [33.1135,71.673], [23.9652,69.012], [23.9652,69.012], [17.256,58.7817], [38.6559,67.3358], [29.0024,68.8355], [26.4351,61.2039], [41.6204,71.384], [33.1135,71.673], [15.8682,63.9574], [38.3034,56.7691], [39.2086,62.4629], [17.256,58.7817], [15.8302,73.9521], [29.0024,68.8355], [29.0024,68.8355], [29.0024,68.8355], [25.2579,84.9108], [23.9652,69.012], [29.0024,68.8355], [36.4089,79.4143], [33.1135,71.673], [41.5341,77.9673], [20.3447,85.9337], [36.4089,79.4143], [36.4089,79.4143], [36.4089,79.4143], [41.6204,71.384], [29.0295,78.628], [41.0115,82.4627], [29.0024,68.8355], [36.4917,82.886], [16.7933,83.9553], [41.0115,82.4627], [36.4089,79.4143], [29.0295,78.628], [29.0024,68.8355], [29.0024,68.8355], [33.4504,94.9173], [29.0295,78.628], [29.0024,68.8355], [41.0115,82.4627], [41.0115,82.4627], [41.0115,82.4627], [25.2579,84.9108], [13.8425,86.4512], [36.4089,79.4143], [47.8886,87.6065], [41.5341,77.9673], [49.4952,98.1207], [41.6204,71.384], [36.4089,79.4143], [41.0115,82.4627], [47.8886,87.6065], [29.0295,78.628], [29.0295,78.628], [41.5341,77.9673], [57.884,77.5325], [47.8886,87.6065], [47.8886,87.6065], [36.4917,82.886], [41.5341,77.9673], [47.3826,72.1976], [29.0295,78.628], [54.3006,88.2459], [41.5341,77.9673], [36.4917,82.886], [47.8886,87.6065], [47.8886,87.6065], [48.4272,64.0767], [33.0411,63.2172], [41.5341,77.9673], [48.4272,64.0767], [47.3826,72.1976], [47.8886,87.6065], [47.8886,87.6065], [41.6204,71.384], [41.5341,77.9673], [65.0044,73.0757], [54.3006,88.2459], [62.6565,79.2075], [41.5341,77.9673], [47.8886,87.6065], [47.8886,87.6065], [52.3559,71.0394], [41.5341,77.9673], [38.6559,67.3358], [47.3826,72.1976], [41.5341,77.9673], [47.8886,87.6065], [50.631,95.0423], [68.8486,68.2718], [63.5349,65.7781], [48.4272,64.0767], [57.884,77.5325], [57.884,77.5325], [58.1574,86.8625], [68.7826,83.3242], [41.5341,77.9673], [54.007,69.3688], [47.8886,87.6065], [47.8886,87.6065], [57.884,77.5325], [57.884,77.5325], [57.884,77.5325], [48.4272,64.0767], [41.5341,77.9673], [68.8486,68.2718], [63.5349,65.7781], [57.093,54.2664], [48.4272,64.0767], [63.5349,65.7781], [57.884,77.5325], [54.007,69.3688], [63.5349,65.7781], [57.093,54.2664], [57.093,54.2664], [41.6204,71.384], [52.3559,71.0394], [52.3559,71.0394], [39.2086,62.4629], [41.5341,77.9673], [47.3826,72.1976], [36.4917,82.886], [41.5341,77.9673], [41.5341,77.9673], [49.258,55.209], [36.4089,79.4143], [33.1135,71.673], [47.3826,72.1976], [41.6204,71.384], [41.5341,77.9673], [38.6559,67.3358], [48.4272,64.0767], [33.1135,71.673], [42.0342,56.4712], [39.2086,62.4629], [39.2086,62.4629], [42.0342,56.4712], [38.6559,67.3358], [30.5244,56.0272], [38.3034,56.7691], [47.3826,72.1976], [49.258,55.209], [52.3559,71.0394], [21.3872,57.332], [38.6559,67.3358], [39.2086,62.4629], [40.7716,52.8189], [42.0342,56.4712], [42.0342,56.4712], [38.3034,56.7691], [38.6559,67.3358], [38.6559,67.3358], [49.258,55.209], [39.4707,42.0566], [38.6559,67.3358], [49.258,55.209], [57.093,54.2664], [38.3034,56.7691], [57.093,54.2664], [40.7716,52.8189], [39.2086,62.4629], [45.728,40.3997], [40.7716,52.8189], [25.5921,31.2422], [29.8588,35.327], [39.4707,42.0566], [33.2231,45.4221], [29.6786,49.1406], [39.4707,42.0566], [51.8788,48.2276], [40.7716,52.8189], [51.8788,48.2276], [45.728,40.3997], [39.4707,42.0566], [33.2231,45.4221], [33.2231,45.4221], [33.2231,45.4221], [40.7716,52.8189], [49.258,55.209], [40.7716,52.8189], [30.5244,56.0272], [42.0342,56.4712], [33.2231,45.4221], [29.8588,35.327], [40.7716,52.8189], [29.6786,49.1406], [40.7716,52.8189], [30.5244,56.0272], [25.0206,41.83], [26.4351,61.2039], [26.0183,45.32], [19.7723,38.23], [33.2231,45.4221], [26.0183,45.32], [39.2086,62.4629], [29.6786,49.1406], [33.2231,45.4221], [16.9758,48.2998], [25.5921,31.2422], [16.9758,48.2998], [26.0183,45.32], [25.0206,41.83], [26.0183,45.32], [16.9758,48.2998], [16.9758,48.2998], [26.0183,45.32], [19.7723,38.23], [29.6786,49.1406], [29.8588,35.327], [19.7723,38.23], [26.0183,45.32], [16.9758,48.2998], [26.0183,45.32], [26.0183,45.32], [26.0183,45.32], [30.5244,56.0272], [26.0183,45.32], [30.5244,56.0272], [16.9758,48.2998], [15.4819,56.4347], [17.256,58.7817], [15.8682,63.9574], [17.256,58.7817], [17.256,58.7817], [6.66316,44.7456], [5.09654,52.997], [8.22034,36.2758], [11.8445,58.9697], [16.9758,48.2998], [15.4819,56.4347], [16.9758,48.2998], [16.9758,48.2998], [8.22034,36.2758], [0.824222,44.1138], [8.22034,36.2758], [0.824222,44.1138], [6.66316,44.7456], [5.09654,52.997], [8.22034,36.2758], [16.9758,48.2998], [16.9758,48.2998], [25.0206,41.83], [16.9758,48.2998], [16.9758,48.2998], [-0.366956,31.3633], [5.09654,52.997], [5.09654,52.997], [0.824222,44.1138], [3.71279,61.0029], [5.09654,52.997], [6.66316,44.7456], [5.09654,52.997], [5.09654,52.997], [6.66316,44.7456], [6.66316,44.7456], [3.71279,61.0029], [16.9758,48.2998], [0.824222,44.1138], [5.09654,52.997], [16.9758,48.2998], [3.71279,61.0029], [6.66316,44.7456], [6.66316,44.7456], [16.9758,48.2998], [6.66316,44.7456], [16.9758,48.2998], [0.824222,44.1138], [6.66316,44.7456], [-0.366956,31.3633], [16.9758,48.2998], [8.22034,36.2758], [16.9758,48.2998], [8.22034,36.2758], [13.7477,23.3222], [13.7477,23.3222], [13.7477,23.3222], [8.22034,36.2758], [16.9758,