{
  "instance_index": 0,
  "birth_iter": 8,
  "death_iter": 20,
  "survival_iters": 12,
  "censored": true,
  "pre_vnd_cost": 11338.3,
  "post_vnd_cost": 771.684,
  "pre_vnd_coords": [[80,20], [93.4147,1.54713], [93.4147,1.54713], [92.1842,25.1381], [85.2918,12.7207], [93.1444,37.3241], [94.7984,23.1829], [92.1842,25.1381], [93.1444,37.3241], [93.1444,37.3241], [93.1444,37.3241], [87.2775,45.2631], [88.1498,58.8089], [88.1498,58.8089], [85.339,74.3775], [88.1498,58.8089], [93.2105,81.1216], [85.339,74.3775], [87.2775,45.2631], [93.2105,81.1216], [85.339,74.3775], [93.2105,81.1216], [85.339,74.3775], [86.791,89.7242], [93.2105,81.1216], [91.5397,90.218], [83.1135,92.4574], [83.1135,92.4574], [83.1135,92.4574], [91.5397,90.218], [74.6702,100.461], [74.6702,100.461], [74.6702,100.461], [83.1135,92.4574], [86.791,89.7242], [67.5837,88.0027], [61.9294,98.0435], [71.431,97.0272], [74.6702,100.461], [53.8739,88.0813], [71.431,97.0272], [56.0718,99.9318], [53.8739,88.0813], [83.1135,92.4574], [56.0718,99.9318], [71.431,97.0272], [74.6702,100.461], [53.8739,88.0813], [53.2172,96.5586], [71.431,97.0272], [83.1135,92.4574], [71.431,97.0272], [71.431,97.0272], [61.9294,98.0435], [71.431,97.0272], [71.431,97.0272], [71.431,97.0272], [74.6702,100.461], [74.6702,100.461], [53.8739,88.0813], [71.431,97.0272], [53.8739,88.0813], [49.7547,92.6], [59.0209,83.3672], [56.0718,99.9318], [56.0718,99.9318], [56.0718,99.9318], [53.8739,88.0813], [49.7547,92.6], [39.1721,93.0108], [53.2172,96.5586], [45.4993,99.5955], [53.2172,96.5586], [53.2172,96.5586], [53.2172,96.5586], [53.2172,96.5586], [39.1721,93.0108], [45.4993,99.5955], [39.1721,93.0108], [53.8739,88.0813], [49.7547,92.6], [49.7547,92.6], [53.8739,88.0813], [61.1371,82.5974], [53.8739,88.0813], [56.0718,99.9318], [53.2172,96.5586], [38.3275,81.8537], [51.8489,71.716], [45.4993,99.5955], [45.4993,99.5955], [45.4993,99.5955], [39.1721,93.0108], [53.2172,96.5586], [27.7103,92.7226], [56.0718,99.9318], [33.1657,80.0335], [56.0718,99.9318], [39.1721,93.0108], [27.7103,92.7226], [45.013,83.6345], [39.1721,93.0108], [53.2172,96.5586], [45.4993,99.5955], [27.7103,92.7226], [32.0404,87.6418], [27.7103,92.7226], [35.0745,101.263], [35.1292,89.8206], [23.0304,80.2777], [25.3006,85.494], [18.742,95.0088], [25.3006,85.494], [27.8268,96.6272], [13.3919,85.6453], [13.3919,85.6453], [18.742,95.0088], [12.7458,78.839], [12.2099,87.1829], [31.7905,72.7874], [32.5267,79.1558], [26.716,74.0012], [24.4879,75.0907], [22.272,69.1557], [26.716,74.0012], [31.7905,72.7874], [31.7905,72.7874], [31.5132,69.7198], [22.272,69.1557], [13.2994,77.9231], [22.8886,61.1695], [22.272,69.1557], [31.7905,72.7874], [22.272,69.1557], [31.5132,69.7198], [25.3006,85.494], [31.5132,69.7198], [14.0798,68.0447], [22.272,69.1557], [24.4879,75.0907], [31.7905,72.7874], [22.8886,61.1695], [24.4879,75.0907], [22.272,69.1557], [22.272,69.1557], [22.272,69.1557], [10.0825,74.8324], [36.399,57.5223], [23.2748,50.8637], [24.4879,75.0907], [30.4274,53.0507], [22.272,69.1557], [39.8826,66.0462], [30.4274,53.0507], [26.716,74.0012], [23.8884,53.4276], [22.272,69.1557], [31.5132,69.7198], [31.7905,72.7874], [22.272,69.1557], [43.1934,61.8345], [22.272,69.1557], [39.8826,66.0462], [30.4274,53.0507], [39.8826,66.0462], [43.1934,61.8345], [43.1934,61.8345], [39.8826,66.0462], [43.1934,61.8345], [43.1934,61.8345], [43.1934,61.8345], [39.8826,66.0462], [41.353,45.6967], [41.353,45.6967], [32.9218,43.945], [47.9518,58.2813], [43.1934,61.8345], [47.9518,58.2813], [39.8826,66.0462], [47.9518,58.2813], [36.399,57.5223], [43.1934,61.8345], [43.1934,61.8345], [77.9186,65.0731], [77.9186,65.0731], [77.9186,65.0731], [82.4923,66.0979], [77.9186,65.0731], [87.2775,45.2631], [88.1498,58.8089], [82.4923,66.0979], [87.2775,45.2631], [70.8454,45.6081], [70.8454,45.6081], [70.8454,45.6081], [70.8454,45.6081], [70.8454,45.6081], [87.2775,45.2631], [70.8454,45.6081], [87.2775,45.2631], [87.2775,45.2631], [87.2775,45.2631], [87.2775,45.2631], [53.4173,47.8399], [47.4328,35.3839], [35.1653,33.5066], [56.161,38.3898], [56.161,38.3898], [53.956,35.7467], [56.161,38.3898], [53.956,35.7467], [38.7887,88.1324], [39.1721,93.0108], [38.1965,76.7392], [45.013,83.6345], [36.3143,96.508], [36.3143,96.508], [39.1721,93.0108], [30.0936,107.491], [45.4993,99.5955], [23.7434,92.7825], [36.3143,96.508], [45.4993,99.5955], [38.3275,81.8537], [39.1721,93.0108], [27.7103,92.7226], [39.1721,93.0108], [35.4017,99.9978], [39.1721,93.0108], [45.4993,99.5955], [45.4993,99.5955], [53.2172,96.5586], [35.4017,99.9978], [45.4993,99.5955], [39.1721,93.0108], [18.3999,89.3704], [35.4017,99.9978], [20.8759,94.9987], [29.3308,98.2764], [30.0936,107.491], [30.0936,107.491], [27.7103,92.7226], [36.3143,96.508], [38.3275,81.8537], [27.0122,98.7068], [36.3143,96.508], [20.8759,94.9987], [30.0936,107.491], [27.0122,98.7068], [20.8759,94.9987], [27.0122,98.7068], [18.3999,89.3704], [13.9061,95.6343], [18.3999,89.3704], [38.3275,81.8537], [27.0122,98.7068], [9.07002,90.2081], [7.16107,78.5885], [7.94212,76.5389], [7.16107,78.5885], [8.03733,74.791], [7.94212,76.5389], [7.16107,78.5885], [7.94212,76.5389], [7.16107,78.5885], [7.16107,78.5885], [7.94212,76.5389], [7.94212,76.5389], [8.03733,74.791], [8.03733,74.791], [13.9061,95.6343], [13.9061,95.6343], [27.0122,98.7068], [27.0122,98.7068], [10.2855,84.3249], [20.8759,94.9987], [10.4944,101.665], [4.9259,99.4864], [8.26234,95.7394], [27.0122,98.7068], [29.3308,98.2764], [13.9061,95.6343], [10.2855,84.3249], [10.4944,101.665], [8.26234,95.7394], [10.4944,101.665], [13.9061,95.6343], [10.4944,101.665], [5.55063,85.9704], [10.4944,101.665], [4.9259,99.4864], [8.26234,95.7394], [4.44518,82.8428], [8.26234,95.7394], [9.07002,90.2081], [4.9259,99.4864], [10.2855,84.3249], [4.9259,99.4864], [4.9259,99.4864], [0.8081,88.0723], [10.2855,84.3249], [27.0122,98.7068], [9.07002,90.2081], [13.9061,95.6343], [4.9259,99.4864], [27.0122,98.7068], [13.9061,95.6343], [20.8759,94.9987], [4.9259,99.4864], [5.55063,85.9704], [9.07002,90.2081], [4.44518,82.8428], [4.44518,82.8428], [16.8087,86.7354], [0.8081,88.0723], [4.44518,82.8428], [6.45598,77.837], [10.2855,84.3249], [16.8087,86.7354], [27.0122,98.7068], [18.3999,89.3704], [4.44518,82.8428], [4.9259,99.4864], [16.8087,86.7354], [2.04262,82.7582], [10.2855,84.3249], [2.83702,70.4348], [9.07002,90.2081], [9.07002,90.2081], [12.2338,77.9193], [10.4944,101.665], [4.9259,99.4864], [8.26234,95.7394], [10.2855,84.3249], [10.2855,84.3249], [10.2855,84.3249], [18.3999,89.3704], [21.7171,73.3099], [18.3999,89.3704], [21.7171,73.3099], [12.2338,77.9193], [20.8759,94.9987], [20.8759,94.9987], [9.07002,90.2081], [8.26234,95.7394], [19.2092,67.1711], [9.07002,90.2081], [12.2338,77.9193], [12.2338,77.9193], [16.8087,86.7354], [11.5985,72.8775], [5.55063,85.9704], [16.8087,86.7354], [12.2338,77.9193], [18.3999,89.3704], [11.5985,72.8775], [18.3999,89.3704], [2.83702,70.4348], [2.04262,82.7582], [4.85316,69.8866], [5.55063,85.9704], [2.83702,70.4348], [1.02825,57.2008], [22.272,69.1557], [14.0798,68.0447], [7.16107,78.5885], [7.94212,76.5389], [7.94212,76.5389], [22.272,69.1557], [7.16107,78.5885], [8.03733,74.791], [9.99803,52.146], [14.0798,68.0447], [14.0798,68.0447], [14.0798,68.0447], [9.99803,52.146], [16.2964,45.1708], [14.0798,68.0447], [4.43013,54.6411], [23.2748,50.8637], [9.99803,52.146], [4.43013,54.6411], [9.99803,52.146], [14.0798,68.0447], [23.8884,53.4276], [16.2964,45.1708], [22.8886,61.1695], [22.8886,61.1695], [20.4882,56.4291], [20.4882,56.4291], [23.2748,50.8637], [20.4882,56.4291], [23.2748,50.8637], [19.8049,38.7875], [30.4274,53.0507], [43.1934,61.8345], [29.3338,34.8473], [29.3338,34.8473], [41.353,45.6967], [36.0008,47.9257], [20.4882,56.4291], [29.3338,34.8473], [23.8884,53.4276], [20.4882,56.4291], [32.9218,43.945], [20.4882,56.4291], [9.99803,52.146], [22.8886,61.1695], [14.0798,68.0447], [20.4882,56.4291], [23.2748,50.8637], [39.0338,41.786], [20.4882,56.4291], [20.4882,56.4291], [19.8049,38.7875], [19.8049,38.7875], [19.8049,