{
  "instance_index": 0,
  "birth_iter": 10,
  "death_iter": 20,
  "survival_iters": 10,
  "censored": true,
  "pre_vnd_cost": 11728.3,
  "post_vnd_cost": 565.135,
  "pre_vnd_coords": [[80,20], [65.1697,21.2584], [69.7935,12.1157], [65.1697,21.2584], [66.1609,34.693], [65.1697,21.2584], [66.1609,34.693], [59.242,22.0191], [69.7935,12.1157], [65.1697,21.2584], [65.1697,21.2584], [69.7935,12.1157], [69.7935,12.1157], [69.7935,12.1157], [93.5083,8.96419], [93.5083,8.96419], [98.5344,21.5889], [93.5083,8.96419], [93.5083,8.96419], [93.5083,8.96419], [98.5344,21.5889], [80.9829,39.2676], [80.9829,39.2676], [80.9829,39.2676], [73.7021,42.109], [73.7021,42.109], [62.997,66.2686], [62.997,66.2686], [62.997,66.2686], [73.7021,42.109], [57.0701,49.5466], [57.0701,49.5466], [57.0701,49.5466], [57.0701,49.5466], [66.1609,34.693], [65.4333,38.9854], [60.1818,44.185], [65.4333,38.9854], [65.4333,38.9854], [73.7021,42.109], [47.4401,32.9157], [59.242,22.0191], [65.4333,38.9854], [65.4333,38.9854], [42.0523,42.8749], [65.4333,38.9854], [57.0701,49.5466], [57.0701,49.5466], [62.997,66.2686], [62.997,66.2686], [57.0701,49.5466], [62.997,66.2686], [39.9891,43.6103], [56.4835,34.5122], [57.0701,49.5466], [42.0523,42.8749], [23.6106,55.6639], [39.9891,43.6103], [34.7213,74.4786], [39.9891,43.6103], [29.8676,61.3607], [25.2476,69.2646], [17.1858,64.228], [24.5846,45.556], [23.7689,53.2471], [16.2258,55.8418], [19.7671,67.9932], [25.7462,58.596], [17.1858,64.228], [16.2258,55.8418], [9.37094,47.2096], [29.8676,61.3607], [9.37094,47.2096], [24.5846,45.556], [11.9666,61.458], [9.37094,47.2096], [9.37094,47.2096], [9.37094,47.2096], [15.2816,47.6716], [11.9666,61.458], [9.37094,47.2096], [9.37094,47.2096], [4.14593,43.3492], [15.2816,47.6716], [28.3239,40.9513], [18.789,40.9361], [24.5846,45.556], [9.37094,47.2096], [28.3239,40.9513], [9.37094,47.2096], [20.1405,34.3931], [15.2816,47.6716], [15.2816,47.6716], [9.37094,47.2096], [9.37094,47.2096], [24.5846,45.556], [4.0298,40.8062], [13.4085,34.6094], [4.14593,43.3492], [18.789,40.9361], [13.4085,34.6094], [11.9666,61.458], [0.614743,32.7253], [0.614743,32.7253], [15.2816,47.6716], [9.37094,47.2096], [15.2816,47.6716], [15.2816,47.6716], [4.14593,43.3492], [4.14593,43.3492], [5.76984,59.8445], [5.76984,59.8445], [15.2816,47.6716], [15.2816,47.6716], [5.76984,59.8445], [2.97707,57.3463], [4.0298,40.8062], [18.789,40.9361], [2.97707,57.3463], [2.97707,57.3463], [2.97707,57.3463], [9.37094,47.2096], [2.97707,57.3463], [2.97707,57.3463], [2.97707,57.3463], [8.40355,68.8639], [9.63427,81.5202], [12.1108,87.3887], [-2.24198,91.9731], [12.1108,87.3887], [12.1108,87.3887], [6.45998,95.8522], [4.48919,83.6748], [-1.52799,88.822], [-1.52799,88.822], [12.1108,87.3887], [6.45998,95.8522], [12.1108,87.3887], [16.2566,93.5953], [9.40192,69.0986], [12.1108,87.3887], [19.2974,96.4469], [12.1108,87.3887], [3.44227,78.3223], [16.2566,93.5953], [4.48919,83.6748], [13.8054,76.0328], [3.44227,78.3223], [3.44227,78.3223], [12.1108,87.3887], [13.8054,76.0328], [19.7671,67.9932], [12.1108,87.3887], [19.0929,77.54], [13.8054,76.0328], [19.0929,77.54], [19.7671,67.9932], [9.40192,69.0986], [19.7671,67.9932], [19.0929,77.54], [13.8054,76.0328], [19.2974,96.4469], [9.18476,89.7386], [9.63427,81.5202], [9.15576,96.0393], [5.76984,59.8445], [3.44227,78.3223], [11.9666,61.458], [13.8054,76.0328], [11.9666,61.458], [9.40192,69.0986], [5.85588,76.9967], [3.44227,78.3223], [11.9666,61.458], [3.44227,78.3223], [3.44227,78.3223], [3.44227,78.3223], [3.44227,78.3223], [3.44227,78.3223], [3.44227,78.3223], [3.44227,78.3223], [3.44227,78.3223], [5.76984,59.8445], [14.8595,63.3836], [11.9666,61.458], [5.76984,59.8445], [14.8595,63.3836], [22.5866,64.2572], [5.76984,59.8445], [11.9666,61.458], [9.37094,47.2096], [11.9666,61.458], [5.76984,59.8445], [2.97707,57.3463], [14.8595,63.3836], [9.37094,47.2096], [11.9666,61.458], [15.2816,47.6716], [11.9666,61.458], [20.9105,62.4973], [25.2476,69.2646], [17.1858,64.228], [16.2258,55.8418], [5.85588,76.9967], [9.40192,69.0986], [17.1858,64.228], [9.40192,69.0986], [5.85588,76.9967], [5.76984,59.8445], [16.2258,55.8418], [17.1858,64.228], [3.44227,78.3223], [13.8054,76.0328], [3.44227,78.3223], [12.1108,87.3887], [4.48919,83.6748], [5.11219,72.1242], [11.9666,61.458], [3.44227,78.3223], [3.44227,78.3223], [3.44227,78.3223], [12.1108,87.3887], [9.40192,69.0986], [12.1108,87.3887], [3.44227,78.3223], [17.1858,64.228], [3.44227,78.3223], [3.44227,78.3223], [11.6349,77.4], [12.1108,87.3887], [8.40355,68.8639], [9.40192,69.0986], [9.40192,69.0986], [13.8054,76.0328], [9.40192,69.0986], [19.0929,77.54], [12.1108,87.3887], [3.44227,78.3223], [19.7671,67.9932], [11.9666,61.458], [5.11219,72.1242], [29.8676,61.3607], [17.1858,64.228], [9.40192,69.0986], [29.8676,61.3607], [19.7671,67.9932], [25.2476,69.2646], [19.0929,77.54], [13.8054,76.0328], [29.5943,73.9657], [33.085,75.5189], [19.7671,67.9932], [22.5866,64.2572], [27.9655,78.1671], [9.40192,69.0986], [27.9655,78.1671], [19.0929,77.54], [40.6989,93.342], [33.085,75.5189], [40.6989,93.342], [34.6683,84.1985], [34.6683,84.1985], [34.6683,84.1985], [40.3868,84.9403], [40.3868,84.9403], [31.8278,90.3985], [31.8278,90.3985], [34.6683,84.1985], [46.7085,89.6311], [46.7085,89.6311], [46.7085,89.6311], [46.7085,89.6311], [35.3699,91.6194], [30.0942,79.5662], [40.3868,84.9403], [27.9655,78.1671], [27.9655,78.1671], [34.6683,84.1985], [19.0929,77.54], [40.3868,84.9403], [29.2978,87.7257], [34.6683,84.1985], [19.0929,77.54], [29.2978,87.7257], [14.6009,98.0188], [32.1754,97.2609], [19.2974,96.4469], [12.1108,87.3887], [16.2566,93.5953], [16.2566,93.5953], [22.7646,86.9893], [35.3699,91.6194], [19.0929,77.54], [31.8278,90.3985], [16.2566,93.5953], [12.1108,87.3887], [15.7926,85.5788], [12.1108,87.3887], [12.1108,87.3887], [29.5943,73.9657], [22.7646,86.9893], [29.2978,87.7257], [19.7671,67.9932], [19.0929,77.54], [13.8054,76.0328], [12.1108,87.3887], [19.0929,77.54], [23.8218,77.3307], [27.1674,88.4253], [9.18476,89.7386], [27.1674,88.4253], [18.2993,74.3082], [9.18476,89.7386], [9.15576,96.0393], [20.7369,79.6699], [21.515,86.2639], [21.515,86.2639], [27.1674,88.4253], [27.7715,98.5444], [11.8766,95.7251], [20.7369,79.6699], [38.0631,96.2618], [27.1674,88.4253], [27.1674,88.4253], [35.3568,90.1995], [33.1329,92.0401], [27.7715,98.5444], [38.0631,96.2618], [30.6788,97.6278], [33.1329,92.0401], [33.1329,92.0401], [33.1329,92.0401], [38.0631,96.2618], [38.0631,96.2618], [35.3568,90.1995], [27.7715,98.5444], [38.0631,96.2618], [38.0631,96.2618], [38.0631,96.2618], [35.3568,90.1995], [30.6788,97.6278], [20.7369,79.6699], [20.7369,79.6699], [35.3568,90.1995], [23.8218,77.3307], [23.8218,77.3307], [18.2993,74.3082], [18.2993,74.3082], [23.8218,77.3307], [20.7369,79.6699], [23.8218,77.3307], [9.63427,81.5202], [18.8222,75.6139], [23.5396,27.1593], [13.9708,25.1851], [23.5396,27.1593], [36.5154,22.1714], [36.5154,22.1714], [36.5154,22.1714], [35.7535,15.0684], [35.7535,15.0684], [36.5154,22.1714], [45.2532,30.1389], [45.2532,30.1389], [34.2525,33.3865], [23.5396,27.1593], [36.5154,22.1714], [36.5154,22.1714], [23.5396,27.1593], [23.5396,27.1593], [21.2453,16.9887], [28.3621,5.0063], [23.5396,27.1593], [23.5396,27.1593], [39.9891,43.6103], [34.2525,33.3865], [30.6586,33.6614], [38.6343,25.3787], [38.6343,25.3787], [55.0499,58.382], [75.8795,72.6828], [64.0139,71.9383], [68.5729,66.5029], [52.8357,63.8751], [56.0126,69.7153], [62.5159,77.6417], [71.7513,53.7865], [75.0952,63.8416], [63.6608,68.5193], [70.9053,58.1672], [78.6419,53.6436], [62.5159,77.6417], [78.6419,53.6436], [75.0952,63.8416], [75.0952,63.8416], [79.0666,51.1623], [71.7513,53.7865], [68.5729,66.5029], [68.5729,66.5029], [63.6608,68.5193], [71.7513,53.7865], [67.0251,46.0597], [66.4015,58.831], [68.5729,66.5029], [60.8156,63.5257], [66.4015,58.831], [59.7629,43.1969], [79.0666,51.1623], [71.7513,53.7865], [79.0666,51.1623], [70.9053,58.1672], [71.7513,53.7865], [66.4015,58.831], [79.0666,51.1623], [86.9462,44.7588], [79.0666,51.1623], 