instance,run,seed,island,model,window,window_start_iter,window_end_iter,rejections
bonus1000,10,91,0,COX,4,200,249,40
bonus1000,10,91,0,COX,5,250,299,43
bonus1000,10,91,0,COX,6,300,349,37
bonus1000,10,91,0,COX,7,350,399,38
bonus1000,10,91,0,COX,8,400,449,25
bonus1000,10,91,1,RSF,5,250,299,18
bonus1000,10,91,4,SSVM,5,250,299,44
bonus1000,10,91,7,ELASTICNET,5,250,299,2
bonus1000,10,91,5,WEIBULLAFT,5,250,299,21
bonus1000,10,91,4,SSVM,6,300,349,48
bonus1000,10,91,4,SSVM,7,350,399,42
bonus1000,10,91,2,GBSA,5,250,299,9
bonus1000,10,91,6,KNN,5,250,299,3
bonus1000,10,91,4,SSVM,8,400,449,42
bonus1000,10,91,3,DEEPSURV,5,250,299,6
bonus1000,10,91,8,MTLR,5,250,299,5
bonus1000,10,91,5,WEIBULLAFT,6,300,349,22
bonus1000,10,91,1,RSF,6,300,349,20
bonus1000,10,91,2,GBSA,6,300,349,20
bonus1000,10,91,6,KNN,6,300,349,9
bonus1000,10,91,5,WEIBULLAFT,7,350,399,27
bonus1000,10,91,8,MTLR,6,300,349,8
bonus1000,10,91,1,RSF,7,350,399,26
bonus1000,10,91,7,ELASTICNET,6,300,349,3
bonus1000,10,91,2,GBSA,7,350,399,18
bonus1000,10,91,3,DEEPSURV,6,300,349,1
bonus1000,10,91,5,WEIBULLAFT,8,400,449,25
bonus1000,10,91,1,RSF,8,400,449,22
bonus1000,10,91,7,ELASTICNET,7,350,399,1
bonus1000,10,91,2,GBSA,8,400,449,23
bonus1000,10,91,6,KNN,7,350,399,3
bonus1000,10,91,8,MTLR,7,350,399,6
bonus1000,10,91,1,RSF,9,450,499,28
bonus1000,10,91,2,GBSA,9,450,499,22
bonus1000,10,91,7,ELASTICNET,8,400,449,6
bonus1000,10,91,8,MTLR,8,400,449,3
bonus1000,10,91,1,RSF,10,500,549,29
bonus1000,10,91,2,GBSA,10,500,549,22
bonus1000,10,91,6,KNN,8,400,449,1
bonus1000,10,91,7,ELASTICNET,9,450,499,2
bonus1000,10,91,2,GBSA,11,550,599,21
bonus1000,10,91,8,MTLR,9,450,499,3
bonus1000,10,91,6,KNN,9,450,499,6
bonus1000,10,91,3,DEEPSURV,9,450,499,1
bonus1000,10,91,2,GBSA,12,600,649,25
bonus1000,10,91,2,GBSA,13,650,699,21
bonus1000,10,91,7,ELASTICNET,10,500,549,1
bonus1000,10,91,8,MTLR,10,500,549,2
bonus1000,10,91,2,GBSA,14,700,749,26
bonus1000,10,91,6,KNN,10,500,549,1
bonus1000,10,91,7,ELASTICNET,11,550,599,5
bonus1000,10,91,2,GBSA,15,750,799,32
bonus1000,10,91,3,DEEPSURV,11,550,599,1
bonus1000,10,91,2,GBSA,16,800,849,18
bonus1000,10,91,8,MTLR,11,550,599,2
bonus1000,10,91,6,KNN,12,600,649,2
bonus1000,10,91,8,MTLR,12,600,649,4
bonus1000,10,91,3,DEEPSURV,12,600,649,1
bonus1000,10,91,7,ELASTICNET,12,600,649,1
bonus1000,10,91,3,DEEPSURV,13,650,699,2
bonus1000,10,91,6,KNN,13,650,699,1
bonus1000,10,91,8,MTLR,13,650,699,3
bonus1000,10,91,7,ELASTICNET,14,700,749,1
bonus1000,10,91,8,MTLR,14,700,749,4
bonus1000,10,91,6,KNN,15,750,799,1
bonus1000,10,91,8,MTLR,15,750,799,2
bonus1000,10,91,3,DEEPSURV,15,750,799,1
bonus1000,10,91,7,ELASTICNET,16,800,849,3
bonus1000,10,91,8,MTLR,16,800,849,4
bonus1000,10,91,8,MTLR,17,850,899,2
bonus1000,10,91,8,MTLR,18,900,949,5
bonus1000,10,91,8,MTLR,19,950,999,7
bonus1000,1,1,1,RSF,5,250,299,12
bonus1000,1,1,0,COX,5,250,299,48
bonus1000,1,1,6,KNN,5,250,299,14
bonus1000,1,1,0,COX,6,300,349,47
bonus1000,1,1,5,WEIBULLAFT,5,250,299,8
bonus1000,1,1,4,SSVM,5,250,299,43
bonus1000,1,1,0,COX,7,350,399,46
bonus1000,1,1,7,ELASTICNET,5,250,299,18
bonus1000,1,1,0,COX,8,400,449,45
bonus1000,1,1,4,SSVM,6,300,349,38
bonus1000,1,1,4,SSVM,7,350,399,45
bonus1000,1,1,2,GBSA,5,250,299,5
bonus1000,1,1,4,SSVM,8,400,449,45
bonus1000,1,1,8,MTLR,5,250,299,11
bonus1000,1,1,3,DEEPSURV,5,250,299,4
bonus1000,1,1,6,KNN,6,300,349,13
bonus1000,1,1,1,RSF,6,300,349,6
bonus1000,1,1,7,ELASTICNET,6,300,349,5
bonus1000,1,1,5,WEIBULLAFT,6,300,349,6
bonus1000,1,1,8,MTLR,6,300,349,13
bonus1000,1,1,2,GBSA,6,300,349,4
bonus1000,1,1,6,KNN,7,350,399,8
bonus1000,1,1,3,DEEPSURV,6,300,349,1
bonus1000,1,1,7,ELASTICNET,7,350,399,9
bonus1000,1,1,5,WEIBULLAFT,7,350,399,8
bonus1000,1,1,8,MTLR,7,350,399,9
bonus1000,1,1,2,GBSA,7,350,399,3
bonus1000,1,1,6,KNN,8,400,449,5
bonus1000,1,1,1,RSF,7,350,399,3
bonus1000,1,1,5,WEIBULLAFT,8,400,449,9
bonus1000,1,1,7,ELASTICNET,8,400,449,13
bonus1000,1,1,3,DEEPSURV,7,350,399,1
bonus1000,1,1,8,MTLR,8,400,449,9
bonus1000,1,1,1,RSF,8,400,449,3
bonus1000,1,1,6,KNN,9,450,499,12
bonus1000,1,1,8,MTLR,9,450,499,16
bonus1000,1,1,7,ELASTICNET,9,450,499,10
bonus1000,1,1,5,WEIBULLAFT,9,450,499,7
bonus1000,1,1,2,GBSA,8,400,449,2
bonus1000,1,1,6,KNN,10,500,549,7
bonus1000,1,1,7,ELASTICNET,10,500,549,10
bonus1000,1,1,8,MTLR,10,500,549,14
bonus1000,1,1,5,WEIBULLAFT,10,500,549,9
bonus1000,1,1,2,GBSA,9,450,499,3
bonus1000,1,1,6,KNN,11,550,599,4
bonus1000,1,1,2,GBSA,10,500,549,4
bonus1000,1,1,8,MTLR,11,550,599,19
bonus1000,1,1,7,ELASTICNET,11,550,599,8
bonus1000,1,1,5,WEIBULLAFT,11,550,599,5
bonus1000,1,1,1,RSF,10,500,549,2
bonus1000,1,1,6,KNN,12,600,649,11
bonus1000,1,1,8,MTLR,12,600,649,2
bonus1000,1,1,7,ELASTICNET,12,600,649,15
bonus1000,1,1,2,GBSA,11,550,599,7
bonus1000,1,1,3,DEEPSURV,10,500,549,1
bonus1000,1,1,6,KNN,13,650,699,8
bonus1000,1,1,5,WEIBULLAFT,12,600,649,5
bonus1000,1,1,7,ELASTICNET,13,650,699,7
bonus1000,1,1,2,GBSA,12,600,649,6
bonus1000,1,1,1,RSF,12,600,649,4
bonus1000,1,1,5,WEIBULLAFT,13,650,699,5
bonus1000,1,1,6,KNN,14,700,749,6
bonus1000,1,1,7,ELASTICNET,14,700,749,6
bonus1000,1,1,2,GBSA,13,650,699,2
bonus1000,1,1,6,KNN,15,750,799,5
bonus1000,1,1,1,RSF,13,650,699,2
bonus1000,1,1,6,KNN,16,800,849,4
bonus1000,1,1,3,DEEPSURV,13,650,699,1
bonus1000,1,1,2,GBSA,15,750,799,1
bonus1000,1,1,3,DEEPSURV,14,700,749,1
bonus1000,1,1,5,WEIBULLAFT,15,750,799,1
bonus1000,1,1,6,KNN,17,850,899,7
bonus1000,1,1,5,WEIBULLAFT,16,800,849,3
bonus1000,1,1,6,KNN,18,900,949,1
bonus1000,1,1,6,KNN,19,950,999,5
bonus1000,1,1,2,GBSA,17,850,899,1
bonus1000,1,1,5,WEIBULLAFT,18,900,949,1
bonus1000,1,1,5,WEIBULLAFT,19,950,999,5
bonus1000,1,1,1,RSF,18,900,949,2
bonus1000,1,1,1,RSF,19,950,999,2
bonus1000,2,11,2,GBSA,4,200,249,11
bonus1000,2,11,6,KNN,5,250,299,9
bonus1000,2,11,2,GBSA,5,250,299,13
bonus1000,2,11,7,ELASTICNET,5,250,299,42
bonus1000,2,11,4,SSVM,5,250,299,46
bonus1000,2,11,4,SSVM,6,300,349,43
bonus1000,2,11,7,ELASTICNET,6,300,349,38
bonus1000,2,11,1,RSF,5,250,299,11
bonus1000,2,11,0,COX,5,250,299,3
bonus1000,2,11,4,SSVM,7,350,399,44
bonus1000,2,11,3,DEEPSURV,5,250,299,9
bonus1000,2,11,5,WEIBULLAFT,5,250,299,2
bonus1000,2,11,8,MTLR,5,250,299,14
bonus1000,2,11,4,SSVM,8,400,449,47
bonus1000,2,11,7,ELASTICNET,7,350,399,39
bonus1000,2,11,4,SSVM,9,450,499,42
bonus1000,2,11,2,GBSA,6,300,349,16
bonus1000,2,11,7,ELASTICNET,8,400,449,41
bonus1000,2,11,6,KNN,6,300,349,8
bonus1000,2,11,4,SSVM,10,500,549,43
bonus1000,2,11,4,SSVM,11,550,599,29
bonus1000,2,11,1,RSF,6,300,349,8
bonus1000,2,11,8,MTLR,6,300,349,16
bonus1000,2,11,3,DEEPSURV,6,300,349,6
bonus1000,2,11,0,COX,6,300,349,2
bonus1000,2,11,2,GBSA,7,350,399,23
bonus1000,2,11,6,KNN,7,350,399,11
bonus1000,2,11,8,MTLR,7,350,399,25
bonus1000,2,11,2,GBSA,8,400,449,25
bonus1000,2,11,1,RSF,7,350,399,17
bonus1000,2,11,0,COX,7,350,399,3
bonus1000,2,11,3,DEEPSURV,7,350,399,1
bonus1000,2,11,6,KNN,8,400,449,6
bonus1000,2,11,2,GBSA,9,450,499,25
bonus1000,2,11,8,MTLR,8,400,449,17
bonus1000,2,11,1,RSF,8,400,449,18
bonus1000,2,11,5,WEIBULLAFT,7,350,399,1
bonus1000,2,11,2,GBSA,10,500,549,25
bonus1000,2,11,8,MTLR,9,450,499,16
bonus1000,2,11,6,KNN,9,450,499,2
bonus1000,2,11,2,GBSA,11,550,599,23
bonus1000,2,11,1,RSF,9,450,499,21
bonus1000,2,11,8,MTLR,10,500,549,19
bonus1000,2,11,2,GBSA,12,600,649,30
bonus1000,2,11,1,RSF,10,500,549,27
bonus1000,2,11,3,DEEPSURV,9,450,499,1
bonus1000,2,11,2,GBSA,13,650,699,30
bonus1000,2,11,8,MTLR,11,550,599,16
bonus1000,2,11,6,KNN,10,500,549,2
bonus1000,2,11,2,GBSA,14,700,749,20
bonus1000,2,11,1,RSF,11,550,599,18
bonus1000,2,11,5,WEIBULLAFT,9,450,499,1
bonus1000,2,11,3,DEEPSURV,10,500,549,2
bonus1000,2,11,8,MTLR,12,600,649,25
bonus1000,2,11,6,KNN,11,550,599,6
bonus1000,2,11,1,RSF,12,600,649,6
bonus1000,2,11,8,MTLR,13,650,699,21
bonus1000,2,11,6,KNN,12,600,649,2
bonus1000,2,11,5,WEIBULLAFT,10,500,549,1
bonus1000,2,11,8,MTLR,14,700,749,28
bonus1000,2,11,8,MTLR,15,750,799,23
bonus1000,2,11,5,WEIBULLAFT,11,550,599,1
bonus1000,2,11,6,KNN,13,650,699,1
bonus1000,2,11,8,MTLR,16,800,849,19
bonus1000,2,11,8,MTLR,17,850,899,27
bonus1000,2,11,3,DEEPSURV,13,650,699,1
bonus1000,2,11,8,MTLR,18,900,949,36
bonus1000,2,11,8,MTLR,19,950,999,33
bonus1000,2,11,6,KNN,15,750,799,1
bonus1000,2,11,3,DEEPSURV,15,750,799,3
bonus1000,2,11,5,WEIBULLAFT,14,700,749,1
bonus1000,2,11,3,DEEPSURV,17,850,899,1
bonus1000,2,11,6,KNN,19,950,999,3
bonus1000,2,11,5,WEIBULLAFT,18,900,949,1
bonus1000,3,21,0,COX,5,250,299,46
bonus1000,3,21,4,SSVM,5,250,299,49
bonus1000,3,21,6,KNN,5,250,299,24
bonus1000,3,21,0,COX,6,300,349,43
bonus1000,3,21,4,SSVM,6,300,349,50
bonus1000,3,21,7,ELASTICNET,5,250,299,39
bonus1000,3,21,4,SSVM,7,350,399,48
bonus1000,3,21,5,WEIBULLAFT,5,250,299,9
bonus1000,3,21,4,SSVM,8,400,449,49
bonus1000,3,21,2,GBSA,5,250,299,25
bonus1000,3,21,0,COX,7,350,399,44
bonus1000,3,21,7,ELASTICNET,6,300,349,37
bonus1000,3,21,0,COX,8,400,449,43
bonus1000,3,21,6,KNN,6,300,349,33
bonus1000,3,21,7,ELASTICNET,7,350,399,35
bonus1000,3,21,3,DEEPSURV,5,250,299,14
bonus1000,3,21,2,GBSA,6,300,349,18
bonus1000,3,21,8,MTLR,5,250,299,6
bonus1000,3,21,6,KNN,7,350,399,29
bonus1000,3,21,7,ELASTICNET,8,400,449,31
bonus1000,3,21,5,WEIBULLAFT,6,300,349,6
bonus1000,3,21,2,GBSA,7,350,399,17
bonus1000,3,21,7,ELASTICNET,9,450,499,38
bonus1000,3,21,6,KNN,8,400,449,30
bonus1000,3,21,3,DEEPSURV,6,300,349,16
bonus1000,3,21,1,RSF,5,250,299,2
bonus1000,3,21,7,ELASTICNET,10,500,549,40
bonus1000,3,21,8,MTLR,6,300,349,7
bonus1000,3,21,6,KNN,9,450,499,30
bonus1000,3,21,7,ELASTICNET,11,550,599,38
bonus1000,3,21,5,WEIBULLAFT,7,350,399,5
bonus1000,3,21,7,ELASTICNET,12,600,649,42
bonus1000,3,21,2,GBSA,8,400,449,14
bonus1000,3,21,6,KNN,10,500,549,27
bonus1000,3,21,7,ELASTICNET,13,650,699,38
bonus1000,3,21,3,DEEPSURV,7,350,399,9
bonus1000,3,21,7,ELASTICNET,14,700,749,36
bonus1000,3,21,8,MTLR,7,350,399,7
bonus1000,3,21,6,KNN,11,550,599,27
bonus1000,3,21,2,GBSA,9,450,499,12
bonus1000,3,21,7,ELASTICNET,15,750,799,43
bonus1000,3,21,5,WEIBULLAFT,8,400,449,7
bonus1000,3,21,3,DEEPSURV,8,400,449,8
bonus1000,3,21,7,ELASTICNET,16,800,849,37
bonus1000,3,21,6,KNN,12,600,649,21
bonus1000,3,21,7,ELASTICNET,17,850,899,31
bonus1000,3,21,8,MTLR,8,400,449,14
bonus1000,3,21,2,GBSA,10,500,549,8
bonus1000,3,21,5,WEIBULLAFT,9,450,499,2
bonus1000,3,21,7,ELASTICNET,18,900,949,37
bonus1000,3,21,6,KNN,13,650,699,27
bonus1000,3,21,3,DEEPSURV,9,450,499,12
bonus1000,3,21,7,ELASTICNET,19,950,999,35
bonus1000,3,21,6,KNN,14,700,749,20
bonus1000,3,21,2,GBSA,11,550,599,12
bonus1000,3,21,8,MTLR,9,450,499,12
bonus1000,3,21,5,WEIBULLAFT,10,500,549,3
bonus1000,3,21,3,DEEPSURV,10,500,549,7
bonus1000,3,21,6,KNN,15,750,799,21
bonus1000,3,21,8,MTLR,10,500,549,24
bonus1000,3,21,2,GBSA,12,600,649,7
bonus1000,3,21,6,KNN,16,800,849,18
bonus1000,3,21,8,MTLR,11,550,599,10
bonus1000,3,21,3,DEEPSURV,11,550,599,6
bonus1000,3,21,5,WEIBULLAFT,11,550,599,1
bonus1000,3,21,6,KNN,17,850,899,13
bonus1000,3,21,2,GBSA,13,650,699,5
bonus1000,3,21,8,MTLR,12,600,649,24
bonus1000,3,21,3,DEEPSURV,12,600,649,3
bonus1000,3,21,6,KNN,18,900,949,11
bonus1000,3,21,2,GBSA,14,700,749,7
bonus1000,3,21,5,WEIBULLAFT,12,600,649,4
bonus1000,3,21,8,MTLR,13,650,699,16
bonus1000,3,21,3,DEEPSURV,13,650,699,6
bonus1000,3,21,8,MTLR,14,700,749,24
bonus1000,3,21,6,KNN,19,950,999,11
bonus1000,3,21,2,GBSA,15,750,799,7
bonus1000,3,21,8,MTLR,15,750,799,25
bonus1000,3,21,3,DEEPSURV,14,700,749,5
bonus1000,3,21,8,MTLR,16,800,849,32
bonus1000,3,21,5,WEIBULLAFT,14,700,749,1
bonus1000,3,21,2,GBSA,16,800,849,5
bonus1000,3,21,8,MTLR,17,850,899,21
bonus1000,3,21,3,DEEPSURV,15,750,799,4
bonus1000,3,21,8,MTLR,18,900,949,30
bonus1000,3,21,2,GBSA,17,850,899,1
bonus1000,3,21,8,MTLR,19,950,999,25
bonus1000,3,21,5,WEIBULLAFT,15,750,799,1
bonus1000,3,21,3,DEEPSURV,16,800,849,1
bonus1000,3,21,5,WEIBULLAFT,16,800,849,2
bonus1000,3,21,3,DEEPSURV,17,850,899,5
bonus1000,3,21,3,DEEPSURV,19,950,999,3
bonus1000,3,21,5,WEIBULLAFT,19,950,999,1
bonus1000,4,31,4,SSVM,5,250,299,3
bonus1000,4,31,0,COX,5,250,299,46
bonus1000,4,31,6,KNN,5,250,299,24
bonus1000,4,31,0,COX,6,300,349,44
bonus1000,4,31,7,ELASTICNET,5,250,299,20
bonus1000,4,31,0,COX,7,350,399,49
bonus1000,4,31,2,GBSA,5,250,299,2
bonus1000,4,31,0,COX,8,400,449,48
bonus1000,4,31,5,WEIBULLAFT,5,250,299,12
bonus1000,4,31,1,RSF,5,250,299,18
bonus1000,4,31,8,MTLR,5,250,299,10
bonus1000,4,31,6,KNN,6,300,349,18
bonus1000,4,31,7,ELASTICNET,6,300,349,20
bonus1000,4,31,3,DEEPSURV,5,250,299,9
bonus1000,4,31,1,RSF,6,300,349,19
bonus1000,4,31,6,KNN,7,350,399,32
bonus1000,4,31,5,WEIBULLAFT,6,300,349,5
bonus1000,4,31,7,ELASTICNET,7,350,399,17
bonus1000,4,31,8,MTLR,6,300,349,5
bonus1000,4,31,3,DEEPSURV,6,300,349,16
bonus1000,4,31,2,GBSA,6,300,349,3
bonus1000,4,31,6,KNN,8,400,449,27
bonus1000,4,31,1,RSF,7,350,399,13
bonus1000,4,31,4,SSVM,7,350,399,1
bonus1000,4,31,7,ELASTICNET,8,400,449,20
bonus1000,4,31,5,WEIBULLAFT,7,350,399,8
bonus1000,4,31,6,KNN,9,450,499,33
bonus1000,4,31,3,DEEPSURV,7,350,399,13
bonus1000,4,31,2,GBSA,7,350,399,4
bonus1000,4,31,8,MTLR,7,350,399,12
bonus1000,4,31,6,KNN,10,500,549,34
bonus1000,4,31,7,ELASTICNET,9,450,499,14
bonus1000,4,31,6,KNN,11,550,599,21
bonus1000,4,31,3,DEEPSURV,8,400,449,18
bonus1000,4,31,8,MTLR,8,400,449,13
bonus1000,4,31,1,RSF,8,400,449,9
bonus1000,4,31,5,WEIBULLAFT,8,400,449,5
bonus1000,4,31,6,KNN,12,600,649,24
bonus1000,4,31,7,ELASTICNET,10,500,549,10
bonus1000,4,31,2,GBSA,8,400,449,3
bonus1000,4,31,3,DEEPSURV,9,450,499,19
bonus1000,4,31,8,MTLR,9,450,499,8
bonus1000,4,31,1,RSF,9,450,499,17
bonus1000,4,31,6,KNN,13,650,699,31
bonus1000,4,31,7,ELASTICNET,11,550,599,11
bonus1000,4,31,5,WEIBULLAFT,9,450,499,3
bonus1000,4,31,6,KNN,14,700,749,28
bonus1000,4,31,2,GBSA,9,450,499,8
bonus1000,4,31,3,DEEPSURV,10,500,549,20
bonus1000,4,31,1,RSF,10,500,549,11
bonus1000,4,31,8,MTLR,10,500,549,10
bonus1000,4,31,6,KNN,15,750,799,26
bonus1000,4,31,5,WEIBULLAFT,10,500,549,6
bonus1000,4,31,3,DEEPSURV,11,550,599,25
bonus1000,4,31,7,ELASTICNET,12,600,649,5
bonus1000,4,31,6,KNN,16,800,849,25
bonus1000,4,31,8,MTLR,11,550,599,15
bonus1000,4,31,3,DEEPSURV,12,600,649,27
bonus1000,4,31,1,RSF,11,550,599,15
bonus1000,4,31,6,KNN,17,850,899,18
bonus1000,4,31,2,GBSA,10,500,549,2
bonus1000,4,31,3,DEEPSURV,13,650,699,31
bonus1000,4,31,5,WEIBULLAFT,11,550,599,5
bonus1000,4,31,7,ELASTICNET,13,650,699,3
bonus1000,4,31,8,MTLR,12,600,649,15
bonus1000,4,31,2,GBSA,11,550,599,8
bonus1000,4,31,3,DEEPSURV,14,700,749,28
bonus1000,4,31,1,RSF,12,600,649,11
bonus1000,4,31,3,DEEPSURV,15,750,799,25
bonus1000,4,31,7,ELASTICNET,14,700,749,5
bonus1000,4,31,8,MTLR,13,650,699,21
bonus1000,4,31,5,WEIBULLAFT,12,600,649,7
bonus1000,4,31,1,RSF,13,650,699,17
bonus1000,4,31,3,DEEPSURV,16,800,849,28
bonus1000,4,31,5,WEIBULLAFT,13,650,699,7
bonus1000,4,31,8,MTLR,14,700,749,12
bonus1000,4,31,7,ELASTICNET,15,750,799,13
bonus1000,4,31,2,GBSA,12,600,649,1
bonus1000,4,31,3,DEEPSURV,17,850,899,30
bonus1000,4,31,1,RSF,14,700,749,17
bonus1000,4,31,3,DEEPSURV,18,900,949,23
bonus1000,4,31,2,GBSA,13,650,699,2
bonus1000,4,31,7,ELASTICNET,16,800,849,4
bonus1000,4,31,1,RSF,15,750,799,18
bonus1000,4,31,3,DEEPSURV,19,950,999,31
bonus1000,4,31,5,WEIBULLAFT,14,700,749,1
bonus1000,4,31,1,RSF,16,800,849,16
bonus1000,4,31,5,WEIBULLAFT,15,750,799,2
bonus1000,4,31,2,GBSA,14,700,749,2
bonus1000,4,31,1,RSF,17,850,899,6
bonus1000,4,31,2,GBSA,15,750,799,2
bonus1000,4,31,5,WEIBULLAFT,16,800,849,3
bonus1000,4,31,1,RSF,18,900,949,12
bonus1000,4,31,5,WEIBULLAFT,17,850,899,1
bonus1000,4,31,1,RSF,19,950,999,15
bonus1000,4,31,2,GBSA,17,850,899,1
bonus1000,4,31,5,WEIBULLAFT,18,900,949,1
bonus1000,4,31,2,GBSA,18,900,949,1
bonus1000,4,31,5,WEIBULLAFT,19,950,999,2
bonus1000,4,31,2,GBSA,19,950,999,1
bonus1000,5,41,2,GBSA,4,200,249,8
bonus1000,5,41,7,ELASTICNET,5,250,299,16
bonus1000,5,41,2,GBSA,5,250,299,16
bonus1000,5,41,6,KNN,5,250,299,30
bonus1000,5,41,0,COX,5,250,299,50
bonus1000,5,41,0,COX,6,300,349,49
bonus1000,5,41,0,COX,7,350,399,45
bonus1000,5,41,4,SSVM,5,250,299,46
bonus1000,5,41,0,COX,8,400,449,44
bonus1000,5,41,4,SSVM,6,300,349,40
bonus1000,5,41,5,WEIBULLAFT,5,250,299,22
bonus1000,5,41,1,RSF,5,250,299,10
bonus1000,5,41,6,KNN,6,300,349,31
bonus1000,5,41,4,SSVM,7,350,399,34
bonus1000,5,41,2,GBSA,6,300,349,26
bonus1000,5,41,7,ELASTICNET,6,300,349,8
bonus1000,5,41,3,DEEPSURV,5,250,299,6
bonus1000,5,41,4,SSVM,8,400,449,36
bonus1000,5,41,5,WEIBULLAFT,6,300,349,25
bonus1000,5,41,6,KNN,7,350,399,30
bonus1000,5,41,8,MTLR,5,250,299,2
bonus1000,5,41,2,GBSA,7,350,399,18
bonus1000,5,41,1,RSF,6,300,349,13
bonus1000,5,41,6,KNN,8,400,449,31
bonus1000,5,41,5,WEIBULLAFT,7,350,399,32
bonus1000,5,41,7,ELASTICNET,7,350,399,10
bonus1000,5,41,3,DEEPSURV,6,300,349,8
bonus1000,5,41,6,KNN,9,450,499,26
bonus1000,5,41,5,WEIBULLAFT,8,400,449,31
bonus1000,5,41,2,GBSA,8,400,449,23
bonus1000,5,41,1,RSF,7,350,399,23
bonus1000,5,41,5,WEIBULLAFT,9,450,499,28
bonus1000,5,41,6,KNN,10,500,549,29
bonus1000,5,41,2,GBSA,9,450,499,20
bonus1000,5,41,3,DEEPSURV,7,350,399,9
bonus1000,5,41,7,ELASTICNET,8,400,449,6
bonus1000,5,41,6,KNN,11,550,599,25
bonus1000,5,41,5,WEIBULLAFT,10,500,549,21
bonus1000,5,41,1,RSF,8,400,449,22
bonus1000,5,41,2,GBSA,10,500,549,24
bonus1000,5,41,6,KNN,12,600,649,25
bonus1000,5,41,5,WEIBULLAFT,11,550,599,28
bonus1000,5,41,3,DEEPSURV,8,400,449,5
bonus1000,5,41,7,ELASTICNET,9,450,499,8
bonus1000,5,41,1,RSF,9,450,499,25
bonus1000,5,41,2,GBSA,11,550,599,23
bonus1000,5,41,6,KNN,13,650,699,22
bonus1000,5,41,5,WEIBULLAFT,12,600,649,20
bonus1000,5,41,1,RSF,10,500,549,30
bonus1000,5,41,2,GBSA,12,600,649,14
bonus1000,5,41,3,DEEPSURV,9,450,499,4
bonus1000,5,41,7,ELASTICNET,10,500,549,4
bonus1000,5,41,6,KNN,14,700,749,33
bonus1000,5,41,5,WEIBULLAFT,13,650,699,14
bonus1000,5,41,6,KNN,15,750,799,27
bonus1000,5,41,8,MTLR,9,450,499,3
bonus1000,5,41,1,RSF,11,550,599,23
bonus1000,5,41,2,GBSA,13,650,699,15
bonus1000,5,41,5,WEIBULLAFT,14,700,749,16
bonus1000,5,41,1,RSF,12,600,649,24
bonus1000,5,41,3,DEEPSURV,10,500,549,5
bonus1000,5,41,7,ELASTICNET,11,550,599,2
bonus1000,5,41,2,GBSA,14,700,749,29
bonus1000,5,41,5,WEIBULLAFT,15,750,799,21
bonus1000,5,41,3,DEEPSURV,11,550,599,4
bonus1000,5,41,2,GBSA,15,750,799,26
bonus1000,5,41,1,RSF,13,650,699,22
bonus1000,5,41,7,ELASTICNET,12,600,649,2
bonus1000,5,41,5,WEIBULLAFT,16,800,849,20
bonus1000,5,41,2,GBSA,16,800,849,27
bonus1000,5,41,1,RSF,14,700,749,29
bonus1000,5,41,2,GBSA,17,850,899,27
bonus1000,5,41,7,ELASTICNET,13,650,699,2
bonus1000,5,41,1,RSF,15,750,799,44
bonus1000,5,41,3,DEEPSURV,12,600,649,2
bonus1000,5,41,8,MTLR,11,550,599,1
bonus1000,5,41,1,RSF,16,800,849,34
bonus1000,5,41,3,DEEPSURV,13,650,699,5
bonus1000,5,41,8,MTLR,12,600,649,2
bonus1000,5,41,1,RSF,17,850,899,38
bonus1000,5,41,1,RSF,18,900,949,38
bonus1000,5,41,7,ELASTICNET,14,700,749,4
bonus1000,5,41,1,RSF,19,950,999,35
bonus1000,5,41,7,ELASTICNET,15,750,799,6
bonus1000,5,41,3,DEEPSURV,14,700,749,2
bonus1000,5,41,8,MTLR,14,700,749,3
bonus1000,5,41,3,DEEPSURV,15,750,799,2
bonus1000,5,41,7,ELASTICNET,16,800,849,1
bonus1000,5,41,7,ELASTICNET,17,850,899,4
bonus1000,5,41,3,DEEPSURV,16,800,849,3
bonus1000,5,41,7,ELASTICNET,18,900,949,3
bonus1000,5,41,3,DEEPSURV,17,850,899,6
bonus1000,5,41,3,DEEPSURV,18,900,949,7
bonus1000,5,41,8,MTLR,17,850,899,2
bonus1000,5,41,3,DEEPSURV,19,950,999,1
bonus1000,5,41,8,MTLR,18,900,949,3
bonus1000,6,51,6,KNN,4,200,249,12
bonus1000,6,51,7,ELASTICNET,4,200,249,11
bonus1000,6,51,5,WEIBULLAFT,4,200,249,6
bonus1000,6,51,6,KNN,5,250,299,16
bonus1000,6,51,7,ELASTICNET,5,250,299,12
bonus1000,6,51,4,SSVM,5,250,299,42
bonus1000,6,51,2,GBSA,5,250,299,19
bonus1000,6,51,0,COX,5,250,299,49
bonus1000,6,51,0,COX,6,300,349,43
bonus1000,6,51,4,SSVM,6,300,349,37
bonus1000,6,51,5,WEIBULLAFT,5,250,299,4
bonus1000,6,51,1,RSF,5,250,299,2
bonus1000,6,51,3,DEEPSURV,5,250,299,30
bonus1000,6,51,0,COX,7,350,399,45
bonus1000,6,51,8,MTLR,5,250,299,19
bonus1000,6,51,4,SSVM,7,350,399,43
bonus1000,6,51,0,COX,8,400,449,45
bonus1000,6,51,6,KNN,6,300,349,3
bonus1000,6,51,4,SSVM,8,400,449,34
bonus1000,6,51,7,ELASTICNET,6,300,349,19
bonus1000,6,51,3,DEEPSURV,6,300,349,36
bonus1000,6,51,2,GBSA,6,300,349,11
bonus1000,6,51,3,DEEPSURV,7,350,399,29
bonus1000,6,51,8,MTLR,6,300,349,13
bonus1000,6,51,5,WEIBULLAFT,6,300,349,2
bonus1000,6,51,7,ELASTICNET,7,350,399,17
bonus1000,6,51,2,GBSA,7,350,399,18
bonus1000,6,51,1,RSF,6,300,349,7
bonus1000,6,51,3,DEEPSURV,8,400,449,28
bonus1000,6,51,8,MTLR,7,350,399,8
bonus1000,6,51,6,KNN,7,350,399,6
bonus1000,6,51,3,DEEPSURV,9,450,499,30
bonus1000,6,51,5,WEIBULLAFT,7,350,399,6
bonus1000,6,51,2,GBSA,8,400,449,13
bonus1000,6,51,7,ELASTICNET,8,400,449,13
bonus1000,6,51,1,RSF,7,350,399,5
bonus1000,6,51,3,DEEPSURV,10,500,549,31
bonus1000,6,51,6,KNN,8,400,449,5
bonus1000,6,51,8,MTLR,8,400,449,11
bonus1000,6,51,3,DEEPSURV,11,550,599,11
bonus1000,6,51,7,ELASTICNET,9,450,499,16
bonus1000,6,51,2,GBSA,9,450,499,21
bonus1000,6,51,5,WEIBULLAFT,8,400,449,5
bonus1000,6,51,1,RSF,8,400,449,4
bonus1000,6,51,2,GBSA,10,500,549,14
bonus1000,6,51,7,ELASTICNET,10,500,549,8
bonus1000,6,51,8,MTLR,9,450,499,9
bonus1000,6,51,5,WEIBULLAFT,9,450,499,8
bonus1000,6,51,6,KNN,9,450,499,2
bonus1000,6,51,2,GBSA,11,550,599,16
bonus1000,6,51,7,ELASTICNET,11,550,599,15
bonus1000,6,51,8,MTLR,10,500,549,13
bonus1000,6,51,1,RSF,9,450,499,8
bonus1000,6,51,6,KNN,10,500,549,3
bonus1000,6,51,5,WEIBULLAFT,10,500,549,4
bonus1000,6,51,2,GBSA,12,600,649,18
bonus1000,6,51,7,ELASTICNET,12,600,649,11
bonus1000,6,51,8,MTLR,11,550,599,13
bonus1000,6,51,1,RSF,10,500,549,10
bonus1000,6,51,2,GBSA,13,650,699,15
bonus1000,6,51,6,KNN,11,550,599,2
bonus1000,6,51,5,WEIBULLAFT,11,550,599,4
bonus1000,6,51,7,ELASTICNET,13,650,699,9
bonus1000,6,51,8,MTLR,12,600,649,14
bonus1000,6,51,2,GBSA,14,700,749,29
bonus1000,6,51,6,KNN,12,600,649,1
bonus1000,6,51,2,GBSA,15,750,799,22
bonus1000,6,51,5,WEIBULLAFT,12,600,649,5
bonus1000,6,51,1,RSF,11,550,599,6
bonus1000,6,51,8,MTLR,13,650,699,26
bonus1000,6,51,7,ELASTICNET,14,700,749,11
bonus1000,6,51,2,GBSA,16,800,849,15
bonus1000,6,51,8,MTLR,14,700,749,29
bonus1000,6,51,1,RSF,12,600,649,13
bonus1000,6,51,6,KNN,13,650,699,2
bonus1000,6,51,8,MTLR,15,750,799,21
bonus1000,6,51,2,GBSA,17,850,899,22
bonus1000,6,51,5,WEIBULLAFT,13,650,699,3
bonus1000,6,51,7,ELASTICNET,15,750,799,4
bonus1000,6,51,8,MTLR,16,800,849,18
bonus1000,6,51,1,RSF,13,650,699,7
bonus1000,6,51,2,GBSA,18,900,949,23
bonus1000,6,51,7,ELASTICNET,16,800,849,16
bonus1000,6,51,5,WEIBULLAFT,14,700,749,5
bonus1000,6,51,2,GBSA,19,950,999,16
bonus1000,6,51,8,MTLR,17,850,899,29
bonus1000,6,51,1,RSF,14,700,749,7
bonus1000,6,51,7,ELASTICNET,17,850,899,10
bonus1000,6,51,8,MTLR,18,900,949,19
bonus1000,6,51,5,WEIBULLAFT,15,750,799,5
bonus1000,6,51,7,ELASTICNET,18,900,949,12
bonus1000,6,51,1,RSF,15,750,799,5
bonus1000,6,51,8,MTLR,19,950,999,24
bonus1000,6,51,5,WEIBULLAFT,16,800,849,6
bonus1000,6,51,7,ELASTICNET,19,950,999,5
bonus1000,6,51,1,RSF,16,800,849,3
bonus1000,6,51,5,WEIBULLAFT,17,850,899,6
bonus1000,6,51,5,WEIBULLAFT,18,900,949,7
bonus1000,6,51,1,RSF,17,850,899,5
bonus1000,6,51,1,RSF,18,900,949,4
bonus1000,6,51,5,WEIBULLAFT,19,950,999,7
bonus1000,6,51,1,RSF,19,950,999,1
bonus1000,7,61,6,KNN,4,200,249,1
bonus1000,7,61,7,ELASTICNET,5,250,299,7
bonus1000,7,61,4,SSVM,5,250,299,49
bonus1000,7,61,2,GBSA,5,250,299,18
bonus1000,7,61,4,SSVM,6,300,349,48
bonus1000,7,61,6,KNN,5,250,299,4
bonus1000,7,61,4,SSVM,7,350,399,49
bonus1000,7,61,4,SSVM,8,400,449,45
bonus1000,7,61,5,WEIBULLAFT,5,250,299,8
bonus1000,7,61,8,MTLR,5,250,299,19
bonus1000,7,61,2,GBSA,6,300,349,19
bonus1000,7,61,3,DEEPSURV,5,250,299,3
bonus1000,7,61,7,ELASTICNET,6,300,349,2
bonus1000,7,61,0,COX,6,300,349,1
bonus1000,7,61,6,KNN,6,300,349,4
bonus1000,7,61,8,MTLR,6,300,349,21
bonus1000,7,61,5,WEIBULLAFT,6,300,349,10
bonus1000,7,61,2,GBSA,7,350,399,21
bonus1000,7,61,3,DEEPSURV,6,300,349,5
bonus1000,7,61,8,MTLR,7,350,399,22
bonus1000,7,61,2,GBSA,8,400,449,29
bonus1000,7,61,5,WEIBULLAFT,7,350,399,10
bonus1000,7,61,8,MTLR,8,400,449,26
bonus1000,7,61,2,GBSA,9,450,499,21
bonus1000,7,61,6,KNN,7,350,399,2
bonus1000,7,61,3,DEEPSURV,7,350,399,2
bonus1000,7,61,6,KNN,8,400,449,1
bonus1000,7,61,7,ELASTICNET,8,400,449,1
bonus1000,7,61,8,MTLR,9,450,499,29
bonus1000,7,61,5,WEIBULLAFT,8,400,449,7
bonus1000,7,61,2,GBSA,10,500,549,21
bonus1000,7,61,8,MTLR,10,500,549,29
bonus1000,7,61,2,GBSA,11,550,599,28
bonus1000,7,61,5,WEIBULLAFT,9,450,499,5
bonus1000,7,61,3,DEEPSURV,8,400,449,5
bonus1000,7,61,8,MTLR,11,550,599,25
bonus1000,7,61,2,GBSA,12,600,649,23
bonus1000,7,61,8,MTLR,12,600,649,35
bonus1000,7,61,3,DEEPSURV,9,450,499,6
bonus1000,7,61,8,MTLR,13,650,699,29
bonus1000,7,61,2,GBSA,13,650,699,20
bonus1000,7,61,5,WEIBULLAFT,10,500,549,3
bonus1000,7,61,8,MTLR,14,700,749,36
bonus1000,7,61,2,GBSA,14,700,749,20
bonus1000,7,61,8,MTLR,15,750,799,35
bonus1000,7,61,5,WEIBULLAFT,11,550,599,3
bonus1000,7,61,3,DEEPSURV,10,500,549,4
bonus1000,7,61,8,MTLR,16,800,849,40
bonus1000,7,61,2,GBSA,15,750,799,22
bonus1000,7,61,8,MTLR,17,850,899,37
bonus1000,7,61,3,DEEPSURV,11,550,599,1
bonus1000,7,61,8,MTLR,18,900,949,25
bonus1000,7,61,2,GBSA,16,800,849,21
bonus1000,7,61,5,WEIBULLAFT,12,600,649,8
bonus1000,7,61,2,GBSA,17,850,899,18
bonus1000,7,61,3,DEEPSURV,12,600,649,6
bonus1000,7,61,5,WEIBULLAFT,13,650,699,7
bonus1000,7,61,2,GBSA,18,900,949,21
bonus1000,7,61,5,WEIBULLAFT,14,700,749,7
bonus1000,7,61,3,DEEPSURV,13,650,699,1
bonus1000,7,61,2,GBSA,19,950,999,21
bonus1000,7,61,7,ELASTICNET,14,700,749,1
bonus1000,7,61,5,WEIBULLAFT,15,750,799,8
bonus1000,7,61,5,WEIBULLAFT,16,800,849,2
bonus1000,7,61,1,RSF,14,700,749,1
bonus1000,7,61,3,DEEPSURV,15,750,799,1
bonus1000,7,61,5,WEIBULLAFT,17,850,899,4
bonus1000,7,61,1,RSF,15,750,799,1
bonus1000,7,61,7,ELASTICNET,17,850,899,2
bonus1000,7,61,5,WEIBULLAFT,18,900,949,1
bonus1000,7,61,3,DEEPSURV,17,850,899,1
bonus1000,7,61,5,WEIBULLAFT,19,950,999,1
bonus1000,7,61,3,DEEPSURV,19,950,999,1
bonus1000,7,61,1,RSF,19,950,999,1
bonus1000,8,71,0,COX,5,250,299,46
bonus1000,8,71,4,SSVM,5,250,299,40
bonus1000,8,71,0,COX,6,300,349,42
bonus1000,8,71,7,ELASTICNET,5,250,299,12
bonus1000,8,71,6,KNN,5,250,299,22
bonus1000,8,71,2,GBSA,5,250,299,6
bonus1000,8,71,3,DEEPSURV,5,250,299,23
bonus1000,8,71,4,SSVM,6,300,349,48
bonus1000,8,71,0,COX,7,350,399,39
bonus1000,8,71,4,SSVM,7,350,399,42
bonus1000,8,71,8,MTLR,5,250,299,33
bonus1000,8,71,4,SSVM,8,400,449,35
bonus1000,8,71,0,COX,8,400,449,36
bonus1000,8,71,1,RSF,5,250,299,6
bonus1000,8,71,8,MTLR,6,300,349,30
bonus1000,8,71,6,KNN,6,300,349,29
bonus1000,8,71,3,DEEPSURV,6,300,349,15
bonus1000,8,71,4,SSVM,9,450,499,35
bonus1000,8,71,2,GBSA,6,300,349,19
bonus1000,8,71,7,ELASTICNET,6,300,349,9
bonus1000,8,71,5,WEIBULLAFT,6,300,349,2
bonus1000,8,71,8,MTLR,7,350,399,29
bonus1000,8,71,6,KNN,7,350,399,28
bonus1000,8,71,1,RSF,6,300,349,8
bonus1000,8,71,2,GBSA,7,350,399,13
bonus1000,8,71,3,DEEPSURV,7,350,399,15
bonus1000,8,71,8,MTLR,8,400,449,25
bonus1000,8,71,6,KNN,8,400,449,27
bonus1000,8,71,7,ELASTICNET,7,350,399,7
bonus1000,8,71,6,KNN,9,450,499,28
bonus1000,8,71,2,GBSA,8,400,449,22
bonus1000,8,71,5,WEIBULLAFT,7,350,399,3
bonus1000,8,71,3,DEEPSURV,8,400,449,11
bonus1000,8,71,1,RSF,7,350,399,6
bonus1000,8,71,6,KNN,10,500,549,25
bonus1000,8,71,2,GBSA,9,450,499,16
bonus1000,8,71,7,ELASTICNET,8,400,449,6
bonus1000,8,71,3,DEEPSURV,9,450,499,23
bonus1000,8,71,6,KNN,11,550,599,30
bonus1000,8,71,5,WEIBULLAFT,8,400,449,2
bonus1000,8,71,1,RSF,8,400,449,8
bonus1000,8,71,2,GBSA,10,500,549,11
bonus1000,8,71,3,DEEPSURV,10,500,549,23
bonus1000,8,71,7,ELASTICNET,9,450,499,13
bonus1000,8,71,6,KNN,12,600,649,31
bonus1000,8,71,5,WEIBULLAFT,9,450,499,2
bonus1000,8,71,6,KNN,13,650,699,32
bonus1000,8,71,3,DEEPSURV,11,550,599,29
bonus1000,8,71,2,GBSA,11,550,599,15
bonus1000,8,71,7,ELASTICNET,10,500,549,7
bonus1000,8,71,6,KNN,14,700,749,33
bonus1000,8,71,3,DEEPSURV,12,600,649,29
bonus1000,8,71,1,RSF,9,450,499,4
bonus1000,8,71,6,KNN,15,750,799,35
bonus1000,8,71,2,GBSA,12,600,649,13
bonus1000,8,71,7,ELASTICNET,11,550,599,8
bonus1000,8,71,6,KNN,16,800,849,33
bonus1000,8,71,3,DEEPSURV,13,650,699,15
bonus1000,8,71,5,WEIBULLAFT,10,500,549,4
bonus1000,8,71,6,KNN,17,850,899,30
bonus1000,8,71,2,GBSA,13,650,699,12
bonus1000,8,71,1,RSF,10,500,549,7
bonus1000,8,71,3,DEEPSURV,14,700,749,6
bonus1000,8,71,6,KNN,18,900,949,22
bonus1000,8,71,7,ELASTICNET,12,600,649,10
bonus1000,8,71,5,WEIBULLAFT,11,550,599,4
bonus1000,8,71,2,GBSA,14,700,749,14
bonus1000,8,71,6,KNN,19,950,999,23
bonus1000,8,71,1,RSF,11,550,599,4
bonus1000,8,71,7,ELASTICNET,13,650,699,13
bonus1000,8,71,5,WEIBULLAFT,12,600,649,3
bonus1000,8,71,2,GBSA,15,750,799,11
bonus1000,8,71,7,ELASTICNET,14,700,749,9
bonus1000,8,71,1,RSF,12,600,649,4
bonus1000,8,71,2,GBSA,16,800,849,14
bonus1000,8,71,7,ELASTICNET,15,750,799,19
bonus1000,8,71,2,GBSA,17,850,899,10
bonus1000,8,71,1,RSF,13,650,699,5
bonus1000,8,71,7,ELASTICNET,16,800,849,10
bonus1000,8,71,2,GBSA,18,900,949,3
bonus1000,8,71,1,RSF,14,700,749,5
bonus1000,8,71,7,ELASTICNET,17,850,899,10
bonus1000,8,71,2,GBSA,19,950,999,6
bonus1000,8,71,7,ELASTICNET,18,900,949,3
bonus1000,8,71,1,RSF,15,750,799,7
bonus1000,8,71,1,RSF,16,800,849,2
bonus1000,8,71,5,WEIBULLAFT,16,800,849,1
bonus1000,8,71,5,WEIBULLAFT,17,850,899,1
bonus1000,8,71,1,RSF,17,850,899,4
bonus1000,8,71,5,WEIBULLAFT,18,900,949,1
bonus1000,8,71,1,RSF,18,900,949,1
bonus1000,9,81,0,COX,5,250,299,50
bonus1000,9,81,0,COX,6,300,349,50
bonus1000,9,81,0,COX,7,350,399,49
bonus1000,9,81,0,COX,8,400,449,47
bonus1000,9,81,6,KNN,5,250,299,6
bonus1000,9,81,4,SSVM,5,250,299,17
bonus1000,9,81,7,ELASTICNET,5,250,299,21
bonus1000,9,81,2,GBSA,5,250,299,13
bonus1000,9,81,8,MTLR,5,250,299,22
bonus1000,9,81,7,ELASTICNET,6,300,349,30
bonus1000,9,81,2,GBSA,6,300,349,14
bonus1000,9,81,4,SSVM,6,300,349,20
bonus1000,9,81,8,MTLR,6,300,349,15
bonus1000,9,81,6,KNN,6,300,349,4
bonus1000,9,81,7,ELASTICNET,7,350,399,24
bonus1000,9,81,5,WEIBULLAFT,5,250,299,1
bonus1000,9,81,5,WEIBULLAFT,6,300,349,1
bonus1000,9,81,4,SSVM,7,350,399,28
bonus1000,9,81,2,GBSA,7,350,399,8
bonus1000,9,81,7,ELASTICNET,8,400,449,29
bonus1000,9,81,6,KNN,7,350,399,3
bonus1000,9,81,8,MTLR,7,350,399,13
bonus1000,9,81,4,SSVM,8,400,449,29
bonus1000,9,81,,,0,0,49,1
bonus1000,9,81,7,ELASTICNET,9,450,499,30
bonus1000,9,81,1,RSF,6,300,349,1
bonus1000,9,81,5,WEIBULLAFT,7,350,399,2
bonus1000,9,81,4,SSVM,9,450,499,23
bonus1000,9,81,7,ELASTICNET,10,500,549,34
bonus1000,9,81,8,MTLR,8,400,449,19
bonus1000,9,81,2,GBSA,8,400,449,13
bonus1000,9,81,7,ELASTICNET,11,550,599,26
bonus1000,9,81,6,KNN,8,400,449,2
bonus1000,9,81,4,SSVM,10,500,549,25
bonus1000,9,81,8,MTLR,9,450,499,14
bonus1000,9,81,2,GBSA,9,450,499,9
bonus1000,9,81,4,SSVM,11,550,599,28
bonus1000,9,81,8,MTLR,10,500,549,16
bonus1000,9,81,4,SSVM,12,600,649,32
bonus1000,9,81,2,GBSA,10,500,549,6
bonus1000,9,81,4,SSVM,13,650,699,38
bonus1000,9,81,8,MTLR,11,550,599,12
bonus1000,9,81,4,SSVM,14,700,749,37
bonus1000,9,81,2,GBSA,11,550,599,14
bonus1000,9,81,4,SSVM,15,750,799,40
bonus1000,9,81,4,SSVM,16,800,849,38
bonus1000,9,81,6,KNN,10,500,549,1
bonus1000,9,81,8,MTLR,12,600,649,16
bonus1000,9,81,4,SSVM,17,850,899,43
bonus1000,9,81,4,SSVM,18,900,949,40
bonus1000,9,81,2,GBSA,12,600,649,7
bonus1000,9,81,4,SSVM,19,950,999,34
bonus1000,9,81,8,MTLR,13,650,699,21
bonus1000,9,81,6,KNN,11,550,599,1
bonus1000,9,81,3,DEEPSURV,10,500,549,1
bonus1000,9,81,2,GBSA,13,650,699,10
bonus1000,9,81,8,MTLR,14,700,749,26
bonus1000,9,81,6,KNN,12,600,649,1
bonus1000,9,81,8,MTLR,15,750,799,19
bonus1000,9,81,2,GBSA,14,700,749,9
bonus1000,9,81,8,MTLR,16,800,849,23
bonus1000,9,81,3,DEEPSURV,12,600,649,2
bonus1000,9,81,2,GBSA,15,750,799,6
bonus1000,9,81,8,MTLR,17,850,899,22
bonus1000,9,81,8,MTLR,18,900,949,22
bonus1000,9,81,2,GBSA,16,800,849,6
bonus1000,9,81,3,DEEPSURV,13,650,699,1
bonus1000,9,81,6,KNN,15,750,799,3
bonus1000,9,81,8,MTLR,19,950,999,11
bonus1000,9,81,2,GBSA,17,850,899,3
bonus1000,9,81,2,GBSA,18,900,949,6
bonus1000,9,81,6,KNN,16,800,849,1
bonus1000,9,81,2,GBSA,19,950,999,4
bonus1000,9,81,6,KNN,18,900,949,1
concentricCircles1,10,91,0,COX,4,200,249,14
concentricCircles1,10,91,4,SSVM,4,200,249,37
concentricCircles1,10,91,7,ELASTICNET,4,200,249,35
concentricCircles1,10,91,6,KNN,4,200,249,5
concentricCircles1,10,91,0,COX,5,250,299,16
concentricCircles1,10,91,4,SSVM,5,250,299,42
concentricCircles1,10,91,1,RSF,4,200,249,27
concentricCircles1,10,91,2,GBSA,4,200,249,33
concentricCircles1,10,91,7,ELASTICNET,5,250,299,40
concentricCircles1,10,91,4,SSVM,6,300,349,40
concentricCircles1,10,91,5,WEIBULLAFT,4,200,249,18
concentricCircles1,10,91,7,ELASTICNET,6,300,349,34
concentricCircles1,10,91,2,GBSA,5,250,299,31
concentricCircles1,10,91,4,SSVM,7,350,399,32
concentricCircles1,10,91,7,ELASTICNET,7,350,399,38
concentricCircles1,10,91,0,COX,6,300,349,16
concentricCircles1,10,91,6,KNN,5,250,299,8
concentricCircles1,10,91,2,GBSA,6,300,349,22
concentricCircles1,10,91,5,WEIBULLAFT,5,250,299,22
concentricCircles1,10,91,1,RSF,5,250,299,25
concentricCircles1,10,91,0,COX,7,350,399,12
concentricCircles1,10,91,2,GBSA,7,350,399,26
concentricCircles1,10,91,5,WEIBULLAFT,6,300,349,13
concentricCircles1,10,91,0,COX,8,400,449,14
concentricCircles1,10,91,6,KNN,6,300,349,4
concentricCircles1,10,91,1,RSF,6,300,349,28
concentricCircles1,10,91,5,WEIBULLAFT,7,350,399,20
concentricCircles1,10,91,8,MTLR,3,150,199,1
concentricCircles1,10,91,3,DEEPSURV,4,200,249,27
concentricCircles1,10,91,8,MTLR,4,200,249,9
concentricCircles1,10,91,6,KNN,7,350,399,3
concentricCircles1,10,91,0,COX,9,450,499,9
concentricCircles1,10,91,3,DEEPSURV,5,250,299,32
concentricCircles1,10,91,3,DEEPSURV,6,300,349,31
concentricCircles1,10,91,8,MTLR,5,250,299,11
concentricCircles1,10,91,1,RSF,7,350,399,20
concentricCircles1,10,91,3,DEEPSURV,7,350,399,25
concentricCircles1,10,91,3,DEEPSURV,8,400,449,4
concentricCircles1,10,91,8,MTLR,6,300,349,9
concentricCircles1,10,91,8,MTLR,7,350,399,11
concentricCircles1,1,1,0,COX,4,200,249,38
concentricCircles1,1,1,0,COX,5,250,299,42
concentricCircles1,1,1,0,COX,6,300,349,38
concentricCircles1,1,1,7,ELASTICNET,4,200,249,31
concentricCircles1,1,1,4,SSVM,4,200,249,37
concentricCircles1,1,1,6,KNN,4,200,249,9
concentricCircles1,1,1,0,COX,7,350,399,32
concentricCircles1,1,1,1,RSF,4,200,249,31
concentricCircles1,1,1,2,GBSA,4,200,249,28
concentricCircles1,1,1,4,SSVM,5,250,299,37
concentricCircles1,1,1,7,ELASTICNET,5,250,299,37
concentricCircles1,1,1,5,WEIBULLAFT,4,200,249,32
concentricCircles1,1,1,4,SSVM,6,300,349,26
concentricCircles1,1,1,7,ELASTICNET,6,300,349,31
concentricCircles1,1,1,2,GBSA,5,250,299,26
concentricCircles1,1,1,6,KNN,5,250,299,6
concentricCircles1,1,1,5,WEIBULLAFT,5,250,299,35
concentricCircles1,1,1,7,ELASTICNET,7,350,399,36
concentricCircles1,1,1,4,SSVM,7,350,399,28
concentricCircles1,1,1,2,GBSA,6,300,349,25
concentricCircles1,1,1,1,RSF,5,250,299,31
concentricCircles1,1,1,5,WEIBULLAFT,6,300,349,34
concentricCircles1,1,1,2,GBSA,7,350,399,20
concentricCircles1,1,1,5,WEIBULLAFT,7,350,399,34
concentricCircles1,1,1,6,KNN,6,300,349,3
concentricCircles1,1,1,1,RSF,6,300,349,34
concentricCircles1,1,1,3,DEEPSURV,4,200,249,18
concentricCircles1,1,1,6,KNN,7,350,399,9
concentricCircles1,1,1,8,MTLR,4,200,249,15
concentricCircles1,1,1,1,RSF,7,350,399,33
concentricCircles1,1,1,3,DEEPSURV,5,250,299,18
concentricCircles1,1,1,8,MTLR,5,250,299,21
concentricCircles1,1,1,3,DEEPSURV,6,300,349,18
concentricCircles1,1,1,8,MTLR,6,300,349,11
concentricCircles1,1,1,3,DEEPSURV,7,350,399,27
concentricCircles1,1,1,8,MTLR,7,350,399,14
concentricCircles1,2,11,0,COX,4,200,249,18
concentricCircles1,2,11,0,COX,5,250,299,34
concentricCircles1,2,11,6,KNN,4,200,249,17
concentricCircles1,2,11,4,SSVM,4,200,249,28
concentricCircles1,2,11,1,RSF,4,200,249,28
concentricCircles1,2,11,0,COX,6,300,349,34
concentricCircles1,2,11,2,GBSA,4,200,249,22
concentricCircles1,2,11,4,SSVM,5,250,299,35
concentricCircles1,2,11,0,COX,7,350,399,37
concentricCircles1,2,11,6,KNN,5,250,299,15
concentricCircles1,2,11,2,GBSA,5,250,299,24
concentricCircles1,2,11,4,SSVM,6,300,349,28
concentricCircles1,2,11,0,COX,8,400,449,16
concentricCircles1,2,11,7,ELASTICNET,4,200,249,1
concentricCircles1,2,11,7,ELASTICNET,5,250,299,33
concentricCircles1,2,11,4,SSVM,7,350,399,27
concentricCircles1,2,11,6,KNN,6,300,349,18
concentricCircles1,2,11,7,ELASTICNET,6,300,349,27
concentricCircles1,2,11,2,GBSA,6,300,349,18
concentricCircles1,2,11,1,RSF,5,250,299,26
concentricCircles1,2,11,7,ELASTICNET,7,350,399,24
concentricCircles1,2,11,6,KNN,7,350,399,21
concentricCircles1,2,11,2,GBSA,7,350,399,25
concentricCircles1,2,11,7,ELASTICNET,8,400,449,19
concentricCircles1,2,11,2,GBSA,8,400,449,5
concentricCircles1,2,11,1,RSF,6,300,349,20
concentricCircles1,2,11,5,WEIBULLAFT,6,300,349,2
concentricCircles1,2,11,3,DEEPSURV,4,200,249,19
concentricCircles1,2,11,8,MTLR,4,200,249,10
concentricCircles1,2,11,3,DEEPSURV,5,250,299,17
concentricCircles1,2,11,5,WEIBULLAFT,7,350,399,4
concentricCircles1,2,11,8,MTLR,5,250,299,14
concentricCircles1,2,11,1,RSF,7,350,399,19
concentricCircles1,2,11,3,DEEPSURV,6,300,349,25
concentricCircles1,2,11,8,MTLR,6,300,349,18
concentricCircles1,2,11,3,DEEPSURV,7,350,399,16
concentricCircles1,2,11,8,MTLR,7,350,399,18
concentricCircles1,2,11,,,0,0,49,1
concentricCircles1,3,21,0,COX,4,200,249,30
concentricCircles1,3,21,0,COX,5,250,299,25
concentricCircles1,3,21,6,KNN,3,150,199,1
concentricCircles1,3,21,4,SSVM,4,200,249,25
concentricCircles1,3,21,6,KNN,4,200,249,15
concentricCircles1,3,21,1,RSF,4,200,249,20
concentricCircles1,3,21,2,GBSA,4,200,249,32
concentricCircles1,3,21,7,ELASTICNET,4,200,249,6
concentricCircles1,3,21,0,COX,6,300,349,32
concentricCircles1,3,21,5,WEIBULLAFT,4,200,249,31
concentricCircles1,3,21,4,SSVM,5,250,299,35
concentricCircles1,3,21,2,GBSA,5,250,299,28
concentricCircles1,3,21,0,COX,7,350,399,24
concentricCircles1,3,21,6,KNN,5,250,299,19
concentricCircles1,3,21,4,SSVM,6,300,349,23
concentricCircles1,3,21,5,WEIBULLAFT,5,250,299,38
concentricCircles1,3,21,7,ELASTICNET,5,250,299,8
concentricCircles1,3,21,2,GBSA,6,300,349,25
concentricCircles1,3,21,5,WEIBULLAFT,6,300,349,31
concentricCircles1,3,21,6,KNN,6,300,349,22
concentricCircles1,3,21,4,SSVM,7,350,399,27
concentricCircles1,3,21,1,RSF,5,250,299,10
concentricCircles1,3,21,2,GBSA,7,350,399,36
concentricCircles1,3,21,7,ELASTICNET,6,300,349,7
concentricCircles1,3,21,5,WEIBULLAFT,7,350,399,32
concentricCircles1,3,21,6,KNN,7,350,399,14
concentricCircles1,3,21,2,GBSA,8,400,449,29
concentricCircles1,3,21,2,GBSA,9,450,499,31
concentricCircles1,3,21,7,ELASTICNET,7,350,399,10
concentricCircles1,3,21,2,GBSA,10,500,549,1
concentricCircles1,3,21,1,RSF,6,300,349,17
concentricCircles1,3,21,3,DEEPSURV,4,200,249,19
concentricCircles1,3,21,3,DEEPSURV,5,250,299,17
concentricCircles1,3,21,1,RSF,7,350,399,16
concentricCircles1,3,21,8,MTLR,5,250,299,1
concentricCircles1,3,21,3,DEEPSURV,6,300,349,28
concentricCircles1,3,21,3,DEEPSURV,7,350,399,28
concentricCircles1,3,21,8,MTLR,7,350,399,2
concentricCircles1,4,31,0,COX,4,200,249,21
concentricCircles1,4,31,6,KNN,4,200,249,31
concentricCircles1,4,31,7,ELASTICNET,4,200,249,34
concentricCircles1,4,31,0,COX,5,250,299,23
concentricCircles1,4,31,4,SSVM,4,200,249,25
concentricCircles1,4,31,1,RSF,4,200,249,21
concentricCircles1,4,31,2,GBSA,4,200,249,23
concentricCircles1,4,31,7,ELASTICNET,5,250,299,25
concentricCircles1,4,31,6,KNN,5,250,299,29
concentricCircles1,4,31,5,WEIBULLAFT,4,200,249,4
concentricCircles1,4,31,4,SSVM,5,250,299,23
concentricCircles1,4,31,0,COX,6,300,349,25
concentricCircles1,4,31,6,KNN,6,300,349,32
concentricCircles1,4,31,2,GBSA,5,250,299,28
concentricCircles1,4,31,7,ELASTICNET,6,300,349,28
concentricCircles1,4,31,0,COX,7,350,399,22
concentricCircles1,4,31,4,SSVM,6,300,349,35
concentricCircles1,4,31,6,KNN,7,350,399,29
concentricCircles1,4,31,7,ELASTICNET,7,350,399,28
concentricCircles1,4,31,2,GBSA,6,300,349,20
concentricCircles1,4,31,4,SSVM,7,350,399,26
concentricCircles1,4,31,1,RSF,5,250,299,25
concentricCircles1,4,31,5,WEIBULLAFT,5,250,299,6
concentricCircles1,4,31,2,GBSA,7,350,399,30
concentricCircles1,4,31,5,WEIBULLAFT,6,300,349,7
concentricCircles1,4,31,1,RSF,6,300,349,23
concentricCircles1,4,31,3,DEEPSURV,4,200,249,7
concentricCircles1,4,31,5,WEIBULLAFT,7,350,399,7
concentricCircles1,4,31,3,DEEPSURV,5,250,299,6
concentricCircles1,4,31,1,RSF,7,350,399,19
concentricCircles1,4,31,3,DEEPSURV,6,300,349,8
concentricCircles1,4,31,1,RSF,8,400,449,14
concentricCircles1,4,31,3,DEEPSURV,7,350,399,15
concentricCircles1,5,41,0,COX,4,200,249,41
concentricCircles1,5,41,0,COX,5,250,299,41
concentricCircles1,5,41,0,COX,6,300,349,36
concentricCircles1,5,41,4,SSVM,4,200,249,36
concentricCircles1,5,41,6,KNN,4,200,249,16
concentricCircles1,5,41,0,COX,7,350,399,29
concentricCircles1,5,41,2,GBSA,4,200,249,22
concentricCircles1,5,41,4,SSVM,5,250,299,42
concentricCircles1,5,41,1,RSF,4,200,249,22
concentricCircles1,5,41,5,WEIBULLAFT,4,200,249,26
concentricCircles1,5,41,4,SSVM,6,300,349,36
concentricCircles1,5,41,7,ELASTICNET,4,200,249,4
concentricCircles1,5,41,6,KNN,5,250,299,23
concentricCircles1,5,41,4,SSVM,7,350,399,45
concentricCircles1,5,41,2,GBSA,5,250,299,16
concentricCircles1,5,41,5,WEIBULLAFT,5,250,299,34
concentricCircles1,5,41,6,KNN,6,300,349,15
concentricCircles1,5,41,5,WEIBULLAFT,6,300,349,28
concentricCircles1,5,41,2,GBSA,6,300,349,13
concentricCircles1,5,41,7,ELASTICNET,5,250,299,6
concentricCircles1,5,41,,,0,0,49,1
concentricCircles1,5,41,1,RSF,5,250,299,20
concentricCircles1,5,41,7,ELASTICNET,6,300,349,10
concentricCircles1,5,41,6,KNN,7,350,399,16
concentricCircles1,5,41,5,WEIBULLAFT,7,350,399,27
concentricCircles1,5,41,2,GBSA,7,350,399,19
concentricCircles1,5,41,7,ELASTICNET,7,350,399,11
concentricCircles1,5,41,8,MTLR,4,200,249,17
concentricCircles1,5,41,1,RSF,6,300,349,11
concentricCircles1,5,41,8,MTLR,5,250,299,11
concentricCircles1,5,41,7,ELASTICNET,8,400,449,4
concentricCircles1,5,41,8,MTLR,6,300,349,15
concentricCircles1,5,41,1,RSF,7,350,399,19
concentricCircles1,5,41,8,MTLR,7,350,399,15
concentricCircles1,5,41,3,DEEPSURV,7,350,399,1
concentricCircles1,6,51,0,COX,4,200,249,40
concentricCircles1,6,51,0,COX,5,250,299,46
concentricCircles1,6,51,0,COX,6,300,349,39
concentricCircles1,6,51,6,KNN,4,200,249,17
concentricCircles1,6,51,0,COX,7,350,399,36
concentricCircles1,6,51,7,ELASTICNET,4,200,249,38
concentricCircles1,6,51,4,SSVM,4,200,249,39
concentricCircles1,6,51,7,ELASTICNET,5,250,299,37
concentricCircles1,6,51,4,SSVM,5,250,299,34
concentricCircles1,6,51,1,RSF,4,200,249,24
concentricCircles1,6,51,5,WEIBULLAFT,4,200,249,40
concentricCircles1,6,51,7,ELASTICNET,6,300,349,42
concentricCircles1,6,51,4,SSVM,6,300,349,34
concentricCircles1,6,51,7,ELASTICNET,7,350,399,42
concentricCircles1,6,51,6,KNN,5,250,299,18
concentricCircles1,6,51,5,WEIBULLAFT,5,250,299,34
concentricCircles1,6,51,4,SSVM,7,350,399,34
concentricCircles1,6,51,5,WEIBULLAFT,6,300,349,37
concentricCircles1,6,51,6,KNN,6,300,349,23
concentricCircles1,6,51,2,GBSA,5,250,299,6
concentricCircles1,6,51,5,WEIBULLAFT,7,350,399,32
concentricCircles1,6,51,1,RSF,5,250,299,24
concentricCircles1,6,51,6,KNN,7,350,399,19
concentricCircles1,6,51,2,GBSA,6,300,349,1
concentricCircles1,6,51,3,DEEPSURV,4,200,249,33
concentricCircles1,6,51,8,MTLR,4,200,249,29
concentricCircles1,6,51,1,RSF,6,300,349,25
concentricCircles1,6,51,3,DEEPSURV,5,250,299,38
concentricCircles1,6,51,8,MTLR,5,250,299,22
concentricCircles1,6,51,3,DEEPSURV,6,300,349,24
concentricCircles1,6,51,2,GBSA,7,350,399,4
concentricCircles1,6,51,8,MTLR,6,300,349,26
concentricCircles1,6,51,3,DEEPSURV,7,350,399,27
concentricCircles1,6,51,1,RSF,7,350,399,26
concentricCircles1,6,51,8,MTLR,7,350,399,26
concentricCircles1,6,51,8,MTLR,8,400,449,12
concentricCircles1,7,61,0,COX,4,200,249,46
concentricCircles1,7,61,0,COX,5,250,299,45
concentricCircles1,7,61,0,COX,6,300,349,39
concentricCircles1,7,61,0,COX,7,350,399,40
concentricCircles1,7,61,7,ELASTICNET,4,200,249,9
concentricCircles1,7,61,6,KNN,4,200,249,36
concentricCircles1,7,61,4,SSVM,4,200,249,16
concentricCircles1,7,61,1,RSF,4,200,249,16
concentricCircles1,7,61,6,KNN,5,250,299,35
concentricCircles1,7,61,5,WEIBULLAFT,4,200,249,32
concentricCircles1,7,61,2,GBSA,4,200,249,13
concentricCircles1,7,61,6,KNN,6,300,349,32
concentricCircles1,7,61,5,WEIBULLAFT,5,250,299,31
concentricCircles1,7,61,4,SSVM,5,250,299,16
concentricCircles1,7,61,7,ELASTICNET,5,250,299,12
concentricCircles1,7,61,6,KNN,7,350,399,31
concentricCircles1,7,61,2,GBSA,5,250,299,18
concentricCircles1,7,61,5,WEIBULLAFT,6,300,349,26
concentricCircles1,7,61,1,RSF,5,250,299,22
concentricCircles1,7,61,4,SSVM,6,300,349,22
concentricCircles1,7,61,7,ELASTICNET,6,300,349,12
concentricCircles1,7,61,2,GBSA,6,300,349,11
concentricCircles1,7,61,5,WEIBULLAFT,7,350,399,27
concentricCircles1,7,61,4,SSVM,7,350,399,26
concentricCircles1,7,61,7,ELASTICNET,7,350,399,10
concentricCircles1,7,61,2,GBSA,7,350,399,17
concentricCircles1,7,61,3,DEEPSURV,4,200,249,10
concentricCircles1,7,61,1,RSF,6,300,349,23
concentricCircles1,7,61,8,MTLR,4,200,249,10
concentricCircles1,7,61,3,DEEPSURV,5,250,299,13
concentricCircles1,7,61,8,MTLR,5,250,299,22
concentricCircles1,7,61,8,MTLR,6,300,349,30
concentricCircles1,7,61,1,RSF,7,350,399,18
concentricCircles1,7,61,3,DEEPSURV,6,300,349,15
concentricCircles1,7,61,8,MTLR,7,350,399,23
concentricCircles1,7,61,3,DEEPSURV,7,350,399,22
concentricCircles1,7,61,8,MTLR,8,400,449,7
concentricCircles1,8,71,0,COX,4,200,249,30
concentricCircles1,8,71,0,COX,5,250,299,26
concentricCircles1,8,71,6,KNN,4,200,249,25
concentricCircles1,8,71,7,ELASTICNET,4,200,249,26
concentricCircles1,8,71,1,RSF,4,200,249,28
concentricCircles1,8,71,0,COX,6,300,349,32
concentricCircles1,8,71,5,WEIBULLAFT,4,200,249,33
concentricCircles1,8,71,7,ELASTICNET,5,250,299,28
concentricCircles1,8,71,6,KNN,5,250,299,30
concentricCircles1,8,71,0,COX,7,350,399,33
concentricCircles1,8,71,5,WEIBULLAFT,5,250,299,38
concentricCircles1,8,71,6,KNN,6,300,349,29
concentricCircles1,8,71,7,ELASTICNET,6,300,349,37
concentricCircles1,8,71,4,SSVM,5,250,299,42
concentricCircles1,8,71,2,GBSA,4,200,249,7
concentricCircles1,8,71,2,GBSA,5,250,299,24
concentricCircles1,8,71,5,WEIBULLAFT,6,300,349,33
concentricCircles1,8,71,4,SSVM,6,300,349,38
concentricCircles1,8,71,7,ELASTICNET,7,350,399,33
concentricCircles1,8,71,1,RSF,5,250,299,30
concentricCircles1,8,71,6,KNN,7,350,399,22
concentricCircles1,8,71,4,SSVM,7,350,399,36
concentricCircles1,8,71,5,WEIBULLAFT,7,350,399,26
concentricCircles1,8,71,2,GBSA,6,300,349,26
concentricCircles1,8,71,4,SSVM,8,400,449,33
concentricCircles1,8,71,2,GBSA,7,350,399,27
concentricCircles1,8,71,1,RSF,6,300,349,28
concentricCircles1,8,71,3,DEEPSURV,4,200,249,19
concentricCircles1,8,71,8,MTLR,4,200,249,18
concentricCircles1,8,71,2,GBSA,8,400,449,14
concentricCircles1,8,71,3,DEEPSURV,5,250,299,7
concentricCircles1,8,71,8,MTLR,5,250,299,19
concentricCircles1,8,71,1,RSF,7,350,399,28
concentricCircles1,8,71,8,MTLR,6,300,349,13
concentricCircles1,8,71,3,DEEPSURV,6,300,349,8
concentricCircles1,8,71,8,MTLR,7,350,399,21
concentricCircles1,8,71,3,DEEPSURV,7,350,399,18
concentricCircles1,9,81,0,COX,4,200,249,11
concentricCircles1,9,81,7,ELASTICNET,4,200,249,12
concentricCircles1,9,81,6,KNN,4,200,249,30
concentricCircles1,9,81,4,SSVM,4,200,249,26
concentricCircles1,9,81,0,COX,5,250,299,21
concentricCircles1,9,81,2,GBSA,4,200,249,18
concentricCircles1,9,81,6,KNN,5,250,299,22
concentricCircles1,9,81,4,SSVM,5,250,299,18
concentricCircles1,9,81,5,WEIBULLAFT,4,200,249,6
concentricCircles1,9,81,7,ELASTICNET,5,250,299,14
concentricCircles1,9,81,0,COX,6,300,349,17
concentricCircles1,9,81,2,GBSA,5,250,299,23
concentricCircles1,9,81,1,RSF,4,200,249,3
concentricCircles1,9,81,6,KNN,6,300,349,29
concentricCircles1,9,81,4,SSVM,6,300,349,18
concentricCircles1,9,81,2,GBSA,6,300,349,26
concentricCircles1,9,81,0,COX,7,350,399,19
concentricCircles1,9,81,6,KNN,7,350,399,23
concentricCircles1,9,81,7,ELASTICNET,6,300,349,17
concentricCircles1,9,81,5,WEIBULLAFT,5,250,299,8
concentricCircles1,9,81,4,SSVM,7,350,399,23
concentricCircles1,9,81,2,GBSA,7,350,399,16
concentricCircles1,9,81,1,RSF,5,250,299,12
concentricCircles1,9,81,7,ELASTICNET,7,350,399,18
concentricCircles1,9,81,5,WEIBULLAFT,6,300,349,5
concentricCircles1,9,81,3,DEEPSURV,4,200,249,24
concentricCircles1,9,81,3,DEEPSURV,5,250,299,24
concentricCircles1,9,81,5,WEIBULLAFT,7,350,399,8
concentricCircles1,9,81,1,RSF,6,300,349,9
concentricCircles1,9,81,3,DEEPSURV,6,300,349,25
concentricCircles1,9,81,3,DEEPSURV,7,350,399,26
concentricCircles1,9,81,1,RSF,7,350,399,12
rotatingDiamonds1,10,91,0,COX,4,200,249,3
rotatingDiamonds1,10,91,6,KNN,4,200,249,17
rotatingDiamonds1,10,91,4,SSVM,4,200,249,28
rotatingDiamonds1,10,91,7,ELASTICNET,4,200,249,21
rotatingDiamonds1,10,91,1,RSF,4,200,249,27
rotatingDiamonds1,10,91,0,COX,5,250,299,10
rotatingDiamonds1,10,91,4,SSVM,5,250,299,31
rotatingDiamonds1,10,91,2,GBSA,4,200,249,5
rotatingDiamonds1,10,91,5,WEIBULLAFT,4,200,249,17
rotatingDiamonds1,10,91,7,ELASTICNET,5,250,299,15
rotatingDiamonds1,10,91,6,KNN,5,250,299,24
rotatingDiamonds1,10,91,4,SSVM,6,300,349,21
rotatingDiamonds1,10,91,0,COX,6,300,349,13
rotatingDiamonds1,10,91,6,KNN,6,300,349,18
rotatingDiamonds1,10,91,5,WEIBULLAFT,5,250,299,21
rotatingDiamonds1,10,91,7,ELASTICNET,6,300,349,26
rotatingDiamonds1,10,91,2,GBSA,5,250,299,4
rotatingDiamonds1,10,91,,,0,0,49,1
rotatingDiamonds1,10,91,4,SSVM,7,350,399,28
rotatingDiamonds1,10,91,1,RSF,5,250,299,23
rotatingDiamonds1,10,91,7,ELASTICNET,7,350,399,18
rotatingDiamonds1,10,91,6,KNN,7,350,399,21
rotatingDiamonds1,10,91,0,COX,7,350,399,13
rotatingDiamonds1,10,91,5,WEIBULLAFT,6,300,349,14
rotatingDiamonds1,10,91,2,GBSA,6,300,349,4
rotatingDiamonds1,10,91,1,RSF,6,300,349,22
rotatingDiamonds1,10,91,5,WEIBULLAFT,7,350,399,24
rotatingDiamonds1,10,91,3,DEEPSURV,4,200,249,15
rotatingDiamonds1,10,91,8,MTLR,4,200,249,15
rotatingDiamonds1,10,91,2,GBSA,7,350,399,2
rotatingDiamonds1,10,91,3,DEEPSURV,5,250,299,18
rotatingDiamonds1,10,91,8,MTLR,5,250,299,13
rotatingDiamonds1,10,91,1,RSF,7,350,399,35
rotatingDiamonds1,10,91,3,DEEPSURV,6,300,349,16
rotatingDiamonds1,10,91,8,MTLR,6,300,349,16
rotatingDiamonds1,10,91,3,DEEPSURV,7,350,399,21
rotatingDiamonds1,10,91,8,MTLR,7,350,399,16
rotatingDiamonds1,1,1,0,COX,4,200,249,41
rotatingDiamonds1,1,1,0,COX,5,250,299,43
rotatingDiamonds1,1,1,0,COX,6,300,349,37
rotatingDiamonds1,1,1,7,ELASTICNET,4,200,249,27
rotatingDiamonds1,1,1,6,KNN,4,200,249,22
rotatingDiamonds1,1,1,4,SSVM,4,200,249,28
rotatingDiamonds1,1,1,0,COX,7,350,399,34
rotatingDiamonds1,1,1,2,GBSA,4,200,249,33
rotatingDiamonds1,1,1,1,RSF,4,200,249,28
rotatingDiamonds1,1,1,7,ELASTICNET,5,250,299,23
rotatingDiamonds1,1,1,4,SSVM,5,250,299,24
rotatingDiamonds1,1,1,5,WEIBULLAFT,4,200,249,34
rotatingDiamonds1,1,1,6,KNN,5,250,299,26
rotatingDiamonds1,1,1,2,GBSA,5,250,299,23
rotatingDiamonds1,1,1,5,WEIBULLAFT,5,250,299,27
rotatingDiamonds1,1,1,7,ELASTICNET,6,300,349,28
rotatingDiamonds1,1,1,4,SSVM,6,300,349,27
rotatingDiamonds1,1,1,6,KNN,6,300,349,26
rotatingDiamonds1,1,1,2,GBSA,6,300,349,24
rotatingDiamonds1,1,1,5,WEIBULLAFT,6,300,349,33
rotatingDiamonds1,1,1,1,RSF,5,250,299,28
rotatingDiamonds1,1,1,4,SSVM,7,350,399,23
rotatingDiamonds1,1,1,7,ELASTICNET,7,350,399,23
rotatingDiamonds1,1,1,6,KNN,7,350,399,29
rotatingDiamonds1,1,1,2,GBSA,7,350,399,27
rotatingDiamonds1,1,1,5,WEIBULLAFT,7,350,399,36
rotatingDiamonds1,1,1,3,DEEPSURV,4,200,249,40
rotatingDiamonds1,1,1,1,RSF,6,300,349,31
rotatingDiamonds1,1,1,8,MTLR,4,200,249,9
rotatingDiamonds1,1,1,3,DEEPSURV,5,250,299,27
rotatingDiamonds1,1,1,3,DEEPSURV,6,300,349,19
rotatingDiamonds1,1,1,8,MTLR,5,250,299,4
rotatingDiamonds1,1,1,1,RSF,7,350,399,22
rotatingDiamonds1,1,1,3,DEEPSURV,7,350,399,24
rotatingDiamonds1,1,1,8,MTLR,6,300,349,5
rotatingDiamonds1,1,1,8,MTLR,7,350,399,9
rotatingDiamonds1,2,11,0,COX,4,200,249,11
rotatingDiamonds1,2,11,7,ELASTICNET,4,200,249,25
rotatingDiamonds1,2,11,6,KNN,4,200,249,10
rotatingDiamonds1,2,11,4,SSVM,4,200,249,33
rotatingDiamonds1,2,11,1,RSF,4,200,249,20
rotatingDiamonds1,2,11,2,GBSA,4,200,249,33
rotatingDiamonds1,2,11,0,COX,5,250,299,22
rotatingDiamonds1,2,11,5,WEIBULLAFT,4,200,249,24
rotatingDiamonds1,2,11,7,ELASTICNET,5,250,299,26
rotatingDiamonds1,2,11,4,SSVM,5,250,299,27
rotatingDiamonds1,2,11,2,GBSA,5,250,299,29
rotatingDiamonds1,2,11,0,COX,6,300,349,22
rotatingDiamonds1,2,11,5,WEIBULLAFT,5,250,299,30
rotatingDiamonds1,2,11,6,KNN,5,250,299,9
rotatingDiamonds1,2,11,4,SSVM,6,300,349,36
rotatingDiamonds1,2,11,7,ELASTICNET,6,300,349,27
rotatingDiamonds1,2,11,2,GBSA,6,300,349,31
rotatingDiamonds1,2,11,4,SSVM,7,350,399,28
rotatingDiamonds1,2,11,0,COX,7,350,399,11
rotatingDiamonds1,2,11,7,ELASTICNET,7,350,399,26
rotatingDiamonds1,2,11,2,GBSA,7,350,399,33
rotatingDiamonds1,2,11,5,WEIBULLAFT,6,300,349,20
rotatingDiamonds1,2,11,1,RSF,5,250,299,22
rotatingDiamonds1,2,11,6,KNN,6,300,349,7
rotatingDiamonds1,2,11,5,WEIBULLAFT,7,350,399,22
rotatingDiamonds1,2,11,3,DEEPSURV,4,200,249,21
rotatingDiamonds1,2,11,6,KNN,7,350,399,7
rotatingDiamonds1,2,11,1,RSF,6,300,349,22
rotatingDiamonds1,2,11,8,MTLR,4,200,249,19
rotatingDiamonds1,2,11,3,DEEPSURV,5,250,299,19
rotatingDiamonds1,2,11,8,MTLR,5,250,299,19
rotatingDiamonds1,2,11,3,DEEPSURV,6,300,349,22
rotatingDiamonds1,2,11,1,RSF,7,350,399,28
rotatingDiamonds1,2,11,8,MTLR,6,300,349,22
rotatingDiamonds1,2,11,3,DEEPSURV,7,350,399,15
rotatingDiamonds1,2,11,8,MTLR,7,350,399,23
rotatingDiamonds1,3,21,0,COX,4,200,249,22
rotatingDiamonds1,3,21,7,ELASTICNET,4,200,249,20
rotatingDiamonds1,3,21,6,KNN,4,200,249,13
rotatingDiamonds1,3,21,4,SSVM,4,200,249,32
rotatingDiamonds1,3,21,0,COX,5,250,299,28
rotatingDiamonds1,3,21,1,RSF,4,200,249,7
rotatingDiamonds1,3,21,2,GBSA,4,200,249,3
rotatingDiamonds1,3,21,4,SSVM,5,250,299,31
rotatingDiamonds1,3,21,5,WEIBULLAFT,4,200,249,34
rotatingDiamonds1,3,21,0,COX,6,300,349,28
rotatingDiamonds1,3,21,7,ELASTICNET,5,250,299,22
rotatingDiamonds1,3,21,6,KNN,5,250,299,20
rotatingDiamonds1,3,21,5,WEIBULLAFT,5,250,299,37
rotatingDiamonds1,3,21,0,COX,7,350,399,15
rotatingDiamonds1,3,21,4,SSVM,6,300,349,27
rotatingDiamonds1,3,21,7,ELASTICNET,6,300,349,26
rotatingDiamonds1,3,21,5,WEIBULLAFT,6,300,349,37
rotatingDiamonds1,3,21,4,SSVM,7,350,399,26
rotatingDiamonds1,3,21,2,GBSA,5,250,299,5
rotatingDiamonds1,3,21,6,KNN,6,300,349,21
rotatingDiamonds1,3,21,5,WEIBULLAFT,7,350,399,36
rotatingDiamonds1,3,21,7,ELASTICNET,7,350,399,27
rotatingDiamonds1,3,21,1,RSF,5,250,299,12
rotatingDiamonds1,3,21,6,KNN,7,350,399,25
rotatingDiamonds1,3,21,2,GBSA,6,300,349,6
rotatingDiamonds1,3,21,3,DEEPSURV,4,200,249,21
rotatingDiamonds1,3,21,8,MTLR,4,200,249,17
rotatingDiamonds1,3,21,2,GBSA,7,350,399,3
rotatingDiamonds1,3,21,1,RSF,6,300,349,10
rotatingDiamonds1,3,21,3,DEEPSURV,5,250,299,11
rotatingDiamonds1,3,21,8,MTLR,5,250,299,19
rotatingDiamonds1,3,21,3,DEEPSURV,6,300,349,21
rotatingDiamonds1,3,21,8,MTLR,6,300,349,26
rotatingDiamonds1,3,21,1,RSF,7,350,399,7
rotatingDiamonds1,3,21,8,MTLR,7,350,399,29
rotatingDiamonds1,3,21,3,DEEPSURV,7,350,399,22
rotatingDiamonds1,4,31,0,COX,4,200,249,17
rotatingDiamonds1,4,31,7,ELASTICNET,4,200,249,29
rotatingDiamonds1,4,31,6,KNN,4,200,249,33
rotatingDiamonds1,4,31,4,SSVM,4,200,249,18
rotatingDiamonds1,4,31,0,COX,5,250,299,16
rotatingDiamonds1,4,31,1,RSF,4,200,249,31
rotatingDiamonds1,4,31,2,GBSA,4,200,249,21
rotatingDiamonds1,4,31,6,KNN,5,250,299,27
rotatingDiamonds1,4,31,7,ELASTICNET,5,250,299,35
rotatingDiamonds1,4,31,5,WEIBULLAFT,4,200,249,23
rotatingDiamonds1,4,31,4,SSVM,5,250,299,30
rotatingDiamonds1,4,31,7,ELASTICNET,6,300,349,28
rotatingDiamonds1,4,31,0,COX,6,300,349,22
rotatingDiamonds1,4,31,6,KNN,6,300,349,24
rotatingDiamonds1,4,31,2,GBSA,5,250,299,26
rotatingDiamonds1,4,31,4,SSVM,6,300,349,23
rotatingDiamonds1,4,31,7,ELASTICNET,7,350,399,33
rotatingDiamonds1,4,31,5,WEIBULLAFT,5,250,299,30
rotatingDiamonds1,4,31,6,KNN,7,350,399,28
rotatingDiamonds1,4,31,0,COX,7,350,399,27
rotatingDiamonds1,4,31,2,GBSA,6,300,349,28
rotatingDiamonds1,4,31,1,RSF,5,250,299,18
rotatingDiamonds1,4,31,4,SSVM,7,350,399,22
rotatingDiamonds1,4,31,5,WEIBULLAFT,6,300,349,31
rotatingDiamonds1,4,31,2,GBSA,7,350,399,24
rotatingDiamonds1,4,31,5,WEIBULLAFT,7,350,399,30
rotatingDiamonds1,4,31,1,RSF,6,300,349,27
rotatingDiamonds1,4,31,3,DEEPSURV,4,200,249,3
rotatingDiamonds1,4,31,8,MTLR,4,200,249,9
rotatingDiamonds1,4,31,1,RSF,7,350,399,27
rotatingDiamonds1,4,31,8,MTLR,5,250,299,6
rotatingDiamonds1,4,31,8,MTLR,6,300,349,13
rotatingDiamonds1,4,31,3,DEEPSURV,6,300,349,3
rotatingDiamonds1,4,31,8,MTLR,7,350,399,9
rotatingDiamonds1,4,31,3,DEEPSURV,7,350,399,2
rotatingDiamonds1,5,41,0,COX,4,200,249,32
rotatingDiamonds1,5,41,0,COX,5,250,299,20
rotatingDiamonds1,5,41,7,ELASTICNET,4,200,249,11
rotatingDiamonds1,5,41,6,KNN,4,200,249,34
rotatingDiamonds1,5,41,4,SSVM,4,200,249,28
rotatingDiamonds1,5,41,2,GBSA,4,200,249,23
rotatingDiamonds1,5,41,5,WEIBULLAFT,4,200,249,13
rotatingDiamonds1,5,41,6,KNN,5,250,299,36
rotatingDiamonds1,5,41,0,COX,6,300,349,21
rotatingDiamonds1,5,41,1,RSF,4,200,249,13
rotatingDiamonds1,5,41,4,SSVM,5,250,299,26
rotatingDiamonds1,5,41,6,KNN,6,300,349,30
rotatingDiamonds1,5,41,7,ELASTICNET,5,250,299,27
rotatingDiamonds1,5,41,2,GBSA,5,250,299,21
rotatingDiamonds1,5,41,0,COX,7,350,399,22
rotatingDiamonds1,5,41,4,SSVM,6,300,349,32
rotatingDiamonds1,5,41,6,KNN,7,350,399,26
rotatingDiamonds1,5,41,5,WEIBULLAFT,5,250,299,17
rotatingDiamonds1,5,41,7,ELASTICNET,6,300,349,15
rotatingDiamonds1,5,41,2,GBSA,6,300,349,25
rotatingDiamonds1,5,41,4,SSVM,7,350,399,26
rotatingDiamonds1,5,41,1,RSF,5,250,299,11
rotatingDiamonds1,5,41,5,WEIBULLAFT,6,300,349,8
rotatingDiamonds1,5,41,7,ELASTICNET,7,350,399,17
rotatingDiamonds1,5,41,2,GBSA,7,350,399,21
rotatingDiamonds1,5,41,8,MTLR,4,200,249,29
rotatingDiamonds1,5,41,5,WEIBULLAFT,7,350,399,13
rotatingDiamonds1,5,41,1,RSF,6,300,349,15
rotatingDiamonds1,5,41,8,MTLR,5,250,299,25
rotatingDiamonds1,5,41,8,MTLR,6,300,349,25
rotatingDiamonds1,5,41,3,DEEPSURV,5,250,299,4
rotatingDiamonds1,5,41,8,MTLR,7,350,399,34
rotatingDiamonds1,5,41,1,RSF,7,350,399,14
rotatingDiamonds1,5,41,3,DEEPSURV,6,300,349,4
rotatingDiamonds1,5,41,3,DEEPSURV,7,350,399,3
rotatingDiamonds1,6,51,0,COX,4,200,249,22
rotatingDiamonds1,6,51,4,SSVM,3,150,199,1
rotatingDiamonds1,6,51,4,SSVM,4,200,249,31
rotatingDiamonds1,6,51,6,KNN,4,200,249,4
rotatingDiamonds1,6,51,0,COX,5,250,299,23
rotatingDiamonds1,6,51,1,RSF,4,200,249,25
rotatingDiamonds1,6,51,2,GBSA,4,200,249,21
rotatingDiamonds1,6,51,4,SSVM,5,250,299,28
rotatingDiamonds1,6,51,5,WEIBULLAFT,4,200,249,37
rotatingDiamonds1,6,51,0,COX,6,300,349,29
rotatingDiamonds1,6,51,7,ELASTICNET,4,200,249,1
rotatingDiamonds1,6,51,5,WEIBULLAFT,5,250,299,34
rotatingDiamonds1,6,51,4,SSVM,6,300,349,32
rotatingDiamonds1,6,51,2,GBSA,5,250,299,20
rotatingDiamonds1,6,51,0,COX,7,350,399,34
rotatingDiamonds1,6,51,6,KNN,5,250,299,9
rotatingDiamonds1,6,51,5,WEIBULLAFT,6,300,349,32
rotatingDiamonds1,6,51,4,SSVM,7,350,399,24
rotatingDiamonds1,6,51,7,ELASTICNET,5,250,299,4
rotatingDiamonds1,6,51,1,RSF,5,250,299,31
rotatingDiamonds1,6,51,2,GBSA,6,300,349,19
rotatingDiamonds1,6,51,5,WEIBULLAFT,7,350,399,29
rotatingDiamonds1,6,51,6,KNN,6,300,349,14
rotatingDiamonds1,6,51,7,ELASTICNET,6,300,349,6
rotatingDiamonds1,6,51,2,GBSA,7,350,399,17
rotatingDiamonds1,6,51,1,RSF,6,300,349,26
rotatingDiamonds1,6,51,6,KNN,7,350,399,9
rotatingDiamonds1,6,51,7,ELASTICNET,7,350,399,4
rotatingDiamonds1,6,51,8,MTLR,4,200,249,4
rotatingDiamonds1,6,51,1,RSF,7,350,399,26
rotatingDiamonds1,6,51,8,MTLR,5,250,299,10
rotatingDiamonds1,6,51,3,DEEPSURV,5,250,299,1
rotatingDiamonds1,6,51,8,MTLR,6,300,349,10
rotatingDiamonds1,6,51,8,MTLR,7,350,399,17
rotatingDiamonds1,7,61,0,COX,3,150,199,1
rotatingDiamonds1,7,61,0,COX,4,200,249,25
rotatingDiamonds1,7,61,0,COX,5,250,299,26
rotatingDiamonds1,7,61,4,SSVM,3,150,199,1
rotatingDiamonds1,7,61,4,SSVM,4,200,249,31
rotatingDiamonds1,7,61,7,ELASTICNET,4,200,249,24
rotatingDiamonds1,7,61,6,KNN,4,200,249,26
rotatingDiamonds1,7,61,1,RSF,4,200,249,28
rotatingDiamonds1,7,61,4,SSVM,5,250,299,29
rotatingDiamonds1,7,61,0,COX,6,300,349,22
rotatingDiamonds1,7,61,6,KNN,5,250,299,25
rotatingDiamonds1,7,61,7,ELASTICNET,5,250,299,30
rotatingDiamonds1,7,61,4,SSVM,6,300,349,36
rotatingDiamonds1,7,61,0,COX,7,350,399,21
rotatingDiamonds1,7,61,7,ELASTICNET,6,300,349,20
rotatingDiamonds1,7,61,4,SSVM,7,350,399,35
rotatingDiamonds1,7,61,6,KNN,6,300,349,34
rotatingDiamonds1,7,61,2,GBSA,5,250,299,2
rotatingDiamonds1,7,61,1,RSF,5,250,299,23
rotatingDiamonds1,7,61,5,WEIBULLAFT,5,250,299,3
rotatingDiamonds1,7,61,6,KNN,7,350,399,31
rotatingDiamonds1,7,61,7,ELASTICNET,7,350,399,26
rotatingDiamonds1,7,61,2,GBSA,6,300,349,2
rotatingDiamonds1,7,61,1,RSF,6,300,349,17
rotatingDiamonds1,7,61,3,DEEPSURV,4,200,249,23
rotatingDiamonds1,7,61,8,MTLR,4,200,249,16
rotatingDiamonds1,7,61,5,WEIBULLAFT,6,300,349,1
rotatingDiamonds1,7,61,3,DEEPSURV,5,250,299,20
rotatingDiamonds1,7,61,8,MTLR,5,250,299,16
rotatingDiamonds1,7,61,3,DEEPSURV,6,300,349,21
rotatingDiamonds1,7,61,1,RSF,7,350,399,24
rotatingDiamonds1,7,61,2,GBSA,7,350,399,1
rotatingDiamonds1,7,61,8,MTLR,6,300,349,25
rotatingDiamonds1,7,61,3,DEEPSURV,7,350,399,20
rotatingDiamonds1,7,61,8,MTLR,7,350,399,25
rotatingDiamonds1,8,71,0,COX,4,200,249,8
rotatingDiamonds1,8,71,7,ELASTICNET,4,200,249,14
rotatingDiamonds1,8,71,6,KNN,4,200,249,30
rotatingDiamonds1,8,71,4,SSVM,4,200,249,32
rotatingDiamonds1,8,71,1,RSF,4,200,249,24
rotatingDiamonds1,8,71,0,COX,5,250,299,7
rotatingDiamonds1,8,71,2,GBSA,4,200,249,30
rotatingDiamonds1,8,71,6,KNN,5,250,299,26
rotatingDiamonds1,8,71,4,SSVM,5,250,299,31
rotatingDiamonds1,8,71,2,GBSA,5,250,299,37
rotatingDiamonds1,8,71,7,ELASTICNET,5,250,299,22
rotatingDiamonds1,8,71,4,SSVM,6,300,349,33
rotatingDiamonds1,8,71,5,WEIBULLAFT,4,200,249,4
rotatingDiamonds1,8,71,6,KNN,6,300,349,25
rotatingDiamonds1,8,71,2,GBSA,6,300,349,27
rotatingDiamonds1,8,71,0,COX,6,300,349,6
rotatingDiamonds1,8,71,4,SSVM,7,350,399,30
rotatingDiamonds1,8,71,7,ELASTICNET,6,300,349,13
rotatingDiamonds1,8,71,6,KNN,7,350,399,30
rotatingDiamonds1,8,71,1,RSF,5,250,299,34
rotatingDiamonds1,8,71,2,GBSA,7,350,399,28
rotatingDiamonds1,8,71,5,WEIBULLAFT,5,250,299,2
rotatingDiamonds1,8,71,0,COX,7,350,399,4
rotatingDiamonds1,8,71,7,ELASTICNET,7,350,399,12
rotatingDiamonds1,8,71,1,RSF,6,300,349,28
rotatingDiamonds1,8,71,3,DEEPSURV,4,200,249,31
rotatingDiamonds1,8,71,8,MTLR,4,200,249,21
rotatingDiamonds1,8,71,5,WEIBULLAFT,6,300,349,2
rotatingDiamonds1,8,71,3,DEEPSURV,5,250,299,29
rotatingDiamonds1,8,71,8,MTLR,5,250,299,24
rotatingDiamonds1,8,71,3,DEEPSURV,6,300,349,18
rotatingDiamonds1,8,71,1,RSF,7,350,399,25
rotatingDiamonds1,8,71,8,MTLR,6,300,349,22
rotatingDiamonds1,8,71,5,WEIBULLAFT,7,350,399,3
rotatingDiamonds1,8,71,3,DEEPSURV,7,350,399,24
rotatingDiamonds1,8,71,8,MTLR,7,350,399,24
rotatingDiamonds1,9,81,0,COX,4,200,249,42
rotatingDiamonds1,9,81,0,COX,5,250,299,42
rotatingDiamonds1,9,81,0,COX,6,300,349,35
rotatingDiamonds1,9,81,6,KNN,4,200,249,6
rotatingDiamonds1,9,81,7,ELASTICNET,4,200,249,30
rotatingDiamonds1,9,81,0,COX,7,350,399,28
rotatingDiamonds1,9,81,2,GBSA,4,200,249,22
rotatingDiamonds1,9,81,1,RSF,4,200,249,11
rotatingDiamonds1,9,81,5,WEIBULLAFT,4,200,249,29
rotatingDiamonds1,9,81,7,ELASTICNET,5,250,299,24
rotatingDiamonds1,9,81,4,SSVM,4,200,249,1
rotatingDiamonds1,9,81,2,GBSA,5,250,299,24
rotatingDiamonds1,9,81,5,WEIBULLAFT,5,250,299,25
rotatingDiamonds1,9,81,6,KNN,5,250,299,12
rotatingDiamonds1,9,81,7,ELASTICNET,6,300,349,24
rotatingDiamonds1,9,81,2,GBSA,6,300,349,21
rotatingDiamonds1,9,81,7,ELASTICNET,7,350,399,23
rotatingDiamonds1,9,81,5,WEIBULLAFT,6,300,349,24
rotatingDiamonds1,9,81,6,KNN,6,300,349,7
rotatingDiamonds1,9,81,4,SSVM,6,300,349,7
rotatingDiamonds1,9,81,2,GBSA,7,350,399,26
rotatingDiamonds1,9,81,5,WEIBULLAFT,7,350,399,22
rotatingDiamonds1,9,81,1,RSF,5,250,299,2
rotatingDiamonds1,9,81,6,KNN,7,350,399,9
rotatingDiamonds1,9,81,3,DEEPSURV,4,200,249,20
rotatingDiamonds1,9,81,4,SSVM,7,350,399,5
rotatingDiamonds1,9,81,3,DEEPSURV,5,250,299,25
rotatingDiamonds1,9,81,1,RSF,6,300,349,2
rotatingDiamonds1,9,81,8,MTLR,5,250,299,3
rotatingDiamonds1,9,81,3,DEEPSURV,6,300,349,24
rotatingDiamonds1,9,81,3,DEEPSURV,7,350,399,28
rotatingDiamonds1,9,81,1,RSF,7,350,399,5
rotatingDiamonds1,9,81,8,MTLR,6,300,349,1
rotatingDiamonds1,9,81,8,MTLR,7,350,399,2
team4_400,10,91,1,RSF,4,200,249,8
team4_400,10,91,7,ELASTICNET,4,200,249,16
team4_400,10,91,7,ELASTICNET,5,250,299,40
team4_400,10,91,0,COX,5,250,299,49
team4_400,10,91,0,COX,6,300,349,35
team4_400,10,91,7,ELASTICNET,6,300,349,37
team4_400,10,91,6,KNN,5,250,299,27
team4_400,10,91,4,SSVM,5,250,299,25
team4_400,10,91,0,COX,7,350,399,41
team4_400,10,91,7,ELASTICNET,7,350,399,44
team4_400,10,91,5,WEIBULLAFT,5,250,299,14
team4_400,10,91,1,RSF,5,250,299,8
team4_400,10,91,0,COX,8,400,449,38
team4_400,10,91,7,ELASTICNET,8,400,449,24
team4_400,10,91,2,GBSA,5,250,299,5
team4_400,10,91,6,KNN,6,300,349,19
team4_400,10,91,4,SSVM,6,300,349,27
team4_400,10,91,5,WEIBULLAFT,6,300,349,21
team4_400,10,91,6,KNN,7,350,399,18
team4_400,10,91,2,GBSA,6,300,349,9
team4_400,10,91,4,SSVM,7,350,399,27
team4_400,10,91,1,RSF,6,300,349,12
team4_400,10,91,5,WEIBULLAFT,7,350,399,22
team4_400,10,91,3,DEEPSURV,5,250,299,2
team4_400,10,91,4,SSVM,8,400,449,27
team4_400,10,91,6,KNN,8,400,449,15
team4_400,10,91,2,GBSA,7,350,399,11
team4_400,10,91,3,DEEPSURV,6,300,349,2
team4_400,10,91,5,WEIBULLAFT,8,400,449,24
team4_400,10,91,1,RSF,7,350,399,10
team4_400,10,91,2,GBSA,8,400,449,11
team4_400,10,91,5,WEIBULLAFT,9,450,499,15
team4_400,10,91,3,DEEPSURV,7,350,399,4
team4_400,10,91,5,WEIBULLAFT,10,500,549,14
team4_400,10,91,1,RSF,8,400,449,3
team4_400,10,91,8,MTLR,7,350,399,1
team4_400,10,91,2,GBSA,9,450,499,9
team4_400,10,91,3,DEEPSURV,8,400,449,4
team4_400,10,91,5,WEIBULLAFT,11,550,599,13
team4_400,10,91,2,GBSA,10,500,549,11
team4_400,10,91,1,RSF,9,450,499,7
team4_400,10,91,5,WEIBULLAFT,12,600,649,14
team4_400,10,91,3,DEEPSURV,9,450,499,4
team4_400,10,91,2,GBSA,11,550,599,10
team4_400,10,91,5,WEIBULLAFT,13,650,699,10
team4_400,10,91,1,RSF,10,500,549,5
team4_400,10,91,2,GBSA,12,600,649,9
team4_400,10,91,3,DEEPSURV,10,500,549,3
team4_400,10,91,5,WEIBULLAFT,14,700,749,7
team4_400,10,91,3,DEEPSURV,11,550,599,2
team4_400,10,91,2,GBSA,13,650,699,13
team4_400,10,91,1,RSF,11,550,599,7
team4_400,10,91,5,WEIBULLAFT,15,750,799,12
team4_400,10,91,3,DEEPSURV,12,600,649,4
team4_400,10,91,2,GBSA,14,700,749,6
team4_400,10,91,5,WEIBULLAFT,16,800,849,9
team4_400,10,91,1,RSF,12,600,649,5
team4_400,10,91,3,DEEPSURV,13,650,699,4
team4_400,10,91,2,GBSA,15,750,799,14
team4_400,10,91,5,WEIBULLAFT,17,850,899,7
team4_400,10,91,1,RSF,13,650,699,8
team4_400,10,91,3,DEEPSURV,14,700,749,5
team4_400,10,91,2,GBSA,16,800,849,9
team4_400,10,91,5,WEIBULLAFT,18,900,949,12
team4_400,10,91,2,GBSA,17,850,899,9
team4_400,10,91,8,MTLR,13,650,699,1
team4_400,10,91,5,WEIBULLAFT,19,950,999,2
team4_400,10,91,3,DEEPSURV,15,750,799,3
team4_400,10,91,2,GBSA,18,900,949,3
team4_400,10,91,3,DEEPSURV,16,800,849,6
team4_400,10,91,2,GBSA,19,950,999,12
team4_400,10,91,3,DEEPSURV,17,850,899,5
team4_400,10,91,3,DEEPSURV,18,900,949,3
team4_400,10,91,8,MTLR,17,850,899,1
team4_400,10,91,3,DEEPSURV,19,950,999,3
team4_400,1,1,7,ELASTICNET,4,200,249,37
team4_400,1,1,6,KNN,4,200,249,30
team4_400,1,1,0,COX,4,200,249,5
team4_400,1,1,7,ELASTICNET,5,250,299,29
team4_400,1,1,6,KNN,5,250,299,35
team4_400,1,1,7,ELASTICNET,6,300,349,39
team4_400,1,1,2,GBSA,4,200,249,11
team4_400,1,1,6,KNN,6,300,349,33
team4_400,1,1,0,COX,5,250,299,7
team4_400,1,1,4,SSVM,5,250,299,43
team4_400,1,1,7,ELASTICNET,7,350,399,38
team4_400,1,1,2,GBSA,5,250,299,31
team4_400,1,1,4,SSVM,6,300,349,38
team4_400,1,1,1,RSF,5,250,299,34
team4_400,1,1,5,WEIBULLAFT,5,250,299,38
team4_400,1,1,6,KNN,7,350,399,32
team4_400,1,1,4,SSVM,7,350,399,36
team4_400,1,1,5,WEIBULLAFT,6,300,349,40
team4_400,1,1,2,GBSA,6,300,349,27
team4_400,1,1,88,MTLR,0,0,49,75
team4_400,1,1,1,RSF,6,300,349,28
team4_400,1,1,4,SSVM,8,400,449,41
team4_400,1,1,5,WEIBULLAFT,7,350,399,36
team4_400,1,1,3,DEEPSURV,4,200,249,3
team4_400,1,1,3,DEEPSURV,5,250,299,23
team4_400,1,1,4,SSVM,9,450,499,45
team4_400,1,1,0,COX,6,300,349,6
team4_400,1,1,2,GBSA,7,350,399,29
team4_400,1,1,4,SSVM,10,500,549,36
team4_400,1,1,5,WEIBULLAFT,8,400,449,43
team4_400,1,1,5,WEIBULLAFT,9,450,499,36
team4_400,1,1,4,SSVM,11,550,599,37
team4_400,1,1,1,RSF,7,350,399,36
team4_400,1,1,,,0,0,49,1
team4_400,1,1,2,GBSA,8,400,449,15
team4_400,1,1,3,DEEPSURV,6,300,349,19
team4_400,1,1,4,SSVM,12,600,649,41
team4_400,1,1,4,SSVM,13,650,699,43
team4_400,1,1,1,RSF,8,400,449,29
team4_400,1,1,4,SSVM,14,700,749,37
team4_400,1,1,3,DEEPSURV,7,350,399,23
team4_400,1,1,0,COX,7,350,399,3
team4_400,1,1,4,SSVM,15,750,799,24
team4_400,1,1,3,DEEPSURV,8,400,449,19
team4_400,1,1,0,COX,8,400,449,1
team4_400,1,1,3,DEEPSURV,9,450,499,26
team4_400,1,1,3,DEEPSURV,10,500,549,22
team4_400,1,1,0,COX,9,450,499,2
team4_400,1,1,3,DEEPSURV,11,550,599,16
team4_400,1,1,0,COX,10,500,549,4
team4_400,1,1,3,DEEPSURV,12,600,649,22
team4_400,1,1,3,DEEPSURV,13,650,699,20
team4_400,1,1,0,COX,11,550,599,3
team4_400,1,1,3,DEEPSURV,14,700,749,11
team4_400,1,1,0,COX,12,600,649,5
team4_400,1,1,3,DEEPSURV,15,750,799,12
team4_400,1,1,0,COX,13,650,699,2
team4_400,1,1,3,DEEPSURV,16,800,849,10
team4_400,1,1,0,COX,14,700,749,3
team4_400,1,1,3,DEEPSURV,17,850,899,15
team4_400,1,1,3,DEEPSURV,18,900,949,11
team4_400,1,1,3,DEEPSURV,19,950,999,19
team4_400,1,1,0,COX,16,800,849,6
team4_400,1,1,0,COX,17,850,899,3
team4_400,2,11,0,COX,4,200,249,49
team4_400,2,11,0,COX,5,250,299,42
team4_400,2,11,0,COX,6,300,349,42
team4_400,2,11,0,COX,7,350,399,37
team4_400,2,11,2,GBSA,4,200,249,23
team4_400,2,11,2,GBSA,5,250,299,33
team4_400,2,11,7,ELASTICNET,4,200,249,6
team4_400,2,11,6,KNN,5,250,299,20
team4_400,2,11,8,MTLR,4,200,249,12
team4_400,2,11,7,ELASTICNET,5,250,299,33
team4_400,2,11,2,GBSA,6,300,349,31
team4_400,2,11,5,WEIBULLAFT,5,250,299,28
team4_400,2,11,4,SSVM,5,250,299,45
team4_400,2,11,7,ELASTICNET,6,300,349,26
team4_400,2,11,4,SSVM,6,300,349,41
team4_400,2,11,2,GBSA,7,350,399,32
team4_400,2,11,6,KNN,6,300,349,21
team4_400,2,11,4,SSVM,7,350,399,41
team4_400,2,11,8,MTLR,5,250,299,19
team4_400,2,11,5,WEIBULLAFT,6,300,349,31
team4_400,2,11,4,SSVM,8,400,449,35
team4_400,2,11,1,RSF,5,250,299,3
team4_400,2,11,7,ELASTICNET,7,350,399,24
team4_400,2,11,2,GBSA,8,400,449,35
team4_400,2,11,3,DEEPSURV,5,250,299,23
team4_400,2,11,5,WEIBULLAFT,7,350,399,30
team4_400,2,11,6,KNN,7,350,399,16
team4_400,2,11,1,RSF,6,300,349,6
team4_400,2,11,2,GBSA,9,450,499,29
team4_400,2,11,,,0,0,49,1
team4_400,2,11,8,MTLR,6,300,349,19
team4_400,2,11,7,ELASTICNET,8,400,449,34
team4_400,2,11,5,WEIBULLAFT,8,400,449,31
team4_400,2,11,3,DEEPSURV,6,300,349,23
team4_400,2,11,2,GBSA,10,500,549,27
team4_400,2,11,7,ELASTICNET,9,450,499,27
team4_400,2,11,6,KNN,8,400,449,19
team4_400,2,11,8,MTLR,7,350,399,13
team4_400,2,11,3,DEEPSURV,7,350,399,21
team4_400,2,11,2,GBSA,11,550,599,25
team4_400,2,11,7,ELASTICNET,10,500,549,37
team4_400,2,11,7,ELASTICNET,11,550,599,38
team4_400,2,11,6,KNN,9,450,499,19
team4_400,2,11,3,DEEPSURV,8,400,449,24
team4_400,2,11,2,GBSA,12,600,649,28
team4_400,2,11,8,MTLR,8,400,449,11
team4_400,2,11,1,RSF,7,350,399,2
team4_400,2,11,7,ELASTICNET,12,600,649,7
team4_400,2,11,2,GBSA,13,650,699,25
team4_400,2,11,3,DEEPSURV,9,450,499,32
team4_400,2,11,6,KNN,10,500,549,18
team4_400,2,11,3,DEEPSURV,10,500,549,26
team4_400,2,11,1,RSF,8,400,449,3
team4_400,2,11,8,MTLR,9,450,499,8
team4_400,2,11,2,GBSA,14,700,749,13
team4_400,2,11,6,KNN,11,550,599,15
team4_400,2,11,3,DEEPSURV,11,550,599,22
team4_400,2,11,8,MTLR,10,500,549,5
team4_400,2,11,6,KNN,12,600,649,16
team4_400,2,11,3,DEEPSURV,12,600,649,33
team4_400,2,11,3,DEEPSURV,13,650,699,5
team4_400,2,11,8,MTLR,11,550,599,10
team4_400,2,11,6,KNN,13,650,699,18
team4_400,2,11,1,RSF,9,450,499,3
team4_400,2,11,6,KNN,14,700,749,25
team4_400,2,11,8,MTLR,12,600,649,13
team4_400,2,11,1,RSF,10,500,549,3
team4_400,2,11,6,KNN,15,750,799,20
team4_400,2,11,8,MTLR,13,650,699,9
team4_400,2,11,1,RSF,11,550,599,5
team4_400,2,11,6,KNN,16,800,849,17
team4_400,2,11,8,MTLR,14,700,749,11
team4_400,2,11,6,KNN,17,850,899,22
team4_400,2,11,1,RSF,12,600,649,6
team4_400,2,11,8,MTLR,15,750,799,18
team4_400,2,11,6,KNN,18,900,949,18
team4_400,2,11,6,KNN,19,950,999,21
team4_400,2,11,8,MTLR,16,800,849,14
team4_400,2,11,1,RSF,13,650,699,5
team4_400,2,11,8,MTLR,17,850,899,15
team4_400,2,11,1,RSF,14,700,749,8
team4_400,2,11,8,MTLR,18,900,949,12
team4_400,2,11,8,MTLR,19,950,999,11
team4_400,2,11,1,RSF,15,750,799,1
team4_400,2,11,1,RSF,17,850,899,4
team4_400,2,11,1,RSF,18,900,949,4
team4_400,2,11,1,RSF,19,950,999,2
team4_400,3,21,6,KNN,4,200,249,5
team4_400,3,21,2,GBSA,4,200,249,1
team4_400,3,21,3,DEEPSURV,4,200,249,9
team4_400,3,21,0,COX,5,250,299,29
team4_400,3,21,4,SSVM,4,200,249,1
team4_400,3,21,4,SSVM,5,250,299,36
team4_400,3,21,1,RSF,5,250,299,13
team4_400,3,21,7,ELASTICNET,5,250,299,28
team4_400,3,21,6,KNN,5,250,299,6
team4_400,3,21,5,WEIBULLAFT,5,250,299,24
team4_400,3,21,4,SSVM,6,300,349,41
team4_400,3,21,0,COX,6,300,349,23
team4_400,3,21,4,SSVM,7,350,399,41
team4_400,3,21,,,0,0,49,1
team4_400,3,21,7,ELASTICNET,6,300,349,31
team4_400,3,21,4,SSVM,8,400,449,30
team4_400,3,21,8,MTLR,4,200,249,1
team4_400,3,21,5,WEIBULLAFT,6,300,349,31
team4_400,3,21,0,COX,7,350,399,24
team4_400,3,21,8,MTLR,5,250,299,3
team4_400,3,21,7,ELASTICNET,7,350,399,31
team4_400,3,21,1,RSF,6,300,349,19
team4_400,3,21,4,SSVM,9,450,499,27
team4_400,3,21,6,KNN,6,300,349,8
team4_400,3,21,3,DEEPSURV,5,250,299,7
team4_400,3,21,5,WEIBULLAFT,7,350,399,33
team4_400,3,21,7,ELASTICNET,8,400,449,30
team4_400,3,21,0,COX,8,400,449,31
team4_400,3,21,5,WEIBULLAFT,8,400,449,28
team4_400,3,21,3,DEEPSURV,6,300,349,12
team4_400,3,21,2,GBSA,6,300,349,2
team4_400,3,21,8,MTLR,6,300,349,4
team4_400,3,21,7,ELASTICNET,9,450,499,32
team4_400,3,21,1,RSF,7,350,399,25
team4_400,3,21,6,KNN,7,350,399,6
team4_400,3,21,7,ELASTICNET,10,500,549,32
team4_400,3,21,3,DEEPSURV,7,350,399,7
team4_400,3,21,7,ELASTICNET,11,550,599,25
team4_400,3,21,1,RSF,8,400,449,21
team4_400,3,21,6,KNN,8,400,449,3
team4_400,3,21,7,ELASTICNET,12,600,649,19
team4_400,3,21,3,DEEPSURV,8,400,449,9
team4_400,3,21,6,KNN,9,450,499,5
team4_400,3,21,8,MTLR,8,400,449,2
team4_400,3,21,3,DEEPSURV,9,450,499,8
team4_400,3,21,2,GBSA,8,400,449,1
team4_400,3,21,8,MTLR,9,450,499,2
team4_400,3,21,3,DEEPSURV,10,500,549,8
team4_400,3,21,6,KNN,10,500,549,2
team4_400,3,21,6,KNN,11,550,599,7
team4_400,3,21,3,DEEPSURV,11,550,599,13
team4_400,3,21,6,KNN,12,600,649,5
team4_400,3,21,2,GBSA,11,550,599,1
team4_400,3,21,6,KNN,13,650,699,5
team4_400,3,21,2,GBSA,12,600,649,1
team4_400,3,21,6,KNN,14,700,749,5
team4_400,3,21,2,GBSA,13,650,699,2
team4_400,3,21,2,GBSA,14,700,749,2
team4_400,3,21,6,KNN,15,750,799,5
team4_400,3,21,6,KNN,16,800,849,1
team4_400,3,21,2,GBSA,15,750,799,1
team4_400,3,21,2,GBSA,17,850,899,1
team4_400,3,21,2,GBSA,19,950,999,1
team4_400,4,31,6,KNN,4,200,249,2
team4_400,4,31,6,KNN,5,250,299,37
team4_400,4,31,5,WEIBULLAFT,5,250,299,36
team4_400,4,31,0,COX,5,250,299,20
team4_400,4,31,7,ELASTICNET,5,250,299,20
team4_400,4,31,4,SSVM,5,250,299,38
team4_400,4,31,2,GBSA,5,250,299,10
team4_400,4,31,6,KNN,6,300,349,29
team4_400,4,31,8,MTLR,4,200,249,13
team4_400,4,31,1,RSF,5,250,299,23
team4_400,4,31,5,WEIBULLAFT,6,300,349,39
team4_400,4,31,4,SSVM,6,300,349,39
team4_400,4,31,3,DEEPSURV,4,200,249,8
team4_400,4,31,0,COX,6,300,349,19
team4_400,4,31,4,SSVM,7,350,399,35
team4_400,4,31,5,WEIBULLAFT,7,350,399,21
team4_400,4,31,7,ELASTICNET,6,300,349,22
team4_400,4,31,8,MTLR,5,250,299,26
team4_400,4,31,6,KNN,7,350,399,33
team4_400,4,31,3,DEEPSURV,5,250,299,23
team4_400,4,31,6,KNN,8,400,449,35
team4_400,4,31,4,SSVM,8,400,449,30
team4_400,4,31,1,RSF,6,300,349,19
team4_400,4,31,8,MTLR,6,300,349,30
team4_400,4,31,0,COX,7,350,399,23
team4_400,4,31,5,WEIBULLAFT,8,400,449,28
team4_400,4,31,3,DEEPSURV,6,300,349,28
team4_400,4,31,7,ELASTICNET,7,350,399,21
team4_400,4,31,6,KNN,9,450,499,25
team4_400,4,31,2,GBSA,6,300,349,6
team4_400,4,31,8,MTLR,7,350,399,36
team4_400,4,31,3,DEEPSURV,7,350,399,29
team4_400,4,31,5,WEIBULLAFT,9,450,499,2
team4_400,4,31,0,COX,8,400,449,17
team4_400,4,31,6,KNN,10,500,549,31
team4_400,4,31,2,GBSA,7,350,399,10
team4_400,4,31,7,ELASTICNET,8,400,449,23
team4_400,4,31,8,MTLR,8,400,449,12
team4_400,4,31,1,RSF,7,350,399,26
team4_400,4,31,3,DEEPSURV,8,400,449,27
team4_400,4,31,6,KNN,11,550,599,31
team4_400,4,31,7,ELASTICNET,9,450,499,23
team4_400,4,31,0,COX,9,450,499,11
team4_400,4,31,3,DEEPSURV,9,450,499,24
team4_400,4,31,6,KNN,12,600,649,32
team4_400,4,31,2,GBSA,8,400,449,10
team4_400,4,31,1,RSF,8,400,449,28
team4_400,4,31,6,KNN,13,650,699,31
team4_400,4,31,7,ELASTICNET,10,500,549,16
team4_400,4,31,3,DEEPSURV,10,500,549,29
team4_400,4,31,0,COX,10,500,549,6
team4_400,4,31,1,RSF,9,450,499,24
team4_400,4,31,6,KNN,14,700,749,28
team4_400,4,31,2,GBSA,9,450,499,13
team4_400,4,31,3,DEEPSURV,11,550,599,21
team4_400,4,31,6,KNN,15,750,799,27
team4_400,4,31,7,ELASTICNET,11,550,599,12
team4_400,4,31,0,COX,11,550,599,9
team4_400,4,31,1,RSF,10,500,549,24
team4_400,4,31,6,KNN,16,800,849,29
team4_400,4,31,2,GBSA,10,500,549,8
team4_400,4,31,7,ELASTICNET,12,600,649,22
team4_400,4,31,6,KNN,17,850,899,32
team4_400,4,31,1,RSF,11,550,599,25
team4_400,4,31,0,COX,12,600,649,8
team4_400,4,31,6,KNN,18,900,949,37
team4_400,4,31,7,ELASTICNET,13,650,699,20
team4_400,4,31,2,GBSA,11,550,599,12
team4_400,4,31,6,KNN,19,950,999,32
team4_400,4,31,1,RSF,12,600,649,24
team4_400,4,31,7,ELASTICNET,14,700,749,13
team4_400,4,31,2,GBSA,12,600,649,13
team4_400,4,31,1,RSF,13,650,699,24
team4_400,4,31,0,COX,13,650,699,3
team4_400,4,31,2,GBSA,13,650,699,12
team4_400,4,31,0,COX,14,700,749,3
team4_400,4,31,1,RSF,14,700,749,24
team4_400,4,31,2,GBSA,14,700,749,7
team4_400,4,31,1,RSF,15,750,799,21
team4_400,4,31,0,COX,15,750,799,1
team4_400,4,31,2,GBSA,15,750,799,15
team4_400,4,31,1,RSF,16,800,849,28
team4_400,4,31,0,COX,16,800,849,9
team4_400,4,31,1,RSF,17,850,899,28
team4_400,4,31,2,GBSA,16,800,849,13
team4_400,4,31,1,RSF,18,900,949,29
team4_400,4,31,0,COX,17,850,899,8
team4_400,4,31,2,GBSA,17,850,899,12
team4_400,4,31,1,RSF,19,950,999,24
team4_400,4,31,0,COX,18,900,949,2
team4_400,4,31,2,GBSA,18,900,949,6
team4_400,4,31,0,COX,19,950,999,3
team4_400,4,31,2,GBSA,19,950,999,18
team4_400,5,41,7,ELASTICNET,4,200,249,37
team4_400,5,41,1,RSF,4,200,249,16
team4_400,5,41,6,KNN,4,200,249,15
team4_400,5,41,7,ELASTICNET,5,250,299,47
team4_400,5,41,7,ELASTICNET,6,300,349,39
team4_400,5,41,7,ELASTICNET,7,350,399,41
team4_400,5,41,5,WEIBULLAFT,4,200,249,5
team4_400,5,41,6,KNN,5,250,299,17
team4_400,5,41,5,WEIBULLAFT,5,250,299,20
team4_400,5,41,0,COX,5,250,299,5
team4_400,5,41,1,RSF,5,250,299,14
team4_400,5,41,2,GBSA,5,250,299,23
team4_400,5,41,4,SSVM,5,250,299,7
team4_400,5,41,8,MTLR,4,200,249,12
team4_400,5,41,6,KNN,6,300,349,16
team4_400,5,41,5,WEIBULLAFT,6,300,349,21
team4_400,5,41,2,GBSA,6,300,349,18
team4_400,5,41,8,MTLR,5,250,299,11
team4_400,5,41,0,COX,6,300,349,3
team4_400,5,41,3,DEEPSURV,5,250,299,19
team4_400,5,41,1,RSF,6,300,349,16
team4_400,5,41,6,KNN,7,350,399,21
team4_400,5,41,4,SSVM,6,300,349,9
team4_400,5,41,5,WEIBULLAFT,7,350,399,26
team4_400,5,41,2,GBSA,7,350,399,17
team4_400,5,41,8,MTLR,6,300,349,16
team4_400,5,41,3,DEEPSURV,6,300,349,20
team4_400,5,41,6,KNN,8,400,449,19
team4_400,5,41,5,WEIBULLAFT,8,400,449,23
team4_400,5,41,0,COX,7,350,399,6
team4_400,5,41,4,SSVM,7,350,399,7
team4_400,5,41,1,RSF,7,350,399,22
team4_400,5,41,2,GBSA,8,400,449,15
team4_400,5,41,3,DEEPSURV,7,350,399,16
team4_400,5,41,8,MTLR,7,350,399,13
team4_400,5,41,5,WEIBULLAFT,9,450,499,34
team4_400,5,41,6,KNN,9,450,499,17
team4_400,5,41,0,COX,8,400,449,4
team4_400,5,41,5,WEIBULLAFT,10,500,549,31
team4_400,5,41,2,GBSA,9,450,499,18
team4_400,5,41,1,RSF,8,400,449,17
team4_400,5,41,4,SSVM,8,400,449,5
team4_400,5,41,8,MTLR,8,400,449,13
team4_400,5,41,6,KNN,10,500,549,28
team4_400,5,41,3,DEEPSURV,8,400,449,5
team4_400,5,41,5,WEIBULLAFT,11,550,599,33
team4_400,5,41,2,GBSA,10,500,549,22
team4_400,5,41,6,KNN,11,550,599,20
team4_400,5,41,5,WEIBULLAFT,12,600,649,14
team4_400,5,41,1,RSF,9,450,499,26
team4_400,5,41,0,COX,9,450,499,3
team4_400,5,41,4,SSVM,9,450,499,8
team4_400,5,41,8,MTLR,9,450,499,11
team4_400,5,41,3,DEEPSURV,9,450,499,7
team4_400,5,41,2,GBSA,11,550,599,23
team4_400,5,41,6,KNN,12,600,649,32
team4_400,5,41,1,RSF,10,500,549,19
team4_400,5,41,4,SSVM,10,500,549,9
team4_400,5,41,2,GBSA,12,600,649,19
team4_400,5,41,6,KNN,13,650,699,32
team4_400,5,41,8,MTLR,10,500,549,11
team4_400,5,41,3,DEEPSURV,10,500,549,12
team4_400,5,41,6,KNN,14,700,749,21
team4_400,5,41,1,RSF,11,550,599,18
team4_400,5,41,4,SSVM,11,550,599,11
team4_400,5,41,8,MTLR,11,550,599,12
team4_400,5,41,0,COX,11,550,599,3
team4_400,5,41,3,DEEPSURV,11,550,599,8
team4_400,5,41,4,SSVM,12,600,649,4
team4_400,5,41,1,RSF,12,600,649,22
team4_400,5,41,8,MTLR,12,600,649,13
team4_400,5,41,3,DEEPSURV,12,600,649,14
team4_400,5,41,0,COX,12,600,649,3
team4_400,5,41,8,MTLR,13,650,699,14
team4_400,5,41,1,RSF,13,650,699,3
team4_400,5,41,3,DEEPSURV,13,650,699,14
team4_400,5,41,4,SSVM,13,650,699,5
team4_400,5,41,0,COX,13,650,699,2
team4_400,5,41,8,MTLR,14,700,749,11
team4_400,5,41,4,SSVM,14,700,749,9
team4_400,5,41,8,MTLR,15,750,799,17
team4_400,5,41,4,SSVM,15,750,799,4
team4_400,5,41,8,MTLR,16,800,849,10
team4_400,5,41,0,COX,14,700,749,1
team4_400,5,41,0,COX,15,750,799,5
team4_400,5,41,8,MTLR,17,850,899,10
team4_400,5,41,4,SSVM,16,800,849,4
team4_400,5,41,4,SSVM,17,850,899,6
team4_400,5,41,8,MTLR,18,900,949,7
team4_400,5,41,8,MTLR,19,950,999,14
team4_400,5,41,4,SSVM,18,900,949,8
team4_400,5,41,0,COX,17,850,899,1
team4_400,5,41,4,SSVM,19,950,999,2
team4_400,5,41,0,COX,18,900,949,4
team4_400,5,41,0,COX,19,950,999,1
team4_400,6,51,2,GBSA,4,200,249,2
team4_400,6,51,7,ELASTICNET,4,200,249,13
team4_400,6,51,7,ELASTICNET,5,250,299,35
team4_400,6,51,0,COX,5,250,299,34
team4_400,6,51,4,SSVM,5,250,299,32
team4_400,6,51,6,KNN,5,250,299,25
team4_400,6,51,7,ELASTICNET,6,300,349,34
team4_400,6,51,2,GBSA,5,250,299,12
team4_400,6,51,3,DEEPSURV,4,200,249,23
team4_400,6,51,1,RSF,5,250,299,20
team4_400,6,51,0,COX,6,300,349,37
team4_400,6,51,5,WEIBULLAFT,5,250,299,9
team4_400,6,51,4,SSVM,6,300,349,33
team4_400,6,51,7,ELASTICNET,7,350,399,40
team4_400,6,51,6,KNN,6,300,349,30
team4_400,6,51,0,COX,7,350,399,32
team4_400,6,51,7,ELASTICNET,8,400,449,20
team4_400,6,51,3,DEEPSURV,5,250,299,28
team4_400,6,51,4,SSVM,7,350,399,26
team4_400,6,51,6,KNN,7,350,399,24
team4_400,6,51,0,COX,8,400,449,37
team4_400,6,51,2,GBSA,6,300,349,5
team4_400,6,51,1,RSF,6,300,349,27
team4_400,6,51,8,MTLR,5,250,299,32
team4_400,6,51,3,DEEPSURV,6,300,349,29
team4_400,6,51,4,SSVM,8,400,449,25
team4_400,6,51,8,MTLR,6,300,349,36
team4_400,6,51,6,KNN,8,400,449,20
team4_400,6,51,5,WEIBULLAFT,6,300,349,8
team4_400,6,51,1,RSF,7,350,399,21
team4_400,6,51,8,MTLR,7,350,399,29
team4_400,6,51,3,DEEPSURV,7,350,399,27
team4_400,6,51,2,GBSA,7,350,399,10
team4_400,6,51,6,KNN,9,450,499,23
team4_400,6,51,8,MTLR,8,400,449,32
team4_400,6,51,5,WEIBULLAFT,7,350,399,11
team4_400,6,51,3,DEEPSURV,8,400,449,10
team4_400,6,51,1,RSF,8,400,449,24
team4_400,6,51,8,MTLR,9,450,499,28
team4_400,6,51,6,KNN,10,500,549,33
team4_400,6,51,2,GBSA,8,400,449,11
team4_400,6,51,5,WEIBULLAFT,8,400,449,11
team4_400,6,51,6,KNN,11,550,599,31
team4_400,6,51,8,MTLR,10,500,549,28
team4_400,6,51,1,RSF,9,450,499,19
team4_400,6,51,6,KNN,12,600,649,22
team4_400,6,51,2,GBSA,9,450,499,10
team4_400,6,51,8,MTLR,11,550,599,29
team4_400,6,51,1,RSF,10,500,549,32
team4_400,6,51,5,WEIBULLAFT,9,450,499,12
team4_400,6,51,8,MTLR,12,600,649,6
team4_400,6,51,6,KNN,13,650,699,2
team4_400,6,51,1,RSF,11,550,599,28
team4_400,6,51,2,GBSA,10,500,549,10
team4_400,6,51,5,WEIBULLAFT,10,500,549,7
team4_400,6,51,2,GBSA,11,550,599,14
team4_400,6,51,1,RSF,12,600,649,21
team4_400,6,51,5,WEIBULLAFT,11,550,599,17
team4_400,6,51,2,GBSA,12,600,649,19
team4_400,6,51,5,WEIBULLAFT,12,600,649,19
team4_400,6,51,2,GBSA,13,650,699,13
team4_400,6,51,2,GBSA,14,700,749,14
team4_400,6,51,5,WEIBULLAFT,13,650,699,18
team4_400,6,51,5,WEIBULLAFT,14,700,749,15
team4_400,6,51,2,GBSA,15,750,799,19
team4_400,6,51,5,WEIBULLAFT,15,750,799,19
team4_400,6,51,2,GBSA,16,800,849,7
team4_400,6,51,5,WEIBULLAFT,16,800,849,22
team4_400,6,51,5,WEIBULLAFT,17,850,899,22
team4_400,6,51,5,WEIBULLAFT,18,900,949,21
team4_400,6,51,5,WEIBULLAFT,19,950,999,19
team4_400,7,61,2,GBSA,4,200,249,30
team4_400,7,61,2,GBSA,5,250,299,32
team4_400,7,61,4,SSVM,4,200,249,6
team4_400,7,61,4,SSVM,5,250,299,41
team4_400,7,61,0,COX,5,250,299,13
team4_400,7,61,2,GBSA,6,300,349,27
team4_400,7,61,5,WEIBULLAFT,5,250,299,41
team4_400,7,61,6,KNN,5,250,299,34
team4_400,7,61,3,DEEPSURV,4,200,249,18
team4_400,7,61,7,ELASTICNET,5,250,299,30
team4_400,7,61,4,SSVM,6,300,349,38
team4_400,7,61,1,RSF,5,250,299,15
team4_400,7,61,5,WEIBULLAFT,6,300,349,32
team4_400,7,61,4,SSVM,7,350,399,39
team4_400,7,61,6,KNN,6,300,349,34
team4_400,7,61,2,GBSA,7,350,399,17
team4_400,7,61,7,ELASTICNET,6,300,349,25
team4_400,7,61,4,SSVM,8,400,449,29
team4_400,7,61,5,WEIBULLAFT,7,350,399,34
team4_400,7,61,0,COX,6,300,349,13
team4_400,7,61,3,DEEPSURV,5,250,299,19
team4_400,7,61,6,KNN,7,350,399,39
team4_400,7,61,6,KNN,8,400,449,29
team4_400,7,61,5,WEIBULLAFT,8,400,449,38
team4_400,7,61,7,ELASTICNET,7,350,399,40
team4_400,7,61,1,RSF,6,300,349,15
team4_400,7,61,8,MTLR,5,250,299,19
team4_400,7,61,2,GBSA,8,400,449,28
team4_400,7,61,7,ELASTICNET,8,400,449,30
team4_400,7,61,5,WEIBULLAFT,9,450,499,46
team4_400,7,61,3,DEEPSURV,6,300,349,24
team4_400,7,61,5,WEIBULLAFT,10,500,549,41
team4_400,7,61,0,COX,7,350,399,7
team4_400,7,61,8,MTLR,6,300,349,22
team4_400,7,61,5,WEIBULLAFT,11,550,599,6
team4_400,7,61,7,ELASTICNET,9,450,499,40
team4_400,7,61,2,GBSA,9,450,499,25
team4_400,7,61,7,ELASTICNET,10,500,549,19
team4_400,7,61,3,DEEPSURV,7,350,399,22
team4_400,7,61,1,RSF,7,350,399,19
team4_400,7,61,2,GBSA,10,500,549,32
team4_400,7,61,8,MTLR,7,350,399,22
team4_400,7,61,0,COX,8,400,449,6
team4_400,7,61,3,DEEPSURV,8,400,449,20
team4_400,7,61,2,GBSA,11,550,599,31
team4_400,7,61,1,RSF,8,400,449,13
team4_400,7,61,8,MTLR,8,400,449,19
team4_400,7,61,2,GBSA,12,600,649,33
team4_400,7,61,3,DEEPSURV,9,450,499,22
team4_400,7,61,0,COX,9,450,499,8
team4_400,7,61,2,GBSA,13,650,699,30
team4_400,7,61,8,MTLR,9,450,499,23
team4_400,7,61,3,DEEPSURV,10,500,549,5
team4_400,7,61,2,GBSA,14,700,749,31
team4_400,7,61,1,RSF,9,450,499,12
team4_400,7,61,8,MTLR,10,500,549,24
team4_400,7,61,2,GBSA,15,750,799,32
team4_400,7,61,2,GBSA,16,800,849,29
team4_400,7,61,0,COX,10,500,549,1
team4_400,7,61,8,MTLR,11,550,599,14
team4_400,7,61,2,GBSA,17,850,899,35
team4_400,7,61,2,GBSA,18,900,949,27
team4_400,7,61,2,GBSA,19,950,999,26
team4_400,7,61,0,COX,11,550,599,2
team4_400,7,61,0,COX,12,600,649,1
team4_400,7,61,0,COX,13,650,699,3
team4_400,7,61,0,COX,14,700,749,8
team4_400,8,71,1,RSF,4,200,249,14
team4_400,8,71,0,COX,4,200,249,19
team4_400,8,71,0,COX,5,250,299,47
team4_400,8,71,0,COX,6,300,349,44
team4_400,8,71,7,ELASTICNET,4,200,249,2
team4_400,8,71,0,COX,7,350,399,42
team4_400,8,71,0,COX,8,400,449,14
team4_400,8,71,6,KNN,5,250,299,21
team4_400,8,71,4,SSVM,5,250,299,36
team4_400,8,71,7,ELASTICNET,5,250,299,9
team4_400,8,71,1,RSF,5,250,299,9
team4_400,8,71,5,WEIBULLAFT,5,250,299,28
team4_400,8,71,2,GBSA,5,250,299,16
team4_400,8,71,4,SSVM,6,300,349,41
team4_400,8,71,4,SSVM,7,350,399,37
team4_400,8,71,6,KNN,6,300,349,34
team4_400,8,71,5,WEIBULLAFT,6,300,349,27
team4_400,8,71,4,SSVM,8,400,449,36
team4_400,8,71,2,GBSA,6,300,349,19
team4_400,8,71,6,KNN,7,350,399,32
team4_400,8,71,8,MTLR,5,250,299,4
team4_400,8,71,7,ELASTICNET,6,300,349,8
team4_400,8,71,4,SSVM,9,450,499,35
team4_400,8,71,5,WEIBULLAFT,7,350,399,31
team4_400,8,71,3,DEEPSURV,5,250,299,1
team4_400,8,71,1,RSF,6,300,349,12
team4_400,8,71,6,KNN,8,400,449,30
team4_400,8,71,4,SSVM,10,500,549,39
team4_400,8,71,2,GBSA,7,350,399,11
team4_400,8,71,5,WEIBULLAFT,8,400,449,26
team4_400,8,71,4,SSVM,11,550,599,35
team4_400,8,71,7,ELASTICNET,7,350,399,8
team4_400,8,71,4,SSVM,12,600,649,40
team4_400,8,71,5,WEIBULLAFT,9,450,499,12
team4_400,8,71,2,GBSA,8,400,449,19
team4_400,8,71,1,RSF,7,350,399,13
team4_400,8,71,4,SSVM,13,650,699,11
team4_400,8,71,8,MTLR,6,300,349,1
team4_400,8,71,2,GBSA,9,450,499,20
team4_400,8,71,8,MTLR,7,350,399,2
team4_400,8,71,7,ELASTICNET,8,400,449,6
team4_400,8,71,1,RSF,8,400,449,10
team4_400,8,71,2,GBSA,10,500,549,20
team4_400,8,71,7,ELASTICNET,9,450,499,5
team4_400,8,71,3,DEEPSURV,7,350,399,1
team4_400,8,71,8,MTLR,8,400,449,6
team4_400,8,71,3,DEEPSURV,8,400,449,7
team4_400,8,71,2,GBSA,11,550,599,17
team4_400,8,71,1,RSF,9,450,499,11
team4_400,8,71,2,GBSA,12,600,649,16
team4_400,8,71,8,MTLR,9,450,499,3
team4_400,8,71,7,ELASTICNET,10,500,549,5
team4_400,8,71,1,RSF,10,500,549,13
team4_400,8,71,7,ELASTICNET,11,550,599,9
team4_400,8,71,8,MTLR,10,500,549,7
team4_400,8,71,7,ELASTICNET,12,600,649,10
team4_400,8,71,1,RSF,11,550,599,12
team4_400,8,71,8,MTLR,11,550,599,6
team4_400,8,71,3,DEEPSURV,11,550,599,2
team4_400,8,71,1,RSF,12,600,649,10
team4_400,8,71,8,MTLR,12,600,649,4
team4_400,8,71,7,ELASTICNET,13,650,699,2
team4_400,8,71,7,ELASTICNET,14,700,749,4
team4_400,8,71,3,DEEPSURV,12,600,649,2
team4_400,8,71,8,MTLR,13,650,699,6
team4_400,8,71,1,RSF,13,650,699,7
team4_400,8,71,7,ELASTICNET,15,750,799,1
team4_400,8,71,1,RSF,14,700,749,11
team4_400,8,71,8,MTLR,14,700,749,4
team4_400,8,71,8,MTLR,15,750,799,1
team4_400,8,71,1,RSF,15,750,799,12
team4_400,8,71,3,DEEPSURV,14,700,749,1
team4_400,8,71,3,DEEPSURV,15,750,799,1
team4_400,8,71,1,RSF,16,800,849,6
team4_400,8,71,3,DEEPSURV,16,800,849,2
team4_400,8,71,1,RSF,17,850,899,18
team4_400,8,71,3,DEEPSURV,17,850,899,6
team4_400,8,71,1,RSF,18,900,949,19
team4_400,8,71,1,RSF,19,950,999,22
team4_400,8,71,3,DEEPSURV,18,900,949,1
team4_400,8,71,3,DEEPSURV,19,950,999,2
team4_400,9,81,1,RSF,4,200,249,12
team4_400,9,81,0,COX,4,200,249,1
team4_400,9,81,0,COX,5,250,299,1
team4_400,9,81,4,SSVM,5,250,299,39
team4_400,9,81,1,RSF,5,250,299,14
team4_400,9,81,6,KNN,5,250,299,12
team4_400,9,81,7,ELASTICNET,5,250,299,12
team4_400,9,81,2,GBSA,5,250,299,22
team4_400,9,81,4,SSVM,6,300,349,30
team4_400,9,81,5,WEIBULLAFT,5,250,299,14
team4_400,9,81,3,DEEPSURV,5,250,299,21
team4_400,9,81,4,SSVM,7,350,399,40
team4_400,9,81,8,MTLR,5,250,299,24
team4_400,9,81,7,ELASTICNET,6,300,349,3
team4_400,9,81,4,SSVM,8,400,449,36
team4_400,9,81,2,GBSA,6,300,349,17
team4_400,9,81,5,WEIBULLAFT,6,300,349,14
team4_400,9,81,6,KNN,6,300,349,6
team4_400,9,81,0,COX,6,300,349,2
team4_400,9,81,3,DEEPSURV,6,300,349,24
team4_400,9,81,8,MTLR,6,300,349,26
team4_400,9,81,2,GBSA,7,350,399,29
team4_400,9,81,1,RSF,6,300,349,8
team4_400,9,81,6,KNN,7,350,399,13
team4_400,9,81,5,WEIBULLAFT,7,350,399,12
team4_400,9,81,8,MTLR,7,350,399,24
team4_400,9,81,3,DEEPSURV,7,350,399,19
team4_400,9,81,2,GBSA,8,400,449,22
team4_400,9,81,7,ELASTICNET,7,350,399,6
team4_400,9,81,0,COX,7,350,399,4
team4_400,9,81,1,RSF,7,350,399,8
team4_400,9,81,8,MTLR,8,400,449,30
team4_400,9,81,3,DEEPSURV,8,400,449,23
team4_400,9,81,2,GBSA,9,450,499,11
team4_400,9,81,5,WEIBULLAFT,8,400,449,14
team4_400,9,81,7,ELASTICNET,8,400,449,9
team4_400,9,81,6,KNN,8,400,449,6
team4_400,9,81,8,MTLR,9,450,499,28
team4_400,9,81,0,COX,8,400,449,2
team4_400,9,81,1,RSF,8,400,449,4
team4_400,9,81,3,DEEPSURV,9,450,499,19
team4_400,9,81,8,MTLR,10,500,549,16
team4_400,9,81,2,GBSA,10,500,549,21
team4_400,9,81,5,WEIBULLAFT,9,450,499,18
team4_400,9,81,7,ELASTICNET,9,450,499,8
team4_400,9,81,6,KNN,9,450,499,8
team4_400,9,81,3,DEEPSURV,10,500,549,5
team4_400,9,81,2,GBSA,11,550,599,21
team4_400,9,81,5,WEIBULLAFT,10,500,549,22
team4_400,9,81,7,ELASTICNET,10,500,549,6
team4_400,9,81,6,KNN,10,500,549,5
team4_400,9,81,1,RSF,9,450,499,3
team4_400,9,81,2,GBSA,12,600,649,19
team4_400,9,81,5,WEIBULLAFT,11,550,599,18
team4_400,9,81,2,GBSA,13,650,699,24
team4_400,9,81,7,ELASTICNET,11,550,599,12
team4_400,9,81,5,WEIBULLAFT,12,600,649,20
team4_400,9,81,2,GBSA,14,700,749,21
team4_400,9,81,6,KNN,11,550,599,3
team4_400,9,81,5,WEIBULLAFT,13,650,699,18
team4_400,9,81,2,GBSA,15,750,799,26
team4_400,9,81,7,ELASTICNET,12,600,649,6
team4_400,9,81,1,RSF,11,550,599,6
team4_400,9,81,6,KNN,12,600,649,3
team4_400,9,81,2,GBSA,16,800,849,25
team4_400,9,81,7,ELASTICNET,13,650,699,5
team4_400,9,81,2,GBSA,17,850,899,20
team4_400,9,81,6,KNN,13,650,699,3
team4_400,9,81,1,RSF,12,600,649,9
team4_400,9,81,7,ELASTICNET,14,700,749,5
team4_400,9,81,2,GBSA,18,900,949,20
team4_400,9,81,2,GBSA,19,950,999,17
team4_400,9,81,6,KNN,14,700,749,3
team4_400,9,81,1,RSF,13,650,699,1
team4_400,9,81,7,ELASTICNET,15,750,799,8
team4_400,9,81,6,KNN,15,750,799,5
team4_400,9,81,7,ELASTICNET,16,800,849,5
team4_400,9,81,1,RSF,14,700,749,6
team4_400,9,81,6,KNN,16,800,849,3
team4_400,9,81,7,ELASTICNET,17,850,899,5
team4_400,9,81,6,KNN,17,850,899,5
team4_400,9,81,1,RSF,15,750,799,3
team4_400,9,81,7,ELASTICNET,18,900,949,9
team4_400,9,81,6,KNN,18,900,949,1
team4_400,9,81,7,ELASTICNET,19,950,999,5
team4_400,9,81,6,KNN,19,950,999,2
team4_400,9,81,1,RSF,17,850,899,7
team4_400,9,81,1,RSF,19,950,999,2
d493_or2,10,91,0,COX,5,250,299,18
d493_or2,10,91,7,ELASTICNET,5,250,299,30
d493_or2,10,91,5,WEIBULLAFT,5,250,299,38
d493_or2,10,91,2,GBSA,5,250,299,22
d493_or2,10,91,6,KNN,5,250,299,24
d493_or2,10,91,4,SSVM,5,250,299,43
d493_or2,10,91,1,RSF,5,250,299,3
d493_or2,10,91,5,WEIBULLAFT,6,300,349,35
d493_or2,10,91,4,SSVM,6,300,349,41
d493_or2,10,91,7,ELASTICNET,6,300,349,38
d493_or2,10,91,4,SSVM,7,350,399,41
d493_or2,10,91,0,COX,6,300,349,23
d493_or2,10,91,6,KNN,6,300,349,15
d493_or2,10,91,5,WEIBULLAFT,7,350,399,36
d493_or2,10,91,7,ELASTICNET,7,350,399,29
d493_or2,10,91,2,GBSA,6,300,349,27
d493_or2,10,91,4,SSVM,8,400,449,43
d493_or2,10,91,3,DEEPSURV,5,250,299,15
d493_or2,10,91,4,SSVM,9,450,499,44
d493_or2,10,91,5,WEIBULLAFT,8,400,449,31
d493_or2,10,91,4,SSVM,10,500,549,35
d493_or2,10,91,0,COX,7,350,399,15
d493_or2,10,91,7,ELASTICNET,8,400,449,35
d493_or2,10,91,2,GBSA,7,350,399,19
d493_or2,10,91,8,MTLR,5,250,299,2
d493_or2,10,91,4,SSVM,11,550,599,12
d493_or2,10,91,1,RSF,6,300,349,6
d493_or2,10,91,6,KNN,7,350,399,18
d493_or2,10,91,7,ELASTICNET,9,450,499,31
d493_or2,10,91,3,DEEPSURV,6,300,349,17
d493_or2,10,91,0,COX,8,400,449,15
d493_or2,10,91,7,ELASTICNET,10,500,549,27
d493_or2,10,91,2,GBSA,8,400,449,18
d493_or2,10,91,6,KNN,8,400,449,22
d493_or2,10,91,8,MTLR,6,300,349,1
d493_or2,10,91,3,DEEPSURV,7,350,399,20
d493_or2,10,91,7,ELASTICNET,11,550,599,6
d493_or2,10,91,0,COX,9,450,499,21
d493_or2,10,91,6,KNN,9,450,499,27
d493_or2,10,91,2,GBSA,9,450,499,17
d493_or2,10,91,1,RSF,7,350,399,3
d493_or2,10,91,3,DEEPSURV,8,400,449,10
d493_or2,10,91,0,COX,10,500,549,22
d493_or2,10,91,6,KNN,10,500,549,23
d493_or2,10,91,2,GBSA,10,500,549,16
d493_or2,10,91,6,KNN,11,550,599,34
d493_or2,10,91,0,COX,11,550,599,11
d493_or2,10,91,1,RSF,8,400,449,5
d493_or2,10,91,6,KNN,12,600,649,30
d493_or2,10,91,8,MTLR,8,400,449,3
d493_or2,10,91,0,COX,12,600,649,1
d493_or2,10,91,6,KNN,13,650,699,39
d493_or2,10,91,1,RSF,9,450,499,6
d493_or2,10,91,6,KNN,14,700,749,29
d493_or2,10,91,6,KNN,15,750,799,40
d493_or2,10,91,6,KNN,16,800,849,24
d493_or2,10,91,8,MTLR,9,450,499,2
d493_or2,10,91,1,RSF,10,500,549,8
d493_or2,10,91,6,KNN,17,850,899,35
d493_or2,10,91,6,KNN,18,900,949,32
d493_or2,10,91,6,KNN,19,950,999,31
d493_or2,10,91,1,RSF,11,550,599,7
d493_or2,10,91,8,MTLR,10,500,549,1
d493_or2,10,91,8,MTLR,11,550,599,1
d493_or2,10,91,1,RSF,12,600,649,18
d493_or2,10,91,1,RSF,13,650,699,6
d493_or2,10,91,1,RSF,14,700,749,10
d493_or2,10,91,1,RSF,15,750,799,3
d493_or2,10,91,8,MTLR,19,950,999,1
d493_or2,1,1,6,KNN,4,200,249,35
d493_or2,1,1,6,KNN,5,250,299,37
d493_or2,1,1,4,SSVM,4,200,249,42
d493_or2,1,1,4,SSVM,5,250,299,31
d493_or2,1,1,6,KNN,6,300,349,47
d493_or2,1,1,6,KNN,7,350,399,47
d493_or2,1,1,6,KNN,8,400,449,10
d493_or2,1,1,8,MTLR,4,200,249,33
d493_or2,1,1,4,SSVM,6,300,349,38
d493_or2,1,1,0,COX,5,250,299,13
d493_or2,1,1,8,MTLR,5,250,299,37
d493_or2,1,1,4,SSVM,7,350,399,40
d493_or2,1,1,5,WEIBULLAFT,5,250,299,37
d493_or2,1,1,7,ELASTICNET,5,250,299,12
d493_or2,1,1,1,RSF,5,250,299,32
d493_or2,1,1,4,SSVM,8,400,449,35
d493_or2,1,1,8,MTLR,6,300,349,27
d493_or2,1,1,5,WEIBULLAFT,6,300,349,34
d493_or2,1,1,3,DEEPSURV,5,250,299,36
d493_or2,1,1,4,SSVM,9,450,499,39
d493_or2,1,1,2,GBSA,5,250,299,7
d493_or2,1,1,5,WEIBULLAFT,7,350,399,40
d493_or2,1,1,3,DEEPSURV,6,300,349,37
d493_or2,1,1,1,RSF,6,300,349,25
d493_or2,1,1,7,ELASTICNET,6,300,349,18
d493_or2,1,1,8,MTLR,7,350,399,36
d493_or2,1,1,0,COX,6,300,349,7
d493_or2,1,1,4,SSVM,10,500,549,34
d493_or2,1,1,5,WEIBULLAFT,8,400,449,31
d493_or2,1,1,3,DEEPSURV,7,350,399,36
d493_or2,1,1,4,SSVM,11,550,599,1
d493_or2,1,1,2,GBSA,6,300,349,7
d493_or2,1,1,3,DEEPSURV,8,400,449,43
d493_or2,1,1,5,WEIBULLAFT,9,450,499,39
d493_or2,1,1,1,RSF,7,350,399,31
d493_or2,1,1,7,ELASTICNET,7,350,399,20
d493_or2,1,1,0,COX,7,350,399,11
d493_or2,1,1,5,WEIBULLAFT,10,500,549,34
d493_or2,1,1,2,GBSA,7,350,399,7
d493_or2,1,1,5,WEIBULLAFT,11,550,599,32
d493_or2,1,1,1,RSF,8,400,449,34
d493_or2,1,1,7,ELASTICNET,8,400,449,17
d493_or2,1,1,0,COX,8,400,449,13
d493_or2,1,1,5,WEIBULLAFT,12,600,649,20
d493_or2,1,1,1,RSF,9,450,499,18
d493_or2,1,1,7,ELASTICNET,9,450,499,16
d493_or2,1,1,0,COX,9,450,499,9
d493_or2,1,1,2,GBSA,8,400,449,4
d493_or2,1,1,7,ELASTICNET,10,500,549,18
d493_or2,1,1,2,GBSA,9,450,499,3
d493_or2,1,1,0,COX,10,500,549,13
d493_or2,1,1,7,ELASTICNET,11,550,599,23
d493_or2,1,1,0,COX,11,550,599,17
d493_or2,1,1,7,ELASTICNET,12,600,649,13
d493_or2,1,1,2,GBSA,10,500,549,5
d493_or2,1,1,0,COX,12,600,649,13
d493_or2,1,1,7,ELASTICNET,13,650,699,18
d493_or2,1,1,0,COX,13,650,699,16
d493_or2,1,1,2,GBSA,11,550,599,3
d493_or2,1,1,0,COX,14,700,749,20
d493_or2,1,1,2,GBSA,12,600,649,3
d493_or2,1,1,0,COX,15,750,799,10
d493_or2,1,1,2,GBSA,13,650,699,3
d493_or2,1,1,0,COX,16,800,849,12
d493_or2,1,1,2,GBSA,14,700,749,1
d493_or2,1,1,0,COX,17,850,899,19
d493_or2,1,1,0,COX,18,900,949,17
d493_or2,1,1,0,COX,19,950,999,9
d493_or2,2,11,5,WEIBULLAFT,4,200,249,11
d493_or2,2,11,2,GBSA,4,200,249,9
d493_or2,2,11,0,COX,5,250,299,27
d493_or2,2,11,2,GBSA,5,250,299,31
d493_or2,2,11,5,WEIBULLAFT,5,250,299,17
d493_or2,2,11,6,KNN,5,250,299,40
d493_or2,2,11,1,RSF,5,250,299,20
d493_or2,2,11,0,COX,6,300,349,32
d493_or2,2,11,6,KNN,6,300,349,40
d493_or2,2,11,4,SSVM,5,250,299,22
d493_or2,2,11,7,ELASTICNET,5,250,299,7
d493_or2,2,11,2,GBSA,6,300,349,26
d493_or2,2,11,6,KNN,7,350,399,38
d493_or2,2,11,0,COX,7,350,399,32
d493_or2,2,11,8,MTLR,5,250,299,7
d493_or2,2,11,3,DEEPSURV,5,250,299,19
d493_or2,2,11,5,WEIBULLAFT,6,300,349,16
d493_or2,2,11,6,KNN,8,400,449,42
d493_or2,2,11,2,GBSA,7,350,399,33
d493_or2,2,11,4,SSVM,6,300,349,25
d493_or2,2,11,6,KNN,9,450,499,41
d493_or2,2,11,1,RSF,6,300,349,28
d493_or2,2,11,0,COX,8,400,449,25
d493_or2,2,11,6,KNN,10,500,549,39
d493_or2,2,11,2,GBSA,8,400,449,24
d493_or2,2,11,3,DEEPSURV,6,300,349,27
d493_or2,2,11,6,KNN,11,550,599,42
d493_or2,2,11,4,SSVM,7,350,399,31
d493_or2,2,11,7,ELASTICNET,6,300,349,6
d493_or2,2,11,6,KNN,12,600,649,41
d493_or2,2,11,1,RSF,7,350,399,27
d493_or2,2,11,8,MTLR,6,300,349,20
d493_or2,2,11,6,KNN,13,650,699,34
d493_or2,2,11,5,WEIBULLAFT,7,350,399,13
d493_or2,2,11,2,GBSA,9,450,499,30
d493_or2,2,11,4,SSVM,8,400,449,32
d493_or2,2,11,3,DEEPSURV,7,350,399,18
d493_or2,2,11,7,ELASTICNET,7,350,399,5
d493_or2,2,11,6,KNN,14,700,749,41
d493_or2,2,11,2,GBSA,10,500,549,21
d493_or2,2,11,4,SSVM,9,450,499,27
d493_or2,2,11,8,MTLR,7,350,399,25
d493_or2,2,11,6,KNN,15,750,799,28
d493_or2,2,11,1,RSF,8,400,449,26
d493_or2,2,11,5,WEIBULLAFT,8,400,449,25
d493_or2,2,11,3,DEEPSURV,8,400,449,23
d493_or2,2,11,4,SSVM,10,500,549,31
d493_or2,2,11,8,MTLR,8,400,449,25
d493_or2,2,11,5,WEIBULLAFT,9,450,499,23
d493_or2,2,11,2,GBSA,11,550,599,15
d493_or2,2,11,7,ELASTICNET,8,400,449,9
d493_or2,2,11,1,RSF,9,450,499,29
d493_or2,2,11,3,DEEPSURV,9,450,499,21
d493_or2,2,11,4,SSVM,11,550,599,28
d493_or2,2,11,8,MTLR,9,450,499,22
d493_or2,2,11,5,WEIBULLAFT,10,500,549,34
d493_or2,2,11,1,RSF,10,500,549,31
d493_or2,2,11,4,SSVM,12,600,649,33
d493_or2,2,11,2,GBSA,12,600,649,32
d493_or2,2,11,3,DEEPSURV,10,500,549,21
d493_or2,2,11,5,WEIBULLAFT,11,550,599,29
d493_or2,2,11,7,ELASTICNET,9,450,499,10
d493_or2,2,11,8,MTLR,10,500,549,22
d493_or2,2,11,4,SSVM,13,650,699,37
d493_or2,2,11,2,GBSA,13,650,699,29
d493_or2,2,11,4,SSVM,14,700,749,16
d493_or2,2,11,5,WEIBULLAFT,12,600,649,31
d493_or2,2,11,3,DEEPSURV,11,550,599,22
d493_or2,2,11,2,GBSA,14,700,749,29
d493_or2,2,11,8,MTLR,11,550,599,16
d493_or2,2,11,5,WEIBULLAFT,13,650,699,26
d493_or2,2,11,7,ELASTICNET,10,500,549,6
d493_or2,2,11,2,GBSA,15,750,799,25
d493_or2,2,11,3,DEEPSURV,12,600,649,21
d493_or2,2,11,8,MTLR,12,600,649,12
d493_or2,2,11,5,WEIBULLAFT,14,700,749,23
d493_or2,2,11,2,GBSA,16,800,849,31
d493_or2,2,11,7,ELASTICNET,11,550,599,19
d493_or2,2,11,2,GBSA,17,850,899,22
d493_or2,2,11,5,WEIBULLAFT,15,750,799,26
d493_or2,2,11,8,MTLR,13,650,699,16
d493_or2,2,11,7,ELASTICNET,12,600,649,19
d493_or2,2,11,2,GBSA,18,900,949,25
d493_or2,2,11,5,WEIBULLAFT,16,800,849,28
d493_or2,2,11,5,WEIBULLAFT,17,850,899,22
d493_or2,2,11,2,GBSA,19,950,999,22
d493_or2,2,11,8,MTLR,14,700,749,9
d493_or2,2,11,7,ELASTICNET,13,650,699,20
d493_or2,2,11,5,WEIBULLAFT,18,900,949,27
d493_or2,2,11,8,MTLR,15,750,799,16
d493_or2,2,11,7,ELASTICNET,14,700,749,20
d493_or2,2,11,5,WEIBULLAFT,19,950,999,24
d493_or2,2,11,7,ELASTICNET,15,750,799,30
d493_or2,2,11,8,MTLR,16,800,849,10
d493_or2,2,11,7,ELASTICNET,16,800,849,32
d493_or2,2,11,7,ELASTICNET,17,850,899,36
d493_or2,2,11,8,MTLR,17,850,899,16
d493_or2,2,11,7,ELASTICNET,18,900,949,37
d493_or2,2,11,7,ELASTICNET,19,950,999,39
d493_or2,2,11,8,MTLR,18,900,949,9
d493_or2,2,11,8,MTLR,19,950,999,17
d493_or2,3,21,5,WEIBULLAFT,4,200,249,21
d493_or2,3,21,1,RSF,4,200,249,7
d493_or2,3,21,5,WEIBULLAFT,5,250,299,14
d493_or2,3,21,0,COX,5,250,299,18
d493_or2,3,21,4,SSVM,5,250,299,36
d493_or2,3,21,7,ELASTICNET,5,250,299,32
d493_or2,3,21,6,KNN,5,250,299,24
d493_or2,3,21,4,SSVM,6,300,349,27
d493_or2,3,21,2,GBSA,5,250,299,30
d493_or2,3,21,5,WEIBULLAFT,6,300,349,21
d493_or2,3,21,7,ELASTICNET,6,300,349,33
d493_or2,3,21,8,MTLR,4,200,249,3
d493_or2,3,21,3,DEEPSURV,4,200,249,3
d493_or2,3,21,0,COX,6,300,349,9
d493_or2,3,21,1,RSF,5,250,299,2
d493_or2,3,21,8,MTLR,5,250,299,24
d493_or2,3,21,2,GBSA,6,300,349,22
d493_or2,3,21,4,SSVM,7,350,399,36
d493_or2,3,21,3,DEEPSURV,5,250,299,12
d493_or2,3,21,6,KNN,6,300,349,27
d493_or2,3,21,7,ELASTICNET,7,350,399,37
d493_or2,3,21,4,SSVM,8,400,449,35
d493_or2,3,21,7,ELASTICNET,8,400,449,37
d493_or2,3,21,5,WEIBULLAFT,7,350,399,19
d493_or2,3,21,6,KNN,7,350,399,28
d493_or2,3,21,8,MTLR,6,300,349,22
d493_or2,3,21,2,GBSA,7,350,399,24
d493_or2,3,21,0,COX,7,350,399,15
d493_or2,3,21,1,RSF,6,300,349,3
d493_or2,3,21,7,ELASTICNET,9,450,499,38
d493_or2,3,21,3,DEEPSURV,6,300,349,9
d493_or2,3,21,7,ELASTICNET,10,500,549,31
d493_or2,3,21,6,KNN,8,400,449,35
d493_or2,3,21,5,WEIBULLAFT,8,400,449,17
d493_or2,3,21,2,GBSA,8,400,449,29
d493_or2,3,21,8,MTLR,7,350,399,20
d493_or2,3,21,7,ELASTICNET,11,550,599,39
d493_or2,3,21,6,KNN,9,450,499,20
d493_or2,3,21,0,COX,8,400,449,11
d493_or2,3,21,7,ELASTICNET,12,600,649,36
d493_or2,3,21,3,DEEPSURV,7,350,399,24
d493_or2,3,21,8,MTLR,8,400,449,25
d493_or2,3,21,5,WEIBULLAFT,9,450,499,24
d493_or2,3,21,7,ELASTICNET,13,650,699,40
d493_or2,3,21,1,RSF,7,350,399,1
d493_or2,3,21,6,KNN,10,500,549,26
d493_or2,3,21,7,ELASTICNET,14,700,749,36
d493_or2,3,21,0,COX,9,450,499,8
d493_or2,3,21,8,MTLR,9,450,499,19
d493_or2,3,21,3,DEEPSURV,8,400,449,16
d493_or2,3,21,5,WEIBULLAFT,10,500,549,23
d493_or2,3,21,7,ELASTICNET,15,750,799,14
d493_or2,3,21,6,KNN,11,550,599,23
d493_or2,3,21,5,WEIBULLAFT,11,550,599,21
d493_or2,3,21,3,DEEPSURV,9,450,499,16
d493_or2,3,21,8,MTLR,10,500,549,20
d493_or2,3,21,6,KNN,12,600,649,25
d493_or2,3,21,0,COX,10,500,549,6
d493_or2,3,21,1,RSF,8,400,449,2
d493_or2,3,21,5,WEIBULLAFT,12,600,649,20
d493_or2,3,21,8,MTLR,11,550,599,17
d493_or2,3,21,3,DEEPSURV,10,500,549,21
d493_or2,3,21,6,KNN,13,650,699,29
d493_or2,3,21,0,COX,11,550,599,7
d493_or2,3,21,6,KNN,14,700,749,27
d493_or2,3,21,5,WEIBULLAFT,13,650,699,27
d493_or2,3,21,3,DEEPSURV,11,550,599,24
d493_or2,3,21,8,MTLR,12,600,649,24
d493_or2,3,21,6,KNN,15,750,799,6
d493_or2,3,21,5,WEIBULLAFT,14,700,749,20
d493_or2,3,21,3,DEEPSURV,12,600,649,17
d493_or2,3,21,8,MTLR,13,650,699,15
d493_or2,3,21,1,RSF,9,450,499,1
d493_or2,3,21,5,WEIBULLAFT,15,750,799,25
d493_or2,3,21,8,MTLR,14,700,749,28
d493_or2,3,21,5,WEIBULLAFT,16,800,849,24
d493_or2,3,21,8,MTLR,15,750,799,18
d493_or2,3,21,5,WEIBULLAFT,17,850,899,13
d493_or2,3,21,8,MTLR,16,800,849,23
d493_or2,3,21,1,RSF,11,550,599,2
d493_or2,3,21,8,MTLR,17,850,899,14
d493_or2,3,21,8,MTLR,18,900,949,15
d493_or2,3,21,8,MTLR,19,950,999,15
d493_or2,3,21,1,RSF,16,800,849,2
d493_or2,3,21,1,RSF,17,850,899,1
d493_or2,4,31,0,COX,5,250,299,44
d493_or2,4,31,6,KNN,4,200,249,5
d493_or2,4,31,4,SSVM,5,250,299,41
d493_or2,4,31,0,COX,6,300,349,35
d493_or2,4,31,1,RSF,5,250,299,19
d493_or2,4,31,7,ELASTICNET,5,250,299,31
d493_or2,4,31,5,WEIBULLAFT,5,250,299,37
d493_or2,4,31,6,KNN,5,250,299,32
d493_or2,4,31,2,GBSA,5,250,299,30
d493_or2,4,31,4,SSVM,6,300,349,39
d493_or2,4,31,0,COX,7,350,399,31
d493_or2,4,31,5,WEIBULLAFT,6,300,349,31
d493_or2,4,31,6,KNN,6,300,349,41
d493_or2,4,31,7,ELASTICNET,6,300,349,39
d493_or2,4,31,4,SSVM,7,350,399,32
d493_or2,4,31,2,GBSA,6,300,349,32
d493_or2,4,31,6,KNN,7,350,399,31
d493_or2,4,31,7,ELASTICNET,7,350,399,37
d493_or2,4,31,0,COX,8,400,449,35
d493_or2,4,31,3,DEEPSURV,5,250,299,25
d493_or2,4,31,5,WEIBULLAFT,7,350,399,40
d493_or2,4,31,1,RSF,6,300,349,27
d493_or2,4,31,8,MTLR,5,250,299,4
d493_or2,4,31,4,SSVM,8,400,449,36
d493_or2,4,31,2,GBSA,7,350,399,33
d493_or2,4,31,7,ELASTICNET,8,400,449,34
d493_or2,4,31,5,WEIBULLAFT,8,400,449,47
d493_or2,4,31,6,KNN,8,400,449,31
d493_or2,4,31,0,COX,9,450,499,40
d493_or2,4,31,5,WEIBULLAFT,9,450,499,42
d493_or2,4,31,0,COX,10,500,549,41
d493_or2,4,31,5,WEIBULLAFT,10,500,549,41
d493_or2,4,31,3,DEEPSURV,6,300,349,25
d493_or2,4,31,2,GBSA,8,400,449,34
d493_or2,4,31,0,COX,11,550,599,37
d493_or2,4,31,6,KNN,9,450,499,2
d493_or2,4,31,1,RSF,7,350,399,12
d493_or2,4,31,5,WEIBULLAFT,11,550,599,22
d493_or2,4,31,2,GBSA,9,450,499,39
d493_or2,4,31,8,MTLR,6,300,349,11
d493_or2,4,31,0,COX,12,600,649,8
d493_or2,4,31,3,DEEPSURV,7,350,399,31
d493_or2,4,31,2,GBSA,10,500,549,30
d493_or2,4,31,3,DEEPSURV,8,400,449,25
d493_or2,4,31,1,RSF,8,400,449,17
d493_or2,4,31,8,MTLR,7,350,399,11
d493_or2,4,31,8,MTLR,8,400,449,20
d493_or2,4,31,8,MTLR,9,450,499,18
d493_or2,4,31,8,MTLR,10,500,549,19
d493_or2,4,31,8,MTLR,11,550,599,14
d493_or2,4,31,8,MTLR,12,600,649,24
d493_or2,4,31,8,MTLR,13,650,699,23
d493_or2,4,31,8,MTLR,14,700,749,15
d493_or2,4,31,8,MTLR,15,750,799,13
d493_or2,4,31,8,MTLR,16,800,849,16
d493_or2,4,31,8,MTLR,17,850,899,17
d493_or2,4,31,8,MTLR,18,900,949,13
d493_or2,4,31,8,MTLR,19,950,999,11
d493_or2,5,41,7,ELASTICNET,4,200,249,38
d493_or2,5,41,7,ELASTICNET,5,250,299,33
d493_or2,5,41,7,ELASTICNET,6,300,349,37
d493_or2,5,41,1,RSF,4,200,249,9
d493_or2,5,41,3,DEEPSURV,4,200,249,15
d493_or2,5,41,7,ELASTICNET,7,350,399,40
d493_or2,5,41,1,RSF,5,250,299,23
d493_or2,5,41,4,SSVM,5,250,299,38
d493_or2,5,41,0,COX,5,250,299,21
d493_or2,5,41,6,KNN,5,250,299,34
d493_or2,5,41,3,DEEPSURV,5,250,299,23
d493_or2,5,41,5,WEIBULLAFT,5,250,299,31
d493_or2,5,41,4,SSVM,6,300,349,41
d493_or2,5,41,2,GBSA,5,250,299,7
d493_or2,5,41,4,SSVM,7,350,399,46
d493_or2,5,41,6,KNN,6,300,349,38
d493_or2,5,41,4,SSVM,8,400,449,38
d493_or2,5,41,5,WEIBULLAFT,6,300,349,41
d493_or2,5,41,0,COX,6,300,349,27
d493_or2,5,41,1,RSF,6,300,349,21
d493_or2,5,41,8,MTLR,5,250,299,4
d493_or2,5,41,6,KNN,7,350,399,32
d493_or2,5,41,3,DEEPSURV,6,300,349,18
d493_or2,5,41,5,WEIBULLAFT,7,350,399,40
d493_or2,5,41,0,COX,7,350,399,28
d493_or2,5,41,5,WEIBULLAFT,8,400,449,41
d493_or2,5,41,6,KNN,8,400,449,38
d493_or2,5,41,1,RSF,7,350,399,25
d493_or2,5,41,5,WEIBULLAFT,9,450,499,34
d493_or2,5,41,3,DEEPSURV,7,350,399,25
d493_or2,5,41,6,KNN,9,450,499,42
d493_or2,5,41,0,COX,8,400,449,28
d493_or2,5,41,2,GBSA,6,300,349,4
d493_or2,5,41,6,KNN,10,500,549,41
d493_or2,5,41,5,WEIBULLAFT,10,500,549,38
d493_or2,5,41,6,KNN,11,550,599,25
d493_or2,5,41,5,WEIBULLAFT,11,550,599,43
d493_or2,5,41,3,DEEPSURV,8,400,449,33
d493_or2,5,41,0,COX,9,450,499,36
d493_or2,5,41,1,RSF,8,400,449,28
d493_or2,5,41,5,WEIBULLAFT,12,600,649,47
d493_or2,5,41,5,WEIBULLAFT,13,650,699,19
d493_or2,5,41,0,COX,10,500,549,27
d493_or2,5,41,3,DEEPSURV,9,450,499,22
d493_or2,5,41,2,GBSA,7,350,399,9
d493_or2,5,41,1,RSF,9,450,499,28
d493_or2,5,41,8,MTLR,7,350,399,2
d493_or2,5,41,3,DEEPSURV,10,500,549,27
d493_or2,5,41,1,RSF,10,500,549,34
d493_or2,5,41,3,DEEPSURV,11,550,599,27
d493_or2,5,41,2,GBSA,8,400,449,1
d493_or2,5,41,1,RSF,11,550,599,30
d493_or2,5,41,3,DEEPSURV,12,600,649,33
d493_or2,5,41,8,MTLR,8,400,449,3
d493_or2,5,41,3,DEEPSURV,13,650,699,27
d493_or2,5,41,2,GBSA,9,450,499,4
d493_or2,5,41,1,RSF,12,600,649,26
d493_or2,5,41,3,DEEPSURV,14,700,749,35
d493_or2,5,41,1,RSF,13,650,699,32
d493_or2,5,41,3,DEEPSURV,15,750,799,30
d493_or2,5,41,2,GBSA,10,500,549,5
d493_or2,5,41,1,RSF,14,700,749,35
d493_or2,5,41,1,RSF,15,750,799,32
d493_or2,5,41,2,GBSA,11,550,599,9
d493_or2,5,41,1,RSF,16,800,849,33
d493_or2,5,41,1,RSF,17,850,899,11
d493_or2,5,41,2,GBSA,12,600,649,4
d493_or2,5,41,8,MTLR,16,800,849,1
d493_or2,5,41,8,MTLR,18,900,949,1
d493_or2,6,51,6,KNN,4,200,249,19
d493_or2,6,51,6,KNN,5,250,299,40
d493_or2,6,51,6,KNN,6,300,349,39
d493_or2,6,51,1,RSF,5,250,299,20
d493_or2,6,51,6,KNN,7,350,399,39
d493_or2,6,51,0,COX,5,250,299,22
d493_or2,6,51,7,ELASTICNET,4,200,249,6
d493_or2,6,51,5,WEIBULLAFT,5,250,299,30
d493_or2,6,51,7,ELASTICNET,5,250,299,30
d493_or2,6,51,4,SSVM,5,250,299,38
d493_or2,6,51,2,GBSA,5,250,299,21
d493_or2,6,51,6,KNN,8,400,449,42
d493_or2,6,51,6,KNN,9,450,499,40
d493_or2,6,51,4,SSVM,6,300,349,38
d493_or2,6,51,5,WEIBULLAFT,6,300,349,24
d493_or2,6,51,7,ELASTICNET,6,300,349,29
d493_or2,6,51,6,KNN,10,500,549,39
d493_or2,6,51,0,COX,6,300,349,25
d493_or2,6,51,4,SSVM,7,350,399,33
d493_or2,6,51,8,MTLR,5,250,299,21
d493_or2,6,51,3,DEEPSURV,5,250,299,16
d493_or2,6,51,2,GBSA,6,300,349,23
d493_or2,6,51,6,KNN,11,550,599,28
d493_or2,6,51,7,ELASTICNET,7,350,399,34
d493_or2,6,51,1,RSF,6,300,349,18
d493_or2,6,51,4,SSVM,8,400,449,23
d493_or2,6,51,5,WEIBULLAFT,7,350,399,27
d493_or2,6,51,0,COX,7,350,399,22
d493_or2,6,51,8,MTLR,6,300,349,19
d493_or2,6,51,6,KNN,12,600,649,34
d493_or2,6,51,7,ELASTICNET,8,400,449,27
d493_or2,6,51,2,GBSA,7,350,399,27
d493_or2,6,51,3,DEEPSURV,6,300,349,16
d493_or2,6,51,1,RSF,7,350,399,22
d493_or2,6,51,5,WEIBULLAFT,8,400,449,31
d493_or2,6,51,6,KNN,13,650,699,38
d493_or2,6,51,0,COX,8,400,449,27
d493_or2,6,51,8,MTLR,7,350,399,21
d493_or2,6,51,2,GBSA,8,400,449,26
d493_or2,6,51,7,ELASTICNET,9,450,499,21
d493_or2,6,51,6,KNN,14,700,749,33
d493_or2,6,51,5,WEIBULLAFT,9,450,499,30
d493_or2,6,51,0,COX,9,450,499,23
d493_or2,6,51,3,DEEPSURV,7,350,399,12
d493_or2,6,51,6,KNN,15,750,799,28
d493_or2,6,51,1,RSF,8,400,449,14
d493_or2,6,51,5,WEIBULLAFT,10,500,549,16
d493_or2,6,51,8,MTLR,8,400,449,23
d493_or2,6,51,7,ELASTICNET,10,500,549,27
d493_or2,6,51,2,GBSA,9,450,499,26
d493_or2,6,51,7,ELASTICNET,11,550,599,32
d493_or2,6,51,2,GBSA,10,500,549,30
d493_or2,6,51,8,MTLR,9,450,499,12
d493_or2,6,51,3,DEEPSURV,8,400,449,6
d493_or2,6,51,1,RSF,9,450,499,13
d493_or2,6,51,7,ELASTICNET,12,600,649,22
d493_or2,6,51,2,GBSA,11,550,599,23
d493_or2,6,51,3,DEEPSURV,9,450,499,12
d493_or2,6,51,7,ELASTICNET,13,650,699,9
d493_or2,6,51,2,GBSA,12,600,649,24
d493_or2,6,51,2,GBSA,13,650,699,20
d493_or2,6,51,3,DEEPSURV,10,500,549,9
d493_or2,6,51,2,GBSA,14,700,749,23
d493_or2,6,51,3,DEEPSURV,11,550,599,6
d493_or2,6,51,2,GBSA,15,750,799,18
d493_or2,6,51,3,DEEPSURV,12,600,649,12
d493_or2,6,51,2,GBSA,16,800,849,19
d493_or2,6,51,2,GBSA,17,850,899,21
d493_or2,6,51,3,DEEPSURV,13,650,699,7
d493_or2,6,51,2,GBSA,18,900,949,22
d493_or2,6,51,3,DEEPSURV,14,700,749,2
d493_or2,6,51,2,GBSA,19,950,999,21
d493_or2,6,51,3,DEEPSURV,15,750,799,13
d493_or2,6,51,3,DEEPSURV,16,800,849,7
d493_or2,6,51,3,DEEPSURV,17,850,899,6
d493_or2,6,51,3,DEEPSURV,18,900,949,5
d493_or2,6,51,3,DEEPSURV,19,950,999,4
d493_or2,7,61,5,WEIBULLAFT,4,200,249,21
d493_or2,7,61,4,SSVM,4,200,249,42
d493_or2,7,61,4,SSVM,5,250,299,32
d493_or2,7,61,7,ELASTICNET,4,200,249,16
d493_or2,7,61,5,WEIBULLAFT,5,250,299,28
d493_or2,7,61,2,GBSA,4,200,249,8
d493_or2,7,61,4,SSVM,6,300,349,34
d493_or2,7,61,7,ELASTICNET,5,250,299,34
d493_or2,7,61,0,COX,5,250,299,30
d493_or2,7,61,4,SSVM,7,350,399,41
d493_or2,7,61,7,ELASTICNET,6,300,349,28
d493_or2,7,61,5,WEIBULLAFT,6,300,349,28
d493_or2,7,61,6,KNN,5,250,299,24
d493_or2,7,61,4,SSVM,8,400,449,37
d493_or2,7,61,2,GBSA,5,250,299,3
d493_or2,7,61,0,COX,6,300,349,29
d493_or2,7,61,4,SSVM,9,450,499,39
d493_or2,7,61,7,ELASTICNET,7,350,399,25
d493_or2,7,61,5,WEIBULLAFT,7,350,399,32
d493_or2,7,61,1,RSF,5,250,299,2
d493_or2,7,61,0,COX,7,350,399,20
d493_or2,7,61,4,SSVM,10,500,549,38
d493_or2,7,61,6,KNN,6,300,349,26
d493_or2,7,61,8,MTLR,5,250,299,4
d493_or2,7,61,5,WEIBULLAFT,8,400,449,18
d493_or2,7,61,4,SSVM,11,550,599,45
d493_or2,7,61,7,ELASTICNET,8,400,449,23
d493_or2,7,61,3,DEEPSURV,5,250,299,2
d493_or2,7,61,4,SSVM,12,600,649,42
d493_or2,7,61,2,GBSA,6,300,349,14
d493_or2,7,61,6,KNN,7,350,399,22
d493_or2,7,61,0,COX,8,400,449,28
d493_or2,7,61,4,SSVM,13,650,699,41
d493_or2,7,61,1,RSF,6,300,349,3
d493_or2,7,61,4,SSVM,14,700,749,44
d493_or2,7,61,7,ELASTICNET,9,450,499,17
d493_or2,7,61,3,DEEPSURV,6,300,349,5
d493_or2,7,61,8,MTLR,6,300,349,10
d493_or2,7,61,4,SSVM,15,750,799,43
d493_or2,7,61,2,GBSA,7,350,399,18
d493_or2,7,61,0,COX,9,450,499,38
d493_or2,7,61,4,SSVM,16,800,849,22
d493_or2,7,61,6,KNN,8,400,449,25
d493_or2,7,61,0,COX,10,500,549,41
d493_or2,7,61,0,COX,11,550,599,33
d493_or2,7,61,2,GBSA,8,400,449,24
d493_or2,7,61,6,KNN,9,450,499,28
d493_or2,7,61,8,MTLR,7,350,399,8
d493_or2,7,61,0,COX,12,600,649,34
d493_or2,7,61,3,DEEPSURV,7,350,399,6
d493_or2,7,61,0,COX,13,650,699,28
d493_or2,7,61,6,KNN,10,500,549,26
d493_or2,7,61,2,GBSA,9,450,499,18
d493_or2,7,61,8,MTLR,8,400,449,11
d493_or2,7,61,0,COX,14,700,749,35
d493_or2,7,61,1,RSF,7,350,399,1
d493_or2,7,61,6,KNN,11,550,599,28
d493_or2,7,61,3,DEEPSURV,8,400,449,7
d493_or2,7,61,0,COX,15,750,799,26
d493_or2,7,61,2,GBSA,10,500,549,9
d493_or2,7,61,1,RSF,8,400,449,2
d493_or2,7,61,6,KNN,12,600,649,25
d493_or2,7,61,0,COX,16,800,849,32
d493_or2,7,61,3,DEEPSURV,9,450,499,10
d493_or2,7,61,6,KNN,13,650,699,31
d493_or2,7,61,0,COX,17,850,899,32
d493_or2,7,61,0,COX,18,900,949,12
d493_or2,7,61,6,KNN,14,700,749,26
d493_or2,7,61,1,RSF,9,450,499,1
d493_or2,7,61,3,DEEPSURV,10,500,549,6
d493_or2,7,61,6,KNN,15,750,799,28
d493_or2,7,61,6,KNN,16,800,849,26
d493_or2,7,61,1,RSF,10,500,549,3
d493_or2,7,61,3,DEEPSURV,11,550,599,14
d493_or2,7,61,6,KNN,17,850,899,20
d493_or2,7,61,3,DEEPSURV,12,600,649,14
d493_or2,7,61,6,KNN,18,900,949,27
d493_or2,7,61,6,KNN,19,950,999,32
d493_or2,7,61,3,DEEPSURV,13,650,699,11
d493_or2,7,61,3,DEEPSURV,14,700,749,11
d493_or2,7,61,3,DEEPSURV,15,750,799,10
d493_or2,7,61,3,DEEPSURV,16,800,849,9
d493_or2,7,61,3,DEEPSURV,17,850,899,9
d493_or2,7,61,1,RSF,14,700,749,1
d493_or2,7,61,3,DEEPSURV,18,900,949,6
d493_or2,7,61,1,RSF,15,750,799,1
d493_or2,7,61,3,DEEPSURV,19,950,999,10
d493_or2,7,61,1,RSF,16,800,849,1
d493_or2,7,61,1,RSF,18,900,949,1
d493_or2,8,71,5,WEIBULLAFT,5,250,299,36
d493_or2,8,71,0,COX,5,250,299,17
d493_or2,8,71,1,RSF,5,250,299,2
d493_or2,8,71,4,SSVM,5,250,299,26
d493_or2,8,71,7,ELASTICNET,5,250,299,28
d493_or2,8,71,2,GBSA,5,250,299,34
d493_or2,8,71,5,WEIBULLAFT,6,300,349,36
d493_or2,8,71,6,KNN,5,250,299,36
d493_or2,8,71,2,GBSA,6,300,349,36
d493_or2,8,71,8,MTLR,4,200,249,2
d493_or2,8,71,5,WEIBULLAFT,7,350,399,36
d493_or2,8,71,7,ELASTICNET,6,300,349,32
d493_or2,8,71,4,SSVM,6,300,349,36
d493_or2,8,71,0,COX,6,300,349,19
d493_or2,8,71,6,KNN,6,300,349,38
d493_or2,8,71,2,GBSA,7,350,399,37
d493_or2,8,71,3,DEEPSURV,5,250,299,24
d493_or2,8,71,8,MTLR,5,250,299,8
d493_or2,8,71,5,WEIBULLAFT,8,400,449,41
d493_or2,8,71,7,ELASTICNET,7,350,399,30
d493_or2,8,71,6,KNN,7,350,399,35
d493_or2,8,71,4,SSVM,7,350,399,33
d493_or2,8,71,2,GBSA,8,400,449,32
d493_or2,8,71,5,WEIBULLAFT,9,450,499,2
d493_or2,8,71,4,SSVM,8,400,449,37
d493_or2,8,71,0,COX,7,350,399,26
d493_or2,8,71,6,KNN,8,400,449,34
d493_or2,8,71,7,ELASTICNET,8,400,449,28
d493_or2,8,71,3,DEEPSURV,6,300,349,16
d493_or2,8,71,2,GBSA,9,450,499,7
d493_or2,8,71,4,SSVM,9,450,499,38
d493_or2,8,71,1,RSF,6,300,349,3
d493_or2,8,71,8,MTLR,6,300,349,4
d493_or2,8,71,0,COX,8,400,449,23
d493_or2,8,71,4,SSVM,10,500,549,43
d493_or2,8,71,4,SSVM,11,550,599,41
d493_or2,8,71,3,DEEPSURV,7,350,399,23
d493_or2,8,71,4,SSVM,12,600,649,40
d493_or2,8,71,0,COX,9,450,499,30
d493_or2,8,71,4,SSVM,13,650,699,39
d493_or2,8,71,8,MTLR,7,350,399,7
d493_or2,8,71,4,SSVM,14,700,749,7
d493_or2,8,71,3,DEEPSURV,8,400,449,21
d493_or2,8,71,0,COX,10,500,549,26
d493_or2,8,71,0,COX,11,550,599,34
d493_or2,8,71,8,MTLR,8,400,449,5
d493_or2,8,71,3,DEEPSURV,9,450,499,10
d493_or2,8,71,0,COX,12,600,649,39
d493_or2,8,71,0,COX,13,650,699,32
d493_or2,8,71,3,DEEPSURV,10,500,549,17
d493_or2,8,71,0,COX,14,700,749,32
d493_or2,8,71,1,RSF,8,400,449,1
d493_or2,8,71,0,COX,15,750,799,32
d493_or2,8,71,3,DEEPSURV,11,550,599,16
d493_or2,8,71,8,MTLR,9,450,499,3
d493_or2,8,71,1,RSF,9,450,499,1
d493_or2,8,71,0,COX,16,800,849,30
d493_or2,8,71,3,DEEPSURV,12,600,649,16
d493_or2,8,71,0,COX,17,850,899,30
d493_or2,8,71,0,COX,18,900,949,35
d493_or2,8,71,1,RSF,10,500,549,1
d493_or2,8,71,3,DEEPSURV,13,650,699,21
d493_or2,8,71,0,COX,19,950,999,26
d493_or2,8,71,8,MTLR,11,550,599,2
d493_or2,8,71,3,DEEPSURV,14,700,749,15
d493_or2,8,71,8,MTLR,12,600,649,5
d493_or2,8,71,3,DEEPSURV,15,750,799,11
d493_or2,8,71,3,DEEPSURV,16,800,849,11
d493_or2,8,71,1,RSF,12,600,649,1
d493_or2,8,71,8,MTLR,13,650,699,1
d493_or2,8,71,3,DEEPSURV,17,850,899,11
d493_or2,8,71,8,MTLR,14,700,749,3
d493_or2,8,71,3,DEEPSURV,18,900,949,10
d493_or2,8,71,3,DEEPSURV,19,950,999,15
d493_or2,8,71,8,MTLR,16,800,849,4
d493_or2,8,71,8,MTLR,17,850,899,3
d493_or2,8,71,8,MTLR,18,900,949,3
d493_or2,8,71,8,MTLR,19,950,999,3
d493_or2,9,81,2,GBSA,4,200,249,20
d493_or2,9,81,2,GBSA,5,250,299,17
d493_or2,9,81,5,WEIBULLAFT,4,200,249,4
d493_or2,9,81,5,WEIBULLAFT,5,250,299,10
d493_or2,9,81,1,RSF,5,250,299,29
d493_or2,9,81,7,ELASTICNET,5,250,299,29
d493_or2,9,81,0,COX,5,250,299,10
d493_or2,9,81,6,KNN,5,250,299,31
d493_or2,9,81,,,0,0,49,1
d493_or2,9,81,4,SSVM,5,250,299,8
d493_or2,9,81,2,GBSA,6,300,349,19
d493_or2,9,81,3,DEEPSURV,5,250,299,12
d493_or2,9,81,6,KNN,6,300,349,30
d493_or2,9,81,7,ELASTICNET,6,300,349,27
d493_or2,9,81,8,MTLR,5,250,299,10
d493_or2,9,81,1,RSF,6,300,349,32
d493_or2,9,81,5,WEIBULLAFT,6,300,349,26
d493_or2,9,81,0,COX,6,300,349,12
d493_or2,9,81,6,KNN,7,350,399,33
d493_or2,9,81,7,ELASTICNET,7,350,399,33
d493_or2,9,81,2,GBSA,7,350,399,28
d493_or2,9,81,4,SSVM,6,300,349,10
d493_or2,9,81,1,RSF,7,350,399,28
d493_or2,9,81,5,WEIBULLAFT,7,350,399,25
d493_or2,9,81,6,KNN,8,400,449,29
d493_or2,9,81,7,ELASTICNET,8,400,449,36
d493_or2,9,81,3,DEEPSURV,6,300,349,8
d493_or2,9,81,8,MTLR,6,300,349,6
d493_or2,9,81,2,GBSA,8,400,449,17
d493_or2,9,81,0,COX,7,350,399,12
d493_or2,9,81,7,ELASTICNET,9,450,499,41
d493_or2,9,81,6,KNN,9,450,499,34
d493_or2,9,81,5,WEIBULLAFT,8,400,449,25
d493_or2,9,81,1,RSF,8,400,449,33
d493_or2,9,81,4,SSVM,7,350,399,16
d493_or2,9,81,7,ELASTICNET,10,500,549,44
d493_or2,9,81,7,ELASTICNET,11,550,599,36
d493_or2,9,81,6,KNN,10,500,549,38
d493_or2,9,81,8,MTLR,7,350,399,9
d493_or2,9,81,3,DEEPSURV,7,350,399,8
d493_or2,9,81,2,GBSA,9,450,499,15
d493_or2,9,81,6,KNN,11,550,599,39
d493_or2,9,81,7,ELASTICNET,12,600,649,15
d493_or2,9,81,5,WEIBULLAFT,9,450,499,27
d493_or2,9,81,0,COX,8,400,449,7
d493_or2,9,81,4,SSVM,8,400,449,17
d493_or2,9,81,6,KNN,12,600,649,31
d493_or2,9,81,5,WEIBULLAFT,10,500,549,34
d493_or2,9,81,6,KNN,13,650,699,39
d493_or2,9,81,2,GBSA,10,500,549,18
d493_or2,9,81,4,SSVM,9,450,499,22
d493_or2,9,81,8,MTLR,8,400,449,5
d493_or2,9,81,5,WEIBULLAFT,11,550,599,34
d493_or2,9,81,6,KNN,14,700,749,38
d493_or2,9,81,3,DEEPSURV,8,400,449,3
d493_or2,9,81,0,COX,9,450,499,8
d493_or2,9,81,6,KNN,15,750,799,38
d493_or2,9,81,5,WEIBULLAFT,12,600,649,33
d493_or2,9,81,4,SSVM,10,500,549,19
d493_or2,9,81,2,GBSA,11,550,599,21
d493_or2,9,81,6,KNN,16,800,849,39
d493_or2,9,81,5,WEIBULLAFT,13,650,699,36
d493_or2,9,81,3,DEEPSURV,9,450,499,5
d493_or2,9,81,8,MTLR,9,450,499,7
d493_or2,9,81,6,KNN,17,850,899,36
d493_or2,9,81,0,COX,10,500,549,16
d493_or2,9,81,6,KNN,18,900,949,2
d493_or2,9,81,2,GBSA,12,600,649,13
d493_or2,9,81,4,SSVM,11,550,599,25
d493_or2,9,81,0,COX,11,550,599,22
d493_or2,9,81,4,SSVM,12,600,649,19
d493_or2,9,81,3,DEEPSURV,10,500,549,3
d493_or2,9,81,2,GBSA,13,650,699,19
d493_or2,9,81,0,COX,12,600,649,16
d493_or2,9,81,4,SSVM,13,650,699,19
d493_or2,9,81,8,MTLR,10,500,549,3
d493_or2,9,81,3,DEEPSURV,11,550,599,3
d493_or2,9,81,2,GBSA,14,700,749,16
d493_or2,9,81,8,MTLR,11,550,599,5
d493_or2,9,81,2,GBSA,15,750,799,3
d493_or2,9,81,8,MTLR,12,600,649,5
d493_or2,9,81,3,DEEPSURV,12,600,649,3
d493_or2,9,81,8,MTLR,13,650,699,4
d493_or2,9,81,3,DEEPSURV,13,650,699,1
d493_or2,9,81,8,MTLR,14,700,749,6
d493_or2,9,81,3,DEEPSURV,14,700,749,1
d493_or2,9,81,8,MTLR,15,750,799,4
d493_or2,9,81,3,DEEPSURV,15,750,799,3
d493_or2,9,81,8,MTLR,16,800,849,8
d493_or2,9,81,3,DEEPSURV,16,800,849,2
d493_or2,9,81,8,MTLR,17,850,899,2
d493_or2,9,81,3,DEEPSURV,17,850,899,2
d493_or2,9,81,8,MTLR,18,900,949,9
d493_or2,9,81,8,MTLR,19,950,999,10
d493_or2,9,81,3,DEEPSURV,18,900,949,1
d493_or2,9,81,3,DEEPSURV,19,950,999,2
kroD100_or10,10,91,7,ELASTICNET,4,200,249,22
kroD100_or10,10,91,7,ELASTICNET,5,250,299,29
kroD100_or10,10,91,0,COX,5,250,299,13
kroD100_or10,10,91,4,SSVM,5,250,299,39
kroD100_or10,10,91,7,ELASTICNET,6,300,349,27
kroD100_or10,10,91,6,KNN,5,250,299,29
kroD100_or10,10,91,5,WEIBULLAFT,5,250,299,34
kroD100_or10,10,91,4,SSVM,6,300,349,35
kroD100_or10,10,91,2,GBSA,5,250,299,7
kroD100_or10,10,91,0,COX,6,300,349,13
kroD100_or10,10,91,4,SSVM,7,350,399,28
kroD100_or10,10,91,6,KNN,6,300,349,31
kroD100_or10,10,91,7,ELASTICNET,7,350,399,28
kroD100_or10,10,91,5,WEIBULLAFT,6,300,349,31
kroD100_or10,10,91,6,KNN,7,350,399,28
kroD100_or10,10,91,7,ELASTICNET,8,400,449,27
kroD100_or10,10,91,4,SSVM,8,400,449,30
kroD100_or10,10,91,5,WEIBULLAFT,7,350,399,32
kroD100_or10,10,91,2,GBSA,6,300,349,9
kroD100_or10,10,91,6,KNN,8,400,449,22
kroD100_or10,10,91,0,COX,7,350,399,16
kroD100_or10,10,91,7,ELASTICNET,9,450,499,36
kroD100_or10,10,91,5,WEIBULLAFT,8,400,449,33
kroD100_or10,10,91,0,COX,8,400,449,18
kroD100_or10,10,91,7,ELASTICNET,10,500,549,43
kroD100_or10,10,91,2,GBSA,7,350,399,11
kroD100_or10,10,91,3,DEEPSURV,4,200,249,3
kroD100_or10,10,91,5,WEIBULLAFT,9,450,499,33
kroD100_or10,10,91,7,ELASTICNET,11,550,599,36
kroD100_or10,10,91,3,DEEPSURV,5,250,299,13
kroD100_or10,10,91,7,ELASTICNET,12,600,649,40
kroD100_or10,10,91,5,WEIBULLAFT,10,500,549,36
kroD100_or10,10,91,0,COX,9,450,499,15
kroD100_or10,10,91,7,ELASTICNET,13,650,699,5
kroD100_or10,10,91,3,DEEPSURV,6,300,349,22
kroD100_or10,10,91,5,WEIBULLAFT,11,550,599,6
kroD100_or10,10,91,2,GBSA,8,400,449,10
kroD100_or10,10,91,0,COX,10,500,549,13
kroD100_or10,10,91,3,DEEPSURV,7,350,399,19
kroD100_or10,10,91,2,GBSA,9,450,499,7
kroD100_or10,10,91,0,COX,11,550,599,2
kroD100_or10,10,91,1,RSF,7,350,399,5
kroD100_or10,10,91,3,DEEPSURV,8,400,449,16
kroD100_or10,10,91,2,GBSA,10,500,549,6
kroD100_or10,10,91,1,RSF,8,400,449,7
kroD100_or10,10,91,3,DEEPSURV,9,450,499,19
kroD100_or10,10,91,3,DEEPSURV,10,500,549,16
kroD100_or10,10,91,2,GBSA,11,550,599,6
kroD100_or10,10,91,3,DEEPSURV,11,550,599,23
kroD100_or10,10,91,2,GBSA,12,600,649,16
kroD100_or10,10,91,3,DEEPSURV,12,600,649,6
kroD100_or10,10,91,1,RSF,9,450,499,1
kroD100_or10,10,91,2,GBSA,13,650,699,6
kroD100_or10,10,91,2,GBSA,14,700,749,3
kroD100_or10,10,91,1,RSF,10,500,549,1
kroD100_or10,10,91,1,RSF,13,650,699,6
kroD100_or10,10,91,1,RSF,14,700,749,5
kroD100_or10,1,1,0,COX,5,250,299,37
kroD100_or10,1,1,0,COX,6,300,349,36
kroD100_or10,1,1,7,ELASTICNET,5,250,299,11
kroD100_or10,1,1,6,KNN,5,250,299,29
kroD100_or10,1,1,4,SSVM,5,250,299,8
kroD100_or10,1,1,0,COX,7,350,399,34
kroD100_or10,1,1,2,GBSA,5,250,299,28
kroD100_or10,1,1,5,WEIBULLAFT,5,250,299,27
kroD100_or10,1,1,1,RSF,5,250,299,7
kroD100_or10,1,1,6,KNN,6,300,349,26
kroD100_or10,1,1,0,COX,8,400,449,31
kroD100_or10,1,1,2,GBSA,6,300,349,18
kroD100_or10,1,1,7,ELASTICNET,6,300,349,17
kroD100_or10,1,1,0,COX,9,450,499,33
kroD100_or10,1,1,5,WEIBULLAFT,6,300,349,15
kroD100_or10,1,1,6,KNN,7,350,399,29
kroD100_or10,1,1,0,COX,10,500,549,24
kroD100_or10,1,1,4,SSVM,6,300,349,2
kroD100_or10,1,1,2,GBSA,7,350,399,20
kroD100_or10,1,1,6,KNN,8,400,449,21
kroD100_or10,1,1,7,ELASTICNET,7,350,399,22
kroD100_or10,1,1,5,WEIBULLAFT,7,350,399,15
kroD100_or10,1,1,1,RSF,6,300,349,6
kroD100_or10,1,1,4,SSVM,7,350,399,10
kroD100_or10,1,1,2,GBSA,8,400,449,27
kroD100_or10,1,1,6,KNN,9,450,499,25
kroD100_or10,1,1,7,ELASTICNET,8,400,449,22
kroD100_or10,1,1,2,GBSA,9,450,499,22
kroD100_or10,1,1,5,WEIBULLAFT,8,400,449,14
kroD100_or10,1,1,8,MTLR,5,250,299,30
kroD100_or10,1,1,6,KNN,10,500,549,23
kroD100_or10,1,1,7,ELASTICNET,9,450,499,8
kroD100_or10,1,1,3,DEEPSURV,5,250,299,2
kroD100_or10,1,1,4,SSVM,8,400,449,6
kroD100_or10,1,1,8,MTLR,6,300,349,28
kroD100_or10,1,1,2,GBSA,10,500,549,18
kroD100_or10,1,1,6,KNN,11,550,599,23
kroD100_or10,1,1,1,RSF,7,350,399,6
kroD100_or10,1,1,8,MTLR,7,350,399,29
kroD100_or10,1,1,6,KNN,12,600,649,25
kroD100_or10,1,1,3,DEEPSURV,6,300,349,4
kroD100_or10,1,1,2,GBSA,11,550,599,25
kroD100_or10,1,1,8,MTLR,8,400,449,28
kroD100_or10,1,1,4,SSVM,9,450,499,5
kroD100_or10,1,1,6,KNN,13,650,699,25
kroD100_or10,1,1,2,GBSA,12,600,649,23
kroD100_or10,1,1,8,MTLR,9,450,499,2
kroD100_or10,1,1,1,RSF,8,400,449,10
kroD100_or10,1,1,4,SSVM,10,500,549,8
kroD100_or10,1,1,6,KNN,14,700,749,27
kroD100_or10,1,1,2,GBSA,13,650,699,23
kroD100_or10,1,1,3,DEEPSURV,7,350,399,1
kroD100_or10,1,1,6,KNN,15,750,799,28
kroD100_or10,1,1,2,GBSA,14,700,749,23
kroD100_or10,1,1,4,SSVM,11,550,599,9
kroD100_or10,1,1,6,KNN,16,800,849,27
kroD100_or10,1,1,1,RSF,9,450,499,15
kroD100_or10,1,1,2,GBSA,15,750,799,2
kroD100_or10,1,1,3,DEEPSURV,9,450,499,1
kroD100_or10,1,1,4,SSVM,12,600,649,11
kroD100_or10,1,1,1,RSF,10,500,549,21
kroD100_or10,1,1,4,SSVM,13,650,699,17
kroD100_or10,1,1,4,SSVM,14,700,749,6
kroD100_or10,1,1,1,RSF,11,550,599,15
kroD100_or10,1,1,1,RSF,12,600,649,16
kroD100_or10,1,1,1,RSF,13,650,699,15
kroD100_or10,1,1,1,RSF,14,700,749,12
kroD100_or10,1,1,1,RSF,15,750,799,9
kroD100_or10,1,1,1,RSF,16,800,849,14
kroD100_or10,1,1,1,RSF,17,850,899,9
kroD100_or10,2,11,1,RSF,4,200,249,29
kroD100_or10,2,11,0,COX,5,250,299,35
kroD100_or10,2,11,0,COX,6,300,349,28
kroD100_or10,2,11,6,KNN,5,250,299,36
kroD100_or10,2,11,7,ELASTICNET,5,250,299,17
kroD100_or10,2,11,4,SSVM,5,250,299,29
kroD100_or10,2,11,1,RSF,5,250,299,14
kroD100_or10,2,11,5,WEIBULLAFT,5,250,299,33
kroD100_or10,2,11,6,KNN,6,300,349,29
kroD100_or10,2,11,2,GBSA,5,250,299,25
kroD100_or10,2,11,0,COX,7,350,399,27
kroD100_or10,2,11,4,SSVM,6,300,349,30
kroD100_or10,2,11,5,WEIBULLAFT,6,300,349,35
kroD100_or10,2,11,7,ELASTICNET,6,300,349,20
kroD100_or10,2,11,6,KNN,7,350,399,34
kroD100_or10,2,11,2,GBSA,6,300,349,23
kroD100_or10,2,11,0,COX,8,400,449,34
kroD100_or10,2,11,4,SSVM,7,350,399,30
kroD100_or10,2,11,5,WEIBULLAFT,7,350,399,24
kroD100_or10,2,11,6,KNN,8,400,449,41
kroD100_or10,2,11,0,COX,9,450,499,27
kroD100_or10,2,11,6,KNN,9,450,499,35
kroD100_or10,2,11,2,GBSA,7,350,399,32
kroD100_or10,2,11,4,SSVM,8,400,449,24
kroD100_or10,2,11,7,ELASTICNET,7,350,399,10
kroD100_or10,2,11,5,WEIBULLAFT,8,400,449,31
kroD100_or10,2,11,6,KNN,10,500,549,33
kroD100_or10,2,11,1,RSF,6,300,349,25
kroD100_or10,2,11,0,COX,10,500,549,23
kroD100_or10,2,11,2,GBSA,8,400,449,33
kroD100_or10,2,11,4,SSVM,9,450,499,25
kroD100_or10,2,11,6,KNN,11,550,599,39
kroD100_or10,2,11,0,COX,11,550,599,20
kroD100_or10,2,11,7,ELASTICNET,8,400,449,17
kroD100_or10,2,11,6,KNN,12,600,649,39
kroD100_or10,2,11,4,SSVM,10,500,549,29
kroD100_or10,2,11,3,DEEPSURV,5,250,299,19
kroD100_or10,2,11,6,KNN,13,650,699,25
kroD100_or10,2,11,1,RSF,7,350,399,27
kroD100_or10,2,11,8,MTLR,5,250,299,21
kroD100_or10,2,11,4,SSVM,11,550,599,19
kroD100_or10,2,11,7,ELASTICNET,9,450,499,10
kroD100_or10,2,11,6,KNN,14,700,749,30
kroD100_or10,2,11,3,DEEPSURV,6,300,349,24
kroD100_or10,2,11,8,MTLR,6,300,349,26
kroD100_or10,2,11,1,RSF,8,400,449,23
kroD100_or10,2,11,6,KNN,15,750,799,8
kroD100_or10,2,11,4,SSVM,12,600,649,32
kroD100_or10,2,11,3,DEEPSURV,7,350,399,21
kroD100_or10,2,11,8,MTLR,7,350,399,20
kroD100_or10,2,11,4,SSVM,13,650,699,27
kroD100_or10,2,11,3,DEEPSURV,8,400,449,12
kroD100_or10,2,11,4,SSVM,14,700,749,32
kroD100_or10,2,11,8,MTLR,8,400,449,24
kroD100_or10,2,11,1,RSF,9,450,499,19
kroD100_or10,2,11,4,SSVM,15,750,799,26
kroD100_or10,2,11,3,DEEPSURV,9,450,499,19
kroD100_or10,2,11,4,SSVM,16,800,849,8
kroD100_or10,2,11,3,DEEPSURV,10,500,549,15
kroD100_or10,2,11,1,RSF,10,500,549,18
kroD100_or10,2,11,3,DEEPSURV,11,550,599,8
kroD100_or10,2,11,1,RSF,11,550,599,22
kroD100_or10,2,11,1,RSF,12,600,649,31
kroD100_or10,2,11,1,RSF,13,650,699,27
kroD100_or10,2,11,1,RSF,14,700,749,28
kroD100_or10,2,11,1,RSF,15,750,799,19
kroD100_or10,3,21,0,COX,4,200,249,38
kroD100_or10,3,21,0,COX,5,250,299,33
kroD100_or10,3,21,0,COX,6,300,349,34
kroD100_or10,3,21,0,COX,7,350,399,40
kroD100_or10,3,21,1,RSF,4,200,249,10
kroD100_or10,3,21,0,COX,8,400,449,3
kroD100_or10,3,21,5,WEIBULLAFT,4,200,249,3
kroD100_or10,3,21,4,SSVM,5,250,299,35
kroD100_or10,3,21,7,ELASTICNET,5,250,299,32
kroD100_or10,3,21,6,KNN,5,250,299,1
kroD100_or10,3,21,4,SSVM,6,300,349,35
kroD100_or10,3,21,7,ELASTICNET,6,300,349,31
kroD100_or10,3,21,2,GBSA,5,250,299,18
kroD100_or10,3,21,5,WEIBULLAFT,5,250,299,7
kroD100_or10,3,21,4,SSVM,7,350,399,32
kroD100_or10,3,21,1,RSF,5,250,299,9
kroD100_or10,3,21,7,ELASTICNET,7,350,399,31
kroD100_or10,3,21,6,KNN,6,300,349,1
kroD100_or10,3,21,2,GBSA,6,300,349,18
kroD100_or10,3,21,4,SSVM,8,400,449,24
kroD100_or10,3,21,7,ELASTICNET,8,400,449,40
kroD100_or10,3,21,5,WEIBULLAFT,6,300,349,8
kroD100_or10,3,21,7,ELASTICNET,9,450,499,37
kroD100_or10,3,21,2,GBSA,7,350,399,16
kroD100_or10,3,21,7,ELASTICNET,10,500,549,26
kroD100_or10,3,21,1,RSF,6,300,349,9
kroD100_or10,3,21,7,ELASTICNET,11,550,599,12
kroD100_or10,3,21,8,MTLR,5,250,299,2
kroD100_or10,3,21,5,WEIBULLAFT,7,350,399,6
kroD100_or10,3,21,2,GBSA,8,400,449,19
kroD100_or10,3,21,8,MTLR,6,300,349,3
kroD100_or10,3,21,2,GBSA,9,450,499,15
kroD100_or10,3,21,1,RSF,7,350,399,19
kroD100_or10,3,21,5,WEIBULLAFT,8,400,449,3
kroD100_or10,3,21,2,GBSA,10,500,549,23
kroD100_or10,3,21,6,KNN,8,400,449,1
kroD100_or10,3,21,8,MTLR,7,350,399,5
kroD100_or10,3,21,1,RSF,8,400,449,11
kroD100_or10,3,21,2,GBSA,11,550,599,19
kroD100_or10,3,21,5,WEIBULLAFT,9,450,499,7
kroD100_or10,3,21,2,GBSA,12,600,649,25
kroD100_or10,3,21,8,MTLR,8,400,449,10
kroD100_or10,3,21,5,WEIBULLAFT,10,500,549,10
kroD100_or10,3,21,1,RSF,9,450,499,14
kroD100_or10,3,21,2,GBSA,13,650,699,8
kroD100_or10,3,21,8,MTLR,9,450,499,2
kroD100_or10,3,21,5,WEIBULLAFT,11,550,599,7
kroD100_or10,3,21,1,RSF,10,500,549,15
kroD100_or10,3,21,6,KNN,11,550,599,1
kroD100_or10,3,21,8,MTLR,10,500,549,9
kroD100_or10,3,21,5,WEIBULLAFT,12,600,649,13
kroD100_or10,3,21,8,MTLR,11,550,599,10
kroD100_or10,3,21,5,WEIBULLAFT,13,650,699,6
kroD100_or10,3,21,1,RSF,11,550,599,18
kroD100_or10,3,21,8,MTLR,12,600,649,14
kroD100_or10,3,21,5,WEIBULLAFT,14,700,749,6
kroD100_or10,3,21,1,RSF,12,600,649,10
kroD100_or10,3,21,5,WEIBULLAFT,15,750,799,12
kroD100_or10,3,21,1,RSF,13,650,699,14
kroD100_or10,3,21,1,RSF,14,700,749,15
kroD100_or10,3,21,1,RSF,15,750,799,16
kroD100_or10,3,21,1,RSF,16,800,849,14
kroD100_or10,3,21,1,RSF,17,850,899,11
kroD100_or10,4,31,0,COX,5,250,299,3
kroD100_or10,4,31,6,KNN,5,250,299,35
kroD100_or10,4,31,7,ELASTICNET,5,250,299,11
kroD100_or10,4,31,4,SSVM,5,250,299,26
kroD100_or10,4,31,1,RSF,5,250,299,26
kroD100_or10,4,31,5,WEIBULLAFT,5,250,299,26
kroD100_or10,4,31,6,KNN,6,300,349,33
kroD100_or10,4,31,2,GBSA,5,250,299,32
kroD100_or10,4,31,4,SSVM,6,300,349,13
kroD100_or10,4,31,2,GBSA,6,300,349,33
kroD100_or10,4,31,6,KNN,7,350,399,34
kroD100_or10,4,31,0,COX,6,300,349,3
kroD100_or10,4,31,5,WEIBULLAFT,6,300,349,26
kroD100_or10,4,31,7,ELASTICNET,6,300,349,14
kroD100_or10,4,31,6,KNN,8,400,449,37
kroD100_or10,4,31,2,GBSA,7,350,399,25
kroD100_or10,4,31,1,RSF,6,300,349,27
kroD100_or10,4,31,4,SSVM,7,350,399,25
kroD100_or10,4,31,5,WEIBULLAFT,7,350,399,27
kroD100_or10,4,31,7,ELASTICNET,7,350,399,11
kroD100_or10,4,31,2,GBSA,8,400,449,26
kroD100_or10,4,31,0,COX,7,350,399,1
kroD100_or10,4,31,4,SSVM,8,400,449,20
kroD100_or10,4,31,5,WEIBULLAFT,8,400,449,22
kroD100_or10,4,31,2,GBSA,9,450,499,32
kroD100_or10,4,31,1,RSF,7,350,399,29
kroD100_or10,4,31,2,GBSA,10,500,549,30
kroD100_or10,4,31,4,SSVM,9,450,499,28
kroD100_or10,4,31,7,ELASTICNET,8,400,449,11
kroD100_or10,4,31,8,MTLR,5,250,299,11
kroD100_or10,4,31,5,WEIBULLAFT,9,450,499,25
kroD100_or10,4,31,2,GBSA,11,550,599,23
kroD100_or10,4,31,4,SSVM,10,500,549,16
kroD100_or10,4,31,0,COX,8,400,449,1
kroD100_or10,4,31,3,DEEPSURV,5,250,299,1
kroD100_or10,4,31,7,ELASTICNET,9,450,499,12
kroD100_or10,4,31,1,RSF,8,400,449,20
kroD100_or10,4,31,5,WEIBULLAFT,10,500,549,33
kroD100_or10,4,31,8,MTLR,6,300,349,8
kroD100_or10,4,31,0,COX,9,450,499,5
kroD100_or10,4,31,2,GBSA,12,600,649,19
kroD100_or10,4,31,3,DEEPSURV,6,300,349,4
kroD100_or10,4,31,4,SSVM,11,550,599,12
kroD100_or10,4,31,5,WEIBULLAFT,11,550,599,32
kroD100_or10,4,31,7,ELASTICNET,10,500,549,8
kroD100_or10,4,31,5,WEIBULLAFT,12,600,649,27
kroD100_or10,4,31,8,MTLR,7,350,399,29
kroD100_or10,4,31,0,COX,10,500,549,10
kroD100_or10,4,31,5,WEIBULLAFT,13,650,699,27
kroD100_or10,4,31,3,DEEPSURV,7,350,399,8
kroD100_or10,4,31,8,MTLR,8,400,449,24
kroD100_or10,4,31,7,ELASTICNET,11,550,599,14
kroD100_or10,4,31,5,WEIBULLAFT,14,700,749,25
kroD100_or10,4,31,8,MTLR,9,450,499,22
kroD100_or10,4,31,3,DEEPSURV,8,400,449,8
kroD100_or10,4,31,0,COX,11,550,599,5
kroD100_or10,4,31,7,ELASTICNET,12,600,649,7
kroD100_or10,4,31,8,MTLR,10,500,549,25
kroD100_or10,4,31,5,WEIBULLAFT,15,750,799,29
kroD100_or10,4,31,5,WEIBULLAFT,16,800,849,31
kroD100_or10,4,31,8,MTLR,11,550,599,17
kroD100_or10,4,31,7,ELASTICNET,13,650,699,21
kroD100_or10,4,31,5,WEIBULLAFT,17,850,899,35
kroD100_or10,4,31,8,MTLR,12,600,649,14
kroD100_or10,4,31,7,ELASTICNET,14,700,749,11
kroD100_or10,4,31,5,WEIBULLAFT,18,900,949,26
kroD100_or10,4,31,5,WEIBULLAFT,19,950,999,31
kroD100_or10,4,31,8,MTLR,13,650,699,25
kroD100_or10,4,31,7,ELASTICNET,15,750,799,12
kroD100_or10,4,31,8,MTLR,14,700,749,22
kroD100_or10,4,31,7,ELASTICNET,16,800,849,18
kroD100_or10,4,31,8,MTLR,15,750,799,18
kroD100_or10,4,31,7,ELASTICNET,17,850,899,23
kroD100_or10,4,31,8,MTLR,16,800,849,16
kroD100_or10,4,31,7,ELASTICNET,18,900,949,21
kroD100_or10,4,31,8,MTLR,17,850,899,5
kroD100_or10,4,31,7,ELASTICNET,19,950,999,5
kroD100_or10,5,41,0,COX,5,250,299,32
kroD100_or10,5,41,1,RSF,4,200,249,4
kroD100_or10,5,41,4,SSVM,5,250,299,44
kroD100_or10,5,41,0,COX,6,300,349,29
kroD100_or10,5,41,6,KNN,5,250,299,21
kroD100_or10,5,41,4,SSVM,6,300,349,37
kroD100_or10,5,41,7,ELASTICNET,5,250,299,27
kroD100_or10,5,41,2,GBSA,5,250,299,29
kroD100_or10,5,41,4,SSVM,7,350,399,35
kroD100_or10,5,41,5,WEIBULLAFT,5,250,299,11
kroD100_or10,5,41,0,COX,7,350,399,33
kroD100_or10,5,41,7,ELASTICNET,6,300,349,24
kroD100_or10,5,41,4,SSVM,8,400,449,40
kroD100_or10,5,41,1,RSF,5,250,299,7
kroD100_or10,5,41,0,COX,8,400,449,33
kroD100_or10,5,41,2,GBSA,6,300,349,22
kroD100_or10,5,41,6,KNN,6,300,349,15
kroD100_or10,5,41,4,SSVM,9,450,499,42
kroD100_or10,5,41,4,SSVM,10,500,549,36
kroD100_or10,5,41,0,COX,9,450,499,19
kroD100_or10,5,41,7,ELASTICNET,7,350,399,21
kroD100_or10,5,41,5,WEIBULLAFT,6,300,349,7
kroD100_or10,5,41,2,GBSA,7,350,399,22
kroD100_or10,5,41,6,KNN,7,350,399,22
kroD100_or10,5,41,4,SSVM,11,550,599,39
kroD100_or10,5,41,4,SSVM,12,600,649,41
kroD100_or10,5,41,7,ELASTICNET,8,400,449,24
kroD100_or10,5,41,0,COX,10,500,549,18
kroD100_or10,5,41,4,SSVM,13,650,699,40
kroD100_or10,5,41,6,KNN,8,400,449,25
kroD100_or10,5,41,2,GBSA,8,400,449,26
kroD100_or10,5,41,8,MTLR,4,200,249,1
kroD100_or10,5,41,4,SSVM,14,700,749,37
kroD100_or10,5,41,1,RSF,6,300,349,5
kroD100_or10,5,41,7,ELASTICNET,9,450,499,25
kroD100_or10,5,41,3,DEEPSURV,5,250,299,7
kroD100_or10,5,41,5,WEIBULLAFT,7,350,399,8
kroD100_or10,5,41,4,SSVM,15,750,799,29
kroD100_or10,5,41,8,MTLR,5,250,299,2
kroD100_or10,5,41,6,KNN,9,450,499,24
kroD100_or10,5,41,2,GBSA,9,450,499,24
kroD100_or10,5,41,4,SSVM,16,800,849,15
kroD100_or10,5,41,7,ELASTICNET,10,500,549,27
kroD100_or10,5,41,6,KNN,10,500,549,2
kroD100_or10,5,41,2,GBSA,10,500,549,22
kroD100_or10,5,41,3,DEEPSURV,6,300,349,11
kroD100_or10,5,41,5,WEIBULLAFT,8,400,449,14
kroD100_or10,5,41,8,MTLR,6,300,349,8
kroD100_or10,5,41,7,ELASTICNET,11,550,599,7
kroD100_or10,5,41,2,GBSA,11,550,599,21
kroD100_or10,5,41,1,RSF,7,350,399,6
kroD100_or10,5,41,3,DEEPSURV,7,350,399,15
kroD100_or10,5,41,8,MTLR,7,350,399,7
kroD100_or10,5,41,5,WEIBULLAFT,9,450,499,16
kroD100_or10,5,41,2,GBSA,12,600,649,23
kroD100_or10,5,41,3,DEEPSURV,8,400,449,13
kroD100_or10,5,41,5,WEIBULLAFT,10,500,549,16
kroD100_or10,5,41,1,RSF,8,400,449,6
kroD100_or10,5,41,2,GBSA,13,650,699,16
kroD100_or10,5,41,8,MTLR,8,400,449,8
kroD100_or10,5,41,8,MTLR,9,450,499,6
kroD100_or10,5,41,1,RSF,9,450,499,7
kroD100_or10,5,41,8,MTLR,10,500,549,4
kroD100_or10,5,41,8,MTLR,11,550,599,10
kroD100_or10,5,41,1,RSF,10,500,549,9
kroD100_or10,5,41,8,MTLR,12,600,649,4
kroD100_or10,5,41,1,RSF,11,550,599,7
kroD100_or10,5,41,8,MTLR,13,650,699,4
kroD100_or10,5,41,8,MTLR,14,700,749,4
kroD100_or10,5,41,8,MTLR,15,750,799,6
kroD100_or10,5,41,8,MTLR,16,800,849,1
kroD100_or10,5,41,8,MTLR,17,850,899,2
kroD100_or10,6,51,5,WEIBULLAFT,4,200,249,31
kroD100_or10,6,51,0,COX,5,250,299,27
kroD100_or10,6,51,5,WEIBULLAFT,5,250,299,30
kroD100_or10,6,51,7,ELASTICNET,5,250,299,12
kroD100_or10,6,51,4,SSVM,5,250,299,8
kroD100_or10,6,51,6,KNN,5,250,299,33
kroD100_or10,6,51,0,COX,6,300,349,33
kroD100_or10,6,51,5,WEIBULLAFT,6,300,349,29
kroD100_or10,6,51,1,RSF,5,250,299,16
kroD100_or10,6,51,6,KNN,6,300,349,32
kroD100_or10,6,51,2,GBSA,5,250,299,16
kroD100_or10,6,51,0,COX,7,350,399,25
kroD100_or10,6,51,6,KNN,7,350,399,24
kroD100_or10,6,51,5,WEIBULLAFT,7,350,399,25
kroD100_or10,6,51,0,COX,8,400,449,27
kroD100_or10,6,51,7,ELASTICNET,6,300,349,7
kroD100_or10,6,51,4,SSVM,6,300,349,11
kroD100_or10,6,51,2,GBSA,6,300,349,11
kroD100_or10,6,51,6,KNN,8,400,449,27
kroD100_or10,6,51,0,COX,9,450,499,35
kroD100_or10,6,51,1,RSF,6,300,349,19
kroD100_or10,6,51,8,MTLR,4,200,249,23
kroD100_or10,6,51,7,ELASTICNET,7,350,399,14
kroD100_or10,6,51,4,SSVM,7,350,399,12
kroD100_or10,6,51,0,COX,10,500,549,15
kroD100_or10,6,51,6,KNN,9,450,499,36
kroD100_or10,6,51,2,GBSA,7,350,399,16
kroD100_or10,6,51,8,MTLR,5,250,299,27
kroD100_or10,6,51,6,KNN,10,500,549,26
kroD100_or10,6,51,3,DEEPSURV,5,250,299,3
kroD100_or10,6,51,8,MTLR,6,300,349,21
kroD100_or10,6,51,7,ELASTICNET,8,400,449,7
kroD100_or10,6,51,6,KNN,11,550,599,29
kroD100_or10,6,51,2,GBSA,8,400,449,18
kroD100_or10,6,51,4,SSVM,8,400,449,10
kroD100_or10,6,51,1,RSF,7,350,399,19
kroD100_or10,6,51,6,KNN,12,600,649,29
kroD100_or10,6,51,8,MTLR,7,350,399,24
kroD100_or10,6,51,3,DEEPSURV,6,300,349,2
kroD100_or10,6,51,2,GBSA,9,450,499,11
kroD100_or10,6,51,8,MTLR,8,400,449,29
kroD100_or10,6,51,1,RSF,8,400,449,18
kroD100_or10,6,51,4,SSVM,9,450,499,4
kroD100_or10,6,51,8,MTLR,9,450,499,24
kroD100_or10,6,51,2,GBSA,10,500,549,20
kroD100_or10,6,51,4,SSVM,10,500,549,12
kroD100_or10,6,51,3,DEEPSURV,7,350,399,1
kroD100_or10,6,51,2,GBSA,11,550,599,15
kroD100_or10,6,51,1,RSF,9,450,499,21
kroD100_or10,6,51,4,SSVM,11,550,599,7
kroD100_or10,6,51,1,RSF,10,500,549,21
kroD100_or10,6,51,3,DEEPSURV,9,450,499,2
kroD100_or10,6,51,1,RSF,11,550,599,22
kroD100_or10,6,51,3,DEEPSURV,10,500,549,1
kroD100_or10,6,51,1,RSF,12,600,649,24
kroD100_or10,6,51,1,RSF,13,650,699,3
kroD100_or10,7,61,0,COX,5,250,299,24
kroD100_or10,7,61,6,KNN,4,200,249,1
kroD100_or10,7,61,7,ELASTICNET,5,250,299,35
kroD100_or10,7,61,4,SSVM,5,250,299,6
kroD100_or10,7,61,0,COX,6,300,349,23
kroD100_or10,7,61,5,WEIBULLAFT,5,250,299,33
kroD100_or10,7,61,1,RSF,5,250,299,21
kroD100_or10,7,61,7,ELASTICNET,6,300,349,32
kroD100_or10,7,61,6,KNN,5,250,299,7
kroD100_or10,7,61,2,GBSA,5,250,299,14
kroD100_or10,7,61,5,WEIBULLAFT,6,300,349,29
kroD100_or10,7,61,0,COX,7,350,399,26
kroD100_or10,7,61,7,ELASTICNET,7,350,399,35
kroD100_or10,7,61,7,ELASTICNET,8,400,449,40
kroD100_or10,7,61,2,GBSA,6,300,349,17
kroD100_or10,7,61,6,KNN,6,300,349,3
kroD100_or10,7,61,4,SSVM,6,300,349,7
kroD100_or10,7,61,5,WEIBULLAFT,7,350,399,31
kroD100_or10,7,61,0,COX,8,400,449,14
kroD100_or10,7,61,7,ELASTICNET,9,450,499,32
kroD100_or10,7,61,1,RSF,6,300,349,18
kroD100_or10,7,61,7,ELASTICNET,10,500,549,3
kroD100_or10,7,61,5,WEIBULLAFT,8,400,449,33
kroD100_or10,7,61,2,GBSA,7,350,399,13
kroD100_or10,7,61,0,COX,9,450,499,24
kroD100_or10,7,61,6,KNN,7,350,399,8
kroD100_or10,7,61,4,SSVM,7,350,399,3
kroD100_or10,7,61,5,WEIBULLAFT,9,450,499,34
kroD100_or10,7,61,3,DEEPSURV,5,250,299,14
kroD100_or10,7,61,0,COX,10,500,549,21
kroD100_or10,7,61,5,WEIBULLAFT,10,500,549,32
kroD100_or10,7,61,8,MTLR,5,250,299,22
kroD100_or10,7,61,2,GBSA,8,400,449,7
kroD100_or10,7,61,1,RSF,7,350,399,13
kroD100_or10,7,61,6,KNN,8,400,449,5
kroD100_or10,7,61,4,SSVM,8,400,449,5
kroD100_or10,7,61,5,WEIBULLAFT,11,550,599,20
kroD100_or10,7,61,8,MTLR,6,300,349,29
kroD100_or10,7,61,0,COX,11,550,599,25
kroD100_or10,7,61,3,DEEPSURV,6,300,349,8
kroD100_or10,7,61,2,GBSA,9,450,499,15
kroD100_or10,7,61,8,MTLR,7,350,399,29
kroD100_or10,7,61,0,COX,12,600,649,18
kroD100_or10,7,61,4,SSVM,9,450,499,4
kroD100_or10,7,61,1,RSF,8,400,449,15
kroD100_or10,7,61,8,MTLR,8,400,449,26
kroD100_or10,7,61,3,DEEPSURV,7,350,399,12
kroD100_or10,7,61,6,KNN,9,450,499,3
kroD100_or10,7,61,2,GBSA,10,500,549,13
kroD100_or10,7,61,0,COX,13,650,699,16
kroD100_or10,7,61,8,MTLR,9,450,499,28
kroD100_or10,7,61,3,DEEPSURV,8,400,449,11
kroD100_or10,7,61,0,COX,14,700,749,5
kroD100_or10,7,61,8,MTLR,10,500,549,28
kroD100_or10,7,61,2,GBSA,11,550,599,17
kroD100_or10,7,61,6,KNN,10,500,549,4
kroD100_or10,7,61,1,RSF,9,450,499,16
kroD100_or10,7,61,8,MTLR,11,550,599,36
kroD100_or10,7,61,3,DEEPSURV,9,450,499,9
kroD100_or10,7,61,8,MTLR,12,600,649,26
kroD100_or10,7,61,8,MTLR,13,650,699,24
kroD100_or10,7,61,3,DEEPSURV,10,500,549,23
kroD100_or10,7,61,1,RSF,10,500,549,15
kroD100_or10,7,61,1,RSF,11,550,599,16
kroD100_or10,7,61,1,RSF,12,600,649,19
kroD100_or10,8,71,5,WEIBULLAFT,4,200,249,29
kroD100_or10,8,71,1,RSF,4,200,249,6
kroD100_or10,8,71,5,WEIBULLAFT,5,250,299,31
kroD100_or10,8,71,7,ELASTICNET,5,250,299,28
kroD100_or10,8,71,6,KNN,5,250,299,25
kroD100_or10,8,71,4,SSVM,5,250,299,6
kroD100_or10,8,71,0,COX,5,250,299,1
kroD100_or10,8,71,2,GBSA,5,250,299,11
kroD100_or10,8,71,5,WEIBULLAFT,6,300,349,27
kroD100_or10,8,71,7,ELASTICNET,6,300,349,39
kroD100_or10,8,71,6,KNN,6,300,349,25
kroD100_or10,8,71,1,RSF,5,250,299,3
kroD100_or10,8,71,7,ELASTICNET,7,350,399,39
kroD100_or10,8,71,5,WEIBULLAFT,7,350,399,24
kroD100_or10,8,71,7,ELASTICNET,8,400,449,39
kroD100_or10,8,71,0,COX,6,300,349,3
kroD100_or10,8,71,6,KNN,7,350,399,25
kroD100_or10,8,71,4,SSVM,6,300,349,4
kroD100_or10,8,71,2,GBSA,6,300,349,7
kroD100_or10,8,71,5,WEIBULLAFT,8,400,449,30
kroD100_or10,8,71,6,KNN,8,400,449,21
kroD100_or10,8,71,0,COX,7,350,399,4
kroD100_or10,8,71,3,DEEPSURV,4,200,249,2
kroD100_or10,8,71,4,SSVM,7,350,399,7
kroD100_or10,8,71,2,GBSA,7,350,399,11
kroD100_or10,8,71,5,WEIBULLAFT,9,450,499,26
kroD100_or10,8,71,6,KNN,9,450,499,14
kroD100_or10,8,71,5,WEIBULLAFT,10,500,549,32
kroD100_or10,8,71,8,MTLR,5,250,299,9
kroD100_or10,8,71,4,SSVM,8,400,449,8
kroD100_or10,8,71,3,DEEPSURV,5,250,299,2
kroD100_or10,8,71,0,COX,8,400,449,5
kroD100_or10,8,71,2,GBSA,8,400,449,2
kroD100_or10,8,71,5,WEIBULLAFT,11,550,599,34
kroD100_or10,8,71,5,WEIBULLAFT,12,600,649,23
kroD100_or10,8,71,3,DEEPSURV,6,300,349,2
kroD100_or10,8,71,8,MTLR,6,300,349,12
kroD100_or10,8,71,1,RSF,6,300,349,2
kroD100_or10,8,71,4,SSVM,9,450,499,12
kroD100_or10,8,71,0,COX,9,450,499,5
kroD100_or10,8,71,2,GBSA,9,450,499,6
kroD100_or10,8,71,5,WEIBULLAFT,13,650,699,22
kroD100_or10,8,71,8,MTLR,7,350,399,13
kroD100_or10,8,71,3,DEEPSURV,7,350,399,2
kroD100_or10,8,71,1,RSF,7,350,399,3
kroD100_or10,8,71,0,COX,10,500,549,4
kroD100_or10,8,71,4,SSVM,10,500,549,5
kroD100_or10,8,71,5,WEIBULLAFT,14,700,749,29
kroD100_or10,8,71,8,MTLR,8,400,449,21
kroD100_or10,8,71,5,WEIBULLAFT,15,750,799,35
kroD100_or10,8,71,1,RSF,8,400,449,7
kroD100_or10,8,71,5,WEIBULLAFT,16,800,849,38
kroD100_or10,8,71,3,DEEPSURV,8,400,449,6
kroD100_or10,8,71,8,MTLR,9,450,499,18
kroD100_or10,8,71,5,WEIBULLAFT,17,850,899,43
kroD100_or10,8,71,5,WEIBULLAFT,18,900,949,37
kroD100_or10,8,71,8,MTLR,10,500,549,6
kroD100_or10,8,71,3,DEEPSURV,9,450,499,6
kroD100_or10,8,71,5,WEIBULLAFT,19,950,999,29
kroD100_or10,8,71,1,RSF,9,450,499,5
kroD100_or10,8,71,3,DEEPSURV,10,500,549,5
kroD100_or10,8,71,1,RSF,10,500,549,9
kroD100_or10,8,71,1,RSF,11,550,599,8
kroD100_or10,9,81,6,KNN,4,200,249,34
kroD100_or10,9,81,6,KNN,5,250,299,35
kroD100_or10,9,81,0,COX,5,250,299,49
kroD100_or10,9,81,0,COX,6,300,349,43
kroD100_or10,9,81,7,ELASTICNET,4,200,249,6
kroD100_or10,9,81,0,COX,7,350,399,46
kroD100_or10,9,81,6,KNN,6,300,349,37
kroD100_or10,9,81,7,ELASTICNET,5,250,299,24
kroD100_or10,9,81,0,COX,8,400,449,34
kroD100_or10,9,81,6,KNN,7,350,399,35
kroD100_or10,9,81,4,SSVM,5,250,299,40
kroD100_or10,9,81,1,RSF,5,250,299,17
kroD100_or10,9,81,5,WEIBULLAFT,4,200,249,1
kroD100_or10,9,81,5,WEIBULLAFT,5,250,299,22
kroD100_or10,9,81,4,SSVM,6,300,349,39
kroD100_or10,9,81,7,ELASTICNET,6,300,349,21
kroD100_or10,9,81,6,KNN,8,400,449,37
kroD100_or10,9,81,4,SSVM,7,350,399,35
kroD100_or10,9,81,6,KNN,9,450,499,37
kroD100_or10,9,81,2,GBSA,5,250,299,1
kroD100_or10,9,81,4,SSVM,8,400,449,35
kroD100_or10,9,81,6,KNN,10,500,549,36
kroD100_or10,9,81,5,WEIBULLAFT,6,300,349,24
kroD100_or10,9,81,7,ELASTICNET,7,350,399,21
kroD100_or10,9,81,4,SSVM,9,450,499,28
kroD100_or10,9,81,6,KNN,11,550,599,31
kroD100_or10,9,81,1,RSF,6,300,349,18
kroD100_or10,9,81,7,ELASTICNET,8,400,449,16
kroD100_or10,9,81,5,WEIBULLAFT,7,350,399,18
kroD100_or10,9,81,6,KNN,12,600,649,34
kroD100_or10,9,81,4,SSVM,10,500,549,33
kroD100_or10,9,81,2,GBSA,6,300,349,2
kroD100_or10,9,81,6,KNN,13,650,699,39
kroD100_or10,9,81,4,SSVM,11,550,599,35
kroD100_or10,9,81,6,KNN,14,700,749,36
kroD100_or10,9,81,5,WEIBULLAFT,8,400,449,19
kroD100_or10,9,81,3,DEEPSURV,5,250,299,12
kroD100_or10,9,81,4,SSVM,12,600,649,33
kroD100_or10,9,81,2,GBSA,7,350,399,1
kroD100_or10,9,81,1,RSF,7,350,399,18
kroD100_or10,9,81,6,KNN,15,750,799,39
kroD100_or10,9,81,4,SSVM,13,650,699,37
kroD100_or10,9,81,6,KNN,16,800,849,37
kroD100_or10,9,81,5,WEIBULLAFT,9,450,499,19
kroD100_or10,9,81,4,SSVM,14,700,749,35
kroD100_or10,9,81,8,MTLR,5,250,299,1
kroD100_or10,9,81,6,KNN,17,850,899,16
kroD100_or10,9,81,3,DEEPSURV,6,300,349,16
kroD100_or10,9,81,4,SSVM,15,750,799,34
kroD100_or10,9,81,1,RSF,8,400,449,21
kroD100_or10,9,81,4,SSVM,16,800,849,38
kroD100_or10,9,81,5,WEIBULLAFT,10,500,549,21
kroD100_or10,9,81,3,DEEPSURV,7,350,399,7
kroD100_or10,9,81,4,SSVM,17,850,899,30
kroD100_or10,9,81,2,GBSA,8,400,449,1
kroD100_or10,9,81,4,SSVM,18,900,949,35
kroD100_or10,9,81,5,WEIBULLAFT,11,550,599,18
kroD100_or10,9,81,2,GBSA,9,450,499,2
kroD100_or10,9,81,3,DEEPSURV,8,400,449,12
kroD100_or10,9,81,1,RSF,9,450,499,26
kroD100_or10,9,81,4,SSVM,19,950,999,31
kroD100_or10,9,81,5,WEIBULLAFT,12,600,649,18
kroD100_or10,9,81,8,MTLR,8,400,449,3
kroD100_or10,9,81,3,DEEPSURV,9,450,499,6
kroD100_or10,9,81,1,RSF,10,500,549,35
kroD100_or10,9,81,5,WEIBULLAFT,13,650,699,20
kroD100_or10,9,81,1,RSF,11,550,599,26
kroD100_or10,9,81,5,WEIBULLAFT,14,700,749,20
kroD100_or10,9,81,8,MTLR,9,450,499,3
kroD100_or10,9,81,5,WEIBULLAFT,15,750,799,14
kroD100_or10,9,81,1,RSF,12,600,649,29
kroD100_or10,9,81,8,MTLR,10,500,549,7
kroD100_or10,9,81,1,RSF,13,650,699,33
kroD100_or10,9,81,8,MTLR,11,550,599,5
kroD100_or10,9,81,1,RSF,14,700,749,32
kroD100_or10,9,81,1,RSF,15,750,799,10
kroD100_or10,9,81,8,MTLR,12,600,649,1
kroD100_or10,9,81,8,MTLR,13,650,699,5
kroD100_or10,9,81,8,MTLR,14,700,749,8
kroD100_or10,9,81,8,MTLR,15,750,799,4
rat195_or10,10,91,0,COX,4,200,249,47
rat195_or10,10,91,0,COX,5,250,299,47
rat195_or10,10,91,0,COX,6,300,349,44
rat195_or10,10,91,0,COX,7,350,399,36
rat195_or10,10,91,6,KNN,5,250,299,39
rat195_or10,10,91,4,SSVM,5,250,299,20
rat195_or10,10,91,7,ELASTICNET,5,250,299,11
rat195_or10,10,91,2,GBSA,5,250,299,24
rat195_or10,10,91,6,KNN,6,300,349,42
rat195_or10,10,91,5,WEIBULLAFT,5,250,299,32
rat195_or10,10,91,6,KNN,7,350,399,40
rat195_or10,10,91,6,KNN,8,400,449,43
rat195_or10,10,91,5,WEIBULLAFT,6,300,349,37
rat195_or10,10,91,2,GBSA,6,300,349,23
rat195_or10,10,91,4,SSVM,6,300,349,23
rat195_or10,10,91,1,RSF,5,250,299,3
rat195_or10,10,91,8,MTLR,4,200,249,9
rat195_or10,10,91,7,ELASTICNET,6,300,349,18
rat195_or10,10,91,5,WEIBULLAFT,7,350,399,29
rat195_or10,10,91,8,MTLR,5,250,299,23
rat195_or10,10,91,,,0,0,49,2
rat195_or10,10,91,2,GBSA,7,350,399,26
rat195_or10,10,91,4,SSVM,7,350,399,24
rat195_or10,10,91,3,DEEPSURV,5,250,299,14
rat195_or10,10,91,5,WEIBULLAFT,8,400,449,33
rat195_or10,10,91,1,RSF,6,300,349,2
rat195_or10,10,91,7,ELASTICNET,7,350,399,22
rat195_or10,10,91,2,GBSA,8,400,449,23
rat195_or10,10,91,4,SSVM,8,400,449,23
rat195_or10,10,91,8,MTLR,6,300,349,22
rat195_or10,10,91,5,WEIBULLAFT,9,450,499,27
rat195_or10,10,91,7,ELASTICNET,8,400,449,15
rat195_or10,10,91,3,DEEPSURV,6,300,349,20
rat195_or10,10,91,8,MTLR,7,350,399,27
rat195_or10,10,91,2,GBSA,9,450,499,27
rat195_or10,10,91,3,DEEPSURV,7,350,399,17
rat195_or10,10,91,8,MTLR,8,400,449,27
rat195_or10,10,91,7,ELASTICNET,9,450,499,19
rat195_or10,10,91,2,GBSA,10,500,549,9
rat195_or10,10,91,1,RSF,7,350,399,5
rat195_or10,10,91,8,MTLR,9,450,499,14
rat195_or10,10,91,3,DEEPSURV,8,400,449,27
rat195_or10,10,91,7,ELASTICNET,10,500,549,22
rat195_or10,10,91,2,GBSA,11,550,599,28
rat195_or10,10,91,3,DEEPSURV,9,450,499,19
rat195_or10,10,91,2,GBSA,12,600,649,20
rat195_or10,10,91,7,ELASTICNET,11,550,599,22
rat195_or10,10,91,3,DEEPSURV,10,500,549,18
rat195_or10,10,91,7,ELASTICNET,12,600,649,25
rat195_or10,10,91,2,GBSA,13,650,699,25
rat195_or10,10,91,1,RSF,8,400,449,1
rat195_or10,10,91,7,ELASTICNET,13,650,699,23
rat195_or10,10,91,3,DEEPSURV,11,550,599,21
rat195_or10,10,91,2,GBSA,14,700,749,16
rat195_or10,10,91,1,RSF,9,450,499,7
rat195_or10,10,91,7,ELASTICNET,14,700,749,29
rat195_or10,10,91,3,DEEPSURV,12,600,649,23
rat195_or10,10,91,7,ELASTICNET,15,750,799,25
rat195_or10,10,91,7,ELASTICNET,16,800,849,41
rat195_or10,10,91,7,ELASTICNET,17,850,899,20
rat195_or10,10,91,1,RSF,10,500,549,2
rat195_or10,10,91,1,RSF,11,550,599,4
rat195_or10,10,91,1,RSF,13,650,699,4
rat195_or10,10,91,1,RSF,14,700,749,5
rat195_or10,10,91,1,RSF,15,750,799,7
rat195_or10,10,91,1,RSF,16,800,849,7
rat195_or10,10,91,1,RSF,17,850,899,8
rat195_or10,10,91,1,RSF,18,900,949,8
rat195_or10,10,91,1,RSF,19,950,999,4
rat195_or10,1,1,0,COX,4,200,249,18
rat195_or10,1,1,0,COX,5,250,299,24
rat195_or10,1,1,6,KNN,4,200,249,6
rat195_or10,1,1,6,KNN,5,250,299,17
rat195_or10,1,1,0,COX,6,300,349,19
rat195_or10,1,1,7,ELASTICNET,5,250,299,28
rat195_or10,1,1,4,SSVM,5,250,299,32
rat195_or10,1,1,1,RSF,4,200,249,2
rat195_or10,1,1,5,WEIBULLAFT,5,250,299,20
rat195_or10,1,1,2,GBSA,5,250,299,17
rat195_or10,1,1,7,ELASTICNET,6,300,349,28
rat195_or10,1,1,4,SSVM,6,300,349,29
rat195_or10,1,1,1,RSF,5,250,299,7
rat195_or10,1,1,0,COX,7,350,399,18
rat195_or10,1,1,7,ELASTICNET,7,350,399,37
rat195_or10,1,1,4,SSVM,7,350,399,35
rat195_or10,1,1,5,WEIBULLAFT,6,300,349,17
rat195_or10,1,1,6,KNN,6,300,349,16
rat195_or10,1,1,2,GBSA,6,300,349,9
rat195_or10,1,1,7,ELASTICNET,8,400,449,37
rat195_or10,1,1,4,SSVM,8,400,449,35
rat195_or10,1,1,6,KNN,7,350,399,19
rat195_or10,1,1,0,COX,8,400,449,23
rat195_or10,1,1,5,WEIBULLAFT,7,350,399,14
rat195_or10,1,1,3,DEEPSURV,5,250,299,20
rat195_or10,1,1,2,GBSA,7,350,399,12
rat195_or10,1,1,0,COX,9,450,499,21
rat195_or10,1,1,1,RSF,6,300,349,5
rat195_or10,1,1,6,KNN,8,400,449,21
rat195_or10,1,1,8,MTLR,5,250,299,1
rat195_or10,1,1,3,DEEPSURV,6,300,349,10
rat195_or10,1,1,5,WEIBULLAFT,8,400,449,20
rat195_or10,1,1,0,COX,10,500,549,17
rat195_or10,1,1,6,KNN,9,450,499,18
rat195_or10,1,1,2,GBSA,8,400,449,8
rat195_or10,1,1,8,MTLR,6,300,349,3
rat195_or10,1,1,3,DEEPSURV,7,350,399,10
rat195_or10,1,1,0,COX,11,550,599,16
rat195_or10,1,1,1,RSF,7,350,399,6
rat195_or10,1,1,6,KNN,10,500,549,15
rat195_or10,1,1,2,GBSA,9,450,499,10
rat195_or10,1,1,8,MTLR,7,350,399,6
rat195_or10,1,1,0,COX,12,600,649,14
rat195_or10,1,1,3,DEEPSURV,8,400,449,14
rat195_or10,1,1,6,KNN,11,550,599,10
rat195_or10,1,1,2,GBSA,10,500,549,7
rat195_or10,1,1,1,RSF,8,400,449,3
rat195_or10,1,1,0,COX,13,650,699,21
rat195_or10,1,1,3,DEEPSURV,9,450,499,11
rat195_or10,1,1,6,KNN,12,600,649,20
rat195_or10,1,1,2,GBSA,11,550,599,7
rat195_or10,1,1,0,COX,14,700,749,14
rat195_or10,1,1,6,KNN,13,650,699,10
rat195_or10,1,1,8,MTLR,8,400,449,1
rat195_or10,1,1,3,DEEPSURV,10,500,549,12
rat195_or10,1,1,0,COX,15,750,799,20
rat195_or10,1,1,2,GBSA,12,600,649,5
rat195_or10,1,1,1,RSF,9,450,499,2
rat195_or10,1,1,6,KNN,14,700,749,18
rat195_or10,1,1,8,MTLR,9,450,499,1
rat195_or10,1,1,3,DEEPSURV,11,550,599,8
rat195_or10,1,1,0,COX,16,800,849,8
rat195_or10,1,1,8,MTLR,10,500,549,9
rat195_or10,1,1,6,KNN,15,750,799,19
rat195_or10,1,1,1,RSF,10,500,549,1
rat195_or10,1,1,2,GBSA,13,650,699,3
rat195_or10,1,1,3,DEEPSURV,12,600,649,6
rat195_or10,1,1,6,KNN,16,800,849,12
rat195_or10,1,1,8,MTLR,11,550,599,6
rat195_or10,1,1,3,DEEPSURV,13,650,699,12
rat195_or10,1,1,2,GBSA,14,700,749,4
rat195_or10,1,1,6,KNN,17,850,899,13
rat195_or10,1,1,8,MTLR,12,600,649,1
rat195_or10,1,1,1,RSF,11,550,599,1
rat195_or10,1,1,3,DEEPSURV,14,700,749,12
rat195_or10,1,1,2,GBSA,15,750,799,7
rat195_or10,1,1,6,KNN,18,900,949,12
rat195_or10,1,1,8,MTLR,13,650,699,7
rat195_or10,1,1,2,GBSA,16,800,849,7
rat195_or10,1,1,3,DEEPSURV,15,750,799,5
rat195_or10,1,1,6,KNN,19,950,999,24
rat195_or10,1,1,3,DEEPSURV,16,800,849,12
rat195_or10,1,1,2,GBSA,17,850,899,3
rat195_or10,1,1,8,MTLR,14,700,749,5
rat195_or10,1,1,3,DEEPSURV,17,850,899,8
rat195_or10,1,1,8,MTLR,15,750,799,5
rat195_or10,1,1,2,GBSA,18,900,949,2
rat195_or10,1,1,3,DEEPSURV,18,900,949,13
rat195_or10,1,1,8,MTLR,16,800,849,8
rat195_or10,1,1,2,GBSA,19,950,999,8
rat195_or10,1,1,3,DEEPSURV,19,950,999,6
rat195_or10,1,1,8,MTLR,17,850,899,10
rat195_or10,1,1,8,MTLR,18,900,949,10
rat195_or10,2,11,0,COX,4,200,249,4
rat195_or10,2,11,0,COX,5,250,299,20
rat195_or10,2,11,6,KNN,4,200,249,19
rat195_or10,2,11,7,ELASTICNET,4,200,249,8
rat195_or10,2,11,4,SSVM,4,200,249,28
rat195_or10,2,11,1,RSF,5,250,299,22
rat195_or10,2,11,2,GBSA,5,250,299,5
rat195_or10,2,11,0,COX,6,300,349,27
rat195_or10,2,11,4,SSVM,5,250,299,28
rat195_or10,2,11,5,WEIBULLAFT,5,250,299,3
rat195_or10,2,11,6,KNN,5,250,299,19
rat195_or10,2,11,7,ELASTICNET,5,250,299,8
rat195_or10,2,11,4,SSVM,6,300,349,38
rat195_or10,2,11,0,COX,7,350,399,25
rat195_or10,2,11,1,RSF,6,300,349,28
rat195_or10,2,11,4,SSVM,7,350,399,33
rat195_or10,2,11,5,WEIBULLAFT,6,300,349,1
rat195_or10,2,11,6,KNN,6,300,349,24
rat195_or10,2,11,0,COX,8,400,449,25
rat195_or10,2,11,7,ELASTICNET,6,300,349,10
rat195_or10,2,11,2,GBSA,6,300,349,2
rat195_or10,2,11,6,KNN,7,350,399,18
rat195_or10,2,11,8,MTLR,4,200,249,1
rat195_or10,2,11,3,DEEPSURV,5,250,299,2
rat195_or10,2,11,8,MTLR,5,250,299,21
rat195_or10,2,11,0,COX,9,450,499,6
rat195_or10,2,11,1,RSF,7,350,399,17
rat195_or10,2,11,5,WEIBULLAFT,7,350,399,4
rat195_or10,2,11,6,KNN,8,400,449,17
rat195_or10,2,11,2,GBSA,7,350,399,3
rat195_or10,2,11,8,MTLR,6,300,349,22
rat195_or10,2,11,7,ELASTICNET,7,350,399,7
rat195_or10,2,11,3,DEEPSURV,6,300,349,6
rat195_or10,2,11,1,RSF,8,400,449,19
rat195_or10,2,11,8,MTLR,7,350,399,25
rat195_or10,2,11,5,WEIBULLAFT,8,400,449,6
rat195_or10,2,11,6,KNN,9,450,499,20
rat195_or10,2,11,7,ELASTICNET,8,400,449,11
rat195_or10,2,11,8,MTLR,8,400,449,21
rat195_or10,2,11,6,KNN,10,500,549,19
rat195_or10,2,11,1,RSF,9,450,499,20
rat195_or10,2,11,3,DEEPSURV,7,350,399,7
rat195_or10,2,11,5,WEIBULLAFT,9,450,499,7
rat195_or10,2,11,2,GBSA,9,450,499,5
rat195_or10,2,11,7,ELASTICNET,9,450,499,4
rat195_or10,2,11,8,MTLR,9,450,499,24
rat195_or10,2,11,6,KNN,11,550,599,23
rat195_or10,2,11,3,DEEPSURV,8,400,449,10
rat195_or10,2,11,8,MTLR,10,500,549,27
rat195_or10,2,11,5,WEIBULLAFT,10,500,549,6
rat195_or10,2,11,1,RSF,10,500,549,22
rat195_or10,2,11,6,KNN,12,600,649,20
rat195_or10,2,11,7,ELASTICNET,10,500,549,7
rat195_or10,2,11,8,MTLR,11,550,599,17
rat195_or10,2,11,3,DEEPSURV,9,450,499,10
rat195_or10,2,11,6,KNN,13,650,699,4
rat195_or10,2,11,2,GBSA,10,500,549,1
rat195_or10,2,11,5,WEIBULLAFT,11,550,599,6
rat195_or10,2,11,1,RSF,11,550,599,21
rat195_or10,2,11,8,MTLR,12,600,649,31
rat195_or10,2,11,2,GBSA,11,550,599,4
rat195_or10,2,11,7,ELASTICNET,11,550,599,6
rat195_or10,2,11,3,DEEPSURV,10,500,549,10
rat195_or10,2,11,8,MTLR,13,650,699,24
rat195_or10,2,11,5,WEIBULLAFT,12,600,649,9
rat195_or10,2,11,1,RSF,12,600,649,20
rat195_or10,2,11,7,ELASTICNET,12,600,649,6
rat195_or10,2,11,8,MTLR,14,700,749,2
rat195_or10,2,11,2,GBSA,12,600,649,4
rat195_or10,2,11,3,DEEPSURV,11,550,599,8
rat195_or10,2,11,1,RSF,13,650,699,10
rat195_or10,2,11,7,ELASTICNET,13,650,699,10
rat195_or10,2,11,5,WEIBULLAFT,13,650,699,9
rat195_or10,2,11,3,DEEPSURV,12,600,649,11
rat195_or10,2,11,2,GBSA,13,650,699,3
rat195_or10,2,11,5,WEIBULLAFT,14,700,749,7
rat195_or10,2,11,7,ELASTICNET,14,700,749,6
rat195_or10,2,11,2,GBSA,14,700,749,5
rat195_or10,2,11,3,DEEPSURV,13,650,699,14
rat195_or10,2,11,5,WEIBULLAFT,15,750,799,5
rat195_or10,2,11,3,DEEPSURV,14,700,749,17
rat195_or10,2,11,2,GBSA,15,750,799,6
rat195_or10,2,11,3,DEEPSURV,15,750,799,2
rat195_or10,2,11,5,WEIBULLAFT,16,800,849,6
rat195_or10,2,11,2,GBSA,16,800,849,2
rat195_or10,2,11,2,GBSA,17,850,899,3
rat195_or10,2,11,5,WEIBULLAFT,17,850,899,3
rat195_or10,2,11,5,WEIBULLAFT,18,900,949,5
rat195_or10,2,11,5,WEIBULLAFT,19,950,999,3
rat195_or10,2,11,2,GBSA,18,900,949,2
rat195_or10,2,11,2,GBSA,19,950,999,13
rat195_or10,3,21,5,WEIBULLAFT,4,200,249,20
rat195_or10,3,21,0,COX,4,200,249,1
rat195_or10,3,21,5,WEIBULLAFT,5,250,299,19
rat195_or10,3,21,0,COX,5,250,299,4
rat195_or10,3,21,6,KNN,5,250,299,19
rat195_or10,3,21,4,SSVM,5,250,299,31
rat195_or10,3,21,7,ELASTICNET,5,250,299,30
rat195_or10,3,21,1,RSF,5,250,299,31
rat195_or10,3,21,2,GBSA,5,250,299,24
rat195_or10,3,21,4,SSVM,6,300,349,39
rat195_or10,3,21,7,ELASTICNET,6,300,349,25
rat195_or10,3,21,5,WEIBULLAFT,6,300,349,25
rat195_or10,3,21,2,GBSA,6,300,349,26
rat195_or10,3,21,4,SSVM,7,350,399,40
rat195_or10,3,21,6,KNN,6,300,349,28
rat195_or10,3,21,1,RSF,6,300,349,25
rat195_or10,3,21,4,SSVM,8,400,449,38
rat195_or10,3,21,8,MTLR,4,200,249,11
rat195_or10,3,21,7,ELASTICNET,7,350,399,29
rat195_or10,3,21,5,WEIBULLAFT,7,350,399,30
rat195_or10,3,21,2,GBSA,7,350,399,15
rat195_or10,3,21,8,MTLR,5,250,299,20
rat195_or10,3,21,6,KNN,7,350,399,24
rat195_or10,3,21,0,COX,6,300,349,6
rat195_or10,3,21,3,DEEPSURV,5,250,299,22
rat195_or10,3,21,7,ELASTICNET,8,400,449,27
rat195_or10,3,21,5,WEIBULLAFT,8,400,449,11
rat195_or10,3,21,6,KNN,8,400,449,20
rat195_or10,3,21,1,RSF,7,350,399,21
rat195_or10,3,21,8,MTLR,6,300,349,22
rat195_or10,3,21,2,GBSA,8,400,449,23
rat195_or10,3,21,7,ELASTICNET,9,450,499,37
rat195_or10,3,21,3,DEEPSURV,6,300,349,29
rat195_or10,3,21,0,COX,7,350,399,10
rat195_or10,3,21,7,ELASTICNET,10,500,549,38
rat195_or10,3,21,8,MTLR,7,350,399,18
rat195_or10,3,21,3,DEEPSURV,7,350,399,21
rat195_or10,3,21,2,GBSA,9,450,499,20
rat195_or10,3,21,7,ELASTICNET,11,550,599,35
rat195_or10,3,21,1,RSF,8,400,449,30
rat195_or10,3,21,0,COX,8,400,449,7
rat195_or10,3,21,7,ELASTICNET,12,600,649,34
rat195_or10,3,21,3,DEEPSURV,8,400,449,21
rat195_or10,3,21,2,GBSA,10,500,549,19
rat195_or10,3,21,8,MTLR,8,400,449,18
rat195_or10,3,21,7,ELASTICNET,13,650,699,26
rat195_or10,3,21,1,RSF,9,450,499,32
rat195_or10,3,21,3,DEEPSURV,9,450,499,21
rat195_or10,3,21,2,GBSA,11,550,599,25
rat195_or10,3,21,7,ELASTICNET,14,700,749,31
rat195_or10,3,21,8,MTLR,9,450,499,15
rat195_or10,3,21,7,ELASTICNET,15,750,799,30
rat195_or10,3,21,2,GBSA,12,600,649,25
rat195_or10,3,21,1,RSF,10,500,549,35
rat195_or10,3,21,3,DEEPSURV,10,500,549,8
rat195_or10,3,21,8,MTLR,10,500,549,12
rat195_or10,3,21,2,GBSA,13,650,699,28
rat195_or10,3,21,1,RSF,11,550,599,29
rat195_or10,3,21,2,GBSA,14,700,749,27
rat195_or10,3,21,1,RSF,12,600,649,43
rat195_or10,3,21,2,GBSA,15,750,799,2
rat195_or10,3,21,1,RSF,13,650,699,39
rat195_or10,3,21,1,RSF,14,700,749,40
rat195_or10,3,21,1,RSF,15,750,799,33
rat195_or10,3,21,1,RSF,16,800,849,41
rat195_or10,3,21,1,RSF,17,850,899,37
rat195_or10,3,21,1,RSF,18,900,949,40
rat195_or10,3,21,1,RSF,19,950,999,35
rat195_or10,4,31,1,RSF,4,200,249,11
rat195_or10,4,31,0,COX,5,250,299,41
rat195_or10,4,31,4,SSVM,4,200,249,8
rat195_or10,4,31,1,RSF,5,250,299,29
rat195_or10,4,31,4,SSVM,5,250,299,29
rat195_or10,4,31,0,COX,6,300,349,38
rat195_or10,4,31,7,ELASTICNET,5,250,299,32
rat195_or10,4,31,0,COX,7,350,399,38
rat195_or10,4,31,2,GBSA,5,250,299,16
rat195_or10,4,31,6,KNN,5,250,299,15
rat195_or10,4,31,5,WEIBULLAFT,5,250,299,35
rat195_or10,4,31,4,SSVM,6,300,349,29
rat195_or10,4,31,7,ELASTICNET,6,300,349,24
rat195_or10,4,31,0,COX,8,400,449,41
rat195_or10,4,31,5,WEIBULLAFT,6,300,349,35
rat195_or10,4,31,1,RSF,6,300,349,29
rat195_or10,4,31,6,KNN,6,300,349,22
rat195_or10,4,31,4,SSVM,7,350,399,34
rat195_or10,4,31,2,GBSA,6,300,349,15
rat195_or10,4,31,7,ELASTICNET,7,350,399,24
rat195_or10,4,31,5,WEIBULLAFT,7,350,399,34
rat195_or10,4,31,4,SSVM,8,400,449,29
rat195_or10,4,31,6,KNN,7,350,399,15
rat195_or10,4,31,5,WEIBULLAFT,8,400,449,32
rat195_or10,4,31,7,ELASTICNET,8,400,449,31
rat195_or10,4,31,8,MTLR,5,250,299,6
rat195_or10,4,31,3,DEEPSURV,5,250,299,20
rat195_or10,4,31,1,RSF,7,350,399,25
rat195_or10,4,31,2,GBSA,7,350,399,25
rat195_or10,4,31,5,WEIBULLAFT,9,450,499,37
rat195_or10,4,31,7,ELASTICNET,9,450,499,32
rat195_or10,4,31,3,DEEPSURV,6,300,349,19
rat195_or10,4,31,5,WEIBULLAFT,10,500,549,32
rat195_or10,4,31,2,GBSA,8,400,449,18
rat195_or10,4,31,7,ELASTICNET,10,500,549,7
rat195_or10,4,31,6,KNN,8,400,449,15
rat195_or10,4,31,8,MTLR,6,300,349,8
rat195_or10,4,31,1,RSF,8,400,449,17
rat195_or10,4,31,5,WEIBULLAFT,11,550,599,31
rat195_or10,4,31,3,DEEPSURV,7,350,399,20
rat195_or10,4,31,2,GBSA,9,450,499,15
rat195_or10,4,31,6,KNN,9,450,499,11
rat195_or10,4,31,5,WEIBULLAFT,12,600,649,4
rat195_or10,4,31,8,MTLR,7,350,399,10
rat195_or10,4,31,3,DEEPSURV,8,400,449,16
rat195_or10,4,31,2,GBSA,10,500,549,13
rat195_or10,4,31,6,KNN,10,500,549,16
rat195_or10,4,31,3,DEEPSURV,9,450,499,17
rat195_or10,4,31,8,MTLR,8,400,449,1
rat195_or10,4,31,2,GBSA,11,550,599,27
rat195_or10,4,31,6,KNN,11,550,599,11
rat195_or10,4,31,3,DEEPSURV,10,500,549,10
rat195_or10,4,31,2,GBSA,12,600,649,20
rat195_or10,4,31,6,KNN,12,600,649,19
rat195_or10,4,31,8,MTLR,9,450,499,2
rat195_or10,4,31,2,GBSA,13,650,699,17
rat195_or10,4,31,3,DEEPSURV,11,550,599,12
rat195_or10,4,31,6,KNN,13,650,699,15
rat195_or10,4,31,2,GBSA,14,700,749,22
rat195_or10,4,31,8,MTLR,10,500,549,1
rat195_or10,4,31,3,DEEPSURV,12,600,649,11
rat195_or10,4,31,6,KNN,14,700,749,13
rat195_or10,4,31,2,GBSA,15,750,799,4
rat195_or10,4,31,3,DEEPSURV,13,650,699,7
rat195_or10,4,31,8,MTLR,11,550,599,2
rat195_or10,4,31,6,KNN,15,750,799,13
rat195_or10,4,31,3,DEEPSURV,14,700,749,7
rat195_or10,4,31,6,KNN,16,800,849,8
rat195_or10,4,31,3,DEEPSURV,15,750,799,4
rat195_or10,4,31,3,DEEPSURV,16,800,849,1
rat195_or10,4,31,3,DEEPSURV,17,850,899,1
rat195_or10,4,31,8,MTLR,16,800,849,1
rat195_or10,4,31,3,DEEPSURV,18,900,949,4
rat195_or10,4,31,3,DEEPSURV,19,950,999,2
rat195_or10,5,41,0,COX,4,200,249,34
rat195_or10,5,41,0,COX,5,250,299,33
rat195_or10,5,41,1,RSF,4,200,249,28
rat195_or10,5,41,0,COX,6,300,349,39
rat195_or10,5,41,0,COX,7,350,399,34
rat195_or10,5,41,1,RSF,5,250,299,31
rat195_or10,5,41,0,COX,8,400,449,35
rat195_or10,5,41,6,KNN,5,250,299,29
rat195_or10,5,41,7,ELASTICNET,5,250,299,6
rat195_or10,5,41,5,WEIBULLAFT,5,250,299,35
rat195_or10,5,41,4,SSVM,5,250,299,14
rat195_or10,5,41,2,GBSA,5,250,299,24
rat195_or10,5,41,0,COX,9,450,499,34
rat195_or10,5,41,6,KNN,6,300,349,32
rat195_or10,5,41,5,WEIBULLAFT,6,300,349,34
rat195_or10,5,41,1,RSF,6,300,349,30
rat195_or10,5,41,0,COX,10,500,549,33
rat195_or10,5,41,2,GBSA,6,300,349,30
rat195_or10,5,41,4,SSVM,6,300,349,24
rat195_or10,5,41,6,KNN,7,350,399,35
rat195_or10,5,41,5,WEIBULLAFT,7,350,399,37
rat195_or10,5,41,0,COX,11,550,599,34
rat195_or10,5,41,7,ELASTICNET,6,300,349,6
rat195_or10,5,41,6,KNN,8,400,449,34
rat195_or10,5,41,2,GBSA,7,350,399,36
rat195_or10,5,41,5,WEIBULLAFT,8,400,449,38
rat195_or10,5,41,0,COX,12,600,649,28
rat195_or10,5,41,1,RSF,7,350,399,29
rat195_or10,5,41,8,MTLR,5,250,299,8
rat195_or10,5,41,4,SSVM,7,350,399,15
rat195_or10,5,41,2,GBSA,8,400,449,29
rat195_or10,5,41,6,KNN,9,450,499,35
rat195_or10,5,41,5,WEIBULLAFT,9,450,499,32
rat195_or10,5,41,0,COX,13,650,699,29
rat195_or10,5,41,6,KNN,10,500,549,32
rat195_or10,5,41,2,GBSA,9,450,499,31
rat195_or10,5,41,5,WEIBULLAFT,10,500,549,33
rat195_or10,5,41,3,DEEPSURV,5,250,299,1
rat195_or10,5,41,0,COX,14,700,749,18
rat195_or10,5,41,4,SSVM,8,400,449,10
rat195_or10,5,41,1,RSF,8,400,449,30
rat195_or10,5,41,6,KNN,11,550,599,10
rat195_or10,5,41,2,GBSA,10,500,549,34
rat195_or10,5,41,5,WEIBULLAFT,11,550,599,39
rat195_or10,5,41,8,MTLR,6,300,349,11
rat195_or10,5,41,7,ELASTICNET,7,350,399,3
rat195_or10,5,41,3,DEEPSURV,6,300,349,2
rat195_or10,5,41,5,WEIBULLAFT,12,600,649,39
rat195_or10,5,41,2,GBSA,11,550,599,32
rat195_or10,5,41,1,RSF,9,450,499,31
rat195_or10,5,41,5,WEIBULLAFT,13,650,699,39
rat195_or10,5,41,7,ELASTICNET,8,400,449,6
rat195_or10,5,41,8,MTLR,7,350,399,17
rat195_or10,5,41,2,GBSA,12,600,649,34
rat195_or10,5,41,4,SSVM,9,450,499,9
rat195_or10,5,41,5,WEIBULLAFT,14,700,749,29
rat195_or10,5,41,2,GBSA,13,650,699,37
rat195_or10,5,41,1,RSF,10,500,549,33
rat195_or10,5,41,5,WEIBULLAFT,15,750,799,32
rat195_or10,5,41,8,MTLR,8,400,449,18
rat195_or10,5,41,2,GBSA,14,700,749,31
rat195_or10,5,41,7,ELASTICNET,9,450,499,6
rat195_or10,5,41,4,SSVM,10,500,549,10
rat195_or10,5,41,2,GBSA,15,750,799,12
rat195_or10,5,41,5,WEIBULLAFT,16,800,849,26
rat195_or10,5,41,3,DEEPSURV,8,400,449,2
rat195_or10,5,41,8,MTLR,9,450,499,14
rat195_or10,5,41,1,RSF,11,550,599,30
rat195_or10,5,41,5,WEIBULLAFT,17,850,899,29
rat195_or10,5,41,4,SSVM,11,550,599,13
rat195_or10,5,41,7,ELASTICNET,10,500,549,4
rat195_or10,5,41,8,MTLR,10,500,549,4
rat195_or10,5,41,5,WEIBULLAFT,18,900,949,22
rat195_or10,5,41,1,RSF,12,600,649,37
rat195_or10,5,41,3,DEEPSURV,9,450,499,2
rat195_or10,5,41,7,ELASTICNET,11,550,599,3
rat195_or10,5,41,5,WEIBULLAFT,19,950,999,27
rat195_or10,5,41,1,RSF,13,650,699,40
rat195_or10,5,41,3,DEEPSURV,10,500,549,6
rat195_or10,5,41,1,RSF,14,700,749,18
rat195_or10,5,41,7,ELASTICNET,12,600,649,6
rat195_or10,5,41,3,DEEPSURV,11,550,599,3
rat195_or10,5,41,7,ELASTICNET,13,650,699,5
rat195_or10,5,41,7,ELASTICNET,14,700,749,5
rat195_or10,5,41,7,ELASTICNET,15,750,799,4
rat195_or10,5,41,3,DEEPSURV,13,650,699,1
rat195_or10,5,41,7,ELASTICNET,16,800,849,2
rat195_or10,5,41,7,ELASTICNET,17,850,899,4
rat195_or10,5,41,7,ELASTICNET,18,900,949,4
rat195_or10,5,41,3,DEEPSURV,17,850,899,3
rat195_or10,5,41,3,DEEPSURV,18,900,949,1
rat195_or10,5,41,3,DEEPSURV,19,950,999,1
rat195_or10,6,51,6,KNN,4,200,249,31
rat195_or10,6,51,4,SSVM,4,200,249,35
rat195_or10,6,51,6,KNN,5,250,299,28
rat195_or10,6,51,4,SSVM,5,250,299,37
rat195_or10,6,51,4,SSVM,6,300,349,43
rat195_or10,6,51,0,COX,5,250,299,40
rat195_or10,6,51,6,KNN,6,300,349,25
rat195_or10,6,51,4,SSVM,7,350,399,39
rat195_or10,6,51,0,COX,6,300,349,43
rat195_or10,6,51,5,WEIBULLAFT,4,200,249,5
rat195_or10,6,51,0,COX,7,350,399,31
rat195_or10,6,51,4,SSVM,8,400,449,42
rat195_or10,6,51,7,ELASTICNET,5,250,299,14
rat195_or10,6,51,5,WEIBULLAFT,5,250,299,25
rat195_or10,6,51,4,SSVM,9,450,499,35
rat195_or10,6,51,2,GBSA,5,250,299,17
rat195_or10,6,51,1,RSF,5,250,299,23
rat195_or10,6,51,6,KNN,7,350,399,24
rat195_or10,6,51,0,COX,8,400,449,37
rat195_or10,6,51,4,SSVM,10,500,549,40
rat195_or10,6,51,5,WEIBULLAFT,6,300,349,27
rat195_or10,6,51,4,SSVM,11,550,599,37
rat195_or10,6,51,7,ELASTICNET,6,300,349,15
rat195_or10,6,51,6,KNN,8,400,449,26
rat195_or10,6,51,2,GBSA,6,300,349,17
rat195_or10,6,51,4,SSVM,12,600,649,43
rat195_or10,6,51,5,WEIBULLAFT,7,350,399,29
rat195_or10,6,51,1,RSF,6,300,349,27
rat195_or10,6,51,4,SSVM,13,650,699,45
rat195_or10,6,51,4,SSVM,14,700,749,43
rat195_or10,6,51,6,KNN,9,450,499,27
rat195_or10,6,51,3,DEEPSURV,5,250,299,15
rat195_or10,6,51,4,SSVM,15,750,799,24
rat195_or10,6,51,5,WEIBULLAFT,8,400,449,22
rat195_or10,6,51,2,GBSA,7,350,399,16
rat195_or10,6,51,8,MTLR,5,250,299,1
rat195_or10,6,51,6,KNN,10,500,549,26
rat195_or10,6,51,7,ELASTICNET,7,350,399,6
rat195_or10,6,51,1,RSF,7,350,399,15
rat195_or10,6,51,3,DEEPSURV,6,300,349,21
rat195_or10,6,51,5,WEIBULLAFT,9,450,499,21
rat195_or10,6,51,2,GBSA,8,400,449,17
rat195_or10,6,51,7,ELASTICNET,8,400,449,8
rat195_or10,6,51,6,KNN,11,550,599,25
rat195_or10,6,51,8,MTLR,6,300,349,1
rat195_or10,6,51,3,DEEPSURV,7,350,399,22
rat195_or10,6,51,6,KNN,12,600,649,29
rat195_or10,6,51,1,RSF,8,400,449,28
rat195_or10,6,51,2,GBSA,9,450,499,14
rat195_or10,6,51,7,ELASTICNET,9,450,499,11
rat195_or10,6,51,3,DEEPSURV,8,400,449,15
rat195_or10,6,51,6,KNN,13,650,699,26
rat195_or10,6,51,2,GBSA,10,500,549,25
rat195_or10,6,51,6,KNN,14,700,749,24
rat195_or10,6,51,1,RSF,9,450,499,26
rat195_or10,6,51,8,MTLR,7,350,399,1
rat195_or10,6,51,3,DEEPSURV,9,450,499,16
rat195_or10,6,51,7,ELASTICNET,10,500,549,11
rat195_or10,6,51,2,GBSA,11,550,599,17
rat195_or10,6,51,6,KNN,15,750,799,26
rat195_or10,6,51,3,DEEPSURV,10,500,549,22
rat195_or10,6,51,1,RSF,10,500,549,32
rat195_or10,6,51,7,ELASTICNET,11,550,599,12
rat195_or10,6,51,6,KNN,16,800,849,29
rat195_or10,6,51,2,GBSA,12,600,649,14
rat195_or10,6,51,3,DEEPSURV,11,550,599,16
rat195_or10,6,51,6,KNN,17,850,899,27
rat195_or10,6,51,1,RSF,11,550,599,31
rat195_or10,6,51,7,ELASTICNET,12,600,649,16
rat195_or10,6,51,8,MTLR,9,450,499,1
rat195_or10,6,51,2,GBSA,13,650,699,16
rat195_or10,6,51,6,KNN,18,900,949,30
rat195_or10,6,51,3,DEEPSURV,12,600,649,21
rat195_or10,6,51,1,RSF,12,600,649,35
rat195_or10,6,51,6,KNN,19,950,999,29
rat195_or10,6,51,2,GBSA,14,700,749,8
rat195_or10,6,51,7,ELASTICNET,13,650,699,6
rat195_or10,6,51,3,DEEPSURV,13,650,699,14
rat195_or10,6,51,1,RSF,13,650,699,32
rat195_or10,6,51,3,DEEPSURV,14,700,749,15
rat195_or10,6,51,8,MTLR,10,500,549,1
rat195_or10,6,51,1,RSF,14,700,749,34
rat195_or10,6,51,8,MTLR,11,550,599,2
rat195_or10,6,51,3,DEEPSURV,15,750,799,25
rat195_or10,6,51,1,RSF,15,750,799,37
rat195_or10,6,51,3,DEEPSURV,16,800,849,20
rat195_or10,6,51,1,RSF,16,800,849,8
rat195_or10,6,51,3,DEEPSURV,17,850,899,23
rat195_or10,6,51,3,DEEPSURV,18,900,949,18
rat195_or10,6,51,8,MTLR,13,650,699,2
rat195_or10,6,51,3,DEEPSURV,19,950,999,18
rat195_or10,6,51,8,MTLR,14,700,749,1
rat195_or10,6,51,8,MTLR,16,800,849,1
rat195_or10,6,51,8,MTLR,18,900,949,1
rat195_or10,7,61,0,COX,5,250,299,42
rat195_or10,7,61,0,COX,6,300,349,45
rat195_or10,7,61,6,KNN,4,200,249,1
rat195_or10,7,61,4,SSVM,5,250,299,37
rat195_or10,7,61,7,ELASTICNET,5,250,299,20
rat195_or10,7,61,0,COX,7,350,399,41
rat195_or10,7,61,6,KNN,5,250,299,22
rat195_or10,7,61,1,RSF,5,250,299,12
rat195_or10,7,61,2,GBSA,5,250,299,21
rat195_or10,7,61,0,COX,8,400,449,39
rat195_or10,7,61,4,SSVM,6,300,349,41
rat195_or10,7,61,5,WEIBULLAFT,5,250,299,34
rat195_or10,7,61,4,SSVM,7,350,399,33
rat195_or10,7,61,7,ELASTICNET,6,300,349,21
rat195_or10,7,61,5,WEIBULLAFT,6,300,349,35
rat195_or10,7,61,6,KNN,6,300,349,15
rat195_or10,7,61,2,GBSA,6,300,349,30
rat195_or10,7,61,4,SSVM,8,400,449,41
rat195_or10,7,61,5,WEIBULLAFT,7,350,399,34
rat195_or10,7,61,2,GBSA,7,350,399,22
rat195_or10,7,61,7,ELASTICNET,7,350,399,19
rat195_or10,7,61,3,DEEPSURV,5,250,299,7
rat195_or10,7,61,8,MTLR,5,250,299,1
rat195_or10,7,61,,,0,0,49,1
rat195_or10,7,61,1,RSF,6,300,349,9
rat195_or10,7,61,5,WEIBULLAFT,8,400,449,33
rat195_or10,7,61,6,KNN,7,350,399,19
rat195_or10,7,61,2,GBSA,8,400,449,26
rat195_or10,7,61,7,ELASTICNET,8,400,449,19
rat195_or10,7,61,6,KNN,8,400,449,24
rat195_or10,7,61,3,DEEPSURV,6,300,349,7
rat195_or10,7,61,2,GBSA,9,450,499,25
rat195_or10,7,61,1,RSF,7,350,399,10
rat195_or10,7,61,7,ELASTICNET,9,450,499,22
rat195_or10,7,61,6,KNN,9,450,499,21
rat195_or10,7,61,2,GBSA,10,500,549,24
rat195_or10,7,61,3,DEEPSURV,7,350,399,4
rat195_or10,7,61,7,ELASTICNET,10,500,549,16
rat195_or10,7,61,2,GBSA,11,550,599,24
rat195_or10,7,61,7,ELASTICNET,11,550,599,13
rat195_or10,7,61,2,GBSA,12,600,649,24
rat195_or10,7,61,1,RSF,8,400,449,11
rat195_or10,7,61,3,DEEPSURV,8,400,449,5
rat195_or10,7,61,2,GBSA,13,650,699,4
rat195_or10,7,61,7,ELASTICNET,12,600,649,16
rat195_or10,7,61,1,RSF,9,450,499,12
rat195_or10,7,61,7,ELASTICNET,13,650,699,13
rat195_or10,7,61,3,DEEPSURV,9,450,499,5
rat195_or10,7,61,8,MTLR,9,450,499,1
rat195_or10,7,61,3,DEEPSURV,10,500,549,1
rat195_or10,7,61,7,ELASTICNET,14,700,749,6
rat195_or10,7,61,1,RSF,10,500,549,11
rat195_or10,7,61,8,MTLR,10,500,549,3
rat195_or10,7,61,7,ELASTICNET,15,750,799,11
rat195_or10,7,61,3,DEEPSURV,11,550,599,5
rat195_or10,7,61,1,RSF,11,550,599,5
rat195_or10,7,61,7,ELASTICNET,16,800,849,14
rat195_or10,7,61,8,MTLR,11,550,599,4
rat195_or10,7,61,3,DEEPSURV,12,600,649,4
rat195_or10,7,61,7,ELASTICNET,17,850,899,10
rat195_or10,7,61,3,DEEPSURV,13,650,699,5
rat195_or10,7,61,7,ELASTICNET,18,900,949,11
rat195_or10,7,61,8,MTLR,13,650,699,1
rat195_or10,7,61,3,DEEPSURV,14,700,749,3
rat195_or10,7,61,8,MTLR,14,700,749,1
rat195_or10,7,61,3,DEEPSURV,15,750,799,6
rat195_or10,7,61,8,MTLR,15,750,799,2
rat195_or10,7,61,3,DEEPSURV,16,800,849,3
rat195_or10,7,61,3,DEEPSURV,17,850,899,3
rat195_or10,7,61,8,MTLR,17,850,899,1
rat195_or10,7,61,3,DEEPSURV,18,900,949,4
rat195_or10,7,61,3,DEEPSURV,19,950,999,8
rat195_or10,7,61,8,MTLR,18,900,949,1
rat195_or10,7,61,8,MTLR,19,950,999,2
rat195_or10,8,71,4,SSVM,4,200,249,28
rat195_or10,8,71,2,GBSA,4,200,249,8
rat195_or10,8,71,4,SSVM,5,250,299,32
rat195_or10,8,71,0,COX,5,250,299,48
rat195_or10,8,71,0,COX,6,300,349,43
rat195_or10,8,71,4,SSVM,6,300,349,30
rat195_or10,8,71,0,COX,7,350,399,38
rat195_or10,8,71,2,GBSA,5,250,299,12
rat195_or10,8,71,7,ELASTICNET,5,250,299,10
rat195_or10,8,71,6,KNN,5,250,299,24
rat195_or10,8,71,0,COX,8,400,449,38
rat195_or10,8,71,4,SSVM,7,350,399,26
rat195_or10,8,71,5,WEIBULLAFT,5,250,299,41
rat195_or10,8,71,5,WEIBULLAFT,6,300,349,34
rat195_or10,8,71,6,KNN,6,300,349,23
rat195_or10,8,71,2,GBSA,6,300,349,15
rat195_or10,8,71,4,SSVM,8,400,449,21
rat195_or10,8,71,7,ELASTICNET,6,300,349,6
rat195_or10,8,71,5,WEIBULLAFT,7,350,399,39
rat195_or10,8,71,6,KNN,7,350,399,32
rat195_or10,8,71,5,WEIBULLAFT,8,400,449,40
rat195_or10,8,71,8,MTLR,5,250,299,7
rat195_or10,8,71,4,SSVM,9,450,499,27
rat195_or10,8,71,6,KNN,8,400,449,22
rat195_or10,8,71,2,GBSA,7,350,399,15
rat195_or10,8,71,3,DEEPSURV,5,250,299,10
rat195_or10,8,71,4,SSVM,10,500,549,18
rat195_or10,8,71,7,ELASTICNET,7,350,399,7
rat195_or10,8,71,6,KNN,9,450,499,26
rat195_or10,8,71,3,DEEPSURV,6,300,349,5
rat195_or10,8,71,2,GBSA,8,400,449,19
rat195_or10,8,71,8,MTLR,6,300,349,6
rat195_or10,8,71,4,SSVM,11,550,599,21
rat195_or10,8,71,7,ELASTICNET,8,400,449,9
rat195_or10,8,71,6,KNN,10,500,549,21
rat195_or10,8,71,2,GBSA,9,450,499,18
rat195_or10,8,71,4,SSVM,12,600,649,21
rat195_or10,8,71,3,DEEPSURV,7,350,399,5
rat195_or10,8,71,8,MTLR,7,350,399,12
rat195_or10,8,71,7,ELASTICNET,9,450,499,9
rat195_or10,8,71,2,GBSA,10,500,549,23
rat195_or10,8,71,4,SSVM,13,650,699,16
rat195_or10,8,71,8,MTLR,8,400,449,9
rat195_or10,8,71,3,DEEPSURV,8,400,449,5
rat195_or10,8,71,2,GBSA,11,550,599,26
rat195_or10,8,71,4,SSVM,14,700,749,17
rat195_or10,8,71,7,ELASTICNET,10,500,549,8
rat195_or10,8,71,2,GBSA,12,600,649,24
rat195_or10,8,71,8,MTLR,9,450,499,7
rat195_or10,8,71,4,SSVM,15,750,799,14
rat195_or10,8,71,2,GBSA,13,650,699,30
rat195_or10,8,71,3,DEEPSURV,9,450,499,2
rat195_or10,8,71,7,ELASTICNET,11,550,599,4
rat195_or10,8,71,2,GBSA,14,700,749,18
rat195_or10,8,71,8,MTLR,10,500,549,14
rat195_or10,8,71,4,SSVM,16,800,849,10
rat195_or10,8,71,3,DEEPSURV,10,500,549,1
rat195_or10,8,71,7,ELASTICNET,12,600,649,2
rat195_or10,8,71,2,GBSA,15,750,799,4
rat195_or10,8,71,8,MTLR,11,550,599,9
rat195_or10,8,71,4,SSVM,17,850,899,10
rat195_or10,8,71,7,ELASTICNET,13,650,699,5
rat195_or10,8,71,4,SSVM,18,900,949,15
rat195_or10,8,71,3,DEEPSURV,11,550,599,1
rat195_or10,8,71,3,DEEPSURV,12,600,649,6
rat195_or10,8,71,4,SSVM,19,950,999,11
rat195_or10,8,71,7,ELASTICNET,14,700,749,5
rat195_or10,8,71,7,ELASTICNET,15,750,799,7
rat195_or10,8,71,7,ELASTICNET,16,800,849,8
rat195_or10,8,71,3,DEEPSURV,14,700,749,2
rat195_or10,8,71,3,DEEPSURV,15,750,799,3
rat195_or10,8,71,7,ELASTICNET,17,850,899,9
rat195_or10,8,71,7,ELASTICNET,18,900,949,7
rat195_or10,8,71,3,DEEPSURV,16,800,849,2
rat195_or10,8,71,3,DEEPSURV,17,850,899,5
rat195_or10,8,71,7,ELASTICNET,19,950,999,6
rat195_or10,8,71,3,DEEPSURV,18,900,949,5
rat195_or10,8,71,3,DEEPSURV,19,950,999,7
rat195_or10,9,81,0,COX,4,200,249,39
rat195_or10,9,81,0,COX,5,250,299,38
rat195_or10,9,81,0,COX,6,300,349,39
rat195_or10,9,81,0,COX,7,350,399,33
rat195_or10,9,81,5,WEIBULLAFT,4,200,249,13
rat195_or10,9,81,0,COX,8,400,449,36
rat195_or10,9,81,4,SSVM,4,200,249,5
rat195_or10,9,81,4,SSVM,5,250,299,37
rat195_or10,9,81,0,COX,9,450,499,36
rat195_or10,9,81,5,WEIBULLAFT,5,250,299,24
rat195_or10,9,81,6,KNN,5,250,299,3
rat195_or10,9,81,1,RSF,5,250,299,27
rat195_or10,9,81,7,ELASTICNET,5,250,299,17
rat195_or10,9,81,4,SSVM,6,300,349,37
rat195_or10,9,81,0,COX,10,500,549,37
rat195_or10,9,81,4,SSVM,7,350,399,28
rat195_or10,9,81,0,COX,11,550,599,23
rat195_or10,9,81,5,WEIBULLAFT,6,300,349,27
rat195_or10,9,81,7,ELASTICNET,6,300,349,35
rat195_or10,9,81,1,RSF,6,300,349,32
rat195_or10,9,81,4,SSVM,8,400,449,28
rat195_or10,9,81,7,ELASTICNET,7,350,399,26
rat195_or10,9,81,5,WEIBULLAFT,7,350,399,28
rat195_or10,9,81,3,DEEPSURV,5,250,299,33
rat195_or10,9,81,6,KNN,6,300,349,3
rat195_or10,9,81,8,MTLR,5,250,299,15
rat195_or10,9,81,7,ELASTICNET,8,400,449,28
rat195_or10,9,81,3,DEEPSURV,6,300,349,32
rat195_or10,9,81,1,RSF,7,350,399,29
rat195_or10,9,81,5,WEIBULLAFT,8,400,449,30
rat195_or10,9,81,2,GBSA,6,300,349,1
rat195_or10,9,81,3,DEEPSURV,7,350,399,32
rat195_or10,9,81,7,ELASTICNET,9,450,499,29
rat195_or10,9,81,8,MTLR,6,300,349,19
rat195_or10,9,81,5,WEIBULLAFT,9,450,499,28
rat195_or10,9,81,3,DEEPSURV,8,400,449,36
rat195_or10,9,81,6,KNN,7,350,399,1
rat195_or10,9,81,7,ELASTICNET,10,500,549,3
rat195_or10,9,81,1,RSF,8,400,449,21
rat195_or10,9,81,5,WEIBULLAFT,10,500,549,28
rat195_or10,9,81,3,DEEPSURV,9,450,499,7
rat195_or10,9,81,8,MTLR,7,350,399,20
rat195_or10,9,81,5,WEIBULLAFT,11,550,599,25
rat195_or10,9,81,6,KNN,8,400,449,3
rat195_or10,9,81,8,MTLR,8,400,449,23
rat195_or10,9,81,1,RSF,9,450,499,27
rat195_or10,9,81,5,WEIBULLAFT,12,600,649,24
rat195_or10,9,81,8,MTLR,9,450,499,9
rat195_or10,9,81,5,WEIBULLAFT,13,650,699,31
rat195_or10,9,81,1,RSF,10,500,549,25
rat195_or10,9,81,5,WEIBULLAFT,14,700,749,37
rat195_or10,9,81,6,KNN,9,450,499,1
rat195_or10,9,81,2,GBSA,9,450,499,2
rat195_or10,9,81,5,WEIBULLAFT,15,750,799,35
rat195_or10,9,81,6,KNN,10,500,549,2
rat195_or10,9,81,1,RSF,11,550,599,26
rat195_or10,9,81,2,GBSA,10,500,549,2
rat195_or10,9,81,5,WEIBULLAFT,16,800,849,35
rat195_or10,9,81,5,WEIBULLAFT,17,850,899,32
rat195_or10,9,81,1,RSF,12,600,649,29
rat195_or10,9,81,5,WEIBULLAFT,18,900,949,17
rat195_or10,9,81,1,RSF,13,650,699,26
rat195_or10,9,81,6,KNN,11,550,599,1
rat195_or10,9,81,6,KNN,12,600,649,2
rat195_or10,9,81,1,RSF,14,700,749,24
rat195_or10,9,81,6,KNN,13,650,699,5
rat195_or10,9,81,1,RSF,15,750,799,28
rat195_or10,9,81,2,GBSA,13,650,699,1
rat195_or10,9,81,1,RSF,16,800,849,21
rat195_or10,9,81,6,KNN,14,700,749,2
rat195_or10,9,81,2,GBSA,14,700,749,1
rat195_or10,9,81,6,KNN,15,750,799,1
rat195_or10,9,81,1,RSF,17,850,899,30
rat195_or10,9,81,1,RSF,18,900,949,30
rat195_or10,9,81,2,GBSA,15,750,799,1
rat195_or10,9,81,1,RSF,19,950,999,30
rat195_or10,9,81,2,GBSA,17,850,899,1
rat195_or10,9,81,2,GBSA,18,900,949,2
rat195_or10,9,81,2,GBSA,19,950,999,1
lin318_or30,10,91,2,GBSA,4,200,249,27
lin318_or30,10,91,4,SSVM,4,200,249,13
lin318_or30,10,91,0,COX,5,250,299,48
lin318_or30,10,91,0,COX,6,300,349,45
lin318_or30,10,91,4,SSVM,5,250,299,33
lin318_or30,10,91,6,KNN,4,200,249,6
lin318_or30,10,91,2,GBSA,5,250,299,20
lin318_or30,10,91,0,COX,7,350,399,45
lin318_or30,10,91,6,KNN,5,250,299,38
lin318_or30,10,91,0,COX,8,400,449,39
lin318_or30,10,91,6,KNN,6,300,349,35
lin318_or30,10,91,7,ELASTICNET,5,250,299,28
lin318_or30,10,91,4,SSVM,6,300,349,24
lin318_or30,10,91,1,RSF,5,250,299,8
lin318_or30,10,91,5,WEIBULLAFT,5,250,299,42
lin318_or30,10,91,6,KNN,7,350,399,32
lin318_or30,10,91,2,GBSA,6,300,349,19
lin318_or30,10,91,5,WEIBULLAFT,6,300,349,37
lin318_or30,10,91,7,ELASTICNET,6,300,349,24
lin318_or30,10,91,4,SSVM,7,350,399,27
lin318_or30,10,91,6,KNN,8,400,449,26
lin318_or30,10,91,5,WEIBULLAFT,7,350,399,37
lin318_or30,10,91,2,GBSA,7,350,399,28
lin318_or30,10,91,7,ELASTICNET,7,350,399,24
lin318_or30,10,91,5,WEIBULLAFT,8,400,449,38
lin318_or30,10,91,4,SSVM,8,400,449,15
lin318_or30,10,91,6,KNN,9,450,499,32
lin318_or30,10,91,2,GBSA,8,400,449,31
lin318_or30,10,91,8,MTLR,5,250,299,13
lin318_or30,10,91,1,RSF,6,300,349,13
lin318_or30,10,91,3,DEEPSURV,5,250,299,19
lin318_or30,10,91,7,ELASTICNET,8,400,449,29
lin318_or30,10,91,7,ELASTICNET,9,450,499,32
lin318_or30,10,91,3,DEEPSURV,6,300,349,11
lin318_or30,10,91,8,MTLR,6,300,349,15
lin318_or30,10,91,7,ELASTICNET,10,500,549,32
lin318_or30,10,91,7,ELASTICNET,11,550,599,31
lin318_or30,10,91,1,RSF,7,350,399,18
lin318_or30,10,91,8,MTLR,7,350,399,9
lin318_or30,10,91,3,DEEPSURV,7,350,399,17
lin318_or30,10,91,7,ELASTICNET,12,600,649,9
lin318_or30,10,91,,,0,0,49,1
lin318_or30,10,91,1,RSF,8,400,449,17
lin318_or30,10,91,3,DEEPSURV,8,400,449,8
lin318_or30,10,91,8,MTLR,8,400,449,15
lin318_or30,10,91,3,DEEPSURV,9,450,499,14
lin318_or30,10,91,8,MTLR,9,450,499,9
lin318_or30,10,91,1,RSF,9,450,499,6
lin318_or30,10,91,3,DEEPSURV,10,500,549,8
lin318_or30,10,91,8,MTLR,10,500,549,7
lin318_or30,10,91,8,MTLR,11,550,599,10
lin318_or30,10,91,8,MTLR,12,600,649,11
lin318_or30,1,1,2,GBSA,4,200,249,33
lin318_or30,1,1,0,COX,4,200,249,12
lin318_or30,1,1,0,COX,5,250,299,36
lin318_or30,1,1,6,KNN,4,200,249,9
lin318_or30,1,1,2,GBSA,5,250,299,33
lin318_or30,1,1,0,COX,6,300,349,48
lin318_or30,1,1,0,COX,7,350,399,42
lin318_or30,1,1,0,COX,8,400,449,45
lin318_or30,1,1,6,KNN,5,250,299,17
lin318_or30,1,1,0,COX,9,450,499,39
lin318_or30,1,1,4,SSVM,5,250,299,41
lin318_or30,1,1,2,GBSA,6,300,349,31
lin318_or30,1,1,7,ELASTICNET,5,250,299,5
lin318_or30,1,1,5,WEIBULLAFT,5,250,299,31
lin318_or30,1,1,4,SSVM,6,300,349,48
lin318_or30,1,1,4,SSVM,7,350,399,45
lin318_or30,1,1,4,SSVM,8,400,449,40
lin318_or30,1,1,2,GBSA,7,350,399,34
lin318_or30,1,1,5,WEIBULLAFT,6,300,349,36
lin318_or30,1,1,6,KNN,6,300,349,17
lin318_or30,1,1,7,ELASTICNET,6,300,349,6
lin318_or30,1,1,5,WEIBULLAFT,7,350,399,35
lin318_or30,1,1,5,WEIBULLAFT,8,400,449,38
lin318_or30,1,1,6,KNN,7,350,399,18
lin318_or30,1,1,3,DEEPSURV,5,250,299,29
lin318_or30,1,1,8,MTLR,5,250,299,23
lin318_or30,1,1,3,DEEPSURV,6,300,349,37
lin318_or30,1,1,6,KNN,8,400,449,18
lin318_or30,1,1,8,MTLR,6,300,349,23
lin318_or30,1,1,3,DEEPSURV,7,350,399,25
lin318_or30,1,1,7,ELASTICNET,7,350,399,5
lin318_or30,1,1,1,RSF,6,300,349,1
lin318_or30,1,1,7,ELASTICNET,8,400,449,14
lin318_or30,1,1,6,KNN,9,450,499,14
lin318_or30,1,1,8,MTLR,7,350,399,26
lin318_or30,1,1,3,DEEPSURV,8,400,449,32
lin318_or30,1,1,8,MTLR,8,400,449,26
lin318_or30,1,1,6,KNN,10,500,549,11
lin318_or30,1,1,7,ELASTICNET,9,450,499,10
lin318_or30,1,1,8,MTLR,9,450,499,31
lin318_or30,1,1,1,RSF,7,350,399,3
lin318_or30,1,1,8,MTLR,10,500,549,26
lin318_or30,1,1,7,ELASTICNET,10,500,549,13
lin318_or30,1,1,6,KNN,11,550,599,4
lin318_or30,1,1,8,MTLR,11,550,599,23
lin318_or30,1,1,7,ELASTICNET,11,550,599,10
lin318_or30,1,1,8,MTLR,12,600,649,2
lin318_or30,1,1,7,ELASTICNET,12,600,649,20
lin318_or30,1,1,7,ELASTICNET,13,650,699,10
lin318_or30,2,11,7,ELASTICNET,4,200,249,33
lin318_or30,2,11,7,ELASTICNET,5,250,299,28
lin318_or30,2,11,5,WEIBULLAFT,4,200,249,4
lin318_or30,2,11,7,ELASTICNET,6,300,349,24
lin318_or30,2,11,0,COX,5,250,299,6
lin318_or30,2,11,4,SSVM,5,250,299,18
lin318_or30,2,11,6,KNN,5,250,299,38
lin318_or30,2,11,1,RSF,5,250,299,18
lin318_or30,2,11,2,GBSA,5,250,299,24
lin318_or30,2,11,6,KNN,6,300,349,42
lin318_or30,2,11,7,ELASTICNET,7,350,399,30
lin318_or30,2,11,5,WEIBULLAFT,5,250,299,3
lin318_or30,2,11,6,KNN,7,350,399,38
lin318_or30,2,11,0,COX,6,300,349,7
lin318_or30,2,11,7,ELASTICNET,8,400,449,25
lin318_or30,2,11,2,GBSA,6,300,349,26
lin318_or30,2,11,6,KNN,8,400,449,37
lin318_or30,2,11,4,SSVM,6,300,349,24
lin318_or30,2,11,8,MTLR,4,200,249,7
lin318_or30,2,11,1,RSF,6,300,349,25
lin318_or30,2,11,7,ELASTICNET,9,450,499,10
lin318_or30,2,11,2,GBSA,7,350,399,14
lin318_or30,2,11,4,SSVM,7,350,399,32
lin318_or30,2,11,5,WEIBULLAFT,6,300,349,12
lin318_or30,2,11,3,DEEPSURV,5,250,299,29
lin318_or30,2,11,0,COX,7,350,399,3
lin318_or30,2,11,8,MTLR,5,250,299,27
lin318_or30,2,11,4,SSVM,8,400,449,32
lin318_or30,2,11,3,DEEPSURV,6,300,349,31
lin318_or30,2,11,8,MTLR,6,300,349,18
lin318_or30,2,11,2,GBSA,8,400,449,17
lin318_or30,2,11,5,WEIBULLAFT,7,350,399,21
lin318_or30,2,11,1,RSF,7,350,399,24
lin318_or30,2,11,3,DEEPSURV,7,350,399,28
lin318_or30,2,11,0,COX,8,400,449,2
lin318_or30,2,11,2,GBSA,9,450,499,22
lin318_or30,2,11,8,MTLR,7,350,399,25
lin318_or30,2,11,3,DEEPSURV,8,400,449,27
lin318_or30,2,11,,,0,0,49,1
lin318_or30,2,11,1,RSF,8,400,449,27
lin318_or30,2,11,8,MTLR,8,400,449,10
lin318_or30,2,11,0,COX,9,450,499,4
lin318_or30,2,11,1,RSF,9,450,499,27
lin318_or30,2,11,0,COX,10,500,549,1
lin318_or30,2,11,1,RSF,10,500,549,28
lin318_or30,2,11,0,COX,11,550,599,1
lin318_or30,2,11,1,RSF,11,550,599,18
lin318_or30,3,21,1,RSF,4,200,249,17
lin318_or30,3,21,7,ELASTICNET,4,200,249,20
lin318_or30,3,21,7,ELASTICNET,5,250,299,36
lin318_or30,3,21,4,SSVM,4,200,249,8
lin318_or30,3,21,4,SSVM,5,250,299,31
lin318_or30,3,21,7,ELASTICNET,6,300,349,37
lin318_or30,3,21,6,KNN,4,200,249,2
lin318_or30,3,21,6,KNN,5,250,299,19
lin318_or30,3,21,5,WEIBULLAFT,5,250,299,32
lin318_or30,3,21,7,ELASTICNET,7,350,399,32
lin318_or30,3,21,1,RSF,5,250,299,24
lin318_or30,3,21,4,SSVM,6,300,349,36
lin318_or30,3,21,2,GBSA,5,250,299,20
lin318_or30,3,21,4,SSVM,7,350,399,38
lin318_or30,3,21,7,ELASTICNET,8,400,449,31
lin318_or30,3,21,5,WEIBULLAFT,6,300,349,32
lin318_or30,3,21,6,KNN,6,300,349,10
lin318_or30,3,21,0,COX,5,250,299,1
lin318_or30,3,21,4,SSVM,8,400,449,27
lin318_or30,3,21,2,GBSA,6,300,349,22
lin318_or30,3,21,7,ELASTICNET,9,450,499,33
lin318_or30,3,21,5,WEIBULLAFT,7,350,399,37
lin318_or30,3,21,1,RSF,6,300,349,19
lin318_or30,3,21,7,ELASTICNET,10,500,549,33
lin318_or30,3,21,5,WEIBULLAFT,8,400,449,38
lin318_or30,3,21,2,GBSA,7,350,399,24
lin318_or30,3,21,6,KNN,7,350,399,20
lin318_or30,3,21,8,MTLR,5,250,299,14
lin318_or30,3,21,7,ELASTICNET,11,550,599,38
lin318_or30,3,21,7,ELASTICNET,12,600,649,29
lin318_or30,3,21,0,COX,7,350,399,2
lin318_or30,3,21,2,GBSA,8,400,449,22
lin318_or30,3,21,6,KNN,8,400,449,24
lin318_or30,3,21,1,RSF,7,350,399,21
lin318_or30,3,21,8,MTLR,6,300,349,11
lin318_or30,3,21,3,DEEPSURV,5,250,299,1
lin318_or30,3,21,7,ELASTICNET,13,650,699,29
lin318_or30,3,21,2,GBSA,9,450,499,10
lin318_or30,3,21,7,ELASTICNET,14,700,749,38
lin318_or30,3,21,3,DEEPSURV,6,300,349,2
lin318_or30,3,21,7,ELASTICNET,15,750,799,38
lin318_or30,3,21,8,MTLR,7,350,399,15
lin318_or30,3,21,7,ELASTICNET,16,800,849,15
lin318_or30,3,21,3,DEEPSURV,7,350,399,4
lin318_or30,3,21,8,MTLR,8,400,449,13
lin318_or30,3,21,0,COX,9,450,499,1
lin318_or30,3,21,3,DEEPSURV,8,400,449,5
lin318_or30,3,21,0,COX,10,500,549,1
lin318_or30,3,21,0,COX,11,550,599,3
lin318_or30,3,21,0,COX,12,600,649,2
lin318_or30,3,21,0,COX,13,650,699,1
lin318_or30,3,21,0,COX,14,700,749,1
lin318_or30,4,31,0,COX,4,200,249,28
lin318_or30,4,31,0,COX,5,250,299,26
lin318_or30,4,31,0,COX,6,300,349,27
lin318_or30,4,31,1,RSF,4,200,249,4
lin318_or30,4,31,6,KNN,4,200,249,1
lin318_or30,4,31,0,COX,7,350,399,32
lin318_or30,4,31,4,SSVM,5,250,299,30
lin318_or30,4,31,7,ELASTICNET,5,250,299,6
lin318_or30,4,31,5,WEIBULLAFT,5,250,299,40
lin318_or30,4,31,6,KNN,5,250,299,2
lin318_or30,4,31,2,GBSA,5,250,299,31
lin318_or30,4,31,0,COX,8,400,449,26
lin318_or30,4,31,1,RSF,5,250,299,4
lin318_or30,4,31,5,WEIBULLAFT,6,300,349,35
lin318_or30,4,31,4,SSVM,6,300,349,32
lin318_or30,4,31,,,0,0,49,1
lin318_or30,4,31,3,DEEPSURV,4,200,249,39
lin318_or30,4,31,2,GBSA,6,300,349,35
lin318_or30,4,31,3,DEEPSURV,5,250,299,36
lin318_or30,4,31,5,WEIBULLAFT,7,350,399,38
lin318_or30,4,31,0,COX,9,450,499,20
lin318_or30,4,31,4,SSVM,7,350,399,42
lin318_or30,4,31,7,ELASTICNET,6,300,349,9
lin318_or30,4,31,4,SSVM,8,400,449,36
lin318_or30,4,31,2,GBSA,7,350,399,31
lin318_or30,4,31,3,DEEPSURV,6,300,349,40
lin318_or30,4,31,5,WEIBULLAFT,8,400,449,36
lin318_or30,4,31,3,DEEPSURV,7,350,399,36
lin318_or30,4,31,4,SSVM,9,450,499,45
lin318_or30,4,31,0,COX,10,500,549,1
lin318_or30,4,31,2,GBSA,8,400,449,31
lin318_or30,4,31,4,SSVM,10,500,549,13
lin318_or30,4,31,8,MTLR,4,200,249,6
lin318_or30,4,31,8,MTLR,5,250,299,34
lin318_or30,4,31,3,DEEPSURV,8,400,449,37
lin318_or30,4,31,6,KNN,6,300,349,3
lin318_or30,4,31,8,MTLR,6,300,349,30
lin318_or30,4,31,7,ELASTICNET,7,350,399,11
lin318_or30,4,31,8,MTLR,7,350,399,35
lin318_or30,4,31,1,RSF,6,300,349,5
lin318_or30,4,31,7,ELASTICNET,8,400,449,13
lin318_or30,4,31,6,KNN,7,350,399,1
lin318_or30,4,31,8,MTLR,8,400,449,30
lin318_or30,4,31,7,ELASTICNET,9,450,499,2
lin318_or30,4,31,1,RSF,7,350,399,4
lin318_or30,4,31,6,KNN,9,450,499,1
lin318_or30,4,31,6,KNN,10,500,549,4
lin318_or30,4,31,6,KNN,11,550,599,3
lin318_or30,4,31,6,KNN,12,600,649,1
lin318_or30,4,31,6,KNN,13,650,699,2
lin318_or30,5,41,0,COX,4,200,249,35
lin318_or30,5,41,4,SSVM,4,200,249,41
lin318_or30,5,41,0,COX,5,250,299,37
lin318_or30,5,41,4,SSVM,5,250,299,49
lin318_or30,5,41,4,SSVM,6,300,349,49
lin318_or30,5,41,0,COX,6,300,349,48
lin318_or30,5,41,4,SSVM,7,350,399,49
lin318_or30,5,41,0,COX,7,350,399,49
lin318_or30,5,41,6,KNN,4,200,249,30
lin318_or30,5,41,0,COX,8,400,449,12
lin318_or30,5,41,2,GBSA,4,200,249,27
lin318_or30,5,41,6,KNN,5,250,299,32
lin318_or30,5,41,2,GBSA,5,250,299,26
lin318_or30,5,41,6,KNN,6,300,349,33
lin318_or30,5,41,1,RSF,4,200,249,4
lin318_or30,5,41,5,WEIBULLAFT,4,200,249,1
lin318_or30,5,41,1,RSF,5,250,299,25
lin318_or30,5,41,6,KNN,7,350,399,32
lin318_or30,5,41,7,ELASTICNET,5,250,299,15
lin318_or30,5,41,2,GBSA,6,300,349,25
lin318_or30,5,41,6,KNN,8,400,449,6
lin318_or30,5,41,3,DEEPSURV,4,200,249,23
lin318_or30,5,41,2,GBSA,7,350,399,32
lin318_or30,5,41,7,ELASTICNET,6,300,349,18
lin318_or30,5,41,5,WEIBULLAFT,5,250,299,1
lin318_or30,5,41,3,DEEPSURV,5,250,299,24
lin318_or30,5,41,2,GBSA,8,400,449,31
lin318_or30,5,41,1,RSF,6,300,349,26
lin318_or30,5,41,5,WEIBULLAFT,6,300,349,5
lin318_or30,5,41,7,ELASTICNET,7,350,399,21
lin318_or30,5,41,3,DEEPSURV,6,300,349,27
lin318_or30,5,41,2,GBSA,9,450,499,28
lin318_or30,5,41,8,MTLR,5,250,299,22
lin318_or30,5,41,1,RSF,7,350,399,24
lin318_or30,5,41,7,ELASTICNET,8,400,449,22
lin318_or30,5,41,3,DEEPSURV,7,350,399,28
lin318_or30,5,41,2,GBSA,10,500,549,29
lin318_or30,5,41,8,MTLR,6,300,349,19
lin318_or30,5,41,5,WEIBULLAFT,7,350,399,9
lin318_or30,5,41,3,DEEPSURV,8,400,449,35
lin318_or30,5,41,2,GBSA,11,550,599,30
lin318_or30,5,41,3,DEEPSURV,9,450,499,23
lin318_or30,5,41,8,MTLR,7,350,399,24
lin318_or30,5,41,1,RSF,8,400,449,23
lin318_or30,5,41,2,GBSA,12,600,649,26
lin318_or30,5,41,5,WEIBULLAFT,8,400,449,6
lin318_or30,5,41,8,MTLR,8,400,449,26
lin318_or30,5,41,2,GBSA,13,650,699,11
lin318_or30,5,41,1,RSF,9,450,499,23
lin318_or30,5,41,1,RSF,10,500,549,21
lin318_or30,5,41,1,RSF,11,550,599,29
lin318_or30,5,41,1,RSF,12,600,649,21
lin318_or30,6,51,6,KNN,4,200,249,40
lin318_or30,6,51,5,WEIBULLAFT,4,200,249,11
lin318_or30,6,51,6,KNN,5,250,299,37
lin318_or30,6,51,6,KNN,6,300,349,38
lin318_or30,6,51,6,KNN,7,350,399,37
lin318_or30,6,51,4,SSVM,5,250,299,32
lin318_or30,6,51,7,ELASTICNET,5,250,299,37
lin318_or30,6,51,5,WEIBULLAFT,5,250,299,17
lin318_or30,6,51,0,COX,5,250,299,1
lin318_or30,6,51,1,RSF,5,250,299,22
lin318_or30,6,51,4,SSVM,6,300,349,43
lin318_or30,6,51,7,ELASTICNET,6,300,349,36
lin318_or30,6,51,2,GBSA,5,250,299,29
lin318_or30,6,51,4,SSVM,7,350,399,40
lin318_or30,6,51,7,ELASTICNET,7,350,399,43
lin318_or30,6,51,4,SSVM,8,400,449,43
lin318_or30,6,51,7,ELASTICNET,8,400,449,43
lin318_or30,6,51,2,GBSA,6,300,349,36
lin318_or30,6,51,0,COX,6,300,349,3
lin318_or30,6,51,5,WEIBULLAFT,6,300,349,14
lin318_or30,6,51,4,SSVM,9,450,499,31
lin318_or30,6,51,1,RSF,6,300,349,26
lin318_or30,6,51,2,GBSA,7,350,399,30
lin318_or30,6,51,4,SSVM,10,500,549,25
lin318_or30,6,51,3,DEEPSURV,5,250,299,3
lin318_or30,6,51,2,GBSA,8,400,449,38
lin318_or30,6,51,5,WEIBULLAFT,7,350,399,20
lin318_or30,6,51,0,COX,7,350,399,7
lin318_or30,6,51,1,RSF,7,350,399,28
lin318_or30,6,51,5,WEIBULLAFT,8,400,449,3
lin318_or30,6,51,3,DEEPSURV,6,300,349,4
lin318_or30,6,51,0,COX,8,400,449,5
lin318_or30,6,51,1,RSF,8,400,449,22
lin318_or30,6,51,0,COX,9,450,499,1
lin318_or30,6,51,1,RSF,9,450,499,22
lin318_or30,6,51,3,DEEPSURV,7,350,399,2
lin318_or30,6,51,3,DEEPSURV,8,400,449,5
lin318_or30,6,51,1,RSF,10,500,549,9
lin318_or30,6,51,8,MTLR,9,450,499,1
lin318_or30,6,51,3,DEEPSURV,9,450,499,1
lin318_or30,6,51,3,DEEPSURV,11,550,599,1
lin318_or30,6,51,3,DEEPSURV,12,600,649,1
lin318_or30,6,51,8,MTLR,14,700,749,1
lin318_or30,7,61,0,COX,4,200,249,22
lin318_or30,7,61,0,COX,5,250,299,30
lin318_or30,7,61,0,COX,6,300,349,32
lin318_or30,7,61,1,RSF,4,200,249,5
lin318_or30,7,61,6,KNN,5,250,299,37
lin318_or30,7,61,0,COX,7,350,399,30
lin318_or30,7,61,7,ELASTICNET,5,250,299,11
lin318_or30,7,61,4,SSVM,5,250,299,37
lin318_or30,7,61,5,WEIBULLAFT,5,250,299,16
lin318_or30,7,61,6,KNN,6,300,349,36
lin318_or30,7,61,4,SSVM,6,300,349,42
lin318_or30,7,61,1,RSF,5,250,299,8
lin318_or30,7,61,2,GBSA,5,250,299,6
lin318_or30,7,61,0,COX,8,400,449,6
lin318_or30,7,61,4,SSVM,7,350,399,41
lin318_or30,7,61,6,KNN,7,350,399,31
lin318_or30,7,61,4,SSVM,8,400,449,44
lin318_or30,7,61,3,DEEPSURV,4,200,249,21
lin318_or30,7,61,5,WEIBULLAFT,6,300,349,20
lin318_or30,7,61,6,KNN,8,400,449,41
lin318_or30,7,61,7,ELASTICNET,6,300,349,10
lin318_or30,7,61,3,DEEPSURV,5,250,299,20
lin318_or30,7,61,2,GBSA,6,300,349,3
lin318_or30,7,61,1,RSF,6,300,349,13
lin318_or30,7,61,5,WEIBULLAFT,7,350,399,22
lin318_or30,7,61,8,MTLR,5,250,299,5
lin318_or30,7,61,7,ELASTICNET,7,350,399,19
lin318_or30,7,61,3,DEEPSURV,6,300,349,25
lin318_or30,7,61,5,WEIBULLAFT,8,400,449,15
lin318_or30,7,61,7,ELASTICNET,8,400,449,8
lin318_or30,7,61,3,DEEPSURV,7,350,399,29
lin318_or30,7,61,8,MTLR,6,300,349,9
lin318_or30,7,61,3,DEEPSURV,8,400,449,20
lin318_or30,7,61,1,RSF,7,350,399,6
lin318_or30,7,61,2,GBSA,8,400,449,6
lin318_or30,7,61,3,DEEPSURV,9,450,499,20
lin318_or30,7,61,7,ELASTICNET,9,450,499,15
lin318_or30,7,61,8,MTLR,7,350,399,9
lin318_or30,7,61,3,DEEPSURV,10,500,549,21
lin318_or30,7,61,7,ELASTICNET,10,500,549,7
lin318_or30,7,61,1,RSF,8,400,449,10
lin318_or30,7,61,8,MTLR,8,400,449,3
lin318_or30,7,61,3,DEEPSURV,11,550,599,25
lin318_or30,7,61,7,ELASTICNET,11,550,599,14
lin318_or30,7,61,1,RSF,9,450,499,6
lin318_or30,7,61,8,MTLR,9,450,499,7
lin318_or30,7,61,7,ELASTICNET,12,600,649,17
lin318_or30,7,61,8,MTLR,10,500,549,11
lin318_or30,7,61,7,ELASTICNET,13,650,699,20
lin318_or30,7,61,7,ELASTICNET,14,700,749,13
lin318_or30,7,61,8,MTLR,11,550,599,3
lin318_or30,7,61,7,ELASTICNET,15,750,799,16
lin318_or30,7,61,8,MTLR,12,600,649,8
lin318_or30,7,61,7,ELASTICNET,16,800,849,25
lin318_or30,7,61,7,ELASTICNET,17,850,899,24
lin318_or30,7,61,8,MTLR,13,650,699,3
lin318_or30,7,61,7,ELASTICNET,18,900,949,24
lin318_or30,7,61,7,ELASTICNET,19,950,999,10
lin318_or30,8,71,6,KNN,4,200,249,27
lin318_or30,8,71,7,ELASTICNET,4,200,249,23
lin318_or30,8,71,0,COX,4,200,249,10
lin318_or30,8,71,6,KNN,5,250,299,29
lin318_or30,8,71,7,ELASTICNET,5,250,299,40
lin318_or30,8,71,0,COX,5,250,299,33
lin318_or30,8,71,7,ELASTICNET,6,300,349,30
lin318_or30,8,71,0,COX,6,300,349,39
lin318_or30,8,71,6,KNN,6,300,349,22
lin318_or30,8,71,4,SSVM,5,250,299,32
lin318_or30,8,71,0,COX,7,350,399,43
lin318_or30,8,71,7,ELASTICNET,7,350,399,41
lin318_or30,8,71,0,COX,8,400,449,33
lin318_or30,8,71,5,WEIBULLAFT,5,250,299,25
lin318_or30,8,71,1,RSF,5,250,299,26
lin318_or30,8,71,7,ELASTICNET,8,400,449,8
lin318_or30,8,71,4,SSVM,6,300,349,37
lin318_or30,8,71,0,COX,9,450,499,35
lin318_or30,8,71,6,KNN,7,350,399,29
lin318_or30,8,71,4,SSVM,7,350,399,40
lin318_or30,8,71,0,COX,10,500,549,14
lin318_or30,8,71,5,WEIBULLAFT,6,300,349,22
lin318_or30,8,71,4,SSVM,8,400,449,37
lin318_or30,8,71,1,RSF,6,300,349,28
lin318_or30,8,71,2,GBSA,6,300,349,3
lin318_or30,8,71,5,WEIBULLAFT,7,350,399,31
lin318_or30,8,71,3,DEEPSURV,5,250,299,27
lin318_or30,8,71,5,WEIBULLAFT,8,400,449,27
lin318_or30,8,71,1,RSF,7,350,399,29
lin318_or30,8,71,3,DEEPSURV,6,300,349,26
lin318_or30,8,71,2,GBSA,7,350,399,3
lin318_or30,8,71,5,WEIBULLAFT,9,450,499,19
lin318_or30,8,71,3,DEEPSURV,7,350,399,25
lin318_or30,8,71,1,RSF,8,400,449,29
lin318_or30,8,71,3,DEEPSURV,8,400,449,32
lin318_or30,8,71,2,GBSA,8,400,449,1
lin318_or30,8,71,1,RSF,9,450,499,34
lin318_or30,8,71,1,RSF,10,500,549,32
lin318_or30,8,71,2,GBSA,9,450,499,3
lin318_or30,8,71,1,RSF,11,550,599,36
lin318_or30,8,71,2,GBSA,10,500,549,4
lin318_or30,8,71,8,MTLR,8,400,449,1
lin318_or30,8,71,1,RSF,12,600,649,18
lin318_or30,8,71,2,GBSA,11,550,599,1
lin318_or30,8,71,,,0,0,49,1
lin318_or30,9,81,7,ELASTICNET,4,200,249,12
lin318_or30,9,81,7,ELASTICNET,5,250,299,35
lin318_or30,9,81,0,COX,5,250,299,45
lin318_or30,9,81,0,COX,6,300,349,42
lin318_or30,9,81,4,SSVM,5,250,299,46
lin318_or30,9,81,7,ELASTICNET,6,300,349,29
lin318_or30,9,81,0,COX,7,350,399,42
lin318_or30,9,81,4,SSVM,6,300,349,42
lin318_or30,9,81,6,KNN,5,250,299,39
lin318_or30,9,81,0,COX,8,400,449,36
lin318_or30,9,81,4,SSVM,7,350,399,50
lin318_or30,9,81,4,SSVM,8,400,449,48
lin318_or30,9,81,6,KNN,6,300,349,32
lin318_or30,9,81,7,ELASTICNET,7,350,399,40
lin318_or30,9,81,5,WEIBULLAFT,5,250,299,8
lin318_or30,9,81,7,ELASTICNET,8,400,449,17
lin318_or30,9,81,6,KNN,7,350,399,36
lin318_or30,9,81,1,RSF,5,250,299,4
lin318_or30,9,81,6,KNN,8,400,449,34
lin318_or30,9,81,8,MTLR,4,200,249,13
lin318_or30,9,81,5,WEIBULLAFT,6,300,349,4
lin318_or30,9,81,8,MTLR,5,250,299,16
lin318_or30,9,81,6,KNN,9,450,499,37
lin318_or30,9,81,2,GBSA,6,300,349,4
lin318_or30,9,81,6,KNN,10,500,549,43
lin318_or30,9,81,3,DEEPSURV,5,250,299,3
lin318_or30,9,81,6,KNN,11,550,599,7
lin318_or30,9,81,1,RSF,6,300,349,4
lin318_or30,9,81,8,MTLR,6,300,349,14
lin318_or30,9,81,2,GBSA,7,350,399,3
lin318_or30,9,81,5,WEIBULLAFT,7,350,399,6
lin318_or30,9,81,3,DEEPSURV,6,300,349,8
lin318_or30,9,81,8,MTLR,7,350,399,7
lin318_or30,9,81,1,RSF,7,350,399,15
lin318_or30,9,81,3,DEEPSURV,7,350,399,2
lin318_or30,9,81,2,GBSA,8,400,449,2
lin318_or30,9,81,5,WEIBULLAFT,8,400,449,1
lin318_or30,9,81,8,MTLR,8,400,449,7
lin318_or30,9,81,1,RSF,8,400,449,15
lin318_or30,9,81,5,WEIBULLAFT,9,450,499,6
lin318_or30,9,81,2,GBSA,9,450,499,4
lin318_or30,9,81,3,DEEPSURV,8,400,449,3
lin318_or30,9,81,8,MTLR,9,450,499,4
lin318_or30,9,81,5,WEIBULLAFT,10,500,549,3
lin318_or30,9,81,2,GBSA,10,500,549,5
lin318_or30,9,81,8,MTLR,10,500,549,5
lin318_or30,9,81,2,GBSA,11,550,599,3
lin318_or30,9,81,8,MTLR,11,550,599,8
lin318_or30,9,81,2,GBSA,12,600,649,3
lin318_or30,9,81,8,MTLR,12,600,649,5
dsj1000rdmRad,10,91,5,WEIBULLAFT,4,200,249,37
dsj1000rdmRad,10,91,5,WEIBULLAFT,5,250,299,28
dsj1000rdmRad,10,91,0,COX,5,250,299,41
dsj1000rdmRad,10,91,1,RSF,4,200,249,11
dsj1000rdmRad,10,91,0,COX,6,300,349,44
dsj1000rdmRad,10,91,5,WEIBULLAFT,6,300,349,33
dsj1000rdmRad,10,91,0,COX,7,350,399,38
dsj1000rdmRad,10,91,4,SSVM,5,250,299,4
dsj1000rdmRad,10,91,1,RSF,5,250,299,33
dsj1000rdmRad,10,91,7,ELASTICNET,5,250,299,12
dsj1000rdmRad,10,91,0,COX,8,400,449,33
dsj1000rdmRad,10,91,6,KNN,5,250,299,22
dsj1000rdmRad,10,91,5,WEIBULLAFT,7,350,399,36
dsj1000rdmRad,10,91,5,WEIBULLAFT,8,400,449,30
dsj1000rdmRad,10,91,2,GBSA,5,250,299,8
dsj1000rdmRad,10,91,6,KNN,6,300,349,34
dsj1000rdmRad,10,91,1,RSF,6,300,349,31
dsj1000rdmRad,10,91,7,ELASTICNET,6,300,349,17
dsj1000rdmRad,10,91,4,SSVM,6,300,349,3
dsj1000rdmRad,10,91,6,KNN,7,350,399,30
dsj1000rdmRad,10,91,5,WEIBULLAFT,9,450,499,31
dsj1000rdmRad,10,91,2,GBSA,6,300,349,9
dsj1000rdmRad,10,91,8,MTLR,5,250,299,23
dsj1000rdmRad,10,91,3,DEEPSURV,5,250,299,9
dsj1000rdmRad,10,91,7,ELASTICNET,7,350,399,11
dsj1000rdmRad,10,91,6,KNN,8,400,449,31
dsj1000rdmRad,10,91,1,RSF,7,350,399,31
dsj1000rdmRad,10,91,4,SSVM,7,350,399,6
dsj1000rdmRad,10,91,8,MTLR,6,300,349,22
dsj1000rdmRad,10,91,,,0,0,49,1
dsj1000rdmRad,10,91,2,GBSA,7,350,399,4
dsj1000rdmRad,10,91,3,DEEPSURV,6,300,349,4
dsj1000rdmRad,10,91,1,RSF,8,400,449,35
dsj1000rdmRad,10,91,7,ELASTICNET,8,400,449,14
dsj1000rdmRad,10,91,8,MTLR,7,350,399,20
dsj1000rdmRad,10,91,1,RSF,9,450,499,33
dsj1000rdmRad,10,91,7,ELASTICNET,9,450,499,3
dsj1000rdmRad,10,91,8,MTLR,8,400,449,23
dsj1000rdmRad,10,91,4,SSVM,8,400,449,2
dsj1000rdmRad,10,91,3,DEEPSURV,7,350,399,9
dsj1000rdmRad,10,91,2,GBSA,8,400,449,7
dsj1000rdmRad,10,91,1,RSF,10,500,549,28
dsj1000rdmRad,10,91,8,MTLR,9,450,499,24
dsj1000rdmRad,10,91,4,SSVM,9,450,499,8
dsj1000rdmRad,10,91,7,ELASTICNET,10,500,549,14
dsj1000rdmRad,10,91,8,MTLR,10,500,549,21
dsj1000rdmRad,10,91,3,DEEPSURV,8,400,449,6
dsj1000rdmRad,10,91,2,GBSA,9,450,499,7
dsj1000rdmRad,10,91,1,RSF,11,550,599,5
dsj1000rdmRad,10,91,4,SSVM,10,500,549,8
dsj1000rdmRad,10,91,7,ELASTICNET,11,550,599,12
dsj1000rdmRad,10,91,8,MTLR,11,550,599,23
dsj1000rdmRad,10,91,3,DEEPSURV,9,450,499,5
dsj1000rdmRad,10,91,2,GBSA,10,500,549,8
dsj1000rdmRad,10,91,8,MTLR,12,600,649,22
dsj1000rdmRad,10,91,4,SSVM,11,550,599,9
dsj1000rdmRad,10,91,7,ELASTICNET,12,600,649,9
dsj1000rdmRad,10,91,3,DEEPSURV,10,500,549,9
dsj1000rdmRad,10,91,8,MTLR,13,650,699,19
dsj1000rdmRad,10,91,2,GBSA,11,550,599,6
dsj1000rdmRad,10,91,7,ELASTICNET,13,650,699,9
dsj1000rdmRad,10,91,4,SSVM,12,600,649,3
dsj1000rdmRad,10,91,2,GBSA,12,600,649,6
dsj1000rdmRad,10,91,3,DEEPSURV,11,550,599,13
dsj1000rdmRad,10,91,7,ELASTICNET,14,700,749,11
dsj1000rdmRad,10,91,3,DEEPSURV,12,600,649,1
dsj1000rdmRad,10,91,4,SSVM,13,650,699,8
dsj1000rdmRad,10,91,2,GBSA,13,650,699,5
dsj1000rdmRad,10,91,7,ELASTICNET,15,750,799,9
dsj1000rdmRad,10,91,4,SSVM,14,700,749,4
dsj1000rdmRad,10,91,2,GBSA,14,700,749,8
dsj1000rdmRad,10,91,7,ELASTICNET,16,800,849,9
dsj1000rdmRad,10,91,4,SSVM,15,750,799,8
dsj1000rdmRad,10,91,2,GBSA,15,750,799,5
dsj1000rdmRad,10,91,7,ELASTICNET,17,850,899,5
dsj1000rdmRad,10,91,4,SSVM,16,800,849,6
dsj1000rdmRad,10,91,2,GBSA,16,800,849,6
dsj1000rdmRad,10,91,7,ELASTICNET,18,900,949,6
dsj1000rdmRad,10,91,4,SSVM,17,850,899,12
dsj1000rdmRad,10,91,2,GBSA,17,850,899,3
dsj1000rdmRad,10,91,7,ELASTICNET,19,950,999,6
dsj1000rdmRad,10,91,4,SSVM,18,900,949,10
dsj1000rdmRad,10,91,2,GBSA,18,900,949,4
dsj1000rdmRad,10,91,4,SSVM,19,950,999,6
dsj1000rdmRad,10,91,2,GBSA,19,950,999,8
dsj1000rdmRad,1,1,0,COX,5,250,299,19
dsj1000rdmRad,1,1,6,KNN,4,200,249,2
dsj1000rdmRad,1,1,4,SSVM,5,250,299,30
dsj1000rdmRad,1,1,6,KNN,5,250,299,29
dsj1000rdmRad,1,1,7,ELASTICNET,5,250,299,18
dsj1000rdmRad,1,1,1,RSF,5,250,299,14
dsj1000rdmRad,1,1,2,GBSA,5,250,299,29
dsj1000rdmRad,1,1,5,WEIBULLAFT,5,250,299,2
dsj1000rdmRad,1,1,0,COX,6,300,349,18
dsj1000rdmRad,1,1,4,SSVM,6,300,349,30
dsj1000rdmRad,1,1,6,KNN,6,300,349,31
dsj1000rdmRad,1,1,,,0,0,49,1
dsj1000rdmRad,1,1,7,ELASTICNET,6,300,349,14
dsj1000rdmRad,1,1,2,GBSA,6,300,349,28
dsj1000rdmRad,1,1,6,KNN,7,350,399,33
dsj1000rdmRad,1,1,4,SSVM,7,350,399,29
dsj1000rdmRad,1,1,0,COX,7,350,399,18
dsj1000rdmRad,1,1,6,KNN,8,400,449,34
dsj1000rdmRad,1,1,2,GBSA,7,350,399,24
dsj1000rdmRad,1,1,4,SSVM,8,400,449,25
dsj1000rdmRad,1,1,1,RSF,6,300,349,9
dsj1000rdmRad,1,1,7,ELASTICNET,7,350,399,27
dsj1000rdmRad,1,1,5,WEIBULLAFT,6,300,349,1
dsj1000rdmRad,1,1,3,DEEPSURV,5,250,299,20
dsj1000rdmRad,1,1,6,KNN,9,450,499,28
dsj1000rdmRad,1,1,2,GBSA,8,400,449,29
dsj1000rdmRad,1,1,0,COX,8,400,449,21
dsj1000rdmRad,1,1,4,SSVM,9,450,499,1
dsj1000rdmRad,1,1,7,ELASTICNET,8,400,449,23
dsj1000rdmRad,1,1,6,KNN,10,500,549,26
dsj1000rdmRad,1,1,3,DEEPSURV,6,300,349,20
dsj1000rdmRad,1,1,2,GBSA,9,450,499,31
dsj1000rdmRad,1,1,5,WEIBULLAFT,7,350,399,1
dsj1000rdmRad,1,1,7,ELASTICNET,9,450,499,19
dsj1000rdmRad,1,1,1,RSF,7,350,399,14
dsj1000rdmRad,1,1,2,GBSA,10,500,549,31
dsj1000rdmRad,1,1,6,KNN,11,550,599,6
dsj1000rdmRad,1,1,3,DEEPSURV,7,350,399,15
dsj1000rdmRad,1,1,2,GBSA,11,550,599,33
dsj1000rdmRad,1,1,7,ELASTICNET,10,500,549,10
dsj1000rdmRad,1,1,2,GBSA,12,600,649,28
dsj1000rdmRad,1,1,5,WEIBULLAFT,8,400,449,5
dsj1000rdmRad,1,1,3,DEEPSURV,8,400,449,22
dsj1000rdmRad,1,1,8,MTLR,7,350,399,1
dsj1000rdmRad,1,1,1,RSF,8,400,449,10
dsj1000rdmRad,1,1,2,GBSA,13,650,699,29
dsj1000rdmRad,1,1,3,DEEPSURV,9,450,499,24
dsj1000rdmRad,1,1,2,GBSA,14,700,749,31
dsj1000rdmRad,1,1,5,WEIBULLAFT,9,450,499,5
dsj1000rdmRad,1,1,3,DEEPSURV,10,500,549,23
dsj1000rdmRad,1,1,2,GBSA,15,750,799,24
dsj1000rdmRad,1,1,1,RSF,9,450,499,18
dsj1000rdmRad,1,1,3,DEEPSURV,11,550,599,14
dsj1000rdmRad,1,1,5,WEIBULLAFT,10,500,549,1
dsj1000rdmRad,1,1,1,RSF,10,500,549,19
dsj1000rdmRad,1,1,1,RSF,11,550,599,16
dsj1000rdmRad,1,1,1,RSF,12,600,649,20
dsj1000rdmRad,1,1,1,RSF,13,650,699,17
dsj1000rdmRad,1,1,1,RSF,14,700,749,20
dsj1000rdmRad,1,1,1,RSF,15,750,799,18
dsj1000rdmRad,1,1,1,RSF,16,800,849,21
dsj1000rdmRad,1,1,1,RSF,17,850,899,18
dsj1000rdmRad,1,1,1,RSF,18,900,949,14
dsj1000rdmRad,1,1,1,RSF,19,950,999,11
dsj1000rdmRad,2,11,5,WEIBULLAFT,4,200,249,9
dsj1000rdmRad,2,11,0,COX,5,250,299,14
dsj1000rdmRad,2,11,7,ELASTICNET,5,250,299,35
dsj1000rdmRad,2,11,4,SSVM,5,250,299,38
dsj1000rdmRad,2,11,6,KNN,5,250,299,31
dsj1000rdmRad,2,11,5,WEIBULLAFT,5,250,299,9
dsj1000rdmRad,2,11,2,GBSA,5,250,299,33
dsj1000rdmRad,2,11,7,ELASTICNET,6,300,349,27
dsj1000rdmRad,2,11,4,SSVM,6,300,349,41
dsj1000rdmRad,2,11,0,COX,6,300,349,20
dsj1000rdmRad,2,11,4,SSVM,7,350,399,43
dsj1000rdmRad,2,11,6,KNN,6,300,349,26
dsj1000rdmRad,2,11,2,GBSA,6,300,349,41
dsj1000rdmRad,2,11,4,SSVM,8,400,449,38
dsj1000rdmRad,2,11,7,ELASTICNET,7,350,399,24
dsj1000rdmRad,2,11,2,GBSA,7,350,399,36
dsj1000rdmRad,2,11,5,WEIBULLAFT,6,300,349,16
dsj1000rdmRad,2,11,2,GBSA,8,400,449,32
dsj1000rdmRad,2,11,6,KNN,7,350,399,28
dsj1000rdmRad,2,11,0,COX,7,350,399,18
dsj1000rdmRad,2,11,7,ELASTICNET,8,400,449,27
dsj1000rdmRad,2,11,8,MTLR,5,250,299,4
dsj1000rdmRad,2,11,2,GBSA,9,450,499,38
dsj1000rdmRad,2,11,6,KNN,8,400,449,26
dsj1000rdmRad,2,11,5,WEIBULLAFT,7,350,399,6
dsj1000rdmRad,2,11,2,GBSA,10,500,549,40
dsj1000rdmRad,2,11,0,COX,8,400,449,16
dsj1000rdmRad,2,11,7,ELASTICNET,9,450,499,22
dsj1000rdmRad,2,11,2,GBSA,11,550,599,44
dsj1000rdmRad,2,11,2,GBSA,12,600,649,36
dsj1000rdmRad,2,11,1,RSF,6,300,349,2
dsj1000rdmRad,2,11,2,GBSA,13,650,699,34
dsj1000rdmRad,2,11,7,ELASTICNET,10,500,549,24
dsj1000rdmRad,2,11,3,DEEPSURV,6,300,349,3
dsj1000rdmRad,2,11,0,COX,9,450,499,24
dsj1000rdmRad,2,11,5,WEIBULLAFT,8,400,449,13
dsj1000rdmRad,2,11,2,GBSA,14,700,749,39
dsj1000rdmRad,2,11,8,MTLR,6,300,349,1
dsj1000rdmRad,2,11,7,ELASTICNET,11,550,599,22
dsj1000rdmRad,2,11,2,GBSA,15,750,799,43
dsj1000rdmRad,2,11,0,COX,10,500,549,23
dsj1000rdmRad,2,11,2,GBSA,16,800,849,36
dsj1000rdmRad,2,11,8,MTLR,7,350,399,1
dsj1000rdmRad,2,11,2,GBSA,17,850,899,41
dsj1000rdmRad,2,11,5,WEIBULLAFT,9,450,499,17
dsj1000rdmRad,2,11,0,COX,11,550,599,16
dsj1000rdmRad,2,11,2,GBSA,18,900,949,40
dsj1000rdmRad,2,11,7,ELASTICNET,12,600,649,16
dsj1000rdmRad,2,11,2,GBSA,19,950,999,37
dsj1000rdmRad,2,11,0,COX,12,600,649,16
dsj1000rdmRad,2,11,5,WEIBULLAFT,10,500,549,23
dsj1000rdmRad,2,11,7,ELASTICNET,13,650,699,13
dsj1000rdmRad,2,11,8,MTLR,8,400,449,2
dsj1000rdmRad,2,11,3,DEEPSURV,7,350,399,1
dsj1000rdmRad,2,11,5,WEIBULLAFT,11,550,599,18
dsj1000rdmRad,2,11,0,COX,13,650,699,19
dsj1000rdmRad,2,11,7,ELASTICNET,14,700,749,18
dsj1000rdmRad,2,11,3,DEEPSURV,8,400,449,1
dsj1000rdmRad,2,11,0,COX,14,700,749,4
dsj1000rdmRad,2,11,7,ELASTICNET,15,750,799,15
dsj1000rdmRad,2,11,5,WEIBULLAFT,12,600,649,23
dsj1000rdmRad,2,11,5,WEIBULLAFT,13,650,699,19
dsj1000rdmRad,2,11,8,MTLR,10,500,549,2
dsj1000rdmRad,2,11,7,ELASTICNET,16,800,849,16
dsj1000rdmRad,2,11,5,WEIBULLAFT,14,700,749,22
dsj1000rdmRad,2,11,7,ELASTICNET,17,850,899,18
dsj1000rdmRad,2,11,5,WEIBULLAFT,15,750,799,24
dsj1000rdmRad,2,11,7,ELASTICNET,18,900,949,16
dsj1000rdmRad,2,11,3,DEEPSURV,11,550,599,5
dsj1000rdmRad,2,11,5,WEIBULLAFT,16,800,849,32
dsj1000rdmRad,2,11,8,MTLR,11,550,599,1
dsj1000rdmRad,2,11,5,WEIBULLAFT,17,850,899,22
dsj1000rdmRad,2,11,7,ELASTICNET,19,950,999,6
dsj1000rdmRad,2,11,3,DEEPSURV,12,600,649,2
dsj1000rdmRad,2,11,8,MTLR,12,600,649,2
dsj1000rdmRad,2,11,1,RSF,11,550,599,2
dsj1000rdmRad,2,11,5,WEIBULLAFT,18,900,949,14
dsj1000rdmRad,2,11,8,MTLR,13,650,699,2
dsj1000rdmRad,2,11,3,DEEPSURV,13,650,699,2
dsj1000rdmRad,2,11,1,RSF,12,600,649,1
dsj1000rdmRad,2,11,8,MTLR,14,700,749,1
dsj1000rdmRad,2,11,3,DEEPSURV,14,700,749,1
dsj1000rdmRad,2,11,3,DEEPSURV,15,750,799,3
dsj1000rdmRad,2,11,3,DEEPSURV,16,800,849,3
dsj1000rdmRad,2,11,3,DEEPSURV,17,850,899,1
dsj1000rdmRad,2,11,8,MTLR,18,900,949,1
dsj1000rdmRad,3,21,0,COX,5,250,299,44
dsj1000rdmRad,3,21,0,COX,6,300,349,37
dsj1000rdmRad,3,21,4,SSVM,5,250,299,27
dsj1000rdmRad,3,21,6,KNN,4,200,249,1
dsj1000rdmRad,3,21,6,KNN,5,250,299,11
dsj1000rdmRad,3,21,7,ELASTICNET,5,250,299,7
dsj1000rdmRad,3,21,0,COX,7,350,399,48
dsj1000rdmRad,3,21,0,COX,8,400,449,39
dsj1000rdmRad,3,21,5,WEIBULLAFT,5,250,299,7
dsj1000rdmRad,3,21,1,RSF,5,250,299,15
dsj1000rdmRad,3,21,0,COX,9,450,499,36
dsj1000rdmRad,3,21,2,GBSA,5,250,299,18
dsj1000rdmRad,3,21,4,SSVM,6,300,349,31
dsj1000rdmRad,3,21,0,COX,10,500,549,4
dsj1000rdmRad,3,21,,,0,0,49,1
dsj1000rdmRad,3,21,6,KNN,6,300,349,6
dsj1000rdmRad,3,21,4,SSVM,7,350,399,32
dsj1000rdmRad,3,21,2,GBSA,6,300,349,17
dsj1000rdmRad,3,21,7,ELASTICNET,6,300,349,5
dsj1000rdmRad,3,21,5,WEIBULLAFT,6,300,349,13
dsj1000rdmRad,3,21,4,SSVM,8,400,449,38
dsj1000rdmRad,3,21,1,RSF,6,300,349,17
dsj1000rdmRad,3,21,4,SSVM,9,450,499,25
dsj1000rdmRad,3,21,2,GBSA,7,350,399,25
dsj1000rdmRad,3,21,6,KNN,7,350,399,11
dsj1000rdmRad,3,21,5,WEIBULLAFT,7,350,399,8
dsj1000rdmRad,3,21,3,DEEPSURV,4,200,249,2
dsj1000rdmRad,3,21,7,ELASTICNET,7,350,399,9
dsj1000rdmRad,3,21,4,SSVM,10,500,549,32
dsj1000rdmRad,3,21,2,GBSA,8,400,449,25
dsj1000rdmRad,3,21,3,DEEPSURV,5,250,299,13
dsj1000rdmRad,3,21,8,MTLR,4,200,249,16
dsj1000rdmRad,3,21,4,SSVM,11,550,599,7
dsj1000rdmRad,3,21,1,RSF,7,350,399,23
dsj1000rdmRad,3,21,6,KNN,8,400,449,10
dsj1000rdmRad,3,21,5,WEIBULLAFT,8,400,449,11
dsj1000rdmRad,3,21,8,MTLR,5,250,299,8
dsj1000rdmRad,3,21,2,GBSA,9,450,499,13
dsj1000rdmRad,3,21,3,DEEPSURV,6,300,349,17
dsj1000rdmRad,3,21,7,ELASTICNET,8,400,449,13
dsj1000rdmRad,3,21,6,KNN,9,450,499,9
dsj1000rdmRad,3,21,1,RSF,8,400,449,32
dsj1000rdmRad,3,21,2,GBSA,10,500,549,18
dsj1000rdmRad,3,21,3,DEEPSURV,7,350,399,12
dsj1000rdmRad,3,21,7,ELASTICNET,9,450,499,10
dsj1000rdmRad,3,21,5,WEIBULLAFT,9,450,499,13
dsj1000rdmRad,3,21,8,MTLR,6,300,349,8
dsj1000rdmRad,3,21,2,GBSA,11,550,599,16
dsj1000rdmRad,3,21,1,RSF,9,450,499,29
dsj1000rdmRad,3,21,6,KNN,10,500,549,10
dsj1000rdmRad,3,21,7,ELASTICNET,10,500,549,11
dsj1000rdmRad,3,21,3,DEEPSURV,8,400,449,14
dsj1000rdmRad,3,21,5,WEIBULLAFT,10,500,549,11
dsj1000rdmRad,3,21,8,MTLR,7,350,399,10
dsj1000rdmRad,3,21,2,GBSA,12,600,649,26
dsj1000rdmRad,3,21,1,RSF,10,500,549,22
dsj1000rdmRad,3,21,7,ELASTICNET,11,550,599,4
dsj1000rdmRad,3,21,3,DEEPSURV,9,450,499,9
dsj1000rdmRad,3,21,6,KNN,11,550,599,12
dsj1000rdmRad,3,21,2,GBSA,13,650,699,21
dsj1000rdmRad,3,21,8,MTLR,8,400,449,16
dsj1000rdmRad,3,21,2,GBSA,14,700,749,24
dsj1000rdmRad,3,21,3,DEEPSURV,10,500,549,10
dsj1000rdmRad,3,21,6,KNN,12,600,649,4
dsj1000rdmRad,3,21,1,RSF,11,550,599,27
dsj1000rdmRad,3,21,7,ELASTICNET,12,600,649,15
dsj1000rdmRad,3,21,8,MTLR,9,450,499,14
dsj1000rdmRad,3,21,2,GBSA,15,750,799,27
dsj1000rdmRad,3,21,2,GBSA,16,800,849,15
dsj1000rdmRad,3,21,3,DEEPSURV,11,550,599,12
dsj1000rdmRad,3,21,1,RSF,12,600,649,27
dsj1000rdmRad,3,21,8,MTLR,10,500,549,17
dsj1000rdmRad,3,21,7,ELASTICNET,13,650,699,4
dsj1000rdmRad,3,21,6,KNN,13,650,699,6
dsj1000rdmRad,3,21,2,GBSA,17,850,899,24
dsj1000rdmRad,3,21,3,DEEPSURV,12,600,649,19
dsj1000rdmRad,3,21,6,KNN,14,700,749,4
dsj1000rdmRad,3,21,1,RSF,13,650,699,21
dsj1000rdmRad,3,21,7,ELASTICNET,14,700,749,10
dsj1000rdmRad,3,21,2,GBSA,18,900,949,18
dsj1000rdmRad,3,21,3,DEEPSURV,13,650,699,20
dsj1000rdmRad,3,21,7,ELASTICNET,15,750,799,6
dsj1000rdmRad,3,21,3,DEEPSURV,14,700,749,12
dsj1000rdmRad,3,21,7,ELASTICNET,16,800,849,7
dsj1000rdmRad,3,21,7,ELASTICNET,17,850,899,7
dsj1000rdmRad,3,21,7,ELASTICNET,18,900,949,8
dsj1000rdmRad,3,21,7,ELASTICNET,19,950,999,4
dsj1000rdmRad,4,31,0,COX,5,250,299,18
dsj1000rdmRad,4,31,2,GBSA,4,200,249,2
dsj1000rdmRad,4,31,4,SSVM,4,200,249,6
dsj1000rdmRad,4,31,4,SSVM,5,250,299,38
dsj1000rdmRad,4,31,6,KNN,5,250,299,17
dsj1000rdmRad,4,31,7,ELASTICNET,5,250,299,12
dsj1000rdmRad,4,31,4,SSVM,6,300,349,28
dsj1000rdmRad,4,31,5,WEIBULLAFT,5,250,299,7
dsj1000rdmRad,4,31,2,GBSA,5,250,299,3
dsj1000rdmRad,4,31,0,COX,6,300,349,21
dsj1000rdmRad,4,31,1,RSF,5,250,299,4
dsj1000rdmRad,4,31,4,SSVM,7,350,399,26
dsj1000rdmRad,4,31,6,KNN,6,300,349,21
dsj1000rdmRad,4,31,8,MTLR,4,200,249,6
dsj1000rdmRad,4,31,0,COX,7,350,399,18
dsj1000rdmRad,4,31,7,ELASTICNET,6,300,349,11
dsj1000rdmRad,4,31,5,WEIBULLAFT,6,300,349,15
dsj1000rdmRad,4,31,4,SSVM,8,400,449,25
dsj1000rdmRad,4,31,6,KNN,7,350,399,13
dsj1000rdmRad,4,31,2,GBSA,6,300,349,4
dsj1000rdmRad,4,31,8,MTLR,5,250,299,10
dsj1000rdmRad,4,31,1,RSF,6,300,349,5
dsj1000rdmRad,4,31,7,ELASTICNET,7,350,399,9
dsj1000rdmRad,4,31,5,WEIBULLAFT,7,350,399,20
dsj1000rdmRad,4,31,0,COX,8,400,449,11
dsj1000rdmRad,4,31,6,KNN,8,400,449,14
dsj1000rdmRad,4,31,2,GBSA,7,350,399,1
dsj1000rdmRad,4,31,8,MTLR,6,300,349,17
dsj1000rdmRad,4,31,0,COX,9,450,499,9
dsj1000rdmRad,4,31,5,WEIBULLAFT,8,400,449,13
dsj1000rdmRad,4,31,3,DEEPSURV,5,250,299,1
dsj1000rdmRad,4,31,7,ELASTICNET,8,400,449,10
dsj1000rdmRad,4,31,6,KNN,9,450,499,19
dsj1000rdmRad,4,31,8,MTLR,7,350,399,9
dsj1000rdmRad,4,31,1,RSF,7,350,399,9
dsj1000rdmRad,4,31,5,WEIBULLAFT,9,450,499,9
dsj1000rdmRad,4,31,7,ELASTICNET,9,450,499,13
dsj1000rdmRad,4,31,6,KNN,10,500,549,20
dsj1000rdmRad,4,31,0,COX,10,500,549,14
dsj1000rdmRad,4,31,2,GBSA,8,400,449,4
dsj1000rdmRad,4,31,8,MTLR,8,400,449,6
dsj1000rdmRad,4,31,3,DEEPSURV,7,350,399,1
dsj1000rdmRad,4,31,6,KNN,11,550,599,21
dsj1000rdmRad,4,31,0,COX,11,550,599,15
dsj1000rdmRad,4,31,7,ELASTICNET,10,500,549,11
dsj1000rdmRad,4,31,1,RSF,8,400,449,5
dsj1000rdmRad,4,31,5,WEIBULLAFT,10,500,549,12
dsj1000rdmRad,4,31,2,GBSA,9,450,499,2
dsj1000rdmRad,4,31,6,KNN,12,600,649,17
dsj1000rdmRad,4,31,8,MTLR,9,450,499,7
dsj1000rdmRad,4,31,0,COX,12,600,649,14
dsj1000rdmRad,4,31,7,ELASTICNET,11,550,599,8
dsj1000rdmRad,4,31,5,WEIBULLAFT,11,550,599,13
dsj1000rdmRad,4,31,2,GBSA,10,500,549,5
dsj1000rdmRad,4,31,6,KNN,13,650,699,16
dsj1000rdmRad,4,31,1,RSF,9,450,499,4
dsj1000rdmRad,4,31,7,ELASTICNET,12,600,649,12
dsj1000rdmRad,4,31,5,WEIBULLAFT,12,600,649,19
dsj1000rdmRad,4,31,8,MTLR,10,500,549,7
dsj1000rdmRad,4,31,6,KNN,14,700,749,6
dsj1000rdmRad,4,31,3,DEEPSURV,9,450,499,2
dsj1000rdmRad,4,31,2,GBSA,11,550,599,2
dsj1000rdmRad,4,31,7,ELASTICNET,13,650,699,11
dsj1000rdmRad,4,31,1,RSF,10,500,549,4
dsj1000rdmRad,4,31,8,MTLR,11,550,599,1
dsj1000rdmRad,4,31,3,DEEPSURV,10,500,549,1
dsj1000rdmRad,4,31,7,ELASTICNET,14,700,749,15
dsj1000rdmRad,4,31,8,MTLR,12,600,649,10
dsj1000rdmRad,4,31,7,ELASTICNET,15,750,799,1
dsj1000rdmRad,4,31,3,DEEPSURV,11,550,599,1
dsj1000rdmRad,4,31,8,MTLR,13,650,699,10
dsj1000rdmRad,4,31,3,DEEPSURV,12,600,649,3
dsj1000rdmRad,4,31,3,DEEPSURV,13,650,699,2
dsj1000rdmRad,4,31,3,DEEPSURV,14,700,749,5
dsj1000rdmRad,4,31,3,DEEPSURV,15,750,799,2
dsj1000rdmRad,4,31,3,DEEPSURV,16,800,849,1
dsj1000rdmRad,5,41,0,COX,5,250,299,45
dsj1000rdmRad,5,41,0,COX,6,300,349,42
dsj1000rdmRad,5,41,7,ELASTICNET,5,250,299,31
dsj1000rdmRad,5,41,4,SSVM,5,250,299,17
dsj1000rdmRad,5,41,6,KNN,5,250,299,24
dsj1000rdmRad,5,41,0,COX,7,350,399,43
dsj1000rdmRad,5,41,0,COX,8,400,449,48
dsj1000rdmRad,5,41,5,WEIBULLAFT,5,250,299,36
dsj1000rdmRad,5,41,2,GBSA,5,250,299,25
dsj1000rdmRad,5,41,1,RSF,5,250,299,11
dsj1000rdmRad,5,41,7,ELASTICNET,6,300,349,25
dsj1000rdmRad,5,41,5,WEIBULLAFT,6,300,349,38
dsj1000rdmRad,5,41,6,KNN,6,300,349,26
dsj1000rdmRad,5,41,4,SSVM,6,300,349,13
dsj1000rdmRad,5,41,2,GBSA,6,300,349,22
dsj1000rdmRad,5,41,5,WEIBULLAFT,7,350,399,37
dsj1000rdmRad,5,41,7,ELASTICNET,7,350,399,28
dsj1000rdmRad,5,41,6,KNN,7,350,399,30
dsj1000rdmRad,5,41,5,WEIBULLAFT,8,400,449,39
dsj1000rdmRad,5,41,2,GBSA,7,350,399,26
dsj1000rdmRad,5,41,7,ELASTICNET,8,400,449,32
dsj1000rdmRad,5,41,1,RSF,6,300,349,17
dsj1000rdmRad,5,41,5,WEIBULLAFT,9,450,499,25
dsj1000rdmRad,5,41,6,KNN,8,400,449,33
dsj1000rdmRad,5,41,4,SSVM,7,350,399,20
dsj1000rdmRad,5,41,8,MTLR,5,250,299,7
dsj1000rdmRad,5,41,7,ELASTICNET,9,450,499,34
dsj1000rdmRad,5,41,2,GBSA,8,400,449,26
dsj1000rdmRad,5,41,6,KNN,9,450,499,7
dsj1000rdmRad,5,41,5,WEIBULLAFT,10,500,549,33
dsj1000rdmRad,5,41,7,ELASTICNET,10,500,549,28
dsj1000rdmRad,5,41,4,SSVM,8,400,449,12
dsj1000rdmRad,5,41,2,GBSA,9,450,499,24
dsj1000rdmRad,5,41,5,WEIBULLAFT,11,550,599,21
dsj1000rdmRad,5,41,1,RSF,7,350,399,15
dsj1000rdmRad,5,41,8,MTLR,6,300,349,11
dsj1000rdmRad,5,41,3,DEEPSURV,5,250,299,2
dsj1000rdmRad,5,41,2,GBSA,10,500,549,25
dsj1000rdmRad,5,41,8,MTLR,7,350,399,4
dsj1000rdmRad,5,41,2,GBSA,11,550,599,23
dsj1000rdmRad,5,41,1,RSF,8,400,449,18
dsj1000rdmRad,5,41,2,GBSA,12,600,649,22
dsj1000rdmRad,5,41,3,DEEPSURV,7,350,399,2
dsj1000rdmRad,5,41,8,MTLR,8,400,449,5
dsj1000rdmRad,5,41,2,GBSA,13,650,699,25
dsj1000rdmRad,5,41,3,DEEPSURV,8,400,449,6
dsj1000rdmRad,5,41,1,RSF,9,450,499,13
dsj1000rdmRad,5,41,2,GBSA,14,700,749,25
dsj1000rdmRad,5,41,8,MTLR,9,450,499,3
dsj1000rdmRad,5,41,2,GBSA,15,750,799,28
dsj1000rdmRad,5,41,1,RSF,10,500,549,13
dsj1000rdmRad,5,41,3,DEEPSURV,9,450,499,1
dsj1000rdmRad,5,41,2,GBSA,16,800,849,29
dsj1000rdmRad,5,41,2,GBSA,17,850,899,15
dsj1000rdmRad,5,41,8,MTLR,10,500,549,1
dsj1000rdmRad,5,41,1,RSF,11,550,599,24
dsj1000rdmRad,5,41,3,DEEPSURV,10,500,549,1
dsj1000rdmRad,5,41,8,MTLR,11,550,599,1
dsj1000rdmRad,5,41,1,RSF,12,600,649,14
dsj1000rdmRad,5,41,3,DEEPSURV,11,550,599,2
dsj1000rdmRad,5,41,8,MTLR,12,600,649,1
dsj1000rdmRad,5,41,1,RSF,13,650,699,15
dsj1000rdmRad,5,41,8,MTLR,13,650,699,3
dsj1000rdmRad,5,41,3,DEEPSURV,13,650,699,2
dsj1000rdmRad,5,41,1,RSF,14,700,749,14
dsj1000rdmRad,5,41,8,MTLR,14,700,749,9
dsj1000rdmRad,5,41,3,DEEPSURV,14,700,749,4
dsj1000rdmRad,5,41,8,MTLR,15,750,799,7
dsj1000rdmRad,5,41,1,RSF,15,750,799,13
dsj1000rdmRad,5,41,8,MTLR,16,800,849,5
dsj1000rdmRad,5,41,1,RSF,16,800,849,1
dsj1000rdmRad,5,41,3,DEEPSURV,15,750,799,1
dsj1000rdmRad,5,41,3,DEEPSURV,16,800,849,3
dsj1000rdmRad,5,41,8,MTLR,17,850,899,5
dsj1000rdmRad,5,41,8,MTLR,18,900,949,4
dsj1000rdmRad,5,41,3,DEEPSURV,17,850,899,2
dsj1000rdmRad,5,41,8,MTLR,19,950,999,7
dsj1000rdmRad,5,41,3,DEEPSURV,18,900,949,3
dsj1000rdmRad,5,41,3,DEEPSURV,19,950,999,3
dsj1000rdmRad,6,51,7,ELASTICNET,4,200,249,27
dsj1000rdmRad,6,51,6,KNN,4,200,249,14
dsj1000rdmRad,6,51,7,ELASTICNET,5,250,299,17
dsj1000rdmRad,6,51,6,KNN,5,250,299,30
dsj1000rdmRad,6,51,5,WEIBULLAFT,4,200,249,2
dsj1000rdmRad,6,51,0,COX,5,250,299,27
dsj1000rdmRad,6,51,4,SSVM,5,250,299,32
dsj1000rdmRad,6,51,6,KNN,6,300,349,35
dsj1000rdmRad,6,51,0,COX,6,300,349,39
dsj1000rdmRad,6,51,7,ELASTICNET,6,300,349,21
dsj1000rdmRad,6,51,1,RSF,5,250,299,26
dsj1000rdmRad,6,51,4,SSVM,6,300,349,34
dsj1000rdmRad,6,51,5,WEIBULLAFT,5,250,299,2
dsj1000rdmRad,6,51,2,GBSA,5,250,299,4
dsj1000rdmRad,6,51,0,COX,7,350,399,33
dsj1000rdmRad,6,51,6,KNN,7,350,399,36
dsj1000rdmRad,6,51,0,COX,8,400,449,34
dsj1000rdmRad,6,51,6,KNN,8,400,449,36
dsj1000rdmRad,6,51,4,SSVM,7,350,399,28
dsj1000rdmRad,6,51,7,ELASTICNET,7,350,399,13
dsj1000rdmRad,6,51,6,KNN,9,450,499,27
dsj1000rdmRad,6,51,0,COX,9,450,499,34
dsj1000rdmRad,6,51,4,SSVM,8,400,449,32
dsj1000rdmRad,6,51,1,RSF,6,300,349,22
dsj1000rdmRad,6,51,2,GBSA,6,300,349,10
dsj1000rdmRad,6,51,3,DEEPSURV,5,250,299,7
dsj1000rdmRad,6,51,0,COX,10,500,549,34
dsj1000rdmRad,6,51,8,MTLR,5,250,299,16
dsj1000rdmRad,6,51,5,WEIBULLAFT,6,300,349,2
dsj1000rdmRad,6,51,6,KNN,10,500,549,41
dsj1000rdmRad,6,51,4,SSVM,9,450,499,16
dsj1000rdmRad,6,51,0,COX,11,550,599,32
dsj1000rdmRad,6,51,6,KNN,11,550,599,7
dsj1000rdmRad,6,51,7,ELASTICNET,8,400,449,24
dsj1000rdmRad,6,51,0,COX,12,600,649,39
dsj1000rdmRad,6,51,8,MTLR,6,300,349,25
dsj1000rdmRad,6,51,2,GBSA,7,350,399,3
dsj1000rdmRad,6,51,1,RSF,7,350,399,25
dsj1000rdmRad,6,51,5,WEIBULLAFT,7,350,399,4
dsj1000rdmRad,6,51,3,DEEPSURV,6,300,349,17
dsj1000rdmRad,6,51,0,COX,13,650,699,33
dsj1000rdmRad,6,51,7,ELASTICNET,9,450,499,21
dsj1000rdmRad,6,51,,,0,0,49,1
dsj1000rdmRad,6,51,0,COX,14,700,749,41
dsj1000rdmRad,6,51,8,MTLR,7,350,399,28
dsj1000rdmRad,6,51,0,COX,15,750,799,12
dsj1000rdmRad,6,51,7,ELASTICNET,10,500,549,17
dsj1000rdmRad,6,51,3,DEEPSURV,7,350,399,14
dsj1000rdmRad,6,51,1,RSF,8,400,449,25
dsj1000rdmRad,6,51,2,GBSA,8,400,449,9
dsj1000rdmRad,6,51,8,MTLR,8,400,449,29
dsj1000rdmRad,6,51,7,ELASTICNET,11,550,599,22
dsj1000rdmRad,6,51,8,MTLR,9,450,499,26
dsj1000rdmRad,6,51,5,WEIBULLAFT,8,400,449,4
dsj1000rdmRad,6,51,3,DEEPSURV,8,400,449,18
dsj1000rdmRad,6,51,1,RSF,9,450,499,31
dsj1000rdmRad,6,51,8,MTLR,10,500,549,30
dsj1000rdmRad,6,51,7,ELASTICNET,12,600,649,16
dsj1000rdmRad,6,51,2,GBSA,9,450,499,5
dsj1000rdmRad,6,51,8,MTLR,11,550,599,21
dsj1000rdmRad,6,51,1,RSF,10,500,549,31
dsj1000rdmRad,6,51,7,ELASTICNET,13,650,699,16
dsj1000rdmRad,6,51,5,WEIBULLAFT,9,450,499,1
dsj1000rdmRad,6,51,2,GBSA,10,500,549,7
dsj1000rdmRad,6,51,8,MTLR,12,600,649,23
dsj1000rdmRad,6,51,1,RSF,11,550,599,30
dsj1000rdmRad,6,51,7,ELASTICNET,14,700,749,28
dsj1000rdmRad,6,51,5,WEIBULLAFT,10,500,549,3
dsj1000rdmRad,6,51,8,MTLR,13,650,699,27
dsj1000rdmRad,6,51,2,GBSA,11,550,599,4
dsj1000rdmRad,6,51,7,ELASTICNET,15,750,799,25
dsj1000rdmRad,6,51,8,MTLR,14,700,749,26
dsj1000rdmRad,6,51,1,RSF,12,600,649,33
dsj1000rdmRad,6,51,5,WEIBULLAFT,11,550,599,1
dsj1000rdmRad,6,51,7,ELASTICNET,16,800,849,10
dsj1000rdmRad,6,51,8,MTLR,15,750,799,27
dsj1000rdmRad,6,51,1,RSF,13,650,699,28
dsj1000rdmRad,6,51,8,MTLR,16,800,849,28
dsj1000rdmRad,6,51,2,GBSA,12,600,649,1
dsj1000rdmRad,6,51,8,MTLR,17,850,899,21
dsj1000rdmRad,6,51,2,GBSA,13,650,699,5
dsj1000rdmRad,6,51,1,RSF,14,700,749,33
dsj1000rdmRad,6,51,5,WEIBULLAFT,12,600,649,4
dsj1000rdmRad,6,51,8,MTLR,18,900,949,23
dsj1000rdmRad,6,51,1,RSF,15,750,799,21
dsj1000rdmRad,6,51,5,WEIBULLAFT,13,650,699,3
dsj1000rdmRad,6,51,8,MTLR,19,950,999,20
dsj1000rdmRad,6,51,2,GBSA,14,700,749,4
dsj1000rdmRad,6,51,2,GBSA,15,750,799,5
dsj1000rdmRad,6,51,5,WEIBULLAFT,14,700,749,2
dsj1000rdmRad,6,51,2,GBSA,16,800,849,5
dsj1000rdmRad,6,51,5,WEIBULLAFT,15,750,799,3
dsj1000rdmRad,6,51,2,GBSA,17,850,899,9
dsj1000rdmRad,6,51,2,GBSA,18,900,949,9
dsj1000rdmRad,6,51,5,WEIBULLAFT,16,800,849,1
dsj1000rdmRad,6,51,5,WEIBULLAFT,17,850,899,3
dsj1000rdmRad,6,51,2,GBSA,19,950,999,5
dsj1000rdmRad,6,51,5,WEIBULLAFT,18,900,949,1
dsj1000rdmRad,6,51,5,WEIBULLAFT,19,950,999,1
dsj1000rdmRad,7,61,0,COX,5,250,299,36
dsj1000rdmRad,7,61,7,ELASTICNET,5,250,299,24
dsj1000rdmRad,7,61,6,KNN,5,250,299,38
dsj1000rdmRad,7,61,0,COX,6,300,349,34
dsj1000rdmRad,7,61,5,WEIBULLAFT,5,250,299,34
dsj1000rdmRad,7,61,1,RSF,5,250,299,19
dsj1000rdmRad,7,61,6,KNN,6,300,349,37
dsj1000rdmRad,7,61,0,COX,7,350,399,30
dsj1000rdmRad,7,61,7,ELASTICNET,6,300,349,34
dsj1000rdmRad,7,61,5,WEIBULLAFT,6,300,349,34
dsj1000rdmRad,7,61,6,KNN,7,350,399,29
dsj1000rdmRad,7,61,7,ELASTICNET,7,350,399,25
dsj1000rdmRad,7,61,0,COX,8,400,449,23
dsj1000rdmRad,7,61,5,WEIBULLAFT,7,350,399,31
dsj1000rdmRad,7,61,4,SSVM,5,250,299,1
dsj1000rdmRad,7,61,6,KNN,8,400,449,25
dsj1000rdmRad,7,61,4,SSVM,6,300,349,8
dsj1000rdmRad,7,61,1,RSF,6,300,349,32
dsj1000rdmRad,7,61,5,WEIBULLAFT,8,400,449,32
dsj1000rdmRad,7,61,7,ELASTICNET,8,400,449,23
dsj1000rdmRad,7,61,6,KNN,9,450,499,34
dsj1000rdmRad,7,61,3,DEEPSURV,5,250,299,6
dsj1000rdmRad,7,61,5,WEIBULLAFT,9,450,499,35
dsj1000rdmRad,7,61,4,SSVM,7,350,399,5
dsj1000rdmRad,7,61,6,KNN,10,500,549,32
dsj1000rdmRad,7,61,1,RSF,7,350,399,26
dsj1000rdmRad,7,61,5,WEIBULLAFT,10,500,549,39
dsj1000rdmRad,7,61,6,KNN,11,550,599,36
dsj1000rdmRad,7,61,5,WEIBULLAFT,11,550,599,30
dsj1000rdmRad,7,61,6,KNN,12,600,649,35
dsj1000rdmRad,7,61,4,SSVM,8,400,449,6
dsj1000rdmRad,7,61,1,RSF,8,400,449,27
dsj1000rdmRad,7,61,3,DEEPSURV,6,300,349,4
dsj1000rdmRad,7,61,6,KNN,13,650,699,38
dsj1000rdmRad,7,61,5,WEIBULLAFT,12,600,649,31
dsj1000rdmRad,7,61,8,MTLR,6,300,349,3
dsj1000rdmRad,7,61,6,KNN,14,700,749,38
dsj1000rdmRad,7,61,5,WEIBULLAFT,13,650,699,30
dsj1000rdmRad,7,61,6,KNN,15,750,799,34
dsj1000rdmRad,7,61,3,DEEPSURV,7,350,399,9
dsj1000rdmRad,7,61,8,MTLR,7,350,399,4
dsj1000rdmRad,7,61,6,KNN,16,800,849,40
dsj1000rdmRad,7,61,1,RSF,9,450,499,36
dsj1000rdmRad,7,61,4,SSVM,9,450,499,7
dsj1000rdmRad,7,61,6,KNN,17,850,899,36
dsj1000rdmRad,7,61,6,KNN,18,900,949,16
dsj1000rdmRad,7,61,2,GBSA,8,400,449,1
dsj1000rdmRad,7,61,1,RSF,10,500,549,30
dsj1000rdmRad,7,61,3,DEEPSURV,8,400,449,1
dsj1000rdmRad,7,61,8,MTLR,8,400,449,2
dsj1000rdmRad,7,61,4,SSVM,10,500,549,9
dsj1000rdmRad,7,61,1,RSF,11,550,599,26
dsj1000rdmRad,7,61,3,DEEPSURV,9,450,499,2
dsj1000rdmRad,7,61,4,SSVM,11,550,599,7
dsj1000rdmRad,7,61,1,RSF,12,600,649,25
dsj1000rdmRad,7,61,4,SSVM,12,600,649,10
dsj1000rdmRad,7,61,3,DEEPSURV,10,500,549,1
dsj1000rdmRad,7,61,1,RSF,13,650,699,24
dsj1000rdmRad,7,61,8,MTLR,10,500,549,1
dsj1000rdmRad,7,61,3,DEEPSURV,11,550,599,2
dsj1000rdmRad,7,61,4,SSVM,13,650,699,4
dsj1000rdmRad,7,61,8,MTLR,11,550,599,1
dsj1000rdmRad,7,61,1,RSF,14,700,749,28
dsj1000rdmRad,7,61,4,SSVM,14,700,749,5
dsj1000rdmRad,7,61,1,RSF,15,750,799,29
dsj1000rdmRad,7,61,8,MTLR,12,600,649,1
dsj1000rdmRad,7,61,3,DEEPSURV,12,600,649,2
dsj1000rdmRad,7,61,2,GBSA,13,650,699,1
dsj1000rdmRad,7,61,4,SSVM,15,750,799,9
dsj1000rdmRad,7,61,1,RSF,16,800,849,26
dsj1000rdmRad,7,61,4,SSVM,16,800,849,6
dsj1000rdmRad,7,61,1,RSF,17,850,899,20
dsj1000rdmRad,7,61,4,SSVM,17,850,899,10
dsj1000rdmRad,7,61,1,RSF,18,900,949,16
dsj1000rdmRad,7,61,8,MTLR,14,700,749,1
dsj1000rdmRad,7,61,8,MTLR,15,750,799,5
dsj1000rdmRad,7,61,8,MTLR,16,800,849,2
dsj1000rdmRad,7,61,8,MTLR,17,850,899,6
dsj1000rdmRad,7,61,8,MTLR,18,900,949,4
dsj1000rdmRad,7,61,8,MTLR,19,950,999,1
dsj1000rdmRad,8,71,0,COX,4,200,249,13
dsj1000rdmRad,8,71,0,COX,5,250,299,27
dsj1000rdmRad,8,71,0,COX,6,300,349,32
dsj1000rdmRad,8,71,6,KNN,5,250,299,24
dsj1000rdmRad,8,71,5,WEIBULLAFT,4,200,249,6
dsj1000rdmRad,8,71,7,ELASTICNET,5,250,299,4
dsj1000rdmRad,8,71,4,SSVM,5,250,299,35
dsj1000rdmRad,8,71,5,WEIBULLAFT,5,250,299,37
dsj1000rdmRad,8,71,0,COX,7,350,399,28
dsj1000rdmRad,8,71,1,RSF,5,250,299,13
dsj1000rdmRad,8,71,5,WEIBULLAFT,6,300,349,44
dsj1000rdmRad,8,71,4,SSVM,6,300,349,36
dsj1000rdmRad,8,71,6,KNN,6,300,349,25
dsj1000rdmRad,8,71,5,WEIBULLAFT,7,350,399,41
dsj1000rdmRad,8,71,0,COX,8,400,449,26
dsj1000rdmRad,8,71,4,SSVM,7,350,399,37
dsj1000rdmRad,8,71,5,WEIBULLAFT,8,400,449,36
dsj1000rdmRad,8,71,4,SSVM,8,400,449,30
dsj1000rdmRad,8,71,6,KNN,7,350,399,20
dsj1000rdmRad,8,71,0,COX,9,450,499,22
dsj1000rdmRad,8,71,5,WEIBULLAFT,9,450,499,41
dsj1000rdmRad,8,71,1,RSF,6,300,349,13
dsj1000rdmRad,8,71,5,WEIBULLAFT,10,500,549,37
dsj1000rdmRad,8,71,4,SSVM,9,450,499,7
dsj1000rdmRad,8,71,8,MTLR,5,250,299,23
dsj1000rdmRad,8,71,6,KNN,8,400,449,18
dsj1000rdmRad,8,71,7,ELASTICNET,6,300,349,2
dsj1000rdmRad,8,71,0,COX,10,500,549,12
dsj1000rdmRad,8,71,3,DEEPSURV,5,250,299,7
dsj1000rdmRad,8,71,5,WEIBULLAFT,11,550,599,32
dsj1000rdmRad,8,71,,,0,0,49,1
dsj1000rdmRad,8,71,2,GBSA,6,300,349,3
dsj1000rdmRad,8,71,8,MTLR,6,300,349,27
dsj1000rdmRad,8,71,1,RSF,7,350,399,11
dsj1000rdmRad,8,71,2,GBSA,7,350,399,4
dsj1000rdmRad,8,71,8,MTLR,7,350,399,22
dsj1000rdmRad,8,71,7,ELASTICNET,7,350,399,1
dsj1000rdmRad,8,71,3,DEEPSURV,6,300,349,14
dsj1000rdmRad,8,71,8,MTLR,8,400,449,30
dsj1000rdmRad,8,71,2,GBSA,8,400,449,7
dsj1000rdmRad,8,71,3,DEEPSURV,7,350,399,9
dsj1000rdmRad,8,71,1,RSF,8,400,449,18
dsj1000rdmRad,8,71,8,MTLR,9,450,499,29
dsj1000rdmRad,8,71,8,MTLR,10,500,549,34
dsj1000rdmRad,8,71,7,ELASTICNET,9,450,499,3
dsj1000rdmRad,8,71,8,MTLR,11,550,599,32
dsj1000rdmRad,8,71,3,DEEPSURV,8,400,449,9
dsj1000rdmRad,8,71,2,GBSA,9,450,499,4
dsj1000rdmRad,8,71,1,RSF,9,450,499,14
dsj1000rdmRad,8,71,8,MTLR,12,600,649,20
dsj1000rdmRad,8,71,3,DEEPSURV,9,450,499,8
dsj1000rdmRad,8,71,2,GBSA,10,500,549,4
dsj1000rdmRad,8,71,7,ELASTICNET,10,500,549,2
dsj1000rdmRad,8,71,1,RSF,10,500,549,14
dsj1000rdmRad,8,71,3,DEEPSURV,10,500,549,12
dsj1000rdmRad,8,71,2,GBSA,11,550,599,4
dsj1000rdmRad,8,71,7,ELASTICNET,11,550,599,1
dsj1000rdmRad,8,71,3,DEEPSURV,11,550,599,17
dsj1000rdmRad,8,71,1,RSF,11,550,599,16
dsj1000rdmRad,8,71,7,ELASTICNET,12,600,649,3
dsj1000rdmRad,8,71,2,GBSA,12,600,649,4
dsj1000rdmRad,8,71,3,DEEPSURV,12,600,649,9
dsj1000rdmRad,8,71,1,RSF,12,600,649,16
dsj1000rdmRad,8,71,7,ELASTICNET,13,650,699,3
dsj1000rdmRad,8,71,2,GBSA,13,650,699,3
dsj1000rdmRad,8,71,1,RSF,13,650,699,10
dsj1000rdmRad,8,71,2,GBSA,14,700,749,5
dsj1000rdmRad,8,71,2,GBSA,15,750,799,2
dsj1000rdmRad,8,71,1,RSF,14,700,749,2
dsj1000rdmRad,8,71,2,GBSA,16,800,849,10
dsj1000rdmRad,8,71,2,GBSA,19,950,999,1
dsj1000rdmRad,9,81,1,RSF,4,200,249,27
dsj1000rdmRad,9,81,0,COX,5,250,299,24
dsj1000rdmRad,9,81,1,RSF,5,250,299,25
dsj1000rdmRad,9,81,6,KNN,5,250,299,22
dsj1000rdmRad,9,81,4,SSVM,5,250,299,31
dsj1000rdmRad,9,81,7,ELASTICNET,5,250,299,8
dsj1000rdmRad,9,81,0,COX,6,300,349,14
dsj1000rdmRad,9,81,5,WEIBULLAFT,5,250,299,24
dsj1000rdmRad,9,81,2,GBSA,5,250,299,14
dsj1000rdmRad,9,81,4,SSVM,6,300,349,32
dsj1000rdmRad,9,81,6,KNN,6,300,349,20
dsj1000rdmRad,9,81,5,WEIBULLAFT,6,300,349,21
dsj1000rdmRad,9,81,0,COX,7,350,399,22
dsj1000rdmRad,9,81,4,SSVM,7,350,399,28
dsj1000rdmRad,9,81,1,RSF,6,300,349,24
dsj1000rdmRad,9,81,7,ELASTICNET,6,300,349,9
dsj1000rdmRad,9,81,2,GBSA,6,300,349,10
dsj1000rdmRad,9,81,6,KNN,7,350,399,23
dsj1000rdmRad,9,81,4,SSVM,8,400,449,35
dsj1000rdmRad,9,81,0,COX,8,400,449,22
dsj1000rdmRad,9,81,5,WEIBULLAFT,7,350,399,28
dsj1000rdmRad,9,81,8,MTLR,5,250,299,29
dsj1000rdmRad,9,81,7,ELASTICNET,7,350,399,14
dsj1000rdmRad,9,81,6,KNN,8,400,449,27
dsj1000rdmRad,9,81,4,SSVM,9,450,499,27
dsj1000rdmRad,9,81,2,GBSA,7,350,399,12
dsj1000rdmRad,9,81,1,RSF,7,350,399,25
dsj1000rdmRad,9,81,8,MTLR,6,300,349,25
dsj1000rdmRad,9,81,5,WEIBULLAFT,8,400,449,33
dsj1000rdmRad,9,81,0,COX,9,450,499,20
dsj1000rdmRad,9,81,3,DEEPSURV,5,250,299,1
dsj1000rdmRad,9,81,4,SSVM,10,500,549,30
dsj1000rdmRad,9,81,6,KNN,9,450,499,31
dsj1000rdmRad,9,81,3,DEEPSURV,6,300,349,4
dsj1000rdmRad,9,81,5,WEIBULLAFT,9,450,499,26
dsj1000rdmRad,9,81,7,ELASTICNET,8,400,449,12
dsj1000rdmRad,9,81,8,MTLR,7,350,399,24
dsj1000rdmRad,9,81,6,KNN,10,500,549,23
dsj1000rdmRad,9,81,4,SSVM,11,550,599,28
dsj1000rdmRad,9,81,1,RSF,8,400,449,25
dsj1000rdmRad,9,81,0,COX,10,500,549,20
dsj1000rdmRad,9,81,2,GBSA,8,400,449,9
dsj1000rdmRad,9,81,5,WEIBULLAFT,10,500,549,30
dsj1000rdmRad,9,81,8,MTLR,8,400,449,26
dsj1000rdmRad,9,81,4,SSVM,12,600,649,25
dsj1000rdmRad,9,81,6,KNN,11,550,599,28
dsj1000rdmRad,9,81,7,ELASTICNET,9,450,499,17
dsj1000rdmRad,9,81,0,COX,11,550,599,18
dsj1000rdmRad,9,81,,,0,0,49,1
dsj1000rdmRad,9,81,3,DEEPSURV,7,350,399,6
dsj1000rdmRad,9,81,5,WEIBULLAFT,11,550,599,29
dsj1000rdmRad,9,81,2,GBSA,9,450,499,17
dsj1000rdmRad,9,81,1,RSF,9,450,499,28
dsj1000rdmRad,9,81,6,KNN,12,600,649,29
dsj1000rdmRad,9,81,4,SSVM,13,650,699,2
dsj1000rdmRad,9,81,5,WEIBULLAFT,12,600,649,3
dsj1000rdmRad,9,81,0,COX,12,600,649,24
dsj1000rdmRad,9,81,6,KNN,13,650,699,20
dsj1000rdmRad,9,81,3,DEEPSURV,8,400,449,8
dsj1000rdmRad,9,81,2,GBSA,10,500,549,8
dsj1000rdmRad,9,81,1,RSF,10,500,549,27
dsj1000rdmRad,9,81,0,COX,13,650,699,21
dsj1000rdmRad,9,81,6,KNN,14,700,749,22
dsj1000rdmRad,9,81,3,DEEPSURV,9,450,499,4
dsj1000rdmRad,9,81,0,COX,14,700,749,12
dsj1000rdmRad,9,81,2,GBSA,11,550,599,1
dsj1000rdmRad,9,81,6,KNN,15,750,799,18
dsj1000rdmRad,9,81,1,RSF,11,550,599,21
dsj1000rdmRad,9,81,6,KNN,16,800,849,21
dsj1000rdmRad,9,81,3,DEEPSURV,10,500,549,7
dsj1000rdmRad,9,81,1,RSF,12,600,649,28
dsj1000rdmRad,9,81,6,KNN,17,850,899,19
dsj1000rdmRad,9,81,3,DEEPSURV,11,550,599,3
dsj1000rdmRad,9,81,1,RSF,13,650,699,23
dsj1000rdmRad,9,81,6,KNN,18,900,949,18
dsj1000rdmRad,9,81,6,KNN,19,950,999,19
dsj1000rdmRad,9,81,1,RSF,14,700,749,22
dsj1000rdmRad,9,81,3,DEEPSURV,12,600,649,7
dsj1000rdmRad,9,81,3,DEEPSURV,13,650,699,10
dsj1000rdmRad,9,81,1,RSF,15,750,799,20
dsj1000rdmRad,9,81,3,DEEPSURV,14,700,749,8
dsj1000rdmRad,9,81,1,RSF,16,800,849,23
dsj1000rdmRad,9,81,3,DEEPSURV,15,750,799,8
dsj1000rdmRad,9,81,1,RSF,17,850,899,8
dsj1000rdmRad,9,81,3,DEEPSURV,16,800,849,8
dsj1000rdmRad,9,81,3,DEEPSURV,17,850,899,5
dsj1000rdmRad,9,81,3,DEEPSURV,18,900,949,6
dsj1000rdmRad,9,81,3,DEEPSURV,19,950,999,9
kroD100rdmRad,10,91,5,WEIBULLAFT,4,200,249,16
kroD100rdmRad,10,91,0,COX,5,250,299,2
kroD100rdmRad,10,91,4,SSVM,5,250,299,20
kroD100rdmRad,10,91,5,WEIBULLAFT,5,250,299,12
kroD100rdmRad,10,91,6,KNN,5,250,299,6
kroD100rdmRad,10,91,7,ELASTICNET,5,250,299,7
kroD100rdmRad,10,91,2,GBSA,5,250,299,15
kroD100rdmRad,10,91,1,RSF,5,250,299,9
kroD100rdmRad,10,91,4,SSVM,6,300,349,17
kroD100rdmRad,10,91,6,KNN,6,300,349,13
kroD100rdmRad,10,91,5,WEIBULLAFT,6,300,349,8
kroD100rdmRad,10,91,7,ELASTICNET,6,300,349,4
kroD100rdmRad,10,91,2,GBSA,6,300,349,17
kroD100rdmRad,10,91,4,SSVM,7,350,399,16
kroD100rdmRad,10,91,1,RSF,6,300,349,9
kroD100rdmRad,10,91,6,KNN,7,350,399,11
kroD100rdmRad,10,91,2,GBSA,7,350,399,18
kroD100rdmRad,10,91,7,ELASTICNET,7,350,399,6
kroD100rdmRad,10,91,5,WEIBULLAFT,7,350,399,5
kroD100rdmRad,10,91,4,SSVM,8,400,449,19
kroD100rdmRad,10,91,0,COX,7,350,399,1
kroD100rdmRad,10,91,3,DEEPSURV,5,250,299,2
kroD100rdmRad,10,91,2,GBSA,8,400,449,19
kroD100rdmRad,10,91,6,KNN,8,400,449,12
kroD100rdmRad,10,91,8,MTLR,5,250,299,6
kroD100rdmRad,10,91,0,COX,8,400,449,2
kroD100rdmRad,10,91,5,WEIBULLAFT,8,400,449,2
kroD100rdmRad,10,91,1,RSF,7,350,399,13
kroD100rdmRad,10,91,2,GBSA,9,450,499,21
kroD100rdmRad,10,91,6,KNN,9,450,499,13
kroD100rdmRad,10,91,8,MTLR,6,300,349,4
kroD100rdmRad,10,91,2,GBSA,10,500,549,21
kroD100rdmRad,10,91,0,COX,9,450,499,4
kroD100rdmRad,10,91,6,KNN,10,500,549,2
kroD100rdmRad,10,91,8,MTLR,7,350,399,3
kroD100rdmRad,10,91,7,ELASTICNET,9,450,499,2
kroD100rdmRad,10,91,1,RSF,8,400,449,11
kroD100rdmRad,10,91,2,GBSA,11,550,599,17
kroD100rdmRad,10,91,3,DEEPSURV,7,350,399,1
kroD100rdmRad,10,91,0,COX,10,500,549,1
kroD100rdmRad,10,91,7,ELASTICNET,10,500,549,1
kroD100rdmRad,10,91,2,GBSA,12,600,649,25
kroD100rdmRad,10,91,8,MTLR,8,400,449,3
kroD100rdmRad,10,91,1,RSF,9,450,499,11
kroD100rdmRad,10,91,2,GBSA,13,650,699,18
kroD100rdmRad,10,91,7,ELASTICNET,11,550,599,1
kroD100rdmRad,10,91,2,GBSA,14,700,749,19
kroD100rdmRad,10,91,7,ELASTICNET,12,600,649,2
kroD100rdmRad,10,91,2,GBSA,15,750,799,24
kroD100rdmRad,10,91,1,RSF,10,500,549,11
kroD100rdmRad,10,91,2,GBSA,16,800,849,18
kroD100rdmRad,10,91,7,ELASTICNET,13,650,699,2
kroD100rdmRad,10,91,2,GBSA,17,850,899,22
kroD100rdmRad,10,91,1,RSF,11,550,599,7
kroD100rdmRad,10,91,2,GBSA,18,900,949,21
kroD100rdmRad,10,91,7,ELASTICNET,14,700,749,4
kroD100rdmRad,10,91,2,GBSA,19,950,999,22
kroD100rdmRad,10,91,1,RSF,12,600,649,1
kroD100rdmRad,10,91,1,RSF,13,650,699,3
kroD100rdmRad,10,91,1,RSF,14,700,749,3
kroD100rdmRad,1,1,6,KNN,4,200,249,20
kroD100rdmRad,1,1,1,RSF,4,200,249,25
kroD100rdmRad,1,1,2,GBSA,4,200,249,11
kroD100rdmRad,1,1,6,KNN,5,250,299,31
kroD100rdmRad,1,1,0,COX,5,250,299,49
kroD100rdmRad,1,1,0,COX,6,300,349,50
kroD100rdmRad,1,1,0,COX,7,350,399,50
kroD100rdmRad,1,1,0,COX,8,400,449,49
kroD100rdmRad,1,1,4,SSVM,5,250,299,39
kroD100rdmRad,1,1,7,ELASTICNET,5,250,299,21
kroD100rdmRad,1,1,2,GBSA,5,250,299,15
kroD100rdmRad,1,1,6,KNN,6,300,349,24
kroD100rdmRad,1,1,4,SSVM,6,300,349,33
kroD100rdmRad,1,1,1,RSF,5,250,299,23
kroD100rdmRad,1,1,4,SSVM,7,350,399,35
kroD100rdmRad,1,1,6,KNN,7,350,399,30
kroD100rdmRad,1,1,7,ELASTICNET,6,300,349,32
kroD100rdmRad,1,1,2,GBSA,6,300,349,11
kroD100rdmRad,1,1,3,DEEPSURV,4,200,249,17
kroD100rdmRad,1,1,4,SSVM,8,400,449,29
kroD100rdmRad,1,1,8,MTLR,4,200,249,15
kroD100rdmRad,1,1,6,KNN,8,400,449,28
kroD100rdmRad,1,1,7,ELASTICNET,7,350,399,26
kroD100rdmRad,1,1,1,RSF,6,300,349,20
kroD100rdmRad,1,1,6,KNN,9,450,499,31
kroD100rdmRad,1,1,2,GBSA,7,350,399,15
kroD100rdmRad,1,1,7,ELASTICNET,8,400,449,25
kroD100rdmRad,1,1,3,DEEPSURV,5,250,299,13
kroD100rdmRad,1,1,8,MTLR,5,250,299,15
kroD100rdmRad,1,1,6,KNN,10,500,549,26
kroD100rdmRad,1,1,5,WEIBULLAFT,6,300,349,1
kroD100rdmRad,1,1,2,GBSA,8,400,449,16
kroD100rdmRad,1,1,3,DEEPSURV,6,300,349,12
kroD100rdmRad,1,1,6,KNN,11,550,599,33
kroD100rdmRad,1,1,8,MTLR,6,300,349,12
kroD100rdmRad,1,1,1,RSF,7,350,399,26
kroD100rdmRad,1,1,6,KNN,12,600,649,26
kroD100rdmRad,1,1,2,GBSA,9,450,499,1
kroD100rdmRad,1,1,3,DEEPSURV,7,350,399,20
kroD100rdmRad,1,1,8,MTLR,7,350,399,14
kroD100rdmRad,1,1,6,KNN,13,650,699,29
kroD100rdmRad,1,1,5,WEIBULLAFT,7,350,399,1
kroD100rdmRad,1,1,5,WEIBULLAFT,8,400,449,3
kroD100rdmRad,1,1,1,RSF,8,400,449,11
kroD100rdmRad,1,1,3,DEEPSURV,8,400,449,14
kroD100rdmRad,1,1,6,KNN,14,700,749,24
kroD100rdmRad,1,1,8,MTLR,8,400,449,17
kroD100rdmRad,1,1,6,KNN,15,750,799,13
kroD100rdmRad,1,1,3,DEEPSURV,9,450,499,12
kroD100rdmRad,1,1,8,MTLR,9,450,499,19
kroD100rdmRad,1,1,8,MTLR,10,500,549,20
kroD100rdmRad,1,1,3,DEEPSURV,10,500,549,10
kroD100rdmRad,1,1,8,MTLR,11,550,599,22
kroD100rdmRad,1,1,3,DEEPSURV,11,550,599,14
kroD100rdmRad,1,1,8,MTLR,12,600,649,20
kroD100rdmRad,1,1,5,WEIBULLAFT,11,550,599,6
kroD100rdmRad,1,1,3,DEEPSURV,12,600,649,14
kroD100rdmRad,1,1,8,MTLR,13,650,699,20
kroD100rdmRad,1,1,5,WEIBULLAFT,12,600,649,6
kroD100rdmRad,1,1,3,DEEPSURV,13,650,699,14
kroD100rdmRad,1,1,8,MTLR,14,700,749,25
kroD100rdmRad,1,1,3,DEEPSURV,14,700,749,12
kroD100rdmRad,1,1,8,MTLR,15,750,799,26
kroD100rdmRad,1,1,5,WEIBULLAFT,13,650,699,2
kroD100rdmRad,1,1,8,MTLR,16,800,849,17
kroD100rdmRad,1,1,8,MTLR,17,850,899,7
kroD100rdmRad,2,11,2,GBSA,4,200,249,22
kroD100rdmRad,2,11,0,COX,5,250,299,28
kroD100rdmRad,2,11,4,SSVM,4,200,249,4
kroD100rdmRad,2,11,6,KNN,5,250,299,25
kroD100rdmRad,2,11,0,COX,6,300,349,24
kroD100rdmRad,2,11,2,GBSA,5,250,299,14
kroD100rdmRad,2,11,1,RSF,5,250,299,21
kroD100rdmRad,2,11,5,WEIBULLAFT,5,250,299,33
kroD100rdmRad,2,11,4,SSVM,5,250,299,4
kroD100rdmRad,2,11,6,KNN,6,300,349,31
kroD100rdmRad,2,11,0,COX,7,350,399,19
kroD100rdmRad,2,11,5,WEIBULLAFT,6,300,349,29
kroD100rdmRad,2,11,2,GBSA,6,300,349,15
kroD100rdmRad,2,11,7,ELASTICNET,5,250,299,4
kroD100rdmRad,2,11,6,KNN,7,350,399,35
kroD100rdmRad,2,11,4,SSVM,6,300,349,6
kroD100rdmRad,2,11,7,ELASTICNET,6,300,349,9
kroD100rdmRad,2,11,5,WEIBULLAFT,7,350,399,27
kroD100rdmRad,2,11,6,KNN,8,400,449,28
kroD100rdmRad,2,11,0,COX,8,400,449,23
kroD100rdmRad,2,11,1,RSF,6,300,349,29
kroD100rdmRad,2,11,2,GBSA,7,350,399,23
kroD100rdmRad,2,11,6,KNN,9,450,499,22
kroD100rdmRad,2,11,5,WEIBULLAFT,8,400,449,26
kroD100rdmRad,2,11,0,COX,9,450,499,13
kroD100rdmRad,2,11,2,GBSA,8,400,449,23
kroD100rdmRad,2,11,7,ELASTICNET,7,350,399,1
kroD100rdmRad,2,11,1,RSF,7,350,399,24
kroD100rdmRad,2,11,0,COX,10,500,549,23
kroD100rdmRad,2,11,2,GBSA,9,450,499,27
kroD100rdmRad,2,11,4,SSVM,7,350,399,2
kroD100rdmRad,2,11,4,SSVM,8,400,449,5
kroD100rdmRad,2,11,7,ELASTICNET,8,400,449,3
kroD100rdmRad,2,11,2,GBSA,10,500,549,18
kroD100rdmRad,2,11,8,MTLR,5,250,299,3
kroD100rdmRad,2,11,8,MTLR,6,300,349,8
kroD100rdmRad,2,11,1,RSF,8,400,449,29
kroD100rdmRad,2,11,2,GBSA,11,550,599,24
kroD100rdmRad,2,11,4,SSVM,9,450,499,3
kroD100rdmRad,2,11,3,DEEPSURV,6,300,349,1
kroD100rdmRad,2,11,7,ELASTICNET,9,450,499,2
kroD100rdmRad,2,11,8,MTLR,7,350,399,12
kroD100rdmRad,2,11,2,GBSA,12,600,649,18
kroD100rdmRad,2,11,1,RSF,9,450,499,27
kroD100rdmRad,2,11,3,DEEPSURV,7,350,399,3
kroD100rdmRad,2,11,8,MTLR,8,400,449,9
kroD100rdmRad,2,11,7,ELASTICNET,10,500,549,3
kroD100rdmRad,2,11,2,GBSA,13,650,699,28
kroD100rdmRad,2,11,4,SSVM,10,500,549,2
kroD100rdmRad,2,11,1,RSF,10,500,549,25
kroD100rdmRad,2,11,2,GBSA,14,700,749,8
kroD100rdmRad,2,11,3,DEEPSURV,8,400,449,3
kroD100rdmRad,2,11,4,SSVM,11,550,599,1
kroD100rdmRad,2,11,8,MTLR,9,450,499,9
kroD100rdmRad,2,11,7,ELASTICNET,11,550,599,2
kroD100rdmRad,2,11,1,RSF,11,550,599,19
kroD100rdmRad,2,11,3,DEEPSURV,9,450,499,2
kroD100rdmRad,2,11,8,MTLR,10,500,549,4
kroD100rdmRad,2,11,7,ELASTICNET,12,600,649,5
kroD100rdmRad,2,11,8,MTLR,11,550,599,5
kroD100rdmRad,2,11,3,DEEPSURV,10,500,549,1
kroD100rdmRad,2,11,7,ELASTICNET,13,650,699,3
kroD100rdmRad,2,11,3,DEEPSURV,11,550,599,1
kroD100rdmRad,2,11,8,MTLR,12,600,649,5
kroD100rdmRad,2,11,7,ELASTICNET,14,700,749,3
kroD100rdmRad,2,11,3,DEEPSURV,12,600,649,4
kroD100rdmRad,2,11,8,MTLR,13,650,699,6
kroD100rdmRad,2,11,3,DEEPSURV,13,650,699,7
kroD100rdmRad,2,11,3,DEEPSURV,14,700,749,7
kroD100rdmRad,3,21,0,COX,4,200,249,46
kroD100rdmRad,3,21,0,COX,5,250,299,44
kroD100rdmRad,3,21,0,COX,6,300,349,45
kroD100rdmRad,3,21,0,COX,7,350,399,46
kroD100rdmRad,3,21,2,GBSA,4,200,249,1
kroD100rdmRad,3,21,4,SSVM,5,250,299,29
kroD100rdmRad,3,21,6,KNN,5,250,299,28
kroD100rdmRad,3,21,5,WEIBULLAFT,5,250,299,32
kroD100rdmRad,3,21,1,RSF,5,250,299,20
kroD100rdmRad,3,21,4,SSVM,6,300,349,29
kroD100rdmRad,3,21,6,KNN,6,300,349,22
kroD100rdmRad,3,21,7,ELASTICNET,5,250,299,2
kroD100rdmRad,3,21,5,WEIBULLAFT,6,300,349,27
kroD100rdmRad,3,21,4,SSVM,7,350,399,28
kroD100rdmRad,3,21,6,KNN,7,350,399,27
kroD100rdmRad,3,21,5,WEIBULLAFT,7,350,399,28
kroD100rdmRad,3,21,7,ELASTICNET,6,300,349,4
kroD100rdmRad,3,21,4,SSVM,8,400,449,24
kroD100rdmRad,3,21,1,RSF,6,300,349,27
kroD100rdmRad,3,21,6,KNN,8,400,449,24
kroD100rdmRad,3,21,3,DEEPSURV,4,200,249,1
kroD100rdmRad,3,21,5,WEIBULLAFT,8,400,449,25
kroD100rdmRad,3,21,4,SSVM,9,450,499,24
kroD100rdmRad,3,21,7,ELASTICNET,7,350,399,3
kroD100rdmRad,3,21,6,KNN,9,450,499,17
kroD100rdmRad,3,21,,,0,0,49,1
kroD100rdmRad,3,21,5,WEIBULLAFT,9,450,499,7
kroD100rdmRad,3,21,8,MTLR,5,250,299,2
kroD100rdmRad,3,21,1,RSF,7,350,399,25
kroD100rdmRad,3,21,4,SSVM,10,500,549,34
kroD100rdmRad,3,21,4,SSVM,11,550,599,35
kroD100rdmRad,3,21,7,ELASTICNET,8,400,449,6
kroD100rdmRad,3,21,6,KNN,10,500,549,14
kroD100rdmRad,3,21,4,SSVM,12,600,649,24
kroD100rdmRad,3,21,8,MTLR,6,300,349,2
kroD100rdmRad,3,21,2,GBSA,7,350,399,1
kroD100rdmRad,3,21,3,DEEPSURV,6,300,349,1
kroD100rdmRad,3,21,6,KNN,11,550,599,20
kroD100rdmRad,3,21,1,RSF,8,400,449,14
kroD100rdmRad,3,21,4,SSVM,13,650,699,11
kroD100rdmRad,3,21,7,ELASTICNET,9,450,499,4
kroD100rdmRad,3,21,2,GBSA,8,400,449,4
kroD100rdmRad,3,21,8,MTLR,7,350,399,5
kroD100rdmRad,3,21,6,KNN,12,600,649,21
kroD100rdmRad,3,21,3,DEEPSURV,7,350,399,3
kroD100rdmRad,3,21,1,RSF,9,450,499,14
kroD100rdmRad,3,21,2,GBSA,9,450,499,3
kroD100rdmRad,3,21,8,MTLR,8,400,449,4
kroD100rdmRad,3,21,7,ELASTICNET,10,500,549,4
kroD100rdmRad,3,21,6,KNN,13,650,699,26
kroD100rdmRad,3,21,3,DEEPSURV,8,400,449,3
kroD100rdmRad,3,21,6,KNN,14,700,749,23
kroD100rdmRad,3,21,7,ELASTICNET,11,550,599,3
kroD100rdmRad,3,21,8,MTLR,9,450,499,4
kroD100rdmRad,3,21,6,KNN,15,750,799,30
kroD100rdmRad,3,21,1,RSF,10,500,549,14
kroD100rdmRad,3,21,6,KNN,16,800,849,33
kroD100rdmRad,3,21,3,DEEPSURV,9,450,499,4
kroD100rdmRad,3,21,6,KNN,17,850,899,31
kroD100rdmRad,3,21,7,ELASTICNET,12,600,649,4
kroD100rdmRad,3,21,6,KNN,18,900,949,12
kroD100rdmRad,3,21,3,DEEPSURV,10,500,549,2
kroD100rdmRad,3,21,1,RSF,11,550,599,15
kroD100rdmRad,3,21,3,DEEPSURV,11,550,599,3
kroD100rdmRad,3,21,8,MTLR,11,550,599,6
kroD100rdmRad,3,21,7,ELASTICNET,13,650,699,2
kroD100rdmRad,3,21,1,RSF,12,600,649,12
kroD100rdmRad,3,21,7,ELASTICNET,14,700,749,3
kroD100rdmRad,3,21,8,MTLR,12,600,649,7
kroD100rdmRad,3,21,1,RSF,13,650,699,9
kroD100rdmRad,3,21,3,DEEPSURV,12,600,649,1
kroD100rdmRad,3,21,3,DEEPSURV,13,650,699,9
kroD100rdmRad,3,21,7,ELASTICNET,15,750,799,2
kroD100rdmRad,3,21,7,ELASTICNET,16,800,849,4
kroD100rdmRad,3,21,1,RSF,14,700,749,10
kroD100rdmRad,3,21,1,RSF,15,750,799,10
kroD100rdmRad,3,21,3,DEEPSURV,15,750,799,2
kroD100rdmRad,3,21,1,RSF,16,800,849,8
kroD100rdmRad,3,21,3,DEEPSURV,17,850,899,4
kroD100rdmRad,3,21,3,DEEPSURV,18,900,949,1
kroD100rdmRad,3,21,3,DEEPSURV,19,950,999,5
kroD100rdmRad,4,31,6,KNN,3,150,199,1
kroD100rdmRad,4,31,6,KNN,4,200,249,18
kroD100rdmRad,4,31,0,COX,5,250,299,5
kroD100rdmRad,4,31,6,KNN,5,250,299,14
kroD100rdmRad,4,31,4,SSVM,4,200,249,3
kroD100rdmRad,4,31,1,RSF,4,200,249,5
kroD100rdmRad,4,31,4,SSVM,5,250,299,27
kroD100rdmRad,4,31,7,ELASTICNET,5,250,299,24
kroD100rdmRad,4,31,5,WEIBULLAFT,5,250,299,25
kroD100rdmRad,4,31,2,GBSA,5,250,299,11
kroD100rdmRad,4,31,1,RSF,5,250,299,15
kroD100rdmRad,4,31,6,KNN,6,300,349,25
kroD100rdmRad,4,31,4,SSVM,6,300,349,24
kroD100rdmRad,4,31,7,ELASTICNET,6,300,349,27
kroD100rdmRad,4,31,5,WEIBULLAFT,6,300,349,32
kroD100rdmRad,4,31,6,KNN,7,350,399,25
kroD100rdmRad,4,31,4,SSVM,7,350,399,26
kroD100rdmRad,4,31,7,ELASTICNET,7,350,399,31
kroD100rdmRad,4,31,0,COX,6,300,349,2
kroD100rdmRad,4,31,2,GBSA,6,300,349,13
kroD100rdmRad,4,31,5,WEIBULLAFT,7,350,399,25
kroD100rdmRad,4,31,0,COX,7,350,399,6
kroD100rdmRad,4,31,7,ELASTICNET,8,400,449,27
kroD100rdmRad,4,31,4,SSVM,8,400,449,22
kroD100rdmRad,4,31,6,KNN,8,400,449,18
kroD100rdmRad,4,31,1,RSF,6,300,349,20
kroD100rdmRad,4,31,2,GBSA,7,350,399,12
kroD100rdmRad,4,31,5,WEIBULLAFT,8,400,449,21
kroD100rdmRad,4,31,7,ELASTICNET,9,450,499,7
kroD100rdmRad,4,31,6,KNN,9,450,499,18
kroD100rdmRad,4,31,3,DEEPSURV,5,250,299,29
kroD100rdmRad,4,31,4,SSVM,9,450,499,25
kroD100rdmRad,4,31,0,COX,8,400,449,4
kroD100rdmRad,4,31,8,MTLR,5,250,299,12
kroD100rdmRad,4,31,3,DEEPSURV,6,300,349,23
kroD100rdmRad,4,31,2,GBSA,8,400,449,15
kroD100rdmRad,4,31,5,WEIBULLAFT,9,450,499,23
kroD100rdmRad,4,31,1,RSF,7,350,399,20
kroD100rdmRad,4,31,4,SSVM,10,500,549,25
kroD100rdmRad,4,31,6,KNN,10,500,549,22
kroD100rdmRad,4,31,8,MTLR,6,300,349,11
kroD100rdmRad,4,31,3,DEEPSURV,7,350,399,36
kroD100rdmRad,4,31,4,SSVM,11,550,599,18
kroD100rdmRad,4,31,5,WEIBULLAFT,10,500,549,6
kroD100rdmRad,4,31,0,COX,9,450,499,2
kroD100rdmRad,4,31,3,DEEPSURV,8,400,449,32
kroD100rdmRad,4,31,2,GBSA,9,450,499,17
kroD100rdmRad,4,31,6,KNN,11,550,599,30
kroD100rdmRad,4,31,1,RSF,8,400,449,17
kroD100rdmRad,4,31,6,KNN,12,600,649,21
kroD100rdmRad,4,31,8,MTLR,7,350,399,8
kroD100rdmRad,4,31,4,SSVM,12,600,649,27
kroD100rdmRad,4,31,2,GBSA,10,500,549,17
kroD100rdmRad,4,31,4,SSVM,13,650,699,18
kroD100rdmRad,4,31,6,KNN,13,650,699,21
kroD100rdmRad,4,31,0,COX,10,500,549,2
kroD100rdmRad,4,31,8,MTLR,8,400,449,13
kroD100rdmRad,4,31,2,GBSA,11,550,599,4
kroD100rdmRad,4,31,6,KNN,14,700,749,35
kroD100rdmRad,4,31,4,SSVM,14,700,749,19
kroD100rdmRad,4,31,1,RSF,9,450,499,14
kroD100rdmRad,4,31,6,KNN,15,750,799,19
kroD100rdmRad,4,31,8,MTLR,9,450,499,17
kroD100rdmRad,4,31,4,SSVM,15,750,799,17
kroD100rdmRad,4,31,6,KNN,16,800,849,19
kroD100rdmRad,4,31,8,MTLR,10,500,549,10
kroD100rdmRad,4,31,4,SSVM,16,800,849,24
kroD100rdmRad,4,31,1,RSF,10,500,549,16
kroD100rdmRad,4,31,6,KNN,17,850,899,33
kroD100rdmRad,4,31,4,SSVM,17,850,899,28
kroD100rdmRad,4,31,6,KNN,18,900,949,28
kroD100rdmRad,4,31,8,MTLR,11,550,599,11
kroD100rdmRad,4,31,4,SSVM,18,900,949,25
kroD100rdmRad,4,31,6,KNN,19,950,999,30
kroD100rdmRad,4,31,1,RSF,11,550,599,15
kroD100rdmRad,4,31,8,MTLR,12,600,649,13
kroD100rdmRad,4,31,4,SSVM,19,950,999,17
kroD100rdmRad,4,31,1,RSF,12,600,649,27
kroD100rdmRad,4,31,8,MTLR,13,650,699,16
kroD100rdmRad,4,31,8,MTLR,14,700,749,10
kroD100rdmRad,4,31,1,RSF,13,650,699,8
kroD100rdmRad,4,31,8,MTLR,15,750,799,9
kroD100rdmRad,4,31,8,MTLR,16,800,849,1
kroD100rdmRad,5,41,4,SSVM,4,200,249,19
kroD100rdmRad,5,41,0,COX,5,250,299,47
kroD100rdmRad,5,41,7,ELASTICNET,4,200,249,9
kroD100rdmRad,5,41,5,WEIBULLAFT,4,200,249,18
kroD100rdmRad,5,41,0,COX,6,300,349,43
kroD100rdmRad,5,41,4,SSVM,5,250,299,19
kroD100rdmRad,5,41,0,COX,7,350,399,43
kroD100rdmRad,5,41,7,ELASTICNET,5,250,299,20
kroD100rdmRad,5,41,0,COX,8,400,449,36
kroD100rdmRad,5,41,6,KNN,5,250,299,19
kroD100rdmRad,5,41,5,WEIBULLAFT,5,250,299,34
kroD100rdmRad,5,41,2,GBSA,5,250,299,25
kroD100rdmRad,5,41,1,RSF,5,250,299,17
kroD100rdmRad,5,41,4,SSVM,6,300,349,21
kroD100rdmRad,5,41,5,WEIBULLAFT,6,300,349,36
kroD100rdmRad,5,41,7,ELASTICNET,6,300,349,20
kroD100rdmRad,5,41,6,KNN,6,300,349,17
kroD100rdmRad,5,41,2,GBSA,6,300,349,23
kroD100rdmRad,5,41,5,WEIBULLAFT,7,350,399,32
kroD100rdmRad,5,41,4,SSVM,7,350,399,21
kroD100rdmRad,5,41,7,ELASTICNET,7,350,399,32
kroD100rdmRad,5,41,5,WEIBULLAFT,8,400,449,33
kroD100rdmRad,5,41,6,KNN,7,350,399,26
kroD100rdmRad,5,41,2,GBSA,7,350,399,25
kroD100rdmRad,5,41,1,RSF,6,300,349,12
kroD100rdmRad,5,41,7,ELASTICNET,8,400,449,25
kroD100rdmRad,5,41,4,SSVM,8,400,449,22
kroD100rdmRad,5,41,8,MTLR,4,200,249,11
kroD100rdmRad,5,41,5,WEIBULLAFT,9,450,499,37
kroD100rdmRad,5,41,6,KNN,8,400,449,18
kroD100rdmRad,5,41,2,GBSA,8,400,449,28
kroD100rdmRad,5,41,8,MTLR,5,250,299,35
kroD100rdmRad,5,41,7,ELASTICNET,9,450,499,25
kroD100rdmRad,5,41,3,DEEPSURV,5,250,299,9
kroD100rdmRad,5,41,5,WEIBULLAFT,10,500,549,29
kroD100rdmRad,5,41,4,SSVM,9,450,499,14
kroD100rdmRad,5,41,8,MTLR,6,300,349,25
kroD100rdmRad,5,41,2,GBSA,9,450,499,25
kroD100rdmRad,5,41,6,KNN,9,450,499,26
kroD100rdmRad,5,41,7,ELASTICNET,10,500,549,27
kroD100rdmRad,5,41,5,WEIBULLAFT,11,550,599,24
kroD100rdmRad,5,41,8,MTLR,7,350,399,29
kroD100rdmRad,5,41,2,GBSA,10,500,549,4
kroD100rdmRad,5,41,1,RSF,7,350,399,10
kroD100rdmRad,5,41,3,DEEPSURV,6,300,349,15
kroD100rdmRad,5,41,4,SSVM,10,500,549,19
kroD100rdmRad,5,41,7,ELASTICNET,11,550,599,14
kroD100rdmRad,5,41,6,KNN,10,500,549,20
kroD100rdmRad,5,41,8,MTLR,8,400,449,14
kroD100rdmRad,5,41,5,WEIBULLAFT,12,600,649,35
kroD100rdmRad,5,41,5,WEIBULLAFT,13,650,699,26
kroD100rdmRad,5,41,4,SSVM,11,550,599,20
kroD100rdmRad,5,41,6,KNN,11,550,599,23
kroD100rdmRad,5,41,3,DEEPSURV,7,350,399,13
kroD100rdmRad,5,41,7,ELASTICNET,12,600,649,22
kroD100rdmRad,5,41,,,0,0,49,1
kroD100rdmRad,5,41,5,WEIBULLAFT,14,700,749,30
kroD100rdmRad,5,41,6,KNN,12,600,649,10
kroD100rdmRad,5,41,4,SSVM,12,600,649,18
kroD100rdmRad,5,41,1,RSF,8,400,449,9
kroD100rdmRad,5,41,7,ELASTICNET,13,650,699,28
kroD100rdmRad,5,41,3,DEEPSURV,8,400,449,11
kroD100rdmRad,5,41,4,SSVM,13,650,699,22
kroD100rdmRad,5,41,7,ELASTICNET,14,700,749,10
kroD100rdmRad,5,41,3,DEEPSURV,9,450,499,10
kroD100rdmRad,5,41,4,SSVM,14,700,749,12
kroD100rdmRad,5,41,7,ELASTICNET,15,750,799,3
kroD100rdmRad,5,41,1,RSF,9,450,499,8
kroD100rdmRad,5,41,3,DEEPSURV,10,500,549,12
kroD100rdmRad,5,41,4,SSVM,15,750,799,11
kroD100rdmRad,5,41,3,DEEPSURV,11,550,599,2
kroD100rdmRad,5,41,1,RSF,10,500,549,11
kroD100rdmRad,5,41,4,SSVM,16,800,849,6
kroD100rdmRad,5,41,4,SSVM,17,850,899,4
kroD100rdmRad,5,41,1,RSF,11,550,599,19
kroD100rdmRad,5,41,1,RSF,12,600,649,12
kroD100rdmRad,5,41,1,RSF,13,650,699,16
kroD100rdmRad,5,41,1,RSF,14,700,749,17
kroD100rdmRad,5,41,1,RSF,15,750,799,11
kroD100rdmRad,5,41,1,RSF,16,800,849,16
kroD100rdmRad,6,51,4,SSVM,4,200,249,18
kroD100rdmRad,6,51,0,COX,5,250,299,1
kroD100rdmRad,6,51,4,SSVM,5,250,299,34
kroD100rdmRad,6,51,6,KNN,5,250,299,30
kroD100rdmRad,6,51,7,ELASTICNET,5,250,299,19
kroD100rdmRad,6,51,4,SSVM,6,300,349,39
kroD100rdmRad,6,51,5,WEIBULLAFT,5,250,299,25
kroD100rdmRad,6,51,1,RSF,5,250,299,12
kroD100rdmRad,6,51,4,SSVM,7,350,399,37
kroD100rdmRad,6,51,2,GBSA,5,250,299,24
kroD100rdmRad,6,51,6,KNN,6,300,349,37
kroD100rdmRad,6,51,7,ELASTICNET,6,300,349,15
kroD100rdmRad,6,51,4,SSVM,8,400,449,25
kroD100rdmRad,6,51,6,KNN,7,350,399,27
kroD100rdmRad,6,51,5,WEIBULLAFT,6,300,349,35
kroD100rdmRad,6,51,2,GBSA,6,300,349,31
kroD100rdmRad,6,51,4,SSVM,9,450,499,27
kroD100rdmRad,6,51,5,WEIBULLAFT,7,350,399,35
kroD100rdmRad,6,51,6,KNN,8,400,449,30
kroD100rdmRad,6,51,2,GBSA,7,350,399,26
kroD100rdmRad,6,51,7,ELASTICNET,7,350,399,16
kroD100rdmRad,6,51,1,RSF,6,300,349,12
kroD100rdmRad,6,51,5,WEIBULLAFT,8,400,449,24
kroD100rdmRad,6,51,6,KNN,9,450,499,24
kroD100rdmRad,6,51,4,SSVM,10,500,549,31
kroD100rdmRad,6,51,2,GBSA,8,400,449,33
kroD100rdmRad,6,51,4,SSVM,11,550,599,20
kroD100rdmRad,6,51,7,ELASTICNET,8,400,449,19
kroD100rdmRad,6,51,5,WEIBULLAFT,9,450,499,17
kroD100rdmRad,6,51,2,GBSA,9,450,499,27
kroD100rdmRad,6,51,6,KNN,10,500,549,31
kroD100rdmRad,6,51,8,MTLR,5,250,299,12
kroD100rdmRad,6,51,6,KNN,11,550,599,25
kroD100rdmRad,6,51,2,GBSA,10,500,549,23
kroD100rdmRad,6,51,4,SSVM,12,600,649,30
kroD100rdmRad,6,51,7,ELASTICNET,9,450,499,16
kroD100rdmRad,6,51,1,RSF,7,350,399,9
kroD100rdmRad,6,51,0,COX,8,400,449,5
kroD100rdmRad,6,51,8,MTLR,6,300,349,15
kroD100rdmRad,6,51,4,SSVM,13,650,699,28
kroD100rdmRad,6,51,2,GBSA,11,550,599,7
kroD100rdmRad,6,51,7,ELASTICNET,10,500,549,17
kroD100rdmRad,6,51,0,COX,9,450,499,2
kroD100rdmRad,6,51,4,SSVM,14,700,749,26
kroD100rdmRad,6,51,8,MTLR,7,350,399,17
kroD100rdmRad,6,51,7,ELASTICNET,11,550,599,12
kroD100rdmRad,6,51,4,SSVM,15,750,799,26
kroD100rdmRad,6,51,3,DEEPSURV,7,350,399,1
kroD100rdmRad,6,51,1,RSF,8,400,449,11
kroD100rdmRad,6,51,4,SSVM,16,800,849,28
kroD100rdmRad,6,51,8,MTLR,8,400,449,13
kroD100rdmRad,6,51,7,ELASTICNET,12,600,649,19
kroD100rdmRad,6,51,0,COX,10,500,549,2
kroD100rdmRad,6,51,4,SSVM,17,850,899,24
kroD100rdmRad,6,51,8,MTLR,9,450,499,21
kroD100rdmRad,6,51,7,ELASTICNET,13,650,699,20
kroD100rdmRad,6,51,0,COX,11,550,599,3
kroD100rdmRad,6,51,1,RSF,9,450,499,9
kroD100rdmRad,6,51,4,SSVM,18,900,949,22
kroD100rdmRad,6,51,8,MTLR,10,500,549,18
kroD100rdmRad,6,51,3,DEEPSURV,9,450,499,2
kroD100rdmRad,6,51,7,ELASTICNET,14,700,749,18
kroD100rdmRad,6,51,0,COX,12,600,649,3
kroD100rdmRad,6,51,8,MTLR,11,550,599,16
kroD100rdmRad,6,51,7,ELASTICNET,15,750,799,23
kroD100rdmRad,6,51,1,RSF,10,500,549,17
kroD100rdmRad,6,51,3,DEEPSURV,10,500,549,2
kroD100rdmRad,6,51,8,MTLR,12,600,649,16
kroD100rdmRad,6,51,7,ELASTICNET,16,800,849,22
kroD100rdmRad,6,51,0,COX,13,650,699,2
kroD100rdmRad,6,51,7,ELASTICNET,17,850,899,15
kroD100rdmRad,6,51,8,MTLR,13,650,699,14
kroD100rdmRad,6,51,1,RSF,11,550,599,11
kroD100rdmRad,6,51,8,MTLR,14,700,749,21
kroD100rdmRad,6,51,8,MTLR,15,750,799,20
kroD100rdmRad,6,51,1,RSF,12,600,649,17
kroD100rdmRad,6,51,8,MTLR,16,800,849,17
kroD100rdmRad,6,51,1,RSF,13,650,699,15
kroD100rdmRad,6,51,8,MTLR,17,850,899,13
kroD100rdmRad,6,51,8,MTLR,18,900,949,18
kroD100rdmRad,6,51,1,RSF,14,700,749,10
kroD100rdmRad,6,51,8,MTLR,19,950,999,15
kroD100rdmRad,6,51,1,RSF,15,750,799,12
kroD100rdmRad,6,51,1,RSF,16,800,849,5
kroD100rdmRad,7,61,0,COX,5,250,299,5
kroD100rdmRad,7,61,7,ELASTICNET,5,250,299,7
kroD100rdmRad,7,61,6,KNN,4,200,249,1
kroD100rdmRad,7,61,6,KNN,5,250,299,9
kroD100rdmRad,7,61,4,SSVM,5,250,299,26
kroD100rdmRad,7,61,1,RSF,5,250,299,31
kroD100rdmRad,7,61,2,GBSA,5,250,299,18
kroD100rdmRad,7,61,4,SSVM,6,300,349,22
kroD100rdmRad,7,61,0,COX,6,300,349,6
kroD100rdmRad,7,61,7,ELASTICNET,6,300,349,4
kroD100rdmRad,7,61,2,GBSA,6,300,349,14
kroD100rdmRad,7,61,6,KNN,6,300,349,5
kroD100rdmRad,7,61,1,RSF,6,300,349,29
kroD100rdmRad,7,61,4,SSVM,7,350,399,26
kroD100rdmRad,7,61,8,MTLR,4,200,249,14
kroD100rdmRad,7,61,0,COX,7,350,399,1
kroD100rdmRad,7,61,5,WEIBULLAFT,6,300,349,2
kroD100rdmRad,7,61,4,SSVM,8,400,449,32
kroD100rdmRad,7,61,2,GBSA,7,350,399,17
kroD100rdmRad,7,61,6,KNN,7,350,399,12
kroD100rdmRad,7,61,7,ELASTICNET,7,350,399,4
kroD100rdmRad,7,61,8,MTLR,5,250,299,23
kroD100rdmRad,7,61,1,RSF,7,350,399,35
kroD100rdmRad,7,61,3,DEEPSURV,5,250,299,21
kroD100rdmRad,7,61,4,SSVM,9,450,499,28
kroD100rdmRad,7,61,2,GBSA,8,400,449,13
kroD100rdmRad,7,61,4,SSVM,10,500,549,33
kroD100rdmRad,7,61,8,MTLR,6,300,349,22
kroD100rdmRad,7,61,6,KNN,8,400,449,8
kroD100rdmRad,7,61,3,DEEPSURV,6,300,349,26
kroD100rdmRad,7,61,7,ELASTICNET,8,400,449,5
kroD100rdmRad,7,61,4,SSVM,11,550,599,28
kroD100rdmRad,7,61,1,RSF,8,400,449,29
kroD100rdmRad,7,61,0,COX,8,400,449,1
kroD100rdmRad,7,61,8,MTLR,7,350,399,17
kroD100rdmRad,7,61,3,DEEPSURV,7,350,399,25
kroD100rdmRad,7,61,5,WEIBULLAFT,7,350,399,1
kroD100rdmRad,7,61,2,GBSA,9,450,499,11
kroD100rdmRad,7,61,4,SSVM,12,600,649,28
kroD100rdmRad,7,61,0,COX,9,450,499,1
kroD100rdmRad,7,61,3,DEEPSURV,8,400,449,33
kroD100rdmRad,7,61,7,ELASTICNET,9,450,499,6
kroD100rdmRad,7,61,6,KNN,9,450,499,10
kroD100rdmRad,7,61,8,MTLR,8,400,449,20
kroD100rdmRad,7,61,4,SSVM,13,650,699,25
kroD100rdmRad,7,61,3,DEEPSURV,9,450,499,12
kroD100rdmRad,7,61,2,GBSA,10,500,549,11
kroD100rdmRad,7,61,5,WEIBULLAFT,8,400,449,1
kroD100rdmRad,7,61,4,SSVM,14,700,749,26
kroD100rdmRad,7,61,6,KNN,10,500,549,7
kroD100rdmRad,7,61,8,MTLR,9,450,499,16
kroD100rdmRad,7,61,7,ELASTICNET,10,500,549,12
kroD100rdmRad,7,61,0,COX,10,500,549,2
kroD100rdmRad,7,61,2,GBSA,11,550,599,17
kroD100rdmRad,7,61,4,SSVM,15,750,799,26
kroD100rdmRad,7,61,3,DEEPSURV,10,500,549,22
kroD100rdmRad,7,61,8,MTLR,10,500,549,22
kroD100rdmRad,7,61,7,ELASTICNET,11,550,599,8
kroD100rdmRad,7,61,4,SSVM,16,800,849,26
kroD100rdmRad,7,61,3,DEEPSURV,11,550,599,22
kroD100rdmRad,7,61,6,KNN,11,550,599,5
kroD100rdmRad,7,61,2,GBSA,12,600,649,16
kroD100rdmRad,7,61,8,MTLR,11,550,599,22
kroD100rdmRad,7,61,4,SSVM,17,850,899,24
kroD100rdmRad,7,61,3,DEEPSURV,12,600,649,28
kroD100rdmRad,7,61,6,KNN,12,600,649,6
kroD100rdmRad,7,61,2,GBSA,13,650,699,13
kroD100rdmRad,7,61,4,SSVM,18,900,949,25
kroD100rdmRad,7,61,3,DEEPSURV,13,650,699,28
kroD100rdmRad,7,61,8,MTLR,12,600,649,2
kroD100rdmRad,7,61,7,ELASTICNET,12,600,649,7
kroD100rdmRad,7,61,4,SSVM,19,950,999,29
kroD100rdmRad,7,61,3,DEEPSURV,14,700,749,20
kroD100rdmRad,7,61,6,KNN,13,650,699,5
kroD100rdmRad,7,61,0,COX,12,600,649,1
kroD100rdmRad,7,61,7,ELASTICNET,13,650,699,15
kroD100rdmRad,7,61,2,GBSA,14,700,749,11
kroD100rdmRad,7,61,2,GBSA,15,750,799,18
kroD100rdmRad,7,61,7,ELASTICNET,14,700,749,11
kroD100rdmRad,7,61,0,COX,13,650,699,2
kroD100rdmRad,7,61,6,KNN,14,700,749,7
kroD100rdmRad,7,61,2,GBSA,16,800,849,14
kroD100rdmRad,7,61,0,COX,14,700,749,1
kroD100rdmRad,7,61,2,GBSA,17,850,899,13
kroD100rdmRad,7,61,2,GBSA,18,900,949,16
kroD100rdmRad,7,61,2,GBSA,19,950,999,15
kroD100rdmRad,8,71,0,COX,4,200,249,46
kroD100rdmRad,8,71,0,COX,5,250,299,47
kroD100rdmRad,8,71,0,COX,6,300,349,49
kroD100rdmRad,8,71,0,COX,7,350,399,48
kroD100rdmRad,8,71,4,SSVM,4,200,249,15
kroD100rdmRad,8,71,4,SSVM,5,250,299,34
kroD100rdmRad,8,71,7,ELASTICNET,5,250,299,16
kroD100rdmRad,8,71,6,KNN,5,250,299,10
kroD100rdmRad,8,71,4,SSVM,6,300,349,29
kroD100rdmRad,8,71,2,GBSA,5,250,299,15
kroD100rdmRad,8,71,1,RSF,5,250,299,14
kroD100rdmRad,8,71,5,WEIBULLAFT,5,250,299,11
kroD100rdmRad,8,71,4,SSVM,7,350,399,28
kroD100rdmRad,8,71,7,ELASTICNET,6,300,349,18
kroD100rdmRad,8,71,6,KNN,6,300,349,14
kroD100rdmRad,8,71,2,GBSA,6,300,349,17
kroD100rdmRad,8,71,5,WEIBULLAFT,6,300,349,22
kroD100rdmRad,8,71,4,SSVM,8,400,449,36
kroD100rdmRad,8,71,7,ELASTICNET,7,350,399,16
kroD100rdmRad,8,71,4,SSVM,9,450,499,31
kroD100rdmRad,8,71,1,RSF,6,300,349,14
kroD100rdmRad,8,71,2,GBSA,7,350,399,23
kroD100rdmRad,8,71,5,WEIBULLAFT,7,350,399,22
kroD100rdmRad,8,71,6,KNN,7,350,399,10
kroD100rdmRad,8,71,4,SSVM,10,500,549,9
kroD100rdmRad,8,71,3,DEEPSURV,5,250,299,18
kroD100rdmRad,8,71,8,MTLR,5,250,299,33
kroD100rdmRad,8,71,7,ELASTICNET,8,400,449,21
kroD100rdmRad,8,71,2,GBSA,8,400,449,16
kroD100rdmRad,8,71,8,MTLR,6,300,349,23
kroD100rdmRad,8,71,5,WEIBULLAFT,8,400,449,19
kroD100rdmRad,8,71,6,KNN,8,400,449,9
kroD100rdmRad,8,71,3,DEEPSURV,6,300,349,23
kroD100rdmRad,8,71,7,ELASTICNET,9,450,499,27
kroD100rdmRad,8,71,8,MTLR,7,350,399,35
kroD100rdmRad,8,71,2,GBSA,9,450,499,14
kroD100rdmRad,8,71,1,RSF,7,350,399,10
kroD100rdmRad,8,71,5,WEIBULLAFT,9,450,499,18
kroD100rdmRad,8,71,7,ELASTICNET,10,500,549,25
kroD100rdmRad,8,71,8,MTLR,8,400,449,28
kroD100rdmRad,8,71,3,DEEPSURV,7,350,399,17
kroD100rdmRad,8,71,6,KNN,9,450,499,11
kroD100rdmRad,8,71,2,GBSA,10,500,549,16
kroD100rdmRad,8,71,7,ELASTICNET,11,550,599,21
kroD100rdmRad,8,71,8,MTLR,9,450,499,8
kroD100rdmRad,8,71,3,DEEPSURV,8,400,449,20
kroD100rdmRad,8,71,5,WEIBULLAFT,10,500,549,6
kroD100rdmRad,8,71,6,KNN,10,500,549,10
kroD100rdmRad,8,71,1,RSF,8,400,449,8
kroD100rdmRad,8,71,7,ELASTICNET,12,600,649,22
kroD100rdmRad,8,71,2,GBSA,11,550,599,9
kroD100rdmRad,8,71,3,DEEPSURV,9,450,499,20
kroD100rdmRad,8,71,,,0,0,49,1
kroD100rdmRad,8,71,5,WEIBULLAFT,11,550,599,16
kroD100rdmRad,8,71,7,ELASTICNET,13,650,699,31
kroD100rdmRad,8,71,6,KNN,11,550,599,5
kroD100rdmRad,8,71,3,DEEPSURV,10,500,549,13
kroD100rdmRad,8,71,2,GBSA,12,600,649,16
kroD100rdmRad,8,71,7,ELASTICNET,14,700,749,15
kroD100rdmRad,8,71,1,RSF,9,450,499,10
kroD100rdmRad,8,71,5,WEIBULLAFT,12,600,649,3
kroD100rdmRad,8,71,2,GBSA,13,650,699,13
kroD100rdmRad,8,71,3,DEEPSURV,11,550,599,17
kroD100rdmRad,8,71,6,KNN,12,600,649,12
kroD100rdmRad,8,71,3,DEEPSURV,12,600,649,23
kroD100rdmRad,8,71,2,GBSA,14,700,749,16
kroD100rdmRad,8,71,6,KNN,13,650,699,5
kroD100rdmRad,8,71,1,RSF,10,500,549,7
kroD100rdmRad,8,71,3,DEEPSURV,13,650,699,15
kroD100rdmRad,8,71,2,GBSA,15,750,799,15
kroD100rdmRad,8,71,6,KNN,14,700,749,10
kroD100rdmRad,8,71,3,DEEPSURV,14,700,749,1
kroD100rdmRad,8,71,2,GBSA,16,800,849,9
kroD100rdmRad,8,71,6,KNN,15,750,799,11
kroD100rdmRad,8,71,6,KNN,16,800,849,5
kroD100rdmRad,8,71,2,GBSA,17,850,899,9
kroD100rdmRad,8,71,2,GBSA,18,900,949,17
kroD100rdmRad,8,71,2,GBSA,19,950,999,17
kroD100rdmRad,9,81,7,ELASTICNET,4,200,249,19
kroD100rdmRad,9,81,0,COX,5,250,299,32
kroD100rdmRad,9,81,5,WEIBULLAFT,4,200,249,26
kroD100rdmRad,9,81,7,ELASTICNET,5,250,299,32
kroD100rdmRad,9,81,5,WEIBULLAFT,5,250,299,28
kroD100rdmRad,9,81,0,COX,6,300,349,41
kroD100rdmRad,9,81,4,SSVM,5,250,299,4
kroD100rdmRad,9,81,7,ELASTICNET,6,300,349,30
kroD100rdmRad,9,81,6,KNN,5,250,299,19
kroD100rdmRad,9,81,0,COX,7,350,399,40
kroD100rdmRad,9,81,0,COX,8,400,449,42
kroD100rdmRad,9,81,2,GBSA,5,250,299,21
kroD100rdmRad,9,81,5,WEIBULLAFT,6,300,349,31
kroD100rdmRad,9,81,1,RSF,5,250,299,5
kroD100rdmRad,9,81,7,ELASTICNET,7,350,399,23
kroD100rdmRad,9,81,0,COX,9,450,499,39
kroD100rdmRad,9,81,6,KNN,6,300,349,20
kroD100rdmRad,9,81,0,COX,10,500,549,33
kroD100rdmRad,9,81,5,WEIBULLAFT,7,350,399,30
kroD100rdmRad,9,81,2,GBSA,6,300,349,19
kroD100rdmRad,9,81,4,SSVM,6,300,349,11
kroD100rdmRad,9,81,7,ELASTICNET,8,400,449,12
kroD100rdmRad,9,81,8,MTLR,4,200,249,31
kroD100rdmRad,9,81,0,COX,11,550,599,35
kroD100rdmRad,9,81,0,COX,12,600,649,39
kroD100rdmRad,9,81,6,KNN,7,350,399,22
kroD100rdmRad,9,81,5,WEIBULLAFT,8,400,449,6
kroD100rdmRad,9,81,8,MTLR,5,250,299,34
kroD100rdmRad,9,81,0,COX,13,650,699,35
kroD100rdmRad,9,81,2,GBSA,7,350,399,22
kroD100rdmRad,9,81,8,MTLR,6,300,349,26
kroD100rdmRad,9,81,7,ELASTICNET,9,450,499,16
kroD100rdmRad,9,81,4,SSVM,7,350,399,1
kroD100rdmRad,9,81,0,COX,14,700,749,40
kroD100rdmRad,9,81,6,KNN,8,400,449,16
kroD100rdmRad,9,81,0,COX,15,750,799,41
kroD100rdmRad,9,81,3,DEEPSURV,5,250,299,16
kroD100rdmRad,9,81,,,0,0,49,1
kroD100rdmRad,9,81,2,GBSA,8,400,449,19
kroD100rdmRad,9,81,0,COX,16,800,849,40
kroD100rdmRad,9,81,8,MTLR,7,350,399,25
kroD100rdmRad,9,81,1,RSF,6,300,349,4
kroD100rdmRad,9,81,0,COX,17,850,899,37
kroD100rdmRad,9,81,7,ELASTICNET,10,500,549,11
kroD100rdmRad,9,81,6,KNN,9,450,499,27
kroD100rdmRad,9,81,4,SSVM,8,400,449,5
kroD100rdmRad,9,81,3,DEEPSURV,6,300,349,10
kroD100rdmRad,9,81,2,GBSA,9,450,499,17
kroD100rdmRad,9,81,6,KNN,10,500,549,21
kroD100rdmRad,9,81,7,ELASTICNET,11,550,599,14
kroD100rdmRad,9,81,1,RSF,7,350,399,5
kroD100rdmRad,9,81,2,GBSA,10,500,549,14
kroD100rdmRad,9,81,6,KNN,11,550,599,29
kroD100rdmRad,9,81,3,DEEPSURV,7,350,399,18
kroD100rdmRad,9,81,4,SSVM,9,450,499,4
kroD100rdmRad,9,81,7,ELASTICNET,12,600,649,21
kroD100rdmRad,9,81,6,KNN,12,600,649,27
kroD100rdmRad,9,81,2,GBSA,11,550,599,13
kroD100rdmRad,9,81,3,DEEPSURV,8,400,449,30
kroD100rdmRad,9,81,6,KNN,13,650,699,26
kroD100rdmRad,9,81,7,ELASTICNET,13,650,699,13
kroD100rdmRad,9,81,3,DEEPSURV,9,450,499,31
kroD100rdmRad,9,81,4,SSVM,10,500,549,12
kroD100rdmRad,9,81,1,RSF,8,400,449,3
kroD100rdmRad,9,81,2,GBSA,12,600,649,10
kroD100rdmRad,9,81,3,DEEPSURV,10,500,549,29
kroD100rdmRad,9,81,6,KNN,14,700,749,25
kroD100rdmRad,9,81,7,ELASTICNET,14,700,749,19
kroD100rdmRad,9,81,4,SSVM,11,550,599,4
kroD100rdmRad,9,81,3,DEEPSURV,11,550,599,33
kroD100rdmRad,9,81,6,KNN,15,750,799,18
kroD100rdmRad,9,81,3,DEEPSURV,12,600,649,26
kroD100rdmRad,9,81,2,GBSA,13,650,699,12
kroD100rdmRad,9,81,1,RSF,9,450,499,4
kroD100rdmRad,9,81,6,KNN,16,800,849,29
kroD100rdmRad,9,81,4,SSVM,12,600,649,9
kroD100rdmRad,9,81,3,DEEPSURV,13,650,699,13
kroD100rdmRad,9,81,2,GBSA,14,700,749,10
kroD100rdmRad,9,81,6,KNN,17,850,899,25
kroD100rdmRad,9,81,4,SSVM,13,650,699,14
kroD100rdmRad,9,81,6,KNN,18,900,949,30
kroD100rdmRad,9,81,1,RSF,10,500,549,11
kroD100rdmRad,9,81,6,KNN,19,950,999,30
kroD100rdmRad,9,81,2,GBSA,15,750,799,6
kroD100rdmRad,9,81,4,SSVM,14,700,749,9
kroD100rdmRad,9,81,2,GBSA,16,800,849,10
kroD100rdmRad,9,81,1,RSF,11,550,599,3
kroD100rdmRad,9,81,4,SSVM,15,750,799,10
kroD100rdmRad,9,81,4,SSVM,16,800,849,6
kroD100rdmRad,9,81,1,RSF,12,600,649,10
kroD100rdmRad,9,81,1,RSF,13,650,699,14
kroD100rdmRad,9,81,1,RSF,14,700,749,7
kroD100rdmRad,9,81,1,RSF,15,750,799,7
bubbles5,10,91,2,GBSA,4,200,249,30
bubbles5,10,91,2,GBSA,5,250,299,36
bubbles5,10,91,1,RSF,4,200,249,10
bubbles5,10,91,0,COX,5,250,299,13
bubbles5,10,91,2,GBSA,6,300,349,34
bubbles5,10,91,6,KNN,5,250,299,14
bubbles5,10,91,7,ELASTICNET,5,250,299,8
bubbles5,10,91,5,WEIBULLAFT,5,250,299,31
bubbles5,10,91,1,RSF,5,250,299,23
bubbles5,10,91,4,SSVM,5,250,299,6
bubbles5,10,91,2,GBSA,7,350,399,36
bubbles5,10,91,2,GBSA,8,400,449,28
bubbles5,10,91,0,COX,6,300,349,7
bubbles5,10,91,5,WEIBULLAFT,6,300,349,30
bubbles5,10,91,6,KNN,6,300,349,14
bubbles5,10,91,7,ELASTICNET,6,300,349,9
bubbles5,10,91,4,SSVM,6,300,349,8
bubbles5,10,91,1,RSF,6,300,349,21
bubbles5,10,91,2,GBSA,9,450,499,29
bubbles5,10,91,5,WEIBULLAFT,7,350,399,30
bubbles5,10,91,3,DEEPSURV,5,250,299,32
bubbles5,10,91,8,MTLR,5,250,299,23
bubbles5,10,91,2,GBSA,10,500,549,31
bubbles5,10,91,6,KNN,7,350,399,12
bubbles5,10,91,5,WEIBULLAFT,8,400,449,34
bubbles5,10,91,0,COX,7,350,399,8
bubbles5,10,91,3,DEEPSURV,6,300,349,28
bubbles5,10,91,7,ELASTICNET,7,350,399,15
bubbles5,10,91,2,GBSA,11,550,599,32
bubbles5,10,91,5,WEIBULLAFT,9,450,499,33
bubbles5,10,91,8,MTLR,6,300,349,28
bubbles5,10,91,1,RSF,7,350,399,22
bubbles5,10,91,4,SSVM,7,350,399,4
bubbles5,10,91,3,DEEPSURV,7,350,399,34
bubbles5,10,91,2,GBSA,12,600,649,33
bubbles5,10,91,5,WEIBULLAFT,10,500,549,37
bubbles5,10,91,6,KNN,8,400,449,19
bubbles5,10,91,3,DEEPSURV,8,400,449,37
bubbles5,10,91,8,MTLR,7,350,399,18
bubbles5,10,91,0,COX,8,400,449,7
bubbles5,10,91,7,ELASTICNET,8,400,449,6
bubbles5,10,91,2,GBSA,13,650,699,39
bubbles5,10,91,5,WEIBULLAFT,11,550,599,41
bubbles5,10,91,3,DEEPSURV,9,450,499,32
bubbles5,10,91,2,GBSA,14,700,749,35
bubbles5,10,91,5,WEIBULLAFT,12,600,649,40
bubbles5,10,91,1,RSF,8,400,449,5
bubbles5,10,91,4,SSVM,8,400,449,15
bubbles5,10,91,3,DEEPSURV,10,500,549,34
bubbles5,10,91,5,WEIBULLAFT,13,650,699,38
bubbles5,10,91,2,GBSA,15,750,799,36
bubbles5,10,91,6,KNN,9,450,499,12
bubbles5,10,91,8,MTLR,8,400,449,24
bubbles5,10,91,0,COX,9,450,499,5
bubbles5,10,91,5,WEIBULLAFT,14,700,749,40
bubbles5,10,91,7,ELASTICNET,9,450,499,12
bubbles5,10,91,3,DEEPSURV,11,550,599,19
bubbles5,10,91,2,GBSA,16,800,849,29
bubbles5,10,91,8,MTLR,9,450,499,26
bubbles5,10,91,4,SSVM,9,450,499,12
bubbles5,10,91,5,WEIBULLAFT,15,750,799,37
bubbles5,10,91,2,GBSA,17,850,899,35
bubbles5,10,91,5,WEIBULLAFT,16,800,849,39
bubbles5,10,91,6,KNN,10,500,549,18
bubbles5,10,91,8,MTLR,10,500,549,36
bubbles5,10,91,0,COX,10,500,549,12
bubbles5,10,91,5,WEIBULLAFT,17,850,899,42
bubbles5,10,91,2,GBSA,18,900,949,17
bubbles5,10,91,7,ELASTICNET,10,500,549,12
bubbles5,10,91,5,WEIBULLAFT,18,900,949,39
bubbles5,10,91,8,MTLR,11,550,599,31
bubbles5,10,91,6,KNN,11,550,599,15
bubbles5,10,91,4,SSVM,10,500,549,6
bubbles5,10,91,5,WEIBULLAFT,19,950,999,30
bubbles5,10,91,8,MTLR,12,600,649,31
bubbles5,10,91,7,ELASTICNET,11,550,599,11
bubbles5,10,91,0,COX,11,550,599,2
bubbles5,10,91,6,KNN,12,600,649,11
bubbles5,10,91,8,MTLR,13,650,699,38
bubbles5,10,91,4,SSVM,11,550,599,7
bubbles5,10,91,8,MTLR,14,700,749,30
bubbles5,10,91,7,ELASTICNET,12,600,649,2
bubbles5,10,91,0,COX,12,600,649,3
bubbles5,10,91,8,MTLR,15,750,799,30
bubbles5,10,91,6,KNN,13,650,699,13
bubbles5,10,91,8,MTLR,16,800,849,25
bubbles5,10,91,4,SSVM,12,600,649,8
bubbles5,10,91,6,KNN,14,700,749,12
bubbles5,10,91,0,COX,13,650,699,6
bubbles5,10,91,4,SSVM,13,650,699,9
bubbles5,10,91,6,KNN,15,750,799,12
bubbles5,10,91,4,SSVM,14,700,749,8
bubbles5,10,91,0,COX,14,700,749,2
bubbles5,10,91,6,KNN,16,800,849,4
bubbles5,10,91,0,COX,15,750,799,2
bubbles5,10,91,4,SSVM,15,750,799,16
bubbles5,10,91,6,KNN,17,850,899,11
bubbles5,10,91,4,SSVM,16,800,849,23
bubbles5,10,91,0,COX,16,800,849,4
bubbles5,10,91,6,KNN,18,900,949,10
bubbles5,10,91,4,SSVM,17,850,899,14
bubbles5,10,91,0,COX,17,850,899,9
bubbles5,10,91,4,SSVM,18,900,949,9
bubbles5,10,91,6,KNN,19,950,999,15
bubbles5,10,91,0,COX,18,900,949,13
bubbles5,10,91,4,SSVM,19,950,999,8
bubbles5,10,91,0,COX,19,950,999,3
bubbles5,1,1,2,GBSA,4,200,249,22
bubbles5,1,1,0,COX,4,200,249,10
bubbles5,1,1,0,COX,5,250,299,38
bubbles5,1,1,2,GBSA,5,250,299,32
bubbles5,1,1,0,COX,6,300,349,40
bubbles5,1,1,4,SSVM,5,250,299,30
bubbles5,1,1,0,COX,7,350,399,31
bubbles5,1,1,5,WEIBULLAFT,5,250,299,10
bubbles5,1,1,6,KNN,5,250,299,11
bubbles5,1,1,1,RSF,5,250,299,24
bubbles5,1,1,7,ELASTICNET,5,250,299,3
bubbles5,1,1,2,GBSA,6,300,349,22
bubbles5,1,1,4,SSVM,6,300,349,40
bubbles5,1,1,0,COX,8,400,449,24
bubbles5,1,1,4,SSVM,7,350,399,47
bubbles5,1,1,4,SSVM,8,400,449,40
bubbles5,1,1,2,GBSA,7,350,399,26
bubbles5,1,1,6,KNN,6,300,349,10
bubbles5,1,1,1,RSF,6,300,349,20
bubbles5,1,1,5,WEIBULLAFT,6,300,349,15
bubbles5,1,1,8,MTLR,5,250,299,27
bubbles5,1,1,7,ELASTICNET,6,300,349,10
bubbles5,1,1,3,DEEPSURV,5,250,299,3
bubbles5,1,1,2,GBSA,8,400,449,28
bubbles5,1,1,8,MTLR,6,300,349,22
bubbles5,1,1,2,GBSA,9,450,499,25
bubbles5,1,1,5,WEIBULLAFT,7,350,399,19
bubbles5,1,1,6,KNN,7,350,399,7
bubbles5,1,1,1,RSF,7,350,399,17
bubbles5,1,1,7,ELASTICNET,7,350,399,10
bubbles5,1,1,3,DEEPSURV,6,300,349,6
bubbles5,1,1,8,MTLR,7,350,399,26
bubbles5,1,1,2,GBSA,10,500,549,33
bubbles5,1,1,5,WEIBULLAFT,8,400,449,16
bubbles5,1,1,6,KNN,8,400,449,10
bubbles5,1,1,2,GBSA,11,550,599,32
bubbles5,1,1,7,ELASTICNET,8,400,449,11
bubbles5,1,1,8,MTLR,8,400,449,31
bubbles5,1,1,1,RSF,8,400,449,18
bubbles5,1,1,3,DEEPSURV,7,350,399,4
bubbles5,1,1,2,GBSA,12,600,649,27
bubbles5,1,1,5,WEIBULLAFT,9,450,499,11
bubbles5,1,1,7,ELASTICNET,9,450,499,6
bubbles5,1,1,6,KNN,9,450,499,9
bubbles5,1,1,2,GBSA,13,650,699,2
bubbles5,1,1,1,RSF,9,450,499,13
bubbles5,1,1,5,WEIBULLAFT,10,500,549,8
bubbles5,1,1,3,DEEPSURV,8,400,449,2
bubbles5,1,1,6,KNN,10,500,549,11
bubbles5,1,1,7,ELASTICNET,10,500,549,11
bubbles5,1,1,1,RSF,10,500,549,11
bubbles5,1,1,7,ELASTICNET,11,550,599,17
bubbles5,1,1,6,KNN,11,550,599,11
bubbles5,1,1,5,WEIBULLAFT,11,550,599,3
bubbles5,1,1,3,DEEPSURV,9,450,499,6
bubbles5,1,1,7,ELASTICNET,12,600,649,19
bubbles5,1,1,5,WEIBULLAFT,12,600,649,9
bubbles5,1,1,3,DEEPSURV,10,500,549,5
bubbles5,1,1,1,RSF,11,550,599,13
bubbles5,1,1,6,KNN,12,600,649,7
bubbles5,1,1,7,ELASTICNET,13,650,699,12
bubbles5,1,1,3,DEEPSURV,11,550,599,5
bubbles5,1,1,5,WEIBULLAFT,13,650,699,8
bubbles5,1,1,6,KNN,13,650,699,10
bubbles5,1,1,1,RSF,12,600,649,10
bubbles5,1,1,5,WEIBULLAFT,14,700,749,7
bubbles5,1,1,3,DEEPSURV,12,600,649,1
bubbles5,1,1,6,KNN,14,700,749,9
bubbles5,1,1,1,RSF,13,650,699,15
bubbles5,1,1,6,KNN,15,750,799,7
bubbles5,1,1,5,WEIBULLAFT,15,750,799,13
bubbles5,1,1,3,DEEPSURV,13,650,699,3
bubbles5,1,1,1,RSF,14,700,749,24
bubbles5,1,1,5,WEIBULLAFT,16,800,849,16
bubbles5,1,1,6,KNN,16,800,849,11
bubbles5,1,1,3,DEEPSURV,14,700,749,2
bubbles5,1,1,5,WEIBULLAFT,17,850,899,5
bubbles5,1,1,1,RSF,15,750,799,11
bubbles5,1,1,6,KNN,17,850,899,3
bubbles5,1,1,3,DEEPSURV,15,750,799,4
bubbles5,1,1,1,RSF,16,800,849,18
bubbles5,1,1,3,DEEPSURV,16,800,849,5
bubbles5,1,1,1,RSF,17,850,899,15
bubbles5,1,1,1,RSF,18,900,949,13
bubbles5,1,1,1,RSF,19,950,999,11
bubbles5,1,1,3,DEEPSURV,19,950,999,2
bubbles5,2,11,0,COX,4,200,249,8
bubbles5,2,11,0,COX,5,250,299,14
bubbles5,2,11,7,ELASTICNET,5,250,299,21
bubbles5,2,11,4,SSVM,5,250,299,17
bubbles5,2,11,6,KNN,5,250,299,32
bubbles5,2,11,1,RSF,5,250,299,22
bubbles5,2,11,2,GBSA,5,250,299,18
bubbles5,2,11,,,0,0,49,1
bubbles5,2,11,5,WEIBULLAFT,5,250,299,31
bubbles5,2,11,0,COX,6,300,349,12
bubbles5,2,11,6,KNN,6,300,349,40
bubbles5,2,11,7,ELASTICNET,6,300,349,22
bubbles5,2,11,6,KNN,7,350,399,41
bubbles5,2,11,5,WEIBULLAFT,6,300,349,16
bubbles5,2,11,4,SSVM,6,300,349,21
bubbles5,2,11,6,KNN,8,400,449,37
bubbles5,2,11,2,GBSA,6,300,349,24
bubbles5,2,11,1,RSF,6,300,349,24
bubbles5,2,11,3,DEEPSURV,5,250,299,12
bubbles5,2,11,0,COX,7,350,399,8
bubbles5,2,11,7,ELASTICNET,7,350,399,22
bubbles5,2,11,4,SSVM,7,350,399,15
bubbles5,2,11,5,WEIBULLAFT,7,350,399,28
bubbles5,2,11,2,GBSA,7,350,399,30
bubbles5,2,11,8,MTLR,5,250,299,1
bubbles5,2,11,7,ELASTICNET,8,400,449,19
bubbles5,2,11,3,DEEPSURV,6,300,349,19
bubbles5,2,11,5,WEIBULLAFT,8,400,449,25
bubbles5,2,11,1,RSF,7,350,399,24
bubbles5,2,11,2,GBSA,8,400,449,29
bubbles5,2,11,0,COX,8,400,449,9
bubbles5,2,11,4,SSVM,8,400,449,16
bubbles5,2,11,2,GBSA,9,450,499,15
bubbles5,2,11,7,ELASTICNET,9,450,499,25
bubbles5,2,11,5,WEIBULLAFT,9,450,499,26
bubbles5,2,11,3,DEEPSURV,7,350,399,20
bubbles5,2,11,1,RSF,8,400,449,15
bubbles5,2,11,0,COX,9,450,499,7
bubbles5,2,11,4,SSVM,9,450,499,25
bubbles5,2,11,7,ELASTICNET,10,500,549,21
bubbles5,2,11,2,GBSA,10,500,549,18
bubbles5,2,11,5,WEIBULLAFT,10,500,549,34
bubbles5,2,11,3,DEEPSURV,8,400,449,22
bubbles5,2,11,4,SSVM,10,500,549,21
bubbles5,2,11,5,WEIBULLAFT,11,550,599,34
bubbles5,2,11,8,MTLR,7,350,399,1
bubbles5,2,11,7,ELASTICNET,11,550,599,10
bubbles5,2,11,0,COX,10,500,549,8
bubbles5,2,11,2,GBSA,11,550,599,22
bubbles5,2,11,5,WEIBULLAFT,12,600,649,35
bubbles5,2,11,1,RSF,9,450,499,17
bubbles5,2,11,3,DEEPSURV,9,450,499,7
bubbles5,2,11,4,SSVM,11,550,599,22
bubbles5,2,11,5,WEIBULLAFT,13,650,699,35
bubbles5,2,11,2,GBSA,12,600,649,21
bubbles5,2,11,5,WEIBULLAFT,14,700,749,9
bubbles5,2,11,0,COX,11,550,599,14
bubbles5,2,11,1,RSF,10,500,549,16
bubbles5,2,11,2,GBSA,13,650,699,27
bubbles5,2,11,8,MTLR,8,400,449,1
bubbles5,2,11,0,COX,12,600,649,13
bubbles5,2,11,2,GBSA,14,700,749,26
bubbles5,2,11,8,MTLR,9,450,499,1
bubbles5,2,11,1,RSF,11,550,599,12
bubbles5,2,11,2,GBSA,15,750,799,18
bubbles5,2,11,0,COX,13,650,699,4
bubbles5,2,11,2,GBSA,16,800,849,18
bubbles5,2,11,1,RSF,12,600,649,14
bubbles5,2,11,8,MTLR,10,500,549,1
bubbles5,2,11,0,COX,14,700,749,10
bubbles5,2,11,2,GBSA,17,850,899,19
bubbles5,2,11,1,RSF,13,650,699,10
bubbles5,2,11,0,COX,15,750,799,13
bubbles5,2,11,2,GBSA,18,900,949,22
bubbles5,2,11,2,GBSA,19,950,999,22
bubbles5,2,11,0,COX,16,800,849,1
bubbles5,2,11,1,RSF,14,700,749,18
bubbles5,2,11,1,RSF,15,750,799,16
bubbles5,2,11,8,MTLR,13,650,699,1
bubbles5,2,11,1,RSF,16,800,849,19
bubbles5,2,11,8,MTLR,14,700,749,3
bubbles5,2,11,8,MTLR,15,750,799,3
bubbles5,2,11,1,RSF,17,850,899,16
bubbles5,2,11,1,RSF,18,900,949,8
bubbles5,2,11,8,MTLR,16,800,849,3
bubbles5,2,11,8,MTLR,17,850,899,4
bubbles5,2,11,1,RSF,19,950,999,11
bubbles5,2,11,8,MTLR,18,900,949,1
bubbles5,2,11,8,MTLR,19,950,999,3
bubbles5,3,21,0,COX,4,200,249,40
bubbles5,3,21,0,COX,5,250,299,33
bubbles5,3,21,0,COX,6,300,349,39
bubbles5,3,21,1,RSF,4,200,249,12
bubbles5,3,21,0,COX,7,350,399,33
bubbles5,3,21,6,KNN,4,200,249,2
bubbles5,3,21,4,SSVM,5,250,299,38
bubbles5,3,21,6,KNN,5,250,299,2
bubbles5,3,21,5,WEIBULLAFT,5,250,299,15
bubbles5,3,21,1,RSF,5,250,299,16
bubbles5,3,21,2,GBSA,5,250,299,31
bubbles5,3,21,4,SSVM,6,300,349,37
bubbles5,3,21,4,SSVM,7,350,399,42
bubbles5,3,21,2,GBSA,6,300,349,29
bubbles5,3,21,7,ELASTICNET,5,250,299,1
bubbles5,3,21,4,SSVM,8,400,449,43
bubbles5,3,21,4,SSVM,9,450,499,34
bubbles5,3,21,5,WEIBULLAFT,6,300,349,19
bubbles5,3,21,6,KNN,6,300,349,7
bubbles5,3,21,2,GBSA,7,350,399,34
bubbles5,3,21,3,DEEPSURV,5,250,299,12
bubbles5,3,21,1,RSF,6,300,349,16
bubbles5,3,21,8,MTLR,5,250,299,2
bubbles5,3,21,2,GBSA,8,400,449,34
bubbles5,3,21,2,GBSA,9,450,499,28
bubbles5,3,21,5,WEIBULLAFT,7,350,399,8
bubbles5,3,21,7,ELASTICNET,6,300,349,1
bubbles5,3,21,6,KNN,7,350,399,5
bubbles5,3,21,3,DEEPSURV,6,300,349,6
bubbles5,3,21,2,GBSA,10,500,549,27
bubbles5,3,21,1,RSF,7,350,399,9
bubbles5,3,21,7,ELASTICNET,7,350,399,3
bubbles5,3,21,5,WEIBULLAFT,8,400,449,15
bubbles5,3,21,8,MTLR,6,300,349,2
bubbles5,3,21,7,ELASTICNET,8,400,449,3
bubbles5,3,21,3,DEEPSURV,7,350,399,7
bubbles5,3,21,5,WEIBULLAFT,9,450,499,20
bubbles5,3,21,6,KNN,8,400,449,2
bubbles5,3,21,1,RSF,8,400,449,2
bubbles5,3,21,3,DEEPSURV,8,400,449,8
bubbles5,3,21,5,WEIBULLAFT,10,500,549,11
bubbles5,3,21,6,KNN,9,450,499,5
bubbles5,3,21,7,ELASTICNET,9,450,499,6
bubbles5,3,21,1,RSF,9,450,499,8
bubbles5,3,21,8,MTLR,8,400,449,2
bubbles5,3,21,5,WEIBULLAFT,11,550,599,14
bubbles5,3,21,3,DEEPSURV,9,450,499,8
bubbles5,3,21,7,ELASTICNET,10,500,549,2
bubbles5,3,21,8,MTLR,9,450,499,4
bubbles5,3,21,5,WEIBULLAFT,12,600,649,20
bubbles5,3,21,6,KNN,10,500,549,1
bubbles5,3,21,1,RSF,10,500,549,5
bubbles5,3,21,3,DEEPSURV,10,500,549,12
bubbles5,3,21,7,ELASTICNET,11,550,599,3
bubbles5,3,21,6,KNN,11,550,599,3
bubbles5,3,21,5,WEIBULLAFT,13,650,699,19
bubbles5,3,21,3,DEEPSURV,11,550,599,8
bubbles5,3,21,8,MTLR,10,500,549,4
bubbles5,3,21,5,WEIBULLAFT,14,700,749,18
bubbles5,3,21,6,KNN,12,600,649,4
bubbles5,3,21,1,RSF,11,550,599,4
bubbles5,3,21,3,DEEPSURV,12,600,649,10
bubbles5,3,21,8,MTLR,11,550,599,4
bubbles5,3,21,5,WEIBULLAFT,15,750,799,18
bubbles5,3,21,7,ELASTICNET,12,600,649,3
bubbles5,3,21,3,DEEPSURV,13,650,699,8
bubbles5,3,21,7,ELASTICNET,13,650,699,5
bubbles5,3,21,5,WEIBULLAFT,16,800,849,21
bubbles5,3,21,6,KNN,13,650,699,1
bubbles5,3,21,1,RSF,12,600,649,7
bubbles5,3,21,8,MTLR,12,600,649,1
bubbles5,3,21,5,WEIBULLAFT,17,850,899,24
bubbles5,3,21,3,DEEPSURV,14,700,749,14
bubbles5,3,21,7,ELASTICNET,14,700,749,2
bubbles5,3,21,5,WEIBULLAFT,18,900,949,26
bubbles5,3,21,6,KNN,14,700,749,2
bubbles5,3,21,1,RSF,13,650,699,3
bubbles5,3,21,8,MTLR,13,650,699,2
bubbles5,3,21,3,DEEPSURV,15,750,799,14
bubbles5,3,21,5,WEIBULLAFT,19,950,999,24
bubbles5,3,21,6,KNN,15,750,799,2
bubbles5,3,21,7,ELASTICNET,15,750,799,5
bubbles5,3,21,8,MTLR,14,700,749,1
bubbles5,3,21,3,DEEPSURV,16,800,849,16
bubbles5,3,21,1,RSF,14,700,749,9
bubbles5,3,21,7,ELASTICNET,16,800,849,6
bubbles5,3,21,3,DEEPSURV,17,850,899,15
bubbles5,3,21,6,KNN,16,800,849,1
bubbles5,3,21,3,DEEPSURV,18,900,949,6
bubbles5,3,21,8,MTLR,16,800,849,1
bubbles5,3,21,3,DEEPSURV,19,950,999,15
bubbles5,3,21,1,RSF,15,750,799,2
bubbles5,3,21,1,RSF,16,800,849,4
bubbles5,3,21,8,MTLR,17,850,899,1
bubbles5,3,21,8,MTLR,18,900,949,1
bubbles5,3,21,1,RSF,17,850,899,1
bubbles5,3,21,1,RSF,18,900,949,3
bubbles5,4,31,0,COX,5,250,299,40
bubbles5,4,31,4,SSVM,5,250,299,33
bubbles5,4,31,7,ELASTICNET,5,250,299,23
bubbles5,4,31,0,COX,6,300,349,43
bubbles5,4,31,6,KNN,5,250,299,33
bubbles5,4,31,0,COX,7,350,399,36
bubbles5,4,31,1,RSF,5,250,299,10
bubbles5,4,31,5,WEIBULLAFT,5,250,299,33
bubbles5,4,31,234,GBSA,0,0,49,236
bubbles5,4,31,4,SSVM,6,300,349,37
bubbles5,4,31,6,KNN,6,300,349,33
bubbles5,4,31,0,COX,8,400,449,30
bubbles5,4,31,7,ELASTICNET,6,300,349,26
bubbles5,4,31,5,WEIBULLAFT,6,300,349,29
bubbles5,4,31,4,SSVM,7,350,399,36
bubbles5,4,31,6,KNN,7,350,399,32
bubbles5,4,31,4,SSVM,8,400,449,36
bubbles5,4,31,7,ELASTICNET,7,350,399,25
bubbles5,4,31,5,WEIBULLAFT,7,350,399,22
bubbles5,4,31,6,KNN,8,400,449,35
bubbles5,4,31,3,DEEPSURV,5,250,299,22
bubbles5,4,31,1,RSF,6,300,349,10
bubbles5,4,31,8,MTLR,5,250,299,17
bubbles5,4,31,6,KNN,9,450,499,31
bubbles5,4,31,7,ELASTICNET,8,400,449,28
bubbles5,4,31,5,WEIBULLAFT,8,400,449,27
bubbles5,4,31,3,DEEPSURV,6,300,349,22
bubbles5,4,31,6,KNN,10,500,549,35
bubbles5,4,31,8,MTLR,6,300,349,15
bubbles5,4,31,7,ELASTICNET,9,450,499,31
bubbles5,4,31,5,WEIBULLAFT,9,450,499,32
bubbles5,4,31,6,KNN,11,550,599,26
bubbles5,4,31,7,ELASTICNET,10,500,549,22
bubbles5,4,31,3,DEEPSURV,7,350,399,18
bubbles5,4,31,1,RSF,7,350,399,10
bubbles5,4,31,8,MTLR,7,350,399,18
bubbles5,4,31,5,WEIBULLAFT,10,500,549,26
bubbles5,4,31,7,ELASTICNET,11,550,599,20
bubbles5,4,31,3,DEEPSURV,8,400,449,14
bubbles5,4,31,5,WEIBULLAFT,11,550,599,27
bubbles5,4,31,8,MTLR,8,400,449,28
bubbles5,4,31,1,RSF,8,400,449,5
bubbles5,4,31,5,WEIBULLAFT,12,600,649,25
bubbles5,4,31,8,MTLR,9,450,499,31
bubbles5,4,31,3,DEEPSURV,9,450,499,29
bubbles5,4,31,8,MTLR,10,500,549,33
bubbles5,4,31,5,WEIBULLAFT,13,650,699,23
bubbles5,4,31,3,DEEPSURV,10,500,549,27
bubbles5,4,31,8,MTLR,11,550,599,23
bubbles5,4,31,1,RSF,9,450,499,6
bubbles5,4,31,3,DEEPSURV,11,550,599,27
bubbles5,4,31,5,WEIBULLAFT,14,700,749,28
bubbles5,4,31,5,WEIBULLAFT,15,750,799,9
bubbles5,5,41,7,ELASTICNET,4,200,249,39
bubbles5,5,41,7,ELASTICNET,5,250,299,45
bubbles5,5,41,7,ELASTICNET,6,300,349,42
bubbles5,5,41,7,ELASTICNET,7,350,399,46
bubbles5,5,41,0,COX,5,250,299,3
bubbles5,5,41,6,KNN,5,250,299,33
bubbles5,5,41,4,SSVM,5,250,299,33
bubbles5,5,41,2,GBSA,5,250,299,27
bubbles5,5,41,6,KNN,6,300,349,30
bubbles5,5,41,4,SSVM,6,300,349,38
bubbles5,5,41,1,RSF,5,250,299,4
bubbles5,5,41,2,GBSA,6,300,349,19
bubbles5,5,41,4,SSVM,7,350,399,39
bubbles5,5,41,0,COX,6,300,349,7
bubbles5,5,41,5,WEIBULLAFT,5,250,299,4
bubbles5,5,41,6,KNN,7,350,399,25
bubbles5,5,41,4,SSVM,8,400,449,46
bubbles5,5,41,8,MTLR,5,250,299,6
bubbles5,5,41,5,WEIBULLAFT,6,300,349,5
bubbles5,5,41,3,DEEPSURV,5,250,299,4
bubbles5,5,41,2,GBSA,7,350,399,24
bubbles5,5,41,6,KNN,8,400,449,29
bubbles5,5,41,0,COX,7,350,399,6
bubbles5,5,41,6,KNN,9,450,499,35
bubbles5,5,41,2,GBSA,8,400,449,27
bubbles5,5,41,1,RSF,6,300,349,4
bubbles5,5,41,8,MTLR,6,300,349,8
bubbles5,5,41,5,WEIBULLAFT,7,350,399,3
bubbles5,5,41,3,DEEPSURV,6,300,349,3
bubbles5,5,41,6,KNN,10,500,549,31
bubbles5,5,41,2,GBSA,9,450,499,21
bubbles5,5,41,6,KNN,11,550,599,26
bubbles5,5,41,0,COX,8,400,449,4
bubbles5,5,41,1,RSF,7,350,399,5
bubbles5,5,41,6,KNN,12,600,649,10
bubbles5,5,41,5,WEIBULLAFT,8,400,449,3
bubbles5,5,41,8,MTLR,7,350,399,6
bubbles5,5,41,3,DEEPSURV,7,350,399,4
bubbles5,5,41,0,COX,9,450,499,2
bubbles5,5,41,8,MTLR,8,400,449,5
bubbles5,5,41,1,RSF,8,400,449,3
bubbles5,5,41,3,DEEPSURV,8,400,449,2
bubbles5,5,41,5,WEIBULLAFT,9,450,499,1
bubbles5,5,41,8,MTLR,9,450,499,5
bubbles5,5,41,0,COX,10,500,549,1
bubbles5,5,41,3,DEEPSURV,9,450,499,1
bubbles5,5,41,1,RSF,9,450,499,7
bubbles5,5,41,5,WEIBULLAFT,10,500,549,2
bubbles5,5,41,0,COX,11,550,599,4
bubbles5,5,41,8,MTLR,10,500,549,3
bubbles5,5,41,3,DEEPSURV,10,500,549,3
bubbles5,5,41,5,WEIBULLAFT,11,550,599,2
bubbles5,5,41,1,RSF,10,500,549,5
bubbles5,5,41,0,COX,12,600,649,1
bubbles5,5,41,8,MTLR,11,550,599,5
bubbles5,5,41,3,DEEPSURV,11,550,599,4
bubbles5,5,41,0,COX,13,650,699,8
bubbles5,5,41,5,WEIBULLAFT,12,600,649,1
bubbles5,5,41,8,MTLR,12,600,649,10
bubbles5,5,41,3,DEEPSURV,12,600,649,3
bubbles5,5,41,5,WEIBULLAFT,13,650,699,1
bubbles5,5,41,0,COX,14,700,749,6
bubbles5,5,41,8,MTLR,13,650,699,6
bubbles5,5,41,1,RSF,12,600,649,3
bubbles5,5,41,3,DEEPSURV,13,650,699,4
bubbles5,5,41,0,COX,15,750,799,2
bubbles5,5,41,3,DEEPSURV,14,700,749,5
bubbles5,5,41,0,COX,16,800,849,2
bubbles5,5,41,8,MTLR,14,700,749,2
bubbles5,5,41,3,DEEPSURV,15,750,799,6
bubbles5,5,41,8,MTLR,15,750,799,2
bubbles5,5,41,1,RSF,13,650,699,2
bubbles5,5,41,1,RSF,14,700,749,5
bubbles5,5,41,0,COX,17,850,899,1
bubbles5,5,41,8,MTLR,16,800,849,2
bubbles5,5,41,3,DEEPSURV,16,800,849,11
bubbles5,5,41,0,COX,18,900,949,3
bubbles5,5,41,3,DEEPSURV,17,850,899,4
bubbles5,5,41,1,RSF,15,750,799,4
bubbles5,5,41,0,COX,19,950,999,1
bubbles5,5,41,8,MTLR,17,850,899,1
bubbles5,5,41,3,DEEPSURV,18,900,949,7
bubbles5,5,41,1,RSF,16,800,849,3
bubbles5,5,41,8,MTLR,18,900,949,1
bubbles5,5,41,3,DEEPSURV,19,950,999,5
bubbles5,5,41,8,MTLR,19,950,999,5
bubbles5,5,41,1,RSF,17,850,899,4
bubbles5,5,41,1,RSF,18,900,949,1
bubbles5,5,41,1,RSF,19,950,999,2
bubbles5,6,51,6,KNN,4,200,249,21
bubbles5,6,51,6,KNN,5,250,299,32
bubbles5,6,51,0,COX,5,250,299,3
bubbles5,6,51,4,SSVM,5,250,299,32
bubbles5,6,51,6,KNN,6,300,349,29
bubbles5,6,51,1,RSF,5,250,299,21
bubbles5,6,51,7,ELASTICNET,5,250,299,29
bubbles5,6,51,8,MTLR,4,200,249,19
bubbles5,6,51,2,GBSA,5,250,299,23
bubbles5,6,51,5,WEIBULLAFT,5,250,299,12
bubbles5,6,51,3,DEEPSURV,4,200,249,6
bubbles5,6,51,4,SSVM,6,300,349,33
bubbles5,6,51,6,KNN,7,350,399,33
bubbles5,6,51,7,ELASTICNET,6,300,349,30
bubbles5,6,51,2,GBSA,6,300,349,32
bubbles5,6,51,4,SSVM,7,350,399,30
bubbles5,6,51,8,MTLR,5,250,299,14
bubbles5,6,51,6,KNN,8,400,449,20
bubbles5,6,51,7,ELASTICNET,7,350,399,29
bubbles5,6,51,1,RSF,6,300,349,28
bubbles5,6,51,5,WEIBULLAFT,6,300,349,8
bubbles5,6,51,4,SSVM,8,400,449,39
bubbles5,6,51,2,GBSA,7,350,399,29
bubbles5,6,51,3,DEEPSURV,5,250,299,4
bubbles5,6,51,0,COX,6,300,349,5
bubbles5,6,51,7,ELASTICNET,8,400,449,23
bubbles5,6,51,4,SSVM,9,450,499,24
bubbles5,6,51,2,GBSA,8,400,449,36
bubbles5,6,51,8,MTLR,6,300,349,24
bubbles5,6,51,1,RSF,7,350,399,23
bubbles5,6,51,2,GBSA,9,450,499,25
bubbles5,6,51,5,WEIBULLAFT,7,350,399,10
bubbles5,6,51,7,ELASTICNET,9,450,499,29
bubbles5,6,51,0,COX,7,350,399,4
bubbles5,6,51,3,DEEPSURV,6,300,349,6
bubbles5,6,51,8,MTLR,7,350,399,21
bubbles5,6,51,2,GBSA,10,500,549,32
bubbles5,6,51,7,ELASTICNET,10,500,549,37
bubbles5,6,51,1,RSF,8,400,449,17
bubbles5,6,51,7,ELASTICNET,11,550,599,6
bubbles5,6,51,8,MTLR,8,400,449,17
bubbles5,6,51,5,WEIBULLAFT,8,400,449,14
bubbles5,6,51,2,GBSA,11,550,599,29
bubbles5,6,51,3,DEEPSURV,7,350,399,5
bubbles5,6,51,0,COX,8,400,449,5
bubbles5,6,51,2,GBSA,12,600,649,26
bubbles5,6,51,8,MTLR,9,450,499,21
bubbles5,6,51,5,WEIBULLAFT,9,450,499,10
bubbles5,6,51,1,RSF,9,450,499,26
bubbles5,6,51,2,GBSA,13,650,699,11
bubbles5,6,51,3,DEEPSURV,8,400,449,2
bubbles5,6,51,8,MTLR,10,500,549,18
bubbles5,6,51,0,COX,9,450,499,2
bubbles5,6,51,1,RSF,10,500,549,23
bubbles5,6,51,5,WEIBULLAFT,10,500,549,12
bubbles5,6,51,0,COX,10,500,549,3
bubbles5,6,51,8,MTLR,11,550,599,23
bubbles5,6,51,1,RSF,11,550,599,18
bubbles5,6,51,8,MTLR,12,600,649,19
bubbles5,6,51,5,WEIBULLAFT,11,550,599,10
bubbles5,6,51,3,DEEPSURV,9,450,499,2
bubbles5,6,51,3,DEEPSURV,10,500,549,1
bubbles5,6,51,8,MTLR,13,650,699,26
bubbles5,6,51,5,WEIBULLAFT,12,600,649,14
bubbles5,6,51,1,RSF,12,600,649,24
bubbles5,6,51,0,COX,11,550,599,1
bubbles5,6,51,8,MTLR,14,700,749,24
bubbles5,6,51,0,COX,12,600,649,6
bubbles5,6,51,5,WEIBULLAFT,13,650,699,6
bubbles5,6,51,8,MTLR,15,750,799,29
bubbles5,6,51,1,RSF,13,650,699,25
bubbles5,6,51,3,DEEPSURV,11,550,599,6
bubbles5,6,51,8,MTLR,16,800,849,27
bubbles5,6,51,0,COX,13,650,699,1
bubbles5,6,51,3,DEEPSURV,12,600,649,9
bubbles5,6,51,1,RSF,14,700,749,25
bubbles5,6,51,5,WEIBULLAFT,14,700,749,10
bubbles5,6,51,8,MTLR,17,850,899,26
bubbles5,6,51,8,MTLR,18,900,949,31
bubbles5,6,51,1,RSF,15,750,799,24
bubbles5,6,51,5,WEIBULLAFT,15,750,799,6
bubbles5,6,51,8,MTLR,19,950,999,38
bubbles5,6,51,3,DEEPSURV,13,650,699,3
bubbles5,6,51,1,RSF,16,800,849,27
bubbles5,6,51,0,COX,15,750,799,3
bubbles5,6,51,3,DEEPSURV,14,700,749,8
bubbles5,6,51,5,WEIBULLAFT,16,800,849,7
bubbles5,6,51,1,RSF,17,850,899,28
bubbles5,6,51,0,COX,16,800,849,1
bubbles5,6,51,3,DEEPSURV,15,750,799,4
bubbles5,6,51,1,RSF,18,900,949,4
bubbles5,6,51,3,DEEPSURV,16,800,849,7
bubbles5,6,51,5,WEIBULLAFT,18,900,949,5
bubbles5,6,51,0,COX,17,850,899,2
bubbles5,6,51,0,COX,18,900,949,6
bubbles5,6,51,3,DEEPSURV,17,850,899,6
bubbles5,6,51,5,WEIBULLAFT,19,950,999,8
bubbles5,6,51,0,COX,19,950,999,7
bubbles5,6,51,3,DEEPSURV,18,900,949,12
bubbles5,6,51,3,DEEPSURV,19,950,999,12
bubbles5,7,61,2,GBSA,4,200,249,10
bubbles5,7,61,6,KNN,4,200,249,3
bubbles5,7,61,0,COX,5,250,299,24
bubbles5,7,61,6,KNN,5,250,299,9
bubbles5,7,61,4,SSVM,5,250,299,28
bubbles5,7,61,2,GBSA,5,250,299,9
bubbles5,7,61,5,WEIBULLAFT,5,250,299,37
bubbles5,7,61,1,RSF,4,200,249,2
bubbles5,7,61,7,ELASTICNET,5,250,299,11
bubbles5,7,61,3,DEEPSURV,4,200,249,11
bubbles5,7,61,1,RSF,5,250,299,7
bubbles5,7,61,0,COX,6,300,349,11
bubbles5,7,61,5,WEIBULLAFT,6,300,349,27
bubbles5,7,61,4,SSVM,6,300,349,31
bubbles5,7,61,8,MTLR,4,200,249,6
bubbles5,7,61,6,KNN,6,300,349,8
bubbles5,7,61,7,ELASTICNET,6,300,349,11
bubbles5,7,61,2,GBSA,6,300,349,11
bubbles5,7,61,4,SSVM,7,350,399,41
bubbles5,7,61,5,WEIBULLAFT,7,350,399,31
bubbles5,7,61,3,DEEPSURV,5,250,299,12
bubbles5,7,61,8,MTLR,5,250,299,19
bubbles5,7,61,4,SSVM,8,400,449,34
bubbles5,7,61,0,COX,7,350,399,21
bubbles5,7,61,5,WEIBULLAFT,8,400,449,28
bubbles5,7,61,1,RSF,6,300,349,13
bubbles5,7,61,6,KNN,7,350,399,8
bubbles5,7,61,2,GBSA,7,350,399,6
bubbles5,7,61,7,ELASTICNET,7,350,399,3
bubbles5,7,61,8,MTLR,6,300,349,8
bubbles5,7,61,3,DEEPSURV,6,300,349,13
bubbles5,7,61,5,WEIBULLAFT,9,450,499,30
bubbles5,7,61,0,COX,8,400,449,17
bubbles5,7,61,5,WEIBULLAFT,10,500,549,10
bubbles5,7,61,6,KNN,8,400,449,8
bubbles5,7,61,3,DEEPSURV,7,350,399,11
bubbles5,7,61,8,MTLR,7,350,399,9
bubbles5,7,61,2,GBSA,8,400,449,3
bubbles5,7,61,1,RSF,7,350,399,3
bubbles5,7,61,7,ELASTICNET,8,400,449,10
bubbles5,7,61,6,KNN,9,450,499,7
bubbles5,7,61,8,MTLR,8,400,449,7
bubbles5,7,61,3,DEEPSURV,8,400,449,9
bubbles5,7,61,2,GBSA,9,450,499,6
bubbles5,7,61,7,ELASTICNET,9,450,499,7
bubbles5,7,61,1,RSF,8,400,449,9
bubbles5,7,61,8,MTLR,9,450,499,5
bubbles5,7,61,7,ELASTICNET,10,500,549,13
bubbles5,7,61,2,GBSA,10,500,549,5
bubbles5,7,61,6,KNN,10,500,549,11
bubbles5,7,61,3,DEEPSURV,9,450,499,6
bubbles5,7,61,1,RSF,9,450,499,5
bubbles5,7,61,7,ELASTICNET,11,550,599,16
bubbles5,7,61,6,KNN,11,550,599,12
bubbles5,7,61,8,MTLR,10,500,549,5
bubbles5,7,61,2,GBSA,11,550,599,7
bubbles5,7,61,3,DEEPSURV,10,500,549,1
bubbles5,7,61,7,ELASTICNET,12,600,649,8
bubbles5,7,61,6,KNN,12,600,649,14
bubbles5,7,61,8,MTLR,11,550,599,5
bubbles5,7,61,3,DEEPSURV,11,550,599,4
bubbles5,7,61,1,RSF,10,500,549,6
bubbles5,7,61,2,GBSA,12,600,649,10
bubbles5,7,61,6,KNN,13,650,699,14
bubbles5,7,61,2,GBSA,13,650,699,12
bubbles5,7,61,8,MTLR,12,600,649,7
bubbles5,7,61,6,KNN,14,700,749,9
bubbles5,7,61,3,DEEPSURV,12,600,649,2
bubbles5,7,61,1,RSF,11,550,599,9
bubbles5,7,61,2,GBSA,14,700,749,12
bubbles5,7,61,6,KNN,15,750,799,5
bubbles5,7,61,3,DEEPSURV,13,650,699,1
bubbles5,7,61,1,RSF,12,600,649,3
bubbles5,7,61,2,GBSA,15,750,799,8
bubbles5,7,61,8,MTLR,14,700,749,2
bubbles5,7,61,3,DEEPSURV,14,700,749,4
bubbles5,7,61,2,GBSA,16,800,849,12
bubbles5,7,61,1,RSF,13,650,699,1
bubbles5,7,61,3,DEEPSURV,15,750,799,2
bubbles5,7,61,2,GBSA,17,850,899,9
bubbles5,7,61,1,RSF,14,700,749,8
bubbles5,7,61,3,DEEPSURV,16,800,849,1
bubbles5,7,61,2,GBSA,18,900,949,18
bubbles5,7,61,2,GBSA,19,950,999,13
bubbles5,7,61,3,DEEPSURV,17,850,899,1
bubbles5,7,61,1,RSF,15,750,799,2
bubbles5,7,61,3,DEEPSURV,18,900,949,2
bubbles5,7,61,1,RSF,16,800,849,3
bubbles5,7,61,3,DEEPSURV,19,950,999,4
bubbles5,7,61,1,RSF,17,850,899,5
bubbles5,7,61,1,RSF,18,900,949,8
bubbles5,7,61,1,RSF,19,950,999,2
bubbles5,8,71,7,ELASTICNET,4,200,249,5
bubbles5,8,71,0,COX,5,250,299,11
bubbles5,8,71,7,ELASTICNET,5,250,299,12
bubbles5,8,71,6,KNN,5,250,299,36
bubbles5,8,71,4,SSVM,5,250,299,32
bubbles5,8,71,2,GBSA,5,250,299,25
bubbles5,8,71,5,WEIBULLAFT,5,250,299,27
bubbles5,8,71,1,RSF,5,250,299,29
bubbles5,8,71,6,KNN,6,300,349,39
bubbles5,8,71,4,SSVM,6,300,349,24
bubbles5,8,71,6,KNN,7,350,399,34
bubbles5,8,71,2,GBSA,6,300,349,24
bubbles5,8,71,0,COX,6,300,349,13
bubbles5,8,71,5,WEIBULLAFT,6,300,349,30
bubbles5,8,71,7,ELASTICNET,6,300,349,18
bubbles5,8,71,,,0,0,49,1
bubbles5,8,71,1,RSF,6,300,349,21
bubbles5,8,71,6,KNN,8,400,449,45
bubbles5,8,71,4,SSVM,7,350,399,25
bubbles5,8,71,6,KNN,9,450,499,10
bubbles5,8,71,5,WEIBULLAFT,7,350,399,28
bubbles5,8,71,2,GBSA,7,350,399,33
bubbles5,8,71,8,MTLR,5,250,299,14
bubbles5,8,71,0,COX,7,350,399,13
bubbles5,8,71,3,DEEPSURV,5,250,299,2
bubbles5,8,71,7,ELASTICNET,7,350,399,11
bubbles5,8,71,4,SSVM,8,400,449,22
bubbles5,8,71,2,GBSA,8,400,449,23
bubbles5,8,71,5,WEIBULLAFT,8,400,449,29
bubbles5,8,71,1,RSF,7,350,399,26
bubbles5,8,71,8,MTLR,6,300,349,9
bubbles5,8,71,5,WEIBULLAFT,9,450,499,33
bubbles5,8,71,2,GBSA,9,450,499,26
bubbles5,8,71,0,COX,8,400,449,6
bubbles5,8,71,7,ELASTICNET,8,400,449,9
bubbles5,8,71,5,WEIBULLAFT,10,500,549,36
bubbles5,8,71,2,GBSA,10,500,549,4
bubbles5,8,71,1,RSF,8,400,449,24
bubbles5,8,71,5,WEIBULLAFT,11,550,599,37
bubbles5,8,71,8,MTLR,7,350,399,17
bubbles5,8,71,0,COX,9,450,499,17
bubbles5,8,71,5,WEIBULLAFT,12,600,649,35
bubbles5,8,71,3,DEEPSURV,6,300,349,1
bubbles5,8,71,7,ELASTICNET,9,450,499,11
bubbles5,8,71,1,RSF,9,450,499,31
bubbles5,8,71,5,WEIBULLAFT,13,650,699,40
bubbles5,8,71,0,COX,10,500,549,18
bubbles5,8,71,8,MTLR,8,400,449,16
bubbles5,8,71,5,WEIBULLAFT,14,700,749,40
bubbles5,8,71,5,WEIBULLAFT,15,750,799,2
bubbles5,8,71,7,ELASTICNET,10,500,549,6
bubbles5,8,71,1,RSF,10,500,549,38
bubbles5,8,71,8,MTLR,9,450,499,16
bubbles5,8,71,0,COX,11,550,599,21
bubbles5,8,71,3,DEEPSURV,8,400,449,2
bubbles5,8,71,1,RSF,11,550,599,32
bubbles5,8,71,7,ELASTICNET,11,550,599,8
bubbles5,8,71,0,COX,12,600,649,11
bubbles5,8,71,8,MTLR,10,500,549,25
bubbles5,8,71,3,DEEPSURV,9,450,499,2
bubbles5,8,71,1,RSF,12,600,649,14
bubbles5,8,71,8,MTLR,11,550,599,21
bubbles5,8,71,0,COX,13,650,699,13
bubbles5,8,71,7,ELASTICNET,12,600,649,10
bubbles5,8,71,8,MTLR,12,600,649,21
bubbles5,8,71,3,DEEPSURV,10,500,549,5
bubbles5,8,71,0,COX,14,700,749,12
bubbles5,8,71,7,ELASTICNET,13,650,699,6
bubbles5,8,71,8,MTLR,13,650,699,10
bubbles5,8,71,0,COX,15,750,799,7
bubbles5,8,71,7,ELASTICNET,14,700,749,10
bubbles5,8,71,0,COX,16,800,849,13
bubbles5,8,71,7,ELASTICNET,15,750,799,8
bubbles5,8,71,3,DEEPSURV,12,600,649,2
bubbles5,8,71,0,COX,17,850,899,5
bubbles5,8,71,3,DEEPSURV,13,650,699,2
bubbles5,8,71,0,COX,18,900,949,10
bubbles5,8,71,3,DEEPSURV,14,700,749,1
bubbles5,8,71,0,COX,19,950,999,4
bubbles5,8,71,3,DEEPSURV,17,850,899,1
bubbles5,8,71,3,DEEPSURV,18,900,949,2
bubbles5,8,71,3,DEEPSURV,19,950,999,3
bubbles5,9,81,1,RSF,4,200,249,9
bubbles5,9,81,7,ELASTICNET,4,200,249,3
bubbles5,9,81,0,COX,5,250,299,38
bubbles5,9,81,0,COX,6,300,349,40
bubbles5,9,81,7,ELASTICNET,5,250,299,5
bubbles5,9,81,4,SSVM,5,250,299,35
bubbles5,9,81,6,KNN,5,250,299,36
bubbles5,9,81,0,COX,7,350,399,35
bubbles5,9,81,5,WEIBULLAFT,5,250,299,5
bubbles5,9,81,6,KNN,6,300,349,35
bubbles5,9,81,2,GBSA,5,250,299,11
bubbles5,9,81,4,SSVM,6,300,349,30
bubbles5,9,81,0,COX,8,400,449,35
bubbles5,9,81,1,RSF,5,250,299,10
bubbles5,9,81,6,KNN,7,350,399,32
bubbles5,9,81,4,SSVM,7,350,399,28
bubbles5,9,81,2,GBSA,6,300,349,12
bubbles5,9,81,6,KNN,8,400,449,40
bubbles5,9,81,5,WEIBULLAFT,6,300,349,6
bubbles5,9,81,8,MTLR,5,250,299,30
bubbles5,9,81,4,SSVM,8,400,449,26
bubbles5,9,81,7,ELASTICNET,6,300,349,2
bubbles5,9,81,1,RSF,6,300,349,11
bubbles5,9,81,8,MTLR,6,300,349,34
bubbles5,9,81,2,GBSA,7,350,399,13
bubbles5,9,81,4,SSVM,9,450,499,36
bubbles5,9,81,7,ELASTICNET,7,350,399,5
bubbles5,9,81,8,MTLR,7,350,399,28
bubbles5,9,81,5,WEIBULLAFT,7,350,399,10
bubbles5,9,81,4,SSVM,10,500,549,31
bubbles5,9,81,8,MTLR,8,400,449,33
bubbles5,9,81,2,GBSA,8,400,449,22
bubbles5,9,81,1,RSF,7,350,399,14
bubbles5,9,81,4,SSVM,11,550,599,26
bubbles5,9,81,8,MTLR,9,450,499,36
bubbles5,9,81,7,ELASTICNET,8,400,449,1
bubbles5,9,81,5,WEIBULLAFT,8,400,449,11
bubbles5,9,81,4,SSVM,12,600,649,31
bubbles5,9,81,8,MTLR,10,500,549,35
bubbles5,9,81,2,GBSA,9,450,499,18
bubbles5,9,81,1,RSF,8,400,449,14
bubbles5,9,81,4,SSVM,13,650,699,39
bubbles5,9,81,4,SSVM,14,700,749,37
bubbles5,9,81,5,WEIBULLAFT,9,450,499,9
bubbles5,9,81,2,GBSA,10,500,549,14
bubbles5,9,81,4,SSVM,15,750,799,40
bubbles5,9,81,4,SSVM,16,800,849,16
bubbles5,9,81,2,GBSA,11,550,599,14
bubbles5,9,81,1,RSF,9,450,499,15
bubbles5,9,81,5,WEIBULLAFT,10,500,549,12
bubbles5,9,81,7,ELASTICNET,10,500,549,10
bubbles5,9,81,2,GBSA,12,600,649,14
bubbles5,9,81,5,WEIBULLAFT,11,550,599,17
bubbles5,9,81,1,RSF,10,500,549,6
bubbles5,9,81,2,GBSA,13,650,699,16
bubbles5,9,81,7,ELASTICNET,11,550,599,1
bubbles5,9,81,5,WEIBULLAFT,12,600,649,4
bubbles5,9,81,3,DEEPSURV,10,500,549,3
bubbles5,9,81,2,GBSA,14,700,749,15
bubbles5,9,81,2,GBSA,15,750,799,10
bubbles5,9,81,3,DEEPSURV,11,550,599,2
bubbles5,9,81,7,ELASTICNET,13,650,699,4
bubbles5,9,81,2,GBSA,16,800,849,16
bubbles5,9,81,7,ELASTICNET,14,700,749,2
bubbles5,9,81,2,GBSA,17,850,899,11
bubbles5,9,81,2,GBSA,18,900,949,8
bubbles5,9,81,3,DEEPSURV,13,650,699,1
bubbles5,9,81,7,ELASTICNET,15,750,799,3
bubbles5,9,81,7,ELASTICNET,16,800,849,2
bubbles5,9,81,7,ELASTICNET,17,850,899,4
bubbles5,9,81,7,ELASTICNET,18,900,949,2
bubbles5,9,81,7,ELASTICNET,19,950,999,4
team6_500rdmRad,10,91,7,ELASTICNET,4,200,249,29
team6_500rdmRad,10,91,0,COX,4,200,249,1
team6_500rdmRad,10,91,2,GBSA,4,200,249,1
team6_500rdmRad,10,91,7,ELASTICNET,5,250,299,33
team6_500rdmRad,10,91,7,ELASTICNET,6,300,349,38
team6_500rdmRad,10,91,0,COX,5,250,299,11
team6_500rdmRad,10,91,1,RSF,4,200,249,4
team6_500rdmRad,10,91,7,ELASTICNET,7,350,399,31
team6_500rdmRad,10,91,4,SSVM,5,250,299,27
team6_500rdmRad,10,91,6,KNN,5,250,299,26
team6_500rdmRad,10,91,1,RSF,5,250,299,4
team6_500rdmRad,10,91,5,WEIBULLAFT,5,250,299,24
team6_500rdmRad,10,91,,,0,0,49,2
team6_500rdmRad,10,91,4,SSVM,6,300,349,20
team6_500rdmRad,10,91,0,COX,6,300,349,12
team6_500rdmRad,10,91,6,KNN,6,300,349,19
team6_500rdmRad,10,91,2,GBSA,5,250,299,3
team6_500rdmRad,10,91,5,WEIBULLAFT,6,300,349,22
team6_500rdmRad,10,91,4,SSVM,7,350,399,33
team6_500rdmRad,10,91,6,KNN,7,350,399,21
team6_500rdmRad,10,91,3,DEEPSURV,4,200,249,1
team6_500rdmRad,10,91,0,COX,7,350,399,11
team6_500rdmRad,10,91,2,GBSA,6,300,349,7
team6_500rdmRad,10,91,5,WEIBULLAFT,7,350,399,17
team6_500rdmRad,10,91,4,SSVM,8,400,449,28
team6_500rdmRad,10,91,3,DEEPSURV,5,250,299,4
team6_500rdmRad,10,91,1,RSF,6,300,349,4
team6_500rdmRad,10,91,6,KNN,8,400,449,25
team6_500rdmRad,10,91,4,SSVM,9,450,499,35
team6_500rdmRad,10,91,5,WEIBULLAFT,8,400,449,23
team6_500rdmRad,10,91,0,COX,8,400,449,8
team6_500rdmRad,10,91,4,SSVM,10,500,549,33
team6_500rdmRad,10,91,6,KNN,9,450,499,26
team6_500rdmRad,10,91,2,GBSA,7,350,399,1
team6_500rdmRad,10,91,3,DEEPSURV,6,300,349,9
team6_500rdmRad,10,91,4,SSVM,11,550,599,27
team6_500rdmRad,10,91,5,WEIBULLAFT,9,450,499,32
team6_500rdmRad,10,91,1,RSF,7,350,399,6
team6_500rdmRad,10,91,6,KNN,10,500,549,19
team6_500rdmRad,10,91,0,COX,9,450,499,13
team6_500rdmRad,10,91,4,SSVM,12,600,649,38
team6_500rdmRad,10,91,5,WEIBULLAFT,10,500,549,26
team6_500rdmRad,10,91,4,SSVM,13,650,699,32
team6_500rdmRad,10,91,6,KNN,11,550,599,23
team6_500rdmRad,10,91,2,GBSA,8,400,449,1
team6_500rdmRad,10,91,3,DEEPSURV,7,350,399,5
team6_500rdmRad,10,91,5,WEIBULLAFT,11,550,599,22
team6_500rdmRad,10,91,0,COX,10,500,549,16
team6_500rdmRad,10,91,4,SSVM,14,700,749,28
team6_500rdmRad,10,91,6,KNN,12,600,649,27
team6_500rdmRad,10,91,4,SSVM,15,750,799,25
team6_500rdmRad,10,91,2,GBSA,9,450,499,5
team6_500rdmRad,10,91,8,MTLR,7,350,399,1
team6_500rdmRad,10,91,3,DEEPSURV,8,400,449,4
team6_500rdmRad,10,91,5,WEIBULLAFT,12,600,649,23
team6_500rdmRad,10,91,6,KNN,13,650,699,28
team6_500rdmRad,10,91,0,COX,11,550,599,13
team6_500rdmRad,10,91,8,MTLR,8,400,449,3
team6_500rdmRad,10,91,1,RSF,8,400,449,2
team6_500rdmRad,10,91,6,KNN,14,700,749,24
team6_500rdmRad,10,91,5,WEIBULLAFT,13,650,699,1
team6_500rdmRad,10,91,0,COX,12,600,649,3
team6_500rdmRad,10,91,3,DEEPSURV,9,450,499,2
team6_500rdmRad,10,91,2,GBSA,10,500,549,3
team6_500rdmRad,10,91,1,RSF,9,450,499,5
team6_500rdmRad,10,91,6,KNN,15,750,799,20
team6_500rdmRad,10,91,8,MTLR,9,450,499,2
team6_500rdmRad,10,91,6,KNN,16,800,849,22
team6_500rdmRad,10,91,0,COX,13,650,699,5
team6_500rdmRad,10,91,3,DEEPSURV,10,500,549,3
team6_500rdmRad,10,91,6,KNN,17,850,899,21
team6_500rdmRad,10,91,8,MTLR,10,500,549,7
team6_500rdmRad,10,91,2,GBSA,11,550,599,1
team6_500rdmRad,10,91,1,RSF,10,500,549,2
team6_500rdmRad,10,91,0,COX,14,700,749,6
team6_500rdmRad,10,91,2,GBSA,12,600,649,4
team6_500rdmRad,10,91,6,KNN,18,900,949,21
team6_500rdmRad,10,91,3,DEEPSURV,11,550,599,7
team6_500rdmRad,10,91,8,MTLR,11,550,599,2
team6_500rdmRad,10,91,6,KNN,19,950,999,22
team6_500rdmRad,10,91,0,COX,15,750,799,16
team6_500rdmRad,10,91,1,RSF,11,550,599,5
team6_500rdmRad,10,91,3,DEEPSURV,12,600,649,2
team6_500rdmRad,10,91,0,COX,16,800,849,10
team6_500rdmRad,10,91,2,GBSA,13,650,699,2
team6_500rdmRad,10,91,3,DEEPSURV,13,650,699,6
team6_500rdmRad,10,91,8,MTLR,12,600,649,3
team6_500rdmRad,10,91,2,GBSA,14,700,749,5
team6_500rdmRad,10,91,0,COX,17,850,899,15
team6_500rdmRad,10,91,8,MTLR,13,650,699,6
team6_500rdmRad,10,91,1,RSF,12,600,649,4
team6_500rdmRad,10,91,3,DEEPSURV,14,700,749,5
team6_500rdmRad,10,91,0,COX,18,900,949,9
team6_500rdmRad,10,91,8,MTLR,14,700,749,3
team6_500rdmRad,10,91,0,COX,19,950,999,6
team6_500rdmRad,10,91,2,GBSA,15,750,799,1
team6_500rdmRad,10,91,1,RSF,13,650,699,1
team6_500rdmRad,10,91,2,GBSA,16,800,849,4
team6_500rdmRad,10,91,2,GBSA,17,850,899,5
team6_500rdmRad,10,91,2,GBSA,19,950,999,1
team6_500rdmRad,1,1,0,COX,4,200,249,38
team6_500rdmRad,1,1,0,COX,5,250,299,43
team6_500rdmRad,1,1,0,COX,6,300,349,46
team6_500rdmRad,1,1,0,COX,7,350,399,41
team6_500rdmRad,1,1,5,WEIBULLAFT,4,200,249,28
team6_500rdmRad,1,1,0,COX,8,400,449,40
team6_500rdmRad,1,1,0,COX,9,450,499,35
team6_500rdmRad,1,1,5,WEIBULLAFT,5,250,299,35
team6_500rdmRad,1,1,7,ELASTICNET,5,250,299,36
team6_500rdmRad,1,1,6,KNN,5,250,299,27
team6_500rdmRad,1,1,4,SSVM,5,250,299,24
team6_500rdmRad,1,1,1,RSF,5,250,299,29
team6_500rdmRad,1,1,5,WEIBULLAFT,6,300,349,34
team6_500rdmRad,1,1,2,GBSA,5,250,299,17
team6_500rdmRad,1,1,7,ELASTICNET,6,300,349,39
team6_500rdmRad,1,1,6,KNN,6,300,349,32
team6_500rdmRad,1,1,7,ELASTICNET,7,350,399,33
team6_500rdmRad,1,1,5,WEIBULLAFT,7,350,399,37
team6_500rdmRad,1,1,4,SSVM,6,300,349,30
team6_500rdmRad,1,1,5,WEIBULLAFT,8,400,449,35
team6_500rdmRad,1,1,7,ELASTICNET,8,400,449,33
team6_500rdmRad,1,1,2,GBSA,6,300,349,17
team6_500rdmRad,1,1,6,KNN,7,350,399,35
team6_500rdmRad,1,1,1,RSF,6,300,349,20
team6_500rdmRad,1,1,4,SSVM,7,350,399,28
team6_500rdmRad,1,1,6,KNN,8,400,449,23
team6_500rdmRad,1,1,5,WEIBULLAFT,9,450,499,38
team6_500rdmRad,1,1,5,WEIBULLAFT,10,500,549,35
team6_500rdmRad,1,1,2,GBSA,7,350,399,27
team6_500rdmRad,1,1,4,SSVM,8,400,449,29
team6_500rdmRad,1,1,8,MTLR,5,250,299,23
team6_500rdmRad,1,1,6,KNN,9,450,499,32
team6_500rdmRad,1,1,3,DEEPSURV,5,250,299,1
team6_500rdmRad,1,1,5,WEIBULLAFT,11,550,599,36
team6_500rdmRad,1,1,1,RSF,7,350,399,28
team6_500rdmRad,1,1,2,GBSA,8,400,449,22
team6_500rdmRad,1,1,4,SSVM,9,450,499,33
team6_500rdmRad,1,1,8,MTLR,6,300,349,32
team6_500rdmRad,1,1,5,WEIBULLAFT,12,600,649,38
team6_500rdmRad,1,1,4,SSVM,10,500,549,31
team6_500rdmRad,1,1,5,WEIBULLAFT,13,650,699,20
team6_500rdmRad,1,1,8,MTLR,7,350,399,33
team6_500rdmRad,1,1,3,DEEPSURV,6,300,349,2
team6_500rdmRad,1,1,2,GBSA,9,450,499,29
team6_500rdmRad,1,1,1,RSF,8,400,449,30
team6_500rdmRad,1,1,4,SSVM,11,550,599,20
team6_500rdmRad,1,1,8,MTLR,8,400,449,31
team6_500rdmRad,1,1,2,GBSA,10,500,549,25
team6_500rdmRad,1,1,8,MTLR,9,450,499,26
team6_500rdmRad,1,1,4,SSVM,12,600,649,29
team6_500rdmRad,1,1,3,DEEPSURV,7,350,399,4
team6_500rdmRad,1,1,1,RSF,9,450,499,27
team6_500rdmRad,1,1,2,GBSA,11,550,599,29
team6_500rdmRad,1,1,8,MTLR,10,500,549,32
team6_500rdmRad,1,1,4,SSVM,13,650,699,30
team6_500rdmRad,1,1,2,GBSA,12,600,649,23
team6_500rdmRad,1,1,8,MTLR,11,550,599,34
team6_500rdmRad,1,1,4,SSVM,14,700,749,29
team6_500rdmRad,1,1,1,RSF,10,500,549,23
team6_500rdmRad,1,1,8,MTLR,12,600,649,32
team6_500rdmRad,1,1,3,DEEPSURV,8,400,449,2
team6_500rdmRad,1,1,2,GBSA,13,650,699,10
team6_500rdmRad,1,1,4,SSVM,15,750,799,27
team6_500rdmRad,1,1,8,MTLR,13,650,699,35
team6_500rdmRad,1,1,4,SSVM,16,800,849,18
team6_500rdmRad,1,1,8,MTLR,14,700,749,35
team6_500rdmRad,1,1,1,RSF,11,550,599,28
team6_500rdmRad,1,1,3,DEEPSURV,9,450,499,6
team6_500rdmRad,1,1,8,MTLR,15,750,799,37
team6_500rdmRad,1,1,8,MTLR,16,800,849,25
team6_500rdmRad,1,1,1,RSF,12,600,649,32
team6_500rdmRad,1,1,8,MTLR,17,850,899,29
team6_500rdmRad,1,1,3,DEEPSURV,10,500,549,4
team6_500rdmRad,1,1,8,MTLR,18,900,949,42
team6_500rdmRad,1,1,1,RSF,13,650,699,30
team6_500rdmRad,1,1,8,MTLR,19,950,999,31
team6_500rdmRad,1,1,3,DEEPSURV,11,550,599,1
team6_500rdmRad,1,1,1,RSF,14,700,749,25
team6_500rdmRad,1,1,3,DEEPSURV,12,600,649,5
team6_500rdmRad,1,1,1,RSF,15,750,799,26
team6_500rdmRad,1,1,3,DEEPSURV,13,650,699,5
team6_500rdmRad,1,1,1,RSF,16,800,849,35
team6_500rdmRad,1,1,1,RSF,17,850,899,23
team6_500rdmRad,1,1,3,DEEPSURV,14,700,749,4
team6_500rdmRad,1,1,3,DEEPSURV,15,750,799,2
team6_500rdmRad,2,11,6,KNN,4,200,249,38
team6_500rdmRad,2,11,6,KNN,5,250,299,35
team6_500rdmRad,2,11,0,COX,5,250,299,47
team6_500rdmRad,2,11,0,COX,6,300,349,28
team6_500rdmRad,2,11,6,KNN,6,300,349,38
team6_500rdmRad,2,11,4,SSVM,5,250,299,27
team6_500rdmRad,2,11,6,KNN,7,350,399,42
team6_500rdmRad,2,11,7,ELASTICNET,5,250,299,8
team6_500rdmRad,2,11,1,RSF,4,200,249,1
team6_500rdmRad,2,11,1,RSF,5,250,299,17
team6_500rdmRad,2,11,0,COX,7,350,399,34
team6_500rdmRad,2,11,5,WEIBULLAFT,5,250,299,21
team6_500rdmRad,2,11,2,GBSA,5,250,299,27
team6_500rdmRad,2,11,6,KNN,8,400,449,36
team6_500rdmRad,2,11,4,SSVM,6,300,349,33
team6_500rdmRad,2,11,0,COX,8,400,449,33
team6_500rdmRad,2,11,6,KNN,9,450,499,36
team6_500rdmRad,2,11,2,GBSA,6,300,349,25
team6_500rdmRad,2,11,5,WEIBULLAFT,6,300,349,19
team6_500rdmRad,2,11,4,SSVM,7,350,399,32
team6_500rdmRad,2,11,6,KNN,10,500,549,32
team6_500rdmRad,2,11,0,COX,9,450,499,27
team6_500rdmRad,2,11,7,ELASTICNET,6,300,349,13
team6_500rdmRad,2,11,8,MTLR,4,200,249,3
team6_500rdmRad,2,11,4,SSVM,8,400,449,34
team6_500rdmRad,2,11,2,GBSA,7,350,399,29
team6_500rdmRad,2,11,6,KNN,11,550,599,32
team6_500rdmRad,2,11,0,COX,10,500,549,27
team6_500rdmRad,2,11,1,RSF,6,300,349,21
team6_500rdmRad,2,11,5,WEIBULLAFT,7,350,399,28
team6_500rdmRad,2,11,8,MTLR,5,250,299,5
team6_500rdmRad,2,11,3,DEEPSURV,5,250,299,6
team6_500rdmRad,2,11,7,ELASTICNET,7,350,399,2
team6_500rdmRad,2,11,2,GBSA,8,400,449,34
team6_500rdmRad,2,11,6,KNN,12,600,649,37
team6_500rdmRad,2,11,0,COX,11,550,599,27
team6_500rdmRad,2,11,6,KNN,13,650,699,17
team6_500rdmRad,2,11,5,WEIBULLAFT,8,400,449,30
team6_500rdmRad,2,11,2,GBSA,9,450,499,31
team6_500rdmRad,2,11,1,RSF,7,350,399,23
team6_500rdmRad,2,11,0,COX,12,600,649,28
team6_500rdmRad,2,11,2,GBSA,10,500,549,26
team6_500rdmRad,2,11,5,WEIBULLAFT,9,450,499,24
team6_500rdmRad,2,11,7,ELASTICNET,8,400,449,20
team6_500rdmRad,2,11,0,COX,13,650,699,27
team6_500rdmRad,2,11,8,MTLR,6,300,349,3
team6_500rdmRad,2,11,3,DEEPSURV,6,300,349,2
team6_500rdmRad,2,11,5,WEIBULLAFT,10,500,549,4
team6_500rdmRad,2,11,0,COX,14,700,749,30
team6_500rdmRad,2,11,8,MTLR,7,350,399,5
team6_500rdmRad,2,11,7,ELASTICNET,9,450,499,8
team6_500rdmRad,2,11,1,RSF,8,400,449,19
team6_500rdmRad,2,11,0,COX,15,750,799,32
team6_500rdmRad,2,11,3,DEEPSURV,7,350,399,3
team6_500rdmRad,2,11,0,COX,16,800,849,37
team6_500rdmRad,2,11,7,ELASTICNET,10,500,549,13
team6_500rdmRad,2,11,1,RSF,9,450,499,22
team6_500rdmRad,2,11,0,COX,17,850,899,32
team6_500rdmRad,2,11,3,DEEPSURV,8,400,449,6
team6_500rdmRad,2,11,0,COX,18,900,949,29
team6_500rdmRad,2,11,8,MTLR,8,400,449,3
team6_500rdmRad,2,11,7,ELASTICNET,11,550,599,11
team6_500rdmRad,2,11,0,COX,19,950,999,24
team6_500rdmRad,2,11,1,RSF,10,500,549,27
team6_500rdmRad,2,11,8,MTLR,9,450,499,2
team6_500rdmRad,2,11,7,ELASTICNET,12,600,649,12
team6_500rdmRad,2,11,3,DEEPSURV,9,450,499,6
team6_500rdmRad,2,11,1,RSF,11,550,599,22
team6_500rdmRad,2,11,3,DEEPSURV,10,500,549,8
team6_500rdmRad,2,11,7,ELASTICNET,13,650,699,12
team6_500rdmRad,2,11,1,RSF,12,600,649,23
team6_500rdmRad,2,11,8,MTLR,10,500,549,2
team6_500rdmRad,2,11,3,DEEPSURV,11,550,599,2
team6_500rdmRad,2,11,7,ELASTICNET,14,700,749,10
team6_500rdmRad,2,11,8,MTLR,11,550,599,1
team6_500rdmRad,2,11,1,RSF,13,650,699,18
team6_500rdmRad,2,11,7,ELASTICNET,15,750,799,11
team6_500rdmRad,2,11,3,DEEPSURV,12,600,649,2
team6_500rdmRad,2,11,8,MTLR,12,600,649,1
team6_500rdmRad,2,11,1,RSF,14,700,749,17
team6_500rdmRad,2,11,3,DEEPSURV,13,650,699,1
team6_500rdmRad,2,11,1,RSF,15,750,799,18
team6_500rdmRad,2,11,1,RSF,16,800,849,20
team6_500rdmRad,2,11,1,RSF,17,850,899,14
team6_500rdmRad,2,11,8,MTLR,15,750,799,1
team6_500rdmRad,2,11,1,RSF,18,900,949,19
team6_500rdmRad,2,11,1,RSF,19,950,999,23
team6_500rdmRad,3,21,0,COX,4,200,249,4
team6_500rdmRad,3,21,5,WEIBULLAFT,4,200,249,40
team6_500rdmRad,3,21,5,WEIBULLAFT,5,250,299,43
team6_500rdmRad,3,21,0,COX,5,250,299,13
team6_500rdmRad,3,21,5,WEIBULLAFT,6,300,349,40
team6_500rdmRad,3,21,7,ELASTICNET,4,200,249,6
team6_500rdmRad,3,21,5,WEIBULLAFT,7,350,399,41
team6_500rdmRad,3,21,7,ELASTICNET,5,250,299,28
team6_500rdmRad,3,21,4,SSVM,5,250,299,37
team6_500rdmRad,3,21,2,GBSA,4,200,249,4
team6_500rdmRad,3,21,6,KNN,5,250,299,21
team6_500rdmRad,3,21,2,GBSA,5,250,299,28
team6_500rdmRad,3,21,5,WEIBULLAFT,8,400,449,37
team6_500rdmRad,3,21,1,RSF,5,250,299,19
team6_500rdmRad,3,21,4,SSVM,6,300,349,33
team6_500rdmRad,3,21,7,ELASTICNET,6,300,349,35
team6_500rdmRad,3,21,0,COX,6,300,349,7
team6_500rdmRad,3,21,5,WEIBULLAFT,9,450,499,36
team6_500rdmRad,3,21,4,SSVM,7,350,399,35
team6_500rdmRad,3,21,6,KNN,6,300,349,15
team6_500rdmRad,3,21,2,GBSA,6,300,349,27
team6_500rdmRad,3,21,7,ELASTICNET,7,350,399,36
team6_500rdmRad,3,21,5,WEIBULLAFT,10,500,549,38
team6_500rdmRad,3,21,,,0,0,49,1
team6_500rdmRad,3,21,4,SSVM,8,400,449,31
team6_500rdmRad,3,21,7,ELASTICNET,8,400,449,36
team6_500rdmRad,3,21,5,WEIBULLAFT,11,550,599,7
team6_500rdmRad,3,21,2,GBSA,7,350,399,21
team6_500rdmRad,3,21,1,RSF,6,300,349,21
team6_500rdmRad,3,21,7,ELASTICNET,9,450,499,31
team6_500rdmRad,3,21,0,COX,7,350,399,14
team6_500rdmRad,3,21,6,KNN,7,350,399,19
team6_500rdmRad,3,21,4,SSVM,9,450,499,35
team6_500rdmRad,3,21,3,DEEPSURV,5,250,299,20
team6_500rdmRad,3,21,4,SSVM,10,500,549,37
team6_500rdmRad,3,21,8,MTLR,5,250,299,3
team6_500rdmRad,3,21,7,ELASTICNET,10,500,549,15
team6_500rdmRad,3,21,2,GBSA,8,400,449,20
team6_500rdmRad,3,21,6,KNN,8,400,449,18
team6_500rdmRad,3,21,4,SSVM,11,550,599,31
team6_500rdmRad,3,21,0,COX,8,400,449,9
team6_500rdmRad,3,21,3,DEEPSURV,6,300,349,24
team6_500rdmRad,3,21,1,RSF,7,350,399,21
team6_500rdmRad,3,21,2,GBSA,9,450,499,21
team6_500rdmRad,3,21,4,SSVM,12,600,649,31
team6_500rdmRad,3,21,3,DEEPSURV,7,350,399,23
team6_500rdmRad,3,21,4,SSVM,13,650,699,27
team6_500rdmRad,3,21,0,COX,9,450,499,12
team6_500rdmRad,3,21,2,GBSA,10,500,549,25
team6_500rdmRad,3,21,4,SSVM,14,700,749,39
team6_500rdmRad,3,21,3,DEEPSURV,8,400,449,20
team6_500rdmRad,3,21,1,RSF,8,400,449,13
team6_500rdmRad,3,21,8,MTLR,6,300,349,1
team6_500rdmRad,3,21,4,SSVM,15,750,799,30
team6_500rdmRad,3,21,2,GBSA,11,550,599,10
team6_500rdmRad,3,21,0,COX,10,500,549,13
team6_500rdmRad,3,21,3,DEEPSURV,9,450,499,20
team6_500rdmRad,3,21,4,SSVM,16,800,849,31
team6_500rdmRad,3,21,4,SSVM,17,850,899,35
team6_500rdmRad,3,21,0,COX,11,550,599,14
team6_500rdmRad,3,21,3,DEEPSURV,10,500,549,19
team6_500rdmRad,3,21,4,SSVM,18,900,949,38
team6_500rdmRad,3,21,4,SSVM,19,950,999,6
team6_500rdmRad,3,21,8,MTLR,8,400,449,1
team6_500rdmRad,3,21,3,DEEPSURV,11,550,599,26
team6_500rdmRad,3,21,0,COX,12,600,649,4
team6_500rdmRad,3,21,3,DEEPSURV,12,600,649,17
team6_500rdmRad,3,21,0,COX,13,650,699,8
team6_500rdmRad,3,21,3,DEEPSURV,13,650,699,23
team6_500rdmRad,3,21,8,MTLR,10,500,549,1
team6_500rdmRad,3,21,0,COX,14,700,749,5
team6_500rdmRad,3,21,3,DEEPSURV,14,700,749,22
team6_500rdmRad,3,21,3,DEEPSURV,15,750,799,16
team6_500rdmRad,3,21,3,DEEPSURV,16,800,849,16
team6_500rdmRad,3,21,8,MTLR,12,600,649,2
team6_500rdmRad,3,21,3,DEEPSURV,17,850,899,20
team6_500rdmRad,3,21,3,DEEPSURV,18,900,949,12
team6_500rdmRad,3,21,8,MTLR,13,650,699,2
team6_500rdmRad,3,21,3,DEEPSURV,19,950,999,22
team6_500rdmRad,3,21,8,MTLR,14,700,749,4
team6_500rdmRad,3,21,8,MTLR,15,750,799,3
team6_500rdmRad,3,21,8,MTLR,16,800,849,10
team6_500rdmRad,3,21,8,MTLR,17,850,899,2
team6_500rdmRad,3,21,8,MTLR,18,900,949,2
team6_500rdmRad,4,31,1,RSF,4,200,249,12
team6_500rdmRad,4,31,0,COX,5,250,299,37
team6_500rdmRad,4,31,6,KNN,4,200,249,4
team6_500rdmRad,4,31,6,KNN,5,250,299,26
team6_500rdmRad,4,31,0,COX,6,300,349,35
team6_500rdmRad,4,31,7,ELASTICNET,5,250,299,25
team6_500rdmRad,4,31,4,SSVM,5,250,299,35
team6_500rdmRad,4,31,5,WEIBULLAFT,5,250,299,34
team6_500rdmRad,4,31,1,RSF,5,250,299,29
team6_500rdmRad,4,31,0,COX,7,350,399,33
team6_500rdmRad,4,31,4,SSVM,6,300,349,32
team6_500rdmRad,4,31,2,GBSA,5,250,299,17
team6_500rdmRad,4,31,6,KNN,6,300,349,28
team6_500rdmRad,4,31,5,WEIBULLAFT,6,300,349,30
team6_500rdmRad,4,31,7,ELASTICNET,6,300,349,25
team6_500rdmRad,4,31,0,COX,8,400,449,34
team6_500rdmRad,4,31,4,SSVM,7,350,399,35
team6_500rdmRad,4,31,2,GBSA,6,300,349,8
team6_500rdmRad,4,31,6,KNN,7,350,399,32
team6_500rdmRad,4,31,0,COX,9,450,499,10
team6_500rdmRad,4,31,5,WEIBULLAFT,7,350,399,28
team6_500rdmRad,4,31,4,SSVM,8,400,449,40
team6_500rdmRad,4,31,1,RSF,6,300,349,31
team6_500rdmRad,4,31,7,ELASTICNET,7,350,399,27
team6_500rdmRad,4,31,6,KNN,8,400,449,31
team6_500rdmRad,4,31,4,SSVM,9,450,499,31
team6_500rdmRad,4,31,3,DEEPSURV,4,200,249,2
team6_500rdmRad,4,31,5,WEIBULLAFT,8,400,449,33
team6_500rdmRad,4,31,8,MTLR,5,250,299,1
team6_500rdmRad,4,31,7,ELASTICNET,8,400,449,26
team6_500rdmRad,4,31,6,KNN,9,450,499,17
team6_500rdmRad,4,31,3,DEEPSURV,5,250,299,5
team6_500rdmRad,4,31,4,SSVM,10,500,549,9
team6_500rdmRad,4,31,2,GBSA,7,350,399,13
team6_500rdmRad,4,31,1,RSF,7,350,399,32
team6_500rdmRad,4,31,7,ELASTICNET,9,450,499,24
team6_500rdmRad,4,31,2,GBSA,8,400,449,17
team6_500rdmRad,4,31,1,RSF,8,400,449,32
team6_500rdmRad,4,31,7,ELASTICNET,10,500,549,29
team6_500rdmRad,4,31,3,DEEPSURV,6,300,349,5
team6_500rdmRad,4,31,8,MTLR,6,300,349,2
team6_500rdmRad,4,31,7,ELASTICNET,11,550,599,34
team6_500rdmRad,4,31,2,GBSA,9,450,499,18
team6_500rdmRad,4,31,7,ELASTICNET,12,600,649,30
team6_500rdmRad,4,31,1,RSF,9,450,499,33
team6_500rdmRad,4,31,8,MTLR,7,350,399,4
team6_500rdmRad,4,31,2,GBSA,10,500,549,16
team6_500rdmRad,4,31,7,ELASTICNET,13,650,699,31
team6_500rdmRad,4,31,3,DEEPSURV,7,350,399,4
team6_500rdmRad,4,31,1,RSF,10,500,549,3
team6_500rdmRad,4,31,7,ELASTICNET,14,700,749,42
team6_500rdmRad,4,31,3,DEEPSURV,8,400,449,4
team6_500rdmRad,4,31,7,ELASTICNET,15,750,799,41
team6_500rdmRad,4,31,7,ELASTICNET,16,800,849,32
team6_500rdmRad,4,31,8,MTLR,8,400,449,6
team6_500rdmRad,4,31,3,DEEPSURV,9,450,499,3
team6_500rdmRad,4,31,8,MTLR,9,450,499,1
team6_500rdmRad,4,31,8,MTLR,10,500,549,7
team6_500rdmRad,4,31,3,DEEPSURV,10,500,549,7
team6_500rdmRad,4,31,8,MTLR,11,550,599,10
team6_500rdmRad,4,31,3,DEEPSURV,11,550,599,2
team6_500rdmRad,4,31,8,MTLR,12,600,649,10
team6_500rdmRad,4,31,3,DEEPSURV,12,600,649,5
team6_500rdmRad,4,31,3,DEEPSURV,13,650,699,3
team6_500rdmRad,4,31,3,DEEPSURV,14,700,749,6
team6_500rdmRad,4,31,3,DEEPSURV,15,750,799,4
team6_500rdmRad,4,31,3,DEEPSURV,16,800,849,5
team6_500rdmRad,4,31,3,DEEPSURV,17,850,899,6
team6_500rdmRad,4,31,3,DEEPSURV,18,900,949,9
team6_500rdmRad,4,31,3,DEEPSURV,19,950,999,3
team6_500rdmRad,5,41,0,COX,5,250,299,12
team6_500rdmRad,5,41,7,ELASTICNET,5,250,299,29
team6_500rdmRad,5,41,6,KNN,5,250,299,23
team6_500rdmRad,5,41,5,WEIBULLAFT,5,250,299,21
team6_500rdmRad,5,41,4,SSVM,5,250,299,17
team6_500rdmRad,5,41,2,GBSA,5,250,299,21
team6_500rdmRad,5,41,1,RSF,5,250,299,25
team6_500rdmRad,5,41,0,COX,6,300,349,12
team6_500rdmRad,5,41,8,MTLR,4,200,249,34
team6_500rdmRad,5,41,7,ELASTICNET,6,300,349,32
team6_500rdmRad,5,41,6,KNN,6,300,349,24
team6_500rdmRad,5,41,4,SSVM,6,300,349,22
team6_500rdmRad,5,41,7,ELASTICNET,7,350,399,34
team6_500rdmRad,5,41,8,MTLR,5,250,299,29
team6_500rdmRad,5,41,2,GBSA,6,300,349,19
team6_500rdmRad,5,41,5,WEIBULLAFT,6,300,349,15
team6_500rdmRad,5,41,1,RSF,6,300,349,16
team6_500rdmRad,5,41,6,KNN,7,350,399,17
team6_500rdmRad,5,41,7,ELASTICNET,8,400,449,41
team6_500rdmRad,5,41,0,COX,7,350,399,4
team6_500rdmRad,5,41,8,MTLR,6,300,349,32
team6_500rdmRad,5,41,4,SSVM,7,350,399,26
team6_500rdmRad,5,41,7,ELASTICNET,9,450,499,32
team6_500rdmRad,5,41,2,GBSA,7,350,399,29
team6_500rdmRad,5,41,5,WEIBULLAFT,7,350,399,18
team6_500rdmRad,5,41,8,MTLR,7,350,399,33
team6_500rdmRad,5,41,7,ELASTICNET,10,500,549,40
team6_500rdmRad,5,41,3,DEEPSURV,5,250,299,3
team6_500rdmRad,5,41,6,KNN,8,400,449,24
team6_500rdmRad,5,41,2,GBSA,8,400,449,26
team6_500rdmRad,5,41,7,ELASTICNET,11,550,599,31
team6_500rdmRad,5,41,4,SSVM,8,400,449,18
team6_500rdmRad,5,41,0,COX,8,400,449,14
team6_500rdmRad,5,41,1,RSF,7,350,399,27
team6_500rdmRad,5,41,5,WEIBULLAFT,8,400,449,28
team6_500rdmRad,5,41,7,ELASTICNET,12,600,649,34
team6_500rdmRad,5,41,2,GBSA,9,450,499,22
team6_500rdmRad,5,41,6,KNN,9,450,499,1
team6_500rdmRad,5,41,7,ELASTICNET,13,650,699,36
team6_500rdmRad,5,41,3,DEEPSURV,6,300,349,1
team6_500rdmRad,5,41,5,WEIBULLAFT,9,450,499,22
team6_500rdmRad,5,41,7,ELASTICNET,14,700,749,42
team6_500rdmRad,5,41,2,GBSA,10,500,549,24
team6_500rdmRad,5,41,1,RSF,8,400,449,21
team6_500rdmRad,5,41,0,COX,9,450,499,2
team6_500rdmRad,5,41,7,ELASTICNET,15,750,799,34
team6_500rdmRad,5,41,7,ELASTICNET,16,800,849,39
team6_500rdmRad,5,41,5,WEIBULLAFT,10,500,549,24
team6_500rdmRad,5,41,7,ELASTICNET,17,850,899,25
team6_500rdmRad,5,41,3,DEEPSURV,7,350,399,2
team6_500rdmRad,5,41,0,COX,10,500,549,15
team6_500rdmRad,5,41,5,WEIBULLAFT,11,550,599,28
team6_500rdmRad,5,41,1,RSF,9,450,499,21
team6_500rdmRad,5,41,0,COX,11,550,599,6
team6_500rdmRad,5,41,5,WEIBULLAFT,12,600,649,24
team6_500rdmRad,5,41,3,DEEPSURV,8,400,449,2
team6_500rdmRad,5,41,5,WEIBULLAFT,13,650,699,26
team6_500rdmRad,5,41,1,RSF,10,500,549,24
team6_500rdmRad,5,41,0,COX,12,600,649,10
team6_500rdmRad,5,41,3,DEEPSURV,9,450,499,3
team6_500rdmRad,5,41,5,WEIBULLAFT,14,700,749,26
team6_500rdmRad,5,41,1,RSF,11,550,599,21
team6_500rdmRad,5,41,0,COX,13,650,699,9
team6_500rdmRad,5,41,5,WEIBULLAFT,15,750,799,32
team6_500rdmRad,5,41,5,WEIBULLAFT,16,800,849,31
team6_500rdmRad,5,41,1,RSF,12,600,649,27
team6_500rdmRad,5,41,0,COX,14,700,749,6
team6_500rdmRad,5,41,5,WEIBULLAFT,17,850,899,26
team6_500rdmRad,5,41,3,DEEPSURV,10,500,549,3
team6_500rdmRad,5,41,5,WEIBULLAFT,18,900,949,24
team6_500rdmRad,5,41,3,DEEPSURV,11,550,599,8
team6_500rdmRad,5,41,0,COX,15,750,799,9
team6_500rdmRad,5,41,1,RSF,13,650,699,26
team6_500rdmRad,5,41,3,DEEPSURV,12,600,649,10
team6_500rdmRad,5,41,1,RSF,14,700,749,28
team6_500rdmRad,5,41,0,COX,16,800,849,4
team6_500rdmRad,5,41,3,DEEPSURV,13,650,699,11
team6_500rdmRad,5,41,0,COX,17,850,899,4
team6_500rdmRad,5,41,1,RSF,15,750,799,19
team6_500rdmRad,5,41,3,DEEPSURV,14,700,749,9
team6_500rdmRad,5,41,1,RSF,16,800,849,24
team6_500rdmRad,5,41,,,0,0,49,1
team6_500rdmRad,5,41,3,DEEPSURV,15,750,799,9
team6_500rdmRad,5,41,1,RSF,17,850,899,29
team6_500rdmRad,5,41,1,RSF,18,900,949,27
team6_500rdmRad,5,41,1,RSF,19,950,999,29
team6_500rdmRad,6,51,0,COX,5,250,299,34
team6_500rdmRad,6,51,6,KNN,5,250,299,32
team6_500rdmRad,6,51,7,ELASTICNET,5,250,299,19
team6_500rdmRad,6,51,4,SSVM,5,250,299,13
team6_500rdmRad,6,51,0,COX,6,300,349,36
team6_500rdmRad,6,51,5,WEIBULLAFT,5,250,299,35
team6_500rdmRad,6,51,1,RSF,5,250,299,19
team6_500rdmRad,6,51,2,GBSA,5,250,299,14
team6_500rdmRad,6,51,6,KNN,6,300,349,32
team6_500rdmRad,6,51,0,COX,7,350,399,34
team6_500rdmRad,6,51,5,WEIBULLAFT,6,300,349,27
team6_500rdmRad,6,51,0,COX,8,400,449,30
team6_500rdmRad,6,51,7,ELASTICNET,6,300,349,23
team6_500rdmRad,6,51,6,KNN,7,350,399,32
team6_500rdmRad,6,51,4,SSVM,6,300,349,18
team6_500rdmRad,6,51,5,WEIBULLAFT,7,350,399,26
team6_500rdmRad,6,51,0,COX,9,450,499,30
team6_500rdmRad,6,51,2,GBSA,6,300,349,6
team6_500rdmRad,6,51,1,RSF,6,300,349,19
team6_500rdmRad,6,51,6,KNN,8,400,449,25
team6_500rdmRad,6,51,7,ELASTICNET,7,350,399,20
team6_500rdmRad,6,51,4,SSVM,7,350,399,17
team6_500rdmRad,6,51,0,COX,10,500,549,28
team6_500rdmRad,6,51,8,MTLR,5,250,299,8
team6_500rdmRad,6,51,5,WEIBULLAFT,8,400,449,23
team6_500rdmRad,6,51,6,KNN,9,450,499,42
team6_500rdmRad,6,51,6,KNN,10,500,549,33
team6_500rdmRad,6,51,7,ELASTICNET,8,400,449,21
team6_500rdmRad,6,51,0,COX,11,550,599,28
team6_500rdmRad,6,51,2,GBSA,7,350,399,3
team6_500rdmRad,6,51,4,SSVM,8,400,449,18
team6_500rdmRad,6,51,1,RSF,7,350,399,21
team6_500rdmRad,6,51,6,KNN,11,550,599,35
team6_500rdmRad,6,51,5,WEIBULLAFT,9,450,499,19
team6_500rdmRad,6,51,0,COX,12,600,649,18
team6_500rdmRad,6,51,8,MTLR,6,300,349,10
team6_500rdmRad,6,51,7,ELASTICNET,9,450,499,30
team6_500rdmRad,6,51,6,KNN,12,600,649,26
team6_500rdmRad,6,51,4,SSVM,9,450,499,19
team6_500rdmRad,6,51,2,GBSA,8,400,449,6
team6_500rdmRad,6,51,5,WEIBULLAFT,10,500,549,27
team6_500rdmRad,6,51,7,ELASTICNET,10,500,549,33
team6_500rdmRad,6,51,6,KNN,13,650,699,31
team6_500rdmRad,6,51,1,RSF,8,400,449,21
team6_500rdmRad,6,51,8,MTLR,7,350,399,6
team6_500rdmRad,6,51,7,ELASTICNET,11,550,599,24
team6_500rdmRad,6,51,5,WEIBULLAFT,11,550,599,17
team6_500rdmRad,6,51,6,KNN,14,700,749,9
team6_500rdmRad,6,51,4,SSVM,10,500,549,4
team6_500rdmRad,6,51,7,ELASTICNET,12,600,649,28
team6_500rdmRad,6,51,8,MTLR,8,400,449,7
team6_500rdmRad,6,51,5,WEIBULLAFT,12,600,649,13
team6_500rdmRad,6,51,2,GBSA,9,450,499,4
team6_500rdmRad,6,51,1,RSF,9,450,499,9
team6_500rdmRad,6,51,7,ELASTICNET,13,650,699,4
team6_500rdmRad,6,51,2,GBSA,10,500,549,8
team6_500rdmRad,6,51,8,MTLR,9,450,499,9
team6_500rdmRad,6,51,1,RSF,10,500,549,22
team6_500rdmRad,6,51,2,GBSA,11,550,599,9
team6_500rdmRad,6,51,8,MTLR,10,500,549,10
team6_500rdmRad,6,51,1,RSF,11,550,599,17
team6_500rdmRad,6,51,2,GBSA,12,600,649,11
team6_500rdmRad,6,51,2,GBSA,13,650,699,13
team6_500rdmRad,6,51,1,RSF,12,600,649,17
team6_500rdmRad,6,51,2,GBSA,14,700,749,9
team6_500rdmRad,6,51,1,RSF,13,650,699,10
team6_500rdmRad,6,51,1,RSF,14,700,749,2
team6_500rdmRad,7,61,7,ELASTICNET,4,200,249,27
team6_500rdmRad,7,61,1,RSF,4,200,249,13
team6_500rdmRad,7,61,7,ELASTICNET,5,250,299,28
team6_500rdmRad,7,61,0,COX,5,250,299,23
team6_500rdmRad,7,61,7,ELASTICNET,6,300,349,31
team6_500rdmRad,7,61,4,SSVM,5,250,299,42
team6_500rdmRad,7,61,6,KNN,5,250,299,21
team6_500rdmRad,7,61,4,SSVM,6,300,349,41
team6_500rdmRad,7,61,1,RSF,5,250,299,13
team6_500rdmRad,7,61,5,WEIBULLAFT,5,250,299,29
team6_500rdmRad,7,61,7,ELASTICNET,7,350,399,30
team6_500rdmRad,7,61,4,SSVM,7,350,399,39
team6_500rdmRad,7,61,0,COX,6,300,349,20
team6_500rdmRad,7,61,2,GBSA,5,250,299,2
team6_500rdmRad,7,61,4,SSVM,8,400,449,39
team6_500rdmRad,7,61,6,KNN,6,300,349,25
team6_500rdmRad,7,61,7,ELASTICNET,8,400,449,14
team6_500rdmRad,7,61,5,WEIBULLAFT,6,300,349,35
team6_500rdmRad,7,61,8,MTLR,4,200,249,17
team6_500rdmRad,7,61,4,SSVM,9,450,499,9
team6_500rdmRad,7,61,0,COX,7,350,399,25
team6_500rdmRad,7,61,5,WEIBULLAFT,7,350,399,34
team6_500rdmRad,7,61,6,KNN,7,350,399,19
team6_500rdmRad,7,61,8,MTLR,5,250,299,15
team6_500rdmRad,7,61,2,GBSA,6,300,349,1
team6_500rdmRad,7,61,0,COX,8,400,449,19
team6_500rdmRad,7,61,1,RSF,6,300,349,12
team6_500rdmRad,7,61,5,WEIBULLAFT,8,400,449,39
team6_500rdmRad,7,61,5,WEIBULLAFT,9,450,499,43
team6_500rdmRad,7,61,8,MTLR,6,300,349,12
team6_500rdmRad,7,61,6,KNN,8,400,449,18
team6_500rdmRad,7,61,5,WEIBULLAFT,10,500,549,34
team6_500rdmRad,7,61,3,DEEPSURV,5,250,299,1
team6_500rdmRad,7,61,2,GBSA,7,350,399,1
team6_500rdmRad,7,61,6,KNN,9,450,499,24
team6_500rdmRad,7,61,1,RSF,7,350,399,6
team6_500rdmRad,7,61,8,MTLR,7,350,399,17
team6_500rdmRad,7,61,6,KNN,10,500,549,24
team6_500rdmRad,7,61,3,DEEPSURV,6,300,349,1
team6_500rdmRad,7,61,8,MTLR,8,400,449,18
team6_500rdmRad,7,61,6,KNN,11,550,599,29
team6_500rdmRad,7,61,8,MTLR,9,450,499,10
team6_500rdmRad,7,61,6,KNN,12,600,649,21
team6_500rdmRad,7,61,6,KNN,13,650,699,18
team6_500rdmRad,7,61,8,MTLR,10,500,549,11
team6_500rdmRad,7,61,2,GBSA,9,450,499,1
team6_500rdmRad,7,61,3,DEEPSURV,8,400,449,1
team6_500rdmRad,7,61,1,RSF,8,400,449,3
team6_500rdmRad,7,61,1,RSF,9,450,499,5
team6_500rdmRad,7,61,6,KNN,14,700,749,20
team6_500rdmRad,7,61,2,GBSA,10,500,549,2
team6_500rdmRad,7,61,8,MTLR,11,550,599,12
team6_500rdmRad,7,61,6,KNN,15,750,799,22
team6_500rdmRad,7,61,8,MTLR,12,600,649,17
team6_500rdmRad,7,61,1,RSF,10,500,549,4
team6_500rdmRad,7,61,6,KNN,16,800,849,21
team6_500rdmRad,7,61,8,MTLR,13,650,699,17
team6_500rdmRad,7,61,2,GBSA,11,550,599,1
team6_500rdmRad,7,61,6,KNN,17,850,899,19
team6_500rdmRad,7,61,3,DEEPSURV,10,500,549,1
team6_500rdmRad,7,61,8,MTLR,14,700,749,18
team6_500rdmRad,7,61,6,KNN,18,900,949,20
team6_500rdmRad,7,61,1,RSF,11,550,599,11
team6_500rdmRad,7,61,8,MTLR,15,750,799,13
team6_500rdmRad,7,61,3,DEEPSURV,11,550,599,2
team6_500rdmRad,7,61,2,GBSA,13,650,699,2
team6_500rdmRad,7,61,1,RSF,12,600,649,8
team6_500rdmRad,7,61,3,DEEPSURV,12,600,649,1
team6_500rdmRad,7,61,1,RSF,13,650,699,2
team6_500rdmRad,7,61,1,RSF,14,700,749,5
team6_500rdmRad,7,61,1,RSF,16,800,849,4
team6_500rdmRad,7,61,1,RSF,17,850,899,4
team6_500rdmRad,7,61,1,RSF,18,900,949,3
team6_500rdmRad,7,61,1,RSF,19,950,999,4
team6_500rdmRad,8,71,0,COX,4,200,249,19
team6_500rdmRad,8,71,0,COX,5,250,299,50
team6_500rdmRad,8,71,0,COX,6,300,349,49
team6_500rdmRad,8,71,0,COX,7,350,399,49
team6_500rdmRad,8,71,0,COX,8,400,449,27
team6_500rdmRad,8,71,6,KNN,5,250,299,15
team6_500rdmRad,8,71,4,SSVM,5,250,299,45
team6_500rdmRad,8,71,7,ELASTICNET,5,250,299,31
team6_500rdmRad,8,71,4,SSVM,6,300,349,41
team6_500rdmRad,8,71,5,WEIBULLAFT,5,250,299,26
team6_500rdmRad,8,71,2,GBSA,5,250,299,3
team6_500rdmRad,8,71,4,SSVM,7,350,399,37
team6_500rdmRad,8,71,7,ELASTICNET,6,300,349,33
team6_500rdmRad,8,71,4,SSVM,8,400,449,34
team6_500rdmRad,8,71,5,WEIBULLAFT,6,300,349,26
team6_500rdmRad,8,71,6,KNN,6,300,349,21
team6_500rdmRad,8,71,1,RSF,5,250,299,1
team6_500rdmRad,8,71,7,ELASTICNET,7,350,399,34
team6_500rdmRad,8,71,7,ELASTICNET,8,400,449,29
team6_500rdmRad,8,71,5,WEIBULLAFT,7,350,399,23
team6_500rdmRad,8,71,6,KNN,7,350,399,20
team6_500rdmRad,8,71,8,MTLR,5,250,299,36
team6_500rdmRad,8,71,3,DEEPSURV,5,250,299,23
team6_500rdmRad,8,71,7,ELASTICNET,9,450,499,31
team6_500rdmRad,8,71,8,MTLR,6,300,349,36
team6_500rdmRad,8,71,5,WEIBULLAFT,8,400,449,20
team6_500rdmRad,8,71,6,KNN,8,400,449,19
team6_500rdmRad,8,71,7,ELASTICNET,10,500,549,20
team6_500rdmRad,8,71,8,MTLR,7,350,399,38
team6_500rdmRad,8,71,3,DEEPSURV,6,300,349,23
team6_500rdmRad,8,71,8,MTLR,8,400,449,39
team6_500rdmRad,8,71,6,KNN,9,450,499,29
team6_500rdmRad,8,71,8,MTLR,9,450,499,42
team6_500rdmRad,8,71,3,DEEPSURV,7,350,399,25
team6_500rdmRad,8,71,8,MTLR,10,500,549,39
team6_500rdmRad,8,71,1,RSF,6,300,349,1
team6_500rdmRad,8,71,2,GBSA,7,350,399,1
team6_500rdmRad,8,71,6,KNN,10,500,549,19
team6_500rdmRad,8,71,8,MTLR,11,550,599,37
team6_500rdmRad,8,71,3,DEEPSURV,8,400,449,26
team6_500rdmRad,8,71,8,MTLR,12,600,649,1
team6_500rdmRad,8,71,6,KNN,11,550,599,25
team6_500rdmRad,8,71,3,DEEPSURV,9,450,499,25
team6_500rdmRad,8,71,1,RSF,7,350,399,1
team6_500rdmRad,8,71,2,GBSA,8,400,449,1
team6_500rdmRad,8,71,6,KNN,12,600,649,22
team6_500rdmRad,8,71,3,DEEPSURV,10,500,549,23
team6_500rdmRad,8,71,6,KNN,13,650,699,23
team6_500rdmRad,8,71,3,DEEPSURV,11,550,599,30
team6_500rdmRad,8,71,2,GBSA,9,450,499,2
team6_500rdmRad,8,71,3,DEEPSURV,12,600,649,31
team6_500rdmRad,8,71,6,KNN,14,700,749,33
team6_500rdmRad,8,71,2,GBSA,10,500,549,3
team6_500rdmRad,8,71,3,DEEPSURV,13,650,699,23
team6_500rdmRad,8,71,6,KNN,15,750,799,30
team6_500rdmRad,8,71,6,KNN,16,800,849,27
team6_500rdmRad,8,71,3,DEEPSURV,14,700,749,20
team6_500rdmRad,8,71,2,GBSA,11,550,599,1
team6_500rdmRad,8,71,1,RSF,10,500,549,2
team6_500rdmRad,8,71,2,GBSA,12,600,649,1
team6_500rdmRad,8,71,1,RSF,11,550,599,4
team6_500rdmRad,8,71,2,GBSA,14,700,749,5
team6_500rdmRad,8,71,1,RSF,12,600,649,5
team6_500rdmRad,8,71,2,GBSA,15,750,799,1
team6_500rdmRad,8,71,1,RSF,13,650,699,3
team6_500rdmRad,8,71,2,GBSA,16,800,849,1
team6_500rdmRad,8,71,1,RSF,14,700,749,2
team6_500rdmRad,8,71,2,GBSA,17,850,899,3
team6_500rdmRad,8,71,2,GBSA,18,900,949,2
team6_500rdmRad,8,71,1,RSF,15,750,799,1
team6_500rdmRad,8,71,2,GBSA,19,950,999,3
team6_500rdmRad,8,71,1,RSF,16,800,849,5
team6_500rdmRad,9,81,0,COX,5,250,299,2
team6_500rdmRad,9,81,6,KNN,5,250,299,35
team6_500rdmRad,9,81,4,SSVM,5,250,299,42
team6_500rdmRad,9,81,7,ELASTICNET,5,250,299,5
team6_500rdmRad,9,81,2,GBSA,5,250,299,21
team6_500rdmRad,9,81,4,SSVM,6,300,349,43
team6_500rdmRad,9,81,5,WEIBULLAFT,5,250,299,25
team6_500rdmRad,9,81,6,KNN,6,300,349,33
team6_500rdmRad,9,81,4,SSVM,7,350,399,39
team6_500rdmRad,9,81,4,SSVM,8,400,449,42
team6_500rdmRad,9,81,6,KNN,7,350,399,32
team6_500rdmRad,9,81,2,GBSA,6,300,349,20
team6_500rdmRad,9,81,1,RSF,5,250,299,3
team6_500rdmRad,9,81,0,COX,6,300,349,1
team6_500rdmRad,9,81,4,SSVM,9,450,499,32
team6_500rdmRad,9,81,5,WEIBULLAFT,6,300,349,24
team6_500rdmRad,9,81,7,ELASTICNET,6,300,349,12
team6_500rdmRad,9,81,6,KNN,8,400,449,34
team6_500rdmRad,9,81,4,SSVM,10,500,549,15
team6_500rdmRad,9,81,6,KNN,9,450,499,35
team6_500rdmRad,9,81,2,GBSA,7,350,399,17
team6_500rdmRad,9,81,5,WEIBULLAFT,7,350,399,23
team6_500rdmRad,9,81,3,DEEPSURV,5,250,299,15
team6_500rdmRad,9,81,0,COX,7,350,399,7
team6_500rdmRad,9,81,6,KNN,10,500,549,37
team6_500rdmRad,9,81,8,MTLR,5,250,299,6
team6_500rdmRad,9,81,7,ELASTICNET,7,350,399,9
team6_500rdmRad,9,81,6,KNN,11,550,599,34
team6_500rdmRad,9,81,5,WEIBULLAFT,8,400,449,16
team6_500rdmRad,9,81,2,GBSA,8,400,449,20
team6_500rdmRad,9,81,3,DEEPSURV,6,300,349,11
team6_500rdmRad,9,81,6,KNN,12,600,649,33
team6_500rdmRad,9,81,8,MTLR,6,300,349,6
team6_500rdmRad,9,81,1,RSF,6,300,349,1
team6_500rdmRad,9,81,0,COX,8,400,449,10
team6_500rdmRad,9,81,7,ELASTICNET,8,400,449,14
team6_500rdmRad,9,81,2,GBSA,9,450,499,19
team6_500rdmRad,9,81,6,KNN,13,650,699,29
team6_500rdmRad,9,81,5,WEIBULLAFT,9,450,499,23
team6_500rdmRad,9,81,1,RSF,7,350,399,1
team6_500rdmRad,9,81,3,DEEPSURV,7,350,399,10
team6_500rdmRad,9,81,6,KNN,14,700,749,34
team6_500rdmRad,9,81,2,GBSA,10,500,549,22
team6_500rdmRad,9,81,8,MTLR,7,350,399,7
team6_500rdmRad,9,81,5,WEIBULLAFT,10,500,549,16
team6_500rdmRad,9,81,0,COX,9,450,499,8
team6_500rdmRad,9,81,7,ELASTICNET,9,450,499,5
team6_500rdmRad,9,81,6,KNN,15,750,799,29
team6_500rdmRad,9,81,2,GBSA,11,550,599,10
team6_500rdmRad,9,81,6,KNN,16,800,849,34
team6_500rdmRad,9,81,3,DEEPSURV,8,400,449,5
team6_500rdmRad,9,81,6,KNN,17,850,899,34
team6_500rdmRad,9,81,0,COX,10,500,549,8
team6_500rdmRad,9,81,8,MTLR,8,400,449,10
team6_500rdmRad,9,81,5,WEIBULLAFT,11,550,599,8
team6_500rdmRad,9,81,7,ELASTICNET,10,500,549,5
team6_500rdmRad,9,81,6,KNN,18,900,949,26
team6_500rdmRad,9,81,3,DEEPSURV,9,450,499,10
team6_500rdmRad,9,81,0,COX,11,550,599,5
team6_500rdmRad,9,81,6,KNN,19,950,999,16
team6_500rdmRad,9,81,8,MTLR,9,450,499,16
team6_500rdmRad,9,81,7,ELASTICNET,11,550,599,7
team6_500rdmRad,9,81,3,DEEPSURV,10,500,549,18
team6_500rdmRad,9,81,8,MTLR,10,500,549,16
team6_500rdmRad,9,81,0,COX,12,600,649,8
team6_500rdmRad,9,81,7,ELASTICNET,12,600,649,7
team6_500rdmRad,9,81,3,DEEPSURV,11,550,599,12
team6_500rdmRad,9,81,8,MTLR,11,550,599,22
team6_500rdmRad,9,81,0,COX,13,650,699,8
team6_500rdmRad,9,81,7,ELASTICNET,13,650,699,11
team6_500rdmRad,9,81,8,MTLR,12,600,649,17
team6_500rdmRad,9,81,3,DEEPSURV,12,600,649,18
team6_500rdmRad,9,81,8,MTLR,13,650,699,20
team6_500rdmRad,9,81,7,ELASTICNET,14,700,749,11
team6_500rdmRad,9,81,3,DEEPSURV,13,650,699,17
team6_500rdmRad,9,81,8,MTLR,14,700,749,23
team6_500rdmRad,9,81,3,DEEPSURV,14,700,749,9
team6_500rdmRad,9,81,7,ELASTICNET,15,750,799,14
team6_500rdmRad,9,81,7,ELASTICNET,16,800,849,1
team6_500rdmRad,9,81,3,DEEPSURV,15,750,799,11
car_door_25,10,91,0,COX,4,200,249,42
car_door_25,10,91,0,COX,5,250,299,34
car_door_25,10,91,7,ELASTICNET,4,200,249,30
car_door_25,10,91,4,SSVM,4,200,249,31
car_door_25,10,91,6,KNN,4,200,249,18
car_door_25,10,91,0,COX,6,300,349,36
car_door_25,10,91,2,GBSA,4,200,249,26
car_door_25,10,91,5,WEIBULLAFT,4,200,249,39
car_door_25,10,91,7,ELASTICNET,5,250,299,31
car_door_25,10,91,4,SSVM,5,250,299,28
car_door_25,10,91,0,COX,7,350,399,32
car_door_25,10,91,5,WEIBULLAFT,5,250,299,48
car_door_25,10,91,2,GBSA,5,250,299,28
car_door_25,10,91,5,WEIBULLAFT,6,300,349,43
car_door_25,10,91,6,KNN,5,250,299,28
car_door_25,10,91,7,ELASTICNET,6,300,349,23
car_door_25,10,91,4,SSVM,6,300,349,31
car_door_25,10,91,,,0,0,49,1
car_door_25,10,91,5,WEIBULLAFT,7,350,399,37
car_door_25,10,91,2,GBSA,6,300,349,28
car_door_25,10,91,4,SSVM,7,350,399,28
car_door_25,10,91,6,KNN,6,300,349,23
car_door_25,10,91,7,ELASTICNET,7,350,399,27
car_door_25,10,91,2,GBSA,7,350,399,34
car_door_25,10,91,6,KNN,7,350,399,24
car_door_25,10,91,8,MTLR,3,150,199,1
car_door_25,10,91,8,MTLR,4,200,249,25
car_door_25,10,91,3,DEEPSURV,4,200,249,8
car_door_25,10,91,1,RSF,5,250,299,3
car_door_25,10,91,8,MTLR,5,250,299,20
car_door_25,10,91,3,DEEPSURV,5,250,299,10
car_door_25,10,91,8,MTLR,6,300,349,28
car_door_25,10,91,8,MTLR,7,350,399,28
car_door_25,10,91,3,DEEPSURV,6,300,349,11
car_door_25,10,91,1,RSF,6,300,349,1
car_door_25,10,91,3,DEEPSURV,7,350,399,10
car_door_25,10,91,1,RSF,7,350,399,3
car_door_25,1,1,0,COX,4,200,249,12
car_door_25,1,1,7,ELASTICNET,4,200,249,16
car_door_25,1,1,6,KNN,4,200,249,34
car_door_25,1,1,5,WEIBULLAFT,4,200,249,24
car_door_25,1,1,1,RSF,4,200,249,25
car_door_25,1,1,2,GBSA,4,200,249,27
car_door_25,1,1,6,KNN,5,250,299,26
car_door_25,1,1,0,COX,5,250,299,17
car_door_25,1,1,4,SSVM,4,200,249,14
car_door_25,1,1,4,SSVM,5,250,299,29
car_door_25,1,1,2,GBSA,5,250,299,18
car_door_25,1,1,7,ELASTICNET,5,250,299,16
car_door_25,1,1,5,WEIBULLAFT,5,250,299,23
car_door_25,1,1,6,KNN,6,300,349,24
car_door_25,1,1,0,COX,6,300,349,16
car_door_25,1,1,4,SSVM,6,300,349,25
car_door_25,1,1,1,RSF,5,250,299,24
car_door_25,1,1,7,ELASTICNET,6,300,349,12
car_door_25,1,1,2,GBSA,6,300,349,17
car_door_25,1,1,6,KNN,7,350,399,22
car_door_25,1,1,5,WEIBULLAFT,6,300,349,25
car_door_25,1,1,4,SSVM,7,350,399,24
car_door_25,1,1,0,COX,7,350,399,17
car_door_25,1,1,8,MTLR,3,150,199,1
car_door_25,1,1,8,MTLR,4,200,249,26
car_door_25,1,1,2,GBSA,7,350,399,25
car_door_25,1,1,,,0,0,49,1
car_door_25,1,1,5,WEIBULLAFT,7,350,399,21
car_door_25,1,1,4,SSVM,8,400,449,12
car_door_25,1,1,7,ELASTICNET,7,350,399,15
car_door_25,1,1,3,DEEPSURV,4,200,249,16
car_door_25,1,1,1,RSF,6,300,349,27
car_door_25,1,1,8,MTLR,5,250,299,20
car_door_25,1,1,3,DEEPSURV,5,250,299,24
car_door_25,1,1,8,MTLR,6,300,349,20
car_door_25,1,1,3,DEEPSURV,6,300,349,25
car_door_25,1,1,1,RSF,7,350,399,21
car_door_25,1,1,8,MTLR,7,350,399,17
car_door_25,1,1,3,DEEPSURV,7,350,399,25
car_door_25,1,1,3,DEEPSURV,8,400,449,8
car_door_25,2,11,0,COX,4,200,249,45
car_door_25,2,11,0,COX,5,250,299,44
car_door_25,2,11,0,COX,6,300,349,38
car_door_25,2,11,6,KNN,4,200,249,23
car_door_25,2,11,4,SSVM,4,200,249,23
car_door_25,2,11,7,ELASTICNET,4,200,249,28
car_door_25,2,11,0,COX,7,350,399,40
car_door_25,2,11,1,RSF,4,200,249,25
car_door_25,2,11,5,WEIBULLAFT,4,200,249,19
car_door_25,2,11,7,ELASTICNET,5,250,299,36
car_door_25,2,11,4,SSVM,5,250,299,24
car_door_25,2,11,6,KNN,5,250,299,25
car_door_25,2,11,7,ELASTICNET,6,300,349,36
car_door_25,2,11,,,0,0,49,1
car_door_25,2,11,2,GBSA,4,200,249,3
car_door_25,2,11,5,WEIBULLAFT,5,250,299,19
car_door_25,2,11,7,ELASTICNET,7,350,399,36
car_door_25,2,11,6,KNN,6,300,349,24
car_door_25,2,11,4,SSVM,6,300,349,26
car_door_25,2,11,1,RSF,5,250,299,23
car_door_25,2,11,2,GBSA,5,250,299,12
car_door_25,2,11,4,SSVM,7,350,399,20
car_door_25,2,11,6,KNN,7,350,399,26
car_door_25,2,11,5,WEIBULLAFT,6,300,349,22
car_door_25,2,11,3,DEEPSURV,4,200,249,9
car_door_25,2,11,1,RSF,6,300,349,24
car_door_25,2,11,5,WEIBULLAFT,7,350,399,21
car_door_25,2,11,2,GBSA,6,300,349,9
car_door_25,2,11,8,MTLR,4,200,249,4
car_door_25,2,11,3,DEEPSURV,5,250,299,10
car_door_25,2,11,2,GBSA,7,350,399,12
car_door_25,2,11,8,MTLR,5,250,299,7
car_door_25,2,11,1,RSF,7,350,399,31
car_door_25,2,11,2,GBSA,8,400,449,10
car_door_25,2,11,3,DEEPSURV,6,300,349,6
car_door_25,2,11,8,MTLR,6,300,349,7
car_door_25,2,11,3,DEEPSURV,7,350,399,16
car_door_25,2,11,8,MTLR,7,350,399,8
car_door_25,3,21,0,COX,4,200,249,29
car_door_25,3,21,4,SSVM,4,200,249,31
car_door_25,3,21,7,ELASTICNET,4,200,249,26
car_door_25,3,21,6,KNN,4,200,249,30
car_door_25,3,21,0,COX,5,250,299,27
car_door_25,3,21,4,SSVM,5,250,299,25
car_door_25,3,21,6,KNN,5,250,299,44
car_door_25,3,21,6,KNN,6,300,349,37
car_door_25,3,21,0,COX,6,300,349,32
car_door_25,3,21,7,ELASTICNET,5,250,299,22
car_door_25,3,21,5,WEIBULLAFT,4,200,249,12
car_door_25,3,21,6,KNN,7,350,399,41
car_door_25,3,21,4,SSVM,6,300,349,23
car_door_25,3,21,0,COX,7,350,399,32
car_door_25,3,21,6,KNN,8,400,449,4
car_door_25,3,21,5,WEIBULLAFT,5,250,299,18
car_door_25,3,21,7,ELASTICNET,6,300,349,23
car_door_25,3,21,2,GBSA,5,250,299,10
car_door_25,3,21,4,SSVM,7,350,399,29
car_door_25,3,21,7,ELASTICNET,7,350,399,23
car_door_25,3,21,5,WEIBULLAFT,6,300,349,17
car_door_25,3,21,,,0,0,49,1
car_door_25,3,21,3,DEEPSURV,4,200,249,23
car_door_25,3,21,2,GBSA,6,300,349,17
car_door_25,3,21,5,WEIBULLAFT,7,350,399,16
car_door_25,3,21,3,DEEPSURV,5,250,299,22
car_door_25,3,21,1,RSF,5,250,299,1
car_door_25,3,21,2,GBSA,7,350,399,26
car_door_25,3,21,3,DEEPSURV,6,300,349,25
car_door_25,3,21,8,MTLR,5,250,299,7
car_door_25,3,21,5,WEIBULLAFT,8,400,449,5
car_door_25,3,21,1,RSF,6,300,349,3
car_door_25,3,21,2,GBSA,8,400,449,20
car_door_25,3,21,3,DEEPSURV,7,350,399,24
car_door_25,3,21,8,MTLR,6,300,349,17
car_door_25,3,21,8,MTLR,7,350,399,14
car_door_25,3,21,1,RSF,7,350,399,2
car_door_25,3,21,8,MTLR,8,400,449,13
car_door_25,4,31,0,COX,4,200,249,6
car_door_25,4,31,7,ELASTICNET,4,200,249,21
car_door_25,4,31,6,KNN,4,200,249,27
car_door_25,4,31,1,RSF,4,200,249,35
car_door_25,4,31,4,SSVM,4,200,249,35
car_door_25,4,31,4,SSVM,5,250,299,38
car_door_25,4,31,5,WEIBULLAFT,4,200,249,28
car_door_25,4,31,6,KNN,5,250,299,31
car_door_25,4,31,2,GBSA,4,200,249,1
car_door_25,4,31,4,SSVM,6,300,349,39
car_door_25,4,31,7,ELASTICNET,5,250,299,14
car_door_25,4,31,5,WEIBULLAFT,5,250,299,29
car_door_25,4,31,4,SSVM,7,350,399,38
car_door_25,4,31,0,COX,5,250,299,7
car_door_25,4,31,6,KNN,6,300,349,25
car_door_25,4,31,1,RSF,5,250,299,37
car_door_25,4,31,4,SSVM,8,400,449,4
car_door_25,4,31,5,WEIBULLAFT,6,300,349,32
car_door_25,4,31,,,0,0,49,1
car_door_25,4,31,7,ELASTICNET,6,300,349,23
car_door_25,4,31,6,KNN,7,350,399,29
car_door_25,4,31,0,COX,6,300,349,7
car_door_25,4,31,1,RSF,6,300,349,30
car_door_25,4,31,5,WEIBULLAFT,7,350,399,25
car_door_25,4,31,7,ELASTICNET,7,350,399,19
car_door_25,4,31,2,GBSA,5,250,299,1
car_door_25,4,31,8,MTLR,4,200,249,19
car_door_25,4,31,2,GBSA,6,300,349,7
car_door_25,4,31,0,COX,7,350,399,8
car_door_25,4,31,1,RSF,7,350,399,35
car_door_25,4,31,8,MTLR,5,250,299,23
car_door_25,4,31,0,COX,8,400,449,3
car_door_25,4,31,2,GBSA,7,350,399,6
car_door_25,4,31,3,DEEPSURV,5,250,299,2
car_door_25,4,31,8,MTLR,6,300,349,19
car_door_25,4,31,8,MTLR,7,350,399,23
car_door_25,5,41,0,COX,4,200,249,9
car_door_25,5,41,7,ELASTICNET,4,200,249,6
car_door_25,5,41,6,KNN,4,200,249,36
car_door_25,5,41,4,SSVM,4,200,249,28
car_door_25,5,41,2,GBSA,4,200,249,25
car_door_25,5,41,6,KNN,5,250,299,40
car_door_25,5,41,5,WEIBULLAFT,4,200,249,25
car_door_25,5,41,0,COX,5,250,299,16
car_door_25,5,41,4,SSVM,5,250,299,22
car_door_25,5,41,6,KNN,6,300,349,35
car_door_25,5,41,,,0,0,49,1
car_door_25,5,41,2,GBSA,5,250,299,22
car_door_25,5,41,6,KNN,7,350,399,42
car_door_25,5,41,7,ELASTICNET,5,250,299,8
car_door_25,5,41,1,RSF,4,200,249,3
car_door_25,5,41,5,WEIBULLAFT,5,250,299,18
car_door_25,5,41,4,SSVM,6,300,349,31
car_door_25,5,41,6,KNN,8,400,449,37
car_door_25,5,41,0,COX,6,300,349,18
car_door_25,5,41,6,KNN,9,450,499,1
car_door_25,5,41,4,SSVM,7,350,399,23
car_door_25,5,41,2,GBSA,6,300,349,25
car_door_25,5,41,1,RSF,5,250,299,10
car_door_25,5,41,5,WEIBULLAFT,6,300,349,16
car_door_25,5,41,0,COX,7,350,399,18
car_door_25,5,41,7,ELASTICNET,6,300,349,14
car_door_25,5,41,2,GBSA,7,350,399,29
car_door_25,5,41,8,MTLR,4,200,249,38
car_door_25,5,41,3,DEEPSURV,4,200,249,4
car_door_25,5,41,8,MTLR,5,250,299,33
car_door_25,5,41,2,GBSA,8,400,449,3
car_door_25,5,41,7,ELASTICNET,7,350,399,10
car_door_25,5,41,5,WEIBULLAFT,7,350,399,8
car_door_25,5,41,8,MTLR,6,300,349,25
car_door_25,5,41,1,RSF,6,300,349,14
car_door_25,5,41,3,DEEPSURV,5,250,299,7
car_door_25,5,41,8,MTLR,7,350,399,18
car_door_25,5,41,3,DEEPSURV,6,300,349,7
car_door_25,5,41,1,RSF,7,350,399,10
car_door_25,5,41,3,DEEPSURV,7,350,399,6
car_door_25,5,41,1,RSF,8,400,449,4
car_door_25,6,51,0,COX,4,200,249,47
car_door_25,6,51,0,COX,5,250,299,46
car_door_25,6,51,0,COX,6,300,349,45
car_door_25,6,51,0,COX,7,350,399,43
car_door_25,6,51,4,SSVM,4,200,249,39
car_door_25,6,51,6,KNN,4,200,249,5
car_door_25,6,51,4,SSVM,5,250,299,29
car_door_25,6,51,1,RSF,4,200,249,24
car_door_25,6,51,5,WEIBULLAFT,4,200,249,16
car_door_25,6,51,4,SSVM,6,300,349,31
car_door_25,6,51,7,ELASTICNET,5,250,299,15
car_door_25,6,51,6,KNN,5,250,299,6
car_door_25,6,51,4,SSVM,7,350,399,37
car_door_25,6,51,5,WEIBULLAFT,5,250,299,15
car_door_25,6,51,1,RSF,5,250,299,25
car_door_25,6,51,7,ELASTICNET,6,300,349,14
car_door_25,6,51,6,KNN,6,300,349,5
car_door_25,6,51,5,WEIBULLAFT,6,300,349,10
car_door_25,6,51,8,MTLR,4,200,249,25
car_door_25,6,51,3,DEEPSURV,4,200,249,24
car_door_25,6,51,1,RSF,6,300,349,21
car_door_25,6,51,8,MTLR,5,250,299,23
car_door_25,6,51,3,DEEPSURV,5,250,299,21
car_door_25,6,51,7,ELASTICNET,7,350,399,8
car_door_25,6,51,5,WEIBULLAFT,7,350,399,15
car_door_25,6,51,8,MTLR,6,300,349,23
car_door_25,6,51,6,KNN,7,350,399,6
car_door_25,6,51,3,DEEPSURV,6,300,349,23
car_door_25,6,51,,,0,0,49,1
car_door_25,6,51,7,ELASTICNET,8,400,449,10
car_door_25,6,51,8,MTLR,7,350,399,23
car_door_25,6,51,1,RSF,7,350,399,21
car_door_25,6,51,3,DEEPSURV,7,350,399,20
car_door_25,7,61,0,COX,4,200,249,8
car_door_25,7,61,6,KNN,4,200,249,31
car_door_25,7,61,4,SSVM,4,200,249,19
car_door_25,7,61,2,GBSA,4,200,249,19
car_door_25,7,61,6,KNN,5,250,299,31
car_door_25,7,61,0,COX,5,250,299,5
car_door_25,7,61,7,ELASTICNET,4,200,249,11
car_door_25,7,61,1,RSF,4,200,249,2
car_door_25,7,61,4,SSVM,5,250,299,20
car_door_25,7,61,7,ELASTICNET,5,250,299,31
car_door_25,7,61,6,KNN,6,300,349,31
car_door_25,7,61,2,GBSA,5,250,299,22
car_door_25,7,61,6,KNN,7,350,399,33
car_door_25,7,61,7,ELASTICNET,6,300,349,40
car_door_25,7,61,5,WEIBULLAFT,5,250,299,23
car_door_25,7,61,0,COX,6,300,349,7
car_door_25,7,61,7,ELASTICNET,7,350,399,44
car_door_25,7,61,4,SSVM,6,300,349,13
car_door_25,7,61,7,ELASTICNET,8,400,449,17
car_door_25,7,61,2,GBSA,6,300,349,12
car_door_25,7,61,5,WEIBULLAFT,6,300,349,24
car_door_25,7,61,8,MTLR,4,200,249,22
car_door_25,7,61,3,DEEPSURV,4,200,249,30
car_door_25,7,61,1,RSF,5,250,299,4
car_door_25,7,61,4,SSVM,7,350,399,20
car_door_25,7,61,0,COX,7,350,399,6
car_door_25,7,61,2,GBSA,7,350,399,14
car_door_25,7,61,3,DEEPSURV,5,250,299,28
car_door_25,7,61,5,WEIBULLAFT,7,350,399,23
car_door_25,7,61,8,MTLR,5,250,299,27
car_door_25,7,61,3,DEEPSURV,6,300,349,30
car_door_25,7,61,8,MTLR,6,300,349,22
car_door_25,7,61,5,WEIBULLAFT,8,400,449,27
car_door_25,7,61,1,RSF,6,300,349,5
car_door_25,7,61,3,DEEPSURV,7,350,399,27
car_door_25,7,61,8,MTLR,7,350,399,23
car_door_25,7,61,1,RSF,7,350,399,5
car_door_25,8,71,0,COX,4,200,249,48
car_door_25,8,71,0,COX,5,250,299,49
car_door_25,8,71,0,COX,6,300,349,50
car_door_25,8,71,0,COX,7,350,399,47
car_door_25,8,71,6,KNN,4,200,249,22
car_door_25,8,71,7,ELASTICNET,4,200,249,40
car_door_25,8,71,4,SSVM,4,200,249,43
car_door_25,8,71,7,ELASTICNET,5,250,299,36
car_door_25,8,71,2,GBSA,4,200,249,6
car_door_25,8,71,4,SSVM,5,250,299,39
car_door_25,8,71,5,WEIBULLAFT,4,200,249,22
car_door_25,8,71,4,SSVM,6,300,349,44
car_door_25,8,71,7,ELASTICNET,6,300,349,27
car_door_25,8,71,6,KNN,5,250,299,29
car_door_25,8,71,4,SSVM,7,350,399,38
car_door_25,8,71,7,ELASTICNET,7,350,399,31
car_door_25,8,71,6,KNN,6,300,349,26
car_door_25,8,71,5,WEIBULLAFT,5,250,299,20
car_door_25,8,71,1,RSF,5,250,299,32
car_door_25,8,71,6,KNN,7,350,399,29
car_door_25,8,71,2,GBSA,5,250,299,5
car_door_25,8,71,5,WEIBULLAFT,6,300,349,20
car_door_25,8,71,2,GBSA,6,300,349,9
car_door_25,8,71,1,RSF,6,300,349,37
car_door_25,8,71,3,DEEPSURV,4,200,249,5
car_door_25,8,71,5,WEIBULLAFT,7,350,399,24
car_door_25,8,71,8,MTLR,4,200,249,1
car_door_25,8,71,1,RSF,7,350,399,37
car_door_25,8,71,8,MTLR,5,250,299,3
car_door_25,8,71,2,GBSA,7,350,399,5
car_door_25,8,71,1,RSF,8,400,449,30
car_door_25,8,71,3,DEEPSURV,5,250,299,2
car_door_25,8,71,3,DEEPSURV,6,300,349,6
car_door_25,8,71,8,MTLR,6,300,349,2
car_door_25,8,71,3,DEEPSURV,7,350,399,5
car_door_25,8,71,8,MTLR,7,350,399,3
car_door_25,9,81,6,KNN,4,200,249,37
car_door_25,9,81,7,ELASTICNET,4,200,249,30
car_door_25,9,81,6,KNN,5,250,299,43
car_door_25,9,81,5,WEIBULLAFT,4,200,249,36
car_door_25,9,81,4,SSVM,4,200,249,28
car_door_25,9,81,2,GBSA,4,200,249,6
car_door_25,9,81,1,RSF,4,200,249,9
car_door_25,9,81,4,SSVM,5,250,299,38
car_door_25,9,81,6,KNN,6,300,349,42
car_door_25,9,81,7,ELASTICNET,5,250,299,27
car_door_25,9,81,6,KNN,7,350,399,42
car_door_25,9,81,,,0,0,49,1
car_door_25,9,81,4,SSVM,6,300,349,31
car_door_25,9,81,5,WEIBULLAFT,5,250,299,39
car_door_25,9,81,7,ELASTICNET,6,300,349,34
car_door_25,9,81,5,WEIBULLAFT,6,300,349,36
car_door_25,9,81,4,SSVM,7,350,399,33
car_door_25,9,81,2,GBSA,5,250,299,11
car_door_25,9,81,7,ELASTICNET,7,350,399,36
car_door_25,9,81,5,WEIBULLAFT,7,350,399,38
car_door_25,9,81,4,SSVM,8,400,449,9
car_door_25,9,81,0,COX,5,250,299,2
car_door_25,9,81,1,RSF,5,250,299,10
car_door_25,9,81,0,COX,6,300,349,3
car_door_25,9,81,8,MTLR,4,200,249,14
car_door_25,9,81,2,GBSA,6,300,349,8
car_door_25,9,81,8,MTLR,5,250,299,19
car_door_25,9,81,0,COX,7,350,399,8
car_door_25,9,81,2,GBSA,7,350,399,5
car_door_25,9,81,1,RSF,6,300,349,6
car_door_25,9,81,3,DEEPSURV,5,250,299,3
car_door_25,9,81,8,MTLR,6,300,349,14
car_door_25,9,81,0,COX,8,400,449,1
car_door_25,9,81,8,MTLR,7,350,399,11
car_door_25,9,81,1,RSF,7,350,399,11
car_door_25,9,81,3,DEEPSURV,6,300,349,3
car_door_25,9,81,3,DEEPSURV,7,350,399,4
car_door_35,10,91,6,KNN,4,200,249,30
car_door_35,10,91,1,RSF,4,200,249,40
car_door_35,10,91,2,GBSA,4,200,249,27
car_door_35,10,91,6,KNN,5,250,299,37
car_door_35,10,91,0,COX,5,250,299,35
car_door_35,10,91,6,KNN,6,300,349,40
car_door_35,10,91,2,GBSA,5,250,299,31
car_door_35,10,91,7,ELASTICNET,4,200,249,5
car_door_35,10,91,6,KNN,7,350,399,32
car_door_35,10,91,0,COX,6,300,349,39
car_door_35,10,91,4,SSVM,4,200,249,2
car_door_35,10,91,1,RSF,5,250,299,39
car_door_35,10,91,7,ELASTICNET,5,250,299,22
car_door_35,10,91,4,SSVM,5,250,299,9
car_door_35,10,91,0,COX,7,350,399,36
car_door_35,10,91,2,GBSA,6,300,349,35
car_door_35,10,91,5,WEIBULLAFT,5,250,299,25
car_door_35,10,91,0,COX,8,400,449,34
car_door_35,10,91,2,GBSA,7,350,399,31
car_door_35,10,91,7,ELASTICNET,6,300,349,21
car_door_35,10,91,1,RSF,6,300,349,40
car_door_35,10,91,4,SSVM,6,300,349,12
car_door_35,10,91,5,WEIBULLAFT,6,300,349,27
car_door_35,10,91,8,MTLR,4,200,249,29
car_door_35,10,91,3,DEEPSURV,4,200,249,31
car_door_35,10,91,7,ELASTICNET,7,350,399,17
car_door_35,10,91,3,DEEPSURV,5,250,299,27
car_door_35,10,91,8,MTLR,5,250,299,28
car_door_35,10,91,1,RSF,7,350,399,40
car_door_35,10,91,5,WEIBULLAFT,7,350,399,27
car_door_35,10,91,4,SSVM,7,350,399,12
car_door_35,10,91,3,DEEPSURV,6,300,349,35
car_door_35,10,91,8,MTLR,6,300,349,26
car_door_35,10,91,7,ELASTICNET,8,400,449,33
car_door_35,10,91,5,WEIBULLAFT,8,400,449,27
car_door_35,10,91,3,DEEPSURV,7,350,399,35
car_door_35,10,91,7,ELASTICNET,9,450,499,23
car_door_35,10,91,8,MTLR,7,350,399,22
car_door_35,10,91,4,SSVM,8,400,449,12
car_door_35,10,91,7,ELASTICNET,10,500,549,19
car_door_35,10,91,4,SSVM,9,450,499,12
car_door_35,10,91,7,ELASTICNET,11,550,599,16
car_door_35,10,91,7,ELASTICNET,12,600,649,20
car_door_35,10,91,7,ELASTICNET,13,650,699,4
car_door_35,1,1,0,COX,4,200,249,2
car_door_35,1,1,6,KNN,4,200,249,29
car_door_35,1,1,7,ELASTICNET,4,200,249,9
car_door_35,1,1,4,SSVM,4,200,249,26
car_door_35,1,1,1,RSF,4,200,249,21
car_door_35,1,1,6,KNN,5,250,299,30
car_door_35,1,1,4,SSVM,5,250,299,20
car_door_35,1,1,0,COX,5,250,299,4
car_door_35,1,1,7,ELASTICNET,5,250,299,8
car_door_35,1,1,6,KNN,6,300,349,34
car_door_35,1,1,6,KNN,7,350,399,30
car_door_35,1,1,4,SSVM,6,300,349,20
car_door_35,1,1,5,WEIBULLAFT,4,200,249,8
car_door_35,1,1,5,WEIBULLAFT,5,250,299,18
car_door_35,1,1,2,GBSA,5,250,299,16
car_door_35,1,1,1,RSF,5,250,299,18
car_door_35,1,1,0,COX,6,300,349,3
car_door_35,1,1,7,ELASTICNET,6,300,349,5
car_door_35,1,1,4,SSVM,7,350,399,22
car_door_35,1,1,8,MTLR,4,200,249,22
car_door_35,1,1,2,GBSA,6,300,349,10
car_door_35,1,1,5,WEIBULLAFT,6,300,349,20
car_door_35,1,1,0,COX,7,350,399,4
car_door_35,1,1,8,MTLR,5,250,299,14
car_door_35,1,1,1,RSF,6,300,349,21
car_door_35,1,1,5,WEIBULLAFT,7,350,399,24
car_door_35,1,1,7,ELASTICNET,7,350,399,15
car_door_35,1,1,2,GBSA,7,350,399,12
car_door_35,1,1,3,DEEPSURV,5,250,299,24
car_door_35,1,1,8,MTLR,6,300,349,26
car_door_35,1,1,5,WEIBULLAFT,8,400,449,19
car_door_35,1,1,3,DEEPSURV,6,300,349,32
car_door_35,1,1,1,RSF,7,350,399,21
car_door_35,1,1,2,GBSA,8,400,449,8
car_door_35,1,1,3,DEEPSURV,7,350,399,31
car_door_35,1,1,8,MTLR,7,350,399,21
car_door_35,1,1,5,WEIBULLAFT,9,450,499,21
car_door_35,1,1,3,DEEPSURV,8,400,449,25
car_door_35,1,1,5,WEIBULLAFT,10,500,549,15
car_door_35,1,1,5,WEIBULLAFT,11,550,599,9
car_door_35,2,11,0,COX,4,200,249,22
car_door_35,2,11,7,ELASTICNET,4,200,249,18
car_door_35,2,11,6,KNN,4,200,249,22
car_door_35,2,11,0,COX,5,250,299,25
car_door_35,2,11,4,SSVM,4,200,249,18
car_door_35,2,11,5,WEIBULLAFT,4,200,249,25
car_door_35,2,11,1,RSF,4,200,249,18
car_door_35,2,11,4,SSVM,5,250,299,31
car_door_35,2,11,6,KNN,5,250,299,29
car_door_35,2,11,0,COX,6,300,349,18
car_door_35,2,11,7,ELASTICNET,5,250,299,19
car_door_35,2,11,5,WEIBULLAFT,5,250,299,27
car_door_35,2,11,4,SSVM,6,300,349,28
car_door_35,2,11,6,KNN,6,300,349,30
car_door_35,2,11,7,ELASTICNET,6,300,349,16
car_door_35,2,11,0,COX,7,350,399,23
car_door_35,2,11,2,GBSA,5,250,299,27
car_door_35,2,11,4,SSVM,7,350,399,34
car_door_35,2,11,6,KNN,7,350,399,28
car_door_35,2,11,1,RSF,5,250,299,17
car_door_35,2,11,5,WEIBULLAFT,6,300,349,21
car_door_35,2,11,4,SSVM,8,400,449,8
car_door_35,2,11,2,GBSA,6,300,349,19
car_door_35,2,11,7,ELASTICNET,7,350,399,17
car_door_35,2,11,3,DEEPSURV,4,200,249,16
car_door_35,2,11,8,MTLR,4,200,249,18
car_door_35,2,11,5,WEIBULLAFT,7,350,399,28
car_door_35,2,11,2,GBSA,7,350,399,29
car_door_35,2,11,3,DEEPSURV,5,250,299,16
car_door_35,2,11,8,MTLR,5,250,299,21
car_door_35,2,11,1,RSF,6,300,349,22
car_door_35,2,11,2,GBSA,8,400,449,34
car_door_35,2,11,8,MTLR,6,300,349,21
car_door_35,2,11,3,DEEPSURV,6,300,349,14
car_door_35,2,11,1,RSF,7,350,399,16
car_door_35,2,11,8,MTLR,7,350,399,17
car_door_35,2,11,3,DEEPSURV,7,350,399,13
car_door_35,2,11,8,MTLR,8,400,449,17
car_door_35,2,11,8,MTLR,9,450,499,21
car_door_35,2,11,8,MTLR,10,500,549,28
car_door_35,2,11,8,MTLR,11,550,599,15
car_door_35,3,21,0,COX,4,200,249,20
car_door_35,3,21,7,ELASTICNET,4,200,249,26
car_door_35,3,21,4,SSVM,4,200,249,4
car_door_35,3,21,2,GBSA,4,200,249,20
car_door_35,3,21,1,RSF,4,200,249,11
car_door_35,3,21,0,COX,5,250,299,19
car_door_35,3,21,6,KNN,4,200,249,1
car_door_35,3,21,7,ELASTICNET,5,250,299,16
car_door_35,3,21,5,WEIBULLAFT,4,200,249,14
car_door_35,3,21,2,GBSA,5,250,299,31
car_door_35,3,21,0,COX,6,300,349,22
car_door_35,3,21,4,SSVM,5,250,299,7
car_door_35,3,21,5,WEIBULLAFT,5,250,299,25
car_door_35,3,21,7,ELASTICNET,6,300,349,22
car_door_35,3,21,2,GBSA,6,300,349,25
car_door_35,3,21,0,COX,7,350,399,20
car_door_35,3,21,1,RSF,5,250,299,13
car_door_35,3,21,5,WEIBULLAFT,6,300,349,26
car_door_35,3,21,6,KNN,5,250,299,1
car_door_35,3,21,4,SSVM,6,300,349,5
car_door_35,3,21,7,ELASTICNET,7,350,399,17
car_door_35,3,21,2,GBSA,7,350,399,17
car_door_35,3,21,0,COX,8,400,449,21
car_door_35,3,21,5,WEIBULLAFT,7,350,399,23
car_door_35,3,21,3,DEEPSURV,4,200,249,3
car_door_35,3,21,8,MTLR,4,200,249,3
car_door_35,3,21,0,COX,9,450,499,14
car_door_35,3,21,4,SSVM,7,350,399,8
car_door_35,3,21,5,WEIBULLAFT,8,400,449,24
car_door_35,3,21,1,RSF,6,300,349,10
car_door_35,3,21,3,DEEPSURV,5,250,299,4
car_door_35,3,21,8,MTLR,5,250,299,5
car_door_35,3,21,5,WEIBULLAFT,9,450,499,7
car_door_35,3,21,0,COX,10,500,549,14
car_door_35,3,21,4,SSVM,8,400,449,6
car_door_35,3,21,8,MTLR,6,300,349,4
car_door_35,3,21,3,DEEPSURV,6,300,349,9
car_door_35,3,21,1,RSF,7,350,399,10
car_door_35,3,21,6,KNN,8,400,449,2
car_door_35,3,21,0,COX,11,550,599,24
car_door_35,3,21,4,SSVM,9,450,499,4
car_door_35,3,21,0,COX,12,600,649,2
car_door_35,3,21,8,MTLR,7,350,399,4
car_door_35,3,21,3,DEEPSURV,7,350,399,6
car_door_35,3,21,4,SSVM,10,500,549,4
car_door_35,3,21,8,MTLR,8,400,449,11
car_door_35,3,21,8,MTLR,9,450,499,7
car_door_35,3,21,8,MTLR,10,500,549,5
car_door_35,3,21,8,MTLR,11,550,599,3
car_door_35,4,31,0,COX,4,200,249,37
car_door_35,4,31,0,COX,5,250,299,41
car_door_35,4,31,7,ELASTICNET,4,200,249,29
car_door_35,4,31,0,COX,6,300,349,30
car_door_35,4,31,5,WEIBULLAFT,4,200,249,13
car_door_35,4,31,1,RSF,4,200,249,22
car_door_35,4,31,4,SSVM,4,200,249,4
car_door_35,4,31,7,ELASTICNET,5,250,299,31
car_door_35,4,31,0,COX,7,350,399,29
car_door_35,4,31,2,GBSA,4,200,249,9
car_door_35,4,31,7,ELASTICNET,6,300,349,31
car_door_35,4,31,4,SSVM,5,250,299,14
car_door_35,4,31,0,COX,8,400,449,1
car_door_35,4,31,5,WEIBULLAFT,5,250,299,13
car_door_35,4,31,6,KNN,5,250,299,26
car_door_35,4,31,2,GBSA,5,250,299,12
car_door_35,4,31,7,ELASTICNET,7,350,399,29
car_door_35,4,31,1,RSF,5,250,299,16
car_door_35,4,31,6,KNN,6,300,349,27
car_door_35,4,31,4,SSVM,6,300,349,10
car_door_35,4,31,5,WEIBULLAFT,6,300,349,14
car_door_35,4,31,2,GBSA,6,300,349,15
car_door_35,4,31,3,DEEPSURV,4,200,249,7
car_door_35,4,31,8,MTLR,4,200,249,27
car_door_35,4,31,6,KNN,7,350,399,30
car_door_35,4,31,4,SSVM,7,350,399,11
car_door_35,4,31,1,RSF,6,300,349,14
car_door_35,4,31,8,MTLR,5,250,299,28
car_door_35,4,31,6,KNN,8,400,449,30
car_door_35,4,31,2,GBSA,7,350,399,11
car_door_35,4,31,5,WEIBULLAFT,7,350,399,18
car_door_35,4,31,3,DEEPSURV,5,250,299,10
car_door_35,4,31,8,MTLR,6,300,349,37
car_door_35,4,31,6,KNN,9,450,499,20
car_door_35,4,31,4,SSVM,8,400,449,1
car_door_35,4,31,8,MTLR,7,350,399,22
car_door_35,4,31,2,GBSA,8,400,449,7
car_door_35,4,31,6,KNN,10,500,549,3
car_door_35,4,31,3,DEEPSURV,6,300,349,7
car_door_35,4,31,1,RSF,7,350,399,17
car_door_35,4,31,3,DEEPSURV,7,350,399,7
car_door_35,5,41,7,ELASTICNET,4,200,249,3
car_door_35,5,41,6,KNN,4,200,249,24
car_door_35,5,41,5,WEIBULLAFT,4,200,249,31
car_door_35,5,41,2,GBSA,4,200,249,4
car_door_35,5,41,6,KNN,5,250,299,24
car_door_35,5,41,5,WEIBULLAFT,5,250,299,28
car_door_35,5,41,4,SSVM,5,250,299,28
car_door_35,5,41,6,KNN,6,300,349,20
car_door_35,5,41,1,RSF,5,250,299,29
car_door_35,5,41,5,WEIBULLAFT,6,300,349,32
car_door_35,5,41,0,COX,5,250,299,2
car_door_35,5,41,2,GBSA,5,250,299,1
car_door_35,5,41,4,SSVM,6,300,349,33
car_door_35,5,41,7,ELASTICNET,5,250,299,3
car_door_35,5,41,5,WEIBULLAFT,7,350,399,33
car_door_35,5,41,4,SSVM,7,350,399,38
car_door_35,5,41,7,ELASTICNET,6,300,349,6
car_door_35,5,41,6,KNN,7,350,399,15
car_door_35,5,41,0,COX,6,300,349,2
car_door_35,5,41,3,DEEPSURV,4,200,249,25
car_door_35,5,41,4,SSVM,8,400,449,36
car_door_35,5,41,1,RSF,6,300,349,29
car_door_35,5,41,2,GBSA,6,300,349,4
car_door_35,5,41,3,DEEPSURV,5,250,299,18
car_door_35,5,41,0,COX,7,350,399,4
car_door_35,5,41,1,RSF,7,350,399,26
car_door_35,5,41,8,MTLR,5,250,299,11
car_door_35,5,41,3,DEEPSURV,6,300,349,23
car_door_35,5,41,2,GBSA,7,350,399,1
car_door_35,5,41,7,ELASTICNET,7,350,399,1
car_door_35,5,41,3,DEEPSURV,7,350,399,25
car_door_35,5,41,7,ELASTICNET,8,400,449,2
car_door_35,5,41,8,MTLR,6,300,349,11
car_door_35,5,41,1,RSF,8,400,449,22
car_door_35,5,41,3,DEEPSURV,8,400,449,23
car_door_35,5,41,7,ELASTICNET,9,450,499,3
car_door_35,5,41,8,MTLR,7,350,399,5
car_door_35,5,41,3,DEEPSURV,9,450,499,17
car_door_35,5,41,3,DEEPSURV,10,500,549,22
car_door_35,5,41,7,ELASTICNET,10,500,549,3
car_door_35,5,41,3,DEEPSURV,11,550,599,22
car_door_35,5,41,8,MTLR,8,400,449,1
car_door_35,5,41,8,MTLR,9,450,499,2
car_door_35,5,41,3,DEEPSURV,12,600,649,19
car_door_35,5,41,3,DEEPSURV,13,650,699,15
car_door_35,5,41,3,DEEPSURV,14,700,749,11
car_door_35,5,41,3,DEEPSURV,15,750,799,2
car_door_35,6,51,0,COX,4,200,249,46
car_door_35,6,51,0,COX,5,250,299,44
car_door_35,6,51,0,COX,6,300,349,45
car_door_35,6,51,0,COX,7,350,399,47
car_door_35,6,51,6,KNN,4,200,249,21
car_door_35,6,51,7,ELASTICNET,4,200,249,25
car_door_35,6,51,4,SSVM,4,200,249,27
car_door_35,6,51,5,WEIBULLAFT,4,200,249,27
car_door_35,6,51,4,SSVM,5,250,299,28
car_door_35,6,51,7,ELASTICNET,5,250,299,27
car_door_35,6,51,2,GBSA,4,200,249,9
car_door_35,6,51,6,KNN,5,250,299,21
car_door_35,6,51,5,WEIBULLAFT,5,250,299,35
car_door_35,6,51,4,SSVM,6,300,349,27
car_door_35,6,51,7,ELASTICNET,6,300,349,25
car_door_35,6,51,2,GBSA,5,250,299,12
car_door_35,6,51,5,WEIBULLAFT,6,300,349,24
car_door_35,6,51,6,KNN,6,300,349,19
car_door_35,6,51,4,SSVM,7,350,399,29
car_door_35,6,51,7,ELASTICNET,7,350,399,30
car_door_35,6,51,5,WEIBULLAFT,7,350,399,30
car_door_35,6,51,6,KNN,7,350,399,23
car_door_35,6,51,2,GBSA,6,300,349,13
car_door_35,6,51,7,ELASTICNET,8,400,449,28
car_door_35,6,51,8,MTLR,4,200,249,9
car_door_35,6,51,5,WEIBULLAFT,8,400,449,34
car_door_35,6,51,7,ELASTICNET,9,450,499,32
car_door_35,6,51,5,WEIBULLAFT,9,450,499,34
car_door_35,6,51,2,GBSA,7,350,399,18
car_door_35,6,51,8,MTLR,5,250,299,15
car_door_35,6,51,5,WEIBULLAFT,10,500,549,36
car_door_35,6,51,3,DEEPSURV,4,200,249,1
car_door_35,6,51,3,DEEPSURV,5,250,299,18
car_door_35,6,51,5,WEIBULLAFT,11,550,599,37
car_door_35,6,51,2,GBSA,8,400,449,2
car_door_35,6,51,8,MTLR,6,300,349,5
car_door_35,6,51,5,WEIBULLAFT,12,600,649,32
car_door_35,6,51,3,DEEPSURV,6,300,349,23
car_door_35,6,51,5,WEIBULLAFT,13,650,699,35
car_door_35,6,51,3,DEEPSURV,7,350,399,22
car_door_35,6,51,5,WEIBULLAFT,14,700,749,35
car_door_35,6,51,8,MTLR,7,350,399,9
car_door_35,6,51,3,DEEPSURV,8,400,449,28
car_door_35,6,51,5,WEIBULLAFT,15,750,799,33
car_door_35,6,51,1,RSF,7,350,399,2
car_door_35,6,51,5,WEIBULLAFT,16,800,849,35
car_door_35,6,51,5,WEIBULLAFT,17,850,899,10
car_door_35,7,61,0,COX,4,200,249,38
car_door_35,7,61,0,COX,5,250,299,48
car_door_35,7,61,0,COX,6,300,349,44
car_door_35,7,61,0,COX,7,350,399,47
car_door_35,7,61,6,KNN,4,200,249,32
car_door_35,7,61,1,RSF,4,200,249,16
car_door_35,7,61,6,KNN,5,250,299,30
car_door_35,7,61,7,ELASTICNET,4,200,249,9
car_door_35,7,61,6,KNN,6,300,349,20
car_door_35,7,61,5,WEIBULLAFT,4,200,249,9
car_door_35,7,61,7,ELASTICNET,5,250,299,23
car_door_35,7,61,2,GBSA,4,200,249,7
car_door_35,7,61,4,SSVM,5,250,299,15
car_door_35,7,61,5,WEIBULLAFT,5,250,299,10
car_door_35,7,61,2,GBSA,5,250,299,28
car_door_35,7,61,1,RSF,5,250,299,25
car_door_35,7,61,6,KNN,7,350,399,22
car_door_35,7,61,7,ELASTICNET,6,300,349,30
car_door_35,7,61,2,GBSA,6,300,349,24
car_door_35,7,61,7,ELASTICNET,7,350,399,29
car_door_35,7,61,4,SSVM,6,300,349,11
car_door_35,7,61,3,DEEPSURV,4,200,249,16
car_door_35,7,61,8,MTLR,4,200,249,28
car_door_35,7,61,5,WEIBULLAFT,6,300,349,14
car_door_35,7,61,2,GBSA,7,350,399,24
car_door_35,7,61,7,ELASTICNET,8,400,449,20
car_door_35,7,61,8,MTLR,5,250,299,27
car_door_35,7,61,1,RSF,6,300,349,16
car_door_35,7,61,4,SSVM,7,350,399,11
car_door_35,7,61,3,DEEPSURV,5,250,299,19
car_door_35,7,61,2,GBSA,8,400,449,25
car_door_35,7,61,8,MTLR,6,300,349,25
car_door_35,7,61,5,WEIBULLAFT,7,350,399,8
car_door_35,7,61,3,DEEPSURV,6,300,349,18
car_door_35,7,61,2,GBSA,9,450,499,29
car_door_35,7,61,8,MTLR,7,350,399,31
car_door_35,7,61,4,SSVM,8,400,449,13
car_door_35,7,61,1,RSF,7,350,399,24
car_door_35,7,61,5,WEIBULLAFT,8,400,449,5
car_door_35,7,61,2,GBSA,10,500,549,22
car_door_35,7,61,3,DEEPSURV,7,350,399,27
car_door_35,7,61,2,GBSA,11,550,599,14
car_door_35,8,71,0,COX,4,200,249,37
car_door_35,8,71,0,COX,5,250,299,43
car_door_35,8,71,4,SSVM,4,200,249,24
car_door_35,8,71,6,KNN,4,200,249,33
car_door_35,8,71,0,COX,6,300,349,39
car_door_35,8,71,1,RSF,4,200,249,15
car_door_35,8,71,5,WEIBULLAFT,4,200,249,25
car_door_35,8,71,0,COX,7,350,399,33
car_door_35,8,71,6,KNN,5,250,299,29
car_door_35,8,71,4,SSVM,5,250,299,17
car_door_35,8,71,6,KNN,6,300,349,28
car_door_35,8,71,5,WEIBULLAFT,5,250,299,18
car_door_35,8,71,7,ELASTICNET,5,250,299,4
car_door_35,8,71,4,SSVM,6,300,349,17
car_door_35,8,71,6,KNN,7,350,399,25
car_door_35,8,71,1,RSF,5,250,299,22
car_door_35,8,71,2,GBSA,5,250,299,4
car_door_35,8,71,5,WEIBULLAFT,6,300,349,21
car_door_35,8,71,6,KNN,8,400,449,24
car_door_35,8,71,7,ELASTICNET,6,300,349,12
car_door_35,8,71,4,SSVM,7,350,399,27
car_door_35,8,71,8,MTLR,4,200,249,3
car_door_35,8,71,5,WEIBULLAFT,7,350,399,26
car_door_35,8,71,2,GBSA,6,300,349,1
car_door_35,8,71,3,DEEPSURV,4,200,249,15
car_door_35,8,71,6,KNN,9,450,499,28
car_door_35,8,71,1,RSF,6,300,349,24
car_door_35,8,71,3,DEEPSURV,5,250,299,27
car_door_35,8,71,7,ELASTICNET,7,350,399,9
car_door_35,8,71,5,WEIBULLAFT,8,400,449,19
car_door_35,8,71,6,KNN,10,500,549,19
car_door_35,8,71,8,MTLR,5,250,299,7
car_door_35,8,71,3,DEEPSURV,6,300,349,30
car_door_35,8,71,1,RSF,7,350,399,22
car_door_35,8,71,6,KNN,11,550,599,26
car_door_35,8,71,5,WEIBULLAFT,9,450,499,12
car_door_35,8,71,3,DEEPSURV,7,350,399,20
car_door_35,8,71,2,GBSA,7,350,399,2
car_door_35,8,71,8,MTLR,6,300,349,8
car_door_35,8,71,6,KNN,12,600,649,24
car_door_35,8,71,3,DEEPSURV,8,400,449,8
car_door_35,8,71,2,GBSA,8,400,449,4
car_door_35,8,71,6,KNN,13,650,699,31
car_door_35,8,71,8,MTLR,7,350,399,11
car_door_35,8,71,6,KNN,14,700,749,31
car_door_35,8,71,2,GBSA,9,450,499,3
car_door_35,8,71,6,KNN,15,750,799,32
car_door_35,8,71,6,KNN,16,800,849,13
car_door_35,8,71,2,GBSA,10,500,549,5
car_door_35,8,71,2,GBSA,11,550,599,2
car_door_35,9,81,4,SSVM,4,200,249,29
car_door_35,9,81,6,KNN,4,200,249,18
car_door_35,9,81,7,ELASTICNET,4,200,249,7
car_door_35,9,81,5,WEIBULLAFT,4,200,249,19
car_door_35,9,81,1,RSF,4,200,249,13
car_door_35,9,81,4,SSVM,5,250,299,33
car_door_35,9,81,6,KNN,5,250,299,24
car_door_35,9,81,4,SSVM,6,300,349,32
car_door_35,9,81,5,WEIBULLAFT,5,250,299,21
car_door_35,9,81,7,ELASTICNET,5,250,299,14
car_door_35,9,81,4,SSVM,7,350,399,27
car_door_35,9,81,6,KNN,6,300,349,26
car_door_35,9,81,1,RSF,5,250,299,18
car_door_35,9,81,7,ELASTICNET,6,300,349,11
car_door_35,9,81,5,WEIBULLAFT,6,300,349,20
car_door_35,9,81,6,KNN,7,350,399,24
car_door_35,9,81,3,DEEPSURV,4,200,249,37
car_door_35,9,81,5,WEIBULLAFT,7,350,399,20
car_door_35,9,81,6,KNN,8,400,449,20
car_door_35,9,81,3,DEEPSURV,5,250,299,26
car_door_35,9,81,7,ELASTICNET,7,350,399,11
car_door_35,9,81,1,RSF,6,300,349,13
car_door_35,9,81,3,DEEPSURV,6,300,349,28
car_door_35,9,81,6,KNN,9,450,499,34
car_door_35,9,81,3,DEEPSURV,7,350,399,17
car_door_35,9,81,6,KNN,10,500,549,28
car_door_35,9,81,6,KNN,11,550,599,29
car_door_35,9,81,1,RSF,7,350,399,11
car_door_35,9,81,6,KNN,12,600,649,34
car_door_35,9,81,8,MTLR,6,300,349,2
car_door_35,9,81,2,GBSA,7,350,399,1
car_door_35,9,81,6,KNN,13,650,699,32
car_door_35,9,81,6,KNN,14,700,749,26
car_door_35,9,81,1,RSF,8,400,449,4
car_door_35,9,81,6,KNN,15,750,799,3
car_door_35,9,81,8,MTLR,7,350,399,2
car_door_35,9,81,8,MTLR,8,400,449,1
car_door_35,9,81,2,GBSA,10,500,549,1
car_door_35,9,81,2,GBSA,11,550,599,2
car_door_35,9,81,8,MTLR,10,500,549,2
car_door_35,9,81,8,MTLR,11,550,599,1
car_door_35,9,81,8,MTLR,12,600,649,2
car_door_35,9,81,2,GBSA,14,700,749,1
car_door_45,10,91,1,RSF,4,200,249,16
car_door_45,10,91,5,WEIBULLAFT,4,200,249,26
car_door_45,10,91,7,ELASTICNET,4,200,249,17
car_door_45,10,91,7,ELASTICNET,5,250,299,25
car_door_45,10,91,0,COX,5,250,299,34
car_door_45,10,91,6,KNN,4,200,249,2
car_door_45,10,91,5,WEIBULLAFT,5,250,299,29
car_door_45,10,91,0,COX,6,300,349,29
car_door_45,10,91,6,KNN,5,250,299,12
car_door_45,10,91,4,SSVM,5,250,299,20
car_door_45,10,91,7,ELASTICNET,6,300,349,26
car_door_45,10,91,2,GBSA,5,250,299,29
car_door_45,10,91,0,COX,7,350,399,30
car_door_45,10,91,1,RSF,5,250,299,13
car_door_45,10,91,5,WEIBULLAFT,6,300,349,32
car_door_45,10,91,4,SSVM,6,300,349,18
car_door_45,10,91,7,ELASTICNET,7,350,399,28
car_door_45,10,91,2,GBSA,6,300,349,33
car_door_45,10,91,0,COX,8,400,449,33
car_door_45,10,91,6,KNN,6,300,349,12
car_door_45,10,91,5,WEIBULLAFT,7,350,399,30
car_door_45,10,91,2,GBSA,7,350,399,32
car_door_45,10,91,3,DEEPSURV,4,200,249,26
car_door_45,10,91,7,ELASTICNET,8,400,449,15
car_door_45,10,91,0,COX,9,450,499,28
car_door_45,10,91,4,SSVM,7,350,399,22
car_door_45,10,91,5,WEIBULLAFT,8,400,449,28
car_door_45,10,91,2,GBSA,8,400,449,23
car_door_45,10,91,0,COX,10,500,549,17
car_door_45,10,91,3,DEEPSURV,5,250,299,21
car_door_45,10,91,1,RSF,6,300,349,17
car_door_45,10,91,6,KNN,7,350,399,13
car_door_45,10,91,4,SSVM,8,400,449,19
car_door_45,10,91,5,WEIBULLAFT,9,450,499,34
car_door_45,10,91,3,DEEPSURV,6,300,349,31
car_door_45,10,91,8,MTLR,5,250,299,3
car_door_45,10,91,6,KNN,8,400,449,11
car_door_45,10,91,5,WEIBULLAFT,10,500,549,24
car_door_45,10,91,3,DEEPSURV,7,350,399,25
car_door_45,10,91,1,RSF,7,350,399,16
car_door_45,10,91,5,WEIBULLAFT,11,550,599,31
car_door_45,10,91,8,MTLR,6,300,349,9
car_door_45,10,91,6,KNN,9,450,499,2
car_door_45,10,91,5,WEIBULLAFT,12,600,649,30
car_door_45,10,91,5,WEIBULLAFT,13,650,699,25
car_door_45,10,91,8,MTLR,7,350,399,6
car_door_45,10,91,5,WEIBULLAFT,14,700,749,29
car_door_45,10,91,8,MTLR,8,400,449,6
car_door_45,10,91,5,WEIBULLAFT,15,750,799,28
car_door_45,10,91,5,WEIBULLAFT,16,800,849,13
car_door_45,1,1,0,COX,4,200,249,13
car_door_45,1,1,7,ELASTICNET,4,200,249,14
car_door_45,1,1,2,GBSA,4,200,249,8
car_door_45,1,1,0,COX,5,250,299,11
car_door_45,1,1,4,SSVM,4,200,249,6
car_door_45,1,1,5,WEIBULLAFT,4,200,249,24
car_door_45,1,1,7,ELASTICNET,5,250,299,18
car_door_45,1,1,5,WEIBULLAFT,5,250,299,36
car_door_45,1,1,4,SSVM,5,250,299,20
car_door_45,1,1,1,RSF,4,200,249,3
car_door_45,1,1,2,GBSA,5,250,299,6
car_door_45,1,1,6,KNN,5,250,299,32
car_door_45,1,1,0,COX,6,300,349,15
car_door_45,1,1,5,WEIBULLAFT,6,300,349,34
car_door_45,1,1,6,KNN,6,300,349,27
car_door_45,1,1,7,ELASTICNET,6,300,349,14
car_door_45,1,1,4,SSVM,6,300,349,20
car_door_45,1,1,5,WEIBULLAFT,7,350,399,34
car_door_45,1,1,6,KNN,7,350,399,30
car_door_45,1,1,0,COX,7,350,399,14
car_door_45,1,1,1,RSF,5,250,299,6
car_door_45,1,1,5,WEIBULLAFT,8,400,449,16
car_door_45,1,1,7,ELASTICNET,7,350,399,20
car_door_45,1,1,4,SSVM,7,350,399,11
car_door_45,1,1,2,GBSA,6,300,349,10
car_door_45,1,1,6,KNN,8,400,449,19
car_door_45,1,1,0,COX,8,400,449,14
car_door_45,1,1,2,GBSA,7,350,399,13
car_door_45,1,1,7,ELASTICNET,8,400,449,3
car_door_45,1,1,1,RSF,6,300,349,8
car_door_45,1,1,4,SSVM,8,400,449,3
car_door_45,1,1,3,DEEPSURV,5,250,299,21
car_door_45,1,1,0,COX,9,450,499,12
car_door_45,1,1,8,MTLR,5,250,299,3
car_door_45,1,1,3,DEEPSURV,6,300,349,20
car_door_45,1,1,0,COX,10,500,549,8
car_door_45,1,1,1,RSF,7,350,399,7
car_door_45,1,1,3,DEEPSURV,7,350,399,15
car_door_45,1,1,8,MTLR,6,300,349,4
car_door_45,1,1,0,COX,11,550,599,8
car_door_45,1,1,8,MTLR,7,350,399,15
car_door_45,1,1,3,DEEPSURV,8,400,449,16
car_door_45,1,1,1,RSF,8,400,449,6
car_door_45,1,1,8,MTLR,8,400,449,13
car_door_45,1,1,3,DEEPSURV,9,450,499,13
car_door_45,1,1,3,DEEPSURV,10,500,549,16
car_door_45,1,1,1,RSF,9,450,499,4
car_door_45,1,1,3,DEEPSURV,11,550,599,20
car_door_45,1,1,3,DEEPSURV,12,600,649,18
car_door_45,1,1,1,RSF,10,500,549,7
car_door_45,1,1,3,DEEPSURV,13,650,699,23
car_door_45,1,1,3,DEEPSURV,14,700,749,16
car_door_45,1,1,1,RSF,11,550,599,8
car_door_45,1,1,3,DEEPSURV,15,750,799,14
car_door_45,1,1,3,DEEPSURV,16,800,849,5
car_door_45,1,1,1,RSF,12,600,649,7
car_door_45,2,11,0,COX,4,200,249,17
car_door_45,2,11,4,SSVM,4,200,249,27
car_door_45,2,11,0,COX,5,250,299,19
car_door_45,2,11,5,WEIBULLAFT,4,200,249,38
car_door_45,2,11,4,SSVM,5,250,299,32
car_door_45,2,11,5,WEIBULLAFT,5,250,299,26
car_door_45,2,11,4,SSVM,6,300,349,34
car_door_45,2,11,0,COX,6,300,349,14
car_door_45,2,11,6,KNN,5,250,299,18
car_door_45,2,11,7,ELASTICNET,5,250,299,26
car_door_45,2,11,4,SSVM,7,350,399,36
car_door_45,2,11,5,WEIBULLAFT,6,300,349,30
car_door_45,2,11,2,GBSA,5,250,299,5
car_door_45,2,11,1,RSF,5,250,299,17
car_door_45,2,11,7,ELASTICNET,6,300,349,29
car_door_45,2,11,5,WEIBULLAFT,7,350,399,27
car_door_45,2,11,0,COX,7,350,399,14
car_door_45,2,11,6,KNN,6,300,349,12
car_door_45,2,11,7,ELASTICNET,7,350,399,32
car_door_45,2,11,5,WEIBULLAFT,8,400,449,13
car_door_45,2,11,7,ELASTICNET,8,400,449,27
car_door_45,2,11,6,KNN,7,350,399,17
car_door_45,2,11,1,RSF,6,300,349,24
car_door_45,2,11,2,GBSA,6,300,349,1
car_door_45,2,11,8,MTLR,5,250,299,30
car_door_45,2,11,3,DEEPSURV,5,250,299,13
car_door_45,2,11,6,KNN,8,400,449,13
car_door_45,2,11,2,GBSA,7,350,399,4
car_door_45,2,11,8,MTLR,6,300,349,32
car_door_45,2,11,1,RSF,7,350,399,20
car_door_45,2,11,8,MTLR,7,350,399,36
car_door_45,2,11,3,DEEPSURV,6,300,349,11
car_door_45,2,11,8,MTLR,8,400,449,40
car_door_45,2,11,2,GBSA,8,400,449,1
car_door_45,2,11,3,DEEPSURV,7,350,399,15
car_door_45,2,11,1,RSF,8,400,449,25
car_door_45,2,11,2,GBSA,9,450,499,3
car_door_45,2,11,3,DEEPSURV,8,400,449,12
car_door_45,2,11,1,RSF,9,450,499,19
car_door_45,2,11,2,GBSA,10,500,549,8
car_door_45,3,21,2,GBSA,4,200,249,26
car_door_45,3,21,5,WEIBULLAFT,4,200,249,23
car_door_45,3,21,2,GBSA,5,250,299,17
car_door_45,3,21,5,WEIBULLAFT,5,250,299,33
car_door_45,3,21,0,COX,5,250,299,3
car_door_45,3,21,4,SSVM,5,250,299,30
car_door_45,3,21,6,KNN,5,250,299,26
car_door_45,3,21,7,ELASTICNET,5,250,299,5
car_door_45,3,21,1,RSF,5,250,299,3
car_door_45,3,21,5,WEIBULLAFT,6,300,349,31
car_door_45,3,21,4,SSVM,6,300,349,35
car_door_45,3,21,6,KNN,6,300,349,18
car_door_45,3,21,2,GBSA,6,300,349,24
car_door_45,3,21,0,COX,6,300,349,7
car_door_45,3,21,5,WEIBULLAFT,7,350,399,43
car_door_45,3,21,4,SSVM,7,350,399,25
car_door_45,3,21,2,GBSA,7,350,399,25
car_door_45,3,21,7,ELASTICNET,6,300,349,5
car_door_45,3,21,6,KNN,7,350,399,20
car_door_45,3,21,4,SSVM,8,400,449,32
car_door_45,3,21,0,COX,7,350,399,7
car_door_45,3,21,1,RSF,6,300,349,4
car_door_45,3,21,6,KNN,8,400,449,15
car_door_45,3,21,3,DEEPSURV,4,200,249,5
car_door_45,3,21,3,DEEPSURV,5,250,299,17
car_door_45,3,21,8,MTLR,5,250,299,18
car_door_45,3,21,7,ELASTICNET,7,350,399,3
car_door_45,3,21,0,COX,8,400,449,11
car_door_45,3,21,8,MTLR,6,300,349,14
car_door_45,3,21,3,DEEPSURV,6,300,349,11
car_door_45,3,21,0,COX,9,450,499,9
car_door_45,3,21,7,ELASTICNET,8,400,449,2
car_door_45,3,21,8,MTLR,7,350,399,22
car_door_45,3,21,3,DEEPSURV,7,350,399,12
car_door_45,3,21,1,RSF,7,350,399,3
car_door_45,3,21,0,COX,10,500,549,10
car_door_45,3,21,8,MTLR,8,400,449,13
car_door_45,3,21,3,DEEPSURV,8,400,449,22
car_door_45,3,21,0,COX,11,550,599,13
car_door_45,3,21,3,DEEPSURV,9,450,499,14
car_door_45,3,21,1,RSF,8,400,449,2
car_door_45,3,21,0,COX,12,600,649,22
car_door_45,3,21,3,DEEPSURV,10,500,549,11
car_door_45,3,21,0,COX,13,650,699,13
car_door_45,3,21,3,DEEPSURV,11,550,599,14
car_door_45,3,21,3,DEEPSURV,12,600,649,13
car_door_45,3,21,3,DEEPSURV,13,650,699,10
car_door_45,4,31,6,KNN,4,200,249,31
car_door_45,4,31,2,GBSA,4,200,249,18
car_door_45,4,31,6,KNN,5,250,299,34
car_door_45,4,31,0,COX,5,250,299,19
car_door_45,4,31,6,KNN,6,300,349,35
car_door_45,4,31,5,WEIBULLAFT,4,200,249,16
car_door_45,4,31,2,GBSA,5,250,299,17
car_door_45,4,31,,,0,0,49,1
car_door_45,4,31,4,SSVM,4,200,249,1
car_door_45,4,31,6,KNN,7,350,399,38
car_door_45,4,31,5,WEIBULLAFT,5,250,299,23
car_door_45,4,31,7,ELASTICNET,5,250,299,29
car_door_45,4,31,0,COX,6,300,349,16
car_door_45,4,31,4,SSVM,5,250,299,3
car_door_45,4,31,1,RSF,5,250,299,28
car_door_45,4,31,2,GBSA,6,300,349,19
car_door_45,4,31,7,ELASTICNET,6,300,349,29
car_door_45,4,31,5,WEIBULLAFT,6,300,349,21
car_door_45,4,31,7,ELASTICNET,7,350,399,29
car_door_45,4,31,0,COX,7,350,399,15
car_door_45,4,31,4,SSVM,6,300,349,6
car_door_45,4,31,1,RSF,6,300,349,29
car_door_45,4,31,2,GBSA,7,350,399,19
car_door_45,4,31,5,WEIBULLAFT,7,350,399,25
car_door_45,4,31,7,ELASTICNET,8,400,449,21
car_door_45,4,31,0,COX,8,400,449,16
car_door_45,4,31,4,SSVM,7,350,399,9
car_door_45,4,31,5,WEIBULLAFT,8,400,449,14
car_door_45,4,31,3,DEEPSURV,5,250,299,2
car_door_45,4,31,8,MTLR,5,250,299,2
car_door_45,4,31,1,RSF,7,350,399,25
car_door_45,4,31,3,DEEPSURV,6,300,349,8
car_door_45,4,31,1,RSF,8,400,449,26
car_door_45,4,31,8,MTLR,6,300,349,2
car_door_45,4,31,3,DEEPSURV,7,350,399,10
car_door_45,4,31,8,MTLR,7,350,399,6
car_door_45,4,31,3,DEEPSURV,8,400,449,10
car_door_45,4,31,8,MTLR,8,400,449,6
car_door_45,5,41,6,KNN,4,200,249,10
car_door_45,5,41,1,RSF,4,200,249,26
car_door_45,5,41,2,GBSA,4,200,249,15
car_door_45,5,41,7,ELASTICNET,4,200,249,16
car_door_45,5,41,0,COX,5,250,299,30
car_door_45,5,41,7,ELASTICNET,5,250,299,24
car_door_45,5,41,5,WEIBULLAFT,4,200,249,15
car_door_45,5,41,0,COX,6,300,349,30
car_door_45,5,41,4,SSVM,5,250,299,38
car_door_45,5,41,2,GBSA,5,250,299,16
car_door_45,5,41,5,WEIBULLAFT,5,250,299,31
car_door_45,5,41,1,RSF,5,250,299,29
car_door_45,5,41,7,ELASTICNET,6,300,349,20
car_door_45,5,41,4,SSVM,6,300,349,29
car_door_45,5,41,6,KNN,5,250,299,4
car_door_45,5,41,0,COX,7,350,399,34
car_door_45,5,41,5,WEIBULLAFT,6,300,349,39
car_door_45,5,41,2,GBSA,6,300,349,20
car_door_45,5,41,4,SSVM,7,350,399,34
car_door_45,5,41,0,COX,8,400,449,30
car_door_45,5,41,5,WEIBULLAFT,7,350,399,28
car_door_45,5,41,6,KNN,6,300,349,6
car_door_45,5,41,7,ELASTICNET,7,350,399,19
car_door_45,5,41,4,SSVM,8,400,449,28
car_door_45,5,41,0,COX,9,450,499,29
car_door_45,5,41,1,RSF,6,300,349,26
car_door_45,5,41,2,GBSA,7,350,399,20
car_door_45,5,41,5,WEIBULLAFT,8,400,449,29
car_door_45,5,41,0,COX,10,500,549,26
car_door_45,5,41,7,ELASTICNET,8,400,449,11
car_door_45,5,41,6,KNN,7,350,399,3
car_door_45,5,41,5,WEIBULLAFT,9,450,499,29
car_door_45,5,41,3,DEEPSURV,5,250,299,29
car_door_45,5,41,0,COX,11,550,599,21
car_door_45,5,41,1,RSF,7,350,399,20
car_door_45,5,41,7,ELASTICNET,9,450,499,17
car_door_45,5,41,3,DEEPSURV,6,300,349,18
car_door_45,5,41,0,COX,12,600,649,24
car_door_45,5,41,6,KNN,8,400,449,4
car_door_45,5,41,8,MTLR,5,250,299,1
car_door_45,5,41,7,ELASTICNET,10,500,549,22
car_door_45,5,41,3,DEEPSURV,7,350,399,13
car_door_45,5,41,0,COX,13,650,699,13
car_door_45,5,41,8,MTLR,6,300,349,1
car_door_45,5,41,6,KNN,9,450,499,3
car_door_45,5,41,7,ELASTICNET,11,550,599,21
car_door_45,5,41,3,DEEPSURV,8,400,449,20
car_door_45,5,41,7,ELASTICNET,12,600,649,19
car_door_45,5,41,8,MTLR,7,350,399,1
car_door_45,5,41,7,ELASTICNET,13,650,699,26
car_door_45,5,41,6,KNN,10,500,549,3
car_door_45,5,41,8,MTLR,8,400,449,7
car_door_45,5,41,7,ELASTICNET,14,700,749,21
car_door_45,5,41,6,KNN,11,550,599,1
car_door_45,5,41,7,ELASTICNET,15,750,799,21
car_door_45,5,41,7,ELASTICNET,16,800,849,19
car_door_45,5,41,7,ELASTICNET,17,850,899,5
car_door_45,6,51,6,KNN,4,200,249,29
car_door_45,6,51,2,GBSA,4,200,249,23
car_door_45,6,51,1,RSF,4,200,249,10
car_door_45,6,51,5,WEIBULLAFT,4,200,249,12
car_door_45,6,51,6,KNN,5,250,299,24
car_door_45,6,51,0,COX,5,250,299,19
car_door_45,6,51,2,GBSA,5,250,299,24
car_door_45,6,51,7,ELASTICNET,5,250,299,20
car_door_45,6,51,4,SSVM,5,250,299,28
car_door_45,6,51,6,KNN,6,300,349,31
car_door_45,6,51,5,WEIBULLAFT,5,250,299,11
car_door_45,6,51,0,COX,6,300,349,14
car_door_45,6,51,6,KNN,7,350,399,30
car_door_45,6,51,2,GBSA,6,300,349,27
car_door_45,6,51,4,SSVM,6,300,349,34
car_door_45,6,51,1,RSF,5,250,299,10
car_door_45,6,51,7,ELASTICNET,6,300,349,8
car_door_45,6,51,4,SSVM,7,350,399,31
car_door_45,6,51,6,KNN,8,400,449,30
car_door_45,6,51,2,GBSA,7,350,399,27
car_door_45,6,51,0,COX,7,350,399,20
car_door_45,6,51,5,WEIBULLAFT,6,300,349,15
car_door_45,6,51,4,SSVM,8,400,449,22
car_door_45,6,51,6,KNN,9,450,499,11
car_door_45,6,51,7,ELASTICNET,7,350,399,13
car_door_45,6,51,0,COX,8,400,449,18
car_door_45,6,51,4,SSVM,9,450,499,23
car_door_45,6,51,5,WEIBULLAFT,7,350,399,19
car_door_45,6,51,1,RSF,6,300,349,5
car_door_45,6,51,3,DEEPSURV,5,250,299,27
car_door_45,6,51,8,MTLR,5,250,299,7
car_door_45,6,51,0,COX,9,450,499,15
car_door_45,6,51,7,ELASTICNET,8,400,449,12
car_door_45,6,51,4,SSVM,10,500,549,35
car_door_45,6,51,5,WEIBULLAFT,8,400,449,15
car_door_45,6,51,3,DEEPSURV,6,300,349,25
car_door_45,6,51,4,SSVM,11,550,599,26
car_door_45,6,51,0,COX,10,500,549,20
car_door_45,6,51,7,ELASTICNET,9,450,499,21
car_door_45,6,51,8,MTLR,6,300,349,7
car_door_45,6,51,4,SSVM,12,600,649,31
car_door_45,6,51,3,DEEPSURV,7,350,399,21
car_door_45,6,51,1,RSF,7,350,399,8
car_door_45,6,51,5,WEIBULLAFT,9,450,499,9
car_door_45,6,51,0,COX,11,550,599,21
car_door_45,6,51,4,SSVM,13,650,699,9
car_door_45,6,51,7,ELASTICNET,10,500,549,6
car_door_45,6,51,3,DEEPSURV,8,400,449,23
car_door_45,6,51,0,COX,12,600,649,2
car_door_45,6,51,8,MTLR,7,350,399,4
car_door_45,6,51,8,MTLR,8,400,449,8
car_door_45,6,51,8,MTLR,9,450,499,14
car_door_45,6,51,8,MTLR,10,500,549,7
car_door_45,6,51,8,MTLR,11,550,599,10
car_door_45,6,51,8,MTLR,12,600,649,8
car_door_45,6,51,8,MTLR,13,650,699,19
car_door_45,6,51,8,MTLR,14,700,749,16
car_door_45,7,61,6,KNN,4,200,249,27
car_door_45,7,61,4,SSVM,4,200,249,18
car_door_45,7,61,5,WEIBULLAFT,4,200,249,30
car_door_45,7,61,6,KNN,5,250,299,35
car_door_45,7,61,0,COX,5,250,299,25
car_door_45,7,61,4,SSVM,5,250,299,23
car_door_45,7,61,6,KNN,6,300,349,31
car_door_45,7,61,5,WEIBULLAFT,5,250,299,29
car_door_45,7,61,7,ELASTICNET,5,250,299,9
car_door_45,7,61,1,RSF,5,250,299,17
car_door_45,7,61,0,COX,6,300,349,25
car_door_45,7,61,6,KNN,7,350,399,32
car_door_45,7,61,4,SSVM,6,300,349,24
car_door_45,7,61,5,WEIBULLAFT,6,300,349,26
car_door_45,7,61,2,GBSA,5,250,299,7
car_door_45,7,61,0,COX,7,350,399,30
car_door_45,7,61,4,SSVM,7,350,399,17
car_door_45,7,61,0,COX,8,400,449,26
car_door_45,7,61,5,WEIBULLAFT,7,350,399,27
car_door_45,7,61,2,GBSA,6,300,349,14
car_door_45,7,61,0,COX,9,450,499,30
car_door_45,7,61,1,RSF,6,300,349,14
car_door_45,7,61,7,ELASTICNET,6,300,349,1
car_door_45,7,61,5,WEIBULLAFT,8,400,449,24
car_door_45,7,61,2,GBSA,7,350,399,11
car_door_45,7,61,0,COX,10,500,549,33
car_door_45,7,61,8,MTLR,5,250,299,24
car_door_45,7,61,3,DEEPSURV,5,250,299,30
car_door_45,7,61,0,COX,11,550,599,12
car_door_45,7,61,7,ELASTICNET,7,350,399,3
car_door_45,7,61,5,WEIBULLAFT,9,450,499,14
car_door_45,7,61,3,DEEPSURV,6,300,349,21
car_door_45,7,61,8,MTLR,6,300,349,29
car_door_45,7,61,2,GBSA,8,400,449,9
car_door_45,7,61,1,RSF,7,350,399,18
car_door_45,7,61,8,MTLR,7,350,399,26
car_door_45,7,61,3,DEEPSURV,7,350,399,25
car_door_45,7,61,3,DEEPSURV,8,400,449,34
car_door_45,7,61,8,MTLR,8,400,449,24
car_door_45,7,61,1,RSF,8,400,449,16
car_door_45,7,61,8,MTLR,9,450,499,24
car_door_45,7,61,1,RSF,9,450,499,14
car_door_45,7,61,7,ELASTICNET,10,500,549,1
car_door_45,7,61,7,ELASTICNET,11,550,599,1
car_door_45,7,61,1,RSF,10,500,549,4
car_door_45,8,71,4,SSVM,4,200,249,30
car_door_45,8,71,,,0,0,49,1
car_door_45,8,71,7,ELASTICNET,4,200,249,7
car_door_45,8,71,6,KNN,4,200,249,17
car_door_45,8,71,2,GBSA,4,200,249,3
car_door_45,8,71,1,RSF,4,200,249,16
car_door_45,8,71,4,SSVM,5,250,299,34
car_door_45,8,71,6,KNN,5,250,299,15
car_door_45,8,71,4,SSVM,6,300,349,32
car_door_45,8,71,7,ELASTICNET,5,250,299,6
car_door_45,8,71,4,SSVM,7,350,399,31
car_door_45,8,71,2,GBSA,5,250,299,6
car_door_45,8,71,1,RSF,5,250,299,24
car_door_45,8,71,5,WEIBULLAFT,5,250,299,19
car_door_45,8,71,6,KNN,6,300,349,14
car_door_45,8,71,5,WEIBULLAFT,6,300,349,18
car_door_45,8,71,3,DEEPSURV,4,200,249,24
car_door_45,8,71,6,KNN,7,350,399,14
car_door_45,8,71,7,ELASTICNET,6,300,349,2
car_door_45,8,71,2,GBSA,6,300,349,7
car_door_45,8,71,1,RSF,6,300,349,18
car_door_45,8,71,3,DEEPSURV,5,250,299,28
car_door_45,8,71,5,WEIBULLAFT,7,350,399,11
car_door_45,8,71,6,KNN,8,400,449,5
car_door_45,8,71,7,ELASTICNET,7,350,399,5
car_door_45,8,71,2,GBSA,7,350,399,13
car_door_45,8,71,3,DEEPSURV,6,300,349,28
car_door_45,8,71,8,MTLR,4,200,249,4
car_door_45,8,71,8,MTLR,5,250,299,21
car_door_45,8,71,3,DEEPSURV,7,350,399,24
car_door_45,8,71,1,RSF,7,350,399,17
car_door_45,8,71,5,WEIBULLAFT,8,400,449,16
car_door_45,8,71,2,GBSA,8,400,449,14
car_door_45,8,71,8,MTLR,6,300,349,22
car_door_45,8,71,3,DEEPSURV,8,400,449,2
car_door_45,8,71,8,MTLR,7,350,399,22
car_door_45,8,71,2,GBSA,9,450,499,6
car_door_45,8,71,8,MTLR,8,400,449,22
car_door_45,8,71,0,COX,9,450,499,1
car_door_45,8,71,2,GBSA,10,500,549,7
car_door_45,8,71,8,MTLR,9,450,499,21
car_door_45,8,71,8,MTLR,10,500,549,19
car_door_45,8,71,8,MTLR,11,550,599,20
car_door_45,8,71,8,MTLR,12,600,649,19
car_door_45,9,81,7,ELASTICNET,4,200,249,38
car_door_45,9,81,7,ELASTICNET,5,250,299,33
car_door_45,9,81,0,COX,5,250,299,4
car_door_45,9,81,7,ELASTICNET,6,300,349,37
car_door_45,9,81,7,ELASTICNET,7,350,399,34
car_door_45,9,81,4,SSVM,5,250,299,35
car_door_45,9,81,6,KNN,5,250,299,15
car_door_45,9,81,5,WEIBULLAFT,5,250,299,40
car_door_45,9,81,4,SSVM,6,300,349,31
car_door_45,9,81,1,RSF,5,250,299,25
car_door_45,9,81,0,COX,6,300,349,5
car_door_45,9,81,5,WEIBULLAFT,6,300,349,37
car_door_45,9,81,4,SSVM,7,350,399,25
car_door_45,9,81,5,WEIBULLAFT,7,350,399,40
car_door_45,9,81,6,KNN,6,300,349,13
car_door_45,9,81,5,WEIBULLAFT,8,400,449,39
car_door_45,9,81,3,DEEPSURV,4,200,249,3
car_door_45,9,81,4,SSVM,8,400,449,29
car_door_45,9,81,0,COX,7,350,399,6
car_door_45,9,81,2,GBSA,6,300,349,1
car_door_45,9,81,1,RSF,6,300,349,21
car_door_45,9,81,6,KNN,7,350,399,13
car_door_45,9,81,,,0,0,49,1
car_door_45,9,81,8,MTLR,5,250,299,3
car_door_45,9,81,6,KNN,8,400,449,17
car_door_45,9,81,0,COX,8,400,449,2
car_door_45,9,81,1,RSF,7,350,399,24
car_door_45,9,81,8,MTLR,6,300,349,8
car_door_45,9,81,0,COX,9,450,499,4
car_door_45,9,81,1,RSF,8,400,449,12
car_door_45,9,81,8,MTLR,7,350,399,10
car_door_45,9,81,3,DEEPSURV,7,350,399,1
car_door_45,9,81,8,MTLR,8,400,449,12
car_door_45,9,81,3,DEEPSURV,8,400,449,6
car_door_45,9,81,0,COX,11,550,599,1
car_door_45,9,81,3,DEEPSURV,9,450,499,1
car_door_45,9,81,0,COX,12,600,649,1
car_door_45,9,81,3,DEEPSURV,10,500,549,2
car_door_45,9,81,0,COX,13,650,699,5
car_door_45,9,81,0,COX,14,700,749,3
car_door_45,9,81,3,DEEPSURV,11,550,599,4
car_door_45,9,81,3,DEEPSURV,12,600,649,5
car_door_45,9,81,0,COX,15,750,799,7
car_door_45,9,81,3,DEEPSURV,13,650,699,2
car_door_45,9,81,0,COX,16,800,849,1
car_door_45,9,81,0,COX,17,850,899,5
car_door_45,9,81,3,DEEPSURV,14,700,749,3
car_door_45,9,81,0,COX,18,900,949,7
car_door_45,9,81,3,DEEPSURV,15,750,799,2
car_door_45,9,81,0,COX,19,950,999,9
car_door_45,9,81,3,DEEPSURV,18,900,949,1
