{
  "instance_index": 0,
  "birth_iter": 32,
  "death_iter": 110,
  "survival_iters": 78,
  "censored": false,
  "pre_vnd_cost": 9323.42,
  "post_vnd_cost": 503.926,
  "pre_vnd_coords": [[80,20], [84.3401,15.2891], [84.3401,15.2891], [84.3401,15.2891], [78.1345,15.5043], [83.4222,15.3209], [84.3401,15.2891], [56.365,35.1719], [55.5749,37.7928], [56.309,35.3577], [55.7088,37.3487], [54.9983,39.7057], [55.1147,39.3195], [55.0769,39.4448], [55.2912,38.734], [54.9544,39.8512], [38.0979,19.2806], [20.5419,23.5685], [55.8423,36.9057], [58.9067,26.7349], [58.9067,26.7349], [55.1554,39.1847], [54.9188,39.9693], [58.9067,26.7349], [56.0322,36.2761], [20.7158,23.7049], [20.8481,23.8086], [20.5853,23.6026], [18.1377,21.6837], [40.5749,18.6167], [30.9986,21.1835], [25.3882,63.7022], [24.4305,63.6676], [23.6473,66.2095], [24.1805,63.6585], [11.3135,63.5457], [26.3597,63.7373], [26.3597,63.7373], [24.6786,63.6765], [14.1759,65.4287], [14.7138,65.7043], [15.8892,61.1265], [15.1647,63.9483], [13.8673,65.2706], [14.7138,65.7043], [11.7207,52.8019], [11.5233,49.6212], [14.7138,65.7043], [16.1097,60.2677], [14.9088,64.9448], [15.0868,64.2516], [15.4112,62.988], [11.4837,68.6969], [16.2138,59.8625], [14.7138,65.7043], [16.3179,59.4569], [9.71972,74.8297], [12.3685,65.6206], [9.51329,75.5473], [14.5326,65.6115], [14.7138,65.7043], [9.22859,76.537], [9.61616,75.1897], [9.91623,74.1465], [9.41217,75.8989], [9.64625,75.0851], [9.22859,76.537], [9.22859,76.537], [10.0726,73.6027], [9.22859,76.537], [9.99026,73.8891], [9.22859,76.537], [9.24153,76.731], [9.22859,76.537], [9.22859,76.537], [9.37285,76.0355], [12.1095,66.5212], [9.84394,74.3978], [10.2964,72.8248], [11.0973,70.0405], [9.27522,76.3749], [9.22859,76.537], [9.22859,76.537], [11.0517,70.1989], [11.193,69.7076], [10.1864,73.2071], [9.34564,76.1301], [10.7462,71.2612], [9.22859,76.537], [10.5251,72.0298], [10.4129,72.4198], [12.0285,66.8031], [14.7138,65.7043], [9.32048,76.2176], [14.7138,65.7043], [15.9892,60.737], [14.7138,65.7043], [14.7138,65.7043], [15.2739,63.5227], [9.48127,75.6587], [9.44777,75.7751], [11.2536,69.4969], [14.3594,65.5228], [15.2195,63.7348], [9.5514,75.4149], [9.29447,77.5247], [14.7138,65.7043], [11.1432,69.881], [15.3421,63.2572], [9.78339,74.6083], [14.7138,65.7043], [11.9495,67.0777], [10.6393,71.6329], [14.7138,65.7043], [11.4554,44.6756], [14.7138,65.7043], [12.2811,65.9246], [14.7138,65.7043], [13.4056,65.0341], [11.3017,46.0512], [14.7138,65.7043], [11.7376,53.0742], [14.7138,65.7043], [11.7376,53.0742], [15.6698,61.9811], [12.9187,40.639], [11.7376,53.0742], [11.35,46.8293], [11.7376,53.0742], [11.7376,53.0742], [12.6488,64.6463], [9.27265,77.1976], [9.22859,76.537], [9.2518,76.885], [11.7015,52.4926], [11.7902,67.6313], [11.7376,53.0742], [10.9604,70.5164], [11.3732,69.0811], [9.58661,75.2924], [11.5968,68.3038], [12.9746,64.8133], [15.8738,58.3], [14.7138,65.7043], [14.7138,65.7043], [11.7376,53.0742], [11.7376,53.0742], [16.1428,58.6398], [14.7138,65.7043], [11.8743,67.339], [14.7138,65.7043], [12.1943,66.2263], [10.8538,70.887], [11.7134,67.8986], [11.0047,70.3624], [11.5645,50.285], [13.0668,40.3389], [11.3833,45.3207], [11.4235,44.9615], [12.7967,40.8859], [13.315,55.0671], [13.4334,39.5964], [11.4328,48.1624], [11.3344,45.7591], [11.4308,44.8953], [12.5603,64.9538], [12.388,41.7138], [11.3908,47.4858], [11.3749,45.3962], [11.7376,53.0742], [11.7376,53.0742], [11.3017,46.0512], [12.6665,41.1497], [12.9069,33.954], [12.7371,33.5495], [11.8858,42.7309], [12.7961,33.69], [11.6104,43.2886], [13.241,39.9861], [12.2634,41.966], [12.6752,33.4022], [12.2109,53.6722], [11.3921,45.2422], [11.4,45.1714], [11.3017,46.0512], [11.7376,53.0742], [11.4765,48.8673], [11.4472,44.7485], [11.8954,53.2736], [13.4948,35.354], [12.1491,28.8564], [12.6098,33.2464], [12.1374,42.2212], [11.7561,42.9935], [12.1706,24.3707], [12.5328,15.5235], [12.0086,42.4822], [12.3689,32.6727], [12.1747,23.5068], [12.1335,32.1121], [12.1445,29.8097], [12.4661,15.4922], [12.1934,19.6193], [12.1668,25.1712], [12.1844,21.4973], [12.9487,34.0533], [12.1585,26.9], [12.1335,32.1121], [16.5178,15.9377], [12.1397,30.8198], [12.1983,18.599], [12.1539,27.8602], [12.2988,32.5058], [12.2023,17.7516], [23.4798,16.6613], [15.8328,15.8665], [12.3435,15.4347], [13.1153,15.584], [14.0795,15.6842], [12.2137,15.3738], [12.21,16.1459], [13.5486,15.629], [12.4034,15.4628], [15.1771,15.7983], [12.1806,22.2949], [14.6001,15.7383], [12.2794,15.4046], [12.2115,15.8309], [26.8383,17.0104], [25.9431,16.9174], [19.1504,16.2113], [12.1629,25.9829], [21.8223,16.4891], [25.4665,16.8679], [22.9931,16.6107], [21.2188,16.4263], [12.2061,16.9714], [12.5561,33.1184], [12.1335,32.1121], [12.1335,32.1121], [12.8573,33.8357], [28.8009,17.2144], [12.4938,32.97], [28.4966,17.1828], [12.2471,32.3827], [13.9814,36.5129], [38.1309,17.8536], [28.2043,17.1524], [48.9616,22.6246], [27.8869,17.1194], [41.4838,18.3446], [29.1248,17.2481], [27.5691,17.0864], [30.6519,17.4069], [27.2399,17.0522], [37.2684,17.9807], [22.4304,16.5523], [25.0233,16.8218], [39.5399,17.646], [47.9698,22.057], [44.4086,20.0187], [40.7893,17.9472], [38.5836,17.7869], [42.2071,18.7587], [46.4419,21.1824], [42.7789,19.0859], [39.0894,17.7124], [24.5785,16.7756], [37.7131,17.9152], [43.4132,19.449], [26.4911,16.9744], [40.1151,17.5612], [47.2336,21.6356], [45.7081,20.7625], [52.2557,24.5098], [52.5882,24.7001], [51.8887,24.2998], [51.5037,24.0794], [11.8964,74.7221], [11.5541,76.5618], [12.0608,73.9566], [11.5517,63.9437], [11.6246,76.1828], [9.4407,88.857], [11.3793,77.5014], [12.483,73.761], [11.2595,78.1449], [10.2576,61.4494], [9.61753,88.796], [10.2262,83.6981], [9.65628,88.7826], [12.7708,85.213], [10.1334,88.6179], [9.98376,88.6696], [9.96003,85.1288], [11.349,77.6639], [9.73051,88.757], [9.51097,88.8327], [17.4689,86.5224], [9.28261,88.7694], [9.58301,88.8079], [9.41072,88.0808], [18.9505,86.9352], [9.69386,88.7696], [10.3821,82.8607], [10.371,88.5359], [11.6943,75.8084], [18.4996,86.8096], [9.25435,88.9213], [9.83424,88.7212], [10.4126,88.5216], [12.7708,85.213], [9.71547,86.443], [10.8325,80.4399], [10.9371,79.8777], [9.76683,88.7444], [9.32793,88.8959], [9.26798,88.848], [10.3015,83.2937], [10.0567,88.6444], [10.0196,88.6572], [9.47552,88.845], [10.46,88.5052], [10.7331,80.9743], [24.0499,88.3563], [24.5906,88.507], [9.64993,86.7952], [9.91066,88.6948], [9.29201,88.9083], [24.3894,88.4509], [9.77664,86.1142], [9.83815,85.7837], [9.58721,87.1322], [9.54892,88.8196], [17.3042,86.4765], [10.1565,84.0731], [18.2821,86.749], [10.3314,88.5496], [19.9892,87.2246], [12.7708,85.213], [20.1671,87.2742], [10.0945,88.6313], [24.2524,88.4127], [9.87131,88.7084], [9.94722,88.6822], [10.2508,88.5774], [10.2138,88.5902], [11.2922,87.3774], [20.349,87.3249], [20.4137,87.3429], [24.2014,88.3985], [12.7708,85.213], [24.8025,88.5661], [20.531,87.3756], [24.0077,88.3445], [18.072,86.6904], [24.1745,88.391], [19.9331,87.209], [24.03,88.3507], [22.2937,87.8669], [24.3246,88.4329], [20.4734,87.3595], [20.2289,87.2914], [24.3025,88.4267], [24.1538,88.3852], [30.3522,87.0836], [24.2778,88.4198], [24.1343,88.3798], [19.8784,87.1938], [24.0925,88.3682], [30.5173,87.9117], [24.3476,88.4393], [24.1134,88.374], [10.2932,88.5628], [25.0181,88.6262], [10.5407,88.4774], [10.1758,88.6033], [25.5528,75.9649], [25.4745,75.7835], [24.0719,88.3624], [32.6249,69.5857], [19.712,87.1474], [20.289,87.3082], [24.2279,88.4059], [30.511,87.4515], [25.5858,76.0413], [37.8595,69.1138], [30.511,87.4515], [19.4774,87.082], [30.4373,87.2808], [45.8341,89.4398], [30.4201,87.2411], [43.388,87.4354], [42.7421,88.574], [33.6093,70.5043], [20.0505,87.2417], [18.7311,86.8741], [10.5029,88.4904], [25.4251,75.6691], [19.2141,87.0087], [14.5579,72.7998], [17.8769,86.6361], [12.1161,73.931], [23.6397,67.3025], [23.6397,67.3025], [30.511,87.4515], [33.6093,70.5043], [33.6093,70.5043], [12.3071,73.8425], [10.552,81.9473], [26.0725,63.7269], [23.6452,66.5055], [23.6512,65.6424], [25.521,75.8911], [12.0938,73.9413], [25.4425,75.7093], [25.5068,