{
  "instance_index": 0,
  "birth_iter": 37,
  "death_iter": 40,
  "survival_iters": 3,
  "censored": false,
  "pre_vnd_cost": 11052.6,
  "post_vnd_cost": 830.137,
  "pre_vnd_coords": [[80,20], [56.9867,17.4817], [68.3397,19.7087], [83.2419,3.59852], [83.2419,3.59852], [96.044,15.2335], [96.044,15.2335], [96.044,15.2335], [96.044,15.2335], [88.1495,34.6947], [75.7402,38.2325], [88.1495,34.6947], [84.776,43.6153], [88.1495,34.6947], [85.3209,51.4631], [78.777,50.3816], [78.777,50.3816], [85.3209,51.4631], [78.777,50.3816], [78.777,50.3816], [75.9453,62.208], [67.527,46.1265], [71.4494,66.5478], [71.8801,53.7857], [69.3853,64.8717], [62.8639,56.4759], [78.777,50.3816], [90.6901,55.5588], [84.015,60.551], [90.6901,55.5588], [98.0586,58.9332], [84.015,60.551], [98.0586,58.9332], [100.526,71.3006], [82.8429,76.0342], [79.8675,73.8276], [100.526,71.3006], [96.2904,67.9553], [80.9461,82.1678], [62.6326,82.8607], [66.3094,73.6429], [79.8675,73.8276], [69.9681,82.4642], [69.3853,64.8717], [75.9453,62.208], [75.9453,62.208], [69.6471,81.4481], [62.3186,69.3063], [59.4554,74.2919], [59.4554,74.2919], [63.4877,62.2461], [66.13,73.3455], [60.8786,64.192], [59.4554,74.2919], [59.4554,74.2919], [49.4132,60.0939], [61.6262,59.132], [59.4554,74.2919], [59.4554,74.2919], [66.13,73.3455], [66.13,73.3455], [59.4554,74.2919], [59.4554,74.2919], [67.6347,84.2073], [64.111,86.6849], [59.4554,74.2919], [66.13,73.3455], [63.8813,103.089], [73.7909,88.2095], [63.8813,103.089], [63.0754,87.4643], [63.8813,103.089], [63.0754,87.4643], [63.8813,103.089], [63.0754,87.4643], [50.8054,93.0046], [50.8054,93.0046], [63.0754,87.4643], [62.6326,82.8607], [48.7319,74.3565], [62.6326,82.8607], [48.7319,74.3565], [48.7319,74.3565], [52.3814,61.9744], [62.8639,56.4759], [60.667,62.6274], [62.8639,56.4759], [52.3814,61.9744], [47.6046,68.1494], [45.3095,71.572], [60.667,62.6274], [35.1191,60.4059], [45.3095,71.572], [28.5514,69.2056], [21.8546,64.4951], [32.0162,62.5755], [29.6275,51.2804], [28.5514,69.2056], [28.5514,69.2056], [45.3095,71.572], [35.1191,60.4059], [47.6046,68.1494], [28.5514,69.2056], [35.1191,60.4059], [41.2845,79.2357], [32.1775,85.761], [63.4877,62.2461], [66.13,73.3455], [63.4877,62.2461], [63.4877,62.2461], [54.0607,29.5355], [45.6371,30.2313], [64.5493,23.5737], [54.0607,29.5355], [64.5493,23.5737], [64.5493,23.5737], [64.5493,23.5737], [54.0607,29.5355], [77.2949,25.6665], [31.3708,51.5068], [17.9273,43.0611], [31.3708,51.5068], [23.2481,52.0046], [23.2481,52.0046], [25.6574,63.8641], [25.6574,63.8641], [21.9117,65.4417], [21.9117,65.4417], [21.9117,65.4417], [26.898,52.3594], [25.6574,63.8641], [25.6574,63.8641], [25.6574,63.8641], [25.6574,63.8641], [10.2108,60.9146], [14.2837,54.2985], [1.33189,62.8293], [10.2108,60.9146], [10.2108,60.9146], [25.6574,63.8641], [26.898,52.3594], [26.898,52.3594], [25.6574,63.8641], [23.2481,52.0046], [21.9117,65.4417], [26.898,52.3594], [26.898,52.3594], [23.2481,52.0046], [26.898,52.3594], [23.2481,52.0046], [26.898,52.3594], [23.2481,52.0046], [7.55631,46.5754], [15.0753,43.4942], [10.9492,47.9952], [10.9492,47.9952], [1.90679,48.3441], [14.2837,54.2985], [26.898,52.3594], [14.2837,54.2985], [26.898,52.3594], [15.0753,43.4942], [14.2837,54.2985], [14.2837,54.2985], [14.2837,54.2985], [26.898,52.3594], [4.27834,68.4272], [21.9117,65.4417], [5.79102,73.6693], [14.2837,54.2985], [10.9492,47.9952], [10.2108,60.9146], [26.898,52.3594], [14.2837,54.2985], [1.33189,62.8293], [23.2481,52.0046], [14.2837,54.2985], [10.9492,47.9952], [10.9492,47.9952], [15.0753,43.4942], [7.55631,46.5754], [17.9273,43.0611], [23.2481,52.0046], [17.9273,43.0611], [10.9492,47.9952], [10.9492,47.9952], [13.2728,36.8605], [17.9273,43.0611], [17.9273,43.0611], [13.2728,36.8605], [1.90679,48.3441], [6.41026,37.1329], [-0.222245,36.831], [6.45886,37.0435], [-0.222245,36.831], [-0.222245,36.831], [10.2233,47.0402], [10.2233,47.0402], [10.2233,47.0402], [10.2233,47.0402], [-0.222245,36.831], [10.2233,47.0402], [10.2233,47.0402], [10.2233,47.0402], [10.2233,47.0402], [10.2233,47.0402], [10.2233,47.0402], [13.7137,39.8647], [10.2233,47.0402], [10.2233,47.0402], [1.50346,53.7114], [10.2233,47.0402], [6.45886,37.0435], [1.50346,53.7114], [10.2233,47.0402], [6.45886,37.0435], [10.2233,47.0402], [1.50346,53.7114], [-7.20945,63.8861], [1.50346,53.7114], [10.2233,47.0402], [-7.20945,63.8861], [-4.65775,65.1242], [1.50346,53.7114], [-4.65775,65.1242], [1.50346,53.7114], [1.50346,53.7114], [1.50346,53.7114], [1.28326,70.9435], [1.50346,53.7114], [1.28326,70.9435], [1.28326,70.9435], [1.28326,70.9435], [-4.65775,65.1242], [1.28326,70.9435], [9.9774,82.948], [-0.570898,81.6522], [1.28326,70.9435], [15.4369,82.045], [9.9774,82.948], [12.7205,76.8238], [3.49339,82.0315], [3.49339,82.0315], [5.13599,90.5762], [5.13599,90.5762], [3.49339,82.0315], [7.86482,83.6371], [3.49339,82.0315], [7.86482,83.6371], [-0.570898,81.6522], [5.13599,90.5762], [1.28326,70.9435], [5.13599,90.5762], [-0.570898,81.6522], [13.989,92.2839], [5.13599,90.5762], [5.13599,90.5762], [3.49339,82.0315], [3.49339,82.0315], [3.49339,82.0315], [-0.570898,81.6522], [7.86482,83.6371], [13.989,92.2839], [13.989,92.2839], [13.989,92.2839], [7.86482,83.6371], [12.7205,76.8238], [5.13599,90.5762], [5.13599,90.5762], [5.13599,90.5762], [5.13599,90.5762], [16.829,91.5541], [5.13599,90.5762], [17.6644,82.4894], [5.13599,90.5762], [13.989,92.2839], [5.13599,90.5762], [5.13599,90.5762], [14.5553,95.951], [5.13599,90.5762], [15.4369,82.045], [5.13599,90.5762], [5.13599,90.5762], [5.13599,90.5762], [5.13599,90.5762], [5.13599,90.5762], [5.13599,90.5762], [11.8138,86.4599], [5.13599,90.5762], [25.1,89.3867], [5.13599,90.5762], [25.3469,104.918], [14.5553,95.951], [35.8816,93.9695], [17.6644,82.4894], [26.6432,99.3251], [18.9818,94.1028], [18.9818,94.1028], [14.9563,99.4899], [25.1,89.3867], [18.9818,94.1028], [26.6432,99.3251], [25.3469,104.918], [35.8816,93.9695], [30.2657,99.986], [30.2657,99.986], [41.4451,97.0202], [30.3398,96.3564], [27.7219,89.3367], [32.1775,85.761], [41.4451,97.0202], [34.8237,87.9946], [34.8237,87.9946], [30.2657,99.986], [30.2657,99.986], [34.8237,87.9946], [30.2657,99.986], [30.2657,99.986], [41.4451,97.0202], [49.1454,105.502], [41.4451,97.0202], [63.3972,99.2173], [63.3972,99.2173], [63.3972,99.2173], [70.3635,91.4567], [63.3972,99.2173], [63.3972,99.2173], [72.4982,96.8434], [41.4451,97.0202], [63.3972,99.2173], [49.1454,105.502], [63.3972,99.2173], [49.1454,105.502], [67.6347,84.2073], [69.6471,81.4481], [66.13,73.3455], [67.6347,84.2073], [69.6471,81.4481], [66.13,73.3455], [63.4877,62.2461], [69.6471,81.4481], [70.3635,91.4567], [70.3635,91.4567], [70.3635,91.4567], [69.6471,81.4481], [63.3972,99.2173], [63.4877,62.2461], [69.6471,81.4481], [89.1669,90.7559], [70.6744,76.1667], [69.6471,81.4481], [69.6471,81.4481], [70.3635,91.4567], [63.3972,99.2173], [67.6347,84.2073], [69.6471,81.4481], [70.3635,91.4567], [76.6154,93.835], [76.6154,93.835], [72.4982,96.8434], [72.4982,96.8434], [63.3972,99.2173], [63.3972,99.2173], [88.1815,102.623], [72.4982,96.8434], [72.4982,96.8434], [88.1815,102.623], [88.1815,102.623], [63.3972,99.2173], [89.1669,90.7559], [72.4982,96.8434], [89.1669,90.7559], [89.1669,90.7559], [89.1669,90.7559], [89.1669,90.7559], [89.1669,90.7559], [63.4877,62.2461], [63.4877,62.2461], [28.7427,87.7347], [35.8816,93.9695], [16.829,91.5541], [26.6432,99.3251], [16.829,91.5541], [16.829,91.5541], [25.3469,104.918], [28.7427,87.7347], [28.7427,87.7347], [35.8816,93.9695], [26.6432,99.3251], [25.1,89.3867], [28.7427,87.7347], [26.6432,99.3251], [28.7427,87.7347], [28.7427,87.7347], [28.7427,87.7347], [35.8816,93.9695], [28.7427,87.7347], [25.1,89.3867], [28.7427,87.7347], [17.6644,82.4894], [26.6432,99.3251], [28.7427,87.7347], [13.989,92.2839], [14.9563,99.4899], [28.7427,87.7347], [17.6644,82.4894], [17.6644,82.4894], [26.6432,99.3251], [17.6644,82.4894], [18.9818,94.1028], [9.9774,82.948], [7.86482,83.6371], [5.13599,90.5762], [7.86482,83.6371], [15.4369,82.045], [13.989,92.2839],