{
  "instance_index": 0,
  "birth_iter": 20,
  "death_iter": 80,
  "survival_iters": 60,
  "censored": false,
  "pre_vnd_cost": 11311.3,
  "post_vnd_cost": 568.552,
  "pre_vnd_coords": [[80,20], [91.179,8.18837], [91.179,8.18837], [91.179,8.18837], [91.179,8.18837], [96.3205,24.6131], [96.3205,24.6131], [86.4559,34.5939], [86.4559,34.5939], [86.4559,34.5939], [76.0527,45.7648], [78.3075,43.9064], [76.0527,45.7648], [65.8025,45.5741], [65.8025,45.5741], [65.8025,45.5741], [76.0527,45.7648], [61.6945,40.9869], [65.8025,45.5741], [84.1082,55.565], [61.6945,40.9869], [63.9952,59.1096], [65.9591,50.7516], [65.8025,45.5741], [65.8025,45.5741], [84.1082,55.565], [63.9952,59.1096], [65.7832,49.9875], [65.9591,50.7516], [65.7832,49.9875], [73.6006,71.6457], [65.242,75.4886], [67.0243,65.8682], [84.1082,55.565], [84.1082,55.565], [84.1082,55.565], [84.1082,55.565], [84.1082,55.565], [84.1082,55.565], [78.3075,43.9064], [84.1082,55.565], [84.1082,55.565], [84.1082,55.565], [84.1082,55.565], [84.1082,55.565], [84.1082,55.565], [84.1082,55.565], [84.1082,55.565], [73.6006,71.6457], [84.1082,55.565], [87.9114,83.9752], [87.9114,83.9752], [87.9114,83.9752], [87.9114,83.9752], [79.3521,94.197], [79.9498,95.1667], [87.9114,83.9752], [87.9114,83.9752], [79.3521,94.197], [79.9498,95.1667], [79.9498,95.1667], [79.9498,95.1667], [87.9114,83.9752], [31.3512,31.6721], [36.9704,41.1609], [38.0263,31.2143], [36.9347,34.9014], [30.6171,18.1406], [19.928,28.4222], [30.6171,18.1406], [19.928,28.4222], [19.928,28.4222], [39.3534,20.0544], [39.3534,20.0544], [15.7383,27.4505], [30.6171,18.1406], [39.3534,20.0544], [46.7686,24.6272], [30.6171,18.1406], [39.3534,20.0544], [40.9249,6.83918], [38.0263,31.2143], [36.9347,34.9014], [19.928,28.4222], [42.489,39.353], [39.3534,20.0544], [39.3534,20.0544], [40.535,31.5653], [36.9347,34.9014], [46.7686,24.6272], [30.6171,18.1406], [40.9249,6.83918], [48.4767,30.4476], [42.489,39.353], [62.0174,15.5967], [46.7686,24.6272], [42.489,39.353], [62.9508,44.4102], [57.1824,30.7818], [46.7686,24.6272], [57.1824,30.7818], [57.9324,38.9017], [42.489,39.353], [42.7582,36.0872], [57.9324,38.9017], [57.1824,30.7818], [61.6945,40.9869], [57.9324,38.9017], [78.3075,43.9064], [61.6945,40.9869], [62.9508,44.4102], [65.7832,49.9875], [61.6945,40.9869], [61.6945,40.9869], [61.6945,40.9869], [61.6945,40.9869], [61.6945,40.9869], [52.8944,56.837], [48.4767,30.4476], [65.8025,45.5741], [44.3299,46.7912], [44.3299,46.7912], [57.9324,38.9017], [44.3299,46.7912], [48.4767,30.4476], [42.489,39.353], [42.489,39.353], [44.3299,46.7912], [52.8944,56.837], [52.8944,56.837], [61.6945,40.9869], [61.6945,40.9869], [52.8944,56.837], [52.8944,56.837], [65.8025,45.5741], [48.4767,30.4476], [38.0009,49.3879], [61.6945,40.9869], [67.0243,65.8682], [61.6945,40.9869], [62.9508,44.4102], [65.7832,49.9875], [52.8944,56.837], [63.9952,59.1096], [63.9952,59.1096], [52.8944,56.837], [61.6945,40.9869], [44.3299,46.7912], [52.8944,56.837], [38.0009,49.3879], [54.6325,65.9708], [52.8944,56.837], [57.9673,70.4257], [52.8944,56.837], [52.8944,56.837], [52.8944,56.837], [52.8944,56.837], [57.9673,70.4257], [50.8226,73.132], [57.9673,70.4257], [54.6325,65.9708], [54.6325,65.9708], [52.8944,56.837], [33.6271,65.4064], [36.4313,58.4255], [42.8734,66.5557], [54.6325,65.9708], [42.8734,66.5557], [38.0009,49.3879], [34.0158,61.7416], [34.0158,61.7416], [47.3156,82.8097], [33.6271,65.4064], [34.0158,61.7416], [34.0158,61.7416], [42.8734,66.5557], [47.3156,82.8097], [42.8734,66.5557], [47.3156,82.8097], [50.8226,73.132], [54.6325,65.9708], [56.8349,80.421], [47.3156,82.8097], [58.1251,79.9131], [50.8226,73.132], [59.6258,81.6339], [56.8349,80.421], [47.3156,82.8097], [59.6258,81.6339], [59.6258,81.6339], [47.3156,82.8097], [57.9673,70.4257], [56.8349,80.421], [47.3156,82.8097], [54.6325,65.9708], [47.3156,82.8097], [54.6325,65.9708], [47.3156,82.8097], [54.6325,65.9708], [47.3156,82.8097], [33.6271,65.4064], [47.3156,82.8097], [33.6271,65.4064], [49.7714,91.8547], [50.8226,73.132], [38.0621,76.1456], [47.3156,82.8097], [34.3217,82.0336], [38.0621,76.1456], [49.7714,91.8547], [49.7714,91.8547], [49.7714,91.8547], [59.6258,81.6339], [42.0599,97.483], [47.3156,82.8097], [62.3911,89.0952], [56.8349,80.421], [49.7714,91.8547], [49.7714,91.8547], [33.3126,79.0083], [51.8999,87.2767], [42.0599,97.483], [49.7714,91.8547], [42.0599,97.483], [38.0621,76.1456], [62.3911,89.0952], [49.7714,91.8547], [49.7714,91.8547], [62.3911,89.0952], [47.3156,82.8097], [42.0599,97.483], [40.8022,89.9987], [31.2007,90.5619], [40.9492,93.6261], [40.8022,89.9987], [43.6923,86.4169], [36.6458,100.454], [36.6458,100.454], [48.618,98.0132], [31.2007,90.5619], [40.9492,93.6261], [40.9492,93.6261], [29.3543,87.0447], [40.7981,91.4211], [38.2381,72.5945], [35.4645,85.8166], [29.3543,87.0447], [24.344,83.5403], [29.3543,87.0447], [40.8022,89.9987], [29.3543,87.0447], [34.5056,74.4544], [27.6875,88.9402], [34.5056,74.4544], [35.4645,85.8166], [38.7212,102.325], [16.2731,83.9537], [38.2381,72.5945], [40.9492,93.6261], [27.6837,76.4465], [27.6837,76.4465], [29.3543,87.0447], [38.2381,72.5945], [20.9342,71.7959], [38.2381,72.5945], [29.6474,72.291], [27.6837,76.4465], [29.6474,72.291], [29.3543,87.0447], [27.6837,76.4465], [43.6923,86.4169], [34.5056,74.4544], [37.4913,59.8106], [33.8243,63.9274], [51.6666,68.1856], [50.1741,57.5957], [50.1741,57.5957], [41.6994,62.337], [41.493,50.2353], [51.6666,68.1856], [28.0291,65.0062], [29.0039,51.0717], [20.6606,57.3772], [29.6474,72.291], [34.648,50.4613], [28.0291,65.0062], [29.6474,72.291], [37.4913,59.8106], [34.648,50.4613], [37.4913,59.8106], [28.0291,65.0062], [20.6606,57.3772], [29.6474,72.291], [37.8058,53.1039], [21.9541,51.9229], [29.6474,72.291], [20.6606,57.3772], [13.3464,63.4785], [28.0291,65.0062], [20.6606,57.3772], [34.5056,74.4544], [20.6606,57.3772], [20.6606,57.3772], [29.0039,51.0717], [37.4913,59.8106], [33.8243,63.9274], [41.6994,62.337], [38.2381,72.5945], [29.6474,72.291], [16.7494,66.4778], [29.6474,72.291], [41.6994,62.337], [37.4913,59.8106], [20.9342,71.7959], [11.3293,58.1482], [34.5056,74.4544], [35.4645,85.8166], [13.3464,63.4785], [28.0291,65.0062], [20.9342,71.7959], [33.8243,63.9274], [20.9342,71.7959], [20.9342,71.7959], [29.6474,72.291], [38.2381,72.5945], [29.3543,87.0447], [38.2381,72.5945], [31.2007,90.5619], [29.3543,87.0447], [35.4645,85.8166], [38.2381,72.5945], [12.7487,74.6942], [29.3543,87.0447], [20.9342,71.7959], [24.344,83.5403], [29.6474,72.291], [12.7487,74.6942], [17.0281,72.3304], [15.4204,80.0457], [29.3543,87.0447], [21.8594,100.354], [34.5056,74.4544], [29.3543,87.0447], [33.8875,89.682], [20.979,89.5023], [15.4204,80.0457], [20.979,89.5023], [31.2007,90.5619], [12.3409,86.8701], [33.8875,89.682], [17.858,84.82], [24.344,83.5403], [28.5061,98.1949], [12.3409,86.8701], [35.4645,85.8166], [29.3543,87.0447], [28.5061,98.1949], [34.5056,74.4544], [40.8022,89.9987], [28.5061,98.1949], [21.8594,100.354], [31.2007,90.5619], [21.8594,100.354], [15.546,86.235], [12.3409,86.8701], [16.2731,83.9537], [20.9342,71.7959], [16.2731,83.9537], [20.9342,71.7959], [15.4204,80.0457], [20.9342,71.7959], [24.344,83.5403], [16.6146,88.363], [16.2731,83.9537], [11.555,80.9331], [20.9342,71.7959], [16.2731,83.9537], [8.83139,96.6708], [0.569216,85.6483], [10.6354,94.6287], [8.18781,87.1662], [8.18781,87.1662], [-2.86746,80.7742], [8.18781,87.1662], [19.3436,96.6791], [-2.86746,80.7742], [8.18781,87.1662], [15.546,86.235], [8.18781,87.1662], [8.18781,87.1662], [13.2838,67.2166], [7.3505,76.6031], [17.5482,82.1026], [10.4566,75.3785], [8.18781,87.1662], [7.3505,76.6031], [7.3505,76.6031], [0.569216,85.6483], [15.546,86.235], [9.78132,69.2317], [2.99139,85.1239], [8.18781,87.1662], [4.7814,59.7127], [9.78132,69.2317], [10.4566,75.3785], [7.3505,76.6031], [14.6528,75.3742], [7.3505,76.6031], [10.4566,75.3785], [9.78132,69.2317], [10.4566,75.3785], [0.569216,85.6483], [11.2732,77.6775], [19.4966,74.4868], [11.2732,77.6775], [14.6528,75.3742], [0.569216,85.6483], 