{
  "instance_index": 0,
  "birth_iter": 4,
  "death_iter": 70,
  "survival_iters": 66,
  "censored": false,
  "pre_vnd_cost": 11352.1,
  "post_vnd_cost": 581.386,
  "pre_vnd_coords": [[80,20], [71.792,8.72078], [84.2657,-1.38493], [84.2657,-1.38493], [96.9945,18.788], [96.9945,18.788], [96.9945,18.788], [96.9945,18.788], [86.4447,39.7503], [86.4447,39.7503], [79.6189,57.1019], [69.6689,34.6199], [71.802,44.4097], [79.6189,57.1019], [86.4447,39.7503], [71.802,44.4097], [71.802,44.4097], [79.6189,57.1019], [59.5407,47.1212], [59.5407,47.1212], [59.5407,47.1212], [71.802,44.4097], [73.3354,69.183], [79.6189,57.1019], [71.802,44.4097], [79.6189,57.1019], [79.6189,57.1019], [74.0888,61.1462], [79.6189,57.1019], [79.6189,57.1019], [79.6189,57.1019], [91.6738,48.9989], [91.6738,48.9989], [79.6189,57.1019], [91.6738,48.9989], [95.9313,75.4237], [95.9313,75.4237], [71.802,44.4097], [79.6189,57.1019], [83.4226,72.3663], [79.6189,57.1019], [83.4226,72.3663], [66.3872,66.675], [83.4226,72.3663], [73.3354,69.183], [54.3272,70.7032], [67.8707,70.6132], [67.8707,70.6132], [67.8707,70.6132], [67.8707,70.6132], [67.8707,70.6132], [67.8707,70.6132], [66.3872,66.675], [57.5254,71.4105], [62.3821,81.2546], [55.368,85.5699], [56.2531,88.2284], [59.0096,65.2358], [50.2618,74.8509], [49.4115,82.3689], [57.5254,71.4105], [55.368,85.5699], [49.4115,82.3689], [46.4635,84.232], [50.2618,74.8509], [59.0096,65.2358], [50.2618,74.8509], [56.2531,88.2284], [49.4115,82.3689], [49.4115,82.3689], [54.3272,70.7032], [55.368,85.5699], [49.4115,82.3689], [46.2119,92.3994], [55.368,85.5699], [56.2531,88.2284], [61.0277,90.132], [44.0912,88.3562], [50.2618,74.8509], [55.368,85.5699], [49.4115,82.3689], [49.4115,82.3689], [61.0277,90.132], [56.2531,88.2284], [71.1265,90.831], [67.2841,89.5819], [66.3872,66.675], [59.0096,65.2358], [71.1265,90.831], [62.3821,81.2546], [67.2841,89.5819], [55.368,85.5699], [57.5254,71.4105], [57.5254,71.4105], [67.8707,70.6132], [67.8707,70.6132], [57.5254,71.4105], [57.5254,71.4105], [76.2575,75.2931], [76.2575,75.2931], [57.8538,60.2557], [64.361,51.3368], [76.5862,66.2197], [76.5862,66.2197], [54.1228,65.0667], [76.5862,66.2197], [54.1228,65.0667], [68.617,63.5406], [57.8538,60.2557], [57.8538,60.2557], [57.8538,60.2557], [47.3368,68.8372], [50.9769,47.8163], [58.5887,41.2928], [57.8538,60.2557], [68.617,63.5406], [57.8538,60.2557], [57.8538,60.2557], [57.8538,60.2557], [57.8538,60.2557], [68.617,63.5406], [40.8467,73.692], [51.3352,78.4219], [68.617,63.5406], [45.2436,80.2318], [40.8467,73.692], [31.4661,64.7697], [51.3352,78.4219], [54.5762,82.8671], [40.8467,73.692], [45.2436,80.2318], [40.8467,73.692], [24.6982,75.9015], [35.5735,79.5889], [41.1493,71.969], [31.4661,64.7697], [31.4661,64.7697], [38.9771,62.945], [31.4661,64.7697], [54.1228,65.0667], [24.4521,61.6765], [47.3368,68.8372], [44.2957,60.5924], [31.4661,64.7697], [40.8467,73.692], [33.5806,55.4075], [31.4661,64.7697], [47.3368,68.8372], [50.9769,47.8163], [47.3368,68.8372], [33.5806,55.4075], [47.3368,68.8372], [31.4661,64.7697], [31.4661,64.7697], [33.5806,55.4075], [33.5806,55.4075], [29.8114,55.6776], [47.3368,68.8372], [47.3368,68.8372], [36.2672,50.8359], [24.4521,61.6765], [38.9771,62.945], [31.4661,64.7697], [33.5806,55.4075], [36.2672,50.8359], [23.8747,72.429], [19.4608,68.9473], [24.4521,61.6765], [18.2697,63.2385], [27.8603,50.5085], [38.9771,62.945], [16.5064,49.8895], [33.5806,55.4075], [16.2878,55.2992], [24.4521,61.6765], [34.4624,70.9878], [24.4521,61.6765], [18.2697,63.2385], [23.8747,72.429], [23.8747,72.429], [3.78774,63.3249], [11.1484,63.4669], [16.5064,49.8895], [7.87098,70.8672], [24.4521,61.6765], [16.5064,49.8895], [3.78774,63.3249], [24.6982,75.9015], [24.4521,61.6765], [16.2878,55.2992], [3.32632,54.4065], [-2.45596,58.2607], [18.2697,63.2385], [18.2697,63.2385], [23.8747,72.429], [24.4521,61.6765], [9.10103,57.2947], [15.3189,72.9422], [18.2697,63.2385], [16.5064,49.8895], [25.9111,72.4043], [7.87098,70.8672], [18.2697,63.2385], [34.4624,70.9878], [34.4624,70.9878], [24.6982,75.9015], [34.4624,70.9878], [24.4521,61.6765], [15.3189,72.9422], [34.4624,70.9878], [18.2697,63.2385], [24.6982,75.9015], [23.8747,72.429], [31.4661,64.7697], [31.4661,64.7697], [19.0554,71.4536], [35.5735,79.5889], [23.8747,72.429], [34.4624,70.9878], [34.4624,70.9878], [19.0554,71.4536], [15.3189,72.9422], [16.4063,84.4275], [17.3266,75.8988], [23.8747,72.429], [31.1621,81.2071], [23.8747,72.429], [19.0554,71.4536], [41.1493,71.969], [16.4063,84.4275], [19.4608,68.9473], [17.3266,75.8988], [10.6822,72.9871], [24.4388,82.0156], [7.87098,70.8672], [15.3189,72.9422], [7.87098,70.8672], [19.4608,68.9473], [8.20483,62.0838], [17.3266,75.8988], [-0.528874,77.6341], [3.32632,54.4065], [16.2878,55.2992], [15.3189,72.9422], [1.79173,66.7169], [10.6822,72.9871], [1.79173,66.7169], [4.73721,80.507], [4.52596,67.3677], [1.79173,66.7169], [1.79173,66.7169], [16.2878,55.2992], [4.73721,80.507], [1.79173,66.7169], [4.73721,80.507], [4.73721,80.507], [9.36757,85.1313], [11.1484,63.4669], [9.36757,85.1313], [15.3189,72.9422], [16.4063,84.4275], [1.79173,66.7169], [19.0554,71.4536], [16.4063,84.4275], [19.0554,71.4536], [18.2697,63.2385], [16.4063,84.4275], [10.6822,72.9871], [23.7135,86.9029], [17.3266,75.8988], [24.4388,82.0156], [15.3189,72.9422], [23.7135,86.9029], [23.7135,86.9029], [16.4063,84.4275], [29.5464,92.1965], [16.4063,84.4275], [35.5735,79.5889], [25.9111,72.4043], [29.5464,92.1965], [31.4009,86.8098], [31.4661,64.7697], [24.6982,75.9015], [24.4388,82.0156], [24.4388,82.0156], [19.0554,71.4536], [31.4661,64.7697], [24.6982,75.9015], [23.7135,86.9029], [23.8747,72.429], [24.6982,75.9015], [31.4661,64.7697], [31.4661,64.7697], [35.5735,79.5889], [31.4661,64.7697], [19.0554,71.4536], [24.4388,82.0156], [41.1493,71.969], [47.3368,68.8372], [31.1621,81.2071], [31.1621,81.2071], [40.8467,73.692], [40.8467,73.692], [51.3352,78.4219], [45.2436,80.2318], [35.5735,79.5889], [34.522,94.483], [25.775,89.6206], [25.775,89.6206], [25.775,89.6206], [19.2773,90.003], [22.6492,83.5356], [38.6511,91.6048], [19.2773,90.003], [19.6781,83.1226], [34.522,94.483], [8.29705,94.2421], [25.775,89.6206], [25.775,89.6206], [19.2773,90.003], [25.2449,103.394], [16.4703,91.9986], [11.4323,86.1236], [11.4323,86.1236], [8.29705,94.2421], [13.3109,82.7095], [16.4703,91.9986], [25.775,89.6206], [25.2449,103.394], [13.3109,82.7095], [22.6492,83.5356], [16.4703,91.9986], [14.5817,77.7925], [-3.12772,81.7475], [11.4323,86.1236], [5.01251,95.2294], [8.46379,85.6719], [-3.12772,81.7475], [8.46379,85.6719], [8.46379,85.6719], [13.3109,82.7095], [8.46379,85.6719], [8.46379,85.6719], [5.01251,95.2294], [8.29705,94.2421], [5.01251,95.2294], [13.3109,82.7095], [5.01251,95.2294], [5.01251,95.2294], [8.46379,85.6719], [14.5817,77.7925], [8.46379,85.6719], [13.3109,82.7095], [5.26955,79.1437], [8.46379,85.6719], [16.4703,91.9986], [14.5817,77.7925], [8.46379,85.6719], [5.26955,79.1437], [11.4323,86.1236], [-3.12772,81.7475], [14.5817,77.7925], [14.5817,77.7925], [19.2773,90.003], [19.6781,83.1226], [13.3109,82.7095], [8.46379,85.6719], [25.775,89.6206], [16.4703,91.9986], [8.46379,85.6719], [19.6781,83.1226], [13.3109,82.7095], [13.3109,82.7095], [5.26955,79.1437], [13.3109,82.7095], [4.37456,63.3342], [8.24248,50.7451], [4.37456,63.3342], [17.985,95.1652], [34.522,94.483], [38.6511,91.6048], [46.4635,84.232], [44.0912,88.3562], [38.6511,91.6048], [38.6511,91.6048], [49.4115,82.3689], [46.2119,92.3994], [45.0771,104.226], [46.4635,84.232], [49.4115,82.3689], [49.4115,82.3689], [46.2119,92.3994], [51.5349,93.624], [44.0912,88.3562], [55.368,85.5699], [46.4635,84.232], [46.2119,92.3994], [46.4635,84.232], [51.5349,93.624], [44.0912,88.3562], [38.6511,91.6048], [49.4115,82.3689], [44.0912,88.3562], [45.0771,104.226], [46.4635,84.232], [52.669,95.5791], [46.4635,84.232], [46.4635,84.232], [34.522,94.483], [38.6511,91.6048], [34.522,94.483], [46.2119,92.3994], [46.4635,84.232], [34.522,94.483], [46.2119,92.3994], [38.6511,91.6048], 