{
  "instance_index": 0,
  "birth_iter": 70,
  "death_iter": 70,
  "survival_iters": 0,
  "censored": false,
  "pre_vnd_cost": 9217.84,
  "post_vnd_cost": 521.611,
  "pre_vnd_coords": [[80,20], [84.8533,18.1356], [86.2684,17.5916], [85.4577,17.9033], [85.8821,17.7401], [86.2684,17.5916], [69.0623,15.7006], [86.2684,17.5916], [69.7691,15.9785], [68.3585,15.4238], [67.6936,15.1623], [74.0582,17.6647], [66.2975,18.1478], [64.9894,20.9452], [63.731,23.6362], [60.7468,37.5155], [59.1981,33.4984], [70.723,16.3536], [59.1733,34.3773], [62.3113,26.6722], [59.6068,35.2419], [40.4195,26.7241], [59.1733,34.3773], [59.1733,34.3773], [59.1733,34.3773], [59.2032,33.3173], [59.1733,34.3773], [62.4727,40.9576], [60.0011,36.0282], [59.1877,33.866], [59.3911,34.8118], [61.5613,39.1399], [59.1733,34.3773], [59.1824,34.0523], [63.8455,43.6956], [59.1733,34.3773], [50.5373,68.3462], [64.785,78.0595], [48.3052,73.232], [48.3052,73.232], [9.75559,88.7429], [8.02687,88.0414], [9.43739,84.8548], [8.02687,88.0414], [13.2278,83.5581], [8.02687,88.0414], [8.02687,88.0414], [62.0612,87.3871], [62.3692,87.3285], [62.1655,87.3673], [62.2692,87.3475], [62.6112,87.2825], [61.9919,87.4003], [64.4103,86.9402], [62.4831,87.3068], [61.8451,87.4282], [63.5175,87.11], [68.0963,86.2389], [73.0022,86.7734], [64.1393,86.9917], [70.5024,70.0245], [70.4986,69.9957], [72.1286,80.9818], [72.1735,80.9893], [71.0139,73.8867], [68.9077,86.0845], [72.0002,80.9604], [70.7012,71.5247], [71.1173,74.6674], [70.7664,72.0174], [70.508,69.8442], [76.3873,63.2572], [70.5515,70.3952], [70.894,72.9806], [72.2189,80.9968], [71.5599,78.0136], [68.5055,86.161], [63.8331,87.05], [72.0881,80.9751], [70.4945,69.9648], [74.6249,81.3974], [85.9989,83.2914], [72.0446,80.9678], [74.5482,87.2568], [85.9989,83.2914], [70.0832,85.8609], [72.8371,81.0998], [69.7215,85.9297], [61.9209,87.4138], [64.9601,45.9186], [59.1929,33.6829], [63.3458,42.6991], [61.1606,38.3408], [48.0491,47.3598], [64.7828,45.5649], [63.5124,43.0313], [64.424,44.8494], [60.4114,36.8466], [59.1772,34.2388], [59.1733,34.3773], [54.9556,53.8408], [52.3404,51.0202], [53.0622,51.7988], [49.1622,48.29], [61.9128,53.8546], [54.2649,53.0959], [62.2082,53.5515], [61.5813,54.1948], [64.4117,51.2906], [57.4714,56.5542], [56.1614,55.1413], [55.8313,54.7853], [45.4302,59.3908], [64.6091,45.2185], [54.6325,53.4923], [63.6827,43.371], [44.9498,59.3504], [52.032,50.6876], [53.4791,52.2483], [52.6814,51.388], [42.0947,30.7146], [62.0364,40.0875], [64.0341,44.0719], [44.71,59.3304], [43.4584,43.5238], [53.8852,52.6864], [42.4007,59.1375], [52.032,50.6876], [40.2858,41.467], [55.4958,54.4235], [34.6335,41.9839], [42.1193,59.114], [37.5641,58.7339], [40.5893,65.9322], [43.9783,59.2693], [36.0487,58.6075], [36.0503,58.6076], [34.8453,58.5065], [37.1717,70.5523], [32.8626,72.5802], [31.6841,59.6756], [43.7304,59.2486], [43.2333,59.207], [32.6181,59.0563], [40.9503,59.0164], [45.2695,59.3773], [37.9266,58.7641], [45.1892,59.3705], [36.0458,58.6072], [35.2421,58.5398], [38.286,58.7941], [39.9892,58.9362], [38.628,58.8226], [39.322,58.8805], [38.9738,58.8515], [35.9893,71.2205], [44.2263,59.29], [37.336,70.3301], [43.4827,59.2279], [39.8544,66.9256], [36.0469,58.6073], [31.438,42.2763], [22.5385,65.7392], [42.4226,63.4543], [36.0465,58.6073], [22.9292,65.4802], [41.3616,64.8882], [27.8272,73.1557], [21.2643,66.584], [36.0482,58.6074], [41.8281,59.0897], [32.188,59.3415], [40.3309,58.9647], [36.8149,58.6714], [21.2006,66.6263], [12.7371,44.786], [37.1905,58.7027], [36.0499,58.6076], [31.7494,42.2478], [32.3345,42.1943], [31.814,42.2419], [44.467,59.3101], [46.8938,46.3944], [40.9266,41.4083], [36.0508,58.6077], [50.3203,49.2578], [36.4359,58.6398], [32.143,42.2118], [40.9266,41.4083], [42.2234,42.4919], [40.7509,41.4244], [56.5696,55.5815], [32.8531,42.1468], [32.8898,37.608], [59.1733,34.3773], [34.2954,42.0149], [45.755,45.4428], [44.6331,44.5054], [38.1937,41.6583], [33.5912,35.4435], [32.2041,42.2062], [35.8345,41.8741], [33.9592,42.0457], [34.1312,42.0299], [33.0505,42.1288], [38.6254,41.6188], [37.0806,41.7601], [33.7918,42.061], [40.595,41.4387], [33.2435,42.1111], [33.9328,34.3896], [39.5098,41.5379], [33.9977,34.1892], [40.9266,41.4083], [34.0296,34.0908], [33.3918,36.0589], [39.039,41.581], [31.943,42.2301], [33.7389,34.9878], [37.6837,41.705], [40.4441,41.4525], [59.1733,34.3773], [59.1733,34.3773], [39.4392,24.3892], [33.869,34.5864], [33.9642,34.2928], [33.6317,35.3184], [33.6142,42.0772], [40.0318,25.8007], [37.6052,20.0206], [37.2402,27.6024], [37.2544,19.1849], [38.233,21.516], [40.6626,27.3033], [41.6871,29.7436], [30.1648,16.0514], [41.3351,28.9052], [35.8624,15.8693], [33.8074,34.7764], [33.1222,15.9569], [31.7091,16.002], [32.2713,42.2001], [36.0895,16.4101], [27.4589,16.1382], [16.7952,16.2538], [38.8982,23.1004], [33.5559,35.5524], [39.2025,28.8605], [36.5944,17.6129], [36.3344,16.9935], [36.9305,18.4134], [33.6702,35.1996], [40.9826,28.0655], [17.4772,16.458], [20.9661,16.346], [33.9018,34.4851], [23.555,16.2633], [34.406,15.9158], [14.0333,15.4265], [33.7067,35.0869], [17.4772,16.458], [12.6841,15.7938], [12.2575,24.2769], [12.3368,22.7], [15.216,15.7808], [12.6981,15.5161], [12.6758,15.9593], [12.5853,17.7574], [12.3923,21.5941], [12.6382,16.7061], [15.9805,16.0098], [12.2967,23.4982], [12.7104,15.2699], [17.4772,16.458], [12.7223,15.0338], [12.5217,19.0211], [12.6058,17.3498], [12.4214,21.0139], [12.1501,26.4131], [12.5027,19.3987], [11.7345,34.6786], [12.3788,21.8635], [12.4024,21.3945], [12.5641,18.1787], [17.4772,16.458], [12.2049,25.323], [12.5438,18.5826], [17.4772,16.458], [12.4122,21.1983], [14.6163,15.6011], [13.4277,15.2451], [12.49,19.6521], [17.4772,16.458], [17.4772,16.458], [22.2993,16.3034], [34.0621,33.9905], [33.253,36.4871], [32.5328,42.1761], [11.8395,32.5897], [11.6274,36.8108], [32.6052,42.1695], [24.7843,16.224], [17.4772,16.458], [35.7348,28.8246], [17.4772,16.458], [33.8377,34.6828], [33.0754,37.0351], [12.6573,45.4768], [32.4576,42.183], [11.5887,37.5813], [11.7988,33.4001], [11.8767,31.8495], [12.3057,41.6713], [11.6845,35.6748], [12.0514,50.7221], [11.8482,39.0638], [12.0372,28.6578], [11.5887,37.5814], [12.0965,27.4786], [11.9748,29.8982], [11.5887,37.5813], [11.7464,38.4825], [12.4267,47.4732], [11.5887,37.5813], [11.6547,36.2667], [11.7581,34.2079], [11.7973,38.7729], [12.1373,49.979], [12.3932,47.7637], [12.0868,50.4161], [11.7083,35.1997], [11.9161,31.0645], [12.5266,46.6081], [12.3423,48.2037], [11.6957,38.1924], [12.1717,49.6807], [11.8246,52.686], [11.5887,37.5813], [11.8386,52.562], [11.8388,52.5605], [12.4434,47.3282], [11.9333,51.7436], [12.4099,47.6186], [12.3252,48.3518], [11.8389,52.56], [12.1202,50.1263], [12.5098,46.7535], [11.8315,52.625], [11.5887,37.5813], [12.154,49.834], [12.4603,47.1821], [11.9027,52.008], [12.2224,49.2416], [12.2562,48.9496], [11.8389,52.5595], [11.1638,58.5523], [12.5444,46.4541], [11.7979,52.9205], [12.3762,47.9102], [12.2908,48.6494], [12.5616,46.3055], [12.3595,48.0554], [11.3139,57.2212], [11.8109,52.8066], [21.5903,66.3678], [11.992,51.2358], [9.97269,69.1098], [11.8387,52.561], [11.8384,52.5641], [11.8385,52.5631], [11.839,52.559], [11.8044,52.8634], [11.5467,55.1546], [10.0958,68.0207], [11.8175,52.7485], [10.9523,60.4324], [11.8699,52.2919], [10.6697,62.9384], [12.5953,46.0136], [12.239,49.0983], [9.56065,72.7547], [10.8013,61.7715], [9.40671,74.1147], [11.8386,52.5626], [19.4986,67.7549], [20.0177,67.4107], [19.0463,68.0548], [9.7575,71.0138], [17.3796,69.1598], [11.8384,52.5636], [34.0388,58.4388], [12.4932,46.897], [32.3915,42.1891], [22.8165,65.5549], [20.1903,67.2962], [12.308,48.5005], [12.2059,49.3851], [12.6157,45.837], [12.022,50.9762], [12.6364,45.6579], [12.4767,47.0403], [11.643,37.8916], [12.5787,46.1574], [12.6778,45.2998], [33.1255,58.7199], [33.4251,42.0945], [32.0088,42.2241], [31.8767,42.2361], [31.4991,42.2707], [34.9849,41.9518], [12.069,50.5701], [33.7715,34.8872], [32.0766,42.2179], [35.3912,41.9146], [31.6876,42.2535], [31.6208,42.2596], [31.3765,