{
  "instance_index": 0,
  "birth_iter": 23,
  "death_iter": 30,
  "survival_iters": 7,
  "censored": false,
  "pre_vnd_cost": 10423.9,
  "post_vnd_cost": 555.433,
  "pre_vnd_coords": [[80,20], [76.2431,7.87702], [76.2431,7.87702], [89.7925,7.76479], [89.7925,7.76479], [104.865,25.1314], [89.7925,7.76479], [104.865,25.1314], [68.9325,43.5718], [78.1608,35.1242], [91.1273,44.8516], [104.865,25.1314], [78.1608,35.1242], [75.5916,56.8959], [91.1273,44.8516], [91.1273,44.8516], [91.1273,44.8516], [68.9325,43.5718], [75.5916,56.8959], [78.1608,35.1242], [93.3946,66.8242], [68.9325,43.5718], [77.6253,52.4578], [82.434,58.3136], [82.434,58.3136], [77.6253,52.4578], [77.6253,52.4578], [77.6253,52.4578], [68.9325,43.5718], [79.3643,46.0408], [68.9325,43.5718], [75.5916,56.8959], [75.5916,56.8959], [75.5916,56.8959], [91.1273,44.8516], [65.6929,52.4219], [82.434,58.3136], [65.6929,52.4219], [77.6253,52.4578], [75.5916,56.8959], [93.3946,66.8242], [93.3946,66.8242], [75.5916,56.8959], [75.5916,56.8959], [75.5916,56.8959], [79.3643,46.0408], [82.434,58.3136], [74.1737,69.1736], [93.3946,66.8242], [93.3946,66.8242], [93.3946,66.8242], [77.8903,76.915], [93.3946,66.8242], [93.3946,66.8242], [89.1669,90.7559], [89.1669,90.7559], [89.1669,90.7559], [88.1815,102.623], [89.1669,90.7559], [88.1815,102.623], [76.6154,93.835], [89.1669,90.7559], [63.3972,99.2173], [89.1669,90.7559], [72.4982,96.8434], [69.6471,81.4481], [69.6471,81.4481], [77.8903,76.915], [63.3972,99.2173], [72.4982,96.8434], [88.1815,102.623], [70.3635,91.4567], [70.3635,91.4567], [72.4982,96.8434], [72.4982,96.8434], [72.4982,96.8434], [63.3972,99.2173], [63.3972,99.2173], [63.3972,99.2173], [70.3635,91.4567], [63.3972,99.2173], [63.3972,99.2173], [63.3972,99.2173], [63.3972,99.2173], [76.6154,93.835], [70.3635,91.4567], [69.6471,81.4481], [69.6471,81.4481], [77.8903,76.915], [69.6471,81.4481], [63.4877,62.2461], [74.1737,69.1736], [77.8903,76.915], [89.1669,90.7559], [70.6744,76.1667], [67.6347,84.2073], [74.1737,69.1736], [63.4877,62.2461], [69.6471,81.4481], [69.6471,81.4481], [63.4877,62.2461], [72.4982,96.8434], [63.3972,99.2173], [67.6347,84.2073], [67.6347,84.2073], [66.13,73.3455], [70.3635,91.4567], [63.3972,99.2173], [70.3635,91.4567], [49.1454,105.502], [49.1454,105.502], [49.1454,105.502], [49.1454,105.502], [49.1454,105.502], [63.3972,99.2173], [41.4451,97.0202], [41.4451,97.0202], [30.2657,99.986], [41.4451,97.0202], [41.4451,97.0202], [41.4451,97.0202], [41.4451,97.0202], [41.4451,97.0202], [41.4451,97.0202], [34.8237,87.9946], [30.2657,99.986], [30.2657,99.986], [30.2657,99.986], [30.2657,99.986], [27.7219,89.3367], [27.7219,89.3367], [30.3398,96.3564], [30.2657,99.986], [27.7219,89.3367], [27.7219,89.3367], [27.7219,89.3367], [27.7219,89.3367], [27.7219,89.3367], [30.3398,96.3564], [34.8237,87.9946], [30.2657,99.986], [24.1963,85.9506], [32.1775,85.761], [34.8237,87.9946], [27.7219,89.3367], [24.1963,85.9506], [32.1775,85.761], [41.4451,97.0202], [34.8237,87.9946], [17.2862,83.2057], [27.7219,89.3367], [32.1775,85.761], [34.8237,87.9946], [32.1775,85.761], [24.1963,85.9506], [24.1963,85.9506], [24.1963,85.9506], [32.1775,85.761], [51.2174,55.2849], [51.2174,55.2849], [5.79102,73.6693], [10.9255,76.4797], [17.2862,83.2057], [24.1963,85.9506], [24.1963,85.9506], [24.1963,85.9506], [18.0298,88.1093], [18.0298,88.1093], [24.1963,85.9506], [10.9255,76.4797], [14.4436,81.3352], [17.2862,83.2057], [10.9255,76.4797], [5.79102,73.6693], [18.4568,96.0621], [32.1775,85.761], [32.1775,85.761], [18.0298,88.1093], [18.0298,88.1093], [18.0298,88.1093], [18.0298,88.1093], [18.4568,96.0621], [17.2862,83.2057], [18.0298,88.1093], [34.8237,87.9946], [30.2657,99.986], [34.8237,87.9946], [32.1775,85.761], [34.8237,87.9946], [34.8237,87.9946], [34.8237,87.9946], [24.1963,85.9506], [18.4568,96.0621], [24.1963,85.9506], [24.1963,85.9506], [18.4568,96.0621], [30.2657,99.986], [30.2657,99.986], [18.4568,96.0621], [18.4568,96.0621], [18.4568,96.0621], [18.4568,96.0621], [9.62277,91.819], [18.4568,96.0621], [18.4568,96.0621], [18.4568,96.0621], [18.4568,96.0621], [30.2657,99.986], [18.4568,96.0621], [30.3398,96.3564], [18.4568,96.0621], [18.4568,96.0621], [18.4568,96.0621], [18.4568,96.0621], [18.4568,96.0621], [18.4568,96.0621], [18.4568,96.0621], [9.03873,86.2278], [12.7121,92.6947], [12.7121,92.6947], [9.62277,91.819], [62.6676,71.9611], [67.088,67.6586], [67.088,67.6586], [62.6676,71.9611], [62.6676,71.9611], [62.6676,71.9611], [62.6676,71.9611], [55.8765,60.5342], [53.7071,56.1388], [54.958,57.4209], [67.088,67.6586], [62.6676,71.9611], [63.0308,65.0805], [67.088,67.6586], [67.088,67.6586], [67.088,67.6586], [54.717,27.2443], [62.4047,45.6217], [61.124,39.8863], [61.124,39.8863], [62.4047,45.6217], [59.0089,27.6907], [61.124,39.8863], [61.124,39.8863], [59.0089,27.6907], [61.124,39.8863], [55.8765,60.5342], [62.4047,45.6217], [61.124,39.8863], [61.124,39.8863], [61.124,39.8863], [61.124,39.8863], [59.9081,34.4426], [61.124,39.8863], [55.8765,60.5342], [53.7071,56.1388], [61.124,39.8863], [54.958,57.4209], [53.7071,56.1388], [59.0089,27.6907], [59.9081,34.4426], [59.9081,34.4426], [62.4047,45.6217], [62.6676,71.9611], [53.7071,56.1388], [53.7071,56.1388], [51.9103,54.7294], [59.9081,34.4426], [59.9081,34.4426], [59.9081,34.4426], [59.9081,34.4426], [59.0089,27.6907], [54.717,27.2443], [54.717,27.2443], [54.717,27.2443], [59.0089,27.6907], [59.0089,27.6907], [59.0089,27.6907], [59.9081,34.4426], [59.0089,27.6907], [59.0089,27.6907], [54.717,27.2443], [54.717,27.2443], [54.717,27.2443], [60.251,15.6351], [66.13,73.3455], [59.4554,74.2919], [64.111,86.6849], [56.0445,70.7839], [62.3186,69.3063], [49.4132,60.0939], [51.732,64.603], [49.8147,72.6256], [39.9123,89.9968], [50.3414,74.5881], [40.7551,77.9619], [62.3186,69.3063], [53.7967,83.9991], [60.8786,64.192], [59.4554,74.2919], [53.7967,83.9991], [51.732,64.603], [49.8147,72.6256], [50.3414,74.5881], [59.4554,74.2919], [40.331,86.3715], [50.3414,74.5881], [41.9131,67.8942], [50.3414,74.5881], [41.4451,97.0202], [40.331,86.3715], [45.9213,92.8766], [50.3414,74.5881], [50.3414,74.5881], [44.8051,61.9936], [50.3414,74.5881], [28.7265,80.2802], [51.2174,55.2849], [44.8051,61.9936], [59.4554,74.2919], [50.3414,74.5881], [50.3414,74.5881], [41.9131,67.8942], [40.7551,77.9619], [40.0666,67.2984], [51.732,64.603], [40.7551,77.9619], [49.8147,72.6256], [56.0445,70.7839], [40.7551,77.9619], [56.0445,70.7839], [51.732,64.603], [44.8051,61.9936], [49.8147,72.6256], [51.732,64.603], [38.1052,66.5244], [51.732,64.603], [53.2383,43.6979], [63.4877,62.2461], [37.9405,59.4533], [40.0666,67.2984], [41.9131,67.8942], [40.4265,49.2436], [38.1052,66.5244], [51.732,64.603], [51.2174,55.2849], [53.2383,43.6979], [40.4265,49.2436], [49.4132,60.0939], [26.5348,46.354], [23.2481,52.0046], [25.6574,63.8641], [35.2066,52.6176], [34.0902,74.9011], [25.6574,63.8641], [51.2174,55.2849], [37.9405,59.4533], [26.898,52.3594], [25.9184,43.7161], [33.6586,50.1978], [26.898,52.3594], [33.6586,50.1978], [29.6201,36.2157], [28.3117,66.6215], [14.4886,67.0374], [35.2066,52.6176], [26.898,52.3594], [35.2066,52.6176], [26.898,52.3594], [21.4798,60.4127], [23.2481,52.0046], [26.898,52.3594], [26.898,52.3594], [31.9069,58.6317], [26.5348,46.354], [44.8051,61.9936], [14.4886,67.0374], [26.898,52.3594], [25.6574,63.8641], [23.2481,52.0046], [14.4886,67.0374], [28.3117,66.6215], [10.9492,47.9952], [21.4798,60.4127], [14.4886,67.0374], [21.4798,60.4127], [26.898,52.3594], [26.898,52.3594], [23.2481,52.0046], [33.6586,50.1978], [26.5348,46.354], [31.9069,58.6317], [31.3708,51.5068], [10.9492,47.9952], [26.5348,46.354], [29.6201,36.2157], [29.6201,36.2157], [29.6201,36.2157], [31.3708,51.5068], [26.5348,46.354], [26.5348,46.354], [26.5348,46.354], [24.8369,33.9475], [24.8369,33.9475], [24.8369,33.9475], [22.243,31.7323], [35.8058,30.0453], [32.8434,31.1389], [21.3084,21.7579], [29.6201,36.2157], [27.9351,29.7907], [36.362,37.7753], [26.5348,46.354], [25.9184,43.7161], [45.6371,30.2313], [26.5348,46.354], 