{
  "instance_index": 0,
  "birth_iter": 247,
  "death_iter": 250,
  "survival_iters": 3,
  "censored": true,
  "pre_vnd_cost": 8209.83,
  "post_vnd_cost": 444.439,
  "pre_vnd_coords": [[80,20], [66.7484,15.4942], [67.294,15.6798], [68.9236,16.234], [67.8174,15.8578], [68.3754,16.0476], [73.8351,17.9042], [69.4618,16.4171], [70.0031,16.6012], [58.2686,26.6198], [58.3716,35.2909], [58.3846,27.5584], [57.9284,36.1894], [53.5174,48.1822], [58.7227,30.2909], [57.214,37.6377], [58.8348,31.1972], [58.4994,28.4863], [53.4783,47.5774], [56.8479,38.38], [53.5636,48.8963], [58.4584,35.115], [57.7464,36.5584], [58.5553,35.0736], [58.6115,29.3923], [58.1999,35.6389], [58.2884,35.4596], [55.3759,41.3642], [53.4665,47.3943], [57.0294,38.0119], [70.6042,16.8056], [71.3742,17.0675], [58.9456,32.0926], [56.6529,38.7753], [56.1283,39.8388], [55.9901,40.119], [73.2175,52.9755], [53.5336,48.4313], [57.5704,36.9152], [57.3961,37.2685], [59.0564,32.9887], [59.1617,33.8394], [53.8937,53.9965], [55.7306,40.6451], [53.5041,47.9762], [55.6135,40.8825], [53.3653,45.8305], [39.4152,23.6329], [39.4152,23.6329], [53.0049,86.8017], [55.492,87.0271], [55.1458,87.3255], [52.2157,87.3284], [55.7953,86.7657], [54.7752,87.645], [53.1979,86.6728], [54.7752,87.645], [56.0728,86.5266], [47.2973,88.7809], [54.7752,87.645], [54.7752,87.645], [50.4224,88.526], [54.7752,87.645], [54.7752,87.645], [54.7752,87.645], [50.3926,88.5459], [10.4926,77.7188], [10.0337,80.1466], [10.8115,76.0324], [18.0833,65.5338], [19.1415,64.8623], [8.80253,86.6647], [8.839,86.4718], [9.1607,84.7698], [8.63111,87.571], [8.62201,87.6191], [11.615,71.7801], [8.70949,87.1566], [8.76584,86.8587], [8.6886,87.267], [8.87549,86.2787], [8.64139,87.5166], [9.07977,85.1979], [8.78415,86.7619], [8.77494,86.8106], [8.99863,85.6272], [8.74709,86.9578], [12.4617,28.9999], [33.4592,36.2154], [33.5648,35.8429], [33.5576,35.8684], [13.8452,14.567], [12.431,29.8383], [13.0826,16.9667], [12.5023,27.8929], [12.6736,23.2252], [14.0119,23.3337], [13.4365,23.5329], [11.6933,24.1362], [18.951,14.9725], [13.6797,14.5538], [15.9492,14.7342], [12.8288,19.0083], [32.0548,45.4461], [31.5701,47.0897], [32.9968,15.8864], [32.5104,43.901], [15.756,22.7299], [34.5689,36.9206], [36.3701,30.8128], [35.841,32.6069], [35.5914,33.4533], [36.0622,31.8568], [33.9684,38.9572], [33.4832,40.6024], [33.0764,41.982], [32.7455,43.1041], [33.2335,41.4493], [33.129,41.8035], [32.978,42.3155], [30.6087,50.3499], [53.3429,45.4844], [34.1169,38.4534], [32.6006,43.5953], [30.2595,55.921], [35.3345,34.3245], [33.3453,41.07], [33.0252,42.1554], [33.8141,39.4802], [11.1011,51.0629], [30.0061,56.6103], [34.3231,37.7542], [33.4068,40.8616], [30.6013,50.5025], [19.1415,64.8623], [31.8229,46.2327], [34.2377,38.0438], [34.1682,38.2795], [31.0837,48.7392], [29.1839,58.8469], [11.0406,49.0807], [30.6087,50.3499], [32.929,42.4818], [12.8794,37.8863], [37.2382,63.2849], [53.4557,47.2278], [33.2873,41.2668], [29.9486,56.7667], [31.9512,60.4338], [44.3685,66.6326], [54.2673,59.7689], [54.1048,57.2584], [54.123,57.539], [41.1759,64.4636], [29.892,56.9207], [43.2001,65.8388], [38.6023,62.7152], [53.4641,67.9321], [30.1171,56.3084], [42.2453,65.1901], [37.6589,62.2202], [30.0366,56.5275], [30.2899,55.8385], [34.2502,61.7521], [31.6438,60.2575], [11.1542,61.8897], [37.6227,62.3119], [30.1726,56.1576], [29.2533,58.6581], [33.1308,61.1102], [34.8901,62.1191], [30.3494,55.6764], [29.9764,56.6911], [37.2234,63.3225], [35.2794,62.3424], [37.4548,62.7369], [30.5098,59.6072], [37.7043,62.1052], [29.5197,59.0394], [11.2926,57.3451], [29.8225,57.1098], [29.9192,56.8468], [30.0906,56.3806], [31.1003,59.9458], [35.8831,62.6886], [30.6087,50.3499], [31.3658,60.0981], [29.1839,58.8469], [19.1415,64.8623], [30.319,55.7593], [21.4382,78.6259], [29.2173,58.7559], [29.5685,57.8007], [19.0386,64.9276], [18.3594,65.3586], [37.4211,62.8221], [22.1861,79.7514], [30.1971,56.0907], [33.5319,61.3403], [35.4732,62.4535], [11.2688,56.5637], [20.9895,78.9624], [40.1712,63.7811], [37.523,62.564], [14.134,64.033], [29.631,57.6306], [30.2269,56.0097], [37.289,87.5829], [37.2086,63.3599], [28.0435,85.5922], [37.18,63.4323], [18.8367,65.0557], [29.6941,57.459], [32.1881,60.5696], [34.0382,61.6306], [46.2347,67.9005], [37.3195,63.0793], [36.4054,62.9881], [37.5545,62.4845], [32.9306,60.9954], [35.092,62.2349], [34.4687,61.8774], [30.8294,59.7905], [34.6799,61.9986], [38.6673,87.7566], [32.4538,60.722], [33.78,61.4825], [37.3866,62.9093], [37.3538,62.9925], [37.5887,62.3978], [37.4888,62.6507], [29.4524,58.1164], [30.1683,59.4114], [29.0447,85.8078], [36.8445,63.2399], [44.6342,86.3042], [29.5089,57.9629], [32.71,60.8689], [29.7542,57.2955], [33.3249,61.2216], [39.4197,63.2705], [28.1555,85.6163], [37.2869,63.1617], [27.1095,85.3911], [38.6694,87.8415], [37.2519,63.2503], [53.8038,52.6061], [38.1087,87.7593], [37.1943,63.3962], [53.7727,87.5277], [38.6726,87.9689], [36.37,87.385], [38.6779,87.7725], [47.2244,86.8552], [53.166,68.1069], [54.1019,67.5579], [54.5467,67.2971], [54.3469,67.4143], [51.8422,68.8835], [50.1916,69.8517], [53.8535,53.3748], [51.3712,69.1598], [52.8996,68.2632], [54.2602,67.4651], [52.2706,68.6322], [54.4302,67.3654], [54.2896,67.4478], [52.6869,68.388], [54.4605,67.3476], [50.5679,87.5664], [54.7471,67.1795], [54.8159,88.0461], [52.6065,87.0676], [54.9331,87.9678], [54.8624,88.015], [54.9581,87.951], [54.9111,87.9825], [54.6753,87.9885], [54.767,88.0788], [50.4074,88.536], [50.4375,88.5159], [49.8834,70.0325], [54.3027,87.4012], [52.4636,68.519], [54.6932,67.2111], [54.4022,67.3818], [52.0624,68.7543], [54.2064,67.4966], [54.178,67.5133], [54.5178,67.314], [53.8382,53.1382], [64.955,81.2714], [54.3176,67.4314], [54.1986,58.7075], [54.1536,67.5276], [62.2911,83.0514], [54.1421,57.8351], [54.234,59.2551], [53.9571,54.9753], [54.2326,67.4813], [54.0495,67.5887], [54.7204,67.1952], [54.6366,67.2443], [54.4899,67.3303], [78.3846,64.4633], [73.2019,53.1379], [73.2307,52.8375], [76.5022,51.6478], [76.826,61.0582], [54.6643,67.2281], [54.1294,67.5418], [50.9201,69.4244], [62.6691,82.7988], [81.1623,70.5329], [80.2702,68.5836], [64.955,81.2714], [82.2371,72.8815], [77.1011,61.6592], [79.4811,66.8593], [53.9953,55.5667], [54.5781,67.2786], [54.6085,67.2608], [53.8212,52.8758], [53.55,48.6853], [54.0693,56.7091], [53.9357,54.6454], [53.8663,53.5725], [54.0746,67.574], [54.2504,59.5088], [54.2154,58.9674], [53.3992,46.3554], [30.0632,56.455], [53.683,50.7394], [53.4335,46.8855], [54.087,56.9837], [54.0134,55.8452], [53.4907,47.769], [53.3882,46.1857], [53.7227,51.353], [53.4107,46.5324], [53.4219,46.7061], [53.3545,45.6649], [32.5563,43.7456], [54.1789,58.4043], [53.7629,51.9747], [55.4922,41.1285], [56.464,39.1582], [53.8769,53.7363], [53.4448,47.0597], [35.145,34.9672], [34.0732,38.6015], [53.3765,46.0044], [55.8474,40.4083], [56.2669,39.5579], [54.285,60.0426], [56.3402,86.2961], [69.0644,52.3213], [62.8412,80.6895], [63.4063,80.8192], [62.8412,80.6895], [53.3924,86.5431], [62.8412,80.6895], [54.7752,87.645], [14.3052,64.5091], [12.0944,57.3587], [12.5524,58.8574], [15.9723,60.2227], [15.3601,60.1347], [33.4927,36.0973], [16.3692,60.2797], [33.4788,36.1463], [33.507,36.047], [33.5287,35.9703], [33.4529,36.2379], [33.5359,35.9448], [33.5141,36.0217], [33.4857,36.122], [33.4657,36.1927], [33.5431,35.9192], [33.5213,35.9962], [34.4143,34.0701], [33.4998,36.0724], [37.4429,27.7494], [33.4467,36.2597], [33.5504,35.8937], [36.7472,29.2013], [33.4722,36.1698], [39.4152,23.6329], [38.1388,26.297], [36.0328,30.6924], [34.8751,15.4771], [39.4152,23.6329], [39.4152,23.6329], [23.1991,15.3095], [34.8324,15.2551], [39.4152,23.6329], [34.8466,15.3287], [37.6562,20.5221], [38.7891,24.9397], [34.8876,15.5422], [38.5421,22.0888], [36.2701,18.0702], [34.8036,15.1054], [34.9,15.6065], [36.9592,19.289], [34.818,15.18], [34.9116,15.6671], [22.9934,15.2931], [23.3989,15.3255], [23.2663,15.3149], [35.5752,16.841], [39.4152,23.6329], [23.6662,15.3468], [35.2442,32.3383], [23.0627,15.2986], [23.1314,15.3041], [39.4152,