{
  "instance_index": 0,
  "birth_iter": 14,
  "death_iter": 40,
  "survival_iters": 26,
  "censored": false,
  "pre_vnd_cost": 9326.94,
  "post_vnd_cost": 555.202,
  "pre_vnd_coords": [[80,20], [91.179,8.18837], [62.0174,15.5967], [62.0174,15.5967], [62.0174,15.5967], [62.0174,15.5967], [62.0174,15.5967], [62.0174,15.5967], [62.0174,15.5967], [62.0174,15.5967], [62.0174,15.5967], [57.1824,30.7818], [57.1824,30.7818], [62.0174,15.5967], [57.9324,38.9017], [57.1824,30.7818], [51.241,25.8286], [64.6865,48.6818], [51.241,25.8286], [65.1278,48.3268], [51.241,25.8286], [66.6842,48.5296], [55.8646,47.9465], [52.5792,45.8984], [63.6823,48.1384], [61.586,48.8162], [59.0538,48.926], [64.7918,48.283], [65.8944,48.4267], [63.6621,50.8956], [51.241,25.8286], [51.241,25.8286], [53.5799,46.9781], [63.9952,59.1096], [62.9508,44.4102], [65.7832,49.9875], [84.1082,55.565], [65.8025,45.5741], [65.8025,45.5741], [62.9508,44.4102], [78.3075,43.9064], [65.8025,45.5741], [76.0527,45.7648], [65.8025,45.5741], [62.9508,44.4102], [65.8025,45.5741], [63.9952,59.1096], [63.9952,59.1096], [63.9952,59.1096], [65.7832,49.9875], [63.9952,59.1096], [67.0243,65.8682], [63.9952,59.1096], [65.7832,49.9875], [63.9952,59.1096], [65.9591,50.7516], [43.9801,20.582], [21.2405,38.9938], [19.3062,64.5236], [18.6907,64.4103], [19.1283,64.4909], [19.2002,64.5041], [18.8695,64.4433], [18.7977,64.43], [17.5514,64.2004], [18.8323,64.4364], [18.7621,64.4235], [16.7444,64.0517], [18.9094,64.4506], [19.3062,64.5236], [18.5666,65.4725], [17.9243,64.2691], [14.3216,70.919], [16.3427,63.9778], [12.3591,73.7804], [15.8959,63.8954], [19.3062,64.5236], [12.1438,74.2347], [15.454,63.814], [18.9762,64.4629], [20.9624,76.4974], [10.4321,77.8463], [11.2579,76.104], [17.0002,67.4821], [17.8249,66.424], [14.5949,63.6557], [12.6725,73.1191], [12.4658,73.5552], [13.5772,71.8741], [12.2565,73.9969], [11.7928,74.9754], [11.038,76.5681], [11.1425,76.3475], [12.7741,72.9047], [10.5217,77.6575], [19.3062,64.5236], [20.9624,76.4974], [11.5803,75.4238], [14.6697,70.4723], [11.4748,75.6463], [10.3237,78.0751], [11.9092,74.7296], [15.0704,69.9582], [15.8813,68.9176], [15.468,69.448], [19.3062,64.5236], [13.321,72.2029], [13.958,71.3856], [17.1813,64.1323], [18.9431,64.4568], [10.706,77.2686], [11.3688,75.87], [16.311,68.3663], [12.5632,73.3497], [10.9076,76.8431], [10.6157,77.459], [13.0317,72.5741], [11.6815,75.2101], [10.7921,77.0868], [17.1398,79.0155], [12.0216,74.4924], [8.18781,87.1662], [14.6528,75.3742], [7.3505,76.6031], [0.569216,85.6483], [14.6528,75.3742], [8.18781,87.1662], [7.3505,76.6031], [11.2732,77.6775], [8.18781,87.1662], [7.3505,76.6031], [15.546,86.235], [14.6528,75.3742], [0.569216,85.6483], [8.18781,87.1662], [0.569216,85.6483], [10.4566,75.3785], [15.546,86.235], [15.546,86.235], [8.18781,87.1662], [8.18781,87.1662], [2.99139,85.1239], [14.6528,75.3742], [8.18781,87.1662], [10.4566,75.3785], [11.2732,77.6775], [0.569216,85.6483], [0.569216,85.6483], [-2.86746,80.7742], [7.3505,76.6031], [-0.584849,64.5446], [22.2229,87.8399], [15.546,86.235], [8.18781,87.1662], [22.7251,87.8888], [0.569216,85.6483], [10.6354,94.6287], [2.99139,85.1239], [8.18781,87.1662], [22.2229,87.8399], [8.18781,87.1662], [15.546,86.235], [19.4966,74.4868], [10.6354,94.6287], [2.99139,85.1239], [8.18781,87.1662], [19.3436,96.6791], [19.3436,96.6791], [22.2229,87.8399], [8.18781,87.1662], [8.18781,87.1662], [8.18781,87.1662], [22.2229,87.8399], [8.18781,87.1662], [8.18781,87.1662], [8.18781,87.1662], [15.546,86.235], [10.6354,94.6287], [11.2732,77.6775], [10.6354,94.6287], [10.6354,94.6287], [22.2229,87.8399], [10.6354,94.6287], [8.18781,87.1662], [-2.86746,80.7742], [10.6354,94.6287], [0.569216,85.6483], [8.18781,87.1662], [0.569216,85.6483], [10.6354,94.6287], [22.7251,87.8888], [10.6354,94.6287], [10.6354,94.6287], [8.18781,87.1662], [10.6354,94.6287], [8.18781,87.1662], [8.18781,87.1662], [0.569216,85.6483], [8.18781,87.1662], [8.18781,87.1662], [10.6354,94.6287], [8.18781,87.1662], [10.6354,94.6287], [22.7251,87.8888], [22.7251,87.8888], [22.2229,87.8399], [19.3436,96.6791], [29.2233,94.2052], [10.6354,94.6287], [10.6354,94.6287], [22.2916,94.8446], [10.6354,94.6287], [28.033,80.0602], [22.2229,87.8399], [34.0517,87.4761], [29.2233,94.2052], [42.0599,97.483], [22.2229,87.8399], [19.3436,96.6791], [19.3436,96.6791], [19.3436,96.6791], [15.546,86.235], [15.546,86.235], [19.3436,96.6791], [19.3436,96.6791], [19.3436,96.6791], [22.7251,87.8888], [29.2233,94.2052], [19.3436,96.6791], [26.2835,96.5346], [19.3436,96.6791], [22.2229,87.8399], [29.2233,94.2052], [19.3436,96.6791], [21.1069,100.876], [19.3436,96.6791], [15.546,86.235], [22.7251,87.8888], [22.2916,94.8446], [29.2233,94.2052], [22.2916,94.8446], [29.2233,94.2052], [17.5482,82.1026], [22.2229,87.8399], [15.546,86.235], [22.2916,94.8446], [17.5482,82.1026], [19.3436,96.6791], [19.3436,96.6791], [23.1651,76.0878], [22.2229,87.8399], [26.2835,96.5346], [19.3436,96.6791], [17.5482,82.1026], [34.0517,87.4761], [17.5482,82.1026], [22.7251,87.8888], [17.5482,82.1026], [30.2515,76.0326], [30.2515,76.0326], [11.2732,77.6775], [34.0517,87.4761], [8.18781,87.1662], [23.9278,78.0533], [39.2554,90.1826], [43.5922,89.4784], [43.3761,89.5135], [39.4231,90.1554], [44.0344,89.4066], [39.2478,89.9828], [39.2192,89.2303], [39.23,89.5134], [34.2293,81.2686], [41.8284,89.7648], [40.4734,89.9848], [39.2087,88.9553], [42.5342,89.6502], [41.51,89.8165], [43.8229,89.4409], [39.1915,88.5028], [50.5862,88.3427], [39.1382,87.1022], [39.957,90.0687], [42.1605,89.7109], [42.9596,89.5811], [45.0624,89.2396], [49.6096,88.5012], [44.696,89.2991], [45.4223,89.1812], [43.1654,89.5477], [41.1829,89.8696], [39.1755,88.0829], [45.8455,89.1125], [24.2913,78.244], [49.308,88.5502], [39.1582,87.6291], [42.3214,89.6847], [36.0874,71.3813], [24.6384,78.4261], [41.9982,89.7372], [36.6263,83.8566], [39.5998,90.1267], [39.1274,86.8204], [31.718,79.7294], [40.6458,89.9568], [47.0357,76.4684], [37.0723,84.3381], [32.0701,79.7814], [37.1597,66.8732], [26.4759,78.9563], [21.7963,79.7408], [37.4359,65.7122], [20.9624,76.4974], [52.165,88.0791], [32.9757,79.9149], [49.0927,78.4858], [44.6423,60.3517], [36.0125,71.6959], [34.8253,70.9118], [47.1445,88.9015], [36.2004,70.9062], [36.1921,83.3878], [34.3551,70.6012], [38.2226,85.5801], [32.4199,79.8329], [44.5036,57.4293], [50.2238,67.0492], [38.4235,61.5602], [49.0037,66.1962], [44.4552,56.4109], [44.6934,61.4275], [36.7299,68.6801], [39.6907,56.2327], [53.5799,46.9781], [36.9082,67.9304], [44.5243,57.8667], [44.7298,62.1934], [38.0009,49.3879], [34.0158,61.7416], [50.8226,73.132], [36.4313,58.4255], [52.8944,56.837], [54.6325,65.9708], [34.0158,61.7416], [38.0009,49.3879], [36.0191,47.6943], [36.4313,58.4255], [44.3299,46.7912], [38.0009,49.3879], [52.8944,56.837], [36.4313,58.4255], [54.6325,65.9708], [52.8944,56.837], [52.8944,56.837], [52.8944,56.837], [44.3299,46.7912], [37.9699,39.3803], [42.489,39.353], [33.8461,38.3837], [52.8944,56.837], [36.0191,47.6943], [36.0191,47.6943], [36.4313,58.4255], [27.6347,39.0457], [33.6271,65.4064], [34.0158,61.7416], [36.4313,58.4255], [23.3023,50.5135], [34.0158,61.7416], [38.0009,49.3879], [27.0763,68.7322], [39.1733,61.7866], [36.4313,58.4255], [39.1733,61.7866], [33.6271,65.4064], [34.0158,61.7416], [47.3156,82.8097], [33.6271,65.4064], [34.0158,61.7416], [34.0158,61.7416], [17.0344,67.4801], [33.6271,65.4064], [34.0158,61.7416], [33.6271,65.4064], [30.2515,76.0326], [27.0763,68.7322], [23.1651,76.0878], [22.2229,87.8399], [28.033,80.0602], [17.5482,82.1026], [30.2515,76.0326], [17.7673,73.2298], [17.0344,67.4801], [34.0158,61.7416], [23.3023,50.5135], [34.0158,61.7416], [34.0158,61.7416], [38.0009,49.3879], [15.3149,61.3133], [23.3023,50.5135], [36.4313,58.4255], [36.0191,47.6943], [17.0344,67.4801], [21.2405,38.9938], [21.6757,50.1439], [23.7531,45.814], [23.7531,45.814], [21.6757,50.1439], [33.8461,38.3837], [37.9699,39.3803], [36.0191,47.6943], [27.0763,68.7322], [21.6757,50.1439], [23.7531,45.814], [36.4313,58.4255], 