{
  "instance_index": 0,
  "birth_iter": 63,
  "death_iter": 70,
  "survival_iters": 7,
  "censored": false,
  "pre_vnd_cost": 9637.17,
  "post_vnd_cost": 640.743,
  "pre_vnd_coords": [[80,20], [84.9128,16.103], [82.9246,34.7563], [84.9128,16.103], [84.9128,16.103], [84.9128,16.103], [82.9246,34.7563], [72.9387,45.1889], [77.5863,38.4879], [65.5667,40.6896], [82.9246,34.7563], [82.9246,34.7563], [77.5863,38.4879], [72.9387,45.1889], [66.143,51.4372], [71.5995,50.8449], [65.5667,40.6896], [65.7807,47.1093], [77.5863,38.4879], [72.9387,45.1889], [56.57,63.5046], [65.5667,40.6896], [71.5995,50.8449], [72.9387,45.1889], [65.5667,40.6896], [62.0934,15.2653], [62.0934,15.2653], [64.4243,34.0619], [64.4243,34.0619], [64.4243,34.0619], [55.3873,23.8277], [65.5667,40.6896], [55.3873,23.8277], [55.3873,23.8277], [47.316,42.4678], [44.2861,20.1382], [65.5667,40.6896], [65.5667,40.6896], [55.3873,23.8277], [46.5358,43.2805], [55.3873,23.8277], [64.4243,34.0619], [65.5667,40.6896], [65.5667,40.6896], [64.4243,34.0619], [60.6864,62.9051], [65.7807,47.1093], [66.143,51.4372], [72.9387,45.1889], [65.5667,40.6896], [65.5667,40.6896], [65.5667,40.6896], [65.5667,40.6896], [65.5667,40.6896], [47.9022,48.2451], [47.316,42.4678], [43.3841,45.222], [43.3841,45.222], [47.9022,48.2451], [65.7807,47.1093], [65.7026,44.7648], [47.316,42.4678], [38.7314,88.5898], [38.7314,88.5898], [38.7314,88.5898], [39.9914,90.8372], [38.7314,88.5898], [38.7314,88.5898], [39.9914,90.8372], [39.9914,90.8372], [31.5154,67.9368], [37.0196,57.4005], [26.3318,66.4068], [24.8589,64.5398], [22.7592,61.909], [23.3095,61.8037], [17.0319,80.4931], [19.1412,78.9101], [19.6835,78.503], [13.0618,83.4727], [11.7161,75.3516], [13.0618,83.4727], [13.114,76.8783], [13.0618,83.4727], [16.9223,77.9765], [13.0618,83.4727], [11.4795,75.0932], [17.5902,62.8983], [16.69,63.0706], [13.0618,83.4727], [13.0618,83.4727], [12.4714,76.1764], [13.3854,77.1748], [15.3425,77.6752], [12.8971,76.6415], [13.5267,77.329], [10.5546,83.953], [18.0755,79.7099], [13.0618,83.4727], [15.0383,81.9893], [13.0618,83.4727], [14.0005,82.7683], [8.95251,84.2599], [15.8817,77.778], [8.29807,84.1065], [8.7454,84.2996], [13.0618,83.4727], [15.4471,81.6826], [15.0717,77.6236], [13.0618,83.4727], [16.491,80.8991], [8.79681,84.2898], [13.0618,83.4727], [8.493,84.3479], [8.39496,84.3667], [9.00616,84.2497], [8.54094,84.3388], [10.1504,89.6101], [26.7441,54.6108], [13.1562,32.145], [23.3095,61.8037], [29.4228,41.4598], [26.7441,54.6108], [32.4344,55.8511], [26.7441,54.6108], [32.4344,55.8511], [22.1165,32.8875], [26.7441,54.6108], [10.0466,34.5419], [11.7475,43.9018], [10.0466,34.5419], [11.7475,43.9018], [12.2343,31.4421], [11.5979,34.0515], [11.5984,33.979], [11.595,34.4536], [12.5182,15.1748], [11.543,41.8029], [28.7359,40.3709], [14.2107,31.0018], [11.5839,36.0258], [11.5994,33.8327], [11.9606,33.4411], [21.5723,62.1362], [28.6228,40.1918], [11.5445,41.5918], [28.2975,52.2837], [11.4958,48.4511], [11.5604,39.3476], [11.5513,40.6285], [11.528,43.9065], [12.209,33.1719], [11.5989,33.9112], [11.5553,40.0688], [11.5027,47.4791], [11.5125,46.1033], [11.5533,40.3447], [11.5339,43.0806], [11.4938,48.7279], [11.71,33.7128], [12.3407,33.0291], [11.5902,35.1312], [11.5051,47.1343], [11.4916,49.0433], [11.5459,41.3854], [11.8299,33.5829], [12.6312,52.5627], [11.5359,42.7937], [11.5476,41.1553], [11.5682,38.2356], [28.8655,40.5765], [19.3242,62.5664], [11.6413,51.4451], [11.5573,39.7858], [11.5298,43.6534], [11.5331,51.3046], [11.4893,49.3688], [12.486,64.3078], [11.5493,40.9065], [27.9342,39.1003], [11.8031,51.6553], [11.7514,51.5882], [11.6952,51.5151], [11.5004,47.8101], [11.5072,46.8415], [11.8562,51.7243], [11.521,44.9056], [10.0106,70.6281], [11.4761,51.2306], [12.2983,52.2617], [12.4633,52.4109], [10.4897,69.4048], [14.2238,63.5426], [12.3024,64.7766], [10.0106,70.6281], [11.7381,66.2173], [15.3312,63.3306], [25.8328,66.2595], [12.2662,75.9523], [13.0148,52.9095], [10.6243,72.6762], [11.5636,38.8892], [12.7077,63.8327], [11.5899,51.3784], [14.5253,77.5194], [10.0106,70.6281], [11.5098,46.483], [12.1319,65.2121], [10.0106,70.6281], [12.2051,52.1775], [11.8934,75.5452], [14.8008,77.5719], [14.9707,63.3996], [11.3827,67.1248], [11.0009,68.0997], [18.611,62.7029], [16.9872,63.0137], [16.1424,77.8277], [6.69308,79.7956], [10.8102,68.5865], [12.6885,63.8364], [13.0618,83.4727], [10.1613,71.1312], [13.0618,83.4727], [11.1961,67.6014], [10.3263,71.6817], [10.0106,70.6281], [7.44292,81.8096], [12.6662,76.3892], [7.16399,81.0604], [13.1615,63.7459], [6.67102,79.7364], [12.6692,63.8401], [10.0106,70.6281], [16.627,77.9202], [10.3288,69.8157], [11.9278,65.7329], [12.6692,63.8401], [10.6363,69.0305], [10.0106,70.6281], [12.5662,64.103], [6.66177,79.7115], [10.1716,70.217], [13.6728,77.3569], [14.5146,82.3824], [11.2848,74.8806], [13.0618,83.4727], [8.10699,83.5933], [10.0106,70.6281], [12.0816,75.7508], [6.6844,79.7723], [7.92589,83.1069], [13.8061,77.3823], [11.5509,66.6954], [6.68869,79.7838], [7.54273,82.0777], [14.2713,77.471], [7.35264,81.5671], [13.0618,83.4727], [7.25702,81.3103], [13.0618,83.4727], [13.5267,77.329], [13.0618,83.4727], [10.4886,72.2236], [8.64671,84.3185], [13.0618,83.4727], [6.98947,80.5917], [8.44448,84.3572], [10.0106,70.6281], [6.89294,80.3324], [14.0432,77.4275], [11.0731,74.1741], [6.68041,79.7616], [9.63296,89.2439], [15.9663,81.2929], [6.66665,79.7246], [13.0618,83.4727], [12.1237,83.6524], [7.07676,80.8261], [13.5093,83.1369], [9.63296,89.2439], [8.0197,83.3588], [7.64442,82.3508], [8.89895,84.2702], [9.63296,89.2439], [13.0618,83.4727], [11.3102,83.8083], [8.59546,84.3283], [7.83369,82.8592], [8.84542,84.2804], [13.0618,83.4727], [8.69528,84.3092], [21.9078,89.8548], [9.81734,84.0943], [9.63296,89.2439], [9.58313,89.084], [7.73938,82.6059], [24.3749,71.9528], [19.9822,82.4959], [14.8877,92.0785], [10.1504,89.6101], [14.8877,92.0785], [10.1504,89.6101], [10.1504,89.6101], [10.1504,89.6101], [18.7686,92.5985], [14.8877,92.0785], [10.1504,89.6101], [10.1504,89.6101], [18.7686,92.5985], [20.3078,75.1296], [10.1504,89.6101], [10.2544,89.8371], [10.2544,89.8371], [10.2544,89.8371], [10.1504,89.6101], [29.8903,86.3579], [21.9714,89.4042], [18.7686,92.5985], [21.9714,89.4042], [18.7686,92.5985], [14.8877,92.0785], [18.7686,92.5985], [18.7686,92.5985], [18.7686,92.5985], [14.8877,92.0785], [29.8903,86.3579], [18.7686,92.5985], [29.8903,86.3579], [21.9714,89.4042], [30.5292,70.9839], [29.8903,86.3579], [30.5292,70.9839], [18.7686,92.5985], [18.7686,92.5985], [39.9914,90.8372], [39.9914,90.8372], [18.7686,92.5985], [18.7686,92.5985], [21.9714,89.4042], [18.7686,92.5985], [18.7686,92.5985], [18.7686,92.5985], [18.7686,92.5985], [14.8877,92.0785], [29.8903,86.3579], [39.9914,90.8372], [29.8903,86.3579], [33.2603,85.4574], [39.9914,90.8372], [18.7686,92.5985], [29.8903,86.3579], [24.3749,71.9528], [21.9714,89.4042], [28.9568,83.1544], [18.7686,92.5985], [18.7686,92.5985], [18.7686,92.5985], [29.8903,86.3579], [18.7686,92.5985], [21.9714,89.4042], [21.9714,89.4042], [19.9822,82.4959], [18.7686,92.5985], [29.8903,86.3579], [23.5958,68.9828], [29.6294,85.4626], [27.0459,74.9504], [29.8903,86.3579], [21.9714,89.4042], [39.9914,90.8372], [34.8977,78.5173], [38.7314,88.5898], [29.8903,86.3579], [29.8903,86.3579], [18.7686,92.5985], [34.8977,78.5173], [49.4494,80.591], [24.3749,71.9528], [27.0459,74.9504], [30.5292,70.9839], [21.9714,89.4042], [30.5292,70.9839], [29.8903,86.3579], [34.8977,78.5173], [27.0459,74.9504], [34.8977,78.5173], [34.8977,78.5173], [35.4459,73.1083], [48.409,71.8022], [48.409,71.8022], [30.5292,70.9839], [34.8977,78.5173], [34.8977,78.5173], [21.9714,89.4042], [33.2603,85.4574], [44.8764,88.771], [44.8764,88.771], [29.8903,86.3579], [50.3139,88.5733], [48.409,71.8022], [48.409,71.8022], [34.8977,78.5173], [39.9914,90.8372], [38.7314,88.5898], [38.7314,88.5898], [39.9914,90.8372], [38.7314,88.5898], [38.7314,88.5898], [28.9568,83.1544], [38.7314,88.5898], [14.8877,92.0785], [39.9914,90.8372], [28.9568,83.1544], [38.7314,