{
  "instance_index": 0,
  "birth_iter": 75,
  "death_iter": 130,
  "survival_iters": 55,
  "censored": false,
  "pre_vnd_cost": 8695.24,
  "post_vnd_cost": 494.502,
  "pre_vnd_coords": [[80,20], [62.3087,15.993], [62.3987,15.9855], [62.3534,15.9893], [66.0179,16.8109], [73.9676,18.624], [59.2576,38.321], [50.4176,25.031], [62.3838,15.9867], [62.338,15.9906], [55.64,32.7363], [56.9103,34.6119], [62.3686,15.988], [50.0989,24.5604], [69.4318,17.5894], [62.323,15.9918], [48.6584,22.4341], [45.7938,17.3665], [46.0436,17.3457], [45.3693,17.4019], [46.3064,17.3238], [45.2549,17.4114], [29.0082,28.1262], [29.5364,29.2914], [51.538,26.6852], [45.5783,17.3844], [47.2328,17.2465], [26.2361,22.0118], [46.5983,17.2994], [28.392,26.7669], [30.1712,30.6922], [30.6266,31.6972], [25.6637,20.7491], [24.1614,20.1233], [45.2549,17.4114], [31.9553,36.7171], [13.5393,15.6983], [26.9593,23.607], [16.6786,17.006], [46.9039,17.274], [27.6797,25.1958], [13.1831,22.7681], [12.7182,23.2229], [19.8573,18.3305], [18.7864,17.8843], [31.0948,39.8492], [30.1462,30.6369], [30.3917,31.1789], [30.8877,32.2733], [30.0943,30.5224], [31.4093,33.4244], [30.0683,30.4648], [31.6617,33.9815], [30.1197,30.5785], [12.403,19.4298], [12.4282,15.235], [8.85223,27.0059], [13.8156,15.8135], [20.8559,18.7466], [12.5846,15.3002], [12.9071,15.4347], [17.5518,17.3699], [12.403,19.4298], [14.0624,15.9164], [10.0027,33.1464], [10.7768,34.1574], [8.85223,27.0059], [12.4144,17.5272], [12.7408,15.3654], [12.4256,15.6763], [10.0027,33.1464], [13.3865,15.6346], [12.4201,16.5904], [13.9533,15.8709], [8.85223,27.0059], [13.6892,15.7608], [8.85223,27.0059], [10.0027,33.1464], [13.0876,15.5099], [12.4087,18.4785], [10.0027,33.1464], [13.2473,15.5765], [10.6725,33.745], [10.6629,33.7364], [10.0027,33.1464], [12.7391,20.8683], [10.312,33.4228], [10.2038,33.3261], [8.85223,27.0059], [10.9081,46.0291], [10.0027,33.1464], [10.0027,33.1464], [12.9943,21.9601], [10.3006,47.1212], [10.1014,33.2346], [10.3006,47.1212], [10.6725,33.745], [8.85223,27.0059], [10.9902,45.8814], [12.4466,43.2632], [12.3523,43.4328], [10.3006,47.1212], [8.85223,27.0059], [30.5067,38.3808], [10.4209,33.5201], [11.4143,36.6826], [8.85223,27.0059], [12.403,19.4298], [10.6387,46.5133], [14.6324,53.5262], [14.6709,53.5235], [11.4217,45.1059], [30.5068,38.3808], [10.6725,33.745], [10.6681,33.741], [11.7401,44.5333], [10.6584,33.7324], [30.7527,38.9952], [10.0027,33.1464], [10.0027,33.1464], [10.5393,33.626], [10.1899,57.4469], [12.5408,43.0939], [13.5809,54.649], [10.1924,57.2118], [20.8625,53.0808], [11.3357,45.2603], [10.4695,46.8176], [10.1824,58.1446], [18.2273,53.2692], [11.2515,45.4117], [11.0739,45.731], [12.6367,42.9215], [24.7162,53.5781], [12.6216,55.8049], [15.0502,53.4963], [10.8173,46.1924], [11.6307,44.7301], [17.1342,53.3474], [15.0128,53.499], [10.1773,58.6214], [14.547,53.5323], [10.2483,52.0033], [12.7281,42.7572], [10.7226,46.3626], [10.2726,49.7362], [11.1635,45.5699], [10.5571,46.6601], [14.5892,53.5293], [10.9481,57.8213], [14.3485,53.7241], [14.9279,53.5051], [10.1885,57.576], [10.3762,46.9853], [10.3006,47.1212], [11.4521,57.214], [32.6624,43.7622], [11.9944,56.5606], [14.5052,53.5353], [14.7121,53.5205], [10.1937,57.0983], [14.0394,54.0965], [11.9456,44.1639], [12.0532,43.9705], [13.8854,54.2821], [14.7988,53.5143], [10.1786,58.5015], [10.1835,58.0423], [23.8443,52.8677], [10.1798,58.392], [28.5634,58.2101], [25.3362,54.5589], [22.9726,68.0494], [28.4217,58.1956], [25.7336,55.1876], [10.1911,57.3339], [14.19,53.9151], [33.5661,46.0171], [14.7575,53.5173], [11.8429,44.3485], [32.4102,66.1634], [19.4577,69.9889], [19.2751,69.4424], [13.461,71.3154], [25.051,67.6341], [27.3802,57.7924], [27.4787,57.9483], [19.3095,69.5454], [30.6375,66.5177], [25.718,67.5008], [11.5233,44.9232], [10.1811,58.2709], [9.90058,70.7432], [9.90059,70.7432], [9.90059,70.7432], [10.0564,71.1353], [10.0926,71.2266], [9.90058,70.7432], [28.0315,53.7464], [27.7469,53.8661], [35.2305,40.1826], [34.4403,38.9229], [40.5843,37.136], [45.0573,37.0848], [38.4812,49.3518], [34.0823,37.5121], [39.0034,37.2274], [36.7529,37.3577], [34.0823,37.5121], [38.2631,37.2703], [38.2811,45.0464], [29.2304,53.2424], [29.6496,53.0662], [29.4383,53.155], [34.0823,37.5121], [41.5981,37.0772], [34.0823,37.5121], [34.0823,37.5121], [34.0823,37.5121], [39.7892,37.182], [42.6412,37.0167], [34.0823,37.5121], [34.0823,37.5121], [34.0823,37.5121], [34.0823,37.5121], [37.2716,43.4369], [34.0823,37.5121], [36.0062,37.4009], [34.0824,37.5121], [34.0823,37.5121], [29.0249,53.3288], [35.2803,37.4429], [34.0824,37.5121], [34.0824,37.5121], [34.4681,37.4898], [37.8961,49.5978], [29.7843,53.0096], [29.0955,53.2991], [29.5788,53.096], [29.5113,53.1243], [29.1632,53.2707], [29.3636,53.1864], [34.0823,37.5121], [34.0823,37.5121], [39.2513,46.5933], [36.543,50.1667], [36.8815,50.0244], [37.2222,49.8811], [37.5642,49.7373], [39.2513,46.5933], [48.0596,37.1696], [54.4611,48.9046], [46.7772,37.1333], [36.278,41.8526], [38.7373,49.2442], [39.2513,46.5933], [39.2513,46.5933], [51.6248,37.2705], [59.6743,43.957], [47.2049,37.1454], [49.1463,37.2004], [39.2513,46.5933], [37.5132,37.3136], [54.6215,38.0583], [54.4243,37.8281], [43.8663,37.0512], [53.0373,37.4591], [47.6407,37.1578], [55.0807,50.2372], [39.2513,46.5933], [58.4695,42.5506], [36.0863,50.3587], [52.3362,37.3655], [59.2044,43.4084], [57.8166,56.122], [52.6946,37.4133], [61.153,45.6832], [57.0587,47.575], [58.4642,57.5147], [56.6843,53.6866], [57.7515,41.7124], [60.0095,46.0647], [50.474,37.238], [49.8419,37.2201], [53.9513,37.581], [51.0552,37.2544], [51.9809,37.3181], [54.8691,38.3474], [61.1033,45.6821], [53.6624,37.5425], [60.8686,45.6768], [60.7721,45.6746], [61.0135,45.6801], [54.2463,37.6203], [61.0572,45.681], [53.3737,37.504], [58.8223,42.9624], [60.8211,45.6757], [34.0823,37.5121], [51.6248,37.2705], [55.6375,39.2444], [51.6248,37.2705], [46.3472,37.1211], [55.1227,38.6435], [59.6141,46.2669], [55.8311,51.8514], [58.1886,42.2226], [58.8209,58.2818], [61.1024,63.1885], [58.9217,58.4984], [59.0209,58.7119], [40.4279,89.8045], [34.5642,87.3393], [38.1019,89.7985], [39.1864,89.8013], [37.9616,89.7982], [40.1911,89.4205], [38.3729,89.7992], [40.081,89.242], [39.5518,89.8022], [34.5642,87.3393], [34.5642,87.3393], [39.0115,89.8009], [40.2209,89.804], [39.8866,88.9268], [37.5789,89.7972], [34.7242,89.79], [40.4279,89.8045], [38.8191,89.8004], [40.4279,89.8045], [39.3696,89.8018], [40.4279,89.8045], [40.004,89.8034], [35.1515,89.7911], [38.5977,89.7998], [38.2365,89.7989], [33.1287,89.7859], [26.507,89.7688], [40.4279,89.8045], [37.7046,89.7975], [38.3802,86.4837], [37.9627,85.8068], [37.551,85.1392], [36.4304,89.7943], [34.1062,89.7884], [35.8024,89.7927], [36.0075,89.7932], [36.6256,89.7948], [35.3505,81.9831], [21.7671,89.7568], [35.377,89.7916], [33.769,89.7876], [39.4433,88.2078], [36.8224,89.7953], [37.455,89.7969], [29.5319,89.7767], [35.6549,82.4071], [29.5853,71.6543], [37.8341,89.7979], [34.5642,87.3393], [32.1882,71.7675], [42.6076,80.9621], [26.4947,88.6351], [34.5642,87.3393], [40.3221,80.7856], [44.1434,81.0807], [26.4947,88.6351], [21.4876,89.3831], [34.5642,87.3393], [30.4943,75.1551], [21.4875,89.3832], [21.4875,89.3832], [21.4874,89.3832], [30.9841,87.9143], [21.4876,89.3832], [21.4875,89.3832], [11.9559,89.5835], [20.4865,89.5117], [17.273,83.3435], [22.4164,89.2444], [20.991,89.4469], [27.5705,88.4624], [22.8437,89.1805], [21.4874,89.3832], [11.4758,90.1471], [17.9159,89.841], [18.833,89.7236], [21.4874,89.3832], [26.4948,88.6351], [20.2303,89.5446], [21.4875,89.3832], [20.7397,89.4792], [21.2396,89.415], [26.0542,88.7009], [25.1162,88.8411], [21.4876,89.3831], [21.4875,89.3832], [21.4875,89.3832], [21.4874,89.3832], [34.5642,87.3393], [34.5642,87.3393], [21.4876,89.3831], [19.7,89.6126], [24.6293,88.9138], [19.9711,89.5778], [21.4874,89.3832], [14.9315,86.0914], [23.7288,89.0483], [11.0925,90.5969], [15.7986,82.434], [17.0533,89.9514], [34.5642,87.3393], [14.3266,86.8013], [17.1573,83.4793], [16.7972,83.9019], [16.0681,