{
  "instance_index": 0,
  "birth_iter": 28,
  "death_iter": 30,
  "survival_iters": 2,
  "censored": false,
  "pre_vnd_cost": 9585.38,
  "post_vnd_cost": 698.165,
  "pre_vnd_coords": [[80,20], [86.121,17.4524], [86.121,17.4524], [86.121,17.4524], [86.121,17.4524], [86.5446,38.2351], [86.121,17.4524], [86.5446,38.2351], [86.5446,38.2351], [86.5446,38.2351], [86.5446,38.2351], [82.1665,49.8775], [82.1665,49.8775], [82.1665,49.8775], [86.2718,50.357], [82.1665,49.8775], [82.1665,49.8775], [83.6091,50.2408], [82.1665,49.8775], [82.1665,49.8775], [86.2718,50.357], [82.1665,49.8775], [82.1665,49.8775], [82.1665,49.8775], [83.6091,50.2408], [82.1665,49.8775], [82.1665,49.8775], [82.1665,49.8775], [86.2718,50.357], [82.1665,49.8775], [83.6091,50.2408], [82.1665,49.8775], [82.1665,49.8775], [34.4664,50.5885], [82.1665,49.8775], [12.442,35.9052], [12.2568,51.056], [10.4426,35.1437], [15.658,55.5502], [10.4426,35.1437], [10.4426,35.1437], [13.1079,46.8942], [16.6171,38.4833], [15.3233,55.8246], [12.2568,51.056], [10.4426,35.1437], [5.65771,59.9018], [17.2951,31.4783], [19.3465,52.6835], [12.2568,51.056], [12.2568,51.056], [9.55861,30.0978], [12.2568,51.056], [15.658,55.5502], [9.55861,30.0978], [9.55861,30.0978], [10.4426,35.1437], [9.55861,30.0978], [15.658,55.5502], [12.2568,51.056], [16.6171,38.4833], [19.3465,52.6835], [13.1079,46.8942], [13.1079,46.8942], [12.2568,51.056], [19.3465,52.6835], [10.4426,35.1437], [13.1079,46.8942], [12.2568,51.056], [12.2568,51.056], [15.3233,55.8246], [19.3465,52.6835], [18.123,48.2518], [12.2568,51.056], [15.658,55.5502], [5.65771,59.9018], [17.2951,31.4783], [12.2568,51.056], [12.2568,51.056], [12.2568,51.056], [15.658,55.5502], [12.2568,51.056], [12.2568,51.056], [16.6171,38.4833], [12.2568,51.056], [27.5084,52.6335], [3.56126,56.7501], [3.56126,56.7501], [3.56126,56.7501], [3.56126,56.7501], [13.8282,59.2001], [12.9848,63.3591], [3.56126,56.7501], [-0.584849,64.5446], [-0.584849,64.5446], [3.56126,56.7501], [13.8282,59.2001], [12.3591,73.7804], [12.3591,73.7804], [24.5482,56.2139], [13.8282,59.2001], [13.8282,59.2001], [3.56126,56.7501], [13.8282,59.2001], [3.56126,56.7501], [10.5369,69.4861], [7.3505,76.6031], [10.5369,69.4861], [13.8282,59.2001], [12.3591,73.7804], [12.3591,73.7804], [10.5369,69.4861], [3.56126,56.7501], [13.8282,59.2001], [3.56126,56.7501], [10.5369,69.4861], [3.56126,56.7501], [3.56126,56.7501], [3.56126,56.7501], [12.3591,73.7804], [10.5369,69.4861], [12.3591,73.7804], [10.5369,69.4861], [3.56126,56.7501], [3.56126,56.7501], [7.3505,76.6031], [19.0919,64.4842], [13.8282,59.2001], [12.3591,73.7804], [14.7828,78.7908], [19.0919,64.4842], [13.8282,59.2001], [3.56126,56.7501], [3.56126,56.7501], [12.9848,63.3591], [13.8282,59.2001], [9.96794,78.8258], [9.69531,88.2829], [10.3826,88.8877], [9.69531,88.2829], [9.69531,88.2829], [10.7806,76.6785], [10.7806,76.6785], [10.7806,76.6785], [10.7806,76.6785], [9.69531,88.2829], [10.7806,76.6785], [10.8012,81.7391], [10.4814,90.0764], [12.1552,89.6192], [9.69531,88.2829], [10.4814,90.0764], [9.69531,88.2829], [10.7806,76.6785], [10.8012,81.7391], [9.69531,88.2829], [10.7806,76.6785], [16.836,84.0316], [13.8655,70.206], [12.3591,73.7804], [10.8153,73.6496], [10.8153,73.6496], [10.8153,73.6496], [10.8153,73.6496], [13.8655,70.206], [10.8153,73.6496], [10.8153,73.6496], [10.7806,76.6785], [10.7806,76.6785], [10.8153,73.6496], [10.4814,90.0764], [10.4814,90.0764], [9.69531,88.2829], [10.4814,90.0764], [9.69531,88.2829], [10.7806,76.6785], [12.1552,89.6192], [10.4814,90.0764], [9.69531,88.2829], [9.69531,88.2829], [9.69531,88.2829], [10.3826,88.8877], [9.69531,88.2829], [9.69531,88.2829], [9.69531,88.2829], [12.1552,89.6192], [10.3826,88.8877], [9.69531,88.2829], [12.1552,89.6192], [10.4814,90.0764], [10.4814,90.0764], [10.4814,90.0764], [10.4814,90.0764], [10.4814,90.0764], [10.4814,90.0764], [16.9232,85.2155], [10.4814,90.0764], [10.4814,90.0764], [9.69531,88.2829], [9.69531,88.2829], [12.1552,89.6192], [9.69531,88.2829], [12.1552,89.6192], [10.4814,90.0764], [9.96794,78.8258], [9.96794,78.8258], [6.53875,79.7643], [7.3505,76.6031], [6.53875,79.7643], [6.53875,79.7643], [12.3591,73.7804], [6.53875,79.7643], [7.3505,76.6031], [7.3505,76.6031], [7.3505,76.6031], [12.3591,73.7804], [12.3591,73.7804], [7.3505,76.6031], [12.3591,73.7804], [6.53875,79.7643], [12.3591,73.7804], [7.3505,76.6031], [7.3505,76.6031], [7.3505,76.6031], [7.3505,76.6031], [7.3505,76.6031], [12.3591,73.7804], [13.8282,59.2001], [7.3505,76.6031], [7.3505,76.6031], [7.3505,76.6031], [6.53875,79.7643], [7.3505,76.6031], [12.9848,63.3591], [7.3505,76.6031], [6.53875,79.7643], [6.53875,79.7643], [10.5369,69.4861], [18.123,48.2518], [13.8655,70.206], [17.344,68.4198], [19.3465,52.6835], [13.8655,70.206], [13.8655,70.206], [19.3465,52.6835], [17.344,68.4198], [11.0992,69.2945], [19.3465,52.6835], [34.4664,50.5885], [18.123,48.2518], [18.123,48.2518], [17.2951,31.4783], [28.9981,26.0521], [34.6274,39.3866], [16.6171,38.4833], [17.2951,31.4783], [16.6171,38.4833], [17.7749,18.5592], [17.7749,18.5592], [17.2951,31.4783], [11.9726,19.6119], [9.07385,21.0932], [10.6901,18.6801], [11.9726,19.6119], [11.9726,19.6119], [9.55861,30.0978], [10.4426,35.1437], [9.55861,30.0978], [10.4426,35.1437], [11.9726,19.6119], [9.07385,21.0932], [11.9726,19.6119], [10.6901,18.6801], [11.4815,17.4193], [11.9726,19.6119], [11.9726,19.6119], [10.7216,16.1756], [11.4815,17.4193], [11.4815,17.4193], [11.9726,19.6119], [10.6901,18.6801], [17.7749,18.5592], [11.9726,19.6119], [11.4815,17.4193], [10.6901,18.6801], [10.6901,18.6801], [10.7216,16.1756], [10.6901,18.6801], [10.6901,18.6801], [10.6901,18.6801], [10.7216,16.1756], [10.6901,18.6801], [28.9981,26.0521], [29.8794,33.8671], [28.9981,26.0521], [10.6901,18.6801], [28.9981,26.0521], [11.9726,19.6119], [29.3137,38.3339], [11.9726,19.6119], [28.9981,26.0521], [28.9981,26.0521], [17.7749,18.5592], [40.2473,17.5855], [37.1464,18.4735], [11.9726,19.6119], [28.9981,26.0521], [28.9981,26.0521], [40.2473,17.5855], [40.2473,17.5855], [37.1464,18.4735], [37.1464,18.4735], [37.1464,18.4735], [28.9981,26.0521], [40.2473,17.5855], [40.2473,17.5855], [40.2473,17.5855], [40.2473,17.5855], [28.9981,26.0521], [17.7749,18.5592], [28.9981,26.0521], [28.9981,26.0521], [40.2473,17.5855], [40.9605,23.2781], [28.9981,26.0521], [40.2473,17.5855], [28.9981,26.0521], [28.9981,26.0521], [40.2473,17.5855], [40.9605,23.2781], [48.7999,33.7775], [57.915,38.3797], [50.3436,16.805], [45.314,38.6619], [40.2473,17.5855], [40.2473,17.5855], [40.9605,23.2781], [40.2473,17.5855], [45.314,38.6619], [49.9196,38.3635], [57.915,38.3797], [45.314,38.6619], [43.8347,38.4737], [49.9196,38.3635], [45.314,38.6619], [41.7894,40.7515], [57.915,38.3797], [57.915,38.3797], [56.6482,45.8907], [57.0261,44.7541], [56.6482,45.8907], [67.7356,58.9756], [54.6663,52.0876], [52.049,69.5261], [58.8046,47.0799], [54.6663,52.0876], [67.7356,58.9756], [58.8046,47.0799], [67.7356,58.9756], [61.6945,40.9869], [54.6663,52.0876], [49.3824,66.5874], [49.3824,66.5874], [44.6934,61.4275], [54.6663,52.0876], [58.8046,47.0799], [55.627,70.8269], [63.9952,59.1096], [49.3824,66.5874], [55.627,70.8269], [49.3824,66.5874], [45.457,53.6549], [49.3824,66.5874], [38.9499,57.4562], [38.9499,57.4562], [36.0268,63.5468], [36.0268,63.5468], [49.3824,66.5874], [38.9499,57.4562], [38.9499,57.4562], [38.9499,57.4562], [58.8046,47.0799], [52.049,69.5261], [52.049,69.5261], [63.9952,59.1096], [55.627,70.8269], [53.0286,85.2048], [52.3023,88.0487], [51.4142,75.4482], [52.049,69.5261], [51.4142,75.4482], [55.627,70.8269], [49.0787,76.0139], [49.0787,76.0139], [51.4142,75.4482], [73.044,62.1637], [51.4142,75.4482], [44.6934,61.4275], [39.1321,69.2123], [49.3824,66.5874], [49.3824,66.5874], [54.6663,52.0876], [58.8046,47.0799], [70.5742,71.3485], [63.9952,59.1096], [55.627,70.8269], [75.721,78.3209], [55.627,70.8269], [63.9952,59.1096], [67.7356,58.9756], [63.9952,59.1096], [73.044,62.1637], [75.721,78.3209], [75.721,78.3209], [73.044,62.1637], [75.584,52.7689], 