{
  "instance_index": 0,
  "birth_iter": 2,
  "death_iter": 50,
  "survival_iters": 48,
  "censored": false,
  "pre_vnd_cost": 11037.2,
  "post_vnd_cost": 577.4,
  "pre_vnd_coords": [[80,20], [92.7163,11.4033], [81.2839,2.83084], [92.7163,11.4033], [81.2839,2.83084], [92.7163,11.4033], [92.7163,11.4033], [91.8085,27.5923], [91.8085,27.5923], [79.4794,35.9692], [79.4794,35.9692], [79.9442,40.6767], [90.5938,52.8583], [90.5938,52.8583], [76.9362,65.358], [76.029,51.8282], [68.906,52.3892], [70.1911,41.3519], [68.906,52.3892], [90.5938,52.8583], [90.5938,52.8583], [76.9362,65.358], [90.5938,52.8583], [70.1845,70.4531], [90.5938,52.8583], [76.9362,65.358], [68.906,52.3892], [65.2797,65.9306], [65.0134,63.4496], [68.906,52.3892], [68.906,52.3892], [77.0121,59.4932], [90.5938,52.8583], [90.5938,52.8583], [72.1489,61.6022], [79.4794,35.9692], [76.029,51.8282], [76.029,51.8282], [79.9442,40.6767], [79.4794,35.9692], [79.4794,35.9692], [70.1911,41.3519], [50.8301,41.2045], [44.609,38.2624], [36.8954,35.6508], [36.8954,35.6508], [37.7477,47.0589], [23.7507,41.3195], [26.5986,50.9377], [39.7665,35.5596], [32.167,38.4619], [32.0594,50.8113], [38.8305,41.6556], [35.3141,52.2533], [38.8305,41.6556], [37.8507,41.2774], [37.8507,41.2774], [37.8507,41.2774], [27.0932,53.7655], [37.8507,41.2774], [32.0594,50.8113], [35.3141,52.2533], [23.7507,41.3195], [23.7507,41.3195], [31.3008,56.7353], [33.9042,61.846], [26.5986,50.9377], [32.167,38.4619], [36.8954,35.6508], [39.7665,35.5596], [32.167,38.4619], [32.167,38.4619], [36.8954,35.6508], [23.7507,41.3195], [23.7507,41.3195], [23.7507,41.3195], [33.9042,61.846], [44.6492,54.1098], [23.7507,41.3195], [27.0932,53.7655], [26.5986,50.9377], [26.5986,50.9377], [32.0594,50.8113], [26.5986,50.9377], [41.2707,51.2901], [33.9042,61.846], [26.5986,50.9377], [31.3008,56.7353], [41.2707,51.2901], [38.1113,57.251], [37.7477,47.0589], [37.8507,41.2774], [44.6492,54.1098], [26.5986,50.9377], [44.609,38.2624], [37.7477,47.0589], [32.0594,50.8113], [32.0594,50.8113], [52.2847,53.6992], [50.8301,41.2045], [39.7665,35.5596], [41.2707,51.2901], [41.2707,51.2901], [52.2847,53.6992], [31.3008,56.7353], [41.2707,51.2901], [58.3781,53.8716], [47.2095,68.014], [37.8507,41.2774], [33.9042,61.846], [44.6492,54.1098], [25.874,54.9429], [44.6492,54.1098], [38.0535,67.5165], [29.9343,79.2746], [25.874,54.9429], [49.9907,60.1962], [47.2095,68.014], [25.874,54.9429], [38.0535,67.5165], [38.9499,61.8233], [38.0535,67.5165], [38.9499,61.8233], [38.0535,67.5165], [38.1113,57.251], [47.2095,68.014], [28.9904,64.6161], [49.9907,60.1962], [31.3008,56.7353], [28.9904,64.6161], [47.2095,68.014], [59.1994,77.5494], [34.8101,79.0063], [40.843,77.3323], [44.1163,69.6206], [59.3288,75.322], [40.843,77.3323], [38.9499,61.8233], [49.9907,60.1962], [51.9271,70.9276], [51.9271,70.9276], [59.9005,59.0158], [65.0134,63.4496], [72.1489,61.6022], [53.9332,78.1554], [57.3634,64.5237], [38.9499,61.8233], [38.9499,61.8233], [33.9042,61.846], [44.1163,69.6206], [51.9271,70.9276], [38.9499,61.8233], [44.6492,54.1098], [57.3634,64.5237], [38.9499,61.8233], [38.9499,61.8233], [38.9499,61.8233], [57.3634,64.5237], [65.2797,65.9306], [59.9005,59.0158], [52.2847,53.6992], [41.2707,51.2901], [52.2847,53.6992], [52.2847,53.6992], [47.2095,68.014], [44.6492,54.1098], [50.8301,41.2045], [38.1113,57.251], [58.3781,53.8716], [49.9907,60.1962], [65.0134,63.4496], [58.3781,53.8716], [65.0134,63.4496], [52.2847,53.6992], [50.8301,41.2045], [50.8301,41.2045], [49.9907,60.1962], [50.8301,41.2045], [50.8301,41.2045], [52.2847,53.6992], [50.8301,41.2045], [37.7477,47.0589], [31.3008,56.7353], [32.167,38.4619], [44.609,38.2624], [39.7665,35.5596], [50.8301,41.2045], [50.8301,41.2045], [50.8301,41.2045], [70.1911,41.3519], [70.1911,41.3519], [79.9442,40.6767], [68.906,52.3892], [68.906,52.3892], [79.9442,40.6767], [76.029,51.8282], [70.1911,41.3519], [68.906,52.3892], [71.3244,68.1967], [71.3244,68.1967], [71.3244,68.1967], [71.3244,68.1967], [71.3244,68.1967], [45.3774,82.1892], [53.5545,90.9835], [53.5545,90.9835], [53.2069,90.3358], [49.2306,81.9669], [46.4184,93.2086], [53.2069,90.3358], [49.2306,81.9669], [46.4184,93.2086], [53.2069,90.3358], [49.2306,81.9669], [49.2306,81.9669], [45.3774,82.1892], [29.8592,92.841], [45.3774,82.1892], [34.9167,86.487], [49.2306,81.9669], [39.2289,87.7815], [39.2289,87.7815], [32.9307,94.0667], [46.4184,93.2086], [25.4132,82.7951], [33.7057,84.9506], [41.6819,77.9527], [46.7418,76.7915], [53.6054,74.4929], [34.9167,86.487], [25.4276,92.2762], [25.4132,82.7951], [33.7057,84.9506], [39.2289,87.7815], [34.9167,86.487], [32.9307,94.0667], [46.4184,93.2086], [46.4184,93.2086], [46.4184,93.2086], [53.2069,90.3358], [53.5545,90.9835], [46.4184,93.2086], [46.4184,93.2086], [49.2306,81.9669], [46.7418,76.7915], [34.9167,86.487], [53.5545,90.9835], [46.4184,93.2086], [46.4184,93.2086], [53.5545,90.9835], [25.7446,96.5291], [46.4184,93.2086], [46.4184,93.2086], [27.2973,88.2018], [25.4276,92.2762], [21.6683,89.6541], [25.7446,96.5291], [25.4276,92.2762], [25.4132,82.7951], [39.2289,87.7815], [32.9307,94.0667], [49.2306,81.9669], [41.6819,77.9527], [37.5993,84.0393], [37.5993,84.0393], [34.9167,86.487], [32.9307,94.0667], [25.4132,82.7951], [33.7057,84.9506], [29.8592,92.841], [21.6683,89.6541], [29.8592,92.841], [25.4276,92.2762], [25.4276,92.2762], [29.8592,92.841], [25.7446,96.5291], [27.2973,88.2018], [29.8592,92.841], [25.7446,96.5291], [25.4276,92.2762], [25.7446,96.5291], [16.8918,94.1765], [10.8619,95.2444], [10.5923,87.6802], [10.8619,95.2444], [25.7446,96.5291], [25.7446,96.5291], [21.6683,89.6541], [25.4276,92.2762], [25.4132,82.7951], [10.8619,95.2444], [10.5923,87.6802], [27.2973,88.2018], [10.5923,87.6802], [10.8619,95.2444], [10.8619,95.2444], [10.8619,95.2444], [6.98468,81.9285], [10.8619,95.2444], [10.8619,95.2444], [15.8045,92.7589], [2.23762,87.9279], [2.23762,87.9279], [15.8045,92.7589], [2.23762,87.9279], [15.8045,92.7589], [2.23762,87.9279], [10.5923,87.6802], [10.8619,95.2444], [10.8619,95.2444], [2.23762,87.9279], [6.98468,81.9285], [10.8619,95.2444], [2.23762,87.9279], [10.8619,95.2444], [2.23762,87.9279], [15.8045,92.7589], [2.23762,87.9279], [2.23762,87.9279], [10.8619,95.2444], [10.5923,87.6802], [2.23762,87.9279], [21.6683,89.6541], [6.98468,81.9285], [21.6683,89.6541], [16.8918,94.1765], [10.8619,95.2444], [25.7446,96.5291], [25.4276,92.2762], [21.6683,89.6541], [25.818,79.8664], [34.8101,79.0063], [20.1275,79.2091], [34.8101,79.0063], [34.8101,79.0063], [20.0633,76.7958], [38.0535,67.5165], [34.8101,79.0063], [20.0633,76.7958], [38.0535,67.5165], [29.9343,79.2746], [24.1357,62.6219], [26.7797,75.2502], [20.0633,76.7958], [28.9904,64.6161], [20.0633,76.7958], [26.7797,75.2502], [26.7797,75.2502], [34.8101,79.0063], [20.0633,76.7958], [25.874,54.9429], [26.7797,75.2502], [21.2452,68.8668], [32.0594,50.8113], [35.3141,52.2533], [21.2452,68.8668], [28.9904,64.6161], [27.0932,53.7655], [24.1357,62.6219], [28.9904,64.6161], [34.8101,79.0063], [29.9343,79.2746], [38.9499,61.8233], [38.1113,57.251], [34.8101,79.0063], [38.0535,67.5165], [38.9499,61.8233], [38.9499,61.8233], [32.0594,50.8113], [26.5986,50.9377], [25.874,54.9429], [20.0633,76.7958], [28.9904,64.6161], [33.9042,61.846], [24.1357,62.6219], [24.1357,62.6219], [20.0633,76.7958], [24.1357,62.6219], [33.9042,61.846], [31.3008,56.7353], [26.5986,50.9377], [21.2452,68.8668], [24.1357,62.6219], [23.7507,41.3195], [64.6592,52.5503], [58.3781,53.8716], [58.3781,53.8716], [65.0134,63.4496], [65.0134,63.4496], [65.0228,71.9268], [70.1845,70.4531], [65.2797,65.9306], [65.2797,65.9306], [65.0134,63.4496], [65.2797,65.9306], [70.1845,70.4531], [57.3634,64.5237], [46.7418,76.7915], [46.7418,76.7915], [49.2306,81.9669], [49.2306,81.9669], [41.6819,77.9527], [53.6054,74.4929], [53.6054,74.4929], [45.3774,82.1892], [46.7418,76.7915], [46.7418,76.7915], [53.6054,74.4929], [25.4132,82.7951], [34.7873,73.0209], [49.2306,81.9669], [41.6819,77.9527], [10.5923,87.6802], [21.6683,89.6541], [25.4132,82.7951], 