{
  "instance_index": 0,
  "birth_iter": 166,
  "death_iter": 170,
  "survival_iters": 4,
  "censored": false,
  "pre_vnd_cost": 8359.93,
  "post_vnd_cost": 572.634,
  "pre_vnd_coords": [[80,20], [86.2621,17.5933], [86.2621,17.5933], [86.2654,17.5888], [86.2621,17.5933], [86.2621,17.5933], [86.2654,17.5888], [86.4261,25.0181], [86.4261,25.0181], [74.7784,51.3975], [86.4261,25.0181], [86.4261,25.0181], [77.1347,50.1498], [87.299,49.1892], [86.9384,49.0667], [62.7751,55.9585], [62.7751,55.9585], [87.299,49.1892], [62.7751,55.9585], [74.7784,51.3975], [77.1347,50.1498], [62.7751,55.9585], [77.1347,50.1498], [74.7784,51.3975], [77.1347,50.1498], [57.6103,57.9578], [62.7751,55.9585], [86.9384,49.0667], [62.7751,55.9585], [62.7751,55.9585], [87.299,49.1892], [87.299,49.1892], [62.7751,55.9585], [87.299,49.1892], [77.1347,50.1498], [57.6103,57.9578], [55.5395,67.6513], [56.1005,69.5914], [55.5395,67.6513], [57.6103,57.9578], [56.757,47.1929], [66.647,65.7046], [52.9408,64.4967], [62.7751,55.9585], [74.7784,51.3975], [61.2999,71.6843], [66.647,65.7046], [57.6103,57.9578], [10.1906,53.4992], [20.8633,54.0663], [10.2459,52.4857], [10.2661,52.1157], [9.88304,59.1289], [10.6945,44.2742], [10.1058,55.05], [10.2566,52.2907], [9.96367,57.6529], [26.7273,49.3246], [10.2851,51.7681], [10.8056,42.2397], [10.2142,53.067], [10.6608,44.8916], [10.6496,45.0964], [24.2892,51.376], [22.2911,60.5015], [9.94563,57.9832], [20.259,54.5408], [20.5427,54.318], [10.6252,45.5424], [10.8172,42.028], [10.5098,47.6557], [9.8533,59.6732], [21.4541,53.6024], [26.2422,49.8343], [10.0906,55.3288], [11.1435,36.053], [10.7149,43.8995], [10.6837,44.4722], [10.2759,51.9362], [11.1183,36.5141], [10.7356,43.5204], [9.91083,58.6202], [9.98142,57.3278], [10.7952,42.4293], [24.6772,51.0714], [10.3535,50.5172], [10.7755,42.7908], [10.6139,45.7491], [10.7852,42.6125], [19.7419,54.9469], [9.82371,60.215], [10.9884,38.8921], [11.0689,37.4181], [25.5972,50.3489], [33.1162,42.6105], [11.0968,36.9089], [33.3345,42.3811], [26.6037,49.4544], [26.0378,50.0029], [10.9194,40.1567], [10.881,40.8598], [10.1596,54.0665], [21.1544,53.8377], [41.5952,53.3038], [26.2171,67.3742], [24.5509,51.1705], [27.7211,48.2801], [26.2774,49.7974], [26.3107,49.7624], [26.3446,49.7267], [26.3786,49.6909], [26.409,49.659], [26.4439,49.6224], [26.4761,49.5885], [26.5094,49.5535], [44.9576,53.684], [23.8917,51.6882], [38.4457,57.173], [34.4462,41.2129], [36.9572,61.8679], [43.2066,54.0825], [40.8987,52.3738], [25.1454,50.7037], [25.3004,50.582], [25.4569,50.4591], [25.74,50.2368], [25.8877,50.1208], [40.4063,51.7163], [26.6678,49.387], [28.6741,47.2787], [34.4254,64.2788], [32.5436,66.0709], [38.8355,55.5055], [29.5855,46.3209], [21.7482,53.3714], [44.3888,53.8135], [33.4833,65.176], [37.4604,61.3887], [38.1306,58.5214], [22.7147,52.6125], [16.7591,69.9008], [32.5436,66.0709], [24.1579,51.4791], [32.5436,66.0709], [45.4968,53.5613], [43.7917,53.9494], [37.7597,60.108], [31.6302,66.2591], [32.5436,66.0709], [24.8306,50.9509], [17.4011,70.7318], [24.0247,51.5837], [39.0218,54.7084], [38.2484,58.0174], [36.5702,62.2364], [26.8859,67.2364], [42.9094,54.1501], [24.43,51.2655], [33.1968,65.4489], [46.0623,53.4326], [30.5888,66.4736], [26.2117,49.8664], [32.8856,65.7453], [34.7751,63.9459], [49.0968,70.3076], [35.1949,63.5461], [33.7874,64.8865], [26.5416,67.3073], [46.6824,53.2915], [32.5436,66.0709], [37.4604,61.3887], [41.5097,84.205], [37.2803,85.5359], [38.8793,84.4134], [39.927,83.6779], [41.0965,83.2829], [28.6298,66.8772], [29.4705,66.704], [39.2486,84.1542], [41.1745,83.457], [32.5436,66.0709], [32.5436,66.0709], [32.5436,66.0709], [32.2338,66.1347], [35.9229,62.8528], [37.61,60.7484], [36.2551,62.5365], [26.2117,49.8664], [35.5622,63.1963], [37.4604,61.3887], [31.9461,66.194], [37.4604,61.3887], [42.3281,54.2824], [17.4438,69.7389], [37.4604,61.3887], [13.4928,70.68], [17.1045,72.3285], [30.0223,66.5903], [38.5252,56.8332], [31.1675,66.3544], [32.5436,66.0709], [37.4604,61.3887], [32.5436,66.0709], [37.1777,61.6579], [21.9906,86.3452], [17.3787,69.753], [16.3072,70.0086], [23.4953,87.927], [24.8663,66.1126], [32.5436,66.0709], [21.2268,85.5424], [37.8169,85.1592], [33.3658,88.2842], [33.3696,88.2815], [17.3715,71.4193], [23.9613,88.0609], [25.5119,67.5195], [17.232,72.0069], [24.0382,88.0652], [24.0002,88.0631], [15.8857,75.4053], [13.745,80.8095], [15.7039,75.8643], [13.9416,70.5729], [16.7554,73.21], [17.3602,71.6832], [16.1279,74.7939], [24.9887,50.8267], [16.0887,70.0607], [15.8256,70.1235], [20.3731,56.3222], [15.5831,76.1693], [17.3146,69.7683], [25.5119,67.5195], [14.2634,79.5008], [32.5436,66.0709], [17.0692,69.8268], [24.0596,64.3549], [17.4438,69.7374], [34.0792,64.6086], [10.1203,54.7856], [25.8657,67.4466], [16.9119,69.8643], [9.9272,58.3206], [17.4349,69.9445], [21.5488,58.884], [20.9336,57.5435], [9.99621,57.0572], [10.0109,56.7889], [9.67174,62.9967], [9.19594,71.7056], [10.0717,55.6749], [10.0553,55.9748], [10.0396,56.2623], [10.3339,71.434], [9.49971,66.1455], [14.9451,77.78], [9.19594,71.7056], [17.4097,70.5312], [15.6497,76.0011], [9.62341,63.8814], [9.44804,67.0912], [9.19594,71.7056], [15.467,76.4623], [9.75736,61.4296], [17.4176,70.3488], [9.72426,62.0355], [9.19594,71.7056], [9.29097,69.9659], [19.9923,54.7502], [17.1301,69.8123], [9.19594,71.7056], [15.242,70.2627], [15.5531,70.1885], [17.2518,69.7833], [9.54278,65.3572], [10.0243,56.5424], [16.0068,75.0998], [14.6534,78.5161], [15.2086,77.1147], [14.7997,78.1469], [15.3373,76.7898], [9.19594,71.7056], [9.19594,71.7056], [9.19594,71.7056], [9.39726,68.0205], [11.8731,71.0668], [9.19594,71.7056], [11.5786,86.2781], [9.19594,71.7056], [10.5274,71.3879], [12.3246,70.9591], [9.19594,71.7056], [9.19594,71.7056], [10.2436,89.756], [14.467,78.9869], [17.4259,70.1546], [9.19594,71.7056], [9.19594,71.7056], [10.2937,51.6113], [9.19594,71.7056], [9.34373,69.0002], [9.19594,71.7056], [9.19594,71.7056], [16.8698,72.9213], [10.1112,71.4872], [15.0797,77.4401], [9.66169,71.5945], [10.9541,74.0412], [11.1585,90.8777], [12.4804,80.0088], [10.9541,74.0412], [10.8078,81.1508], [10.9541,74.0412], [10.9541,74.0412], [10.9541,74.0412], [10.9541,74.0412], [12.4804,80.0088], [10.9541,74.0412], [10.8078,81.1508], [10.9541,74.0412], [10.9541,74.0412], [10.9541,74.0412], [12.4804,80.0088], [10.9541,74.0412], [10.9541,74.0412], [10.9541,74.0412], [11.5085,45.5197], [11.5085,45.5197], [11.5085,45.5197], [11.5085,45.5197], [11.5085,45.5197], [11.5085,45.5197], [11.5085,45.5197], [11.5085,45.5197], [11.0331,34.9819], [11.0331,34.9819], [11.5085,45.5197], [11.5085,45.5197], [11.5085,45.5197], [11.5085,45.5197], [11.0331,34.9819], [11.0331,34.9819], [11.3566,37.2883], [11.0331,34.9819], [11.0331,34.9819], [11.0331,34.9819], [11.0331,34.9819], [11.5085,45.5197], [11.0331,34.9819], [11.0331,34.9819], [11.0331,34.9819], [11.3213,28.0003], [11.3566,37.2883], [10.9203,24.6008], [10.9203,24.6008], [11.0331,34.9819], [10.9203,24.6008], [11.7041,15.6786], [11.0331,34.9819], [11.7041,15.6786], [14.4172,29.2655], [18.7606,14.8338], [11.3213,28.0003], [14.3664,15.9892], [14.4172,29.2655], [11.3213,28.0003], [10.9203,24.6008], [11.0331,34.9819], [11.3213,28.0003], [11.7041,15.6786], [14.3664,15.9892], [11.7041,15.6786], [14.3664,15.9892], [11.7041,15.6786], [11.7041,15.6786], [18.7606,14.8338], [11.3213,28.0003], [18.7606,14.8338], [18.7606,14.8338], [18.7606,14.8338], [18.7606,14.8338], [10.9203,24.6008], [18.7606,14.8338], [11.7041,15.6786], [14.0506,26.645], [11.7041,15.6786], [11.7041,15.6786], [14.3664,15.9892], [18.7606,14.8338], [14.4172,29.2655], [11.3213,28.0003], [30.9987,18.1204], [35.8443,34.2049], [18.7606,14.8338], [39.6333,23.2788], [30.9987,18.1204], [35.0525,42.2502], [30.9987,18.1204], [35.0274,15.2818], [30.9987,18.1204], [11.3213,28.0003], [35.0274,15.2818], [30.9987,18.1204], [18.7606,14.8338], [35.2699,17.7994], [38.0349,18.2848], [30.9987,18.1204], [30.9987,18.1204], [35.2699,17.7994], [14.0506,26.645], [35.2699,17.7994], [30.9987,18.1204], [30.9987,18.1204], [35.2699,