{
  "instance_index": 0,
  "birth_iter": 59,
  "death_iter": 60,
  "survival_iters": 1,
  "censored": false,
  "pre_vnd_cost": 9014.99,
  "post_vnd_cost": 606.362,
  "pre_vnd_coords": [[80,20], [82.1994,39.6591], [82.1994,39.6591], [85.6426,22.155], [75.9411,52.7961], [78.7497,53.4677], [82.1994,39.6591], [82.1994,39.6591], [75.9411,52.7961], [78.7497,53.4677], [78.7497,53.4677], [82.1994,39.6591], [81.2449,44.4901], [81.1333,48.5516], [75.9411,52.7961], [82.1994,39.6591], [81.1333,48.5516], [75.9411,52.7961], [78.0073,51.1], [78.0073,51.1], [82.1994,39.6591], [75.9411,52.7961], [78.0073,51.1], [78.0073,51.1], [81.2449,44.4901], [81.2449,44.4901], [81.2449,44.4901], [78.7497,53.4677], [81.2449,44.4901], [78.0073,51.1], [58.4999,25.9402], [42.7245,35.0268], [75.9411,52.7961], [66.7883,63.6484], [76.1776,71.0336], [65.7436,62.203], [63.5178,59.335], [28.4096,51.9647], [27.2913,51.397], [27.0596,51.2795], [26.7992,51.1473], [27.7197,51.6145], [25.8894,50.6856], [25.6852,50.5819], [26.0967,50.7907], [29.0302,52.2797], [22.8289,67.7488], [12.7555,65.7327], [25.9909,53.164], [9.55464,71.086], [12.449,61.3218], [12.7555,65.7327], [9.55464,71.086], [35.3039,59.6918], [12.7555,65.7327], [32.8112,54.1988], [22.8289,67.7488], [28.5825,69.6081], [22.8289,67.7488], [35.3039,59.6918], [25.9909,53.164], [25.9909,53.164], [35.3039,59.6918], [25.9909,53.164], [35.3039,59.6918], [53.9073,86.035], [35.3039,59.6918], [38.7617,58.7237], [35.3039,59.6918], [35.3039,59.6918], [38.7617,58.7237], [25.9909,53.164], [32.3674,58.9623], [32.3674,58.9623], [35.3039,59.6918], [35.3039,59.6918], [32.3674,58.9623], [35.3039,59.6918], [32.3674,58.9623], [38.7617,58.7237], [61.9468,87.781], [69.0338,90.5498], [69.4461,91.4041], [66.3711,80.3527], [62.2225,78.0865], [53.6809,88.2521], [53.6809,88.2521], [62.2225,78.0865], [71.7996,83.5463], [66.3711,80.3527], [62.2225,78.0865], [62.2225,78.0865], [62.2225,78.0865], [62.2225,78.0865], [62.2225,78.0865], [53.9073,86.035], [54.5207,83.4018], [54.5207,83.4018], [53.9073,86.035], [53.9073,86.035], [53.6809,88.2521], [63.1626,85.9219], [54.5207,83.4018], [54.5207,83.4018], [53.6809,88.2521], [53.6809,88.2521], [53.6809,88.2521], [53.6809,88.2521], [53.6809,88.2521], [53.6809,88.2521], [53.6809,88.2521], [53.6809,88.2521], [53.6809,88.2521], [53.6809,88.2521], [53.6809,88.2521], [61.9468,87.781], [53.6809,88.2521], [61.9468,87.781], [53.6809,88.2521], [53.6809,88.2521], [53.6809,88.2521], [53.6809,88.2521], [53.6809,88.2521], [53.6809,88.2521], [53.6809,88.2521], [53.6809,88.2521], [63.1626,85.9219], [53.6809,88.2521], [63.1626,85.9219], [63.1626,85.9219], [78.027,90.2599], [79.7622,89.015], [63.1626,85.9219], [79.7622,89.015], [82.6209,87.6312], [82.6209,87.6312], [79.7622,89.015], [87.9843,76.2216], [87.9843,76.2216], [87.9843,76.2216], [87.9843,76.2216], [86.6461,71.3423], [86.6461,71.3423], [86.6461,71.3423], [85.1363,63.2305], [86.6461,71.3423], [78.7497,53.4677], [71.7996,83.5463], [71.7996,83.5463], [62.2225,78.0865], [72.8751,87.4225], [71.7996,83.5463], [79.7622,89.015], [62.2225,78.0865], [78.7497,53.4677], [78.7497,53.4677], [66.3711,80.3527], [77.5633,90.8824], [68.7561,91.4485], [68.0769,84.5739], [77.0146,90.9177], [74.6699,91.0684], [72.9816,91.1769], [72.1199,91.2323], [70.5466,88.4785], [71.2916,91.2855], [77.7962,90.5697], [76.4353,90.9549], [75.9189,90.9881], [69.8002,91.3814], [70.1464,91.3591], [73.9859,91.1123], [72.5276,91.2061], [71.6708,91.2611], [73.3679,91.1521], [67.104,83.0356], [75.2531,91.0309], [77.5633,90.8824], [64.1112,78.6428], [63.9826,78.7719], [63.9216,78.8331], [63.789,78.9663], [64.0425,78.7118], [70.4864,91.3373], [53.9498,88.0151], [53.9498,88.0151], [61.9468,87.781], [54.5207,83.4018], [53.6809,88.2521], [62.2225,78.0865], [53.6809,88.2521], [53.6809,88.2521], [71.7996,83.5463], [53.6809,88.2521], [54.5207,83.4018], [70.8607,91.3132], [69.0741,91.428], [68.3589,91.474], [50.5971,77.5257], [54.0581,87.9613], [43.2388,88.5531], [50.5883,77.5004], [52.9017,88.168], [47.2972,89.1699], [52.6317,88.2163], [54.6059,87.8634], [54.6059,87.8634], [56.7212,86.0623], [42.7633,87.4197], [51.4392,88.4295], [50.0304,88.6813], [50.9754,88.5123], [44.0055,89.7582], [55.0141,87.5217], [52.2796,88.2792], [25.523,89.1539], [43.6999,89.8129], [45.2643,89.5332], [42.1466,86.6841], [43.1548,88.8376], [25.51,89.0509], [43.3721,89.8715], [43.2426,89.8946], [40.5665,84.1663], [41.7511,86.2124], [45.7443,89.4474], [43.5034,89.848], [54.8691,87.6432], [43.6354,89.8244], [46.7159,89.2738], [43.5686,89.8363], [48.004,79.2424], [39.5274,71.1683], [25.2745,88.5651], [48.9394,78.6232], [46.2104,89.3641], [35.4235,73.1477], [24.2652,79.1617], [25.4966,88.9447], [41.9494,86.4489], [24.7455,87.3111], [43.3022,89.884], [43.15,89.8036], [43.0312,89.2567], [42.3514,86.9284], [44.0988,89.7415], [43.898,89.7775], [44.464,89.6763], [43.2797,88.4146], [25.523,89.1539], [43.1725,89.9071], [43.4357,89.8601], [25.523,89.1539], [43.1113,89.6253], [43.0711,89.1215], [43.1733,88.7751], [43.8361,89.7885], [40.7929,85.0695], [44.8394,89.6092], [43.0511,89.189], [24.1897,78.561], [24.079,77.682], [40.3641,84.558], [43.1095,88.9912], [41.3004,83.6804], [25.523,89.1539], [23.3014,85.0346], [25.2259,88.4498], [25.3732,88.7989], [25.5229,89.1539], [43.0717,89.4432], [25.523,89.1539], [43.7733,89.7997], [40.7135,84.069], [24.3234,79.6235], [42.5585,87.1754], [24.0536,85.6704], [28.164,69.3114], [43.0891,89.0605], [43.1795,87.9161], [36.3663,70.735], [49.2615,73.7039], [24.3753,80.0364], [47.6005,79.5095], [43.2611,88.4775], [41.5587,85.9829], [63.8548,78.9002], [57.3325,85.4485], [56.6862,86.0973], [43.3231,88.2675], [37.2738,70.8594], [50.5722,77.4544], [36.3663,70.735], [49.2758,73.7448], [42.9527,87.6455], [48.4794,78.9277], [33.9853,73.334], [36.3663,70.735], [43.3023,88.338], [41.3637,85.7503], [49.5549,74.5434], [41.5655,71.4476], [36.3663,70.735], [27.9105,69.1317], [45.2606,71.9541], [45.2606,71.9541], [41.118,52.4013], [63.7257,79.0298], [50.5799,77.4765], [45.2606,71.9541], [40.6416,71.3209], [49.2326,73.6213], [32.5392,54.4574], [55.9389,49.4559], [46.0037,72.266], [38.607,56.4385], [37.9021,56.2193], [58.5454,54.3455], [59.4363,55.6761], [68.2466,65.6656], [59.5121,55.7441], [59.4935,55.7274], [64.7253,53.6658], [49.3304,73.9011], [68.3787,65.8483], [49.3178,73.865], [59.4756,55.7113], [40.5694,57.0487], [60.1265,56.2948], [65.0606,54.6483], [63.0633,58.9276], [50.5761,77.4655], [49.3047,73.8275], [45.765,72.1658], [59.5317,55.7616], [49.9111,77.9798], [65.2549,55.2179], [59.4566,55.6943], [40.5694,57.0487], [49.2473,73.6634], [47.2201,79.7614], [62.0155,80.7469], [48.3052,73.232], [50.5928,77.5134], [50.5634,77.4291], [65.2854,80.1606], [49.773,75.1675], [46.3338,80.3482], [63.9522,59.7245], [64.2422,78.5112], [76.4094,70.7128], [64.7774,79.3574], [63.9522,59.7245], [67.6325,64.8164], [60.6522,82.1156], [64.1778,78.5759], [67.7565,64.9878], [67.8848,65.1652], [67.5148,64.6535], [70.306,88.8079], [73.2841,71.1581], [69.9174,89.34], [69.081,86.1613], [64.5908,53.2714], [68.0159,65.3466], [82.6669,84.0308], [74.8574,72.8611], [70.1817,67.7999], [68.1369,65.5139], [83.5274,68.2863], [73.1972,57.7194], [63.9522,59.7245], [75.1418,72.4674], [77.99,50.2853], [65.1778,54.992], [76.6679,70.3549], [63.9522,59.7245], [73.0546,59.1543], [50.0147,34.1254], [73.8028,51.6252], [60.3519,44.6398], [61.8417,57.8324], [59.5487,55.7768], [41.2352,51.4088], [57.2024,47.6728], [55.9389,49.4559], [56.7278,48.3425], [64.0956,51.8209], [57.8837,46.7112], [64.8445,54.0152], [62.7197,47.7895], [62.8295,48.1115], [61.1809,57.24], [63.2085,49.222], [63.5277,50.1572], [60.9086,45.3383], [73.7704,51.9518], [64.9834,54.4224], [57.6523,47.0377], [62.613,47.477], [61.6224,46.2339], [58.157,46.3255], [64.9138,54.2183], [48.4111,35.8311], [40.376,47.3921], [65.1368,54.8719], [64.7812,53.8295], [57.3799,47.4223], [59.5667,55.7929], [56.1217,49.198], [58.7277,45.52], [55.4948,49.7886], [33.2591,54.4261], [63.0052,48.6262], [37.2513,43.768], [49.1539,35.0409], [60.6526,56.7665],