{
  "instance_index": 0,
  "birth_iter": 3,
  "death_iter": 20,
  "survival_iters": 17,
  "censored": false,
  "pre_vnd_cost": 11236.3,
  "post_vnd_cost": 828.391,
  "pre_vnd_coords": [[80,20], [73.0301,8.33431], [73.0301,8.33431], [73.0301,8.33431], [67.5972,20.3045], [48.7852,13.5915], [67.5972,20.3045], [57.8763,26.918], [67.5972,20.3045], [73.0301,8.33431], [67.5972,20.3045], [67.5972,20.3045], [57.8763,26.918], [72.5277,39.3244], [72.8468,42.8076], [61.8336,27.9408], [62.6917,46.3426], [81.4424,47.4617], [72.5277,39.3244], [72.989,58.802], [65.096,50.2779], [75.7256,51.9918], [75.7256,51.9918], [81.4424,47.4617], [81.4424,47.4617], [81.4424,47.4617], [72.989,58.802], [72.5277,39.3244], [72.989,58.802], [80.5372,55.1011], [58.1808,61.4249], [81.4424,47.4617], [72.8468,42.8076], [62.6917,46.3426], [53.2196,55.0322], [58.1808,61.4249], [60.3125,48.6624], [54.6127,38.9056], [62.6917,46.3426], [52.5718,48.7095], [54.6127,38.9056], [72.5277,39.3244], [81.4424,47.4617], [62.6917,46.3426], [62.6917,46.3426], [65.096,50.2779], [75.7256,51.9918], [56.0383,32.1763], [67.5972,20.3045], [61.8336,27.9408], [57.8763,26.918], [61.8336,27.9408], [56.0383,32.1763], [57.8763,26.918], [52.5718,48.7095], [56.0383,32.1763], [62.6917,46.3426], [62.6917,46.3426], [65.096,50.2779], [61.8336,27.9408], [62.6917,46.3426], [61.8336,27.9408], [56.0383,32.1763], [65.096,50.2779], [52.5718,48.7095], [54.6127,38.9056], [61.8336,27.9408], [61.8336,27.9408], [54.6127,38.9056], [52.5718,48.7095], [52.5718,48.7095], [46.137,42.71], [46.137,42.71], [44.9711,49.5608], [56.0383,32.1763], [56.0383,32.1763], [52.5718,48.7095], [56.0383,32.1763], [54.6127,38.9056], [57.8763,26.918], [57.8763,26.918], [43.4619,14.6126], [43.4619,14.6126], [56.0383,32.1763], [48.7852,13.5915], [43.4619,14.6126], [43.4619,14.6126], [43.4619,14.6126], [24.7369,8.55043], [31.7229,23.0576], [43.4619,14.6126], [43.4619,14.6126], [24.7369,8.55043], [13.514,2.79563], [22.1214,17.4488], [22.1214,17.4488], [26.2104,23.9473], [14.6386,14.3668], [15.5732,15.8561], [21.6985,32.4426], [26.2104,23.9473], [22.1214,17.4488], [26.2104,23.9473], [31.7229,23.0576], [15.5732,15.8561], [26.2104,23.9473], [16.2486,27.7203], [11.728,30.8437], [16.2486,27.7203], [34.1845,46.3232], [16.2486,27.7203], [21.6985,32.4426], [16.2486,27.7203], [34.1845,46.3232], [36.1186,40.6095], [38.9695,31.8194], [44.996,25.4321], [38.9695,31.8194], [31.7229,23.0576], [28.1857,40.6321], [26.2104,23.9473], [26.2104,23.9473], [26.2104,23.9473], [28.667,28.6233], [26.2104,23.9473], [26.2104,23.9473], [31.7229,23.0576], [26.2104,23.9473], [22.1214,17.4488], [43.4619,14.6126], [28.667,28.6233], [43.4619,14.6126], [44.996,25.4321], [44.996,25.4321], [43.4619,14.6126], [43.4619,14.6126], [44.996,25.4321], [57.8763,26.918], [28.667,28.6233], [36.6397,52.1888], [36.3587,30.9299], [28.667,28.6233], [28.1857,40.6321], [28.667,28.6233], [34.1845,46.3232], [36.1186,40.6095], [38.9695,31.8194], [28.1857,40.6321], [28.1857,40.6321], [28.1857,40.6321], [20.5734,40.8757], [29.9687,50.9212], [24.25,50.6159], [20.5734,40.8757], [28.1857,40.6321], [11.6366,52.4877], [11.6366,52.4877], [29.9687,50.9212], [11.4928,61.4822], [28.1857,40.6321], [11.6366,52.4877], [18.1225,55.5444], [18.1225,55.5444], [24.25,50.6159], [18.1225,55.5444], [11.4928,61.4822], [11.4928,61.4822], [24.25,50.6159], [11.4928,61.4822], [27.8027,74.6921], [11.6366,52.4877], [5.1353,60.7875], [1.81467,56.8858], [21.0179,51.5329], [18.1225,55.5444], [11.4928,61.4822], [18.1225,55.5444], [11.4928,61.4822], [11.6366,52.4877], [5.1353,60.7875], [11.6366,52.4877], [-0.978264,50.1634], [29.9687,50.9212], [11.6366,52.4877], [11.6366,52.4877], [9.62528,40.8335], [21.0179,51.5329], [20.5734,40.8757], [5.1353,60.7875], [9.62528,40.8335], [20.5734,40.8757], [1.81467,56.8858], [11.6366,52.4877], [34.1845,46.3232], [11.6366,52.4877], [28.1857,40.6321], [8.03879,48.0443], [11.4928,61.4822], [-0.978264,50.1634], [8.03879,48.0443], [9.62528,40.8335], [11.6366,52.4877], [11.6366,52.4877], [8.03879,48.0443], [20.5734,40.8757], [-0.978264,50.1634], [8.03879,48.0443], [20.5734,40.8757], [9.62528,40.8335], [28.1857,40.6321], [9.62528,40.8335], [16.2486,27.7203], [21.0179,51.5329], [28.1857,40.6321], [11.728,30.8437], [11.6366,52.4877], [28.1857,40.6321], [11.728,30.8437], [31.7229,23.0576], [16.2486,27.7203], [0.531997,24.2946], [16.2486,27.7203], [7.78419,24.2331], [0.531997,24.2946], [16.2486,27.7203], [16.2486,27.7203], [0.531997,24.2946], [7.78419,24.2331], [-5.99827,32.8229], [11.8304,24.0404], [11.8304,24.0404], [0.531997,24.2946], [13.514,2.79563], [14.6386,14.3668], [14.6386,14.3668], [0.485286,10.2145], [14.6386,14.3668], [13.514,2.79563], [14.6386,14.3668], [14.6386,14.3668], [7.78419,24.2331], [15.5732,15.8561], [0.485286,10.2145], [0.485286,10.2145], [0.485286,10.2145], [7.78419,24.2331], [11.728,30.8437], [7.78419,24.2331], [11.728,30.8437], [0.531997,24.2946], [9.62528,40.8335], [8.03879,48.0443], [-4.44848,41.403], [8.03879,48.0443], [0.531997,24.2946], [20.5734,40.8757], [8.03879,48.0443], [-0.978264,50.1634], [20.5734,40.8757], [8.03879,48.0443], [-4.44848,41.403], [8.03879,48.0443], [-5.99827,32.8229], [8.03879,48.0443], [8.03879,48.0443], [8.03879,48.0443], [11.6366,52.4877], [8.03879,48.0443], [8.03879,48.0443], [11.6366,52.4877], [1.81467,56.8858], [-0.978264,50.1634], [5.1353,60.7875], [1.81467,56.8858], [5.1353,60.7875], [11.4928,61.4822], [5.1353,60.7875], [27.8027,74.6921], [41.3319,73.0115], [29.9709,69.1976], [41.3319,73.0115], [37.3517,71.4926], [27.701,73.0927], [39.4289,62.7803], [37.3517,71.4926], [37.3517,71.4926], [39.4289,62.7803], [37.3517,71.4926], [33.2873,56.9178], [31.1095,54.6236], [42.1249,52.9707], [31.119,68.5667], [43.5135,45.5844], [31.2272,48.7139], [36.5562,49.8624], [31.1095,54.6236], [31.2272,48.7139], [27.4993,59.4238], [31.1095,54.6236], [31.1095,54.6236], [27.4993,59.4238], [27.4993,59.4238], [26.3636,50.0386], [23.4404,58.2093], [23.4404,58.2093], [23.4404,58.2093], [36.5562,49.8624], [31.1095,54.6236], [23.4404,58.2093], [31.1095,54.6236], [26.3636,50.0386], [31.119,68.5667], [23.4404,58.2093], [23.4404,58.2093], [23.2038,77.0947], [36.5562,49.8624], [35.0335,39.3421], [35.0335,39.3421], [23.4404,58.2093], [26.3636,50.0386], [26.3636,50.0386], [43.5135,45.5844], [26.3636,50.0386], [26.3636,50.0386], [31.2272,48.7139], [27.701,73.0927], [42.1249,52.9707], [42.1249,52.9707], [26.3636,50.0386], [31.119,68.5667], [31.2272,48.7139], [35.0335,39.3421], [43.5135,45.5844], [43.5135,45.5844], [35.0335,39.3421], [26.3636,50.0386], [31.2272,48.7139], [42.1249,52.9707], [35.0335,39.3421], [35.0335,39.3421], [26.3636,50.0386], [35.0335,39.3421], [26.3636,50.0386], [35.0335,39.3421], [58.1442,58.3241], [52.8875,62.0885], [57.1679,53.2487], [35.0335,39.3421], [43.5135,45.5844], [43.5135,45.5844], [43.5135,45.5844], [43.5135,45.5844], [43.5135,45.5844], [35.0335,39.3421], [35.0335,39.3421], [36.5562,49.8624], [35.0335,39.3421], [43.5135,45.5844], [42.1249,52.9707], [43.5135,45.5844], [26.3636,50.0386], [43.5135,45.5844], [49.5081,65.381], [36.7091,58.1679], [52.8875,62.0885], [46.3968,64.3848], [52.8875,62.0885], [39.4289,62.7803], [43.5135,45.5844], [36.5562,49.8624], [39.4289,62.7803], [50.7713,73.4472], [49.5081,65.381], [44.2064,71.3578], [58.1442,58.3241], [58.8478,73.9231], [58.1442,58.3241], [55.1415,67.8873], [58.8478,73.9231], [58.8478,73.9231], [55.1415,67.8873], [58.8478,73.9231], [55.6348,63.326], [55.6348,63.326], [46.3968,64.3848], [57.7949,60.2532], [57.1679,53.2487], [46.3968,64.3848], [57.1679,53.2487], [55.6348,63.326], [49.5081,65.381], [43.5135,45.5844], [52.8875,62.0885], [52.8875,62.0885], [65.0459,72.056], [52.8875,62.0885], [58.1442,58.3241], [71.6559,66.981], [57.7949,60.2532], [57.1679,53.2487], [55.1415,67.8873], [50.7713,73.4472], [58.8478,73.9231], [65.0459,72.056], [58.2719,77.5533], [57.6084,82.6775], [55.1415,67.8873], [55.1415,67.8873], [45.5556,80.3016], [49.9913,78.1324], [58.2719,77.5533], [55.1415,67.8873], [49.9913,78.1324], [58.8478,73.9231], 