{
  "instance_index": 0,
  "birth_iter": 93,
  "death_iter": 170,
  "survival_iters": 77,
  "censored": false,
  "pre_vnd_cost": 10233.5,
  "post_vnd_cost": 542.235,
  "pre_vnd_coords": [[80,20], [86.2684,17.5916], [85.387,35.02], [85.5338,32.1178], [82.6198,48.8365], [85.4329,34.1118], [86.2684,17.5916], [86.2684,17.5916], [86.2684,17.5916], [67.934,15.7584], [71.7259,17.0915], [70.9546,16.8203], [78.2859,17.2008], [69.6975,15.8746], [68.6062,15.8296], [33.5589,38.9869], [32.2065,39.1376], [51.5754,86.5416], [40.5315,89.2545], [38.5246,89.1533], [39.2385,85.4991], [31.5174,67.4057], [15.5416,67.9007], [14.6269,68.2774], [21.6373,64.4614], [22.1139,54.0533], [24.8532,61.2503], [22.4799,61.9625], [34.521,67.3376], [34.8629,67.8297], [33.2505,65.5086], [41.0829,75.356], [23.0199,84.345], [30.5944,88.7534], [32.59,66.8237], [33.4527,65.7997], [31.8652,67.217], [32.4056,66.9237], [51.5754,86.5416], [19.6835,78.503], [39.0777,85.4654], [33.9702,66.5446], [26.8442,80.2113], [28.1278,79.7391], [20.9742,65.4717], [19.6835,78.503], [12.4714,76.1764], [23.3095,61.8037], [26.3318,66.4068], [19.6835,78.503], [19.1236,78.3962], [26.5133,80.333], [22.6974,85.532], [30.5944,88.7534], [10.1462,76.8701], [25.5625,80.6828], [9.63296,89.2439], [23.4859,89.9334], [26.9536,89.4769], [9.81734,84.0943], [29.9269,88.4714], [15.3425,77.6752], [16.3738,63.1311], [7.64442,82.3508], [17.9708,78.1764], [10.1613,71.1312], [11.5509,66.6954], [11.7161,75.3516], [17.1797,78.0255], [15.6169,77.7276], [13.0618,83.4727], [11.1178,89.3306], [20.6368,89.6572], [22.8958,84.802], [22.1117,87.6876], [10.5414,70.3821], [22.3599,86.7743], [10.1148,89.2962], [9.63296,89.2439], [13.8061,77.3823], [23.0199,84.345], [17.902,66.9286], [22.7205,85.4469], [22.6159,85.8318], [10.7913,69.857], [10.1716,70.217], [10.0106,70.6281], [12.6692,63.8401], [10.3263,71.6817], [10.8102,68.5865], [10.0106,70.6281], [11.8934,75.5452], [16.0466,67.6927], [10.8758,69.8222], [12.1991,69.2772], [16.2126,67.6243], [11.0262,69.7603], [10.3848,71.2553], [12.2662,75.9523], [10.0106,70.6281], [13.0618,83.4727], [17.6795,67.0203], [12.8199,52.7333], [16.9872,63.0137], [12.5662,64.103], [16.3879,67.5522], [14.8899,53.7157], [15.8759,67.763], [15.1737,68.0522], [13.6469,53.1351], [14.3984,53.6927], [11.6413,51.4451], [12.6312,52.5627], [21.065,62.2332], [12.4633,52.4109], [26.0294,52.3764], [11.5179,45.3326], [21.5723,62.1362], [10.0106,70.6281], [15.3312,63.3306], [11.8031,51.6553], [12.2983,52.2617], [11.5072,46.8415], [12.0317,51.9522], [29.8749,52.2191], [23.3095,61.8037], [11.6952,51.5151], [11.5682,38.2356], [12.3407,33.0291], [11.5098,46.483], [11.4958,48.4511], [11.5341,51.3367], [11.5364,51.2668], [11.6034,49.1767], [11.7183,45.5908], [11.6905,51.6091], [11.5812,49.8682], [11.521,44.9056], [11.4916,49.0433], [11.5636,38.8892], [11.5513,40.6285], [11.5261,44.1857], [28.5058,40.0063], [11.5397,42.2668], [11.6629,47.3218], [11.7275,45.305], [23.1168,48.5146], [19.8359,53.9468], [11.69,46.4754], [11.5708,51.4521], [11.6721,47.0322], [11.5902,35.1312], [11.5553,40.0688], [11.5359,42.7937], [28.2975,52.2837], [11.8299,33.5829], [11.7915,37.2372], [11.7229,45.4494], [11.7084,45.9], [11.7397,44.926], [11.7317,45.1749], [11.7438,44.7981], [29.0645,52.2523], [11.5764,37.0796], [29.3262,52.2416], [12.486,64.3078], [12.8114,32.5188], [11.9606,33.4411], [11.4938,48.7279], [28.8655,40.5765], [34.5853,38.8724], [33.8097,38.9589], [36.6092,53.7549], [24.1725,60.599], [29.3714,41.0506], [30.5208,39.9945], [36.7738,53.1442], [40.0261,41.0814], [46.9011,34.0399], [33.693,25.4139], [56.0221,47.6116], [52.9084,51.9339], [42.5491,55.4101], [28.8321,52.2618], [41.9094,54.0934], [38.5496,39.732], [32.0019,39.1604], [36.9637,52.4399], [31.7962,39.1834], [37.1525,51.7397], [32.6271,39.0907], [35.3292,38.7895], [36.7907,38.6266], [46.9011,34.0399], [42.4979,56.1055], [47.0821,35.4992], [56.6249,46.7747], [46.9526,34.4549], [59.0406,36.0903], [39.3215,39.3984], [34.5406,52.0283], [37.1505,38.5865], [22.4452,63.2306], [36.5521,53.9666], [36.318,54.8348], [37.2355,51.4318], [34.2887,38.9055], [36.4909,54.1936], [37.0582,52.0896], [41.6662,38.3852], [34.5406,52.0283], [47.125,35.8445], [34.5406,52.0283], [52.9084,51.9339], [39.8964,53.5293], [22.1139,54.0533], [54.9728,47.3522], [35.3813,58.3094], [33.2881,39.017], [33.4685,65.4043], [33.9691,63.5474], [25.3912,65.4797], [42.173,60.5266], [41.5553,68.9295], [41.9225,63.9348], [42.1171,61.2867], [34.5406,52.0283], [31.6613,66.4918], [52.9084,51.9339], [55.0804,47.1323], [49.9742,57.5731], [62.6635,45.3605], [62.3964,65.2293], [57.7667,44.8673], [55.2953,46.6929], [55.7287,31.8255], [56.0189,45.946], [57.8367,45.0926], [47.0211,35.007], [46.976,34.6439], [47.0412,35.1694], [42.631,54.2956], [42.3497,58.1221], [52.2799,72.6057], [24.0686,60.7574], [22.1139,54.0533], [48.7534,60.899], [35.0182,59.656], [48.6797,60.6345], [33.6428,66.0733], [53.089,60.1077], [53.1248,64.5735], [42.4381,56.9196], [41.7424,66.3846], [53.236,61.8807], [52.4748,68.4733], [52.9554,65.5895], [51.2375,54.9902], [52.604,72.3724], [62.3791,65.2538], [52.4374,72.4923], [52.1355,72.7096], [52.7464,72.27], [62.3026,65.3616], [68.7398,67.1628], [67.2262,67.5612], [53.3481,63.2335], [52.8126,66.4468], [78.5253,81.3244], [68.2498,67.2316], [73.2575,82.3147], [64.9016,73.8448], [75.3304,89.3303], [61.6406,81.8667], [75.3304,89.3303], [60.6727,82.6991], [52.8233,72.2146], [62.3319,65.3203], [61.4319,82.0462], [61.8482,81.6882], [62.8306,79.4427], [50.8096,85.3409], [62.8306,79.4427], [50.721,85.1751], [52.3836,69.0204], [41.5979,75.597], [59.6536,75.778], [50.721,85.1751], [51.8141,72.941], [37.4908,89.1012], [53.6214,71.6402], [44.9412,83.4601], [53.0521,72.0499], [51.8885,72.8874], [53.8599,71.4685], [59.7404,76.097], [51.2409,86.148], [52.1614,70.3538], [59.7673,76.1958], [67.2647,67.4574], [51.556,70.6813], [61.2172,82.2308], [75.5342,69.1193], [62.3915,65.2363], [69.6254,67.3604], [67.6234,66.7644], [73.3627,68.4729], [79.3544,65.7671], [69.2245,67.0947], [67.2888,67.3922], [52.7413,66.8746], [53.1971,61.4115], [68.1366,45.1925], [82.3872,48.8019], [85.0982,40.7289], [86.5572,47.415], [86.3192,46.3246], [85.1761,39.1876], [68.8573,46.441], [71.2096,46.8512], [82.8913,48.8768], [86.4101,67.6468], [86.3213,65.0712], [86.3425,65.6854], [81.3023,44.1519], [86.3561,66.0792], [82.7829,39.4161], [85.4824,33.1341], [82.3872,48.8019], [82.3872,48.8019], [85.2537,37.6544], [85.3154,36.4354], [82.7562,48.8568], [82.5026,48.8191], [76.988,66.0036], [76.988,66.0036], [68.1366,45.1925], [86.3213,65.0712], [86.3213,65.0712], [79.9337,73.9809], [62.3611,65.2791], [62.3677,65.2698], [62.3486,65.2968], [67.2936,67.3792], [67.2751,67.4291], [67.2987,67.3653], [67.7378,67.3036], [77.1284,70.128], [78.4078,71.8851], [81.2389,75.7735], [62.9091,65.361], [68.0988,46.3087], [64.9515,45.7598], [56.3308,30.9476], [65.7432,45.8979], [69.5098,16.3123], [56.7081,30.3973], [55.8609,31.6327], [59.3143,37.9097], [59.1091,36.546], [47.1022,35.661], [46.93,34.2727], [59.14,36.7511], [47.1464,36.017], [56.5355,45.6272], [57.9524,44.7527], [43.1636,21.2913], [46.9011,34.0399], [32.9378,26.5485], [46.9011,34.0399], [48.1404,26.2978], [59.5493,39.4716], [59.1161,36.0672], [59.5769,35.9262], [59.8561,41.5104], [67.3039,46.17], [70.3421,46.6999], [69.5659,46.5645], [54.7889,47.7283], [56.7507,45.4944], [55.7262,31.8234], [72.8325,47.1342], [57.5699,29.1406], [60.98,45.0667], [58.5321,27.7376], [58.2228,44.5857], [57.5717,44.9876], [59.9299,42.0008], [42.631,54.2956], [59.1747,36.9819], [52.925,52.6862], [62.4087,65.212], [66.5097,46.0315], [72.0143,46.9915], [59.6428,44.8335], [73.7436,47.2931], [69.6173,67.0394], [59.873,76.5848], [67.2497,67.4977], [67.2451,67.5102], [53.1614,60.9807], [50.4178,56.6661], [53.5427,71.6968], [50.1161,57.283], [62.6614,65.2873], [86.3358,65.4912], [76.6319,69.446], [85.567,82.8134], [85.8324,82.5096], [86.7717,78.1359], [86.7505,77.5193], [86.2519,79.1037], [76.1565,92.7362], [73.6231,88.6999], [73.3911,92.476], [74.2729,89.7353], 