{
  "instance_index": 0,
  "birth_iter": 5,
  "death_iter": 30,
  "survival_iters": 25,
  "censored": false,
  "pre_vnd_cost": 11360.3,
  "post_vnd_cost": 643.153,
  "pre_vnd_coords": [[80,20], [86.1151,40.7968], [64.3562,9.33094], [73.5985,13.8963], [73.0008,21.1494], [51.1605,30.3872], [45.9859,18.5529], [42.3383,17.2772], [42.3383,17.2772], [51.1605,30.3872], [51.1605,30.3872], [51.1605,30.3872], [51.1605,30.3872], [57.1652,30.811], [57.1652,30.811], [69.1495,44.2272], [70.4678,42.4546], [63.1223,46.5089], [63.1223,46.5089], [63.1223,46.5089], [51.1605,30.3872], [63.1223,46.5089], [50.193,44.5315], [50.5735,59.8869], [53.446,56.1046], [50.8734,63.1637], [42.044,58.2383], [50.8734,63.1637], [39.3432,71.1741], [29.6578,57.0829], [26.5364,50.6115], [29.6578,57.0829], [46.2329,53.0651], [49.6709,75.7651], [36.3921,66.293], [50.5735,59.8869], [42.044,58.2383], [50.5735,59.8869], [42.044,58.2383], [44.6924,58.3144], [35.3473,56.3052], [46.2329,53.0651], [44.6924,58.3144], [62.77,64.0259], [69.7594,51.886], [69.197,61.1507], [64.3138,64.1129], [59.4608,68.1198], [67.1651,69.5542], [57.8295,77.7606], [51.8403,69.2895], [44.6924,58.3144], [39.3432,71.1741], [49.3947,70.7972], [56.5114,69.7757], [39.3432,71.1741], [52.9021,64.5404], [36.9869,62.903], [49.3947,70.7972], [56.6934,72.3471], [57.8295,77.7606], [64.3138,64.1129], [50.5735,59.8869], [50.5735,59.8869], [50.5735,59.8869], [49.6709,75.7651], [52.9021,64.5404], [46.0169,73.2808], [50.9676,76.9175], [41.5488,85.6402], [69.7457,76.6196], [52.9021,64.5404], [46.0169,73.2808], [38.1396,71.3222], [36.5179,83.699], [38.1396,71.3222], [46.4121,69.8301], [38.1396,71.3222], [39.3432,71.1741], [39.3432,71.1741], [36.9869,62.903], [32.9091,47.9476], [41.6258,42.3547], [46.4121,69.8301], [46.4121,69.8301], [35.8669,62.4024], [21.8952,60.9711], [36.9869,62.903], [19.5886,63.3774], [21.5953,60.7925], [13.9189,60.9435], [6.55164,74.0221], [14.337,63.2607], [18.5436,59.1392], [9.22538,59.9255], [8.32231,73.5546], [12.9214,66.6103], [14.6132,56.6792], [17.9514,77.5171], [12.9214,66.6103], [15.6,80.1559], [11.8382,73.5173], [11.6894,62.6563], [13.6229,74.4276], [4.80413,63.1094], [4.80413,63.1094], [13.6229,74.4276], [6.55164,74.0221], [13.6229,74.4276], [4.80413,63.1094], [6.08812,80.7465], [2.86662,79.2679], [8.67052,63.2191], [8.32231,73.5546], [-1.61708,67.4082], [7.77748,59.5738], [4.06772,58.3302], [9.02231,41.5329], [4.80413,63.1094], [4.80413,63.1094], [6.01021,46.3376], [7.77748,59.5738], [12.4931,31.3756], [11.4428,45.7688], [28.5904,40.5861], [15.6852,41.2402], [15.6852,41.2402], [11.0034,51.0077], [11.0034,51.0077], [11.0034,51.0077], [13.4801,31.2233], [7.0275,28.8139], [5.35725,23.799], [5.35725,23.799], [23.3719,43.0389], [26.6123,23.1961], [23.3719,43.0389], [13.4801,31.2233], [5.35725,23.799], [10.8562,11.3983], [18.7377,11.5731], [9.97344,18.7244], [9.97344,18.7244], [6.31536,5.02922], [9.97344,18.7244], [9.97344,18.7244], [9.97344,18.7244], [6.31536,5.02922], [6.31536,5.02922], [6.31536,5.02922], [6.31536,5.02922], [28.3135,27.4574], [26.0441,30.766], [27.9271,15.8434], [36.8347,28.8726], [36.8347,28.8726], [36.8347,28.8726], [35.7417,15.4728], [24.0827,33.9424], [26.0441,30.766], [34.8477,50.2888], [28.5904,40.5861], [23.1401,59.3893], [41.7762,51.984], [46.2329,53.0651], [29.6578,57.0829], [23.1401,59.3893], [34.6325,73.5955], [36.9869,62.903], [19.382,70.7203], [35.8669,62.4024], [24.388,69.4295], [35.8748,73.3595], [25.2775,60.1553], [18.5436,59.1392], [19.5886,63.3774], [29.6578,57.0829], [29.6578,57.0829], [19.4331,51.1929], [28.978,66.1397], [28.978,66.1397], [11.8382,73.5173], [38.1396,71.3222], [28.0077,73.3566], [16.198,55.4597], [28.8483,62.8067], [46.4121,69.8301], [36.3921,66.293], [16.198,55.4597], [28.5904,40.5861], [15.6852,41.2402], [25.7479,74.0498], [21.5953,60.7925], [21.5953,60.7925], [19.5886,63.3774], [18.5436,59.1392], [25.2261,54.1398], [14.6132,56.6792], [24.1123,49.6566], [24.388,69.4295], [21.1911,82.088], [34.4622,80.3836], [14.7106,81.4081], [25.7479,74.0498], [14.7106,81.4081], [25.7479,74.0498], [24.3698,89.6753], [16.8884,88.2031], [17.9998,77.5644], [13.4053,84.4088], [17.9514,77.5171], [36.3921,66.293], [11.8382,73.5173], [26.4481,86.0655], [17.9514,77.5171], [13.6229,74.4276], [7.1207,87.842], [14.1678,96.0671], [21.0878,75.8041], [16.8884,88.2031], [5.35301,80.3402], [14.1678,96.0671], [16.1307,85.114], [1.1587,84.3815], [8.22269,85.3844], [16.1307,85.114], [10.5924,98.7531], [10.5924,98.7531], [0.954447,92.1304], [0.294348,89.3171], [1.77562,81.3548], [-5.02068,85.025], [10.8609,86.2181], [5.50483,98.7313], [17.2958,103.838], [0.294348,89.3171], [0.294348,89.3171], [8.22269,85.3844], [0.954447,92.1304], [0.954447,92.1304], [10.5924,98.7531], [5.62954,90.1654], [5.35301,80.3402], [7.1207,87.842], [5.35301,80.3402], [24.3698,89.6753], [0.294348,89.3171], [5.50483,98.7313], [0.954447,92.1304], [7.1207,87.842], [17.2958,103.838], [24.3698,89.6753], [14.1678,96.0671], [16.8884,88.2031], [24.3698,89.6753], [10.8609,86.2181], [14.1678,96.0671], [13.4053,84.4088], [13.4053,84.4088], [17.9514,77.5171], [27.6518,102.47], [16.5008,95.695], [25.7001,91.4269], [27.6518,102.47], [46.0004,104.166], [38.4119,99.2134], [33.4072,104.057], [24.3698,89.6753], [24.3698,89.6753], [24.3698,89.6753], [31.4356,93.2132], [10.8609,86.2181], [17.9514,77.5171], [16.1307,85.114], [25.7001,91.4269], [25.7001,91.4269], [28.195,85.4048], [25.8172,81.4587], [25.8172,81.4587], [37.5793,85.2144], [34.0004,97.6019], [31.4356,93.2132], [41.2689,82.5459], [13.6229,74.4276], [24.3698,89.6753], [19.0974,90.1988], [16.5008,95.695], [29.2555,93.0775], [26.4481,86.0655], [39.7362,83.3815], [19.0974,90.1988], [19.0974,90.1988], [11.231,85.3046], [10.8609,86.2181], [34.0004,97.6019], [25.8172,81.4587], [25.8172,81.4587], [29.2555,93.0775], [33.0002,75.7481], [29.2555,93.0775], [39.7362,83.3815], [26.4481,86.0655], [26.4481,86.0655], [39.7362,83.3815], [50.1658,92.7062], [53.5264,82.8123], [47.7369,80.02], [34.4622,80.3836], [41.1858,92.567], [56.5114,69.7757], [39.3432,71.1741], [38.1396,71.3222], [49.6709,75.7651], [36.5179,83.699], [29.7072,81.4575], [28.195,85.4048], [25.8172,81.4587], [13.4053,84.4088], [24.388,69.4295], [13.6229,74.4276], [21.0878,75.8041], [1.77562,81.3548], [13.5274,71.904], [11.4428,45.7688], [21.8952,60.9711], [6.08812,80.7465], [8.22269,85.3844], [-2.53765,78.1865], [12.9214,66.6103], [8.22269,85.3844], [7.1207,87.842], [10.8609,86.2181], [6.08812,80.7465], [13.4053,84.4088], [0.954447,92.1304], [13.4053,84.4088], [-2.53765,78.1865], [0.954447,92.1304], [6.08812,80.7465], [-2.53765,78.1865], [8.32231,73.5546], [-2.53765,78.1865], [1.1587,84.3815], [1.1587,84.3815], [1.77562,81.3548], [1.77562,81.3548], [1.77562,81.3548], [10.8609,86.2181], [13.6229,74.4276], [1.77562,81.3548], [8.32231,73.5546], [13.4053,84.4088], [12.9214,66.6103], [13.6229,74.4276], [4.80413,63.1094], [1.53038,76.3041], [4.80413,63.1094], [-1.61708,67.4082], [17.2958,103.838], [27.6518,102.47], [2.86662,79.2679], [1.1587,84.3815], [15.6,80.1559], [-2.53765,78.1865], [-1.61708,67.4082], [5.858,65.0771], [4.06772,58.3302], [21.0878,75.8041], [21.0878,75.8041], [26.1361,69.3371], [38.1396,71.3222], [28.0077,73.3566], [21.1911,82.088], [21.5953,60.7925], [19.4331,51.1929], [18.5436,59.1392], [19.4331,51.1929], [26.5364,50.6115], [21.5953,60.7925], [28.0077,73.3566], [26.1361,69.3371], [21.8952,60.9711], [11.8382,73.5173], [36.9869,62.903], [39.5526,47.19], [28.5904,40.5861], [26.5364,50.6115], [28.5904,40.5861], [11.4428,45.7688], [11.0034,51.0077], [11.4428,45.7688], [6.01021,46.3376], [11.0034,51.0077], [11.0034,51.0077], [12.4931,31.3756], [26.5364,50.6115], [34.8477,50.2888], [24.0827,33.9424], [28.7548,33.0528], [36.2879,39.2014], [35.3473,56.3052], [51.1605,30.3872], [40.371,38.8131], [77.3146,40.1408], [88.3983,51.8674], [69.7594,51.886], [69.7594,51.886], [77.3146,40.1408], [69.7594,51.886], [76.1695,54.4163], [76.525,48.1229], [80.0871,61.4789], [80.0871,61.4789], [76.1695,54.4163], [80.0871,61.4789], 