{
  "instance_index": 0,
  "birth_iter": 9,
  "death_iter": 30,
  "survival_iters": 21,
  "censored": false,
  "pre_vnd_cost": 12105.5,
  "post_vnd_cost": 583.972,
  "pre_vnd_coords": [[80,20], [78.1608,35.1242], [104.865,25.1314], [89.7925,7.76479], [104.865,25.1314], [97.5636,10.8297], [83.4577,4.79248], [69.0848,7.63488], [83.4577,4.79248], [72.2664,15.5043], [50.0898,34.9087], [47.819,35.3805], [53.0938,48.3904], [48.7158,36.2249], [53.2383,43.6979], [48.2114,51.387], [48.0175,59.6722], [40.0376,61.7034], [40.0376,61.7034], [40.0376,61.7034], [48.0175,59.6722], [54.5049,53.0796], [57.1231,49.8916], [49.8147,72.6256], [65.6929,52.4219], [49.4132,60.0939], [61.6262,59.132], [60.8786,64.192], [60.8786,64.192], [61.6138,78.0665], [54.0362,80.1113], [53.8202,83.1074], [73.0748,69.3588], [68.2133,60.1738], [51.732,64.603], [61.6262,59.132], [65.6929,52.4219], [61.6262,59.132], [49.8636,76.8281], [64.4086,55.0941], [48.0175,59.6722], [55.1171,60.8788], [51.732,64.603], [51.732,64.603], [51.2174,55.2849], [50.1236,84.3819], [50.1236,84.3819], [40.6052,69.7379], [54.0362,80.1113], [47.2003,87.1676], [41.9131,67.8942], [52.9118,90.7609], [45.9213,92.8766], [45.9213,92.8766], [40.7551,77.9619], [46.681,69.3225], [49.8636,76.8281], [49.8147,72.6256], [40.7551,77.9619], [51.732,64.603], [40.0666,67.2984], [41.9131,67.8942], [46.681,69.3225], [48.0175,59.6722], [40.0376,61.7034], [40.0376,61.7034], [41.9131,67.8942], [40.4265,49.2436], [54.0362,80.1113], [50.1236,84.3819], [54.0362,80.1113], [46.681,69.3225], [55.1171,60.8788], [54.5049,53.0796], [50.1011,51.0273], [48.0175,59.6722], [49.8636,76.8281], [48.0175,59.6722], [46.681,69.3225], [40.7551,77.9619], [66.13,73.3455], [73.6835,72.8673], [62.4673,90.9829], [68.1754,83.9951], [74.1737,69.1736], [63.4877,62.2461], [59.4554,74.2919], [77.8903,76.915], [63.4877,62.2461], [59.4554,74.2919], [66.5476,68.9206], [50.1236,84.3819], [53.0938,48.3904], [65.6929,52.4219], [63.4877,62.2461], [74.1737,69.1736], [63.4877,62.2461], [66.5476,68.9206], [61.6138,78.0665], [82.0195,78.972], [68.1754,83.9951], [82.0195,78.972], [99.7455,74.9174], [70.3635,91.4567], [93.3946,66.8242], [82.434,58.3136], [93.3946,66.8242], [93.3946,66.8242], [93.3946,66.8242], [75.5916,56.8959], [77.6254,54.733], [93.3946,66.8242], [91.1273,44.8516], [79.3643,46.0408], [93.3946,66.8242], [77.6253,52.4578], [65.3038,43.6417], [77.6254,54.733], [89.3377,34.0171], [64.4086,55.0941], [77.6254,54.733], [65.3038,43.6417], [82.434,58.3136], [82.434,58.3136], [82.434,58.3136], [63.4877,62.2461], [59.4554,74.2919], [40.7551,77.9619], [67.6347,84.2073], [66.13,73.3455], [63.3972,99.2173], [24.1963,85.9506], [18.4568,96.0621], [18.4568,96.0621], [28.3117,66.6215], [19.8489,80.1253], [24.1963,85.9506], [24.7236,77.3205], [25.7879,82.2081], [20.0156,79.559], [18.0306,85.0402], [18.0306,85.0402], [16.506,66.7707], [29.4765,76.9152], [25.7879,82.2081], [24.1963,85.9506], [40.331,86.3715], [23.3858,65.8521], [14.3955,74.5169], [36.4927,79.9192], [24.1183,78.9316], [20.0156,79.559], [33.6586,88.5093], [36.4927,79.9192], [31.7743,75.4339], [51.732,64.603], [56.0445,70.7839], [31.9069,58.6317], [34.0902,74.9011], [40.7551,77.9619], [21.4798,60.4127], [16.0212,69.0455], [8.75766,69.3163], [16.506,66.7707], [4.94682,63.0296], [-5.25957,60.9724], [23.2481,52.0046], [1.11548,69.5299], [10.9492,47.9952], [6.14261,55.1545], [6.5957,58.5983], [6.5957,58.5983], [6.5957,58.5983], [13.9221,59.7992], [16.506,66.7707], [13.9221,59.7992], [25.4027,53.2974], [16.506,66.7707], [16.506,66.7707], [14.3955,74.5169], [12.7121,92.6947], [15.5329,73.8756], [10.9255,76.4797], [5.79102,73.6693], [8.82232,89.2747], [8.82232,89.2747], [-4.23323,75.962], [9.62277,91.819], [26.038,95.5219], [30.3398,96.3564], [15.7655,95.8405], [26.038,95.5219], [10.9255,76.4797], [10.9255,76.4797], [22.4687,73.7963], [25.7879,82.2081], [16.0212,69.0455], [16.506,66.7707], [28.3117,66.6215], [10.9255,76.4797], [21.9117,65.4417], [28.3117,66.6215], [15.5329,73.8756], [34.0566,63.094], [16.506,66.7707], [14.2837,54.2985], [31.9069,58.6317], [26.898,52.3594], [18.9715,44.0169], [25.4027,53.2974], [12.5012,53.3378], [34.0566,63.094], [25.4027,53.2974], [33.6586,50.1978], [40.4265,49.2436], [34.6503,51.2154], [13.5568,39.7736], [29.4722,64.0968], [12.5012,53.3378], [10.9492,47.9952], [26.8629,73.6854], [28.3117,66.6215], [35.2066,52.6176], [40.0376,61.7034], [25.9184,43.7161], [33.6586,50.1978], [23.2481,52.0046], [17.9273,43.0611], [17.9273,43.0611], [18.9715,44.0169], [26.6781,36.1798], [18.9715,44.0169], [48.7158,36.2249], [51.2174,55.2849], [48.7158,36.2249], [26.5348,46.354], [26.5348,46.354], [29.6201,36.2157], [36.362,37.7753], [29.6201,36.2157], [28.4009,41.0194], [26.7977,32.47], [28.4009,41.0194], [32.6527,27.6289], [18.9715,44.0169], [18.9715,44.0169], [15.0753,43.4942], [7.55631,46.5754], [15.0753,43.4942], [14.2837,54.2985], [10.9492,47.9952], [1.47747,43.3903], [6.19638,35.9859], [13.9221,59.7992], [18.9715,44.0169], [26.5348,46.354], [32.6527,27.6289], [26.6781,36.1798], [34.0112,35.3398], [28.4009,41.0194], [28.4009,41.0194], [35.7624,36.827], [45.6371,30.2313], [38.0815,26.2507], [36.362,37.7753], [36.362,37.7753], [32.8434,31.1389], [38.0815,26.2507], [29.6201,36.2157], [35.7624,36.827], [22.3551,28.3909], [34.6503,51.2154], [42.523,45.2494], [13.4123,24.4345], [22.3551,28.3909], [13.0617,31.353], [26.6781,36.1798], [12.0755,33.6377], [32.8434,31.1389], [29.6201,36.2157], [21.3084,21.7579], [32.8434,31.1389], [28.4009,41.0194], [35.7624,36.827], [33.0822,17.2448], [54.2263,38.1288], [54.0607,29.5355], [53.2383,43.6979], [68.9325,43.5718], [48.7158,36.2249], [68.9325,43.5718], [54.0607,29.5355], [48.7158,36.2249], [40.4265,49.2436], [42.523,45.2494], [32.4521,47.1647], [50.1011,51.0273], [54.6796,45.2672], [44.2663,38.1103], [47.819,35.3805], [57.1231,49.8916], [57.1231,49.8916], [53.2383,43.6979], [54.0607,29.5355], [63.6696,39.9944], [63.6696,39.9944], [54.0607,29.5355], [48.7158,36.2249], [60.3645,28.5939], [50.0898,34.9087], [42.523,45.2494], [50.0898,34.9087], [42.523,45.2494], [50.1011,51.0273], [50.1011,51.0273], [35.2066,52.6176], [40.4265,49.2436], [31.9069,58.6317], [37.9405,59.4533], [35.2066,52.6176], [32.3693,66.007], [29.4722,64.0968], [35.7776,60.9112], [34.6503,51.2154], [35.7624,36.827], [45.6371,30.2313], [45.319,18.9222], [45.319,18.9222], [39.0972,15.9543], [45.319,18.9222], [39.0972,15.9543], [39.0972,15.9543], [38.0815,26.2507], [33.0822,17.2448], [60.3645,28.5939], [44.2663,38.1103], [60.3645,28.5939], [64.5493,23.5737], [64.5493,23.5737], [63.6696,39.9944], [64.5493,23.5737], [45.319,18.9222], [75.7814,20.441], [60.393,15.8318], [60.1204,20.2834], [72.2664,15.5043], [72.2664,15.5043], [68.711,28.4278], [72.2664,15.5043], [72.2664,15.5043], [69.0848,7.63488], [37.5962,5.27716], [29.3797,14.7007], [33.0822,17.2448], [33.0822,17.2448], [33.0822,17.2448], [21.3084,21.7579], [32.8434,31.1389], [22.6956,11.4575], [39.0972,15.9543], [29.6154,12.4383], [29.3797,14.7007], [22.3551,28.3909], [21.3084,21.7579], [27.9351,29.7907], [22.6956,11.4575], [22.3551,28.3909], [18.9715,44.0169], [22.3551,28.3909], [29.3797,14.7007], [29.3797,14.7007], [22.3551,28.3909], [29.3797,14.7007], [19.4368,15.7151], [13.4123,24.4345], [13.2728,36.8605], [12.0755,33.6377], [6.86684,16.3825], [12.0755,33.6377], [6.86684,16.3825], [6.86684,16.3825], [6.86684,16.3825], [0.98506,14.7377], [0.517424,32.3096], [10.1516,42.7597], [13.4123,24.4345], [3.88878,24.6954], [1.93792,18.9814], [1.93792,18.9814], [2.90107,11.5489], [15.4848,10.1929], [2.90107,11.5489], [21.3084,21.7579], [15.4848,10.1929], [6.86684,16.3825], [19.4368,15.7151], [0.98506,14.7377], [0.98506,14.7377], [11.4297,2.45203], [11.4297,2.45203], [1.93792,18.9814], [6.86684,16.3825], [16.9497,19.2027], [19.4368,15.7151], [22.3551,28.3909], [1.93792,18.9814], [1.93792,18.9814], [29.3797,14.7007], [22.3551,28.3909], [12.0755,33.6377], [13.2728,36.8605], [11.4297,2.45203], [3.88878,24.6954], [3.88878,24.6954], [12.0755,33.6377], [6.41026,37.1329],