{
  "instance_index": 0,
  "birth_iter": 233,
  "death_iter": 240,
  "survival_iters": 7,
  "censored": false,
  "pre_vnd_cost": 8583.12,
  "post_vnd_cost": 555.934,
  "pre_vnd_coords": [[80,20], [86.2684,17.5916], [86.2684,17.5916], [86.2684,17.5916], [86.2684,17.5916], [86.2684,17.5916], [86.2684,17.5916], [83.1877,33.3338], [82.9146,34.7292], [82.9146,34.7292], [83.0478,34.049], [80.9896,37.2726], [73.7325,46.8606], [82.9146,34.7292], [83.3769,32.3669], [55.4596,41.5242], [51.3907,54.554], [56.676,39.834], [52.9995,54.4108], [56.7041,30.0366], [32.2145,38.8065], [32.1066,39.1095], [32.5109,37.9747], [37.4001,17.67], [32.4223,38.2234], [56.349,27.8533], [33.1806,36.0953], [51.6199,44.8243], [31.6641,41.4929], [31.647,40.9567], [31.6698,41.6728], [31.6858,42.1771], [32.5908,37.7506], [31.6805,42.0105], [31.9147,54.0113], [32.3151,38.5242], [33.0894,36.3512], [31.7391,43.8534], [31.8588,39.8051], [34.6277,32.034], [32.8828,36.931], [51.6435,43.8234], [31.7484,44.1463], [32.9885,36.6342], [32.7813,37.216], [31.7132,43.0376], [31.8758,53.6354], [31.8758,53.6354], [31.8844,53.7189], [31.7339,43.6887], [31.8758,53.6354], [13.5827,33.217], [9.81226,48.6526], [13.9023,35.3728], [14.0028,34.8243], [10.7483,45.0843], [31.6308,40.4449], [31.9395,54.2509], [10.3392,46.9202], [11.1142,53.1772], [10.7483,45.0843], [9.81226,48.6526], [9.81226,48.6526], [11.8398,52.56], [11.8427,37.2837], [11.8398,52.56], [11.8398,52.56], [28.3946,50.7737], [11.8398,52.56], [11.3017,46.0512], [12.0037,37.582], [11.9812,37.5404], [11.3017,46.0512], [11.8398,52.56], [11.8398,52.56], [11.3017,46.0512], [11.6837,50.6724], [14.0446,61.1217], [11.8398,52.56], [11.3074,45.9957], [16.83,66.6042], [11.9355,37.4557], [11.8663,37.3274], [11.3358,45.7197], [11.8896,37.3707], [11.958,37.4974], [11.3017,46.0512], [11.8398,52.56], [14.3308,61.408], [23.5855,48.5146], [11.3242,45.8327], [11.8398,52.56], [11.3017,46.0512], [11.8398,52.56], [10.666,69.8639], [14.1672,61.2443], [9.62493,71.5773], [11.8398,52.56], [17.3007,66.545], [9.27296,71.3456], [12.0882,69.1118], [9.51066,71.5021], [12.5901,55.8609], [14.5566,67.8064], [13.7096,60.7865], [15.8495,63.6234], [14.0621,68.0679], [14.9716,62.0491], [30.0549,70.885], [32.2903,66.2358], [14.0152,61.0923], [29.7979,71.8938], [31.9383,66.2778], [19.34,87.1604], [32.0523,66.2642], [16.2437,64.3304], [13.7468,60.8238], [32.391,53.7266], [30.5672,52.3564], [14.6828,61.7601], [31.7032,66.3058], [14.418,61.4952], [16.0827,66.9993], [30.3477,69.7356], [30.8502,67.7627], [16.6486,65.0565], [16.9978,66.5831], [17.0548,65.7851], [16.8472,65.4127], [15.6054,67.2517], [16.0578,63.9971], [10.0166,81.1062], [10.5228,85.0222], [10.3334,78.4795], [9.08994,88.7894], [9.08994,88.7894], [9.08994,88.7894], [9.08994,88.7894], [9.08994,88.7894], [9.08994,88.7894], [9.08994,88.7894], [9.5227,85.2012], [10.3959,77.9608], [9.08994,88.7894], [9.34451,86.6787], [9.4652,85.678], [10.8087,80.9042], [9.08994,88.7894], [9.75389,83.2843], [9.8151,82.7768], [11.345,69.5048], [13.7096,60.7865], [13.7096,60.7865], [11.0881,69.6407], [13.8831,60.9601], [29.1902,74.2798], [11.9386,74.946], [9.96815,70.6062], [12.2259,74.8355], [13.9494,61.0264], [15.648,63.262], [13.1391,74.4842], [12.8281,74.6039], [13.7096,60.7865], [13.5413,68.3433], [10.7022,75.4216], [21.8781,85.7803], [9.27296,71.3456], [11.0323,75.2946], [9.27296,71.3456], [11.3395,75.1764], [15.1007,67.5186], [14.9716,62.0491], [11.6397,75.061], [12.1995,73.2723], [10.2918,72.0164], [13.7096,60.7865], [13.2418,73.9586], [13.9833,61.0603], [14.5008,61.578], [13.7824,60.8593], [17.1499,66.5639], [13.9171,60.9941], [15.4392,62.8876], [13.8507,60.9276], [10.3004,70.2527], [21.8781,85.7803], [11.6733,72.9259], [10.1477,80.0194], [9.91357,81.9604], [20.4913,86.5344], [13.4288,74.3728], [10.7022,75.4216], [10.104,80.3812], [10.9211,72.4306], [10.1879,79.6861], [10.7022,75.4216], [10.7022,75.4216], [10.7022,75.4216], [17.2543,66.1429], [10.2699,79.0058], [9.39208,71.424], [12.9896,68.6351], [16.4436,64.689], [9.29142,87.1189], [9.27296,71.3456], [9.27296,71.3456], [9.38376,88.7546], [10.2859,78.8736], [10.3019,78.7403], [10.7022,75.4216], [12.5167,74.7236], [10.3662,78.2071], [11.6862,69.3244], [13.8168,60.8938], [9.6288,70.9671], [13.476,74.1127], [19.8845,86.8643], [12.542,68.8718], [9.27296,71.3456], [10.7022,75.4216], [9.27296,71.3456], [11.3627,88.5202], [10.7022,75.4216], [9.94301,88.6883], [9.68396,83.8642], [9.27296,71.3456], [9.48929,88.7421], [10.8747,69.7535], [9.27296,71.3456], [9.61367,84.447], [9.96063,81.5702], [9.27566,88.7674], [13.1125,89.6024], [10.6736,82.8501], [10.2278,89.7723], [10.251,89.7709], [10.6469,83.2345], [11.871,89.6755], [13.2075,89.5968], [14.1843,89.5393], [12.3528,89.6471], [10.2169,89.7729], [13.9439,89.5534], [16.1384,89.4242], [11.6114,89.6908], [11.062,89.7232], [12.0019,89.6678], [12.428,89.6427], [10.2625,89.7702], [14.6105,89.5142], [12.5655,89.6346], [10.644,89.7478], [12.071,89.6637], [13.5911,89.5742], [22.0517,89.0761], [10.4281,89.7605], [28.4162,86.1641], [11.7384,89.6833], [12.2798,89.6514], [13.8307,89.5601], [15.2406,89.4771], [14.0742,89.5458], [15.7044,89.4498], [12.1407,89.6596], [12.993,89.6094], [10.4995,89.7563], [10.7285,82.0591], [10.4258,86.4185], [12.6412,89.6302], [17.1224,89.3663], [11.2004,89.715], [11.4756,89.6988], [23.2431,87.6912], [27.2949,82.9809], [19.6169,89.2195], [29.6141,86.8573], [29.8117,86.9717], [10.9381,89.7305], [27.4824,82.763], [22.0517,89.0762], [27.5732,82.6575], [28.1989,82.7631], [12.8627,89.6171], [27.7862,82.4099], [27.7448,82.4579], [22.0517,89.0762], [27.7006,82.5093], [28.0049,82.1556], [33.4666,88.0795], [10.207,89.7735], [27.0854,83.2245], [28.2236,83.1496], [28.5971,86.2688], [27.3905,82.8699], [27.8288,82.3603], [30.0232,87.0941], [22.729,88.2889], [11.0008,89.7268], [23.5906,87.2872], [11.4068,89.7029], [10.8709,89.7344], [10.574,89.7519], [41.3622,88.9162], [30.7932,87.4495], [22.0517,89.0762], [27.1258,83.1775], [12.7882,89.6215], [22.9146,88.073], [22.5402,88.5083], [27.3378,82.9312], [11.6829,89.6866], [28.0499,82.1033], [22.0517,89.0762], [22.0517,89.0762], [22.3639,88.7133], [22.0517,89.0762], [22.0517,89.0762], [30.4565,87.3448], [30.2384,87.2187], [31.1646,87.5649], [31.4142,87.6425], [41.1015,89.3896], [11.5461,89.6947], [22.0517,89.0762], [12.9298,89.6132], [22.0517,89.0762], [23.951,86.8682], [22.0517,89.0762], [32.4828,87.8827], [22.2089,88.8934], [22.0517,89.0761], [31.6542,87.7171], [27.2534,83.0292], [26.7745,83.5859], [23.088,87.8715], [26.5195,83.8823], [27.2145,83.0745], [27.1715,83.1244], [29.2499,86.6466], [28.8208,86.3983], [22.0517,89.0762], [41.4465,88.7629], [40.9941,89.5847], [43.168,85.636], [28.3509,85.1413], [40.9941,89.5847], [39.5703,89.3], [29.0402,86.5252], [40.9941,89.5847], [41.0341,89.5121], [34.8583,88.3578], [28.3992,85.8972], [41.0072,89.561], [41.089,89.4124], [37.2846,88.8429], [40.9941,89.5847], [41.7213,88.2637], [37.7963,88.9452], [40.9941,89.5847], [36.7113,88.7283], [28.3777,85.5607], [35.4939,88.4849], [40.9941,89.5847], [36.165,88.619], [41.0619,89.4615], [40.4806,89.482], [41.5373,88.598], [42.1697,87.4493], [39.1483,89.2156], [27.9639,82.2032], [40.9941,89.5847], [40.9941,89.5847], [41.1784,89.2499], [41.8722,87.9896], [40.9941,89.5847], [41.2744,89.0755], [41.3228,88.958], [41.3181,89.0025], [41.3281,88.9086], [35.2452,81.4222], [29.3782,73.5416], [29.1902,74.2798], [41.2924,89.2421], [40.521,87.9153], [44.4202,83.3616], [55.1916,73.936], [55.9619,81.1473], [55.2424,73.6031], [44.0896,82.1082], [38.7225,89.1304], [43.4756,85.0774], [55.2167,73.7718], [42.3339,87.1511], [54.7678,76.7134], [55.9237,89.0909], [55.3727,72.7495], [54.9651,75.4204], [56.1242,79.1059], [55.4421,87.6858], [68.1755,84.7899], [55.9712,89.0729], [63.1695,86.3497], [55.4723,72.0963], [64.1446,85.9808], [55.312,89.3223], [58.4549,88.1333], [42.3883,79.7043], [44.0935,82.1135], [55.6331,85.2829], [55.6732,89.1857], [55.8324,89.1254], [42.837,86.2372], [44.1638,83.8273], [57.726,88.4091], [55.8772,89.1085], [55.5229,