{
  "instance_index": 0,
  "birth_iter": 38,
  "death_iter": 60,
  "survival_iters": 22,
  "censored": false,
  "pre_vnd_cost": 10307.5,
  "post_vnd_cost": 536.993,
  "pre_vnd_coords": [[80,20], [86.2684,17.5916], [86.3066,21.5684], [86.2778,18.5698], [86.2723,17.9902], [86.2832,19.1242], [86.2684,17.5916], [66.9712,15.4239], [66.4075,16.2436], [59.8086,25.8402], [66.6787,15.8492], [65.5862,17.438], [58.5019,27.7407], [52.3209,30.9963], [52.7644,31.1062], [66.1135,16.6712], [61.914,22.7785], [53.6476,31.325], [62.8521,21.4141], [63.5149,20.4503], [56.5573,30.5686], [65.8404,17.0683], [64.3258,19.271], [60.5109,24.819], [51.8312,30.8749], [53.203,31.2148], [45.8966,29.4036], [54.1379,31.4465], [51.3282,30.7503], [55.6893,31.831], [55.6893,31.831], [54.6768,31.58], [55.6893,31.831], [47.7564,29.8648], [49.611,30.3247], [55.6893,31.831], [50.2613,30.4859], [50.8061,30.6209], [33.5633,38.5996], [33.402,38.6448], [35.3685,30.6561], [48.2762,29.9936], [33.5107,38.6143], [27.6807,33.6987], [31.5087,39.1754], [32.534,38.8881], [29.2717,36.6916], [46.7413,29.6131], [28.2323,34.2995], [36.6568,24.9865], [38.3735,17.4314], [35.1624,31.5629], [39.5625,18.9621], [32.9536,38.7705], [23.9489,29.6544], [40.6915,20.8234], [25.6334,31.4691], [25.1002,30.8884], [31.4231,39.1994], [21.8405,27.3945], [27.1882,33.1622], [13.6403,34.1063], [29.2935,36.0707], [31.8729,39.0734], [33.1682,38.7103], [32.7423,38.8298], [29.3143,35.4778], [28.7726,34.8878], [31.6399,39.1387], [29.2182,38.2146], [29.1351,40.5822], [31.5524,39.1632], [31.7297,39.1135], [32.0809,39.0151], [33.4566,38.6295], [25.1002,30.8884], [14.3426,39.5291], [9.35969,33.1928], [29.2445,37.4652], [13.5422,43.8364], [20.7518,26.2276], [15.2725,34.2863], [25.1002,30.8884], [14.8963,34.2449], [19.607,25.0006], [18.4658,23.7775], [38.2181,18.1154], [38.3012,17.7499], [38.1316,18.4962], [38.4445,17.1189], [41.7834,22.6237], [38.4445,17.1189], [38.4445,17.1189], [38.4445,17.1189], [11.653,16.8286], [38.0224,18.977], [42.8254,24.3418], [26.6213,32.5449], [37.8913,19.5539], [26.1243,32.0036], [12.0856,16.9394], [11.7448,16.8521], [13.5333,18.4908], [9.8031,23.2321], [9.81248,23.0215], [22.8934,28.5231], [17.3218,22.5512], [38.4445,17.1189], [25.1002,30.8884], [12.0217,16.923], [11.8362,16.8755], [37.2725,22.2769], [14.3012,34.1792], [14.8583,19.9109], [9.64523,26.7786], [16.1284,21.2722], [9.49303,30.1975], [9.79052,23.5147], [10.1058,16.4322], [10.1058,16.4322], [9.81937,22.8667], [10.4231,16.5134], [9.83792,22.4501], [10.9906,16.6589], [11.897,16.8911], [10.1058,16.4322], [9.83181,22.5873], [9.67337,26.1464], [11.9585,16.9068], [10.1058,16.4322], [9.57747,28.3008], [9.46261,30.8808], [9.42818,31.6543], [9.6996,25.5571], [9.77548,23.8527], [9.76185,24.1589], [9.74818,24.4658], [9.36612,33.0485], [14.8186,36.8453], [10.1058,16.4322], [9.47778,30.5402], [9.82543,22.7307], [9.50458,29.9381], [9.5155,29.6928], [13.8064,42.4846], [9.41162,32.0262], [9.44475,31.2821], [9.38,32.7366], [9.72408,25.0072], [9.61148,27.5368], [9.84332,22.3287], [11.8576,52.7321], [9.34639,33.4916], [9.35292,33.345], [9.34015,33.6318], [12.508,49.1358], [13.1306,59.8023], [13.2459,59.7653], [12.7284,48.0056], [12.3108,50.1468], [13.0593,46.3092], [12.6657,48.3273], [13.6177,59.6458], [13.3897,59.7191], [12.4433,49.4676], [11.9309,53.4416], [12.3439,49.9773], [11.8452,52.6127], [12.6971,48.1659], [13.0223,46.4987], [12.3772,49.8065], [12.5398,48.9725], [9.39416,32.4185], [11.948,53.6071], [14.5247,59.3544], [11.8978,53.1215], [11.8398,52.56], [12.9531,46.8537], [12.2765,50.3225], [12.4753,49.3034], [14.0127,59.5189], [12.24,50.5096], [11.5275,33.8731], [12.1578,50.9313], [10.0792,33.7133], [12.0469,51.4991], [12.602,48.6539], [12.792,47.6795], [12.9205,47.0204], [13.1332,45.9303], [11.9289,52.1039], [12.7848,34.0119], [10.8465,33.798], [9.53715,29.2065], [12.8857,47.1992], [12.4095,49.6407], [13.6759,43.1526], [31.9749,39.0448], [32.1359,38.9997], [23.7756,59.2401], [31.169,60.0462], [31.8235,39.0872], [31.4654,39.1875], [31.776,39.1005], [29.1411,40.4111], [29.1657,39.7112], [13.9352,41.8259], [13.2087,45.5432], [29.1919,38.965], [32.0273,39.0302], [22.0471,56.9399], [13.2453,45.3555], [31.5961,39.1509], [22.4116,56.8227], [14.3384,59.4143], [28.9582,59.8052], [31.6846,39.1261], [22.273,56.8673], [14.8863,68.3042], [27.839,59.6832], [15.8668,67.7587], [20.8464,58.9207], [22.1235,56.9153], [30.9,60.0169], [35.628,65.8935], [21.8451,59.0295], [39.3016,63.9287], [32.192,38.984], [34.1071,60.3663], [38.7528,63.4644], [34.4916,60.4081], [36.7649,61.7827], [22.6749,56.7381], [31.9233,39.0593], [32.3385,38.943], [35.2357,60.4892], [31.8362,60.1189], [32.9995,60.2456], [27.2997,59.6244], [28.1895,71.0956], [34.4926,69.861], [35.3629,72.4294], [39.3016,63.9287], [35.0487,60.4688], [19.1113,69.3248], [34.8626,60.4485], [22.6125,56.7582], [24.4761,59.3165], [36.5736,65.3878], [28.386,59.7428], [32.7049,60.2135], [16.7984,67.0409], [16.7984,67.0409], [22.1992,56.891], [32.4155,60.182], [39.3016,63.9287], [16.3052,67.3668], [29.777,71.4051], [16.5602,67.1983], [16.6326,67.1687], [23.0718,59.1633], [16.8156,58.619], [16.7984,67.0409], [33.4976,60.2999], [22.4444,59.0949], [13.0964,46.1189], [26.5735,59.5452], [29.1292,40.7477], [16.7984,67.0409], [20.4481,58.8773], [12.7432,59.9269], [10.5154,72.5759], [16.0335,67.5462], [26.3507,70.737], [26.8405,70.8325], [35.3397,72.3929], [25.1678,59.3919], [30.4406,59.9668], [22.4807,56.8005], [34.4514,70.5675], [35.3746,72.4478], [22.5493,56.7785], [34.6409,67.3138], [34.6766,66.7003], [29.9903,59.9177], [33.1879,72.0702], [22.601,70.0054], [13.451,85.2442], [35.3286,72.3754], [34.1308,72.2541], [29.5301,59.8676], [25.932,70.6552], [34.5711,68.5116], [34.4776,70.1187], [34.5546,68.7947], [23.8745,70.2539], [20.478,69.5913], [15.8519,81.5876], [34.9741,71.6447], [25.0124,70.4758], [35.3983,72.4851], [35.3864,72.4664], [34.4635,70.3604], [32.3117,71.8993], [15.8518,81.5876], [16.7984,67.0409], [15.0068,81.1325], [21.9412,69.8767], [24.5104,70.3779], [14.8648,83.0911], [23.2097,70.1242], [16.7984,67.0409], [11.9279,87.5636], [9.96201,74.7726], [16.4343,67.2814], [13.6736,69.4488], [10.8048,75.084], [15.8518,81.5876], [11.9278,87.5636], [11.8907,79.4544], [11.9278,87.5636], [10.5479,74.9711], [21.167,69.7257], [15.3738,82.3158], [17.7286,69.0552], [34.5383,70.7466], [20.0475,58.8336], [25.8754,59.4691], [21.3618,57.6308], [12.3323,70.4825], [15.8518,81.5876], [9.91332,74.8085], [11.0438,75.1891], [16.7984,67.0409], [14.7698,68.3811], [16.4133,68.7986], [16.1686,67.457], [12.6601,86.4487], [13.042,69.9356], [10.2501,73.5414], [15.0001,68.229], [16.2717,67.4468], [15.366,67.9872], [11.1958,75.2559], [20.3371,58.3274], [10.296,74.8604], [9.97687,74.7617], [13.2818,45.1685], [22.3425,56.8449], [19.6553,58.7909], [10.0121,74.7357], [9.95706,74.7763], [34.6945,66.3928], [12.7603,47.842], [12.9867,46.6813], [12.5717,48.809], [13.0303,59.8346], [13.1717,45.733], [13.4042,44.5422], [14.2837,54.2985], [14.2837,54.2985], [14.2837,54.2985], [14.2837,54.2985], [4.88343,54.8343], [14.2837,54.2985], [4.88343,54.8343], [-4.65775,65.1242], [4.88343,54.8343], [-4.65775,65.1242], [14.2837,54.2985], [14.2837,54.2985], [9.16019,74.1671], [1.28326,70.9435], [4.88343,54.8343], [14.2837,54.2985], [1.28326,70.9435], [1.28326,70.9435], [-4.65775,65.1242], [14.2837,54.2985], [4.88343,54.8343], [38.1052,66.5244], [49.4132,60.0939], [38.1052,66.5244], [49.4132,60.0939], [37.8892,72.9245], [38.1052,66.5244], [37.8892,72.9245], [38.1052,66.5244], [55.1112,72.7265], [38.1052,66.5244], [55.1112,72.7265], [49.4132,60.0939], [49.4132,60.0939], [49.4132,60.0939], [55.1112,72.7265], [53.4038,65.9718], [53.4038,65.9718], [53.4038,65.9718], [49.4132,60.0939], [49.4132,60.0939], [37.8892,72.9245], [49.4132,60.0939], [38.1052,66.5244], [38.1052,66.5244], [38.1052,66.5244], [38.1052,66.5244], [38.1052,66.5244], [38.1052,66.5244], [55.1112,72.7265], [38.1052,66.5244], [38.1052,66.5244], [38.1052,66.5244], [54.204,85.5145], [53.2849,71.2104], [47.9473,91.6585], 