{
  "instance_index": 0,
  "birth_iter": 56,
  "death_iter": 110,
  "survival_iters": 54,
  "censored": false,
  "pre_vnd_cost": 8794.13,
  "post_vnd_cost": 494.427,
  "pre_vnd_coords": [[80,20], [86.2684,17.5916], [86.2684,17.5916], [85.9197,19.3771], [86.2684,17.5916], [85.3833,22.1239], [41.7825,34.8463], [41.6828,35.6612], [40.104,23.6898], [38.7789,17.2283], [35.9811,19.9144], [37.0915,18.8483], [38.474,17.521], [37.6128,18.3479], [34.4299,21.4036], [28.8643,27.0331], [30.0158,35.392], [38.1727,17.8103], [29.029,27.1304], [37.3497,18.6004], [36.817,19.1119], [41.3836,29.9286], [30.0527,36.1759], [35.4074,20.4652], [34.671,21.1721], [33.5782,22.2213], [36.5375,19.3802], [35.6784,20.205], [37.8749,18.0962], [31.0628,24.6373], [34.8996,20.9527], [35.14,20.7219], [29.1309,26.4925], [32.2501,23.497], [29.3717,26.2613], [33.8273,21.9821], [34.1142,21.7067], [28.6807,26.9247], [30.0237,25.6353], [14.4566,31.2315], [13.9324,30.1557], [26.0671,53.1427], [11.9033,42.4677], [30.7766,50.3519], [29.968,69.6933], [29.683,70.0783], [28.8727,66.0575], [33.0799,51.5251], [29.4388,70.4081], [30.4691,69.0166], [29.3886,70.4759], [31.3877,67.776], [31.2071,68.0199], [31.3877,67.776], [29.8346,69.8735], [26.5351,73.5193], [22.9536,78.226], [31.3877,67.776], [28.7867,56.4491], [30.374,58.379], [32.9927,59.1853], [30.0226,57.9517], [28.074,55.5827], [26.688,53.8976], [29.1568,56.8991], [26.864,54.1116], [11.8717,47.4362], [12.4086,60.739], [30.6073,58.6626], [12.2814,58.907], [11.906,42.032], [30.2544,58.2336], [12.2629,58.6415], [12.4281,61.021], [12.3897,60.4674], [12.372,60.2122], [12.3177,59.4305], [12.2994,59.1672], [11.8588,49.5057], [12.449,61.3218], [12.3365,59.7012], [12.2275,58.1309], [25.4299,73.2174], [14.7318,75.6696], [30.1376,58.0915], [27.0352,54.3197], [27.2057,54.527], [27.6836,55.1081], [27.5274,54.9182], [30.4872,58.5166], [29.3306,57.1104], [31.3877,67.776], [11.2525,77.6805], [20.8564,89.1193], [9.00401,88.3321], [9.71007,88.6509], [8.92821,87.5264], [8.71324,85.2411], [8.73421,85.464], [8.76545,85.7962], [9.38968,75.2489], [8.83672,86.5538], [8.72327,85.3478], [12.4263,77.002], [8.96727,87.9416], [9.01887,88.49], [10.6413,88.5082], [8.75549,85.6903], [8.85873,86.7877], [16.5047,87.6096], [21.73,90.0924], [9.04362,88.7531], [9.03862,88.6999], [9.01594,88.4589], [17.2107,87.5014], [9.02633,88.5694], [8.86798,86.886], [8.55975,83.6093], [8.87619,86.9734], [8.99255,88.2103], [9.03114,88.6204], [9.03352,88.6458], [9.02158,88.5188], [9.02402,88.5448], [21.5466,89.8881], [8.84722,86.6654], [19.1386,87.2064], [21.8955,90.3318], [8.79493,86.1095], [9.02874,88.5949], [16.8721,87.5533], [8.69931,85.0931], [9.03601,88.6721], [20.535,88.7614], [20.7063,88.9522], [23.2018,78.3032], [24.667,91.0334], [17.9866,87.3824], [23.2018,78.3032], [34.2011,83.3786], [8.74544,85.5834], [20.8212,89.0801], [13.9644,87.999], [20.896,89.1635], [8.91893,87.4277], [19.7196,77.2205], [21.1462,89.4421], [11.2525,77.6805], [13.0112,88.1451], [17.6099,87.4402], [19.1391,87.2068], [19.8585,88.0081], [16.1552,87.6632], [11.2525,77.6805], [11.2525,77.6805], [21.9075,90.3193], [25.8609,73.3352], [24.8198,63.2881], [30.7303,68.6639], [14.7318,75.6696], [8.66883,74.3079], [20.2422,77.383], [26.2971,73.4543], [8.73515,60.4917], [25.2212,73.1604], [13.3271,60.0172], [30.587,68.8573], [23.2018,78.3032], [9.60953,75.5358], [25.6504,73.2777], [11.2525,77.6805], [7.7813,73.1493], [21.2133,62.2617], [20.9347,89.2066], [29.4116,70.4448], [23.2018,78.3032], [23.2018,78.3032], [29.4606,70.3787], [21.3083,77.7144], [18.3821,87.3218], [19.1388,87.2065], [23.0475,83.2737], [22.9603,82.8869], [33.3936,88.2852], [38.0836,86.1916], [22.9603,82.8869], [25.0873,88.8249], [33.9756,88.0252], [24.3224,88.2379], [22.2219,81.5623], [24.4989,88.3733], [33.3931,88.2854], [24.5971,88.4487], [25.4385,89.0944], [24.0815,87.8623], [25.4385,89.0944], [25.4385,89.0944], [28.3623,88.7973], [24.0195,87.5872], [23.955,87.3006], [24.4118,88.3065], [24.1335,88.0929], [24.0478,87.7126], [24.1095,87.9863], [23.8191,86.6977], [24.2308,88.1676], [25.2632,88.9598], [24.9947,88.7538], [25.3525,89.0284], [25.4385,89.0944], [24.065,87.7889], [30.6409,88.5658], [24.693,88.5223], [23.6497,85.9457], [34.1511,87.9467], [33.3948,88.2847], [42.9066,88.9392], [34.2129,87.9191], [33.919,88.0504], [34.0329,87.9995], [24.124,88.0508], [34.39,87.84], [43.0613,88.9332], [33.3956,88.2843], [34.0928,87.9728], [43.1416,88.9301], [33.3927,88.2856], [25.4385,89.0944], [32.0967,88.4176], [41.7595,87.1888], [42.9066,88.9392], [38.5563,85.9805], [31.385,88.4901], [46.9395,88.7809], [51.3748,88.3365], [46.5021,88.7981], [51.865,88.0672], [47.4049,88.7626], [43.9533,88.8982], [46.0423,88.8161], [51.3508,88.3496], [51.4741,88.2819], [42.9066,88.9392], [44.3553,88.8824], [51.5168,88.2585], [51.4259,88.3084], [50.8449,88.6275], [40.3442,85.4744], [59.3092,80.0804], [47.8741,88.7441], [42.3313,88.0612], [51.5367,88.2476], [53.7278,87.1963], [61.3766,73.696], [43.5467,88.9141], [37.6154,86.3977], [53.5307,88.089], [53.688,88.0649], [40.9306,86.8007], [52.4842,88.2491], [50.098,84.5733], [53.8478,88.0405], [52.5772,88.2349], [54.5585,87.9317], [37.9329,86.6784], [40.9257,86.802], [52.1195,84.191], [53.0693,84.0114], [53.1239,88.1512], [45.385,85.6475], [54.1934,87.9876], [52.6708,88.2205], [58.1202,72.1683], [53.3988,88.1092], [54.3721,87.9602], [47.2641,85.161], [53.2513,88.1317], [52.2042,88.2919], [52.3918,88.2632], [53.0007,88.1701], [52.8683,88.1903], [54.9192,87.8765], [52.636,84.0934], [48.0071,84.9687], [61.6258,78.4321], [65.1447,81.2302], [40.9151,86.8047], [62.9723,79.5027], [49.167,84.7493], [59.5159,74.8094], [54.0134,88.0151], [40.9402,86.7982], [61.4027,78.2547], [66.8519,82.5877], [52.755,88.2077], [52.3773,84.1423], [51.8735,84.2376], [37.6982,86.4709], [54.8709,86.1985], [48.0071,84.9687], [65.4947,81.5085], [75.5829,89.2863], [54.7566,85.2782], [54.3463,83.7699], [55.0763,87.8525], [60.5273,76.7233], [46.8956,85.2564], [68.964,84.2672], [61.5179,78.3462], [60.0071,75.7388], [63.8152,80.173], [54.5641,83.7288], [62.4206,79.064], [66.6575,82.4331], [60.9506,77.5242], [54.3082,64.9389], [52.2978,88.2776], [55.1345,66.5178], [56.4478,69.0033], [52.154,60.7907], [54.0493,64.4406], [55.884,67.9361], [67.8238,83.3605], [48.4013,84.8942], [65.3556,59.3292], [74.154,63.403], [76.7401,57.8124], [74.0893,63.5429], [74.3158,63.6938], [71.2392,79.0781], [74.912,63.7811], [74.0796,63.5638], [75.249,63.8304], [51.3894,67.1894], [74.593,63.7344], [74.1857,63.3345], [51.9656,58.4177], [74.1643,63.3807], [53.1159,51.7869], [53.9794,51.2526], [54.8339,50.7239], [52.6709,53.1324], [52.4473,54.188], [55.1883,50.5046], [51.8061,60.4786], [52.1742,55.7215], [37.8565,60.2512], [39.9844,49.5311], [50.7817,72.2343], [54.6626,50.8299], [40.6507,44.0893], [38.8042,59.1698], [40.1311,48.3332], [39.0587,57.0912], [39.2084,55.8681], [39.1645,56.2266], [53.4574,51.5756], [39.1287,56.5195], [56.4077,49.7501], [55.8657,50.0855], [51.3646,67.1592], [51.3397,67.129], [52.0876,56.8417], [51.3831,67.1817], [51.3705,67.1664], [51.3955,67.1968], [51.315,67.099], [52.256,69.0433], [51.3076,67.0901], [51.3459,67.1365], [43.1748,71.2248], [51.3821,72.2782], [55.0074,50.6165], [51.3767,67.1739], [50.1741,72.1898], [51.8406,68.1382], [51.3525,67.1445], [49.5242,72.1422], [51.3585,67.1519], [74.1746,63.3584], [76.024,63.9439], [76.6363,64.0336], [51.4074,67.2112], [51.413,67.218], [48.1338,72.0408], [74.0383,63.6532], [51.4188,67.2251], [40.0647,85.3071], [72.0632,85.6484], [71.5812,81.8058], [71.4896,81.0753], [53.4502,71.6451], [74.0997,63.5205], [71.1201,78.1281], [73.5447,87.7208], [75.437,89.3117], [75.4681,89.3063], [54.9767,87.0508], [75.3304,89.3303], [75.3304,89.3303], [66.2829,82.1353], [80.3207,76.8202], [67.4888,83.0942], [72.6176,87.1728], [67.6737,83.2412], [77.1087,89.0205], [75.3304,89.3303], [75.3304,89.3303], [80.8716,88.3651], [78.5237,88.7741], [71.4726,86.2622], [75.5519,89.2917], [73.97,88.2484], [75.3829,89.3211], [79.6068,88.5854], [84.5556,84.7195], 