{
  "instance_index": 0,
  "birth_iter": 110,
  "death_iter": 160,
  "survival_iters": 50,
  "censored": false,
  "pre_vnd_cost": 9003.48,
  "post_vnd_cost": 508.434,
  "pre_vnd_coords": [[80,20], [62.6713,16.0018], [62.6713,16.0018], [62.6713,16.0018], [62.6713,16.0018], [62.6713,16.0018], [55.4658,22.9037], [62.6713,16.0018], [62.6713,16.0018], [62.6713,16.0018], [62.6713,16.0018], [62.6713,16.0018], [48.5028,16.0686], [55.4658,22.9037], [55.4658,22.9037], [55.4658,22.9037], [55.4658,22.9037], [55.4658,22.9037], [55.4658,22.9037], [55.4658,22.9037], [48.5028,16.0686], [45.0763,17.5682], [30.7245,21.7756], [48.5028,16.0686], [48.5028,16.0686], [45.0763,17.5682], [18.3806,14.7956], [22.0812,18.9829], [22.0812,18.9829], [45.0763,17.5682], [30.7245,21.7756], [45.0763,17.5682], [29.0517,22.2883], [29.0517,22.2883], [29.0517,22.2883], [30.7245,21.7756], [45.0763,17.5682], [30.7245,21.7756], [45.0763,17.5682], [29.0517,22.2883], [29.0517,22.2883], [22.0812,18.9829], [29.0517,22.2883], [18.3806,14.7956], [18.3806,14.7956], [45.0763,17.5682], [30.7245,21.7756], [23.2856,27.732], [15.3976,19.5176], [23.2856,27.732], [22.0812,18.9829], [33.2908,66.0635], [32.3796,61.722], [32.3796,61.722], [32.3796,61.722], [32.9756,64.4726], [36.7304,71.6479], [32.9756,64.4726], [32.9152,79.1755], [32.65,87.5101], [32.3796,61.722], [36.7304,71.6479], [32.3796,61.722], [36.7326,55.657], [36.7304,71.6479], [36.7304,71.6479], [32.3796,61.722], [36.7326,55.657], [30.8747,67.012], [23.1687,62.1283], [20.9742,65.4717], [27.7157,63.9893], [32.8346,66.691], [20.7253,65.7658], [23.7395,61.2587], [24.0686,60.7574], [29.2795,65.4855], [29.826,66.0084], [30.3324,66.493], [15.7162,67.8288], [32.0479,67.1178], [31.8652,67.217], [33.089,66.5529], [32.9235,66.6427], [32.4056,66.9237], [32.4975,66.8739], [33.1708,66.5086], [10.6253,49.4788], [10.104,61.202], [12.0012,77.0339], [9.15755,76.463], [10.104,61.202], [10.104,61.202], [11.1038,73.7421], [10.8247,75.6771], [10.8247,75.6771], [10.8247,75.6771], [10.8247,75.6771], [11.1038,73.7421], [10.104,61.202], [9.15755,76.463], [18.9231,63.4553], [10.104,61.202], [12.0012,77.0339], [10.104,61.202], [12.0012,77.0339], [18.9231,63.4553], [10.8247,75.6771], [11.1038,73.7421], [10.8247,75.6771], [11.1038,73.7421], [12.0012,77.0339], [10.104,61.202], [9.66364,60.585], [12.0012,77.0339], [10.8247,75.6771], [11.1038,73.7421], [11.1038,73.7421], [10.104,61.202], [13.7734,60.6938], [11.1038,73.7421], [10.8247,75.6771], [10.8247,75.6771], [12.0012,77.0339], [12.0012,77.0339], [10.8247,75.6771], [12.0012,77.0339], [10.8247,75.6771], [10.104,61.202], [11.1038,73.7421], [11.1038,73.7421], [10.8247,75.6771], [10.8247,75.6771], [10.104,61.202], [10.8247,75.6771], [10.104,61.202], [11.1038,73.7421], [11.4255,84.5163], [10.104,61.202], [11.1038,73.7421], [12.0012,77.0339], [12.0012,77.0339], [11.1038,73.7421], [10.8247,75.6771], [10.8247,75.6771], [10.8247,75.6771], [12.0012,77.0339], [11.1038,73.7421], [11.1038,73.7421], [9.15755,76.463], [9.15755,76.463], [12.0012,77.0339], [11.1038,73.7421], [12.0012,77.0339], [22.0812,18.9829], [21.1732,28.0838], [21.1732,28.0838], [22.0812,18.9829], [15.3976,19.5176], [18.5237,34.4321], [21.1732,28.0838], [15.3976,19.5176], [11.5346,28.0673], [12.0349,20.8535], [11.5346,28.0673], [29.0517,22.2883], [12.0349,20.8535], [12.2837,15.3292], [29.0517,22.2883], [12.2837,15.3292], [12.2837,15.3292], [15.3976,19.5176], [12.2837,15.3292], [12.0349,20.8535], [12.2837,15.3292], [12.2837,15.3292], [11.5346,28.0673], [12.0349,20.8535], [22.0812,18.9829], [12.0349,20.8535], [11.5346,28.0673], [11.5346,28.0673], [18.3806,14.7956], [12.2837,15.3292], [12.0349,20.8535], [12.2837,15.3292], [11.5346,28.0673], [12.0349,20.8535], [12.0349,20.8535], [11.2878,34.5522], [12.0349,20.8535], [11.2878,34.5522], [11.5346,28.0673], [21.1732,28.0838], [11.1749,36.6409], [12.0349,20.8535], [11.5346,28.0673], [23.2856,27.732], [11.5346,28.0673], [11.2878,34.5522], [22.0812,18.9829], [12.0349,20.8535], [10.9016,44.0315], [18.5237,34.4321], [10.6253,49.4788], [11.5346,28.0673], [11.1749,36.6409], [11.1749,36.6409], [22.0812,18.9829], [10.104,61.202], [12.3774,47.5456], [11.1749,36.6409], [10.9016,44.0315], [10.6253,49.4788], [11.1749,36.6409], [12.3774,47.5456], [11.1749,36.6409], [10.6253,49.4788], [10.9016,44.0315], [12.3774,47.5456], [9.66364,60.585], [12.3774,47.5456], [10.6253,49.4788], [13.7734,60.6938], [10.3204,53.0002], [11.1749,36.6409], [10.6253,49.4788], [10.3204,53.0002], [10.3204,53.0002], [10.6253,49.4788], [10.3204,53.0002], [10.6253,49.4788], [11.1749,36.6409], [11.1749,36.6409], [10.6253,49.4788], [10.6253,49.4788], [10.6253,49.4788], [10.6253,49.4788], [10.3204,53.0002], [12.3774,47.5456], [18.9231,63.4553], [10.104,61.202], [10.104,61.202], [18.9231,63.4553], [10.104,61.202], [9.66364,60.585], [13.7734,60.6938], [10.3204,53.0002], [10.3204,53.0002], [12.3774,47.5456], [10.104,61.202], [10.104,61.202], [9.66364,60.585], [12.3774,47.5456], [10.104,61.202], [10.104,61.202], [9.66364,60.585], [10.6253,49.4788], [10.6253,49.4788], [9.66364,60.585], [10.6253,49.4788], [10.3204,53.0002], [9.66364,60.585], [10.104,61.202], [10.104,61.202], [10.104,61.202], [10.104,61.202], [9.66364,60.585], [10.3204,53.0002], [9.66364,60.585], [10.104,61.202], [10.6253,49.4788], [10.104,61.202], [18.9231,63.4553], [32.3796,61.722], [12.3774,47.5456], [12.3774,47.5456], [10.6253,49.4788], [29.0517,22.2883], [23.2856,27.732], [23.2856,27.732], [30.7245,21.7756], [36.7326,55.657], [30.7245,21.7756], [23.2856,27.732], [42.0721,57.1461], [34.2322,62.5716], [34.8797,60.1699], [33.7807,64.2463], [35.3813,58.3094], [32.59,66.8237], [48.8318,61.1804], [33.0089,66.5964], [32.6719,66.7792], [32.7526,66.7355], [33.737,64.4084], [48.9384,59.6908], [48.8293,61.1715], [52.206,72.6589], [53.5427,71.6968], [62.3026,65.3616], [33.2286,66.2941], [50.5511,56.3936], [52.6732,72.3226], [50.1161,57.283], [48.7534,60.899], [35.54,57.7207], [53.7787,71.527], [53.953,71.4015], [55.2181,70.4909], [52.5233,72.4305], [52.1355,72.7096], [51.2375,54.9902], [52.4374,72.4923], [48.8306,61.176], [49.4567,58.631], [34.654,61.0071], [64.2337,81.4195], [56.444,69.6085], [53.7036,71.581], [51.6862,73.033], [52.8233,72.2146], [51.8885,72.8874], [51.556,70.6813], [58.9432,67.8096], [51.753,72.985], [52.0518,72.7699], [51.6147,73.0845], [61.4319,82.0462], [66.0747,82.4985], [52.8998,72.1595], [53.4588,71.7572], [51.5499,71.5655], [53.6214,71.6402], [76.0249,90.55], [56.6582,80.8127], [62.0661,85.4778], [62.0661,85.4778], [56.375,87.686], [44.3005,89.5425], [50.3139,88.5733], [56.6582,80.8127], [56.375,87.686], [82.591,77.8583], [56.375,87.686], [81.1966,87.9937], [76.0249,90.55], [79.5228,89.1773], [62.0661,85.4778], [76.0249,90.55], [76.0249,90.55], [76.0249,90.55], [79.5228,89.1773], [76.0249,90.55], [76.0249,90.55], [76.0249,90.55], [62.0661,85.4778], [81.1966,87.9937], [79.5228,89.1773], [83.6305,79.9388], [76.0249,90.55], [81.1966,87.9937], [83.6305,79.9388], [76.0249,90.55], [81.1966,87.9937], [82.591,77.8583], [76.0249,90.55], [76.0249,90.55], [76.0249,90.55], [76.0249,90.55], [76.0249,90.55], [76.0249,90.55], [81.1966,87.9937], [81.1966,87.9937], [83.6305,79.9388], [76.0249,90.55], [76.0249,90.55], [76.0249,90.55], [79.5228,89.1773], [79.5228,89.1773], [86.1745,80.7522], [86.1745,80.7522], [83.6305,79.9388], [86.1745,80.7522], [83.6305,79.9388], [86.1745,80.7522], [86.1745,80.7522], [81.4138,58.452], [83.6305,79.9388], [83.6305,79.9388], [83.6305,79.9388], [81.4138,58.452], [83.7905,57.1056], [81.4138,58.452], [81.4138,58.452], [76.6159,50.5387], [82.095,69.6823], [56.375,87.686], [50.3139,88.5733], [56.375,87.686], [56.6582,80.8127], [45.2322,86.0829], [56.6582,80.8127], [44.3005,89.5425], [56.375,87.686], [56.6582,80.8127], [36.7304,71.6479], [36.7304,71.6479], [62.0661,85.4778], [45.2322,86.0829], [45.2322,86.0829], [56.375,87.686], [32.9756,64.4726], [36.7304,71.6479], [36.7326,55.657], [32.9756,64.4726], [36.7304,71.6479], [32.9756,64.4726], [60.98,45.0667], [55.4017,46.4754], [57.5699,