{
  "instance_index": 0,
  "birth_iter": 137,
  "death_iter": 140,
  "survival_iters": 3,
  "censored": false,
  "pre_vnd_cost": 8702.17,
  "post_vnd_cost": 608.46,
  "pre_vnd_coords": [[80,20], [74.1924,18.3094], [68.2328,16.5744], [69.6987,17.0012], [66.2239,15.9896], [71.986,17.6671], [66.9205,16.1924], [70.8142,17.3259], [67.5747,16.3828], [68.9743,16.7903], [54.6311,24.0015], [65.5493,15.7932], [55.3873,23.8277], [60.7064,41.5519], [65.2846,51.1615], [59.716,37.3697], [59.4459,36.2293], [64.254,49.3921], [54.4982,23.9341], [54.8877,24.1315], [54.958,24.1671], [54.4276,23.8983], [65.5766,51.2553], [47.316,42.4678], [42.9272,45.8613], [59.5921,36.8465], [61.5179,34.9614], [64.4243,34.0619], [65.2846,51.1615], [56.3697,23.0509], [54.8209,24.0977], [54.7594,24.0665], [54.6937,24.0332], [54.5634,23.9672], [58.3687,21.4704], [55.8561,23.457], [59.8375,37.8828], [59.3077,35.6455], [33.8251,22.0629], [40.279,18.8065], [32.2893,23.155], [33.5457,22.2039], [33.2911,22.3324], [33.3788,22.2881], [33.9403,22.0048], [31.2954,24.3676], [33.6283,22.1622], [32.7326,22.6142], [32.7326,22.6142], [33.4617,22.2463], [42.3332,17.7699], [32.7326,22.6142], [33.8583,22.0462], [20.1875,17.4891], [36.9728,42.5728], [21.3591,27.3895], [20.8362,22.9713], [12.1501,19.1237], [18.5072,25.4712], [22.718,29.453], [11.3073,16.0197], [12.2409,17.6098], [11.5717,16.4701], [11.5773,26.7327], [11.7814,23.7827], [11.956,17.5387], [11.7228,24.63], [11.4113,16.1968], [11.305,30.669], [12.1391,19.3068], [12.1623,18.9204], [12.8233,19.5248], [12.2088,18.1455], [12.1273,19.5027], [11.3609,16.1111], [11.2501,15.9224], [11.4604,16.2805], [12.2193,17.9694], [11.518,16.3787], [12.1741,18.7241], [11.8425,22.9005], [12.2299,17.7934], [11.8425,22.9005], [11.4456,28.6372], [13.2485,20.4984], [16.6826,23.7458], [12.1965,18.3506], [11.2596,31.3254], [11.8425,22.9005], [12.4116,18.582], [11.8425,22.9005], [11.5,27.8498], [11.3469,30.0628], [14.1949,21.3934], [12.5367,54.8565], [11.106,33.5452], [10.437,43.2134], [10.2084,55.7269], [10.2946,45.272], [10.3832,43.9915], [10.127,47.6947], [10.1054,48.0061], [31.5708,51.6349], [10.1372,47.5461], [9.98411,49.0901], [20.9396,52.0958], [10.262,45.7427], [9.89684,49.6864], [10.2513,45.8972], [10.1471,47.4041], [9.62596,51.537], [10.2734,45.578], [10.7053,39.336], [10.4108,43.5921], [10.0825,48.3373], [10.8681,36.9837], [11.0924,33.7411], [10.2216,46.3266], [10.2111,46.4789], [10.2,46.6394], [10.1892,46.7946], [11.1617,32.7402], [23.114,46.6538], [25.5379,45.4948], [26.5557,45.4369], [23.1852,46.4528], [14.2844,54.6637], [27.9944,46.3957], [21.097,51.8237], [22.9171,47.2095], [10.0719,48.4904], [11.1183,33.3672], [28.6747,35.0857], [10.3243,44.8424], [10.3145,44.9839], [10.3049,45.1231], [10.2838,45.4273], [11.5169,55.2377], [10.334,44.7023], [10.4661,42.7925], [11.3854,29.5069], [10.2321,46.1751], [10.3465,44.5218], [10.1161,47.8521], [9.98913,55.8089], [10.0937,48.176], [9.78239,55.8862], [25.1437,58.9462], [10.4925,42.4108], [12.536,54.8568], [22.1475,61.1709], [14.7455,54.6128], [16.375,54.433], [23.2693,60.0037], [15.2875,54.553], [9.15529,56.1206], [9.36629,56.0418], [9.15035,54.7864], [11.8242,55.1229], [9.80544,50.3108], [9.34561,53.4524], [9.43656,52.831], [9.25274,54.0869], [9.53228,52.1771], [10.4122,55.6507], [10.1572,47.2572], [17.1176,66.4045], [15.874,54.4883], [11.8444,73.2706], [11.814,72.261], [9.71541,50.9259], [11.8042,71.933], [11.8042,71.933], [13.6379,70.0251], [11.8191,72.4282], [11.8068,72.0203], [16.1098,67.4531], [8.94345,56.1998], [10.64,55.5656], [9.03695,55.5611], [10.9124,55.4637], [11.8385,73.0735], [9.57474,55.9638], [11.827,72.6932], [11.8217,72.517], [11.1901,55.3599], [13.0408,54.8009], [8.94345,56.1998], [11.8166,72.3462], [17.5717,65.932], [11.8042,71.933], [11.8093,72.1044], [11.8586,73.7447], [17.8414,65.6514], [11.8042,71.933], [12.8104,77.3611], [11.8243,72.6029], [16.6276,66.9143], [11.9219,75.8472], [11.8042,71.933], [11.8328,72.8862], [12.1492,76.5521], [12.0577,76.4401], [11.8042,71.933], [16.76,85.8223], [11.8042,71.933], [12.178,76.5873], [11.9352,76.2903], [11.8528,73.5519], [11.9352,76.2903], [12.8875,70.8058], [13.1258,70.5579], [12.6415,71.0619], [13.8017,78.5738], [13.5779,78.3001], [16.3945,81.4307], [14.1957,79.0559], [13.1459,77.7715], [11.8042,71.933], [11.8301,72.7954], [12.1197,76.516], [12.9179,77.4926], [11.9352,76.2903], [11.374,89.9601], [11.8357,72.9801], [12.2686,76.6981], [12.4806,76.9575], [11.9352,76.2903], [11.9671,76.3293], [11.9352,76.2903], [11.8618,73.8494], [11.8557,73.6477], [12.1376,71.5861], [12.0221,71.7063], [11.9145,71.8183], [12.2582,71.4606], [13.4716,78.17], [11.8812,74.4965], [11.8042,71.933], [8.94345,56.1998], [18.9291,84.1615], [13.3648,78.0393], [11.8042,71.933], [13.2468,77.895], [18.6192,84.3987], [13.9692,69.6804], [18.139,65.3418], [11.3932,89.9317], [13.035,77.6358], [18.7412,84.3053], [11.8042,71.933], [15.2085,68.3909], [11.8477,73.3813], [12.5841,77.0841], [11.9352,76.2903], [11.9352,76.2903], [11.354,89.9898], [12.0267,76.4022], [11.9967,76.3655], [11.9352,76.2903], [11.2586,90.1314], [11.3061,90.5674], [15.7764,80.7933], [11.3153,90.0472], [11.8505,73.4724], [15.2085,80.2076], [14.7542,79.7391], [14.3601,79.257], [11.0305,90.4698], [11.0485,90.4431], [12.3773,76.8312], [12.0897,76.4792], [10.9197,90.6342], [11.1985,90.2205], [10.9602,90.5741], [11.219,90.1901], [11.3932,89.9317], [11.142,90.3044], [11.2773,90.1036], [11.3348,90.0183], [12.8341,88.8284], [11.9352,76.2903], [11.9352,76.2903], [11.9352,76.2903], [10.933,90.6319], [11.3932,89.9317], [16.5767,89.6553], [23.597,88.4402], [11.9005,75.1358], [13.7356,88.138], [11.0664,90.4165], [11.9352,76.2903], [11.3932,89.9317], [11.3932,89.9317], [12.0549,89.425], [12.4607,71.2499], [11.3932,89.9317], [11.3932,89.9317], [11.3932,89.9317], [11.3932,89.9317], [11.3932,89.9317], [11.3932,89.9317], [11.3932,89.9317], [11.3932,89.9317], [11.3932,89.9317], [18.8605,84.214], [11.1798,90.2483], [11.1601,90.2775], [11.123,90.3325], [11.1044,90.3602], [11.7017,90.4989], [12.4994,90.3609], [12.9771,90.2782], [11.0864,90.3868], [23.6673,88.428], [15.8037,89.789], [11.3932,89.9317], [11.0138,90.4945], [11.9352,76.2903], [11.9352,76.2903], [18.1094,89.39], [12.1093,90.4284], [15.1264,87.0731], [11.2398,90.1593], [10.9969,90.5196], [23.6184,88.4365], [11.2955,90.0766], [17.7289,89.4559], [23.6616,88.4289], [20.7145,88.9391], [10.9798,90.5451], [11.3932,89.9317], [11.9115,75.5038], [23.6908,88.4239], [23.6733,88.4269], [14.5712,79.5152], [26.3852,86.2778], [21.6302,88.7806], [13.7619,90.1424], [17.3484,89.5217], [23.528,88.4521], [23.5383,88.4504], [28.3166,84.7174], [23.5752,88.4439], [23.6965,88.4229], [23.6505,88.4309], [23.613,88.4374], [18.9942,84.1116], [23.6399,88.4327], [23.5806,88.443], [23.7201,88.4188], [23.7083,88.4209], [11.3932,89.9317], [23.5862,88.442], [23.6561,88.4299], [15.4137,89.8565], [23.6792,88.4259], [23.5231,88.453], [23.5537,88.4477], [14.9483,89.9371], [23.5592,88.4467], [23.6293,88.4346], [19.8269,89.0927], [23.5179,88.4539], [23.5699,88.4449], [23.714,88.4199], [23.7392,88.4155], [25.5113,86.9838], [23.533,88.4513], [23.5645,88.4458], [12.3599,71.3548], [24.7493,87.5994], [11.9352,76.2903], [10.9428,90.6], [14.4038,90.0313], [11.8118,72.1853], [18.6718,83.7791], [22.6096,88.6111], [33.5419,70.6107], [17.066,82.1231], [34.6947,78.3833], [18.6806,84.3517], [29.3662,83.8695], [23.6022,88.4393], [12.7035,77.2302], [34.8002,79.0949], [18.7993,84.2608], [22.7093,60.5864], [34.4534,76.7565], [16.981,89.5853], [33.1694,68.0994], [26.8522,57.9824], [14.9171,68.694], [33.8505,72.6914], [33.0861,67.5378], [16.8778,66.654], [20.2458,63.1497], [14.2982,69.338], [21.5755,50.9963], [15.8287,67.7456], [19.8607,63.5503], [11.8414,73.1718], [11.8042,71.933], [23.628,59.8014], [20.6802,62.6977], [18.887,64.5634], [33.202,69.2736], [24.0406,59.5686], [34.0804,74.2412], [19.4012,64.0284], [26.244,58.3255], [31.4275,51.0618], [11.8042,71.933], [30.0083,56.2019], [28.8868,56.8346], [31.3121,55.4663], [21.6849,61.6523], 