{
  "instance_index": 0,
  "birth_iter": 201,
  "death_iter": 250,
  "survival_iters": 49,
  "censored": false,
  "pre_vnd_cost": 8860.72,
  "post_vnd_cost": 470.297,
  "pre_vnd_coords": [[80,20], [66.4599,15.5782], [58.7622,24.4731], [65.5159,16.6691], [66.1512,15.935], [59.618,23.4842], [63.395,19.1198], [65.2346,16.9942], [65.8203,16.3173], [64.691,17.6223], [64.9611,17.3102], [38.7932,17.4679], [57.3543,26.1001], [59.1985,23.9689], [57.6067,25.8084], [62.0109,20.7191], [60.4178,22.56], [47.0666,23.4084], [57.7255,25.6712], [60.9464,21.9491], [59.986,23.0589], [57.1135,26.3783], [57.903,25.4659], [56.0309,26.3491], [58.0796,25.2619], [76.4127,51.548], [12.2301,16.153], [12.2247,16.2508], [12.1846,16.9853], [12.235,16.0622], [12.1452,17.7073], [12.2192,16.3526], [11.7124,25.635], [12.0132,88.561], [24.292,85.1832], [22.4742,85.3278], [24.7005,85.6947], [24.292,85.1832], [24.4977,85.4408], [14.5051,87.8731], [13.0287,88.3447], [24.292,85.1832], [22.9073,85.2933], [9.38412,88.9627], [14.2159,88.232], [9.38424,88.9274], [9.384,89.0007], [10.1724,88.8884], [15.5518,87.7194], [20.4846,85.9634], [9.38426,88.9184], [12.8954,88.3872], [11.7449,88.6087], [11.4776,88.6563], [9.65902,88.9797], [9.38394,89.0195], [13.2839,88.2632], [13.0561,88.3359], [13.1654,88.301], [9.91075,88.935], [13.0817,88.3277], [12.7762,88.4253], [15.5485,87.5399], [12.291,88.5116], [9.38391,89.0287], [10.9329,88.7532], [13.3451,88.2436], [9.38415,88.954], [13.108,88.3193], [9.38397,89.0106], [12.9458,88.3711], [13.137,88.3101], [11.204,88.7049], [11.9495,89.1015], [10.4265,89.6859], [15.2202,87.8467], [11.5758,89.2449], [10.2614,89.7492], [10.2479,89.7544], [12.1254,89.034], [10.7428,89.5645], [10.9056,89.502], [14.9248,87.96], [13.0229,88.6898], [47.438,83.7887], [52.8885,71.9583], [51.9023,72.1416], [56.762,87.3756], [57.2198,87.2297], [50.9166,86.599], [64.5621,84.8892], [56.8027,71.2308], [55.5688,71.4601], [51.4457,72.2265], [64.416,84.9357], [55.0926,71.5486], [58.332,70.9465], [64.7575,69.2488], [55.331,71.5043], [58.624,54.3375], [68.181,70.0086], [58.1532,54.2876], [58.7069,54.3463], [46.987,73.0552], [60.5299,70.4042], [57.9924,54.2706], [58.1131,54.2834], [58.0334,54.2749], [53.7233,71.8032], [36.1221,61.6341], [39.9571,74.3617], [57.6422,71.0748], [57.5088,52.7105], [38.2649,74.6762], [36.1221,61.6341], [44.4485,84.2357], [54.6072,71.6389], [54.3909,71.6791], [54.177,71.7188], [57.993,71.0096], [48.1911,72.8314], [58.9999,70.8224], [65.1143,84.8983], [54.858,71.5923], [52.5793,72.0158], [57.0646,71.1821], [53.5133,88.0831], [45.3238,82.5348], [46.1494,82.7478], [59.1424,86.6169], [44.0711,84.9691], [43.2894,86.4883], [43.4938,86.0911], [45.4061,82.3748], [57.3181,71.135], [58.6547,70.8866], [52.2936,87.7115], [45.0136,83.1376], [62.685,85.4879], [53.953,71.7605], [55.3092,87.8387], [54.4367,88.0679], [54.237,88.0712], [54.0506,88.0743], [57.7225,87.0695], [54.5983,88.0653], [54.801,88.0006], [59.6006,86.4709], [56.2995,71.3243], [53.2208,71.8966], [56.0443,71.3717], [61.8107,85.7665], [54.5983,88.0653], [55.8033,71.4165], [56.5571,71.2764], [54.5983,88.0653], [41.3373,88.829], [52.1511,87.5963], [53.3457,88.0859], [53.8681,88.0773], [40.8415,88.8348], [53.1676,88.0888], [58.6668,86.7685], [52.9849,88.0918], [65.62,85.106], [51.5703,87.1271], [58.17,86.9268], [60.3587,86.2292], [54.5983,88.0653], [54.5983,88.0653], [41.8865,88.8225], [54.8722,87.978], [45.1597,82.8536], [42.0895,88.8202], [54.6524,88.048], [51.3878,86.9796], [54.5983,88.0653], [54.5983,88.0653], [48.8949,84.9656], [40.0467,88.8443], [52.4455,87.8343], [41.5717,88.8262], [41.8114,88.8234], [52.7687,88.0954], [41.7318,88.8244], [43.0193,87.0133], [51.9489,87.433], [54.5983,88.0653], [39.8961,88.846], [54.5983,88.0653], [54.5983,88.0653], [51.767,87.286], [40.7766,88.8356], [53.6838,88.0803], [49.9741,85.8375], [62.0772,85.6816], [38.1634,88.8666], [48.2819,84.4704], [42.4755,88.07], [39.4153,74.4624], [38.3645,88.8642], [40.6381,88.8372], [49.4525,85.4161], [50.4382,86.2124], [54.7092,88.0299], [41.0972,88.8318], [27.0778,88.6707], [38.9834,88.8569], [38.7792,88.8593], [42.6544,87.7224], [43.8697,85.3606], [54.5983,88.0653], [35.1997,88.9019], [26.8155,88.3424], [45.4888,82.2141], [42.1665,88.6705], [41.6463,88.8254], [56.2442,87.5407], [55.757,87.696], [30.2123,88.9612], [44.6133,83.9154], [44.7723,83.6065], [40.8619,88.8346], [45.4888,82.2141], [41.495,88.8271], [40.3249,88.8409], [40.4736,88.8392], [40.1844,88.8426], [35.2933,69.0142], [45.4888,82.2141], [45.0871,82.9947], [45.2396,82.6985], [44.0246,73.6057], [40.1405,74.3276], [40.9498,74.1772], [45.4888,82.2141], [41.1758,88.8309], [44.2598,84.6024], [36.1221,61.6341], [24.4001,85.3186], [45.8023,82.4674], [46.698,83.1911], [39.6605,88.8488], [26.8963,88.4436], [44.4332,73.5297], [54.5983,88.0653], [40.819,88.8351], [40.7966,88.8354], [34.4848,88.9104], [31.493,88.946], [36.295,88.8889], [42.3177,88.3766], [34.8405,88.9062], [29.6409,88.968], [42.4022,88.2123], [27.4697,88.9938], [34.0665,88.9154], [40.8813,88.8344], [38.5744,88.8618], [41.4107,88.8281], [41.0199,88.8327], [39.4221,88.8517], [27.0276,88.608], [33.665,88.9201], [35.5401,88.8978], [37.0467,88.8799], [37.7819,88.8712], [36.6838,88.8842], [40.9435,88.8336], [39.1828,88.8545], [42.5447,87.9354], [35.9358,88.8931], [26.8554,88.3923], [24.292,85.1832], [41.2563,88.8299], [42.7951,87.4488], [37.3832,88.8759], [43.6746,85.7396], [42.2408,88.526], [41.9607,88.8217], [30.5326,88.9574], [9.3841,88.9712], [24.292,85.1832], [28.098,88.9863], [10.456,88.838], [29.2994,88.972], [29.8041,88.9661], [28.9676,88.976], [32.6278,88.9325], [12.5481,88.4659], [26.9451,88.5046], [27.3371,88.9954], [28.6509,88.9798], [28.3735,88.983], [32.3168,88.9362], [28.2378,88.9847], [27.1244,88.7291], [29.4653,88.9701], [28.5106,88.9814], [26.6066,88.0809], [27.5893,88.9924], [27.83,88.9895], [12.8373,88.4058], [27.1667,88.782], [27.9578,88.988], [30.8422,88.9537], [32.0516,88.9393], [32.9885,88.9282], [29.133,88.974], [26.9862,88.5561], [26.6887,88.1836], [33.325,88.9242], [23.3583,85.2574], [23.7947,85.2227], [37.7035,74.7805], [9.38403,88.9909], [28.8166,88.9778], [26.7762,88.2932], [27.2499,88.8862], [9.98861,83.7978], [25.1981,86.3176], [12.7762,88.4253], [35.3043,68.9167], [9.3843,88.909], [9.38421,88.9353], [9.38452,88.8376], [24.292,85.1832], [27.7122,88.9909], [18.7214,86.5265], [12.9206,88.3792], [26.6483,88.133], [12.8665,88.3965], [10.7062,88.7935], [27.2072,88.8328], [27.2916,88.9384], [31.158,88.95], [12.9736,88.3623], [31.7746,88.9426], [25.9261,87.229], [11.674,70.0463], [24.292,85.1832], [24.5981,85.5665], [9.38436,88.8891], [26.7312,88.2369], [24.292,85.1832], [11.4816,71.6162], [12.7762,88.4253], [10.9551,75.9118], [10.646,78.4336], [9.38433,88.8987], [11.2776,87.0383], [12.6393,83.6004], [11.5786,86.2781], [12.7699,83.2708], [10.2345,89.7596], [11.3944,89.3145], [11.0566,89.4441], [10.5867,89.6244], [11.2263,89.379], [11.8754,85.5289], [13.1026,82.431], [10.2566,89.7511], [11.0264,87.6723], [11.8676,85.5485], [11.3238,86.9216], [11.7842,85.759], [9.19594,71.7056], [10.2703,89.7458], [10.2034,89.7715], [10.2659,89.7475], [11.8265,85.6525], [12.1819,84.7551], [11.1086,87.4649], [9.19594,71.7056], [10.7031,88.4887], [11.4792,71.1608], [10.5274,71.3879], [11.4489,86.6056], [9.19594,71.7056], [9.19594,71.7056], [9.19594,71.7056], [13.873,88.3636], [10.8074,71.3211], [15.8201,75.5709], [11.0933,71.2529], [11.8731,71.0668], [10.2436,89.756], [10.8496,88.1186], [14.2795,70.4923], [27.7557,67.0572], [9.19594,71.7056], [15.7561,75.7325], [14.9451,77.78], [17.4176,70.3488], [11.1953,87.2459], [11.5377,86.3815], [14.6134,70.4127], [11.7002,85.9713], [11.6191,86.176], [9.19594,71.7056], [9.19594,71.7056], [9.19594,71.7056], [16.0068,75.0998], [9.19594,71.7056], [9.19594,71.7056], [9.19594,71.7056], [9.19594,71.7056], [9.19594,71.7056], [12.7967,70.8464], [9.39726,68.0205], [14.0636,80.0052], [9.44804,67.0912], [10.2937,51.6113], [25.5119,67.5195], [9.19594,71.7056], [9.19594,71.7056], [14.2634,79.5008], 