{
  "instance_index": 0,
  "birth_iter": 19,
  "death_iter": 50,
  "survival_iters": 31,
  "censored": false,
  "pre_vnd_cost": 11122.7,
  "post_vnd_cost": 740.408,
  "pre_vnd_coords": [[80,20], [68.0991,25.0943], [55.2074,25.8673], [68.0991,25.0943], [60.3607,16.4453], [68.0991,25.0943], [60.3607,16.4453], [60.3607,16.4453], [60.3607,16.4453], [68.0991,25.0943], [55.2074,25.8673], [72.4589,9.34661], [52.5277,13.5548], [42.581,29.3211], [52.5277,13.5548], [42.581,29.3211], [50.1496,34.3683], [50.1496,34.3683], [57.6145,42.7904], [50.1496,34.3683], [64.6541,39.0063], [39.4077,35.2593], [55.2115,43.4236], [55.2115,43.4236], [55.2115,43.4236], [63.5407,45.5097], [56.9345,46.1208], [57.6145,42.7904], [55.2074,25.8673], [55.2115,43.4236], [55.2074,25.8673], [39.4077,35.2593], [42.581,29.3211], [50.1496,34.3683], [50.1496,34.3683], [55.2074,25.8673], [60.2768,34.4214], [50.1496,34.3683], [50.1496,34.3683], [60.2768,34.4214], [55.2115,43.4236], [55.2074,25.8673], [57.6145,42.7904], [42.581,29.3211], [39.4077,35.2593], [55.2115,43.4236], [35.6101,45.0242], [34.6398,33.669], [39.4077,35.2593], [27.6211,39.9851], [42.581,29.3211], [34.6398,33.669], [39.4077,35.2593], [39.4077,35.2593], [27.8314,47.2538], [27.6211,39.9851], [27.8314,47.2538], [39.4077,35.2593], [20.1514,43.1586], [27.6211,39.9851], [39.4077,35.2593], [39.4077,35.2593], [19.4461,41.1222], [20.1514,43.1586], [24.6518,27.883], [20.5648,22.3026], [39.4077,35.2593], [20.1514,43.1586], [20.1514,43.1586], [24.6518,27.883], [39.4077,35.2593], [24.6518,27.883], [27.271,20.8522], [42.581,29.3211], [27.271,20.8522], [24.6518,27.883], [24.6518,27.883], [42.581,29.3211], [39.4077,35.2593], [30.9297,19.332], [27.271,20.8522], [42.9041,12.691], [42.581,29.3211], [42.581,29.3211], [42.9041,12.691], [42.9041,12.691], [42.581,29.3211], [42.9041,12.691], [27.3619,14.252], [27.3619,14.252], [42.9041,12.691], [27.3619,14.252], [27.3619,14.252], [27.271,20.8522], [9.73653,20.7346], [17.2298,23.6938], [20.5648,22.3026], [20.5648,22.3026], [15.643,15.2042], [27.271,20.8522], [27.271,20.8522], [17.2298,23.6938], [27.6211,39.9851], [15.643,15.2042], [9.73653,20.7346], [9.73653,20.7346], [15.643,15.2042], [1.91858,30.1482], [9.5524,2.34511], [27.271,20.8522], [13.6738,19.8752], [17.2298,23.6938], [15.0888,31.908], [27.3619,14.252], [7.86306,26.6531], [9.5524,2.34511], [9.5524,2.34511], [9.73653,20.7346], [10.5119,13.7594], [9.73653,20.7346], [15.643,15.2042], [13.6738,19.8752], [9.5524,2.34511], [2.69183,36.031], [10.5119,13.7594], [13.6738,19.8752], [15.0888,31.908], [10.5119,13.7594], [9.73653,20.7346], [11.6421,42.9785], [14.8026,30.6704], [14.8026,30.6704], [7.86306,26.6531], [1.91858,30.1482], [7.86306,26.6531], [0.105197,39.8284], [1.91858,30.1482], [7.86306,26.6531], [1.91858,30.1482], [0.105197,39.8284], [27.6211,39.9851], [19.4461,41.1222], [20.1514,43.1586], [10.5119,13.7594], [9.73653,20.7346], [24.6518,27.883], [1.91858,30.1482], [17.2298,23.6938], [9.73653,20.7346], [16.4948,36.0392], [13.6738,19.8752], [14.8026,30.6704], [9.52803,41.7493], [9.73653,20.7346], [27.6211,39.9851], [15.0888,31.908], [16.4948,36.0392], [16.4948,36.0392], [19.4461,41.1222], [30.9297,19.332], [14.8026,30.6704], [9.52803,41.7493], [27.6211,39.9851], [17.2298,23.6938], [6.44787,55.6839], [2.69183,36.031], [16.1184,59.8354], [11.6421,42.9785], [4.20258,38.1461], [4.20258,38.1461], [20.1514,43.1586], [2.69183,36.031], [9.52803,41.7493], [20.1514,43.1586], [27.8314,47.2538], [27.8314,47.2538], [12.3261,53.9275], [27.8314,47.2538], [12.6504,57.1976], [20.1514,43.1586], [27.8314,47.2538], [27.8314,47.2538], [2.90182,48.8695], [12.3261,53.9275], [11.6421,42.9785], [6.44787,55.6839], [-0.25234,61.973], [16.1184,59.8354], [16.555,52.8872], [20.1514,43.1586], [12.3261,53.9275], [9.52803,41.7493], [2.69183,36.031], [11.6421,42.9785], [6.44787,55.6839], [11.6421,42.9785], [1.80678,55.706], [14.8026,30.6704], [11.6421,42.9785], [11.6421,42.9785], [27.6211,39.9851], [0.105197,39.8284], [2.90182,48.8695], [12.3261,53.9275], [9.27441,59.4253], [1.80678,55.706], [6.44787,55.6839], [-0.25234,61.973], [0.105197,39.8284], [1.80678,55.706], [11.6421,42.9785], [20.1514,43.1586], [1.80678,55.706], [2.69183,36.031], [6.16307,65.1515], [2.90182,48.8695], [9.27441,59.4253], [-0.25234,61.973], [-0.25234,61.973], [7.5512,70.5228], [0.105197,39.8284], [14.5527,67.4951], [1.80678,55.706], [7.5512,70.5228], [14.5527,67.4951], [21.8356,68.5277], [14.5527,67.4951], [12.6504,57.1976], [14.5527,67.4951], [9.27441,59.4253], [14.5527,67.4951], [16.555,52.8872], [14.5527,67.4951], [13.7387,75.5432], [21.2769,71.026], [-0.25234,61.973], [6.44787,55.6839], [1.80678,55.706], [23.4439,72.5458], [9.45489,65.5305], [21.2769,71.026], [20.3669,54.3497], [27.8314,47.2538], [21.8356,68.5277], [21.2769,71.026], [9.27441,59.4253], [21.2769,71.026], [21.8356,68.5277], [21.2769,71.026], [14.5527,67.4951], [14.5527,67.4951], [21.2769,71.026], [14.5527,67.4951], [7.5512,70.5228], [21.2769,71.026], [16.7732,73.3048], [13.7387,75.5432], [16.7732,73.3048], [13.7387,75.5432], [16.7732,73.3048], [1.40287,71.516], [16.7732,73.3048], [10.7467,77.3416], [10.7467,77.3416], [10.7467,77.3416], [-2.24421,75.9867], [-2.24421,75.9867], [10.7467,77.3416], [10.7467,77.3416], [-2.24421,75.9867], [-2.24421,75.9867], [10.7467,77.3416], [7.5512,70.5228], [6.16307,65.1515], [1.40287,71.516], [1.40287,71.516], [-2.24421,75.9867], [-2.24421,75.9867], [14.5527,67.4951], [-2.24421,75.9867], [10.7467,77.3416], [-2.24421,75.9867], [9.27441,59.4253], [6.16307,65.1515], [6.16307,65.1515], [14.5527,67.4951], [21.8356,68.5277], [-2.24421,75.9867], [-0.25234,61.973], [6.16307,65.1515], [14.5527,67.4951], [10.7467,77.3416], [6.16307,65.1515], [6.16307,65.1515], [10.7467,77.3416], [9.27441,59.4253], [-2.24421,75.9867], [-2.24421,75.9867], [-2.24421,75.9867], [10.7467,77.3416], [7.5512,70.5228], [14.5527,67.4951], [12.6504,57.1976], [-0.25234,61.973], [10.7467,77.3416], [21.8356,68.5277], [12.3261,53.9275], [16.1184,59.8354], [13.7387,75.5432], [1.40287,71.516], [14.5527,67.4951], [9.95665,85.8827], [23.4439,72.5458], [23.6858,67.2944], [9.81178,79.9963], [19.8706,84.2925], [19.6217,84.0154], [19.9822,82.4959], [24.2288,72.0459], [21.0089,79.5455], [23.8295,72.3002], [31.7984,79.3848], [24.9352,71.5959], [23.6662,72.4042], [25.4851,71.2456], [19.5005,83.8804], [29.7333,81.4814], [34.3093,76.8354], [29.0437,83.614], [23.7716,72.337], [23.5025,72.5084], [19.5005,83.8804], [25.4851,71.2456], [31.1339,80.0594], [23.9462,88.833], [21.5537,77.9799], [28.5815,85.0432], [25.1736,71.444], [41.5776,90.188], [19.5005,83.8804], [23.0384,89.4042], [20.5781,85.0805], [28.8033,84.3574], [21.6309,89.6431], [20.7647,85.2884], [20.9568,85.5023], [9.87671,82.6399], [10.0363,89.0883], [22.1226,76.3448], [28.4314,85.5073], [23.7675,89.2805], [21.6309,89.6431], [21.146,85.713], [21.6309,89.6431], [21.3333,85.9217], [22.3237,89.5255], [10.032,88.9144], [21.6309,89.6431], [10.0494,89.6181], [22.56,89.4854], [19.5005,83.8804], [21.8577,89.6046], [18.7757,89.6406], [9.90803,83.9139], [9.99472,87.4137], [9.99926,87.5962], [20.2047,84.6646], [9.70301,75.5822], [21.6979,86.3277], [9.96267,86.1248], [20.024,84.4634], [20.6489,89.6422], [11.6614,89.6337], [18.2752,89.6401], [23.2873,88.0991], [21.5169,86.1261], [20.4812,81.062], [22.7684,74.4886], [24.3749,71.9528], [24.5346,71.8511], [10.0057,87.8548], [10.0491,89.6049], [19.7218,89.6413], [23.6117,72.4389], [9.95277,85.7268], [9.73689,76.9499], [19.5005,83.8804], [9.97892,86.7779], [9.45489,65.5305], [10.0079,87.9426], [10.0014,87.682], [19.5005,83.8804], [9.99692,87.5018], [9.97002,86.4197], [28.2349,86.115], [9.99256,87.3269], [9.96449,86.1977], [10.01,88.0278], [10.0226,88.5331], [10.0476,89.5433], [12.4964,89.6345], [17.7993,89.6397], [9.7786,78.6456], [9.94401,85.375], [9.95881,85.9696], [20.3855,84.866], [10.8481,89.633], [10.0142,88.1958], [9.94125,85.264], [9.96811,86.3431], [10.0406,89.2591], [9.98823,87.1529], [9.94934,85.5891], [9.71721,76.1569], [10.0482,89.5681], [9.84369,81.2954], 