{
  "instance_index": 0,
  "birth_iter": 162,
  "death_iter": 170,
  "survival_iters": 8,
  "censored": false,
  "pre_vnd_cost": 8294.44,
  "post_vnd_cost": 580.597,
  "pre_vnd_coords": [[80,20], [67.7029,15.5011], [70.6061,16.5634], [69.0252,15.9849], [73.7107,17.6993], [70.0593,16.3633], [72.5277,17.2664], [68.588,15.825], [67.2413,15.3322], [39.7257,23.8143], [55.5057,34.8317], [55.9207,34.1422], [69.5106,16.1625], [54.8579,35.9082], [40.0934,25.9452], [52.8838,39.1884], [40.1326,26.1727], [39.585,22.9991], [40.0396,25.6333], [55.639,34.6103], [53.3362,38.4366], [40.1201,26.0998], [53.1683,38.7156], [53.2522,38.5762], [39.5593,27.2835], [71.4885,16.8862], [68.1322,15.6582], [55.3428,35.1024], [40.0265,25.5578], [57.5705,31.4009], [40.0134,25.4819], [55.02,35.6388], [53.0261,38.9519], [54.1032,37.1622], [61.0525,25.6153], [40.079,25.8617], [26.8666,16.2898], [39.6333,23.2788], [39.6787,23.5416], [30.3213,16.9106], [39.585,22.9991], [38.0349,18.2848], [29.3528,16.7365], [37.535,16.7644], [27.7455,16.4477], [39.7738,24.093], [36.8738,17.0665], [35.6094,17.6443], [38.5461,19.8394], [15.3726,20.5981], [35.433,17.7248], [28.5684,16.5956], [40.0654,25.7831], [40.0524,25.7077], [35.2699,17.7994], [35.5128,17.6884], [36.2432,17.3546], [25.4064,16.0275], [39.8293,24.4147], [23.9771,15.7708], [30.7339,16.9847], [29.8321,16.8226], [15.7034,22.1792], [32.8609,17.3667], [15.588,21.6275], [35.6953,17.605], [22.0788,15.4298], [35.3552,17.7604], [11.3076,35.8615], [15.2467,19.9967], [14.7125,17.4442], [18.7606,14.8338], [11.2368,24.474], [14.4285,16.0872], [10.9827,26.4155], [15.1099,19.3428], [14.3296,15.6143], [17.3742,14.5847], [14.5139,16.4952], [11.1102,24.5248], [11.0536,28.4742], [11.1911,24.4923], [14.0151,13.9812], [16.234,14.3799], [14.1386,14.7015], [14.6477,17.1346], [14.0441,14.2501], [14.0132,13.9809], [11.2832,35.1516], [20.1366,15.081], [14.9924,18.7814], [14.6354,14.0927], [14.2511,15.2395], [11.1498,24.5089], [11.2297,33.5924], [32.7363,40.5032], [35.9852,34.2084], [15.4764,21.0943], [11.2716,24.4601], [10.9203,24.6008], [11.2167,34.789], [9.71123,27.0295], [9.77998,27.3838], [11.3971,35.7189], [31.6117,39.11], [11.1077,34.2273], [11.1419,34.4035], [9.99312,28.4824], [35.4699,42.613], [35.47,42.613], [19.3961,44.7879], [35.4699,42.6129], [35.4699,42.6129], [18.62,47.5352], [35.4699,42.6129], [21.1045,46.0089], [31.9927,44.6372], [31.6734,40.0052], [35.47,42.613], [42.1205,49.1119], [31.8467,42.5183], [31.7559,41.2012], [32.2757,39.713], [35.47,42.613], [32.8856,40.2667], [35.4699,42.613], [33.6566,40.9667], [20.856,46.1615], [41.879,48.8759], [51.2712,50.2074], [32.1097,46.3334], [31.8026,41.8787], [20.4904,46.3861], [20.9683,46.0925], [21.1045,46.0089], [32.2255,48.0142], [35.47,42.613], [35.4699,42.6129], [31.7101,40.5379], [20.7347,46.236], [19.4091,47.0504], [20.1254,46.6103], [41.6455,48.6478], [32.4587,51.3954], [32.5441,52.6346], [20.8116,45.7996], [33.1726,58.1375], [32.8777,56.9692], [42.6946,49.6729], [32.3803,50.2593], [32.0577,45.5803], [12.1176,39.4326], [20.354,46.4699], [9.69964,51.4365], [20.8802,45.8485], [33.149,65.0984], [31.9254,43.6611], [33.232,63.2258], [21.0362,46.0508], [16.886,48.6004], [21.1045,46.0089], [19.7789,46.8232], [12.136,39.5275], [19.0399,47.2772], [20.4367,45.5316], [33.064,67.0179], [50.7842,51.1458], [32.1698,47.2063], [32.0928,46.0889], [33.232,63.2258], [58.8875,66.5543], [48.569,55.4138], [49.4196,53.7751], [33.9404,61.1787], [33.232,63.2258], [33.232,63.2258], [33.8472,60.8093], [32.7904,71.5061], [33.3002,58.6427], [33.5529,59.6437], [50.3,52.0787], [32.0753,45.8349], [33.2118,63.6831], [57.0885,54.4455], [48.9833,54.6157], [32.4192,50.8239], [35.4699,42.6129], [32.2908,48.9614], [33.9404,61.1787], [48.569,55.4138], [42.4155,49.4001], [54.2256,47.2274], [41.4231,48.4305], [48.569,55.4138], [43.0069,49.9781], [41.0072,48.024], [53.6912,47.7665], [48.569,55.4138], [56.3529,49.4942], [58.3519,62.9491], [48.569,55.4138], [41.2196,48.2316], [48.569,55.4138], [40.7979,47.8196], [52.4757,48.9925], [56.3134,49.2286], [48.569,55.4138], [51.8512,49.6225], [49.8971,52.855], [48.569,55.4138], [56.4847,50.3815], [56.1727,48.2814], [55.954,46.8095], [56.0211,47.2611], [56.4324,50.0297], [56.2781,48.9908], [48.569,55.4138], [53.1153,48.3474], [56.2046,48.4964], [56.107,47.839], [55.9753,46.9526], [56.0493,47.4509], [56.0766,47.6346], [55.9118,46.5252], [55.9989,47.1119], [56.2406,48.7386], [55.9326,46.6655], [54.9253,46.5216], [56.7273,52.014], [56.9688,53.6395], [57.0286,54.0425], [57.9489,60.2365], [57.6103,57.9578], [57.2723,55.6827], [67.5866,56.0711], [66.0535,62.8714], [50.6084,70.5131], [54.9356,65.7801], [66.7427,55.8624], [67.117,55.955], [66.9349,55.91], [66.2433,56.2212], [67.3482,56.0122], [50.0201,69.8675], [50.1115,69.9677], [50.3293,68.4117], [49.8756,69.7089], [55.4703,65.4747], [52.3911,67.2338], [50.4714,70.3627], [11.2251,33.4576], [11.3566,37.2883], [13.8297,62.104], [13.5089,63.4422], [13.7348,62.4997], [13.8699,61.9361], [50.9639,68.0492], [13.5693,63.1902], [49.8756,69.7089], [50.4257,70.3125], [13.0475,65.3671], [53.495,66.6032], [52.6274,72.7293], [12.8357,66.251], [13.155,64.9189], [11.3215,72.8081], [10.8445,80.2548], [10.8692,74.202], [10.8693,74.202], [10.8692,74.202], [10.8692,74.2021], [10.8692,74.202], [11.0788,74.0258], [10.8692,74.2021], [11.0482,74.0516], [11.1101,73.9996], [10.8692,74.202], [13.3644,64.7635], [12.3037,89.4851], [10.1038,89.6435], [14.0097,68.0617], [10.3705,83.7697], [10.8692,74.2021], [10.8692,74.202], [11.4551,89.5462], [12.1064,60.9774], [10.8693,74.202], [10.8692,74.2021], [11.3145,73.8277], [14.3124,69.971], [10.8692,74.2021], [10.8692,74.2021], [10.9605,74.1253], [14.3759,70.4749], [10.8995,74.1766], [10.8692,74.2021], [11.1708,73.9486], [11.1407,73.9739], [10.8692,74.202], [10.8692,74.202], [10.4517,82.2122], [14.4192,70.8179], [14.2056,69.1234], [12.9945,72.4151], [12.5538,62.0655], [10.8692,74.202], [10.8692,74.202], [14.3548,70.3069], [11.6063,73.5823], [10.8692,74.202], [10.8692,74.202], [11.9017,73.3339], [10.8692,74.2021], [12.8632,72.5255], [10.8692,74.202], [10.8692,74.2021], [12.4683,72.8575], [11.7546,73.4576], [11.0181,74.0769], [10.8692,74.2021], [10.8692,74.2021], [10.9299,74.151], [10.8693,74.202], [10.8692,74.2021], [10.0724,89.6457], [10.8693,74.202], [10.8692,74.2021], [10.8692,74.2021], [10.8692,74.2021], [10.8692,74.2021], [11.7608,60.137], [12.7181,62.465], [12.6366,62.2668], [13.2648,72.1877], [10.8693,74.202], [9.56791,49.425], [14.3972,70.6432], [11.7608,60.137], [12.3318,72.9722], [13.8331,67.1587], [14.6323,49.9848], [11.7608,60.137], [14.2187,71.3851], [11.7608,60.137], [11.5805,59.376], [12.1913,73.0905], [12.6007,72.7462], [14.2912,69.8025], [12.8926,62.8892], [12.9899,63.1259], [13.4199,65.047], [12.4709,61.8637], [11.7824,60.1896], [14.4416,70.996], [21.0262,45.9529], [9.59289,50.9861], [10.1048,53.1463], [10.0687,49.4804], [9.32221,49.8439], [11.7608,60.137], [12.7323,72.6355], [11.7608,60.137], [12.794,62.6494], [12.3836,61.6516], [11.8458,60.3436], [11.7608,60.137], [11.3954,58.5947], [9.3564,49.9881], [11.0367,57.0801], [10.2194,53.63], [10.6933,49.5495], [9.92189,52.3745], [9.98353,52.6346], [11.8879,60.4462], [11.7608,60.137], [11.8019,60.237], [11.0445,33.9018], [9.7335,49.4433], [9.64642,51.212], [19.7302,45.0267], [10.1629,53.3914], [9.4241,50.2738], [9.28656,49.6934], [20.9508,45.8991], [11.9762,38.7038], [11.7608,60.137], [10.2778,53.8763], [10.8609,49.568], [9.89697,49.4614], [9.21366,49.3858], [14.6271,41.3793], [10.3805,49.5149], [10.7566,55.8978], [9.39151,49.4055], [11.1978,57.7602], [12.2676,49.7235], [10.3947,54.37], [12.0976,39.3297], [10.0437,52.8886], [11.0767,34.0675], [21.1045,46.0089], [10.5387,49.5324], [11.7608,60.137], [11.8667,60.3945], [10.6309,55.3671], [10.888,56.4525], [13.0158,49.8062], [11.0263,49.5863], [12.0359,39.0116], [9.75521,51.6711], [11.4833,49.6368], [11.2056,49.6061], [11.7448,37.5113], [20.0516,45.2564], [10.2286,49.4981], [13.7984,49.8926], [11.8234,60.2893], [9.86599,52.1386], 