{
  "instance_index": 0,
  "birth_iter": 11,
  "death_iter": 20,
  "survival_iters": 9,
  "censored": false,
  "pre_vnd_cost": 11356.5,
  "post_vnd_cost": 840.087,
  "pre_vnd_coords": [[80,20], [99.5955,26.4372], [90.3254,5.75405], [99.5955,26.4372], [90.3254,5.75405], [90.3254,5.75405], [90.3254,5.75405], [65.8863,6.47766], [65.8863,6.47766], [65.8863,6.47766], [65.8863,6.47766], [37.5878,17.6133], [65.8863,6.47766], [54.2034,34.5312], [44.4928,34.8851], [62.3954,41.6458], [54.2034,34.5312], [56.8374,22.1427], [63.8722,22.6759], [63.8722,22.6759], [63.8722,22.6759], [63.8722,22.6759], [63.8722,22.6759], [54.2034,34.5312], [44.4928,34.8851], [62.3954,41.6458], [54.6975,37.9736], [54.2034,34.5312], [62.3954,41.6458], [46.2232,20.4278], [42.3289,45.2178], [44.4928,34.8851], [47.0748,47.3589], [54.2034,34.5312], [54.2034,34.5312], [54.6975,37.9736], [39.0866,34.3298], [47.0748,47.3589], [53.2474,54.9955], [34.648,50.4613], [36.9704,41.1609], [54.2034,34.5312], [47.0748,47.3589], [47.0748,47.3589], [51.6666,68.1856], [37.4913,59.8106], [41.493,50.2353], [52.2351,59.9491], [55.9571,49.3301], [37.4913,59.8106], [29.0039,51.0717], [41.493,50.2353], [40.7098,65.516], [41.493,50.2353], [41.493,50.2353], [40.7098,65.516], [29.6474,72.291], [45.6385,68.1503], [28.0291,65.0062], [45.6385,68.1503], [33.8243,63.9274], [50.1741,57.5957], [38.2381,72.5945], [27.6837,76.4465], [29.6474,72.291], [20.9342,71.7959], [33.8243,63.9274], [38.2381,72.5945], [33.8243,63.9274], [20.9342,71.7959], [20.9342,71.7959], [11.3293,58.1482], [20.6606,57.3772], [29.0039,51.0717], [28.0291,65.0062], [20.6606,57.3772], [34.648,50.4613], [13.3464,63.4785], [34.5056,74.4544], [34.648,50.4613], [12.3491,51.8776], [27.7984,44.024], [20.6606,57.3772], [21.9541,51.9229], [34.648,50.4613], [27.7984,44.024], [20.4337,46.2152], [27.7984,44.024], [27.7984,44.024], [34.648,50.4613], [27.7984,44.024], [27.7984,44.024], [36.9704,41.1609], [29.0039,51.0717], [29.0039,51.0717], [37.4913,59.8106], [37.4913,59.8106], [41.6994,62.337], [20.6606,57.3772], [29.0039,51.0717], [29.6474,72.291], [37.4913,59.8106], [28.0291,65.0062], [34.648,50.4613], [50.1741,57.5957], [27.8454,57.2175], [36.9704,41.1609], [50.1741,57.5957], [37.4913,59.8106], [37.8058,53.1039], [44.4928,34.8851], [47.0748,47.3589], [37.8058,53.1039], [34.648,50.4613], [34.648,50.4613], [37.4913,59.8106], [21.9541,51.9229], [34.648,50.4613], [37.3563,28.7397], [27.7984,44.024], [34.648,50.4613], [34.648,50.4613], [15.3267,30.8667], [31.3512,31.6721], [31.3512,31.6721], [27.7984,44.024], [31.3512,31.6721], [18.2454,50.3449], [18.2454,50.3449], [27.7984,44.024], [34.648,50.4613], [34.648,50.4613], [27.7984,44.024], [6.77472,50.9436], [27.7984,44.024], [27.7984,44.024], [20.4337,46.2152], [27.7984,44.024], [18.2454,50.3449], [29.0039,51.0717], [27.8454,57.2175], [11.3293,58.1482], [27.7984,44.024], [11.3293,58.1482], [8.6669,47.6396], [7.57615,62.6267], [28.0291,65.0062], [18.2454,50.3449], [12.3491,51.8776], [20.4337,46.2152], [21.9541,51.9229], [15.3267,30.8667], [8.6669,47.6396], [3.89895,36.2273], [20.4337,46.2152], [3.40446,52.0872], [8.6669,47.6396], [8.6669,47.6396], [8.6669,47.6396], [8.66694,34.0496], [20.4337,46.2152], [12.3491,51.8776], [3.89895,36.2273], [18.2454,50.3449], [3.89895,36.2273], [20.4337,46.2152], [8.6669,47.6396], [20.4337,46.2152], [20.4337,46.2152], [4.98004,56.9055], [12.3491,51.8776], [20.4337,46.2152], [20.6606,57.3772], [12.3491,51.8776], [20.4337,46.2152], [15.3267,30.8667], [18.2454,50.3449], [20.4337,46.2152], [21.9541,51.9229], [15.3267,30.8667], [27.7984,44.024], [21.9541,51.9229], [21.9541,51.9229], [15.3267,30.8667], [29.0039,51.0717], [29.0039,51.0717], [31.3512,31.6721], [27.7984,44.024], [36.9704,41.1609], [31.3512,31.6721], [34.648,50.4613], [36.9704,41.1609], [46.2232,20.4278], [44.4928,34.8851], [36.9704,41.1609], [39.0866,34.3298], [56.3852,45.56], [44.4928,34.8851], [44.4928,34.8851], [39.0866,34.3298], [27.3123,26.0161], [20.4337,46.2152], [44.4928,34.8851], [46.2232,20.4278], [37.3563,28.7397], [27.3123,26.0161], [37.5878,17.6133], [19.932,23.9293], [27.3123,26.0161], [36.5472,10.6231], [46.2232,20.4278], [46.2232,20.4278], [37.5878,17.6133], [37.3563,28.7397], [39.0866,34.3298], [36.5472,10.6231], [37.3563,28.7397], [27.964,17.3598], [36.5472,10.6231], [46.2232,20.4278], [36.5472,10.6231], [36.5472,10.6231], [37.5878,17.6133], [37.5878,17.6133], [24.0824,7.69129], [24.0824,7.69129], [24.0824,7.69129], [16.7153,10.2192], [-2.94588,10.4171], [10.7621,17.0533], [10.7621,17.0533], [10.7621,17.0533], [16.7153,10.2192], [9.51043,20.2499], [9.51043,20.2499], [16.7153,10.2192], [10.7621,17.0533], [10.7621,17.0533], [10.7621,17.0533], [10.7621,17.0533], [-2.94588,10.4171], [-1.5944,18.6988], [-3.83427,30.9434], [-1.5944,18.6988], [10.7621,17.0533], [10.7621,17.0533], [-3.83427,30.9434], [-1.5944,18.6988], [-3.83427,30.9434], [8.66694,34.0496], [9.51043,20.2499], [8.66694,34.0496], [10.7621,17.0533], [8.66694,34.0496], [27.964,17.3598], [27.964,17.3598], [16.7153,10.2192], [19.932,23.9293], [27.964,17.3598], [15.3267,30.8667], [27.964,17.3598], [9.51043,20.2499], [27.964,17.3598], [27.964,17.3598], [27.964,17.3598], [27.3123,26.0161], [27.7984,44.024], [31.3512,31.6721], [15.3267,30.8667], [15.3267,30.8667], [27.964,17.3598], [31.3512,31.6721], [15.3267,30.8667], [16.7153,10.2192], [15.3267,30.8667], [37.3563,28.7397], [19.932,23.9293], [15.3267,30.8667], [9.51043,20.2499], [19.932,23.9293], [12.3491,51.8776], [31.3512,31.6721], [8.66694,34.0496], [3.12038,30.0024], [3.12038,30.0024], [-3.23782,35.1054], [3.12038,30.0024], [-3.23782,35.1054], [-3.23782,35.1054], [3.12038,30.0024], [-1.13337,59.4808], [1.14714,52.6213], [-3.23782,35.1054], [1.14714,52.6213], [10.7844,61.1108], [11.0409,57.8967], [1.14714,52.6213], [11.0409,57.8967], [-1.13337,59.4808], [1.71967,76.9723], [1.14714,52.6213], [-1.13337,59.4808], [-1.13337,59.4808], [3.42483,71.9349], [1.71967,76.9723], [-1.13337,59.4808], [3.42483,71.9349], [11.0409,57.8967], [3.42483,71.9349], [17.1077,57.2952], [3.42483,71.9349], [17.5652,63.3147], [5.4075,66.7282], [3.42483,71.9349], [5.4075,66.7282], [15.465,68.3644], [15.465,68.3644], [9.1276,64.0746], [1.14714,52.6213], [10.7844,61.1108], [14.1512,66.526], [15.465,68.3644], [17.5652,63.3147], [17.5652,63.3147], [10.7844,61.1108], [20.8535,70.2707], [12.8385,74.4612], [10.7844,61.1108], [24.8986,78.8726], [24.8986,78.8726], [13.2679,82.9911], [17.9199,86.0816], [13.4058,79.2637], [12.8385,74.4612], [17.9199,86.0816], [13.3166,97.9862], [20.8535,70.2707], [20.8535,70.2707], [17.5652,63.3147], [20.8535,70.2707], [20.8535,70.2707], [13.2679,82.9911], [3.42483,71.9349], [12.8385,74.4612], [6.59353,78.7432], [12.8385,74.4612], [13.2679,82.9911], [1.71967,76.9723], [15.465,68.3644], [6.59353,78.7432], [5.4075,66.7282], [3.42483,71.9349], [3.42483,71.9349], [3.42483,71.9349], [1.71967,76.9723], [3.42483,71.9349], [1.71967,76.9723], [1.14714,52.6213], [1.71967,76.9723], [3.42483,71.9349], [6.59353,78.7432], [6.59353,78.7432], [1.71967,76.9723], [5.49354,88.4437], [6.59353,78.7432], [9.78152,92.8232], [9.78152,92.8232], [6.59353,78.7432], [6.59353,78.7432], [9.78152,92.8232], [6.59353,78.7432], [9.78152,92.8232], [6.59353,78.7432], [17.9199,86.0816], [6.59353,78.7432], [14.5899,94.7731], [6.59353,78.7432], [6.59353,78.7432], [1.71967,76.9723], [1.71967,76.9723], [6.59353,78.7432], [1.71967,76.9723], [1.71967,76.9723], [1.71967,76.9723], [6.59353,78.7432], [1.71967,76.9723], [1.71967,76.9723], [3.42483,71.9349], [6.59353,78.7432], [3.42483,71.9349], [3.42483,71.9349], [1.71967,76.9723], [1.71967,76.9723], [5.4075,66.7282], [3.42483,71.9349], [6.59353,78.7432], [6.59353,78.7432], [14.1512,66.526], [17.9199,86.0816], [12.3309,89.528], [1.71967,76.9723], [9.78152,92.8232], [6.59353,78.7432], [6.59353,78.7432], [1.71967,76.9723], [17.9199,86.0816], [5.4075,66.7282], [3.42483,71.9349], [3.42483,71.9349], [13.2679,82.9911], [9.78152,92.8232], [24.7434,95.3816], [9.78152,92.8232], [6.59353,78.7432], [6.59353,78.7432], 