{
  "instance_index": 0,
  "birth_iter": 48,
  "death_iter": 50,
  "survival_iters": 2,
  "censored": false,
  "pre_vnd_cost": 10147.2,
  "post_vnd_cost": 638.153,
  "pre_vnd_coords": [[80,20], [86.2684,17.5916], [86.2684,17.5916], [86.1185,18.2008], [85.5432,20.5379], [83.734,27.8889], [85.8387,19.3374], [80.8051,39.7887], [60.592,49.5622], [77.7326,52.2715], [58.2721,45.4303], [55.4119,41.6807], [77.6462,52.6224], [79.9605,43.2202], [80.9145,39.3441], [79.5041,45.0745], [80.4831,41.0967], [80.6788,40.3017], [77.4143,53.5647], [77.9059,51.5673], [81.9278,35.2274], [57.1143,43.8934], [77.76,52.1603], [77.6731,52.5135], [81.0401,38.8338], [61.27,51.0449], [53.1394,37.2634], [52.995,36.4699], [52.995,36.4699], [53.0695,36.8793], [56.5358,34.8764], [56.0972,35.0737], [52.995,36.4699], [55.1543,35.4981], [52.995,36.4699], [54.6816,35.7109], [53.2572,37.9104], [55.6236,35.2869], [53.7123,36.1471], [54.2212,35.9181], [47.2154,61.5268], [49.575,56.304], [48.7985,57.7869], [50.604,54.6266], [55.1324,50.2798], [48.5097,58.4692], [52.4898,51.5535], [52.0284,52.3054], [51.1022,53.8144], [51.13,53.769], [50.2821,55.1514], [49.4096,56.5738], [49.9231,55.7367], [47.6775,60.4353], [51.577,53.0407], [45.32,66.0031], [46.5595,63.0758], [46.3835,63.4915], [49.0947,57.0872], [45.8663,64.7129], [47.9417,59.8113], [45.0855,66.5569], [49.2547,56.8262], [51.0739,53.8605], [45.6969,65.1129], [10.385,67.1677], [13.276,75.9813], [10.44,67.9712], [10.4601,68.2643], [10.2302,64.909], [10.2715,65.5113], [14.085,75.1226], [10.5052,68.923], [10.0858,61.007], [10.4823,68.588], [10.608,70.4245], [11.144,75.9499], [9.96992,61.1043], [10.1444,63.6564], [10.641,60.541], [10.2027,60.9089], [10.1658,63.9694], [10.4216,67.7021], [10.0983,62.9832], [10.3221,60.8087], [9.96992,61.1043], [51.1262,37.0257], [51.1262,37.0257], [51.1519,37.039], [52.219,35.5263], [50.0999,55.4484], [51.9211,35.935], [49.0947,57.0872], [50.9042,54.1372], [49.0947,57.0872], [49.0947,57.0872], [59.3606,46.8753], [50.9618,54.0434], [54.741,50.2308], [52.9554,50.7951], [49.1786,56.9503], [55.714,42.0339], [50.7554,54.3798], [51.4434,36.5904], [59.659,47.5213], [55.0828,41.296], [54.3702,50.1844], [53.4043,50.0636], [54.7277,40.881], [51.5794,36.4039], [51.7885,36.1169], [57.3055,28.5497], [51.5115,36.497], [51.289,36.8023], [50.4534,54.8721], [64.416,60.2558], [53.3662,38.5092], [30.5749,67.5231], [64.3989,60.246], [10.5551,69.6514], [29.025,89.4712], [23.8094,88.098], [18.1647,88.5178], [13.9895,75.2239], [12.9288,76.3501], [13.8942,75.3251], [13.0571,76.2137], [11.7399,75.7817], [10.8768,74.3567], [10.291,65.796], [10.5299,69.2832], [12.1074,75.6779], [12.6228,76.675], [12.3347,75.6139], [13.4926,75.7515], [10.1882,64.2957], [10.0249,61.91], [11.9196,75.7309], [10.8256,73.6094], [10.3477,66.624], [10.3108,66.0859], [10.6354,70.8252], [10.945,75.3527], [12.0089,75.7057], [10.0739,62.6264], [10.8026,86.0682], [10.9253,75.0654], [11.0649,75.9722], [10.4817,88.0004], [11.2176,75.9291], [12.308,77.0093], [10.989,75.9937], [10.2093,64.6041], [12.308,77.0093], [9.96992,61.1043], [10.2516,65.2212], [10.3297,66.3609], [10.5814,70.036], [10.4761,60.6794], [12.308,77.0093], [10.3662,66.8939], [13.3822,75.8687], [10.1218,63.3267], [10.9011,74.7118], [12.308,77.0093], [11.3282,82.9064], [12.308,77.0093], [13.5912,75.6467], [10.8181,60.3924], [10.8513,73.9847], [10.8,73.2356], [11.8285,75.7566], [10.8326,85.8879], [12.308,77.0093], [11.0217,84.7503], [12.308,77.0093], [11.3828,75.8825], [11.1405,84.0353], [10.989,75.9937], [12.5124,89.4049], [12.308,77.0093], [23.5422,88.0386], [12.7211,89.3721], [10.9639,75.6281], [16.6927,88.7486], [12.308,77.0093], [11.2462,83.3998], [11.961,79.0982], [11.5555,75.8337], [10.8619,85.7116], [11.6457,75.8082], [25.2788,88.4248], [13.1586,89.3034], [11.0794,84.4032], [12.308,77.0093], [14.4117,89.1066], [12.2015,75.6513], [11.8503,79.7641], [10.6462,87.0102], [10.9764,75.8108], [10.1913,89.7487], [12.7738,76.5146], [11.4667,82.0726], [10.989,75.9937], [11.7489,80.3746], [10.2065,89.6571], [10.1879,89.7694], [10.2034,89.6757], [28.3236,89.5203], [10.2015,89.687], [10.9613,85.1138], [10.2007,89.6923], [10.1971,89.7138], [13.6346,89.2286], [10.1962,89.7192], [15.5593,88.9264], [15.3417,88.9606], [12.2853,89.4405], [10.1937,89.7343], [10.1945,89.7293], [10.1981,89.708], [20.4516,88.1588], [11.2836,83.1743], [12.308,77.0093], [10.1904,89.7538], [10.2055,89.6631], [12.9286,89.3395], [19.261,88.3457], [11.1085,84.2281], [21.8508,87.9391], [13.8942,89.1879], [33.26,89.1745], [11.1737,83.8356], [14.1547,89.147], [10.2025,89.6815], [10.1989,89.7027], [10.1896,89.7588], [11.3691,82.6599], [11.4671,75.8587], [11.05,84.5799], [10.1998,89.6975], [11.4175,82.3692], [11.521,81.7464], [10.9358,85.2674], [12.308,77.0093], [10.9112,85.415], [13.389,89.2672], [11.2067,83.6373], [21.114,88.0547], [10.2045,89.6694], [10.1929,89.7388], [18.525,88.4612], [10.1954,89.7241], [10.1888,89.7639], [10.992,84.9291], [11.5678,89.5532], [10.4037,67.4413], [10.6971,71.7287], [11.3016,75.9054], [13.6924,75.5393], [13.7932,75.4323], [10.7506,72.5116], [12.1328,78.0641], [17.7488,88.583], [12.4683,76.8391], [22.8173,87.8773], [10.8883,85.5531], [28.3236,89.5203], [28.2282,89.24], [25.9161,88.5665], [21.3644,88.0154], [11.635,81.0599], [23.054,87.9299], [17.3018,88.6531], [10.1921,89.7436], [12.0612,89.4758], [27.2597,88.8652], [19.7443,88.2699], [28.2566,89.3235], [14.9068,89.0289], [12.308,77.0093], [15.1215,88.9952], [24.978,88.3579], [11.3195,89.5922], [22.3365,87.8628], [30.1706,89.391], [14.6731,89.0656], [31.833,89.2745], [24.1044,88.1636], [23.2897,87.9824], [33.5642,89.1533], [33.868,89.1321], [20.9104,88.0867], [27.578,88.9361], [16.118,88.8388], [19.9802,88.2328], [18.8863,88.4045], [28.2708,89.3653], [29.9367,89.4073], [31.5891,89.2916], [33.868,89.1321], [28.298,89.4451], [30.8643,89.3424], [20.2172,88.1956], [11.8213,89.5134], [28.2847,89.4061], [30.6311,89.3587], [28.201,89.1602], [20.6888,88.1216], [22.0935,87.901], [40.23,88.6053], [33.8963,89.1298], [30.4018,89.3748], [49.3254,86.4666], [28.3096,89.4792], [29.7037,89.4237], [28.1855,89.1147], [41.2608,88.5199], [33.0563,89.1889], [42.3811,88.4271], [46.6874,88.0705], [33.9236,89.1275], [46.6874,88.0705], [28.2148,89.2007], [41.064,88.5362], [38.3517,88.7608], [35.2624,89.0167], [21.6102,87.9768], [37.5441,88.8277], [31.3454,89.3087], [28.7939,89.4874], [34.6268,89.0693], [45.7767,88.1459], [31.1062,89.3254], [48.5591,86.9324], [39.2426,88.687], [46.6874,88.0705], [40.874,88.552], [51.0884,85.3948], [52.3432,88.0867], [32.5773,89.2224], [29.2519,89.4553], [47.2731,87.7143], [46.6874,88.0705], [45.4833,88.1702], [36.759,88.8927], [32.087,89.2567], [26.9532,88.7971], [46.6874,88.0705], [52.2022,87.7843], [26.6372,88.7268], [40.5529,88.5785], [50.651,85.6607], [52.1628,87.6999], [33.868,89.1321], [52.1266,87.6222], [48.1962,87.1529], [53.2643,88.1182], [60.3264,88.3563], [46.6874,88.0705], [54.7843,88.1698], [44.4281,88.2575], [52.3432,88.0867], [39.9372,88.6295], [52.7287,88.0999], [55.9509,88.2093], [46.6874,88.0705], [62.3602,88.4257], [46.6874,88.0705], [46.6874,88.0705], [44.1338,88.2819], [52.3432,88.0867], [53.7941,88.1362], [46.6874,88.0705], [64.5948,88.5019], [52.446,88.0903], [39.6414,88.654], [46.5035,88.0857], [61.6225,88.4006], [43.7887,88.3105], [51.0884,85.3948], [46.6874,88.0705], [51.0884,85.3948], [52.3432,88.0867], [51.0884,85.3948], [60.9869,88.3789], [52.3432,88.0867], [46.0642,88.122], [61.9721,88.4125], [51.0884,85.3948], [52.3432,88.0867], [47.8334,87.3734], [62.7772,88.4399], [74.0641,88.8218], [52.3193,88.0354], [60.6624,88.3678], [46.3074,88.1019], [52.2792,87.9496], [45.6508,88.1563], [53.0053,88.1093], [51.0884,85.3948], [51.0884,85.3948], [52.3432,88.0867], [51.0884,85.3948], [51.0884,85.3948], [51.0884,85.3948], [51.4828,86.2411], [51.0884,85.3948], [51.0884,85.3948], [51.0884,85.3948], [78.6759,88.9783], [59.988,88.3448], [74.4838,88.8361], [45.3354,88.1824], [68.7284,88.6417], [74.9224,88.851], [52.3432,88.0867], [64.4533,88.4971], 