{
  "instance_index": 0,
  "birth_iter": 42,
  "death_iter": 50,
  "survival_iters": 8,
  "censored": false,
  "pre_vnd_cost": 10548.7,
  "post_vnd_cost": 715.702,
  "pre_vnd_coords": [[80,20], [90.9374,10.334], [68.5136,6.03899], [87.3699,20.7081], [87.3699,20.7081], [90.9374,10.334], [87.3699,20.7081], [90.9374,10.334], [89.0812,39.8296], [89.0812,39.8296], [89.0812,39.8296], [89.0812,39.8296], [87.3699,20.7081], [87.7349,55.4654], [66.8082,38.5465], [66.8082,38.5465], [87.7349,55.4654], [87.7349,55.4654], [89.0812,39.8296], [68.0346,42.8957], [65.8695,47.4055], [68.0346,42.8957], [59.3628,37.7391], [66.8082,38.5465], [61.4186,44.291], [47.3551,34.9792], [48.166,34.6626], [49.4833,35.5143], [43.8809,36.3354], [48.9491,35.0313], [48.4281,34.5603], [43.337,36.5477], [44.6316,36.0424], [26.1332,42.8393], [30.7016,41.2867], [34.5359,39.9836], [42.0149,55.5888], [30.0721,55.7522], [34.5359,39.9836], [25.6821,42.9926], [27.2948,47.3926], [26.0209,42.8775], [25.6834,43.5969], [25.7986,42.953], [34.5359,39.9836], [27.8569,48.7168], [25.8922,44.0888], [34.5359,39.9836], [28.5835,50.4283], [26.6712,45.9237], [25.5733,43.0296], [34.5359,39.9836], [25.9097,42.9152], [42.2184,55.3761], [11.4068,58.2764], [26.9729,46.6345], [19.9867,62.4605], [11.3647,58.0018], [26.2307,42.8062], [35.685,39.535], [25.4591,43.0684], [11.4463,58.5335], [11.5617,59.2857], [11.7252,60.351], [11.5472,76.6361], [12.5786,65.9128], [11.476,76.3804], [11.1074,75.0571], [10.8692,74.2019], [12.5371,65.6423], [10.8902,74.0106], [10.9122,74.356], [12.8217,81.212], [12.4832,87.5106], [12.1187,87.7979], [11.2451,75.5515], [12.2508,67.6092], [19.9867,62.4605], [11.1878,75.3457], [12.5581,65.7789], [11.8305,68.9756], [10.9494,74.4899], [12.2746,63.9313], [11.2147,75.4423], [11.1345,75.1541], [12.1841,67.8261], [12.5999,66.0516], [12.0642,62.5603], [11.2274,70.9361], [5.71818,71.2856], [7.55092,61.3564], [49.8951,97.1746], [41.7629,70.038], [65.8695,47.4055], [43.7265,37.5433], [43.7265,37.5433], [47.0366,35.1035], [45.6444,35.647], [50.1667,36.132], [46.1536,35.4482], [58.9414,44.0098], [44.9107,35.9334], [62.2229,44.8636], [59.2488,43.9777], [46.4385,35.337], [44.3925,36.1357], [45.4165,35.736], [45.1694,35.8324], [58.2441,43.4339], [65.794,47.4064], [62.5881,45.1237], [58.8874,44.0155], [66.1431,47.363], [59.0432,43.9992], [61.6907,44.4847], [59.1976,43.983], [65.794,47.4064], [58.9957,44.0042], [61.4186,44.291], [57.545,80.4519], [47.213,88.1988], [74.6025,90.6279], [57.074,91.1005], [63.3523,91.7589], [62.2232,91.6405], [60.72,91.4828], [65.4641,91.9804], [74.2039,90.7444], [75.4331,90.385], [59.5434,91.3594], [67.6556,92.2102], [78.2783,89.5533], [72.72,91.1782], [86.3577,79.7082], [86.363,79.7499], [68.7847,92.3286], [77.2342,89.8585], [57.044,80.7865], [65.8083,66.7329], [63.3834,70.7588], [55.259,76.5476], [57.3712,80.7405], [59.8074,91.3871], [61.7667,91.5926], [70.3071,91.8836], [62.676,91.688], [73.2648,91.0189], [57.074,91.1005], [56.0438,80.8385], [55.0377,75.3374], [55.4878,77.7985], [61.1119,91.5239], [49.6426,88.9402], [63.5548,91.7801], [60.9083,91.5026], [55.1141,75.7553], [53.818,68.6687], [59.2458,91.3282], [55.872,79.8992], [63.1305,91.7356], [65.305,67.5685], [56.0488,80.8658], [53.6889,67.963], [54.3069,71.3422], [63.3873,70.7522], [60.2565,75.9502], [57.3712,80.7405], [63.3913,70.7457], [61.0832,74.5777], [76.7624,89.9964], [62.578,72.096], [63.4069,70.7198], [63.3953,70.7389], [84.7037,66.7402], [61.7986,73.3899], [65.8083,66.7329], [86.3525,79.667], [59.4969,77.2113], [79.0828,89.3181], [77.7453,89.7091], [86.3686,79.7939], [84.6867,63.043], [80.8226,61.8945], [65.8083,66.7329], [84.8175,65.8863], [81.7964,62.024], [65.7241,66.8728], [55.1666,59.9288], [54.9728,60.2071], [65.6362,67.0186], [63.3992,70.7326], [63.4032,70.7258], [65.8083,66.7329], [49.7311,57.8442], [55.4043,77.3422], [65.4729,67.2897], [56.0413,80.8247], [54.1737,70.6136], [65.555,67.1534], [55.1825,76.1294], [54.4496,60.9584], [65.8083,66.7329], [58.5847,78.7257], [52.9096,63.1699], [54.052,69.9484], [53.8154,59.2938], [54.7582,73.8096], [54.8988,60.3134], [53.4782,66.8111], [73.0057,46.5091], [79.6538,45.6819], [65.794,47.4064], [63.3795,70.7653], [54.6662,59.5957], [65.8083,66.7329], [83.5799,62.4851], [84.0113,62.7025], [84.2317,62.8136], [71.8438,46.6537], [71.0144,46.7569], [79.8318,61.7627], [78.781,61.6229], [84.4404,62.9189], [71.4059,46.7081], [65.794,47.4064], [72.2457,46.6037], [76.4401,61.9682], [65.794,47.4064], [72.6019,46.5593], [54.8641,60.3632], [65.794,47.4064], [60.9122,44.2178], [65.234,67.6864], [66.873,47.2722], [52.8471,58.9501], [56.4213,41.7861], [53.1639,62.8048], [69.8084,46.9069], [66.4979,47.3188], [55.2082,59.8691], [52.8482,63.2581], [52.8724,63.2234], [55.0086,60.1557], [53.6467,62.1114], [48.0383,57.2433], [54.6562,60.6617], [54.5873,40.1282], [54.9459,59.695], [65.8083,66.7329], [53.4056,62.4576], [50.4881,58.1128], [51.8912,58.6108], [58.8164,43.9513], [46.7455,35.2172], [38.2522,38.5328], [42.7828,36.7641], [29.5688,52.7493], [45.7116,56.4175], [41.7357,55.8806], [39.7747,37.9384], [42.3601,55.228], [41.2146,37.3763], [45.8951,35.5491], [34.5359,39.9836], [34.5359,39.9836], [41.877,55.7329], [34.8155,39.8745], [34.5359,39.9836], [17.9661,48.3597], [18.1814,48.1933], [40.9535,56.6982], [42.09,55.5102], [26.3651,45.2027], [29.8846,53.4934], [41.8291,55.7829], [41.9699,55.6358], [52.8564,63.2463], [44.1326,36.2372], [52.8796,63.213], [55.0448,60.1038], [30.5023,54.9483], [58.7468,43.8884], [41.9255,55.6822], [34.5359,39.9836], [53.2738,65.6932], [38.7927,58.9568], [40.3525,67.6342], [30.7434,55.5162], [41.861,70.6733], [42.2627,55.3298], [41.6844,70.6648], [41.803,70.6705], [39.3686,81.9891], [24.2662,66.1381], [52.8325,63.2806], [39.402,70.5544], [41.7151,70.6662], [52.9018,63.181], [55.1227,59.9919], [39.3686,81.9891], [39.5201,82.721], [41.5673,70.6591], [41.6271,70.662], [53.8849,61.7694], [41.5085,70.6563], [42.1085,70.6853], [41.8907,70.6747], [53.2028,65.3054], [41.7748,70.6691], [53.1348,64.9335], [41.745,70.6677], [51.1608,58.3516], [55.0827,60.0493], [52.9261,63.7921], [63.41,70.7146], [41.4499,70.6534], [52.8642,63.2351], [52.8404,63.2692], [55.7898,79.4497], [64.0218,69.6988], [40.5327,70.6091], [43.947,55.7912], [52.8942,63.192], [65.3915,67.4248], [54.1469,61.3931], [42.0483,70.6823], [39.3686,81.9891], [55.3289,76.9296], [52.8863,63.2034], [55.7145,79.0379], [54.9338,60.2631], [56.3795,80.8798], [41.3924,70.6506], [53.9316,69.2897], [51.7782,91.8188], [45.2022,91.3322], [49.0804,78.9405], [50.8015,81.3655], [49.0804,78.9405], [40.4101,76.8193], [49.0804,78.9405], [49.0804,78.9405], [51.7782,91.8188], [56.2808,95.2889], [51.7782,91.8188], [49.0804,78.9405], [42.6342,87.3655], [50.8015,81.3655], [51.7782,91.8188], [42.6342,87.3655], [51.7782,91.8188], [51.7782,91.8188], [65.7048,93.8637], [79.2648,42.2606], [87.7349,55.4654], [87.7349,55.4654], [90.2217,62.9742], [90.2217,62.9742], [90.2217,62.9742], [87.7349,55.4654], [92.6686,76.7032], [90.2217,62.9742], [92.6686,76.7032], [92.6686,76.7032], [95.6456,91.411], [92.6686,76.7032], [95.6456,91.411], [95.6456,91.411], [95.6456,91.411], [95.6456,91.411], [95.6456,91.411], [65.7048,93.8637], [62.8168,102.411], [69.4671,102.217], [69.4671,102.217], [69.4671,102.217], [69.4671,102.217], [65.7048,93.8637], [65.7048,93.8637], [65.7048,93.8637], [69.4671,102.217], [56.2808,95.2889], [65.7048,93.8637], [62.8168,102.411], [49.8951,97.1746], [51.7782,91.8188], [55.1044,98.6265], [56.2808,95.2889], [62.8168,102.411], [69.4671,102.217], [62.8168,102.411], [56.2808,95.2889], [51.7782,91.8188], [53.9272,75.7228], [55.1044,98.6265], [65.7048,93.8637], [49.8951,97.1746], [51.7782,91.8188], [42.6342,87.3655], [56.2808,95.2889], [49.8951,97.1746], [45.315,98.1882], [45.315,98.1882], [37.6636,97.6362], [49.8951,97.1746], [55.1044,98.6265], [45.315,98.1882], [45.315,98.1882], [49.8951,97.1746], [45.2022,91.3322], [51.7782,91.8188], [45.315,98.1882], [51.7782,91.8188], [42.6342,87.3655], [55.1044,98.6265], [49.8951,97.1746], 