{
  "instance_index": 0,
  "birth_iter": 13,
  "death_iter": 60,
  "survival_iters": 47,
  "censored": false,
  "pre_vnd_cost": 8290.12,
  "post_vnd_cost": 536.722,
  "pre_vnd_coords": [[80,20], [71.9411,54.9257], [75.9737,42.0588], [75.9737,42.0588], [75.9737,42.0588], [75.9737,42.0588], [72.8409,54.2515], [71.9411,54.9257], [71.9411,54.9257], [71.9411,54.9257], [71.9411,54.9257], [71.9411,54.9257], [71.9411,54.9257], [71.9411,54.9257], [71.9411,54.9257], [71.9411,54.9257], [71.9411,54.9257], [71.9411,54.9257], [72.8409,54.2515], [72.8409,54.2515], [71.9411,54.9257], [67.9328,57.0107], [67.9328,57.0107], [45.3298,49.7147], [37.5536,36.1373], [40.4316,41.1625], [14.8561,40.9835], [19.188,30.9549], [17.788,52.7547], [7.52597,38.9083], [10.1785,43.7348], [7.52597,38.9083], [7.52597,38.9083], [7.52597,38.9083], [7.52597,38.9083], [7.52597,38.9083], [10.1785,43.7348], [14.8561,40.9835], [7.52597,38.9083], [17.788,52.7547], [7.52597,38.9083], [7.52597,38.9083], [7.52597,38.9083], [7.52597,38.9083], [17.788,52.7547], [17.788,52.7547], [10.1785,43.7348], [19.188,30.9549], [17.788,52.7547], [17.9722,58.8954], [17.788,52.7547], [17.788,52.7547], [17.788,52.7547], [7.52597,38.9083], [25.4162,48.6017], [26.3594,46.5772], [29.7772,23.5922], [29.7772,23.5922], [30.2296,44.9447], [26.3594,46.5772], [14.8561,40.9835], [31.8201,43.6523], [25.4162,48.6017], [30.2296,44.9447], [30.2296,44.9447], [30.2296,44.9447], [31.8201,43.6523], [30.2296,44.9447], [37.5536,36.1373], [31.8201,43.6523], [40.4316,41.1625], [19.872,70.0749], [14.4406,67.333], [22.2587,72.6956], [22.2587,72.6956], [22.5904,81.4765], [13.0094,80.2738], [22.2587,72.6956], [22.2587,72.6956], [13.4017,77.2732], [22.2587,72.6956], [13.0094,80.2738], [28.9485,74.1498], [27.0248,70.3792], [22.2587,72.6956], [22.5904,81.4765], [13.4017,77.2732], [27.0248,70.3792], [22.2587,72.6956], [22.2587,72.6956], [22.2587,72.6956], [11.8442,83.8594], [13.0094,80.2738], [22.5904,81.4765], [22.2587,72.6956], [13.4017,77.2732], [22.5904,81.4765], [6.55473,83.0543], [6.55473,83.0543], [11.0156,77.6317], [11.0156,77.6317], [11.0156,77.6317], [11.0156,77.6317], [35.2531,73.9002], [35.4799,72.8633], [30.6187,57.0136], [32.4939,72.4857], [32.4939,72.4857], [44.0259,69.2272], [30.6187,57.0136], [44.0259,69.2272], [51.53,69.6901], [32.4939,72.4857], [42.9429,65.9744], [34.4577,79.4832], [39.258,75.7365], [37.3759,74.6764], [39.258,75.7365], [37.0807,89.6275], [39.258,75.7365], [27.0248,70.3792], [28.7376,92.7544], [34.4577,79.4832], [35.4799,72.8633], [22.2587,72.6956], [37.8516,88.6584], [52.3365,82.8518], [48.0716,88.1541], [52.3365,82.8518], [37.3617,84.0748], [37.0807,89.6275], [37.0807,89.6275], [37.0807,89.6275], [37.0807,89.6275], [37.0807,89.6275], [37.0807,89.6275], [37.0807,89.6275], [37.0807,89.6275], [28.9485,74.1498], [20.0977,89.4352], [20.0977,89.4352], [28.7376,92.7544], [20.0977,89.4352], [20.0977,89.4352], [22.5904,81.4765], [28.7376,92.7544], [20.0977,89.4352], [20.0977,89.4352], [28.7376,92.7544], [22.6566,95.5017], [28.7376,92.7544], [28.7376,92.7544], [28.0075,93.8276], [11.8501,89.476], [11.8501,89.476], [28.7376,92.7544], [31.2808,97.7604], [28.7376,92.7544], [28.7376,92.7544], [28.7376,92.7544], [28.7376,92.7544], [34.8414,90.9899], [34.8414,90.9899], [34.8414,90.9899], [34.8414,90.9899], [24.644,78.1925], [34.8414,90.9899], [34.8414,90.9899], [34.8414,90.9899], [34.8414,90.9899], [8.99935,90.2018], [34.8414,90.9899], [34.8414,90.9899], [17.8872,92.5857], [34.8414,90.9899], [17.8872,92.5857], [39.464,91.3558], [34.8414,90.9899], [42.3297,93.9869], [49.1382,92.1213], [31.2808,97.7604], [17.8872,92.5857], [17.8872,92.5857], [31.2808,97.7604], [31.2808,97.7604], [17.8872,92.5857], [17.8872,92.5857], [31.2808,97.7604], [31.2808,97.7604], [31.2808,97.7604], [34.8414,90.9899], [31.2808,97.7604], [34.8414,90.9899], [34.8414,90.9899], [34.8414,90.9899], [34.8414,90.9899], [42.3297,93.9869], [39.464,91.3558], [42.3297,93.9869], [53.1274,71.3813], [39.464,91.3558], [39.464,91.3558], [52.3365,82.8518], [52.3365,82.8518], [34.8414,90.9899], [55.0451,92.5888], [49.1382,92.1213], [55.0451,92.5888], [68.9174,74.2667], [55.0451,92.5888], [53.1274,71.3813], [52.3365,82.8518], [66.1621,68.5887], [52.3365,82.8518], [53.1274,71.3813], [55.0451,92.5888], [55.0451,92.5888], [53.1274,71.3813], [52.3365,82.8518], [52.3365,82.8518], [52.3365,82.8518], [66.1153,74.3577], [74.8948,79.6768], [70.4795,78.3013], [70.4795,78.3013], [70.4795,78.3013], [70.4795,78.3013], [75.0293,93.052], [75.0293,93.052], [66.656,96.45], [75.0293,93.052], [75.0293,93.052], [75.0293,93.052], [75.0293,93.052], [75.0293,93.052], [75.0293,93.052], [75.0293,93.052], [66.656,96.45], [75.0293,93.052], [87.8846,88.6895], [87.8846,88.6895], [87.8846,88.6895], [75.0293,93.052], [75.0293,93.052], [75.0293,93.052], [66.656,96.45], [66.656,96.45], [66.656,96.45], [66.656,96.45], [66.656,96.45], [66.656,96.45], [66.656,96.45], [66.656,96.45], [66.656,96.45], [66.656,96.45], [66.1153,74.3577], [60.4053,91.354], [60.4053,91.354], [60.4053,91.354], [60.4053,91.354], [60.4053,91.354], [60.4053,91.354], [60.4053,91.354], [60.4053,91.354], [60.4053,91.354], [60.4053,91.354], [60.4053,91.354], [60.4053,91.354], [60.4053,91.354], [60.4053,91.354], [60.4053,91.354], [60.4053,91.354], [60.4053,91.354], [60.4053,91.354], [60.4053,91.354], [85.9937,82.5717], [85.9937,82.5717], [85.9937,82.5717], [85.9937,82.5717], [91.3027,68.8169], [91.3027,68.8169], [91.3027,68.8169], [91.3027,68.8169], [91.3027,68.8169], [81.4824,62.1323], [78.7662,56.9916], [78.7662,56.9916], [78.7662,56.9916], [78.7662,56.9916], [86.4611,44.8559], [88.4687,41.1446], [84.18,45.1115], [84.18,45.1115], [84.18,45.1115], [86.4611,44.8559], [84.18,45.1115], [89.1523,15.0065], [88.4687,41.1446], [89.1523,15.0065], [89.1523,15.0065], [63.137,59.8013], [63.137,59.8013], [63.137,59.8013], [65.7186,61.0471], [65.7186,61.0471], [65.7186,61.0471], [65.7186,61.0471], [65.7186,61.0471], [65.7186,61.0471], [65.7186,61.0471], [65.7186,61.0471], [65.7186,61.0471], [64.2149,64.5759], [64.2149,64.5759], [78.8965,74.7664], [66.1153,74.3577], [86.4058,63.6862], [86.4058,63.6862], [86.4058,63.6862], [78.8965,74.7664], [78.8965,74.7664], [78.8965,74.7664], [68.7168,78.1785], [52.3365,82.8518], [68.7168,78.1785], [68.7168,78.1785], [68.7168,78.1785], [68.7168,78.1785], [68.7168,78.1785], [68.7168,78.1785], [72.3637,72.2838], [78.8965,74.7664], [72.3637,72.2838], [72.3637,72.2838], [52.3365,82.8518], [64.2149,64.5759], [68.9174,74.2667], [68.9174,74.2667], [68.9174,74.2667], [68.9174,74.2667], [72.3637,72.2838], [72.3637,72.2838], [72.3637,72.2838], [64.2149,64.5759], [64.2149,64.5759], [64.2149,64.5759], [64.2149,64.5759], [64.2149,64.5759], [53.1274,71.3813], [51.53,69.6901], [53.1274,71.3813], [51.53,69.6901], [52.3365,82.8518], [52.3365,82.8518], [52.3365,82.8518], [48.0716,88.1541], [52.3365,82.8518], [52.3365,82.8518], [52.3365,82.8518], [52.3365,82.8518], [52.3365,82.8518], [52.3365,82.8518], [52.3365,82.8518], [52.3365,82.8518], [49.1382,92.1213], [49.1382,92.1213], [49.1382,92.1213], [55.0451,92.5888], [55.0451,92.5888], [55.0451,92.5888], [55.0451,92.5888], [55.0451,92.5888], [55.0451,92.5888], [55.0451,92.5888], [49.1382,92.1213], [49.1382,92.1213], [49.1382,92.1213], [49.1382,92.1213], [49.1382,92.1213], [49.1382,92.1213], [49.1382,92.1213], [49.1382,92.1213], [49.1382,92.1213], [49.1382,92.1213], [42.3297,93.9869], [42.3297,93.9869], [42.3297,93.9869], [42.3297,93.9869], [42.3297,93.9869], [42.3297,93.9869], [42.3297,93.9869], [42.3297,93.9869], [42.3297,93.9869], [42.3297,93.9869], [42.3297,93.9869], [42.3297,93.9869], [42.3297,93.9869], [42.3297,93.9869], [42.3297,93.9869], [42.3297,93.9869], [42.3297,93.9869], [60.4053,91.354], [56.1751,94.4442], [56.1751,94.4442], [56.1209,95.4795], [56.1209,95.4795], [56.1209,95.4795], [56.1209,95.4795], [56.1209,95.4795], [17.8872,92.5857], [8.99935,90.2018], [24.644,78.1925], [17.8872,92.5857], [8.99935,90.2018], [11.1662,86.9321], [31.2808,97.7604], [31.2808,97.7604], [8.99935,