{
  "instance_index": 0,
  "birth_iter": 16,
  "death_iter": 50,
  "survival_iters": 34,
  "censored": false,
  "pre_vnd_cost": 9419.58,
  "post_vnd_cost": 540.811,
  "pre_vnd_coords": [[80,20], [79.2408,-0.507018], [61.0271,14.8585], [61.0271,14.8585], [53.2997,22.976], [70.1706,28.7568], [61.0271,14.8585], [70.1706,28.7568], [70.1706,28.7568], [61.0271,14.8585], [70.1706,28.7568], [53.2997,22.976], [70.1706,28.7568], [42.7842,30.6045], [56.9415,43.4311], [56.9415,43.4311], [71.1267,50.1147], [41.4812,46.3817], [61.775,58.622], [42.7842,30.6045], [55.5139,30.8438], [55.5139,30.8438], [46.4236,31.3231], [41.4812,46.3817], [46.4236,31.3231], [62.3088,49.7525], [56.9415,43.4311], [56.9415,43.4311], [57.1915,49.3369], [60.483,37.0398], [55.5139,30.8438], [54.0049,20.9629], [53.2997,22.976], [55.5139,30.8438], [55.5139,30.8438], [54.0049,20.9629], [42.7842,30.6045], [42.7842,30.6045], [42.7842,30.6045], [53.2997,22.976], [53.2997,22.976], [46.4236,31.3231], [46.3978,15.6174], [53.2997,22.976], [46.3978,15.6174], [37.8018,21.104], [37.8018,21.104], [27.3657,16.6742], [29.2759,9.61397], [8.67046,9.96921], [12.65,16.2704], [12.65,16.2704], [8.67046,9.96921], [8.67046,9.96921], [29.2759,9.61397], [12.65,16.2704], [8.67046,9.96921], [12.65,16.2704], [8.67046,9.96921], [8.48632,34.8319], [13.3127,32.2326], [12.65,16.2704], [8.67046,9.96921], [8.48632,34.8319], [8.67046,9.96921], [12.65,16.2704], [13.3127,32.2326], [8.48632,34.8319], [1.37675,21.9675], [8.48632,34.8319], [8.48632,34.8319], [26.9809,26.0743], [12.2573,24.8631], [18.5532,29.8192], [26.9809,26.0743], [8.67046,9.96921], [15.1473,30.4107], [25.4074,25.8497], [8.67046,9.96921], [12.65,16.2704], [26.9809,26.0743], [15.1473,30.4107], [15.1473,30.4107], [8.48632,34.8319], [26.9809,26.0743], [8.42803,44.7863], [18.5532,29.8192], [1.37675,21.9675], [8.48632,34.8319], [8.48632,34.8319], [15.1473,30.4107], [18.5532,29.8192], [18.5532,29.8192], [18.5532,29.8192], [8.48632,34.8319], [25.4074,25.8497], [8.42803,44.7863], [8.42803,44.7863], [8.48632,34.8319], [17.6913,26.3093], [27.8542,46.4596], [17.3723,43.7892], [8.42803,44.7863], [14.7141,38.3229], [27.8542,46.4596], [8.42803,44.7863], [14.7141,38.3229], [8.42803,44.7863], [17.2731,39.9625], [19.8284,56.1611], [8.42803,44.7863], [14.7141,38.3229], [8.42803,44.7863], [17.2731,39.9625], [8.42803,44.7863], [8.42803,44.7863], [8.42803,44.7863], [4.2205,55.6217], [8.42803,44.7863], [17.3723,43.7892], [4.2205,55.6217], [4.2205,55.6217], [4.2205,55.6217], [8.42803,44.7863], [4.2205,55.6217], [8.42803,44.7863], [8.42803,44.7863], [8.42803,44.7863], [8.42803,44.7863], [8.42803,44.7863], [8.42803,44.7863], [8.42803,44.7863], [8.48632,34.8319], [8.42803,44.7863], [8.42803,44.7863], [4.2205,55.6217], [17.3723,43.7892], [8.42803,44.7863], [13.3127,32.2326], [8.48632,34.8319], [4.2205,55.6217], [8.42803,44.7863], [8.48632,34.8319], [4.2205,55.6217], [8.42803,44.7863], [17.3723,43.7892], [15.0463,66.927], [8.96601,63.3166], [4.2205,55.6217], [19.8284,56.1611], [8.42803,44.7863], [15.0463,66.927], [15.0463,66.927], [15.0463,66.927], [4.2205,55.6217], [7.64835,66.3775], [15.0463,66.927], [8.42803,44.7863], [4.2205,55.6217], [4.2205,55.6217], [15.0463,66.927], [4.2205,55.6217], [9.43141,76.8815], [8.21193,73.3267], [8.96601,63.3166], [8.21193,73.3267], [8.21193,73.3267], [8.21193,73.3267], [4.3707,72.024], [15.0463,66.927], [-0.0206829,65.8239], [4.3707,72.024], [4.2205,55.6217], [4.2205,55.6217], [4.3707,72.024], [4.3707,72.024], [-0.0206829,65.8239], [9.43141,76.8815], [4.3707,72.024], [7.64835,66.3775], [4.3707,72.024], [4.2205,55.6217], [21.151,67.0988], [7.64835,66.3775], [4.3707,72.024], [15.0463,66.927], [19.8284,56.1611], [9.43141,76.8815], [4.2205,55.6217], [15.0463,66.927], [9.43141,76.8815], [8.10285,85.8921], [21.151,67.0988], [4.2205,55.6217], [15.0463,66.927], [9.43141,76.8815], [8.21193,73.3267], [26.9785,61.8119], [7.64835,66.3775], [7.64835,66.3775], [7.34628,81.9517], [-0.0206829,65.8239], [7.64835,66.3775], [21.8755,78.8307], [4.3707,72.024], [23.9991,66.9749], [19.8284,56.1611], [19.8284,56.1611], [8.96601,63.3166], [34.7746,57.0464], [15.0463,66.927], [15.0463,66.927], [29.904,50.1429], [27.8542,46.4596], [19.8284,56.1611], [19.8284,56.1611], [8.42803,44.7863], [27.8542,46.4596], [21.151,67.0988], [19.8284,56.1611], [21.151,67.0988], [21.151,67.0988], [19.8284,56.1611], [29.904,50.1429], [34.7746,57.0464], [28.9915,40.4242], [29.904,50.1429], [23.9991,66.9749], [19.8284,56.1611], [25.7423,72.8458], [21.151,67.0988], [15.0463,66.927], [21.8755,78.8307], [19.8284,56.1611], [19.8284,56.1611], [21.8755,78.8307], [21.8755,78.8307], [19.8284,56.1611], [25.7423,72.8458], [25.7423,72.8458], [23.592,57.8608], [23.592,57.8608], [23.592,57.8608], [23.592,57.8608], [25.7423,72.8458], [23.592,57.8608], [23.592,57.8608], [23.592,57.8608], [23.592,57.8608], [23.592,57.8608], [25.7423,72.8458], [21.8755,78.8307], [25.7423,72.8458], [21.151,67.0988], [15.8272,74.731], [25.7423,72.8458], [15.8272,74.731], [4.3707,72.024], [21.8755,78.8307], [25.7423,72.8458], [44.3432,75.8339], [21.2356,88.3291], [23.9851,74.8105], [32.3826,73.6932], [23.6531,77.5856], [23.9065,72.5283], [23.6306,77.674], [32.1316,74.3794], [43.3907,76.3047], [23.7643,77.1478], [23.4612,78.3408], [23.6756,77.497], [36.9728,78.4944], [23.9335,73.3109], [32.1316,74.3794], [24.0296,76.1035], [23.976,76.3145], [38.1152,60.6367], [32.7293,72.7453], [35.3206,65.6611], [33.7856,69.8573], [34.6851,67.3983], [35.809,64.3259], [35.563,64.9986], [34.8094,67.0587], [34.9295,66.7302], [23.9187,72.8828], [23.9602,74.0859], [23.9731,74.4611], [30.4124,49.1432], [30.6149,49.2988], [28.7036,47.8299], [32.1316,74.3794], [38.3151,60.6445], [33.1333,71.6407], [35.55,53.0914], [36.0222,53.4543], [35.071,52.7233], [37.4486,59.9991], [35.4377,65.341], [36.5296,53.8443], [36.0423,63.6883], [29.5467,40.4404], [28.8869,47.9708], [30.122,35.398], [29.7889,48.664], [30.7341,30.0333], [29.4449,41.3321], [29.3904,41.8099], [29.8047,38.1792], [30.3969,32.9889], [30.2715,34.0874], [30.0476,36.0504], [29.9265,37.1112], [30.0925,35.6569], [30.6622,30.6633], [29.8645,37.6543], [30.5039,32.0511], [29.9874,48.8165], [31.6117,50.0648], [30.8022,29.436], [29.6202,48.5343], [29.2727,42.8414], [29.9851,36.5975], [28.7036,47.8299], [33.2655,51.3358], [33.6052,51.5969], [34.0182,51.9142], [37.6526,60.1943], [30.1836,48.9673], [31.0048,49.5984], [32.1572,50.4841], [30.809,49.448], [29.443,48.3982], [28.8721,46.353], [29.2632,48.26], [29.6031,39.946], [29.001,45.2231], [29.4942,40.9003], [28.7036,47.8299], [28.7036,47.8299], [29.6596,39.4506], [29.0909,48.1276], [29.1479,43.9351], [35.1987,65.9944], [35.9356,63.98], [37.4064,59.9587], [37.5291,60.0761], [32.9607,51.1016], [31.4105,49.9102], [37.8178,60.3522], [31.1939,49.7438], [32.6599,50.8703], [37.6114,60.1548], [37.0371,54.2343], [28.7036,47.8299], [38.2785,60.4609], [29.7413,38.7347], [30.5985,31.2216], [78.8257,64.9893], [84.0974,62.4688], [83.5049,62.7521], [84.7691,63.0129], [81.6861,63.6217], [84.0974,62.4688], [79.7724,64.5367], [74.5189,68.9045], [75.9548,67.5992], [75.0389,68.4318], [74.015,69.3626], [84.0974,62.4688], [85.2105,63.3705], [84.4527,62.7566], [83.2099,62.8931], [80.7828,64.0536], [75.51,68.0035], [82.7964,63.0908], [77.619,66.0863], [82.4138,63.2738], [72.8956,70.3801], [83.8123,62.6051], [85.9495,70.9042], [86.3175,74.6542], [84.0924,81.2943], [84.4436,80.9515], [85.8178,79.6103], [86.6426,77.9677], [78.0882,87.1544], [84.9645,80.4431], [76.0781,89.1164], [86.7176,78.7321], [75.558,93.8318], [70.5572,93.4168], [72.4491,93.5738], [71.3162,93.4798], [84.6761,80.7246], [74.2723,90.8789], [69.7821,93.3525], [80.3462,84.9507], [74.3977,93.7355], [74.6727,90.4881], [73.8808,91.261], [73.4879,91.1462], [73.4879,91.1462], [73.4879,91.1462], [64.999,83.8386], [60.8937,89.0503], [73.4879,91.1462], [58.8046,98.8281], [73.1276,86.846], [73.1276,86.846], [58.8046,98.8281], [73.4879,91.1462], [73.1276,86.846], [60.8937,89.0503], [58.8046,98.8281], [58.8046,98.8281], [73.4879,91.1462],