{
  "instance_index": 0,
  "birth_iter": 3,
  "death_iter": 30,
  "survival_iters": 27,
  "censored": false,
  "pre_vnd_cost": 11135,
  "post_vnd_cost": 593.695,
  "pre_vnd_coords": [[80,20], [89.1523,15.0065], [79.2408,-0.507018], [89.1523,15.0065], [89.1523,15.0065], [76.7796,37.8001], [76.7796,37.8001], [75.9737,42.0588], [77.8698,55.115], [77.8698,55.115], [75.9737,42.0588], [77.8698,55.115], [75.9737,42.0588], [77.8698,55.115], [77.8698,55.115], [90.9572,43.1565], [85.3857,55.5489], [77.8698,55.115], [79.2408,-0.507018], [61.0271,14.8585], [57.4449,19.9689], [79.2408,-0.507018], [61.0271,14.8585], [57.1945,27.8548], [65.5966,25.6339], [39.891,34.0397], [65.5966,25.6339], [49.9155,38.0243], [57.1945,27.8548], [55.5139,30.8438], [51.6618,26.7436], [47.3484,46.4165], [56.3712,41.7833], [55.5139,30.8438], [46.4236,31.3231], [47.3708,46.8522], [39.8297,39.2477], [57.4409,36.4145], [52.9553,67.5681], [41.7454,74.2714], [41.9888,86.0763], [64.4357,87.8071], [41.9888,86.0763], [52.867,92.7182], [52.867,92.7182], [60.4053,91.354], [60.4053,91.354], [52.3365,82.8518], [60.8937,89.0503], [44.2628,84.2407], [60.4053,91.354], [62.4971,97.7489], [60.4053,91.354], [48.0809,96.9479], [62.4971,97.7489], [64.4357,87.8071], [69.4935,97.1708], [64.4357,87.8071], [60.4132,99.9485], [47.2648,89.6256], [67.8932,96.9741], [67.8932,96.9741], [67.8932,96.9741], [67.9047,84.6529], [48.0809,96.9479], [62.4971,97.7489], [51.0217,82.9313], [64.4357,87.8071], [60.7167,84.6312], [52.529,78.0663], [41.9888,86.0763], [51.0217,82.9313], [60.7167,84.6312], [69.4935,97.1708], [77.3125,108.197], [77.3125,108.197], [87.1174,98.1309], [67.9047,84.6529], [87.1174,98.1309], [87.8846,88.6895], [87.8846,88.6895], [87.8846,88.6895], [87.1174,98.1309], [97.0393,79.8467], [97.0393,79.8467], [91.1417,81.8085], [69.4935,97.1708], [77.1419,89.1591], [70.4737,78.2998], [74.8998,87.7883], [88.6011,70.0365], [88.6011,70.0365], [85.8943,70.8987], [75.5207,65.55], [85.8943,70.8987], [85.8943,70.8987], [65.2372,64.5606], [82.9569,60.3904], [82.9569,60.3904], [75.5207,65.55], [77.8698,55.115], [71.1626,76.3745], [77.8698,55.115], [70.4737,78.2998], [71.1626,76.3745], [71.1626,76.3745], [61.3792,70.078], [60.7282,80.6736], [60.7282,80.6736], [67.6364,63.2639], [70.8783,59.3449], [72.3401,54.9444], [75.5207,65.55], [72.3401,54.9444], [70.8783,59.3449], [70.8783,59.3449], [75.5207,65.55], [75.5207,65.55], [63.5859,78.1093], [70.4737,78.2998], [61.3792,70.078], [56.5759,65.2738], [60.7282,80.6736], [67.6364,63.2639], [60.7282,80.6736], [60.7282,80.6736], [71.1626,76.3745], [71.1626,76.3745], [74.8998,87.7883], [74.8998,87.7883], [60.8495,80.418], [78.5075,81.1332], [60.7167,84.6312], [64.4357,87.8071], [69.8628,81.4377], [69.4935,97.1708], [64.4357,87.8071], [52.3365,82.8518], [52.3365,82.8518], [52.3365,82.8518], [47.2648,89.6256], [52.3365,82.8518], [51.0217,82.9313], [46.4911,83.0427], [52.529,78.0663], [41.9888,86.0763], [43.4641,70.9022], [60.8495,80.418], [60.4053,91.354], [60.7282,80.6736], [56.5759,65.2738], [44.2628,84.2407], [57.2708,74.325], [48.9486,79.9568], [57.2708,74.325], [44.2628,84.2407], [42.4983,69.529], [51.3916,62.7988], [34.3869,73.4614], [47.3332,54.8772], [40.6735,58.763], [38.305,50.0664], [61.8092,58.6086], [47.3332,54.8772], [50.6699,71.9582], [52.9553,67.5681], [43.4641,70.9022], [34.3869,73.4614], [33.3037,76.7162], [29.1943,63.3455], [37.7424,73.4846], [42.4983,69.529], [24.9701,55.5373], [42.4983,69.529], [34.5212,68.5568], [47.1628,77.9528], [33.3037,76.7162], [21.8755,78.8307], [25.0466,78.1241], [41.9888,86.0763], [34.3869,73.4614], [34.3326,82.6015], [34.3326,82.6015], [32.6163,68.3898], [14.7036,52.6437], [22.7271,42.3665], [32.512,54.8127], [21.7589,48.012], [27.8542,46.4596], [24.9701,55.5373], [8.42803,44.7863], [15.0721,50.3347], [6.264,35.0601], [15.0721,50.3347], [14.7141,38.3229], [18.5532,29.8192], [18.5532,29.8192], [18.5532,29.8192], [29.7772,23.5922], [30.8125,44.7257], [26.9809,26.0743], [18.5532,29.8192], [24.3357,23.6823], [27.2287,28.7801], [31.1832,16.0962], [24.3357,23.6823], [29.3771,32.3375], [27.2287,28.7801], [33.8865,19.1481], [22.7271,42.3665], [14.7141,38.3229], [14.7141,38.3229], [30.8125,44.7257], [27.6236,39.8266], [29.3771,32.3375], [33.8865,19.1481], [27.2287,28.7801], [46.4236,31.3231], [30.8125,44.7257], [14.7141,38.3229], [30.8125,44.7257], [27.6236,39.8266], [27.6236,39.8266], [24.987,55.0003], [12.921,56.6977], [12.921,56.6977], [38.305,50.0664], [20.1137,54.5269], [20.1137,54.5269], [32.512,54.8127], [16.392,55.5991], [37.1852,47.5604], [20.1137,54.5269], [27.6236,39.8266], [20.1137,54.5269], [20.9483,65.8505], [25.9393,66.6103], [15.431,62.7898], [22.1167,69.4264], [15.1655,68.8406], [25.3818,59.4097], [28.541,69.987], [29.1943,63.3455], [23.229,75.195], [23.9991,66.9749], [21.8755,78.8307], [23.9991,66.9749], [22.7853,75.7252], [22.7853,75.7252], [25.9393,66.6103], [29.1943,63.3455], [20.1137,54.5269], [12.921,56.6977], [20.1137,54.5269], [12.921,56.6977], [15.5089,73.5064], [15.1655,68.8406], [26.9662,70.1895], [25.3818,59.4097], [9.25146,61.2121], [29.1943,63.3455], [23.9856,62.3322], [34.3326,82.6015], [24.5391,71.6719], [38.3364,80.7119], [39.6207,78.776], [28.541,69.987], [35.7212,90.1538], [36.686,93.2454], [39.6207,78.776], [41.0164,86.6214], [47.2648,89.6256], [41.9888,86.0763], [44.2628,84.2407], [60.7282,80.6736], [60.7282,80.6736], [60.8937,89.0503], [77.1419,89.1591], [64.4357,87.8071], [64.4357,87.8071], [57.2708,74.325], [60.8937,89.0503], [73.9825,94.4134], [60.8937,89.0503], [60.8937,89.0503], [60.8937,89.0503], [52.9553,67.5681], [50.6699,71.9582], [78.5075,81.1332], [74.8998,87.7883], [69.4935,97.1708], [69.4935,97.1708], [69.4935,97.1708], [69.8628,81.4377], [75.0344,90.8197], [75.0344,90.8197], [75.0344,90.8197], [70.4737,78.2998], [43.4641,70.9022], [52.9553,67.5681], [52.9553,67.5681], [51.3916,62.7988], [51.3916,62.7988], [61.8092,58.6086], [47.3332,54.8772], [63.5859,78.1093], [56.5759,65.2738], [85.8943,70.8987], [86.4611,44.8559], [93.5698,61.7405], [77.8698,55.115], [67.6364,63.2639], [56.5759,65.2738], [56.5759,65.2738], [67.6364,63.2639], [48.9486,79.9568], [67.6364,63.2639], [67.6364,63.2639], [52.9553,67.5681], [50.6699,71.9582], [52.9553,67.5681], [52.9553,67.5681], [52.064,58.1924], [50.6699,71.9582], [52.064,58.1924], [40.6735,58.763], [24.987,55.0003], [39.3912,61.3945], [39.3912,61.3945], [48.3497,55.5165], [29.1943,63.3455], [34.2049,58.2187], [42.4983,69.529], [48.3497,55.5165], [32.512,54.8127], [54.9383,60.7161], [29.1943,63.3455], [24.987,55.0003], [24.987,55.0003], [39.3912,61.3945], [38.305,50.0664], [24.987,55.0003], [24.5391,71.6719], [34.3869,73.4614], [39.3912,61.3945], [37.1852,47.5604], [42.4983,69.529], [40.6735,58.763], [50.6699,71.9582], [52.9553,67.5681], [41.7454,74.2714], [50.6699,71.9582], [41.0164,86.6214], [47.1628,77.9528], [47.1628,77.9528], [44.2628,84.2407], [36.686,93.2454], [36.9216,77.3336], [48.9228,95.4461], [48.9228,95.4461], [48.0809,96.9479], [30.8487,92.3475], [41.0164,86.6214], [37.2738,95.8733], [47.2648,89.6256], [47.2648,89.6256], [37.2738,95.8733], [36.686,93.2454], [30.8487,92.3475], [33.3037,76.7162], [35.7212,90.1538], [47.1628,77.9528], [28.541,69.987], [47.1628,77.9528], [44.2628,84.2407], [28.541,69.987], [44.2628,84.2407], [34.3869,73.4614], [41.7454,74.2714], [32.4808,85.8074], [35.7212,90.1538], [43.4641,70.9022], [32.4808,85.8074], [27.8292,83.1726], [28.541,69.987], [21.8755,78.8307], [23.229,75.195], [39.6207,78.776], [28.541,69.987], [23.229,75.195], [21.8755,78.8307], [21.8755,78.8307], [20.9483,65.8505], [25.0466,78.1241], [15.5089,73.5064], [27.8292,83.1726], [13.1496,71.6646], [27.8292,83.1726], [15.5089,73.5064], [23.9991,66.9749], [15.7154,65.9595], [20.1938,57.7477], [25.0466,78.1241], [9.25146,61.2121], [6.57485,56.4548], [7.34978,46.5566], [15.0721,50.3347], [9.86094,64.5943], [19.6027,62.2247], [19.6027,62.2247], [21.7589,48.012], [4.38641,59.2798], [9.86094,64.5943], [7.56233,57.0869], [9.86094,64.5943], [15.7453,64.9201], [15.431,