{
  "instance_index": 0,
  "birth_iter": 4,
  "death_iter": 40,
  "survival_iters": 36,
  "censored": false,
  "pre_vnd_cost": 8062.65,
  "post_vnd_cost": 578.466,
  "pre_vnd_coords": [[80,20], [87.0867,29.9195], [87.0867,29.9195], [103.973,9.65129], [103.973,9.65129], [103.973,9.65129], [87.2723,-2.20414], [87.2723,-2.20414], [62.0988,5.74374], [62.0988,5.74374], [62.0988,5.74374], [66.3057,19.6558], [73.614,31.4509], [66.3057,19.6558], [66.3057,19.6558], [51.7661,23.094], [66.3057,19.6558], [66.3057,19.6558], [59.491,36.5501], [59.491,36.5501], [66.3057,19.6558], [52.2992,41.5913], [51.3459,43.9025], [66.3057,19.6558], [59.491,36.5501], [59.491,36.5501], [52.6813,50.3823], [59.491,36.5501], [52.2992,41.5913], [51.3459,43.9025], [59.491,36.5501], [59.491,36.5501], [51.7661,23.094], [48.1914,40.7216], [52.2992,41.5913], [48.1914,40.7216], [52.6813,50.3823], [52.6813,50.3823], [52.6813,50.3823], [52.2992,41.5913], [38.3701,44.594], [52.6813,50.3823], [59.491,36.5501], [59.491,36.5501], [59.491,36.5501], [48.1914,40.7216], [38.3701,44.594], [52.6813,50.3823], [38.3701,44.594], [51.3459,43.9025], [38.3701,44.594], [52.0516,51.8359], [38.3701,44.594], [48.1914,40.7216], [29.8999,47.5604], [38.3701,44.594], [29.8999,47.5604], [20.543,52.5972], [38.3701,44.594], [38.3701,44.594], [43.2278,37.2945], [43.2278,37.2945], [38.3701,44.594], [38.3701,44.594], [43.2278,37.2945], [27.3708,34.4667], [48.7118,29.5386], [38.3701,44.594], [43.2278,37.2945], [52.6813,50.3823], [38.3701,44.594], [38.3701,44.594], [51.7661,23.094], [51.7661,23.094], [48.7118,29.5386], [38.3701,44.594], [48.1914,40.7216], [59.491,36.5501], [48.1914,40.7216], [59.491,36.5501], [51.3459,43.9025], [59.491,36.5501], [51.7661,23.094], [51.7661,23.094], [51.7661,23.094], [48.7118,29.5386], [43.2507,18.8085], [32.2764,31.5496], [48.7118,29.5386], [32.2764,31.5496], [29.4022,15.9674], [43.2507,18.8085], [51.7661,23.094], [26.8651,21.2976], [32.0735,10.3553], [32.0735,10.3553], [32.0735,10.3553], [32.0735,10.3553], [32.0735,10.3553], [32.0735,10.3553], [34.7645,34.5724], [26.8651,21.2976], [32.2764,31.5496], [32.2764,31.5496], [17.3061,14.9651], [27.3708,34.4667], [27.3708,34.4667], [17.3061,14.9651], [34.7645,34.5724], [32.2764,31.5496], [32.2764,31.5496], [32.0735,10.3553], [27.3708,34.4667], [32.2764,31.5496], [48.7118,29.5386], [32.2764,31.5496], [32.2764,31.5496], [32.2764,31.5496], [32.2764,31.5496], [43.2278,37.2945], [51.7661,23.094], [27.3708,34.4667], [43.2507,18.8085], [34.7645,34.5724], [32.2764,31.5496], [22.8485,50.921], [38.3701,44.594], [22.8485,50.921], [22.8485,50.921], [29.8999,47.5604], [11.7094,51.6881], [22.8485,50.921], [29.8999,47.5604], [27.3708,34.4667], [13.5039,29.1514], [27.3708,34.4667], [27.3708,34.4667], [27.3708,34.4667], [27.3708,34.4667], [27.3708,34.4667], [27.3708,34.4667], [20.0419,33.11], [19.1864,17.0297], [26.8651,21.2976], [27.3708,34.4667], [34.7645,34.5724], [20.0419,33.11], [20.0419,33.11], [19.1864,17.0297], [17.3061,14.9651], [17.3061,14.9651], [8.36069,8.67869], [8.36069,8.67869], [19.1864,17.0297], [17.3061,14.9651], [26.8651,21.2976], [17.3061,14.9651], [8.36069,8.67869], [8.36069,8.67869], [8.36069,8.67869], [8.36069,8.67869], [8.36069,8.67869], [8.36069,8.67869], [19.1864,17.0297], [9.8182,26.0408], [13.5039,29.1514], [4.97527,23.1286], [13.5039,29.1514], [9.8182,26.0408], [4.97527,23.1286], [9.8182,26.0408], [4.97527,23.1286], [9.8182,26.0408], [4.45564,35.0821], [9.8182,26.0408], [13.5039,29.1514], [13.5039,29.1514], [9.8182,26.0408], [17.3061,14.9651], [19.1864,17.0297], [13.5039,29.1514], [17.3061,14.9651], [4.45564,35.0821], [13.5039,29.1514], [13.5039,29.1514], [13.5039,29.1514], [13.5039,29.1514], [22.8485,50.921], [9.49543,38.6868], [27.3708,34.4667], [20.0419,33.11], [5.41343,51.0412], [29.8999,47.5604], [20.0419,33.11], [20.0419,33.11], [9.49543,38.6868], [9.49543,38.6868], [1.82649,42.0057], [6.31567,42.6174], [22.8485,50.921], [6.31567,42.6174], [9.49543,38.6868], [4.45564,35.0821], [14.3534,41.5124], [4.45564,35.0821], [1.82649,42.0057], [14.3534,41.5124], [9.49543,38.6868], [46.1637,50.1474], [46.1637,50.1474], [52.0516,51.8359], [46.1637,50.1474], [29.8132,56.3973], [22.8485,50.921], [14.3534,41.5124], [22.8485,50.921], [16.6888,65.405], [29.8132,56.3973], [26.2729,65.6079], [22.8485,50.921], [22.8485,50.921], [22.8485,50.921], [6.31567,42.6174], [22.8485,50.921], [9.49543,38.6868], [21.2085,65.3809], [22.8485,50.921], [11.9668,56.8768], [26.6968,58.9696], [33.7625,64.6226], [35.1032,53.037], [11.9668,56.8768], [19.6306,62.501], [40.9165,68.0968], [26.2729,65.6079], [26.2729,65.6079], [26.2729,65.6079], [26.2729,65.6079], [26.2729,65.6079], [26.6968,58.9696], [26.6968,58.9696], [26.6968,58.9696], [26.6968,58.9696], [26.6968,58.9696], [26.2729,65.6079], [19.6306,62.501], [19.6306,62.501], [19.6306,62.501], [19.6306,62.501], [11.9668,56.8768], [21.2085,65.3809], [21.2085,65.3809], [9.68041,73.6852], [29.8132,56.3973], [29.8132,56.3973], [25.6209,68.0779], [11.7094,51.6881], [14.3534,41.5124], [22.8485,50.921], [11.7094,51.6881], [11.7094,51.6881], [11.7094,51.6881], [6.31567,42.6174], [22.8485,50.921], [5.41343,51.0412], [11.7094,51.6881], [11.7094,51.6881], [11.7094,51.6881], [14.3534,41.5124], [11.9668,56.8768], [11.9668,56.8768], [5.41343,51.0412], [6.31567,42.6174], [14.3534,41.5124], [19.6306,62.501], [5.41343,51.0412], [11.9668,56.8768], [11.7094,51.6881], [11.9668,56.8768], [11.7094,51.6881], [6.31567,42.6174], [11.7094,51.6881], [15.3229,57.9587], [2.98497,54.6271], [2.98497,54.6271], [2.98497,54.6271], [8.76486,60.3357], [8.76486,60.3357], [-6.46955,59.9051], [5.41343,51.0412], [-6.46955,59.9051], [4.45564,35.0821], [1.82649,42.0057], [2.98497,54.6271], [15.3229,57.9587], [6.31567,42.6174], [5.41343,51.0412], [11.7094,51.6881], [6.31567,42.6174], [5.41343,51.0412], [5.41343,51.0412], [2.98497,54.6271], [8.76486,60.3357], [8.76486,60.3357], [11.9183,64.2409], [11.9183,64.2409], [11.9183,64.2409], [8.76486,60.3357], [8.24613,68.0166], [8.24613,68.0166], [8.24613,68.0166], [6.79715,65.5852], [6.79715,65.5852], [6.79715,65.5852], [6.79715,65.5852], [6.79715,65.5852], [8.24613,68.0166], [6.79715,65.5852], [8.24613,68.0166], [6.79715,65.5852], [11.9668,56.8768], [8.76486,60.3357], [5.10643,70.9871], [6.79715,65.5852], [5.10643,70.9871], [-2.50329,72.3611], [8.24613,68.0166], [-6.46955,59.9051], [14.7048,76.7035], [14.7048,76.7035], [-2.50329,72.3611], [6.79715,65.5852], [-2.50329,72.3611], [4.51591,79.6953], [4.51591,79.6953], [6.79715,65.5852], [5.10643,70.9871], [5.10643,70.9871], [5.10643,70.9871], [5.10643,70.9871], [6.79715,65.5852], [4.51591,79.6953], [4.51591,79.6953], [4.51591,79.6953], [4.51591,79.6953], [9.68041,73.6852], [9.68041,73.6852], [9.68041,73.6852], [15.3229,57.9587], [13.1446,67.1642], [13.1446,67.1642], [13.1446,67.1642], [13.1446,67.1642], [13.1446,67.1642], [13.1446,67.1642], [8.24613,68.0166], [13.1446,67.1642], [14.7048,76.7035], [14.7048,76.7035], [14.7048,76.7035], [14.7048,76.7035], [14.7048,76.7035], [14.7048,76.7035], [14.7048,76.7035], [16.6888,65.405], [14.7048,76.7035], [21.2085,65.3809], [9.96935,82.5202], [9.96935,82.5202], [9.96935,82.5202], [4.51591,79.6953], [4.51591,79.6953], [4.51591,79.6953], [4.51591,79.6953], [-2.50329,72.3611], [-2.50329,72.3611], [4.51591,79.6953], [15.0759,95.2629], [15.0759,95.2629], [13.7847,88.3244], [13.7847,88.3244], [9.96935,82.5202], [9.96935,82.5202], [9.96935,82.5202], [9.96935,82.5202], [9.96935,82.5202], [9.96935,82.5202], [9.96935,82.5202], [9.96935,82.5202], [9.96935,82.5202], [13.7847,88.3244], [13.7847,88.3244], [13.7847,88.3244], [13.7847,88.3244], [13.7847,88.3244], [13.7847,88.3244], [13.7847,88.3244], [13.7847,88.3244], [13.7847,88.3244], [13.7847,88.3244], [13.7847,88.3244], [13.7847,88.3244], [13.7847,88.3244], [13.7847,88.3244], [13.7847,88.3244], [24.126,82.5452], [6.04569,84.5951], [6.04569,84.5951], [6.04569,84.5951], [6.04569,84.5951], [6.04569,84.5951], [6.04569,84.5951], [6.04569,84.5951], [6.04569,84.5951], [6.04569,84.5951], [6.04569,