{
  "instance_index": 0,
  "birth_iter": 2,
  "death_iter": 10,
  "survival_iters": 8,
  "censored": false,
  "pre_vnd_cost": 11301.5,
  "post_vnd_cost": 851.416,
  "pre_vnd_coords": [[80,20], [103.973,9.65129], [103.973,9.65129], [103.973,9.65129], [86.1895,24.2445], [83.9083,33.7345], [83.9083,33.7345], [83.9083,33.7345], [66.3057,19.6558], [59.491,36.5501], [66.3057,19.6558], [66.3057,19.6558], [66.3057,19.6558], [61.6699,29.6323], [61.6699,29.6323], [61.6699,29.6323], [59.491,36.5501], [61.6699,29.6323], [51.6621,43.1964], [48.7118,29.5386], [48.7118,29.5386], [71.1606,41.0164], [59.491,36.5501], [43.2278,37.2945], [52.0516,51.8359], [61.6699,29.6323], [42.3892,45.8071], [59.491,36.5501], [65.839,51.7566], [51.6621,43.1964], [51.6621,43.1964], [42.3892,45.8071], [54.2581,50.1555], [54.2581,50.1555], [64.5132,59.3728], [47.018,60.7457], [54.2581,50.1555], [63.6838,70.1053], [47.018,60.7457], [40.9165,68.0968], [54.2581,50.1555], [63.6838,70.1053], [56.36,59.9239], [46.1637,50.1474], [47.018,60.7457], [65.839,51.7566], [55.9792,66.2511], [64.5132,59.3728], [72.6151,48.6987], [54.2581,50.1555], [55.9792,66.2511], [56.36,59.9239], [72.6151,48.6987], [65.839,51.7566], [56.36,59.9239], [65.839,51.7566], [72.6151,48.6987], [54.2581,50.1555], [64.5132,59.3728], [59.491,36.5501], [54.2581,50.1555], [59.491,36.5501], [54.2581,50.1555], [59.491,36.5501], [59.491,36.5501], [47.8554,36.2778], [61.6699,29.6323], [59.491,36.5501], [71.1606,41.0164], [48.7118,29.5386], [51.6621,43.1964], [71.1606,41.0164], [71.1606,41.0164], [71.1606,41.0164], [71.1606,41.0164], [72.6151,48.6987], [79.2414,49.6074], [71.1606,41.0164], [86.1895,24.2445], [83.9083,33.7345], [74.4687,59.0081], [74.3918,66.0196], [79.2414,49.6074], [79.2414,49.6074], [94.311,54.8894], [94.311,54.8894], [94.311,54.8894], [94.311,54.8894], [94.311,54.8894], [81.6752,76.7682], [81.6752,76.7682], [81.6752,76.7682], [94.311,54.8894], [73.7583,51.4029], [79.2414,49.6074], [94.311,54.8894], [64.5132,59.3728], [79.2414,49.6074], [73.7583,51.4029], [79.2414,49.6074], [74.4687,59.0081], [73.7583,51.4029], [74.4687,59.0081], [79.2414,49.6074], [73.7583,51.4029], [94.311,54.8894], [70.3762,61.3417], [55.9792,66.2511], [74.3918,66.0196], [74.3918,66.0196], [70.2312,74.3173], [64.5132,59.3728], [55.9792,66.2511], [55.9792,66.2511], [47.018,60.7457], [47.018,60.7457], [70.2312,74.3173], [63.6838,70.1053], [70.3762,61.3417], [70.2312,74.3173], [59.2845,72.8443], [63.6838,70.1053], [55.9792,66.2511], [70.2312,74.3173], [60.4604,80.7931], [56.5753,80.3037], [55.9792,66.2511], [52.3565,76.8105], [51.9549,79.5722], [47.6822,84.5011], [64.1765,77.1748], [64.1765,77.1748], [45.8529,73.1793], [54.8744,83.7578], [40.9165,68.0968], [50.3644,81.6468], [55.9792,66.2511], [45.8529,73.1793], [64.9253,74.7767], [56.5753,80.3037], [40.9165,68.0968], [59.2845,72.8443], [47.018,60.7457], [42.399,62.8421], [47.018,60.7457], [47.018,60.7457], [47.018,60.7457], [42.399,62.8421], [42.399,62.8421], [55.9792,66.2511], [42.399,62.8421], [39.1266,64.4363], [47.018,60.7457], [42.399,62.8421], [42.399,62.8421], [42.3892,45.8071], [46.1637,50.1474], [40.7942,48.9673], [52.0516,51.8359], [52.0516,51.8359], [42.3892,45.8071], [64.5132,59.3728], [46.1637,50.1474], [52.0516,51.8359], [52.0516,51.8359], [52.0516,51.8359], [29.8999,47.5604], [42.399,62.8421], [46.1637,50.1474], [46.1637,50.1474], [40.9165,68.0968], [39.1266,64.4363], [42.399,62.8421], [42.399,62.8421], [42.399,62.8421], [42.399,62.8421], [42.399,62.8421], [42.399,62.8421], [40.9165,68.0968], [39.1266,64.4363], [56.5753,80.3037], [59.2845,72.8443], [64.1765,77.1748], [76.1233,100.718], [58.8816,84.3939], [69.2491,87.2944], [69.2491,87.2944], [74.4484,82.3172], [69.2491,87.2944], [69.2491,87.2944], [52.3565,76.8105], [51.9549,79.5722], [42.399,62.8421], [56.5753,80.3037], [52.3565,76.8105], [39.1266,64.4363], [52.3565,76.8105], [50.7941,89.0248], [52.3565,76.8105], [64.9253,74.7767], [39.2482,74.8125], [63.6838,70.1053], [57.1628,91.5851], [59.2845,72.8443], [59.2845,72.8443], [47.6822,84.5011], [59.2845,72.8443], [57.1628,91.5851], [63.6838,70.1053], [69.2491,87.2944], [59.2845,72.8443], [51.9549,79.5722], [58.8816,84.3939], [56.5753,80.3037], [74.4484,82.3172], [74.4687,59.0081], [57.1628,91.5851], [74.4484,82.3172], [81.6752,76.7682], [70.2312,74.3173], [70.3762,61.3417], [59.2845,72.8443], [70.3762,61.3417], [70.3762,61.3417], [70.3762,61.3417], [70.3762,61.3417], [74.4687,59.0081], [74.4687,59.0081], [64.5132,59.3728], [59.2845,72.8443], [63.6838,70.1053], [60.4604,80.7931], [74.3918,66.0196], [70.2312,74.3173], [74.3918,66.0196], [60.4604,80.7931], [81.6752,76.7682], [74.3918,66.0196], [74.4484,82.3172], [74.3918,66.0196], [81.6752,76.7682], [62.4776,78.5119], [74.4484,82.3172], [75.4246,95.3357], [74.4484,82.3172], [62.8216,97.4408], [75.4246,95.3357], [75.4246,95.3357], [87.6559,82.6613], [69.2491,87.2944], [75.4246,95.3357], [87.6559,82.6613], [81.6752,76.7682], [87.6559,82.6613], [81.6752,76.7682], [81.6752,76.7682], [87.6559,82.6613], [87.6559,82.6613], [87.6559,82.6613], [87.6559,82.6613], [87.6559,82.6613], [84.1366,98.3932], [84.1366,98.3932], [84.1366,98.3932], [84.1366,98.3932], [75.4246,95.3357], [84.1366,98.3932], [84.1366,98.3932], [62.8216,97.4408], [75.4246,95.3357], [75.4246,95.3357], [57.1628,91.5851], [69.2491,87.2944], [69.2491,87.2944], [54.7277,96.4786], [69.2491,87.2944], [47.3499,89.7243], [54.7277,96.4786], [62.8216,97.4408], [76.1233,100.718], [69.2491,87.2944], [67.4853,93.0708], [61.6275,97.7254], [57.5894,91.3108], [62.401,88.5286], [57.5894,91.3108], [50.0281,88.9383], [50.0281,88.9383], [52.0006,102.849], [50.0281,88.9383], [57.5894,91.3108], [60.4792,92.4892], [42.6195,89.3777], [40.1743,102.98], [50.0281,88.9383], [61.6275,97.7254], [52.0006,102.849], [62.401,88.5286], [62.401,88.5286], [67.4853,93.0708], [50.0281,88.9383], [40.1743,102.98], [42.6195,89.3777], [61.6275,97.7254], [43.2715,84.8711], [50.3644,81.6468], [43.1047,78.9381], [40.1743,102.98], [53.3823,83.5973], [50.3644,81.6468], [34.7254,94.4255], [62.401,88.5286], [57.5894,91.3108], [50.0281,88.9383], [50.0281,88.9383], [50.0281,88.9383], [52.0006,102.849], [34.7254,94.4255], [50.0281,88.9383], [34.7254,94.4255], [39.8908,96.4933], [34.7254,94.4255], [34.7254,94.4255], [40.1743,102.98], [38.6483,91.4231], [42.6195,89.3777], [34.7254,94.4255], [34.7254,94.4255], [26.8164,97.4269], [42.6195,89.3777], [34.7254,94.4255], [42.3119,74.3494], [38.769,74.6574], [42.6195,89.3777], [43.2715,84.8711], [37.2022,83.4907], [40.1743,102.98], [39.8908,96.4933], [31.557,93.8078], [34.7254,94.4255], [43.2715,84.8711], [42.6195,89.3777], [50.0281,88.9383], [38.6483,91.4231], [50.0281,88.9383], [37.2022,83.4907], [38.769,74.6574], [39.8908,96.4933], [43.2715,84.8711], [38.6483,91.4231], [46.9641,89.9091], [50.3644,81.6468], [40.1743,102.98], [38.6483,91.4231], [29.0327,84.6534], [31.5077,78.2175], [42.6195,89.3777], [29.0327,84.6534], [41.5149,68.7229], [31.557,93.8078], [43.1047,78.9381], [42.6195,89.3777], [20.3594,90.2986], [20.3594,90.2986], [20.3594,90.2986], [37.2022,83.4907], [34.7254,94.4255], [34.7254,94.4255], [26.8164,97.4269], [31.557,93.8078], [20.3594,90.2986], [26.8164,97.4269], [24.8915,103.115], [31.557,93.8078], [31.557,93.8078], [19.0817,87.9188], [20.3594,90.2986], [26.8164,97.4269], [37.2022,83.4907], [38.6483,91.4231], [19.0817,87.9188], [40.1743,102.98], [22.4082,78.8645], [19.0817,87.9188], [31.557,93.8078], [20.3594,90.2986], [19.0817,87.9188], [39.8908,96.4933], [19.0817,87.9188], [24.8915,103.115], [20.3594,90.2986], [34.7254,94.4255], [38.6483,91.4231], [20.3594,90.2986], [20.3594,90.2986], [24.8915,103.115], [31.557,93.8078], [24.8915,103.115], [20.3594,90.2986], [24.8915,103.115], [20.3594,90.2986], [20.3594,90.2986], [9.03654,85.0206], [19.0817,87.9188], [4.36008,82.3489], [4.36008,82.3489], [19.0817,87.9188], [19.0817,87.9188], [42.6195,89.3777], [22.4082,78.8645], [38.6483,91.4231], [20.3594,90.2986], [22.4082,78.8645], [31.557,93.8078], [19.0817,87.9188], [19.8642,