{
  "instance_index": 0,
  "birth_iter": 98,
  "death_iter": 100,
  "survival_iters": 2,
  "censored": true,
  "pre_vnd_cost": 8295.57,
  "post_vnd_cost": 505.51,
  "pre_vnd_coords": [[80,20], [86.1058,17.5144], [85.9152,17.592], [86.0457,17.5389], [85.8382,17.6233], [86.1619,17.4915], [85.9815,17.565], [69.8473,16.5738], [68.8584,16.24], [68.1502,16.0009], [62.4311,20.9748], [70.951,16.9464], [59.0397,25.3205], [72.1933,17.3657], [74.5775,18.1703], [66.6961,15.51], [67.3949,15.7459], [64.031,18.9246], [48.8555,30.3105], [48.3755,30.2559], [52.6032,30.7359], [53.6634,30.8562], [49.73,30.4098], [47.8822,30.1999], [52.0416,30.6722], [50.4833,30.4954], [54.6328,30.9662], [49.1046,30.3388], [46.3726,30.0287], [49.3174,30.3629], [42.6688,30.4843], [66.1485,44.8455], [60.5161,23.4287], [54.1953,30.9165], [66.1485,44.8455], [66.3289,44.7707], [66.1485,44.8455], [48.1463,30.2299], [43.5387,30.2781], [66.9768,44.502], [66.7458,44.5978], [67.2118,44.4046], [66.1485,44.8455], [66.1485,44.8455], [72.1389,41.5212], [66.519,44.6918], [60.9061,73.321], [81.6533,61.685], [72.2215,68.0545], [61.9393,73.9878], [71.1736,69.3924], [81.2451,61.8914], [71.0332,69.5717], [70.8909,69.7534], [70.5919,70.1353], [77.0904,63.9943], [62.8833,74.597], [62.6645,74.4558], [71.7501,68.6563], [65.0166,75.9739], [58.4653,73.2759], [70.7423,69.9432], [63.4533,74.9649], [59.5686,72.9189], [59.0312,73.0928], [72.9933,67.0691], [64.6819,75.7579], [64.3422,75.5386], [64.0444,75.3464], [73.3503,66.6134], [63.7641,75.1655], [56.6355,73.868], [67.094,74.5998], [65.5442,76.3693], [59.8176,89.6341], [56.7195,89.7032], [57.8085,89.6791], [63.1871,74.7931], [55.7078,74.1682], [56.9891,73.7536], [56.2695,73.9865], [57.8998,73.4589], [57.3542,73.6355], [60.0443,72.7649], [17.8944,88.9824], [10.8085,71.4163], [12.135,79.025], [11.4912,80.9469], [11.4225,81.2124], [11.3344,81.5526], [11.2683,81.8081], [11.5451,80.7386], [11.8717,79.477], [11.1044,82.4415], [12.0165,79.1938], [11.7481,79.9542], [11.0547,82.6334], [11.4009,81.2958], [11.1983,82.0786], [9.45688,88.7976], [11.6305,80.4086], [11.5175,80.8452], [11.8085,79.7211], [11.2416,81.9111], [9.45689,88.7975], [9.45689,88.7975], [9.45689,88.7975], [11.2194,81.9968], [11.1771,82.1604], [11.1394,82.3061], [11.1213,82.376], [9.45689,88.7975], [9.45688,88.7976], [9.45688,88.7976], [11.1573,82.237], [11.6867,80.1914], [11.3147,81.6287], [11.088,82.5048], [11.4662,81.0434], [9.45689,88.7975], [11.3769,81.3883], [9.45689,88.7975], [9.45689,88.7975], [9.45688,88.7976], [9.45689,88.7975], [9.45688,88.7976], [9.45688,88.7976], [11.7163,80.0771], [9.45688,88.7976], [11.6573,80.305], [9.45689,88.7975], [11.3541,81.4766], [9.45688,88.7976], [9.45688,88.7976], [9.45689,88.7976], [9.45688,88.7976], [9.45688,88.7976], [11.4428,81.1336], [11.8395,79.6014], [11.6019,80.5192], [12.2961,61.3092], [10.866,71.2238], [9.0515,83.1771], [9.30396,76.4522], [8.8963,87.3114], [12.0328,67.6483], [10.7681,71.5515], [9.30396,76.4522], [9.15953,80.2996], [9.00104,88.552], [12.4631,66.8344], [12.4218,65.469], [9.17077,80.0002], [11.2248,70.0223], [11.6159,68.7129], [10.6087,72.0852], [11.1571,70.2492], [12.4389,66.037], [10.832,71.3376], [9.94037,74.3222], [10.1926,73.478], [10.7302,71.6782], [10.7609,71.5757], [10.7846,71.4962], [9.28725,76.8975], [9.26488,77.4934], [10.7455,71.6272], [12.3363,62.6359], [11.3749,69.5198], [12.39,64.4182], [12.4049,64.9114], [10.7533,71.6009], [9.29529,76.6834], [12.1926,57.888], [10.7926,71.4693], [9.30396,76.4522], [12.352,63.1559], [9.64936,75.2962], [12.2848,67.6444], [11.0096,70.7429], [10.4925,72.474], [10.7768,71.5225], [10.8745,71.1952], [11.0897,70.4748], [12.3661,63.6243], [9.0031,84.4663], [11.2977,69.7784], [10.8828,71.1675], [12.3565,67.6433], [12.1754,57.3204], [12.3779,64.0147], [10.3594,72.9195], [10.9084,71.0818], [10.9008,71.1072], [10.7376,71.6536], [11.7719,68.1907], [12.0919,40.6475], [12.0748,50.4113], [12.3156,61.954], [12.0949,53.9303], [12.2288,59.0879], [12.0915,40.887], [12.0879,42.7326], [12.0852,52.2408], [12.4221,67.6422], [12.1003,54.8357], [12.2499,59.7838], [11.9335,67.6499], [12.1569,56.7073], [12.1204,55.5013], [12.2105,58.4805], [12.1393,56.1235], [10.8924,71.1353], [12.2728,60.5377], [12.0819,51.6588], [12.0859,43.795], [12.0907,41.3122], [12.0884,52.8088], [12.0913,41.0018], [12.0903,41.5175], [12.0924,53.4963], [12.0836,51.9533], [12.0883,42.5289], [12.0783,47.7303], [12.0869,52.528], [12.0801,51.3525], [12.0774,50.8777], [12.0899,53.0619], [12.0878,42.8012], [12.0867,43.3584], [12.0917,40.7679], [12.0901,41.6211], [12.0897,41.812], [12.0835,45.0299], [12.0788,51.1179], [12.0928,40.226], [12.3652,29.7921], [12.0882,42.5911], [12.0825,45.5549], [12.0768,48.4793], [12.0881,42.6584], [12.0976,54.3784], [12.0909,41.2118], [12.0884,42.4604], [12.0889,42.2129], [12.0735,50.1816], [12.0891,42.1109], [12.1711,37.1278], [12.0895,41.9128], [12.3454,30.5558], [12.0801,46.766], [12.3438,30.6152], [12.2646,33.6122], [12.0876,42.9149], [12.0905,41.416], [12.0761,50.6423], [12.0925,40.3718], [12.093,40.0839], [12.0893,42.0147], [12.0922,40.5151], [12.0886,42.3915], [12.0852,44.1427], [31.5714,33.5481], [12.0899,41.7148], [30.9447,28.3577], [31.5738,33.5471], [12.3996,28.4773], [31.4197,32.4409], [12.0911,41.1064], [30.1365,21.4104], [31.5727,33.5475], [12.5707,21.9398], [30.4819,24.3796], [12.5284,23.5581], [12.6235,19.9328], [12.4571,26.2819], [12.3776,29.3206], [13.0449,15.1984], [30.1365,21.4104], [31.0978,29.6732], [30.9686,28.5627], [12.4107,28.0518], [12.5165,24.0109], [31.5093,33.2105], [12.4242,27.5374], [12.3597,30.0042], [12.0845,44.5036], [12.3511,30.3362], [12.0814,46.0965], [31.0307,29.0969], [12.5787,21.6344], [12.3483,30.4445], [12.3424,30.6724], [12.8887,15.6787], [12.3541,30.2221], [12.3568,30.116], [12.5873,21.3047], [12.5611,22.3093], [12.4813,25.3573], [12.4693,25.8175], [12.5047,24.4638], [12.3625,29.8976], [12.4931,24.9073], [12.6684,18.2361], [12.5515,22.6759], [12.7225,16.19], [15.9145,14.4575], [12.5408,23.0864], [12.7225,16.19], [12.7225,16.19], [12.8033,15.9414], [13.6169,14.6333], [30.1365,21.4104], [14.0347,14.6014], [12.3892,28.8761], [12.445,26.7448], [19.4706,14.1847], [12.7225,16.19], [14.8842,14.5364], [12.7225,16.19], [12.7225,16.19], [12.7225,16.19], [13.2187,14.6638], [22.7809,13.9308], [30.1365,21.4104], [30.1365,21.4104], [32.8856,13.1557], [28.2659,13.5095], [31.5764,17.0871], [30.1365,21.4104], [30.1365,21.4104], [30.1365,21.4104], [31.5043,13.2615], [29.9769,13.3785], [30.1365,21.4104], [30.1365,21.4104], [30.1365,21.4104], [31.2954,31.3723], [30.2442,22.3359], [31.1701,30.2951], [32.0462,33.3641], [30.365,23.3752], [30.7506,26.6897], [30.1365,21.4104], [30.8153,27.2451], [30.6742,26.0328], [30.5872,25.2848], [30.9175,28.124], [10.8061,83.5933], [11.7788,79.8355], [10.9277,83.1239], [10.6736,84.1047], [11.2939,81.7091], [11.0214,82.7623], [11.9032,79.3551], [10.8161,71.3908], [12.4875,67.6412], [9.30396,76.4522], [10.7233,71.7016], [12.0877,42.8641], [12.0887,42.3208], [33.0692,32.9677], [44.3323,30.0901], [47.2896,30.1327], [32.5445,33.171], [40.5643,35.037], [38.2747,29.9961], [37.1076,28.9191], [36.6341,28.4821], [39.4361,31.0683], [40.6879,33.6228], [38.8426,30.5203], [38.1147,29.8485], [37.6147,29.3871], [35.6464,26.0681], [40.7626,32.768], [40.146,31.7237], [37.4499,29.235], [40.7819,32.5472], [40.7424,32.9995], [40.8011,32.3286], [77.1687,53.3457], [76.8014,50.8223], [76.7465,50.4449], [77.0797,52.7345], [77.1199,53.0103], [76.8505,51.1594], [79.2056,54.5505], [81.06,61.9851], [74.2928,65.4102], [73.9537,65.8432], [72.6518,67.5052], [81.5557,61.7344], [81.6533,61.685], [84.939,63.6036], [82.8312,62.3728], [81.1438,61.9427], [81.3535,61.8366], [81.4592,61.7832], [70.4366,70.3336], [81.6533,61.685], [65.349,76.1884], [80.9448,62.0433], [83.1952,62.5854], [81.6533,61.685], [84.5848,63.3968], [84.2714,63.2138], [80.7855,62.1239], [68.5042,72.8009], [83.9091,63.0022], [85.55,63.9604], [83.5705,62.8045], [82.4466,62.1483], [84.9189,81.6561], [85.1065,81.3948], [84.7226,81.9293], 