{
  "instance_index": 0,
  "birth_iter": 31,
  "death_iter": 50,
  "survival_iters": 19,
  "censored": false,
  "pre_vnd_cost": 11249.9,
  "post_vnd_cost": 534.894,
  "pre_vnd_coords": [[80,20], [94.7472,9.15067], [74.9155,13.9734], [94.7472,9.15067], [94.7472,9.15067], [94.7472,9.15067], [74.9155,13.9734], [92.0019,31.0757], [70.7455,50.0536], [82.2162,42.5508], [92.0019,31.0757], [67.3596,41.4169], [70.7455,50.0536], [92.0019,31.0757], [92.0019,31.0757], [82.2925,40.6255], [92.0019,31.0757], [68.0865,58.8386], [92.1387,52.4174], [70.7455,50.0536], [61.5064,58.5981], [82.2162,42.5508], [79.9134,60.6192], [67.7388,33.4619], [82.2925,40.6255], [70.7455,50.0536], [73.2597,63.1677], [79.9134,60.6192], [56.8078,42.3408], [57.9548,27.0353], [52.8962,33.0671], [56.8078,42.3408], [70.7455,50.0536], [70.7455,50.0536], [59.356,43.8369], [59.356,43.8369], [51.8047,39.4388], [56.8078,42.3408], [59.356,43.8369], [68.0865,58.8386], [61.5064,58.5981], [54.0033,51.819], [59.356,43.8369], [68.0865,58.8386], [59.356,43.8369], [56.8078,42.3408], [59.356,43.8369], [59.356,43.8369], [59.5678,63.6724], [50.6399,63.5475], [49.7597,46.3922], [61.5064,58.5981], [63.7161,63.3314], [54.0033,51.819], [82.2162,42.5508], [40.5582,47.0824], [49.138,50.3936], [47.2923,40.5454], [47.2923,40.5454], [48.5953,56.3898], [40.4704,43.9314], [51.8047,39.4388], [54.4556,57.3791], [49.7597,46.3922], [49.138,50.3936], [40.4704,43.9314], [49.7597,46.3922], [49.7597,46.3922], [48.5953,56.3898], [59.356,43.8369], [49.138,50.3936], [52.8962,33.0671], [48.5953,56.3898], [54.4556,57.3791], [54.0033,51.819], [43.1202,60.7792], [68.0865,58.8386], [62.9141,73.4405], [62.9141,73.4405], [66.2826,71.3022], [59.3263,74.1445], [73.2597,63.1677], [73.2597,63.1677], [59.5678,63.6724], [66.2826,71.3022], [68.0865,58.8386], [68.0865,58.8386], [63.7161,63.3314], [48.5953,56.3898], [63.7161,63.3314], [43.1202,60.7792], [43.1202,60.7792], [63.7161,63.3314], [54.4556,57.3791], [50.6399,63.5475], [66.2826,71.3022], [54.4556,57.3791], [50.6399,63.5475], [63.7161,63.3314], [59.5678,63.6724], [43.1202,60.7792], [43.1202,60.7792], [61.5064,58.5981], [63.7161,63.3314], [50.6399,63.5475], [59.3263,74.1445], [63.7161,63.3314], [62.9141,73.4405], [66.2826,71.3022], [50.6399,63.5475], [62.9141,73.4405], [50.6399,63.5475], [50.6399,63.5475], [66.2826,71.3022], [43.1202,60.7792], [40.8209,62.9862], [39.2134,50.4689], [44.5545,67.4689], [27.2845,67.2205], [37.2915,58.7488], [39.5179,42.0332], [36.7222,58.0653], [39.9551,42.3886], [26.8791,48.9409], [26.0647,49.9948], [37.2701,55.7461], [41.7437,44.0742], [38.1121,40.8903], [41.5666,44.2806], [41.4355,44.4334], [41.8607,43.9378], [41.8032,44.0048], [41.8607,43.9378], [37.6368,40.5039], [37.0529,40.0292], [38.5766,41.268], [40.3721,42.7277], [28.2872,47.1188], [41.6237,44.2141], [40.7887,43.0663], [27.4461,48.2071], [41.4355,44.4334], [36.5291,39.6034], [14.7083,64.6904], [12.9931,71.1211], [12.6038,71.2273], [25.2614,67.7727], [11.1349,71.096], [13.6143,70.9516], [13.4189,71.0049], [15.1229,64.1538], [24.4625,67.9907], [16.84,70.0712], [23.4873,53.3299], [21,56.5486], [16.8298,61.9451], [41.8607,43.9378], [41.8607,43.9378], [36.9188,56.7], [59.5678,63.6724], [48.5953,56.3898], [48.5953,56.3898], [50.6399,63.5475], [23.8011,68.1713], [27.8082,73.3058], [20.9779,68.9418], [15.9953,63.0249], [24.114,68.0858], [24.0187,68.1119], [27.731,72.409], [12.3551,71.2051], [27.7183,72.2614], [38.0755,79.484], [24.6833,67.9305], [27.6257,71.1853], [22.2364,68.5983], [26.9391,67.3148], [27.7655,72.8094], [39.0546,60.8655], [44.9932,67.9956], [26.4491,67.4485], [37.6798,59.215], [23.4769,68.2597], [41.5695,90.0737], [21.0261,86.0123], [35.5436,80.6208], [27.7869,73.0588], [46.2425,69.4955], [41.6959,90.0822], [42.0598,80.3681], [42.5189,65.0249], [38.8233,79.1482], [28.4345,80.5849], [25.7574,89.0181], [41.6309,90.0778], [38.4814,79.3017], [33.9457,89.5646], [40.5612,90.0063], [25.7389,89.0119], [27.6977,72.0218], [46.6603,90.0241], [38.3113,79.3781], [28.3966,80.1442], [41.5102,90.0698], [25.6796,88.9921], [42.0346,90.1048], [47.2328,90.0078], [25.6584,88.985], [42.5702,90.1406], [50.3075,74.3761], [38.993,79.0721], [53.0962,76.8506], [42.6904,65.2308], [38.9407,79.0955], [52.447,76.945], [37.7597,89.8193], [48.3629,72.0414], [41.1706,63.406], [51.9403,76.3365], [39.1076,79.0206], [45.205,68.2499], [38.6526,79.2249], [37.9247,79.5517], [39.2733,78.9462], [27.7987,73.1962], [39.0504,79.0463], [27.7755,72.926], [52.0623,76.4831], [38.7605,79.1765], [43.2146,65.8602], [38.2532,79.4042], [52.5731,77.0963], [27.6603,71.587], [38.3685,79.3524], [38.1981,79.4289], [38.6157,52.092], [44.1702,67.0074], [38.541,79.275], [47.2856,70.7479], [41.8255,64.1923], [56.7062,68.7463], [39.1613,78.9965], [38.1393,79.4554], [37.7784,54.3658], [43.9829,66.7826], [44.7731,67.7313], [56.1949,69.8941], [39.3352,78.9184], [40.4884,62.587], [56.6475,68.8779], [49.6774,73.6196], [38.4308,79.3245], [62.6747,83.5228], [37.9731,79.53], [55.8007,70.7789], [38.0254,79.5065], [60.2254,84.2797], [55.7223,70.955], [51.5685,75.8901], [52.7038,77.2533], [50.7718,74.9335], [71.2622,75.1241], [58.5533,84.7964], [61.1331,83.9992], [63.8634,83.1554], [57.2526,66.7263], [55.2029,72.1211], [52.4281,85.885], [65.543,81.8085], [63.4995,89.5451], [65.221,82.1849], [50.9863,75.1911], [53.9069,75.0306], [53.3574,76.2642], [53.6055,75.7073], [51.1623,75.4024], [59.7997,84.4112], [49.2798,84.2101], [54.6377,73.3899], [51.4363,75.7314], [50.3791,84.7949], [42.5092,90.1365], [52.8426,77.42], [51.7073,76.0568], [57.0871,85.2495], [67.1315,79.952], [66.247,80.9857], [50.0855,74.1096], [53.3844,86.3937], [51.3097,75.5794], [53.3844,86.3937], [69.3711,89.3779], [53.8167,89.8206], [58.6347,89.6835], [54.0518,86.1875], [51.4982,89.8865], [37.8709,79.5759], [45.2567,90.0641], [43.9517,90.1013], [43.1746,90.1234], [42.5702,90.1406], [47.4188,83.2199], [42.3082,90.1231], [42.4415,90.132], [38.7005,79.2034], [38.8849,79.1206], [25.7574,89.0181], [49.2802,73.1428], [41.8996,90.0958], [47.8402,89.9906], [28.5053,81.4087], [41.2359,90.0514], [42.5702,90.1406], [42.1745,90.1141], [41.9695,90.1004], [56.197,89.7529], [42.2416,90.1186], [42.5702,90.1406], [42.1078,90.1097], [42.5702,90.1406], [33.1681,81.6873], [54.2382,89.8086], [42.5702,90.1406], [25.7574,89.0181], [40.5489,90.0055], [43.5403,90.113], [41.4509,90.0658], [42.5702,90.1406], [40.5113,90.0029], [40.5373,90.0047], [42.3757,90.1276], [61.6689,89.5972], [51.5014,85.392], [40.5247,90.0038], [50.9749,89.9013], [51.9669,89.8732], [55.2292,85.8237], [70.1979,89.1361], [73.9784,89.2465], [75.6047,89.1989], [64.341,83.0079], [75.6304,89.1962], [75.5992,89.1995], [65.3446,89.4926], [60.8965,89.6192], [50.5485,74.6654], [57.831,89.7064], [66.3123,89.465], [51.831,76.2053], [70.6734,89.3408], [60.0872,89.6422], [72.1343,100.555], [61.4981,96.2642], [61.4981,96.2642], [61.4981,96.2642], [72.1343,100.555], [72.4689,83.828], [82.9028,94.7405], [61.4981,96.2642], [72.1343,100.555], [82.9028,94.7405], [82.9028,94.7405], [82.9028,94.7405], [79.3351,81.5637], [72.4689,83.828], [61.4981,96.2642], [61.4981,96.2642], [82.9028,94.7405], [72.1343,100.555], [72.4689,83.828], [62.9141,73.4405], [72.4689,83.828], [73.8028,76.1], [82.9028,94.7405], [73.8028,76.1], [79.3351,81.5637], [82.9028,94.7405], [82.9028,94.7405], [82.9028,94.7405], [98.272,72.5852], [95.9472,86.5065], [95.9472,86.5065], [72.4689,83.828], [95.9472,86.5065], [79.3351,81.5637], [98.272,72.5852], [82.0106,66.5728], [92.1387,52.4174], [82.2162,42.5508], [92.1387,52.4174], [73.2597,63.1677], [92.1387,52.4174], [82.0106,66.5728], [79.9134,60.6192], [68.0865,58.8386], [70.7455,50.0536], [92.1387,52.4174], [92.1387,52.4174], [70.7455,50.0536], [92.1387,52.4174], [73.8028,76.1], [79.3351,81.5637], [68.0865,58.8386], [82.2162,42.5508], [82.0106,66.5728], [79.9134,60.6192], [92.1387,52.4174], [80.4217,71.8253], [82.0106,66.5728], [61.5064,58.5981], [73.2597,63.1677], [79.3351,81.5637], [66.2826,71.3022], [80.4217,71.8253], [80.4217,71.8253], [62.9141,