{
  "instance_index": 0,
  "birth_iter": 33,
  "death_iter": 100,
  "survival_iters": 67,
  "censored": false,
  "pre_vnd_cost": 9902.58,
  "post_vnd_cost": 516.025,
  "pre_vnd_coords": [[80,20], [62.9961,16.013], [57.0879,17.1381], [48.4771,37.7259], [50.0793,38.0495], [54.1604,17.6956], [47.3996,37.5083], [49.69,37.9709], [52.0078,18.1055], [60.6403,16.4616], [58.8942,16.7942], [60.066,16.571], [58.1532,16.9353], [61.7635,16.2478], [62.3647,16.1333], [59.5058,16.6777], [61.187,16.3575], [44.282,36.8787], [42.7186,37.7418], [52.0078,18.1055], [47.9982,37.6292], [46.376,37.3016], [46.0325,37.2322], [47.6761,37.5641], [47.1423,37.4563], [48.7093,37.7728], [48.2492,37.6799], [38.2759,17.2713], [41.1209,18.0584], [46.7235,37.3718], [42.8629,18.0659], [36.7047,16.3692], [26.0615,24.9386], [26.876,23.9195], [27.6222,22.8029], [39.0409,39.7721], [27.7018,22.7991], [39.6358,18.052], [36.2806,16.1257], [24.7386,15.6638], [20.8805,31.421], [40.1287,18.0542], [26.4879,24.4051], [44.1053,18.0712], [27.6387,22.9652], [41.971,18.0621], [27.7742,22.7956], [39.6358,18.052], [39.8869,18.0531], [45.8998,18.0789], [37.0723,16.5802], [37.6297,16.9003], [27.9651,15.793], [38.9085,17.6345], [27.2292,23.4776], [23.3329,28.3526], [22.6363,29.2243], [21.9785,30.0473], [25.6606,25.4402], [22.9659,28.8118], [36.2806,16.1257], [25.0135,26.2498], [24.7123,26.6267], [23.6895,27.9065], [39.6358,18.052], [24.0482,27.4576], [19.0009,23.2177], [21.5464,15.536], [23.2818,23.0118], [10.799,23.6124], [10.7101,23.6167], [12.5182,15.1748], [12.9379,15.1916], [13.0417,15.1957], [12.5182,15.1748], [11.6689,23.5706], [13.086,23.5024], [10.8142,22.5436], [12.5182,15.1748], [12.7292,15.1832], [12.8278,15.1872], [12.5182,15.1748], [12.5182,15.1748], [11.3202,23.5873], [13.2245,15.203], [21.2764,30.9257], [12.5182,15.1748], [14.0698,15.2369], [10.5918,23.6224], [12.3595,23.5373], [13.1301,15.1993], [12.6156,15.1787], [11.0337,21.5947], [10.8811,23.6085], [16.0591,47.5807], [12.4318,41.9922], [12.0922,42.417], [12.0217,23.5536], [13.2558,40.9611], [13.7935,40.2884], [14.567,39.3205], [10.5645,23.6237], [12.9356,41.3617], [10.6189,23.6211], [10.6484,23.6197], [11.2222,20.7792], [12.6972,23.5211], [10.8525,23.6098], [10.6794,23.6182], [10.7417,23.6152], [13.4639,23.4842], [10.7693,23.6138], [15.6775,23.3777], [10.825,23.6112], [11.4639,19.734], [9.46805,56.224], [9.68127,56.3489], [14.1662,39.822], [12.5949,41.7881], [11.904,42.6526], [11.7224,42.8798], [11.7224,42.8798], [10.1543,56.6262], [9.5007,56.2431], [9.78618,56.4104], [12.7673,41.5723], [15.3983,38.2805], [11.7224,42.8798], [15.1813,38.552], [16.2305,50.7541], [15.6849,60.2897], [12.6757,43.8774], [9.75516,56.3922], [9.43679,56.2057], [16.1063,60.7114], [9.64603,56.3283], [9.22755,56.0831], [13.6168,40.5095], [16.1564,49.3825], [12.2629,42.2035], [16.4681,36.9419], [14.6831,45.9778], [14.3604,39.5791], [14.6659,59.27], [12.7126,68.868], [11.7224,42.8798], [9.1528,56.0393], [12.7884,58.1698], [9.9985,56.5348], [9.96245,56.5137], [15.8963,60.5012], [10.8198,57.0161], [10.1146,56.6029], [9.05316,55.9809], [9.82054,56.4306], [9.40307,56.1859], [9.11939,56.0197], [12.1352,57.787], [9.92742,56.4932], [9.85489,56.4507], [9.89027,56.4714], [11.6571,53.1925], [11.6571,53.1925], [11.6571,53.1925], [11.6571,53.1925], [11.6571,53.1925], [11.7272,57.9789], [11.6571,53.1925], [11.6571,53.1926], [11.709,56.7307], [11.6571,53.1925], [11.7436,59.1072], [11.7462,59.2892], [12.5767,59.1662], [14.3812,86.5208], [14.3812,86.5208], [13.2678,83.8518], [14.3812,86.5208], [10.9802,90.7287], [12.6399,82.3464], [12.4929,81.9941], [27.2931,88.1885], [11.8415,80.4326], [10.9802,90.7287], [10.9802,90.7287], [14.3812,86.5208], [13.5339,84.4897], [11.8956,80.5623], [12.7872,82.6996], [11.0083,90.7256], [13.0418,83.31], [14.1038,85.8558], [27.2691,88.4011], [12.7612,90.5317], [10.9802,90.7287], [13.8984,90.4059], [10.9942,90.7271], [12.0446,90.611], [14.9306,90.2918], [13.4493,90.4556], [12.412,90.5703], [14.3812,86.5208], [10.9802,90.7287], [10.9802,90.7287], [10.9802,90.7287], [26.1667,70.3492], [26.3737,70.4096], [16.8059,61.4114], [16.8059,61.4114], [26.468,70.4372], [79.6634,50.0288], [86.0142,64.6604], [81.0267,63.0056], [84.7821,64.2516], [11.6571,53.1925], [11.6571,53.1926], [11.6571,53.1925], [11.6571,53.1925], [11.6571,53.1925], [26.2046,70.3603], [50.2794,38.0899], [33.2366,43.3574], [31.8935,48.3313], [37.2362,40.7685], [38.0636,40.3117], [29.3209,57.8704], [31.8656,48.4344], [32.8728,44.7045], [32.9958,44.2489], [31.9025,48.2979], [44.5989,36.9427], [31.7602,48.8252], [48.9046,37.8122], [44.9364,37.0108], [49.8634,38.0059], [45.664,37.1578], [49.2953,37.8911], [40.7729,38.816], [51.6598,51.8384], [58.0896,41.5486], [59.5084,42.5514], [41.6946,38.3071], [55.2597,39.5484], [60.9945,59.2973], [41.536,62.0917], [51.2649,68.0437], [52.3219,62.9874], [62.3181,59.3734], [53.8673,58.4132], [53.3142,58.2414], [29.8387,55.9501], [46.4732,56.2972], [42.5437,59.6753], [31.8845,48.3646], [46.0078,66.153], [43.4894,37.3162], [44.7258,57.7994], [30.3617,54.0108], [31.7668,48.8006], [49.2685,53.8942], [48.4241,54.6201], [45.5352,57.1036], [44.4404,64.7295], [28.2646,61.7874], [43.0324,59.2552], [31.7733,48.7767], [31.8744,48.4021], [43.8205,58.5777], [31.8375,48.5388], [43.5965,63.9631], [41.8089,62.3395], [31.9349,48.1777], [37.9471,73.7885], [42.0023,60.1407], [31.795,48.696], [31.8472,48.5029], [52.4441,62.4033], [52.0387,64.3422], [46.403,66.5119], [52.9948,59.7691], [52.5662,61.819], [51.2649,68.0437], [38.5324,74.635], [35.7354,73.1428], [51.8489,65.2502], [47.6564,55.28], [54.8281,58.7115], [63.5024,69.5366], [46.403,66.5119], [51.2649,68.0437], [51.2649,68.0437], [33.6727,72.5406], [30.194,54.6327], [46.403,66.5119], [38.0994,74.0088], [51.2649,68.0437], [44.8052,65.0608], [51.0369,85.365], [51.6562,66.1721], [44.1685,64.4826], [42.7334,63.1792], [43.8925,64.2319], [34.9831,72.9232], [51.4543,67.138], [45.1112,65.3388], [39.5462,89.7859], [38.2406,74.213], [45.3961,65.5975], [43.2998,63.6936], [43.0151,63.4351], [38.8173,75.047], [35.211,72.9898], [40.5257,77.5174], [29.7621,71.3989], [27.0536,66.2782], [38.9664,75.2625], [41.0858,61.6829], [32.8457,72.2992], [26.0501,70.3152], [26.508,70.4489], [31.2114,71.8221], [37.2457,73.5838], [41.1406,78.4068], [39.5566,76.116], [36.4509,73.3517], [45.6872,65.8619], [31.7864,48.7279], [42.3951,62.8719], [42.1023,62.6061], [46.403,66.5119], [29.4093,57.5426], [36.6342,73.4052], [31.0335,51.5195], [26.5435,68.1699], [40.73,61.2345], [40.3093,77.2045], [37.4781,73.6516], [40.6938,61.2656], [28.8534,59.6042], [16.5735,57.107], [25.9712,70.2921], [16.5373,56.4368], [31.8276,48.5755], [46.923,55.9105], [26.2929,70.3861], [29.6145,56.7818], [27.011,70.5957], [40.7641,61.2051], [28.9482,59.2526], [16.524,56.1916], [30.0724,55.0836], [30.5321,53.3787], [26.7965,70.5331], [31.8184,48.6096], [26.2482,70.373], [40.6591,61.2954], [16.5632,61.1686], [13.9346,65.8292], [26.0111,70.3038], [15.5312,60.1359], [16.5503,56.6783], [25.9712,70.2921], [29.063,58.8267], [29.9507,55.5348], [26.5517,70.4616], [42.5489,80.4436], [37.0357,73.5224], [35.4594,73.0623], [13.1961,65.0822], [21.4288,87.7325], [21.6791,87.8391], [26.8389,70.5455], [26.3328,70.3977], [21.3523,87.7438], [38.6679,74.8309], [26.8792,70.5572], [26.6285,70.484], [25.9712,70.2921], [14.4526,66.3531], [13.8167,65.7099], [28.2844,90.6511], [22.4291,88.1584], [26.5897,70.4727], [25.9712,70.2921], [20.8318,87.8206], [21.1883,87.768], [26.4209,70.4234], [14.4526,66.3531], [21.3918,87.738], [26.7551,70.521], [21.272,87.7556], [13.6869,65.5786], [24.7616,89.1514], [11.6233,77.4075], [11.3795,75.9571], [22.5853,88.2248], [14.342,66.2413], [11.6866,76.978], [26.669,70.4959], [11.8885,63.7596], [25.9712,70.2921], [26.9176,70.5684], [12.8105,64.6921], [10.5251,72.0296], [13.5158,65.4055], [11.2648,75.4299], [14.1926,66.0901], [16.7156,59.7399], [16.7615,60.5898], [27.0547,70.6085], [11.8148,76.1069], [14.0631,65.9591], [26.0856,70.3255], [11.6894,76.0856], [11.5597,63.427], [11.5476,