{
  "instance_index": 0,
  "birth_iter": 25,
  "death_iter": 30,
  "survival_iters": 5,
  "censored": false,
  "pre_vnd_cost": 8427.62,
  "post_vnd_cost": 703.07,
  "pre_vnd_coords": [[80,20], [60.7244,18.1233], [63.0718,3.69188], [63.0718,3.69188], [63.0718,3.69188], [60.7244,18.1233], [54.9143,23.7872], [54.9143,23.7872], [60.7244,18.1233], [45.0724,33.72], [57.1945,27.8548], [42.6433,30.2971], [54.9143,23.7872], [45.0724,33.72], [42.6433,30.2971], [57.1945,27.8548], [57.1945,27.8548], [57.1945,27.8548], [67.9451,41.9707], [54.9143,23.7872], [57.4409,36.4145], [42.6433,30.2971], [57.4409,36.4145], [42.6433,30.2971], [42.6433,30.2971], [57.4409,36.4145], [57.1945,27.8548], [60.7244,18.1233], [42.6433,30.2971], [42.6433,30.2971], [42.6433,30.2971], [57.4409,36.4145], [52.8892,46.0128], [42.1491,51.0006], [42.6433,30.2971], [57.4409,36.4145], [67.9451,41.9707], [52.8892,46.0128], [67.9451,41.9707], [57.4409,36.4145], [67.9451,41.9707], [42.1491,51.0006], [42.1491,51.0006], [52.064,58.1924], [47.3332,54.8772], [57.4409,36.4145], [52.8892,46.0128], [42.6433,30.2971], [57.2468,43.1071], [54.0353,57.158], [57.2468,43.1071], [57.2468,43.1071], [57.2468,43.1071], [52.064,58.1924], [45.0724,33.72], [45.0724,33.72], [57.2468,43.1071], [57.4409,36.4145], [54.0353,57.158], [54.0353,57.158], [61.775,58.622], [57.2468,43.1071], [42.1491,51.0006], [57.4409,36.4145], [52.064,58.1924], [52.064,58.1924], [55.0473,62.0362], [47.3332,54.8772], [42.1491,51.0006], [34.8859,51.7666], [42.1491,51.0006], [27.1976,65.8976], [39.3912,61.3945], [32.941,57.7083], [54.0353,57.158], [39.3912,61.3945], [39.3912,61.3945], [61.775,58.622], [39.3912,61.3945], [39.3912,61.3945], [39.3912,61.3945], [28.2105,49.1354], [42.1491,51.0006], [32.941,57.7083], [57.2468,43.1071], [42.1491,51.0006], [42.1491,51.0006], [57.4409,36.4145], [45.0724,33.72], [45.0724,33.72], [47.3708,46.8522], [39.3912,61.3945], [42.6433,30.2971], [42.1491,51.0006], [34.8859,51.7666], [42.1491,51.0006], [47.3708,46.8522], [47.3708,46.8522], [45.0724,33.72], [42.1491,51.0006], [52.8892,46.0128], [52.8892,46.0128], [45.0724,33.72], [45.0724,33.72], [42.6433,30.2971], [45.0724,33.72], [42.6433,30.2971], [28.2105,49.1354], [45.0724,33.72], [35.3783,28.7118], [35.7205,33.1066], [35.8442,34.6967], [34.9076,22.6692], [34.9076,22.6693], [24.2945,41.7043], [34.9483,23.1912], [34.4001,16.6613], [34.7422,20.7104], [23.8325,31.7433], [34.2267,14.6084], [34.9076,22.6693], [34.9871,23.6885], [33.9751,14.6085], [32.0068,14.6093], [35.2719,27.345], [30.1797,14.6101], [33.7479,14.6086], [24.3529,31.5035], [35.5918,31.4529], [21.5101,32.8133], [23.2356,32.0183], [35.0843,24.9369], [34.9076,22.6692], [34.5721,18.6979], [34.9076,22.6692], [34.9076,22.6693], [24.6186,32.1772], [24.5592,32.0265], [25.4613,39.9348], [24.8152,40.9147], [25.7598,39.4819], [24.389,31.5952], [24.5341,31.9629], [35.4841,30.0701], [15.4733,35.5944], [26.042,39.054], [25.1415,40.4197], [35.9751,36.3784], [35.1848,26.2271], [37.8707,58.0368], [19.893,48.3827], [18.8996,49.1461], [13.8842,63.0192], [19.893,48.3827], [36.9227,58.1591], [19.244,48.8815], [26.4881,38.3774], [13.8815,49.0679], [25.8933,39.2796], [23.677,42.641], [19.893,48.3827], [19.323,48.8207], [19.8143,48.4432], [26.6536,38.1264], [24.4669,41.443], [24.4535,31.7586], [14.2494,51.4745], [19.4994,48.6852], [14.325,51.9695], [14.0285,50.0292], [36.547,58.2077], [25.3028,40.1752], [24.0777,42.0333], [24.9745,40.6731], [24.6456,41.1719], [25.6193,39.695], [36.2891,58.8888], [21.856,45.4038], [36.4911,58.215], [36.6654,58.1924], [36.0625,37.5005], [19.1594,48.9464], [42.8919,64.1043], [14.6153,64.0312], [37.8706,58.0368], [37.8707,58.0368], [33.4052,77.2307], [15.1555,64.779], [34.7807,63.9202], [19.0755,49.0109], [36.8285,58.1713], [37.8707,58.0368], [40.5712,61.3], [36.1003,37.985], [62.5956,60.9258], [62.5956,60.9258], [62.5956,60.9258], [62.5956,60.9258], [63.3595,60.8132], [65.0528,60.5637], [67.7493,63.2724], [67.0428,67.4536], [68.4949,60.0568], [68.6248,60.0376], [67.7175,67.4014], [63.1108,60.8499], [61.775,58.622], [61.775,58.622], [61.775,58.622], [52.064,58.1924], [61.775,58.622], [61.775,58.622], [60.8138,74.8425], [39.6207,78.776], [51.1709,72.0019], [44.205,73.1673], [51.1709,72.0019], [51.1709,72.0019], [55.0473,62.0362], [60.8138,74.8425], [60.8138,74.8425], [51.1709,72.0019], [44.205,73.1673], [60.8138,74.8425], [44.205,73.1673], [51.1709,72.0019], [44.205,73.1673], [44.205,73.1673], [51.1709,72.0019], [51.1709,72.0019], [39.6207,78.776], [60.8138,74.8425], [55.0473,62.0362], [44.205,73.1673], [61.775,58.622], [39.3912,61.3945], [62.9839,79.8572], [62.9839,79.8572], [39.6207,78.776], [51.1709,72.0019], [60.8138,74.8425], [44.6272,82.4704], [56.6099,90.8723], [62.9839,79.8572], [56.6099,90.8723], [56.6099,90.8723], [56.6099,90.8723], [60.8138,74.8425], [60.8138,74.8425], [65.3487,85.61], [59.3059,83.3156], [65.3487,85.61], [65.3487,85.61], [77.2089,66.1457], [67.286,79.057], [62.9839,79.8572], [62.9839,79.8572], [65.3487,85.61], [59.3059,83.3156], [67.286,79.057], [67.286,79.057], [67.286,79.057], [65.3487,85.61], [56.6099,90.8723], [59.3059,83.3156], [67.286,79.057], [73.4879,91.1462], [56.6099,90.8723], [67.286,79.057], [93.192,83.488], [73.4879,91.1462], [73.4879,91.1462], [73.4879,91.1462], [59.3059,83.3156], [67.1676,91.3362], [67.1676,91.3362], [67.1676,91.3362], [81.5617,88.7856], [81.5617,88.7856], [93.192,83.488], [81.5617,88.7856], [83.3833,87.4079], [83.3833,87.4079], [83.3833,87.4079], [93.192,83.488], [93.192,83.488], [93.192,83.488], [73.1276,86.846], [73.1276,86.846], [83.3833,87.4079], [73.1276,86.846], [73.4879,91.1462], [73.4879,91.1462], [81.5617,88.7856], [73.4879,91.1462], [67.1676,91.3362], [81.5617,88.7856], [65.3487,85.61], [65.3487,85.61], [65.3487,85.61], [65.3487,85.61], [67.1676,91.3362], [67.1676,91.3362], [59.3059,83.3156], [56.6099,90.8723], [56.6099,90.8723], [56.6099,90.8723], [73.1276,86.846], [73.4879,91.1462], [56.6099,90.8723], [67.1676,91.3362], [56.6099,90.8723], [49.0977,95.5861], [73.1276,86.846], [73.1276,86.846], [67.1676,91.3362], [52.4095,93.3306], [52.4095,93.3306], [56.6099,90.8723], [56.6099,90.8723], [49.0977,95.5861], [49.0977,95.5861], [49.0977,95.5861], [49.0977,95.5861], [52.4095,93.3306], [52.4095,93.3306], [49.0977,95.5861], [52.4095,93.3306], [52.4095,93.3306], [52.4095,93.3306], [52.4095,93.3306], [52.4095,93.3306], [52.4095,93.3306], [52.4095,93.3306], [52.4095,93.3306], [59.3059,83.3156], [59.3059,83.3156], [59.3059,83.3156], [56.6099,90.8723], [52.4095,93.3306], [44.0202,95.6303], [41.0164,86.6214], [49.4525,101.379], [56.6099,90.8723], [56.6099,90.8723], [41.0164,86.6214], [49.0977,95.5861], [49.0977,95.5861], [49.0977,95.5861], [52.4095,93.3306], [49.0977,95.5861], [56.6099,90.8723], [56.6099,90.8723], [56.6099,90.8723], [56.6099,90.8723], [56.6099,90.8723], [44.6272,82.4704], [47.1482,81.4136], [41.0164,86.6214], [39.6207,78.776], [56.3915,78.2301], [56.3915,78.2301], [60.8138,74.8425], [60.8138,74.8425], [47.1482,81.4136], [47.1482,81.4136], [47.1482,81.4136], [47.1482,81.4136], [44.6272,82.4704], [36.9754,87.1757], [37.1533,87.2764], [34.9475,82.9011], [22.1597,77.5811], [35.279,80.9468], [48.6869,79.4259], [48.6869,79.4259], [37.329,87.3759], [47.8903,77.5951], [46.1896,73.6883], [35.1297,81.8268], [35.2319,81.2246], [34.6217,84.8213], [34.8662,83.3801], [34.6672,84.5531], [47.8681,77.5441], [22.3862,77.2547], [34.5411,85.2962], [34.6205,79.0968], [35.3327,80.6303], [28.0257,91.544], [47.8623,77.5309], [32.9892,69.8986], [33.2744,77.0432], [33.2546,77.0277], [32.1328,72.7565], [47.9108,77.6422], [32.9172,76.8403], [33.2175,76.9987], [47.3515,76.3576], [35.2698,80.0938], [25.5129,90.397], [43.6303,67.8093], [31.3115,75.4968], [31.2818,75.5961], [33.2352,77.0126], [21.8957,77.9614], [21.621,78.3572], [25.2337,69.9402], [19.9782,68.8313], [13.5973,62.9579], [13.8842,63.0192], [21.0021,79.2488], [22.0255,88.8061], [35.182,81.5183], [32.6079,76.6772], [24.5483,71.7008], [25.2337,69.9402], [21.3204,78.7902], [31.377,76.0281],