{
  "instance_index": 0,
  "birth_iter": 27,
  "death_iter": 30,
  "survival_iters": 3,
  "censored": false,
  "pre_vnd_cost": 10882.3,
  "post_vnd_cost": 579.7,
  "pre_vnd_coords": [[80,20], [61.739,22.2642], [74.5779,14.7967], [67.1353,4.73303], [67.1353,4.73303], [56.5983,27.3502], [56.5983,27.3502], [67.1353,4.73303], [74.5779,14.7967], [47.9997,34.5817], [61.739,22.2642], [46.1522,23.3282], [60.2014,22.1648], [48.4523,28.0919], [46.1522,23.3282], [46.1522,23.3282], [60.2014,22.1648], [60.2014,22.1648], [68.4084,39.3064], [48.4523,28.0919], [56.5983,27.3502], [47.9997,34.5817], [47.9997,34.5817], [48.4523,28.0919], [46.1522,23.3282], [47.9997,34.5817], [46.1522,23.3282], [56.5983,27.3502], [38.0951,33.1155], [46.8495,36.9177], [46.8495,36.9177], [57.7994,48.2319], [57.7994,48.2319], [42.9093,41.6387], [47.9997,34.5817], [56.5983,27.3502], [47.9997,34.5817], [42.9093,41.6387], [54.1575,53.7167], [57.7994,48.2319], [57.7994,48.2319], [42.9093,41.6387], [42.9093,41.6387], [47.7128,59.3722], [59.4757,62.4694], [57.7994,48.2319], [54.1575,53.7167], [47.9997,34.5817], [57.7994,48.2319], [57.7994,48.2319], [73.5143,51.4013], [54.1575,53.7167], [67.6793,59.3067], [59.4757,62.4694], [53.9111,49.7402], [57.7994,48.2319], [57.7994,48.2319], [57.7994,48.2319], [57.7994,48.2319], [54.1575,53.7167], [73.5143,51.4013], [42.9093,41.6387], [42.9093,41.6387], [68.4084,39.3064], [51.823,68.637], [47.7128,59.3722], [51.823,68.637], [51.823,68.637], [41.0647,57.791], [44.6771,52.4078], [41.0647,57.791], [32.491,63.8887], [44.3403,70.9419], [32.491,63.8887], [54.1575,53.7167], [39.4927,60.9384], [38.6526,69.2093], [51.823,68.637], [39.4927,60.9384], [41.0647,57.791], [47.7128,59.3722], [36.976,54.9738], [42.5579,50.1343], [34.4659,45.3385], [42.5579,50.1343], [42.9093,41.6387], [42.5579,50.1343], [56.5983,27.3502], [46.8495,36.9177], [42.9093,41.6387], [42.9093,41.6387], [36.976,54.9738], [46.8495,36.9177], [36.976,54.9738], [46.8495,36.9177], [42.9093,41.6387], [47.7128,59.3722], [42.9093,41.6387], [34.4659,45.3385], [32.9473,41.5749], [42.9093,41.6387], [42.9093,41.6387], [38.0951,33.1155], [46.8495,36.9177], [31.8147,45.2292], [34.4659,45.3385], [38.0951,33.1155], [31.8147,45.2292], [33.3325,19.8336], [36.976,54.9738], [36.976,54.9738], [28.1897,41.4751], [38.0951,33.1155], [38.0951,33.1155], [33.3325,19.8336], [46.1522,23.3282], [46.1522,23.3282], [33.3325,19.8336], [38.0951,33.1155], [33.3325,19.8336], [33.3325,19.8336], [33.3325,19.8336], [31.6512,11.7197], [24.4775,31.8195], [33.7479,14.6086], [34.4001,16.6613], [24.5592,32.0265], [34.5721,18.6979], [24.504,31.8867], [15.5515,14.6166], [14.8177,14.6169], [27.1746,14.6115], [23.2356,32.0183], [24.6186,32.1772], [34.9076,22.6692], [24.3529,31.5035], [34.9076,22.6692], [34.7422,20.7104], [34.9076,22.6692], [34.9076,22.6693], [34.9076,22.6693], [34.9076,22.6692], [33.5211,14.6087], [70.7822,84.6852], [65.8811,81.6435], [65.551,81.387], [66.1278,81.8351], [60.2377,78.6729], [63.8426,89.4143], [65.1816,81.3256], [67.7345,83.0831], [65.5481,89.284], [66.7348,82.3066], [74.5774,84.9304], [75.2281,84.9724], [73.2667,84.8458], [64.8061,81.2631], [77.2268,85.1015], [82.1752,85.3824], [76.5654,85.0588], [75.9,85.0158], [68.3628,83.5711], [83.9489,85.4646], [78.132,85.1599], [71.9286,84.7594], [85.0949,86.2432], [85.1612,85.5209], [86.3049,85.574], [85.7524,85.8796], [83.1439,87.3223], [79.1126,85.2234], [83.7177,87.0049], [73.945,84.8896], [77.9897,88.3329], [82.5313,87.6611], [77.9897,88.3329], [77.9897,88.3329], [69.7576,88.9623], [62.1917,89.5404], [69.7077,84.6158], [80.0566,85.2844], [64.435,81.2014], [80.0294,88.0313], [65.227,89.3085], [59.9589,89.711], [67.0664,82.5641], [64.1828,89.3883], [51.0553,70.007], [68.0451,83.3243], [48.6869,79.426], [52.8375,71.9661], [61.4986,79.8057], [69.3725,84.3554], [50.4681,86.801], [50.4681,86.801], [50.4681,86.801], [47.8973,77.6112], [50.1546,90.46], [55.4128,90.0584], [50.1546,90.46], [53.1018,90.2349], [50.4681,86.801], [62.9693,80.9575], [72.8785,88.7238], [68.0251,89.0947], [48.6869,79.4259], [62.4856,89.518], [69.7077,84.6158], [61.2134,89.6152], [69.0321,84.0911], [61.7076,89.5774], [50.1546,90.46], [59.4783,89.7477], [62.77,89.4963], [51.862,90.3296], [60.8069,89.6462], [50.1546,90.46], [72.5841,84.8017], [63.4264,89.4461], [58.9393,89.7889], [60.3576,89.6806], [50.1546,90.46], [50.1546,90.46], [50.1546,90.46], [37.2292,91.5443], [36.8793,91.5962], [50.4681,86.801], [50.1546,90.46], [50.1546,90.46], [50.1546,90.46], [52.4795,90.2824], [37.329,87.3759], [50.1546,90.46], [34.4635,91.5818], [43.6303,67.8093], [50.1546,90.46], [50.4681,86.801], [35.2319,81.2246], [48.5482,79.1073], [62.7376,80.919], [35.1467,79.9048], [37.1436,91.3546], [53.1279,72.2854], [44.9858,70.9232], [57.1097,75.8629], [37.4708,87.4563], [35.2698,80.0938], [34.9475,82.9011], [36.158,86.7127], [36.4387,91.5935], [31.7359,74.0809], [28.0257,91.544], [34.5411,85.2962], [36.9617,90.952], [35.5027,86.3414], [50.2118,89.793], [36.9896,91.0137], [34.8895,91.5843], [35.3327,80.6303], [50.3413,88.2822], [36.9381,90.8998], [50.1546,90.46], [34.6217,84.8213], [32.3359,76.5338], [54.6024,90.1203], [48.6869,79.4259], [50.1546,90.46], [35.279,80.9468], [37.4708,87.4563], [37.1533,87.2764], [50.1546,90.46], [48.6869,79.4259], [50.272,89.0908], [57.4932,89.8994], [37.1734,91.4207], [50.1546,90.46], [50.1546,90.46], [34.7058,84.3258], [35.3814,76.2184], [22.8243,99.5082], [15.7519,83.0946], [22.8243,99.5082], [27.7054,87.0217], [34.9994,91.802], [21.5767,79.5943], [39.8004,76.6872], [37.8723,96.9094], [37.8723,96.9094], [34.9994,91.802], [32.0946,93.4127], [32.0946,93.4127], [34.9994,91.802], [37.8723,96.9094], [34.9994,91.802], [32.0946,93.4127], [44.0025,99.5136], [37.8723,96.9094], [39.8004,76.6872], [37.8723,96.9094], [34.9994,91.802], [36.542,81.2071], [32.0946,93.4127], [36.542,81.2071], [37.8723,96.9094], [37.8723,96.9094], [32.0946,93.4127], [37.8723,96.9094], [37.8723,96.9094], [19.6101,90.1701], [19.6101,90.1701], [22.8243,99.5082], [27.7054,87.0217], [37.8723,96.9094], [13.7534,102.621], [32.0946,93.4127], [22.8243,99.5082], [8.53458,89.9269], [22.8243,99.5082], [37.8723,96.9094], [21.9968,88.5177], [22.8243,99.5082], [32.0946,93.4127], [15.7519,83.0946], [8.53458,89.9269], [27.7054,87.0217], [34.9994,91.802], [22.8243,99.5082], [22.8243,99.5082], [37.8723,96.9094], [25.7691,76.0296], [22.8243,99.5082], [34.9994,91.802], [15.7519,83.0946], [21.5767,79.5943], [15.7519,83.0946], [37.8723,96.9094], [27.7054,87.0217], [15.7519,83.0946], [22.8243,99.5082], [19.6101,90.1701], [22.1837,89.1122], [27.7054,87.0217], [22.8243,99.5082], [13.7534,102.621], [22.8243,99.5082], [22.8243,99.5082], [13.7534,102.621], [8.53458,89.9269], [8.53458,89.9269], [8.53458,89.9269], [10.4486,86.4257], [13.7534,102.621], [10.4486,86.4257], [10.4486,86.4257], [11.9354,79.3744], [8.53458,89.9269], [8.53458,89.9269], [19.6101,90.1701], [8.53458,89.9269], [19.6101,90.1701], [19.6101,90.1701], [22.8243,99.5082], [11.9354,79.3744], [8.53458,89.9269], [13.7534,102.621], [8.53458,89.9269], [8.53458,89.9269], [0.637189,87.0035], [8.53458,89.9269], [8.53458,89.9269], [8.53458,89.9269], [8.53458,89.9269], [13.7534,102.621], [13.7534,102.621], [22.8243,99.5082], [8.53458,89.9269], [0.637189,87.0035], [8.53458,89.9269], [8.53458,89.9269], [11.9354,79.3744], [0.637189,87.0035], [11.9354,79.3744], [15.7519,83.0946], [10.4486,86.4257], [15.7519,83.0946], [15.7519,83.0946], [19.6101,90.1701], [10.4486,86.4257], [21.5767,79.5943], [16.0114,75.5007], [5.28619,81.7629], [0.678461,79.7415], [0.637189,87.0035], [10.4486,86.4257], [5.28619,81.7629], [11.9354,79.3744], [8.53458,89.9269], [8.67291,67.1713], [5.28619,81.7629], [8.67291,67.1713], [8.53458,89.9269], [0.637189,87.0035], [0.678461,79.7415], [11.9354,79.3744], [0.637189,87.0035], [10.4486,86.4257], [8.53458,89.9269], [8.53458,89.9269], [8.53458,89.9269], [8.53458,89.9269], [-1.74467,70.7208], [11.7383,36.0314], [11.5307,35.6865], [9.16139,37.7064], [21.4748,43.3942], [0.678461,79.7415], [-3.1936,