{
  "instance_index": 0,
  "birth_iter": 66,
  "death_iter": 90,
  "survival_iters": 24,
  "censored": false,
  "pre_vnd_cost": 10728.5,
  "post_vnd_cost": 525.604,
  "pre_vnd_coords": [[80,20], [73.812,18.7629], [70.8991,10.2565], [73.812,18.7629], [70.8991,10.2565], [67.7388,33.4619], [70.8991,10.2565], [67.7388,33.4619], [67.7388,33.4619], [65.1839,35.1078], [27.3506,28.6381], [23.3182,38.3626], [26.5422,45.272], [16.7186,28.3318], [23.3182,38.3626], [27.3506,28.6381], [23.3182,38.3626], [23.3182,38.3626], [26.5422,45.272], [27.3506,28.6381], [27.3506,28.6381], [27.3506,28.6381], [15.268,39.9802], [33.1752,43.2392], [23.3182,38.3626], [33.1752,43.2392], [27.3506,28.6381], [27.3506,28.6381], [27.3506,28.6381], [6.18636,25.5144], [12.3859,25.2594], [6.18636,25.5144], [12.3859,25.2594], [16.7186,28.3318], [27.3506,28.6381], [12.3859,25.2594], [23.3182,38.3626], [12.3859,25.2594], [6.18636,25.5144], [6.18636,25.5144], [6.18636,25.5144], [6.18636,25.5144], [15.268,39.9802], [23.3182,38.3626], [23.3182,38.3626], [12.3859,25.2594], [13.1603,44.2896], [16.7186,28.3318], [27.3506,28.6381], [6.18636,25.5144], [16.7186,28.3318], [11.9668,38.2141], [11.9668,38.2141], [6.18636,25.5144], [6.18636,25.5144], [11.9668,38.2141], [16.7186,28.3318], [15.268,39.9802], [7.89064,45.8962], [9.39107,48.2768], [19.4033,50.3237], [15.268,39.9802], [9.68607,54.2242], [15.268,39.9802], [19.4033,50.3237], [7.89064,45.8962], [13.1603,44.2896], [19.4033,50.3237], [9.39107,48.2768], [13.1603,44.2896], [15.268,39.9802], [13.1603,44.2896], [7.89064,45.8962], [15.268,39.9802], [9.39107,48.2768], [15.268,39.9802], [15.268,39.9802], [7.89064,45.8962], [11.9668,38.2141], [11.9668,38.2141], [7.89064,45.8962], [7.89064,45.8962], [9.68607,54.2242], [15.268,39.9802], [9.39107,48.2768], [9.39107,48.2768], [6.18636,25.5144], [11.9668,38.2141], [11.9668,38.2141], [11.9668,38.2141], [11.2851,59.4191], [7.89064,45.8962], [9.68607,54.2242], [10.1926,73.478], [26.0519,65.11], [10.9008,71.1072], [12.0884,52.8088], [12.2728,60.5377], [10.7455,71.6272], [12.0869,52.528], [12.2105,58.4805], [12.3156,61.954], [12.39,64.4182], [12.4218,65.469], [10.7302,71.6782], [12.4389,66.037], [9.68607,54.2242], [9.68607,54.2242], [21.757,58.4014], [9.68607,54.2242], [9.39107,48.2768], [9.39107,48.2768], [9.68607,54.2242], [7.89064,45.8962], [9.68607,54.2242], [9.39107,48.2768], [26.0548,65.1632], [26.0901,65.8096], [26.0929,65.8615], [26.0818,65.6575], [26.0464,65.0105], [32.019,76.1401], [26.837,71.277], [26.6797,70.1309], [26.066,65.3679], [26.0929,65.8615], [33.1278,75.3445], [43.3358,79.7459], [26.9468,72.077], [26.0713,65.4662], [26.0929,65.8615], [26.0846,65.7081], [28.5157,76.7772], [28.7738,77.0415], [52.0771,75.8974], [40.8669,68.6814], [44.4691,68.6257], [49.3024,68.7534], [52.0771,75.8974], [44.4691,68.6257], [44.4691,68.6257], [55.7928,74.7412], [62.1092,83.2133], [52.0771,75.8974], [35.5308,76.6025], [26.8939,71.6916], [50.722,89.8362], [36.1736,76.9392], [34.226,75.9193], [40.2329,79.0657], [54.5965,74.6754], [27.051,72.8367], [39.2469,78.5491], [38.5166,89.9202], [38.4169,78.1143], [54.3499,78.7837], [42.2006,79.5197], [49.2246,62.0475], [39.0462,78.4439], [54.517,76.0011], [48.5249,62.1854], [51.4681,81.3662], [35.3417,89.7846], [54.4527,77.0742], [39.6496,78.7601], [32.8285,75.5593], [54.5411,75.5994], [39.451,78.6561], [52.941,81.6596], [41.4013,90.0435], [39.9431,89.9811], [51.0915,81.2911], [36.0656,89.8156], [27.7262,89.4567], [41.4013,90.0435], [30.7141,77.0762], [35.8601,76.775], [37.3698,89.8712], [27.2057,73.964], [43.4677,89.9976], [27.0647,89.425], [41.4013,90.0435], [41.7849,90.0349], [28.2587,89.4822], [28.2368,89.4812], [30.1278,77.4969], [40.0444,78.9669], [32.4861,75.805], [27.0274,72.6648], [43.6458,89.9937], [47.6162,60.2832], [31.3838,76.5958], [37.8186,77.8009], [27.3926,75.3258], [46.5349,80.3833], [26.0767,65.5637], [27.1333,59.0604], [26.5446,62.1055], [49.3722,62.0184], [47.9984,61.0836], [27.0769,73.025], [26.7023,61.2897], [26.0873,65.7585], [29.0386,77.3127], [26.0922,64.445], [37.1174,77.4336], [27.1612,73.6394], [12.4875,67.6412], [27.1419,73.4992], [26.0632,65.318], [26.0605,65.2675], [10.9153,71.0585], [26.0929,65.8615], [26.9744,72.2782], [26.0687,65.4187], [10.6087,72.0852], [27.0642,59.4179], [26.0492,65.0613], [27.4407,75.6762], [9.0515,83.1771], [12.2169,67.6454], [27.3102,74.7251], [16.869,88.933], [12.2961,61.3092], [9.20908,78.9799], [9.17807,79.8057], [9.14904,80.579], [9.30396,76.4522], [9.26488,77.4934], [9.30396,76.4522], [10.8488,71.2812], [9.07164,82.6409], [9.24116,78.1254], [10.8405,71.3091], [9.10422,81.773], [9.00104,88.552], [9.09343,82.0602], [9.1918,79.4404], [9.67319,88.5839], [9.25251,77.8231], [8.86941,88.0277], [9.52368,88.5768], [20.024,89.0852], [22.1841,89.1895], [26.7567,70.6917], [26.7206,70.4291], [27.4407,75.6762], [27.3659,75.1309], [27.0021,72.4804], [16.2902,88.9051], [18.953,89.0335], [26.074,65.5156], [27.2449,74.2498], [27.1832,73.7999], [11.2977,69.7784], [26.8677,71.5007], [26.9201,71.8829], [27.3374,74.9236], [27.2644,74.3915], [26.788,70.9199], [26.0578,65.2184], [9.30396,76.4522], [27.9839,76.2326], [29.3081,77.5888], [31.9394,89.6393], [14.5346,88.8202], [26.8136,71.1066], [28.2529,76.5081], [38.626,78.2238], [25.7497,89.3619], [27.1218,73.3525], [27.2255,74.1079], [15.7203,88.8775], [29.593,77.8806], [27.4173,75.5056], [19.4782,89.0588], [17.3814,88.9577], [27.0987,73.1838], [17.8944,88.9824], [10.9361,88.6454], [28.2268,89.4807], [9.09856,88.5566], [12.144,67.6466], [9.30396,76.4522], [9.64828,88.5827], [9.08192,82.3669], [9.62291,88.5815], [9.16659,88.5599], [9.42753,88.5723], [8.8963,87.3114], [8.9319,86.3629], [9.11496,81.4868], [8.94862,85.9176], [8.90472,87.0869], [8.92201,86.6266], [12.8478,88.7381], [9.35237,88.5687], [9.26,88.5643], [9.07344,88.5554], [21.6412,89.1632], [8.9715,85.3081], [9.2832,88.5654], [27.7062,75.9482], [13.4333,88.7666], [12.1504,88.7044], [29.4494,89.533], [8.90821,88.5832], [8.94017,86.1427], [9.47763,88.5746], [18.4255,89.008], [29.3495,89.5288], [28.2587,89.4822], [15.1307,88.8491], [28.2588,89.4822], [32.639,89.6691], [24.863,89.3192], [28.2469,89.4817], [27.2744,89.435], [44.2788,89.9797], [31.6035,89.625], [29.593,77.8806], [28.2088,89.4799], [32.2705,89.6534], [20.5723,89.1116], [29.0735,89.517], [26.6299,89.4041], [28.2587,89.4822], [26.1899,89.383], [29.5833,89.5387], [29.593,77.8806], [26.4142,89.3938], [28.5742,89.4957], [28.2588,89.4822], [29.7406,89.5454], [44.0186,89.9855], [36.962,94.6732], [41.7148,88.9084], [41.7148,88.9084], [52.6767,86.2795], [30.3898,98.6831], [41.7148,88.9084], [30.3898,98.6831], [41.7148,88.9084], [36.962,94.6732], [40.0516,99.0975], [53.7791,99.0503], [30.3898,98.6831], [36.962,94.6732], [53.7791,99.0503], [30.3898,98.6831], [53.7791,99.0503], [45.7579,93.9964], [53.7791,99.0503], [45.7579,93.9964], [53.7791,99.0503], [39.1629,97.6945], [52.6767,86.2795], [45.7579,93.9964], [42.6953,107.157], [36.962,94.6732], [41.7148,88.9084], [39.1629,97.6945], [30.3898,98.6831], [30.3898,98.6831], [30.3898,98.6831], [28.227,107.823], [19.8535,99.2033], [36.962,94.6732], [28.227,107.823], [39.1629,97.6945], [36.962,94.6732], [28.227,107.823], [28.227,107.823], [14.7445,100.675], [30.3898,98.6831], [42.6953,107.157], [19.8535,99.2033], [45.7579,93.9964], [36.962,94.6732], [28.227,107.823], [30.3898,98.6831], [30.3898,98.6831], [28.227,107.823], [11.607,100.142], [40.0516,99.0975], [19.8535,99.2033], [45.7579,93.9964], [30.3898,98.6831], [19.8535,99.2033], [14.7445,100.675], [11.607,100.142], [15.3876,71.961], [11.607,100.142], [1.37051,79.1724], [1.37051,79.1724], [11.607,100.142], [1.60341,88.4311], [11.607,100.142], [0.155181,85.6686], [1.60341,88.4311], [1.60341,88.4311], [1.60341,88.4311], [11.607,100.142], [1.60341,88.4311], [1.60341,88.4311], [14.7445,100.675], [1.60341,88.4311], [1.37051,79.1724], [1.60341,88.4311], [11.607,100.142], [11.607,100.142], [1.37051,79.1724], [1.60341,88.4311], [1.37051,79.1724], [1.60341,88.4311], [0.155181,85.6686], [0.155181,