{
  "instance_index": 0,
  "birth_iter": 9,
  "death_iter": 20,
  "survival_iters": 11,
  "censored": false,
  "pre_vnd_cost": 10987,
  "post_vnd_cost": 594.029,
  "pre_vnd_coords": [[80,20], [88.4687,41.1446], [84.18,45.1115], [75.9737,42.0588], [84.18,45.1115], [89.1523,15.0065], [89.1523,15.0065], [89.1523,15.0065], [89.1523,15.0065], [89.1523,15.0065], [65.5966,25.6339], [62.2615,15.9671], [89.1523,15.0065], [62.2615,15.9671], [62.2615,15.9671], [65.5966,25.6339], [50.2178,21.6792], [39.1855,17.347], [39.1855,17.347], [39.1855,17.347], [39.1855,17.347], [42.5308,17.9972], [29.0319,9.40884], [37.7288,17.9177], [37.8389,19.9946], [39.1855,17.347], [29.7772,23.5922], [37.7288,17.9177], [29.7772,23.5922], [42.5308,17.9972], [42.5308,17.9972], [39.1855,17.347], [50.2178,21.6792], [29.7772,23.5922], [29.7772,23.5922], [37.8389,19.9946], [37.8389,19.9946], [29.7772,23.5922], [45.9765,34.6096], [45.9765,34.6096], [37.8389,19.9946], [47.5228,35.6995], [37.8389,19.9946], [26.3594,46.5772], [31.8201,43.6523], [31.7219,45.2624], [45.9051,46.5668], [31.7219,45.2624], [31.8201,43.6523], [29.7772,23.5922], [31.8201,43.6523], [17.788,52.7547], [25.4162,48.6017], [30.2296,44.9447], [19.188,30.9549], [28.2804,54.3904], [17.788,52.7547], [17.788,52.7547], [19.8284,56.1611], [11.4674,45.2844], [11.4674,45.2844], [4.41338,42.0462], [4.2205,55.6217], [4.91751,46.615], [4.91751,46.615], [11.4674,45.2844], [8.65717,37.8447], [4.2205,55.6217], [22.1982,62.5104], [9.76235,57.883], [19.7689,46.2151], [10.722,34.7772], [9.76235,57.883], [22.1982,62.5104], [19.8284,56.1611], [27.0952,71.0667], [8.65717,37.8447], [11.4674,45.2844], [30.8109,53.1164], [19.8284,56.1611], [11.4674,45.2844], [11.4674,45.2844], [27.0886,55.9106], [24.3859,62.7237], [32.4719,56.2585], [25.942,74.8583], [24.3859,62.7237], [25.942,74.8583], [4.2205,55.6217], [7.64835,66.3775], [8.84804,69.5129], [15.0463,66.927], [8.84804,69.5129], [17.5635,73.4192], [9.76235,57.883], [15.0463,66.927], [7.64835,66.3775], [5.92438,57.8434], [9.76235,57.883], [15.0463,66.927], [5.92438,57.8434], [6.21057,70.1172], [5.92438,57.8434], [15.0463,66.927], [7.64835,66.3775], [7.64835,66.3775], [10.2509,47.7431], [5.92438,57.8434], [9.76235,57.883], [6.21057,70.1172], [4.41338,42.0462], [4.41338,42.0462], [7.64835,66.3775], [7.64835,66.3775], [8.84804,69.5129], [6.21057,70.1172], [19.4685,59.071], [4.2205,55.6217], [6.21057,70.1172], [5.92438,57.8434], [7.64835,66.3775], [6.21057,70.1172], [7.64835,66.3775], [7.64835,66.3775], [10.2509,47.7431], [1.64259,77.5213], [8.84804,69.5129], [1.64259,77.5213], [15.0463,66.927], [6.21057,70.1172], [7.64835,66.3775], [11.4674,45.2844], [4.2205,55.6217], [10.2509,47.7431], [4.91751,46.615], [5.92438,57.8434], [17.3723,43.7892], [11.4674,45.2844], [4.41338,42.0462], [10.2509,47.7431], [9.76235,57.883], [10.2509,47.7431], [8.65717,37.8447], [10.2509,47.7431], [4.41338,42.0462], [11.4674,45.2844], [11.4674,45.2844], [17.3723,43.7892], [10.2509,47.7431], [4.41338,42.0462], [17.3723,43.7892], [4.91751,46.615], [4.2205,55.6217], [11.4674,45.2844], [11.4674,45.2844], [11.4674,45.2844], [10.722,34.7772], [4.7844,32.8785], [24.3569,37.5031], [24.3569,37.5031], [11.4674,45.2844], [17.3723,43.7892], [10.722,34.7772], [17.3723,43.7892], [1.37675,21.9675], [4.7844,32.8785], [4.41338,42.0462], [11.4674,45.2844], [4.41338,42.0462], [4.7844,32.8785], [10.2509,47.7431], [4.7844,32.8785], [4.41338,42.0462], [10.2509,47.7431], [10.722,34.7772], [4.41338,42.0462], [4.97411,15.3753], [14.0711,28.1493], [1.37675,21.9675], [4.7844,32.8785], [17.1054,36.2178], [4.7844,32.8785], [24.3569,37.5031], [1.37675,21.9675], [1.37675,21.9675], [1.37675,21.9675], [1.37675,21.9675], [17.7674,25.1605], [1.37675,21.9675], [1.37675,21.9675], [1.37675,21.9675], [4.7844,32.8785], [12.65,16.2704], [12.65,16.2704], [12.65,16.2704], [4.97411,15.3753], [-2.91069,13.4831], [4.97411,15.3753], [-2.91069,13.4831], [-2.91069,13.4831], [8.67046,9.96921], [14.5805,22.9628], [8.67046,9.96921], [29.7772,23.5922], [23.4569,28.8893], [25.4162,48.6017], [17.788,52.7547], [5.80664,75.9109], [17.788,52.7547], [30.6187,57.0136], [30.6187,57.0136], [30.6187,57.0136], [32.9328,52.5049], [25.4162,48.6017], [5.80664,75.9109], [28.2804,54.3904], [5.80664,75.9109], [13.0094,80.2738], [8.6591,78.8182], [11.8442,83.8594], [5.80664,75.9109], [6.21057,70.1172], [7.5275,78.6658], [-4.84891,85.152], [6.21057,70.1172], [7.39415,86.796], [7.39415,86.796], [7.39415,86.796], [7.39415,86.796], [13.6287,92.6513], [7.39415,86.796], [4.96445,84.1947], [-4.84891,85.152], [1.1787,92.6107], [7.5275,78.6658], [1.1787,92.6107], [-4.79782,87.6641], [1.1787,92.6107], [7.39415,86.796], [13.6287,92.6513], [1.1787,92.6107], [1.1787,92.6107], [1.1787,92.6107], [1.1787,92.6107], [6.46241,83.0878], [7.27653,91.7651], [1.64259,77.5213], [13.6287,92.6513], [13.6287,92.6513], [7.39415,86.796], [1.1787,92.6107], [13.6287,92.6513], [1.1787,92.6107], [-4.84891,85.152], [1.1787,92.6107], [13.6287,92.6513], [18.7674,92.4161], [7.27653,91.7651], [1.1787,92.6107], [13.6287,92.6513], [19.4825,81.3846], [7.39415,86.796], [13.6287,92.6513], [18.7674,92.4161], [20.2061,86.1281], [20.2061,86.1281], [7.39415,86.796], [7.39415,86.796], [18.7674,92.4161], [4.96445,84.1947], [23.3622,81.1464], [-4.84891,85.152], [1.1787,92.6107], [19.4825,81.3846], [7.39415,86.796], [20.6216,100.487], [19.4825,81.3846], [25.942,74.8583], [7.39415,86.796], [23.3622,81.1464], [23.3622,81.1464], [7.39415,86.796], [20.6216,100.487], [20.6216,100.487], [19.4825,81.3846], [23.3622,81.1464], [13.6287,92.6513], [7.39415,86.796], [22.0032,88.5088], [20.6216,100.487], [28.8585,91.5043], [28.8585,91.5043], [23.3622,81.1464], [7.39415,86.796], [28.8585,91.5043], [13.6287,92.6513], [20.6216,100.487], [24.3006,90.9203], [20.6216,100.487], [20.6216,100.487], [33.4684,102.451], [24.3006,90.9203], [13.6287,92.6513], [7.27653,91.7651], [36.6631,94.338], [28.8585,91.5043], [36.6631,94.338], [33.4684,102.451], [24.3006,90.9203], [45.1667,97.6081], [20.6216,100.487], [34.8751,83.7375], [20.6216,100.487], [18.7674,92.4161], [45.1667,97.6081], [22.0032,88.5088], [24.3006,90.9203], [39.0862,89.0199], [39.0862,89.0199], [40.1656,82.0263], [34.8751,83.7375], [34.8751,83.7375], [34.8751,83.7375], [43.2084,91.8809], [28.8585,91.5043], [40.1656,82.0263], [36.6631,94.338], [33.4684,102.451], [28.8585,91.5043], [28.8585,91.5043], [40.1656,82.0263], [22.0032,88.5088], [33.4684,102.451], [20.2061,86.1281], [28.8585,91.5043], [23.3622,81.1464], [22.0032,88.5088], [36.6631,94.338], [45.1667,97.6081], [34.8751,83.7375], [33.4684,102.451], [20.2061,86.1281], [28.8585,91.5043], [53.2304,97.9997], [20.6216,100.487], [33.4684,102.451], [33.4684,102.451], [44.7571,85.0627], [38.9239,78.4738], [44.7571,85.0627], [40.1656,82.0263], [34.8751,83.7375], [33.3978,73.727], [40.1656,82.0263], [45.1667,97.6081], [47.2009,75.2761], [44.7571,85.0627], [44.7571,85.0627], [49.7805,90.2222], [43.2084,91.8809], [49.2744,70.9561], [36.6631,94.338], [34.6216,77.2089], [52.3365,82.8518], [48.0716,88.1541], [52.3365,82.8518], [51.53,69.6901], [53.0003,53.765], [51.1534,58.7701], [51.1534,58.7701], [51.1534,58.7701], [51.1534,58.7701], [62.3317,49.9053], [54.3703,49.1077], [61.3076,43.7206], [49.8262,63.1267], [49.8262,63.1267], [49.8262,63.1267], [49.8262,63.1267], [52.3365,82.8518], [44.2628,84.2407], [37.8516,88.6584], [52.3365,82.8518], [52.3365,82.8518], [52.3365,82.8518], [53.1274,71.3813], [48.0716,88.1541], [52.3365,82.8518], [53.1274,71.3813], [51.1534,58.7701], [30.6187,57.0136], [32.9328,52.5049], [54.1896,68.1681], [61.3792,70.078], [51.53,69.6901], [52.3365,82.8518], [61.3792,70.078], [66.1153,74.3577], [53.1274,71.3813], [52.3365,82.8518], [53.1274,71.3813], [53.1274,71.3813], [60.4053,91.354], [52.3365,82.8518], [60.4053,91.354], [66.1153,74.3577], [50.4416,65.3476], [66.1153,74.3577], [68.6359,62.0722], [53.1274,71.3813], [66.1153,74.3577], [52.3365,82.8518], [51.53,69.6901], [68.6359,62.0722], [62.3317,49.9053], [53.1274,71.3813], [54.1896,68.1681], 