{
  "instance_index": 0,
  "birth_iter": 28,
  "death_iter": 80,
  "survival_iters": 52,
  "censored": false,
  "pre_vnd_cost": 10424.1,
  "post_vnd_cost": 541.379,
  "pre_vnd_coords": [[80,20], [67.1353,4.73303], [74.5779,14.7967], [56.5983,27.3502], [60.2014,22.1648], [61.739,22.2642], [56.5983,27.3502], [67.1353,4.73303], [31.6512,11.7197], [46.1522,23.3282], [31.491,7.77059], [31.491,7.77059], [33.3325,19.8336], [48.4523,28.0919], [46.1522,23.3282], [67.1353,4.73303], [56.5983,27.3502], [61.739,22.2642], [46.1522,23.3282], [74.5779,14.7967], [47.9997,34.5817], [47.9997,34.5817], [56.5983,27.3502], [48.4523,28.0919], [48.4523,28.0919], [56.5983,27.3502], [47.9997,34.5817], [60.2014,22.1648], [47.9997,34.5817], [47.9997,34.5817], [38.0951,33.1155], [38.0951,33.1155], [46.1522,23.3282], [46.1522,23.3282], [46.1522,23.3282], [46.1522,23.3282], [60.2014,22.1648], [46.1522,23.3282], [46.1522,23.3282], [38.0951,33.1155], [33.3325,19.8336], [46.1522,23.3282], [24.1812,35.1815], [26.9966,31.3337], [33.3325,19.8336], [33.3325,19.8336], [33.3325,19.8336], [46.1522,23.3282], [31.8147,45.2292], [26.9966,31.3337], [26.9966,31.3337], [24.1812,35.1815], [34.4659,45.3385], [24.1812,35.1815], [20.3312,9.40524], [28.3142,18.6729], [24.1812,35.1815], [34.4659,45.3385], [13.1422,29.4894], [28.1897,41.4751], [26.9966,31.3337], [24.1812,35.1815], [33.3325,19.8336], [24.1812,35.1815], [24.1812,35.1815], [33.3325,19.8336], [13.1422,29.4894], [46.1522,23.3282], [31.6512,11.7197], [33.3325,19.8336], [33.3325,19.8336], [28.3142,18.6729], [46.1522,23.3282], [28.3142,18.6729], [33.3325,19.8336], [33.3325,19.8336], [31.6512,11.7197], [33.3325,19.8336], [31.6512,11.7197], [33.3325,19.8336], [28.3142,18.6729], [11.8844,19.199], [11.8844,19.199], [11.8844,19.199], [11.8844,19.199], [26.9966,31.3337], [5.33268,14.6177], [10.6962,4.70237], [10.6962,4.70237], [5.33268,14.6177], [10.6962,4.70237], [5.33268,14.6177], [20.3312,9.40524], [20.3312,9.40524], [10.6962,4.70237], [-0.304929,24.7484], [10.6962,4.70237], [5.33268,14.6177], [20.3312,9.40524], [5.33268,14.6177], [11.8844,19.199], [-0.304929,24.7484], [-0.304929,24.7484], [-0.304929,24.7484], [11.8844,19.199], [-0.304929,24.7484], [-0.304929,24.7484], [-0.304929,24.7484], [10.6962,4.70237], [33.3325,19.8336], [5.33268,14.6177], [11.8844,19.199], [33.3325,19.8336], [-0.304929,24.7484], [8.05688,32.2781], [-0.304929,24.7484], [8.05688,32.2781], [24.1812,35.1815], [21.4748,43.3942], [11.8844,19.199], [13.1422,29.4894], [21.4748,43.3942], [13.1422,29.4894], [11.8844,19.199], [24.1812,35.1815], [-0.304929,24.7484], [8.05688,32.2781], [21.8168,38.725], [9.16139,37.7064], [9.16139,37.7064], [11.71,40.3261], [-0.304929,24.7484], [8.05688,32.2781], [21.4748,43.3942], [9.16139,37.7064], [32.9473,41.5749], [21.4748,43.3942], [18.3361,47.4452], [18.3361,47.4452], [18.3361,47.4452], [25.6081,51.7761], [18.3361,47.4452], [11.71,40.3261], [8.05688,32.2781], [12.5961,45.7179], [14.504,57.7873], [9.16139,37.7064], [5.10359,50.8853], [25.6081,51.7761], [21.8168,38.725], [12.5961,45.7179], [9.16139,37.7064], [9.16139,37.7064], [28.1897,41.4751], [21.4748,43.3942], [18.3361,47.4452], [12.5961,45.7179], [11.71,40.3261], [14.504,57.7873], [22.0997,57.7211], [11.71,40.3261], [-0.0448258,47.5181], [9.16139,37.7064], [12.5961,45.7179], [22.0997,57.7211], [12.5961,45.7179], [12.5961,45.7179], [5.10359,50.8853], [8.05688,32.2781], [5.10359,50.8853], [9.16139,37.7064], [21.4748,43.3942], [13.1422,29.4894], [12.5961,45.7179], [12.5961,45.7179], [9.16139,37.7064], [6.02616,53.1031], [5.10359,50.8853], [14.504,57.7873], [5.10359,50.8853], [9.16139,37.7064], [21.8168,38.725], [4.33095,65.9423], [4.33095,65.9423], [5.10359,50.8853], [9.16139,37.7064], [13.3216,62.0442], [-0.0448258,47.5181], [4.33095,65.9423], [-6.3568,60.9444], [22.0997,57.7211], [4.33095,65.9423], [13.3216,62.0442], [13.3216,62.0442], [22.0997,57.7211], [12.5961,45.7179], [4.33095,65.9423], [-6.3568,60.9444], [-0.0448258,47.5181], [-0.0448258,47.5181], [22.0997,57.7211], [12.5961,45.7179], [6.02616,53.1031], [4.33095,65.9423], [-0.0448258,47.5181], [13.3216,62.0442], [11.1683,69.949], [14.504,57.7873], [4.33095,65.9423], [6.02616,53.1031], [5.28619,81.7629], [-1.74467,70.7208], [-1.74467,70.7208], [-1.74467,70.7208], [10.0636,75.8853], [8.67291,67.1713], [8.67291,67.1713], [5.28619,81.7629], [0.637189,87.0035], [0.637189,87.0035], [-3.1936,76.1777], [8.67291,67.1713], [8.67291,67.1713], [10.0636,75.8853], [10.0636,75.8853], [-3.1936,76.1777], [10.0636,75.8853], [8.67291,67.1713], [5.28619,81.7629], [0.678461,79.7415], [0.637189,87.0035], [0.637189,87.0035], [5.28619,81.7629], [0.678461,79.7415], [0.637189,87.0035], [10.0636,75.8853], [0.678461,79.7415], [0.637189,87.0035], [0.637189,87.0035], [0.678461,79.7415], [0.678461,79.7415], [5.28619,81.7629], [0.678461,79.7415], [0.637189,87.0035], [73.173,93.87], [75.6409,89.1951], [73.9784,89.2465], [64.341,83.0079], [75.6155,89.1978], [75.594,89.2], [75.6047,89.1989], [75.5887,89.2006], [75.6206,89.1972], [75.5887,89.2006], [80.2368,88.7174], [75.6101,89.1983], [75.6358,89.1957], [75.6512,89.1941], [75.6612,89.193], [86.3426,78.8279], [86.3774,79.3077], [86.4067,79.7126], [86.1111,75.6356], [82.5671,85.3163], [85.3955,81.1883], [85.6836,69.74], [76.3047,69.2303], [85.9289,73.123], [86.3079,78.3497], [75.6254,89.1967], [69.5708,77.101], [79.88,88.7545], [75.6659,89.1925], [76.2967,89.127], [72.4434,89.2902], [79.1393,88.8315], [77.5372,88.998], [64.9131,82.5448], [75.646,89.1946], [68.4095,89.4053], [59.3957,84.5361], [76.9001,89.0642], [58.5533,84.7964], [78.3082,88.9179], [70.0216,76.5741], [68.1961,78.7077], [63.8634,83.1554], [61.944,83.7486], [68.7245,78.0901], [70.9013,75.5459], [57.3035,67.4054], [72.3215,73.886], [83.5683,62.5347], [57.0813,67.9042], [56.9221,62.3127], [56.9995,63.3463], [79.8526,65.0834], [81.6627,62.9679], [80.6048,64.2042], [82.7759,62.7148], [83.1764,62.6238], [70.501,76.0138], [75.1456,70.585], [82.6005,62.7547], [82.9873,62.6668], [80.2631,64.6036], [85.2235,63.3946], [83.3934,62.5745], [81.6627,62.9679], [83.7834,62.4858], [83.9736,62.4426], [82.427,62.7942], [82.0482,62.8803], [80.9735,63.7733], [36.5291,39.6034], [28.0272,47.4551], [28.3662,47.0165], [28.5681,46.7552], [12.6038,71.2273], [12.6038,71.2273], [11.7819,71.1538], [12.9931,71.1211], [15.5548,70.4219], [13.0793,71.0976], [16.84,70.0712], [15.1229,64.1538], [13.2428,71.053], [14.7083,64.6904], [23.4873,53.3299], [27.9382,47.5704], [25.5431,50.6697], [27.693,47.8876], [37.8507,59.4202], [32.3434,43.3634], [28.2043,47.226], [40.7887,43.0663], [41.4355,44.4334], [25.1055,51.236], [26.5367,49.3839], [26.8791,48.9409], [37.6006,54.8484], [19.0114,59.122], [40.8609,45.9943], [23.1479,53.7691], [27.6078,47.9978], [22.084,55.1458], [28.2872,47.1188], [27.1646,48.5713], [23.9218,68.1383], [27.8551,47.6779], [36.51,57.8105], [24.4625,67.9907], [24.9131,67.8677], [18.5651,59.6994], [39.0546,60.8655], [17.8104,60.6762], [25.156,67.8015], [20.5222,69.0662], [22.2364,68.5983], [21.4392,68.8159], [21.7135,55.6253], [18.9371,69.4988], [14.9973,70.5741], [13.6268,66.629], [23.0156,68.3857], [20.3451,57.3961], [24.5958,51.8955], [26.6038,67.4063], [20.0442,57.7855], [19.5513,69.3312], [21.3504,56.0951], [25.8024,67.625], [27.3402,67.8678], [23.8353,52.8796], [25.2614,67.7727], [22.7796,54.2457], [22.4213,54.7093], [12.4827,71.2165], [12.2197,71.193], [14.3982,70.7376], [24.1858,52.426], [16.8298,61.9451], [16.206,70.2442], [13.4189,71.0049], [24.7947,67.9001], [19.9863,69.2124], [12.9133,71.1429], [12.6038,71.2273], [13.157,71.0764], [13.3335,71.0282], [11.5014,70.4391], [11.5206,71.1305], [12.6038,71.2273], [12.6038,71.2273], [12.6038,71.2273], [11.1349,71.096], [13.6143,70.9516], [11.1349,71.096], [11.3884,71.1186], [13.5098,70.9801], [15.5571,63.592], [12.6038,71.2273], [11.6592,71.1428], [21.818,68.7125], [17.5102,69.8882], [12.8427,71.1621], [12.6038,71.2273], [19.3761,58.65], [14.208,65.5872], [12.0909,71.1815], [24.3517,68.021], [23.4769,68.2597], [26.2707,67.4972], 