{
  "instance_index": 0,
  "birth_iter": 6,
  "death_iter": 20,
  "survival_iters": 14,
  "censored": false,
  "pre_vnd_cost": 11686.1,
  "post_vnd_cost": 578.01,
  "pre_vnd_coords": [[80,20], [64.8359,12.4918], [64.8359,12.4918], [59.5399,28.5788], [78.9515,60.3306], [69.7739,67.1848], [69.7739,67.1848], [90.8244,52.9051], [78.9515,60.3306], [78.9515,60.3306], [93.3608,34.3341], [93.3608,34.3341], [78.9515,60.3306], [90.5819,55.2314], [90.5819,55.2314], [78.9515,60.3306], [74.4302,67.8986], [64.2632,60.5638], [69.9388,75.9165], [78.9515,60.3306], [79.8298,74.8879], [64.2632,60.5638], [64.2632,60.5638], [64.2632,60.5638], [44.4769,55.0233], [64.2632,60.5638], [37.5702,50.8232], [55.4347,67.2637], [44.4769,55.0233], [44.4769,55.0233], [55.4713,57.3503], [51.5599,56.6671], [64.2632,60.5638], [51.5599,56.6671], [48.8132,70.3183], [51.5599,56.6671], [70.5409,71.3918], [51.5599,56.6671], [55.3242,80.8205], [64.2632,60.5638], [64.2632,60.5638], [64.2632,60.5638], [55.4713,57.3503], [55.4713,57.3503], [64.2632,60.5638], [64.0457,77.9559], [51.5599,56.6671], [55.4347,67.2637], [47.3413,68.2556], [55.4347,67.2637], [37.7992,62.3548], [49.2481,75.9931], [48.8132,70.3183], [56.9279,74.6895], [51.5599,56.6671], [48.8132,70.3183], [56.9279,74.6895], [53.1775,72.6649], [56.9279,74.6895], [57.9111,91.4912], [56.9279,74.6895], [64.0457,77.9559], [56.9279,74.6895], [49.2481,75.9931], [55.3242,80.8205], [55.3242,80.8205], [46.5802,87.9493], [55.3242,80.8205], [54.2424,92.3775], [44.8129,77.7587], [46.5802,87.9493], [54.2424,92.3775], [55.3242,80.8205], [48.8132,70.3183], [56.9279,74.6895], [54.2424,92.3775], [46.5802,87.9493], [54.2424,92.3775], [40.0327,84.3121], [52.4673,97.0482], [55.3242,80.8205], [54.2424,92.3775], [48.3782,85.6595], [60.9503,101.38], [54.2424,92.3775], [54.0352,85.4149], [54.2424,92.3775], [49.4979,97.6124], [55.3242,80.8205], [55.3242,80.8205], [54.2424,92.3775], [54.0352,85.4149], [40.0327,84.3121], [54.2424,92.3775], [56.9279,74.6895], [54.0352,85.4149], [44.8129,77.7587], [73.6917,92.3811], [12.6667,39.5618], [12.6667,39.5618], [10.0611,45.9508], [11.295,34.1196], [10.0611,45.9508], [16.1721,42.3988], [17.638,57.3279], [16.1721,42.3988], [13.3435,49.0961], [10.0611,45.9508], [13.3435,49.0961], [14.4846,37.7732], [13.3435,49.0961], [10.0611,45.9508], [10.0611,45.9508], [0.242906,53.1611], [5.70291,51.5117], [1.96961,45.5492], [1.96961,45.5492], [0.242906,53.1611], [18.2683,65.5969], [-0.516035,58.4684], [2.74946,80.1172], [4.2747,75.3904], [17.638,57.3279], [-0.516035,58.4684], [13.3435,49.0961], [1.96961,45.5492], [10.0611,45.9508], [10.3233,50.9297], [19.6038,49.9263], [5.70291,51.5117], [10.3233,50.9297], [-0.516035,58.4684], [5.70291,51.5117], [10.3233,50.9297], [10.3233,50.9297], [1.96961,45.5492], [17.638,57.3279], [16.1721,42.3988], [5.70291,51.5117], [5.70291,51.5117], [1.96961,45.5492], [15.6726,48.6762], [19.6038,49.9263], [21.9957,60.524], [13.3435,49.0961], [17.638,57.3279], [24.9036,60.8699], [18.2683,65.5969], [17.638,57.3279], [0.242906,53.1611], [17.638,57.3279], [17.638,57.3279], [5.46051,64.9291], [10.3233,50.9297], [21.9957,60.524], [0.242906,53.1611], [4.2747,75.3904], [5.46051,64.9291], [19.6038,49.9263], [13.8973,67.9022], [19.1141,73.0975], [-0.516035,58.4684], [-0.516035,58.4684], [-0.516035,58.4684], [2.74946,80.1172], [5.46051,64.9291], [4.2747,75.3904], [4.2747,75.3904], [13.8973,67.9022], [-0.516035,58.4684], [5.46051,64.9291], [4.2747,75.3904], [4.2747,75.3904], [-0.391814,71.6612], [15.8513,76.4633], [-0.391814,71.6612], [13.8973,67.9022], [19.1141,73.0975], [10.0756,81.6371], [4.2747,75.3904], [15.8513,76.4633], [2.74946,80.1172], [2.74946,80.1172], [4.2747,75.3904], [19.1141,73.0975], [13.8973,67.9022], [13.8973,67.9022], [19.1141,73.0975], [2.74946,80.1172], [13.8973,67.9022], [4.2747,75.3904], [-0.391814,71.6612], [4.2747,75.3904], [13.8973,67.9022], [5.46051,64.9291], [13.8973,67.9022], [19.1141,73.0975], [4.2747,75.3904], [28.0579,56.3434], [28.0579,56.3434], [13.8973,67.9022], [18.2683,65.5969], [13.8973,67.9022], [19.1141,73.0975], [8.38329,86.3912], [21.9957,60.524], [13.8973,67.9022], [17.638,57.3279], [23.6108,85.3549], [19.9999,86.8136], [30.37,63.9334], [19.1141,73.0975], [18.2683,65.5969], [18.2683,65.5969], [18.2683,65.5969], [23.5144,71.263], [23.5144,71.263], [23.5144,71.263], [19.1141,73.0975], [28.0579,56.3434], [13.8973,67.9022], [32.0786,72.0363], [19.1141,73.0975], [19.6038,49.9263], [23.5144,71.263], [21.9957,60.524], [18.2683,65.5969], [24.1907,57.0131], [23.5144,71.263], [24.1907,57.0131], [24.9036,60.8699], [21.522,42.2372], [28.8729,43.1039], [19.1141,73.0975], [28.0579,56.3434], [28.0579,56.3434], [32.9245,68.8905], [21.9957,60.524], [33.1995,60.9237], [28.0579,56.3434], [33.1995,60.9237], [33.1995,60.9237], [24.9036,60.8699], [37.7992,62.3548], [30.37,63.9334], [37.1032,75.9324], [31.9989,78.2796], [23.6108,85.3549], [30.7996,86.6533], [30.37,63.9334], [19.1141,73.0975], [48.3782,85.6595], [23.5144,71.263], [24.5023,77.364], [37.1032,75.9324], [31.9989,78.2796], [15.8513,76.4633], [49.2481,75.9931], [30.7996,86.6533], [34.4095,94.11], [25.5229,96.83], [28.1174,87.2563], [32.0786,72.0363], [32.4343,89.631], [31.9989,78.2796], [24.5023,77.364], [23.5144,71.263], [32.9245,68.8905], [31.9989,78.2796], [19.1141,73.0975], [19.9999,86.8136], [15.8513,76.4633], [31.9989,78.2796], [23.6108,85.3549], [13.8973,67.9022], [19.9999,86.8136], [5.46051,64.9291], [19.1141,73.0975], [13.8973,67.9022], [13.8973,67.9022], [8.38329,86.3912], [19.9999,86.8136], [19.9999,86.8136], [2.74946,80.1172], [24.5023,77.364], [-0.391814,71.6612], [19.1141,73.0975], [24.5023,77.364], [13.8973,67.9022], [30.37,63.9334], [15.8513,76.4633], [16.8458,90.5123], [30.7996,86.6533], [19.9999,86.8136], [31.9989,78.2796], [8.38329,86.3912], [30.7996,86.6533], [23.6108,85.3549], [30.7996,86.6533], [15.8513,76.4633], [39.7293,88.9417], [20.9353,98.6828], [26.1955,95.1933], [32.4343,89.631], [28.1174,87.2563], [32.4343,89.631], [46.5802,87.9493], [32.0786,72.0363], [31.9989,78.2796], [31.9989,78.2796], [46.5802,87.9493], [37.1032,75.9324], [40.0327,84.3121], [39.7293,88.9417], [43.6535,88.7059], [34.5824,98.7899], [28.1174,87.2563], [23.6108,85.3549], [20.9353,98.6828], [34.4095,94.11], [34.5824,98.7899], [30.7996,86.6533], [34.5824,98.7899], [34.5824,98.7899], [20.9353,98.6828], [30.7996,86.6533], [15.8513,76.4633], [34.4095,94.11], [14.0127,104.125], [9.36716,88.9799], [14.0127,104.125], [8.38329,86.3912], [13.5289,90.5269], [8.38329,86.3912], [13.5289,90.5269], [15.8513,76.4633], [9.36716,88.9799], [19.9999,86.8136], [-2.41801,83.4917], [2.74946,80.1172], [19.1141,73.0975], [20.9353,98.6828], [34.4095,94.11], [28.1174,87.2563], [28.1174,87.2563], [26.1955,95.1933], [28.1174,87.2563], [19.9999,86.8136], [19.9999,86.8136], [26.1955,95.1933], [15.8513,76.4633], [30.7996,86.6533], [19.9999,86.8136], [16.8458,90.5123], [16.8458,90.5123], [19.1141,73.0975], [15.8513,76.4633], [-2.41801,83.4917], [13.5289,90.5269], [10.0756,81.6371], [8.38329,86.3912], [17.1121,96.477], [0.479604,88.2854], [9.36716,88.9799], [16.8458,90.5123], [0.479604,88.2854], [9.36716,88.9799], [10.0756,81.6371], [10.0756,81.6371], [2.74946,80.1172], [2.74946,80.1172], [0.479604,88.2854], [0.479604,88.2854], [0.631469,93.8656], [13.5289,90.5269], [0.479604,88.2854], [8.38329,86.3912], [8.38329,86.3912], [9.36716,88.9799], [0.479604,88.2854], [8.38329,86.3912], [8.38329,86.3912], [7.59707,91.6847], [7.59707,91.6847], [8.38329,86.3912], [23.6108,85.3549], [2.74946,80.1172], [19.1141,73.0975], [-0.391814,71.6612], [0.479604,88.2854], [-0.391814,71.6612], [8.38329,86.3912], [4.2747,75.3904], [0.479604,88.2854], [2.74946,80.1172], [-0.391814,71.6612], [10.0756,81.6371], [5.46051,64.9291], [8.38329,86.3912], [-0.391814,71.6612], [-0.391814,71.6612], [8.38329,86.3912], [-2.41801,83.4917], [8.38329,86.3912], [0.614472,100.736], [7.59707,91.6847], [9.36716,88.9799], [0.631469,93.8656], [15.9194,93.016], [8.38329,86.3912], [13.5289,90.5269], [-0.391814,71.6612], 