{
  "instance_index": 0,
  "birth_iter": 8,
  "death_iter": 40,
  "survival_iters": 32,
  "censored": false,
  "pre_vnd_cost": 10875.6,
  "post_vnd_cost": 563.492,
  "pre_vnd_coords": [[80,20], [84.9305,16.5694], [84.1148,16.5367], [85.3025,16.5844], [82.1411,16.4579], [79.8801,16.3676], [63.3433,16.7772], [64.3343,16.333], [61.6,17.5593], [59.7767,18.3773], [68.9163,15.932], [65.5302,15.7969], [49.5851,22.9499], [47.3583,23.9485], [52.1734,35.374], [53.3284,21.2709], [63.7442,16.5976], [52.0285,21.8539], [64.9364,16.0631], [74.5768,27.6181], [54.4145,32.6869], [76.289,25.2131], [54.4145,32.6869], [74.8014,31.4835], [47.0098,41.5651], [47.4045,41.0918], [53.9268,33.2717], [50.7932,37.0289], [51.4384,36.2553], [54.105,32.3073], [47.7722,40.651], [54.4145,32.6869], [47.4987,40.9789], [49.6436,38.4072], [54.4145,32.6869], [52.7948,34.6289], [47.9592,40.4269], [52.6829,30.5629], [47.2943,41.224], [39.1883,45.1147], [39.4352,45.001], [30.8729,28.2773], [32.2216,48.3258], [30.9698,28.4842], [39.351,45.0398], [54.4145,32.6869], [47.5931,40.8658], [46.2137,42.5196], [54.2641,32.5023], [50.7857,22.4114], [48.4571,23.4558], [53.3053,31.3263], [47.6604,24.3971], [30.9698,28.4842], [54.7577,20.6297], [30.9051,28.3459], [30.8353,28.1967], [32.9765,15.4052], [33.3039,13.6621], [27.7842,13.9448], [47.3117,23.9694], [47.3429,23.9554], [32.8099,16.2921], [30.7612,28.0385], [30.6332,28.7325], [29.7173,29.4095], [47.3272,23.9624], [47.4399,24.1266], [31.1347,13.7733], [32.6409,17.192], [31.6217,22.6158], [32.2344,19.3549], [30.8327,28.5853], [47.3732,23.9419], [30.8006,28.1227], [47.3117,23.9694], [53.5748,31.657], [33.6884,47.6497], [48.0511,40.3166], [39.5077,44.9675], [39.6567,44.8989], [39.266,45.0789], [37.7854,45.7613], [24.4914,33.2722], [21.2853,45.6169], [36.452,46.3759], [34.099,47.4605], [27.9216,30.7371], [30.6982,28.6845], [9.19344,52.0829], [28.2949,50.0027], [27.8577,50.1141], [23.4186,50.7586], [22.4403,48.4007], [18.8513,62.6543], [15.9221,39.8046], [32.8819,48.0215], [22.009,47.3612], [22.8223,49.3214], [22.3188,48.1079], [16.3688,63.4268], [23.7781,51.6252], [13.8102,64.2229], [26.1011,72.3567], [16.3215,41.736], [15.7452,63.6208], [19.0641,62.5881], [8.87769,56.4935], [23.5004,50.9558], [9.2901,50.7332], [28.9403,49.8382], [9.02179,54.4798], [26.6934,50.4108], [9.49155,47.9192], [20.1247,64.3306], [17.0809,63.2052], [9.2064,51.9019], [23.1296,50.0622], [22.6325,48.864], [21.7181,46.66], [19.9228,44.5515], [9.86691,42.6728], [9.98292,41.0521], [22.7255,49.0882], [22.1655,47.7385], [17.4124,38.6416], [21.8614,47.0055], [15.5623,40.0853], [21.5729,46.31], [18.1912,38.0338], [39.5806,44.9339], [30.7643,28.6358], [17.4717,14.4728], [25.7409,32.3489], [30.937,28.4142], [28.9403,49.8382], [31.427,23.6525], [28.8237,30.0702], [30.8493,26.727], [26.3879,31.8708], [14.65,14.618], [31.0489,25.6647], [32.0317,20.4339], [23.7987,33.6572], [18.5532,29.8192], [11.6043,33.9292], [18.5532,29.8192], [11.6043,33.9292], [12.0708,28.2384], [27.8542,46.4596], [7.52597,38.9083], [8.42803,44.7863], [4.78068,44.7963], [4.78068,44.7963], [32.512,54.8127], [27.8542,46.4596], [8.42803,44.7863], [26.1492,56.8113], [29.1943,63.3455], [2.09056,55.1203], [29.1943,63.3455], [27.8542,46.4596], [29.1943,63.3455], [43.6741,64.4212], [34.2049,58.2187], [8.42803,44.7863], [34.2049,58.2187], [29.1943,63.3455], [32.512,54.8127], [32.512,54.8127], [32.512,54.8127], [29.1943,63.3455], [32.512,54.8127], [37.1852,47.5604], [32.512,54.8127], [43.3815,44.7386], [26.1492,56.8113], [34.2049,58.2187], [27.8542,46.4596], [32.512,54.8127], [30.8125,44.7257], [30.8125,44.7257], [43.3815,44.7386], [32.512,54.8127], [27.8542,46.4596], [27.8542,46.4596], [43.3815,44.7386], [43.3815,44.7386], [54.9383,60.7161], [56.5759,65.2738], [43.3815,44.7386], [47.3484,46.4165], [48.3497,55.5165], [58.9295,52.3602], [37.1852,47.5604], [48.3497,55.5165], [47.3484,46.4165], [70.9173,31.9593], [66.9977,43.4594], [47.3484,46.4165], [70.9173,31.9593], [76.7796,37.8001], [76.7796,37.8001], [75.9737,42.0588], [77.8698,55.115], [77.8698,55.115], [77.8698,55.115], [77.8698,55.115], [70.9173,31.9593], [67.2701,55.6567], [73.8634,56.4093], [75.9737,42.0588], [78.7662,56.9916], [77.8698,55.115], [75.9737,42.0588], [75.9737,42.0588], [77.8698,55.115], [75.9737,42.0588], [76.7796,37.8001], [70.9173,31.9593], [63.104,52.6994], [77.8698,55.115], [77.2089,66.1457], [77.8698,55.115], [77.8698,55.115], [78.7662,56.9916], [78.7662,56.9916], [37.2977,90.2978], [28.8656,91.0555], [30.1358,90.9539], [34.7769,90.5835], [21.7404,83.8666], [27.58,91.1582], [23.4461,91.4892], [30.7288,90.9065], [37.303,90.2683], [27.6665,72.945], [21.6364,83.956], [21.7403,83.8666], [37.2873,90.3551], [24.5509,72.0606], [27.8088,72.683], [20.9132,84.5775], [21.7404,83.8666], [25.7103,72.2821], [26.561,74.9809], [26.1246,75.7849], [25.856,76.2797], [11.015,72.2204], [17.9892,62.9226], [20.0951,85.2805], [10.7893,73.0715], [17.4945,91.9658], [25.2982,77.3075], [25.1886,72.1824], [29.5074,91.0041], [8.48305,81.7654], [24.3533,72.0228], [24.1952,79.3407], [23.7267,70.9772], [27.3646,73.5011], [25.4716,72.2365], [21.4152,84.1461], [18.9011,86.3063], [24.4167,72.035], [19.4246,63.0387], [24.7414,72.097], [25.2777,72.1994], [24.9498,72.1368], [21.496,84.0767], [23.032,69.6952], [17.4949,63.0764], [12.1916,67.7838], [25.5754,72.2563], [8.3552,63.7983], [11.9025,68.8741], [7.7486,72.2737], [11.4001,70.7684], [18.2151,62.8523], [13.4308,64.341], [9.24348,51.3843], [8.65389,59.6227], [17.2714,63.1459], [7.83831,71.0202], [8.12996,66.9443], [9.0488,54.1026], [7.92075,69.8683], [9.2314,51.5529], [7.54591,75.1059], [8.16374,66.4724], [8.39849,63.1932], [8.02341,68.4337], [9.10279,53.3486], [8.22361,65.6363], [7.61716,74.1106], [8.49854,61.7949], [7.38786,83.111], [8.35211,81.9262], [7.13823,80.803], [7.3831,77.38], [7.6242,82.8206], [7.88107,70.4227], [17.7274,63.0041], [11.5626,70.1555], [7.21672,79.7055], [8.55994,60.9366], [13.3943,91.0474], [7.48104,76.012], [8.44602,62.529], [13.0758,64.4514], [8.31809,64.3167], [13.3062,91.1265], [7.44875,76.463], [16.5971,63.3558], [11.4784,70.473], [11.3195,71.0722], [11.2462,71.3486], [8.28607,64.764], [8.54196,81.5432], [7.41592,76.9216], [25.9708,72.3318], [11.6387,69.8687], [11.8076,69.2318], [24.6723,72.0838], [9.07689,79.5263], [13.2183,91.2054], [8.87101,80.3026], [23.6584,80.3305], [8.48305,81.7654], [24.4858,72.0481], [26.8898,74.3754], [25.1051,72.1665], [10.169,75.4097], [19.3313,85.9367], [13.4794,90.971], [19.7146,85.6074], [12.4538,91.892], [10.8569,72.8165], [24.2865,72.0101], [15.3409,89.365], [22.0998,83.2041], [11.9567,92.3385], [12.2977,92.0322], [14.9615,89.691], [7.86158,82.5289], [9.47837,78.0127], [6.93843,83.5969], [17.9464,87.1265], [18.6315,91.8749], [25.0161,77.8274], [25.7774,91.3025], [18.4243,86.7159], [34.5212,68.5568], [34.5212,68.5568], [25.3818,59.4097], [23.9991,66.9749], [15.7154,65.9595], [34.5212,68.5568], [34.5212,68.5568], [32.512,54.8127], [29.1943,63.3455], [23.9991,66.9749], [29.1943,63.3455], [34.5212,68.5568], [23.9856,62.3322], [15.7453,64.9201], [23.9991,66.9749], [23.9856,62.3322], [25.3818,59.4097], [34.2049,58.2187], [34.5212,68.5568], [27.8542,46.4596], [25.3818,59.4097], [9.86094,64.5943], [27.8542,46.4596], [34.5212,68.5568], [32.512,54.8127], [23.9856,62.3322], [23.9991,66.9749], [29.1943,63.3455], [19.6027,62.2247], [7.56233,57.0869], [19.6027,62.2247], [23.9991,66.9749], [4.78068,44.7963], [15.7453,64.9201], [15.7154,65.9595], [15.7154,65.9595], [19.6027,62.2247], [9.86094,64.5943], [23.9991,66.9749], [15.7154,65.9595], [19.6027,62.2247], [9.86094,64.5943], [9.86094,64.5943], [7.56233,57.0869], [15.7154,65.9595], [7.52597,38.9083], [27.0408,31.3883], [18.5532,29.8192], [14.7141,38.3229], [18.5532,29.8192], [18.5532,29.8192], [18.5532,29.8192], [30.6837,27.8729], [30.8986,28.5368], [14.5353,20.0006], [14.5353,20.0006], [14.5353,20.0006], [14.5353,20.0006], [14.5353,20.0006], [14.5353,20.0006], [14.5353,20.0006], [19.6027,62.2247], [7.52597,38.9083], [11.6043,33.9292], 