{
  "instance_index": 0,
  "birth_iter": 10,
  "death_iter": 30,
  "survival_iters": 20,
  "censored": false,
  "pre_vnd_cost": 10716.3,
  "post_vnd_cost": 776.818,
  "pre_vnd_coords": [[80,20], [67.9451,41.9707], [57.4409,36.4145], [60.7244,18.1233], [60.7244,18.1233], [51.211,22.31], [73.2733,11.7003], [60.7244,18.1233], [63.0718,3.69188], [63.0718,3.69188], [65.1693,24.3145], [51.211,22.31], [57.1945,27.8548], [57.4409,36.4145], [57.1945,27.8548], [60.7244,18.1233], [65.1693,24.3145], [43.5808,19.9504], [57.1945,27.8548], [37.918,9.95575], [37.918,9.95575], [31.1832,16.0962], [31.1832,16.0962], [31.1832,16.0962], [37.827,29.6394], [37.918,9.95575], [16.8742,20.3172], [38.0106,23.804], [33.8865,19.1481], [31.1832,16.0962], [45.9499,25.7025], [27.2287,28.7801], [38.0106,23.804], [37.918,9.95575], [43.5808,19.9504], [27.6236,39.8266], [49.9155,38.0243], [51.211,22.31], [45.9499,25.7025], [29.3771,32.3375], [45.9499,25.7025], [49.9155,38.0243], [45.0724,33.72], [57.1945,27.8548], [38.0106,23.804], [43.5808,19.9504], [57.1945,27.8548], [57.4409,36.4145], [45.9499,25.7025], [57.1945,27.8548], [39.8297,39.2477], [39.8297,39.2477], [39.8297,39.2477], [55.1774,50.053], [47.3708,46.8522], [49.9155,38.0243], [45.0724,33.72], [57.1945,27.8548], [37.6361,37.7118], [57.4409,36.4145], [57.4409,36.4145], [47.0345,42.081], [57.1945,27.8548], [51.211,22.31], [55.1774,50.053], [57.4409,36.4145], [65.1693,24.3145], [72.3401,54.9444], [67.9451,41.9707], [61.2199,40.3203], [67.9451,41.9707], [57.4409,36.4145], [57.1945,27.8548], [57.4409,36.4145], [47.3708,46.8522], [38.305,50.0664], [57.4409,36.4145], [47.3708,46.8522], [37.6361,37.7118], [39.8297,39.2477], [38.305,50.0664], [49.9155,38.0243], [45.0724,33.72], [37.6361,37.7118], [42.1491,51.0006], [47.3708,46.8522], [39.3912,61.3945], [47.3332,54.8772], [38.305,50.0664], [39.8297,39.2477], [40.6735,58.763], [42.1491,51.0006], [47.3708,46.8522], [39.3912,61.3945], [47.3332,54.8772], [52.8892,46.0128], [24.987,55.0003], [39.3912,61.3945], [42.1491,51.0006], [39.3912,61.3945], [24.987,55.0003], [25.3816,50.5], [27.6236,39.8266], [24.987,55.0003], [38.305,50.0664], [38.305,50.0664], [47.3332,54.8772], [20.1137,54.5269], [24.987,55.0003], [27.6236,39.8266], [24.987,55.0003], [24.987,55.0003], [25.3816,50.5], [22.7271,42.3665], [38.305,50.0664], [27.6236,39.8266], [27.6236,39.8266], [25.3816,50.5], [22.7271,42.3665], [12.8008,44.6812], [25.3816,50.5], [20.1137,54.5269], [25.3816,50.5], [27.6236,39.8266], [22.7271,42.3665], [22.7271,42.3665], [12.921,56.6977], [38.305,50.0664], [38.305,50.0664], [12.921,56.6977], [12.8008,44.6812], [24.987,55.0003], [38.305,50.0664], [29.3771,32.3375], [38.305,50.0664], [38.305,50.0664], [25.3816,50.5], [29.3771,32.3375], [39.8297,39.2477], [27.6236,39.8266], [37.6361,37.7118], [40.6735,58.763], [45.0724,33.72], [45.0724,33.72], [39.8297,39.2477], [37.827,29.6394], [29.3771,32.3375], [29.3771,32.3375], [37.6361,37.7118], [45.0724,33.72], [27.6236,39.8266], [31.1832,16.0962], [22.9056,17.9556], [24.3357,23.6823], [29.3771,32.3375], [37.827,29.6394], [13.702,26.8935], [16.8742,20.3172], [24.3357,23.6823], [13.702,26.8935], [14.8224,13.4885], [33.8865,19.1481], [33.8865,19.1481], [33.8865,19.1481], [22.7271,42.3665], [29.3771,32.3375], [31.1832,16.0962], [37.918,9.95575], [24.3357,23.6823], [22.9056,17.9556], [14.8224,13.4885], [14.8224,13.4885], [16.8742,20.3172], [2.6132,22.0178], [2.6132,22.0178], [-1.37756,3.67573], [2.6132,22.0178], [14.8224,13.4885], [-1.37756,3.67573], [2.6132,22.0178], [14.8224,13.4885], [2.6132,22.0178], [-1.37756,3.67573], [-1.37756,3.67573], [-1.07199,23.7336], [3.22729,27.3098], [2.6132,22.0178], [2.6132,22.0178], [2.6132,22.0178], [14.8224,13.4885], [6.264,35.0601], [33.8865,19.1481], [27.2287,28.7801], [17.1182,28.1868], [16.8742,20.3172], [14.8224,13.4885], [12.8008,44.6812], [6.264,35.0601], [24.3357,23.6823], [27.2287,28.7801], [22.7271,42.3665], [17.1182,28.1868], [13.702,26.8935], [22.7271,42.3665], [13.702,26.8935], [13.702,26.8935], [17.1182,28.1868], [6.264,35.0601], [2.6132,22.0178], [17.1182,28.1868], [13.702,26.8935], [2.6132,22.0178], [-6.12534,33.3155], [6.264,35.0601], [15.0721,50.3347], [15.0721,50.3347], [-6.12534,33.3155], [17.1182,28.1868], [17.1182,28.1868], [2.6132,22.0178], [2.6132,22.0178], [-6.12534,33.3155], [2.6132,22.0178], [-1.07199,23.7336], [3.22729,27.3098], [6.264,35.0601], [-1.7929,51.7663], [-6.12534,33.3155], [6.57485,56.4548], [3.22729,27.3098], [6.264,35.0601], [12.8008,44.6812], [15.0721,50.3347], [7.34978,46.5566], [6.45967,50.5664], [6.45967,50.5664], [4.2205,55.6217], [14.7141,38.3229], [8.42803,44.7863], [8.42803,44.7863], [8.42803,44.7863], [8.42803,44.7863], [8.42803,44.7863], [8.42803,44.7863], [4.2205,55.6217], [17.3723,43.7892], [8.42803,44.7863], [8.42803,44.7863], [8.42803,44.7863], [8.42803,44.7863], [8.42803,44.7863], [17.3723,43.7892], [17.2731,39.9625], [14.7141,38.3229], [14.7141,38.3229], [61.775,58.622], [61.775,58.622], [62.3088,49.7525], [54.3703,49.1077], [53.0003,53.765], [56.3035,69.4217], [61.775,58.622], [59.6508,72.1694], [59.6508,72.1694], [59.6508,72.1694], [56.3035,69.4217], [56.3035,69.4217], [62.3088,49.7525], [56.3915,78.2301], [53.0003,53.765], [53.0003,53.765], [56.3915,78.2301], [43.3039,65.2791], [57.2489,72.9367], [56.3035,69.4217], [44.0484,68.0362], [56.3035,69.4217], [57.2489,72.9367], [56.3915,78.2301], [56.3035,69.4217], [56.3915,78.2301], [57.2489,72.9367], [59.6508,72.1694], [56.3915,78.2301], [56.3035,69.4217], [44.6272,82.4704], [44.0484,68.0362], [56.3915,78.2301], [53.0003,53.765], [56.3035,69.4217], [39.6207,78.776], [61.775,58.622], [44.0484,68.0362], [44.6272,82.4704], [49.2744,70.9561], [49.2744,70.9561], [43.3039,65.2791], [32.2545,68.8389], [39.6207,78.776], [44.6272,82.4704], [56.3915,78.2301], [56.3915,78.2301], [39.6207,78.776], [39.6207,78.776], [59.6508,72.1694], [44.6272,82.4704], [59.6508,72.1694], [44.6272,82.4704], [25.7423,72.8458], [44.0484,68.0362], [56.3915,78.2301], [47.1628,77.9528], [24.1742,91.9078], [33.3037,76.7162], [35.7212,90.1538], [49.2744,70.9561], [44.6272,82.4704], [22.2429,87.614], [39.6207,78.776], [44.6272,82.4704], [15.8272,74.731], [25.7423,72.8458], [33.3037,76.7162], [35.7212,90.1538], [39.6207,78.776], [35.7212,90.1538], [44.6272,82.4704], [41.0164,86.6214], [41.0164,86.6214], [35.7212,90.1538], [44.6272,82.4704], [34.771,73.2175], [35.7212,90.1538], [52.4095,93.3306], [41.0164,86.6214], [41.0164,86.6214], [56.3915,78.2301], [44.6272,82.4704], [52.4095,93.3306], [56.3915,78.2301], [44.6272,82.4704], [44.6272,82.4704], [39.6207,78.776], [56.3915,78.2301], [41.0164,86.6214], [56.3915,78.2301], [44.6272,82.4704], [56.3915,78.2301], [56.3915,78.2301], [57.2489,72.9367], [56.3915,78.2301], [59.6508,72.1694], [57.2489,72.9367], [60.8937,89.0503], [56.3915,78.2301], [57.2489,72.9367], [60.8937,89.0503], [62.9839,79.8572], [62.9839,79.8572], [61.775,58.622], [62.9839,79.8572], [59.6508,72.1694], [59.6508,72.1694], [64.999,83.8386], [62.9839,79.8572], [56.3035,69.4217], [47.1628,77.9528], [59.6508,72.1694], [57.2489,72.9367], [62.9839,79.8572], [57.2489,72.9367], [59.6508,72.1694], [52.064,58.1924], [52.064,58.1924], [55.1774,50.053], [52.064,58.1924], [52.064,58.1924], [45.3476,57.395], [55.1774,50.053], [55.1774,50.053], [55.1774,50.053], [57.4409,36.4145], [57.4409,36.4145], [47.3708,46.8522], [61.2199,40.3203], [55.1774,50.053], [52.8892,46.0128], [52.064,58.1924], [52.064,58.1924], [47.3332,54.8772], [52.064,58.1924], [40.6735,58.763], [45.3476,57.395], [47.3332,54.8772], [55.1774,50.053], [47.3332,54.8772], [25.9393,66.6103], [39.3912,61.3945], [40.6735,58.763], [47.3332,54.8772], [34.3869,73.4614], [38.305,50.0664], [40.6735,58.763], [52.064,58.1924], [39.3912,61.3945], [39.3912,61.3945], [34.3869,73.4614], [34.3869,73.4614], [39.3912,61.3945], [40.6735,58.763], [39.3912,61.3945], [47.3332,54.8772], [47.3332,54.8772], [52.064,58.1924], [47.3332,54.8772], [52.064,58.1924], [34.3869,73.4614], [34.3869,73.4614], [32.6163,68.3898], [34.3869,