{
  "instance_index": 0,
  "birth_iter": 63,
  "death_iter": 70,
  "survival_iters": 7,
  "censored": false,
  "pre_vnd_cost": 8279.15,
  "post_vnd_cost": 618.804,
  "pre_vnd_coords": [[80,20], [86.1716,17.5642], [85.4641,17.8067], [85.0379,17.9777], [85.8077,17.6687], [84.5388,18.1781], [86.1878,17.5161], [83.0236,26.8873], [79.4267,37.5404], [67.0231,44.9217], [79.1086,38.4827], [79.5712,37.1126], [78.5341,40.1842], [78.9605,38.9212], [62.849,45.0708], [72.2728,45.0268], [64.2618,44.3224], [79.2587,38.0382], [63.9213,44.5028], [78.6574,39.819], [63.5754,44.686], [78.8018,39.3913], [58.2891,47.4862], [59.6349,46.7733], [55.0838,53.4648], [68.1205,45.1845], [55.6195,55.1059], [62.0315,45.5038], [59.1984,47.0045], [63.201,44.8843], [60.8678,46.1202], [65.5603,44.5714], [77.0554,44.5637], [79.7015,36.7267], [68.1205,45.1845], [53.9524,27.382], [55.1829,26.1913], [64.3424,44.2797], [55.6195,55.1059], [62.4438,45.2854], [60.4626,46.3349], [68.1205,45.1845], [60.0392,46.5592], [53.8923,49.8152], [54.9325,53.0014], [54.6226,52.0521], [57.7805,47.7556], [55.6195,55.1059], [54.2975,51.0563], [61.6351,45.7138], [53.9964,49.7601], [54.4652,51.5702], [54.0077,50.1686], [55.2697,54.0342], [58.7218,47.257], [54.7842,52.5471], [55.6529,56.206], [52.4222,54.594], [49.0956,62.0729], [54.2485,57.534], [44.2192,53.1207], [54.2353,59.9781], [54.1452,61.0779], [53.9929,61.1079], [48.3233,61.7637], [54.0322,61.1002], [35.1931,76.4256], [38.209,78.0053], [48.0953,61.2864], [42.2006,79.5197], [28.3517,89.7522], [15.9493,89.4467], [10.4922,73.4861], [9.92767,73.7641], [8.25828,81.9804], [28.1918,89.4432], [16.1275,89.4692], [8.44693,83.7188], [14.8741,60.04], [10.2905,73.5854], [23.4771,59.2199], [20.4651,61.1146], [20.7633,60.9271], [25.0959,55.1906], [17.4776,60.5404], [25.235,55.6949], [10.9561,56.2463], [23.1177,59.4459], [19.0649,60.8455], [23.6237,49.8526], [25.3758,56.2052], [25.6645,57.252], [25.5242,56.7436], [24.9591,54.6947], [20.8448,44.8594], [22.6699,59.7277], [23.7194,50.1998], [20.2551,43.9252], [21.1374,45.3229], [23.9194,50.925], [24.5141,53.0811], [24.6655,53.63], [20.6525,44.5548], [24.1496,51.7596], [24.3738,52.5724], [23.3951,49.0238], [23.3343,48.8035], [24.8091,54.1508], [20.4619,44.2528], [22.67,47.751], [21.5953,60.4037], [24.035,51.3439], [24.2356,58.7427], [25.2027,58.1343], [24.2661,52.1818], [23.8395,58.9919], [23.8129,50.5387], [21.2824,45.5526], [20.9918,45.0923], [21.9742,46.6486], [54.1009,49.7048], [39.5786,23.0213], [53.8923,49.8152], [56.1524,48.6181], [57.3559,47.9806], [53.8923,49.8152], [53.8923,49.8152], [23.5076,49.4317], [54.7813,49.3443], [25.8036,57.7563], [12.0909,41.2118], [12.0922,40.5151], [12.0891,42.1109], [11.4224,39.9428], [11.3091,41.6793], [11.3298,41.3623], [11.3509,41.0383], [11.3987,40.3065], [10.6409,51.9197], [10.8057,49.3943], [11.2897,41.976], [11.2697,42.2836], [10.7551,50.1689], [11.0966,44.9361], [11.3753,40.6643], [10.6703,51.4689], [11.0306,45.9466], [10.9922,46.5352], [11.6811,35.9781], [11.4183,57.7265], [11.6727,58.5411], [11.5414,58.1205], [11.2297,42.8963], [10.8319,48.9915], [10.822,55.8168], [10.9566,47.0811], [11.0748,45.2696], [11.1198,44.5809], [11.1433,44.2193], [11.1677,43.8462], [11.4678,39.2475], [10.4933,54.1808], [11.21,43.1981], [10.7792,49.7997], [11.2486,42.6062], [10.6986,51.0347], [10.7264,50.6086], [10.5837,55.0535], [10.4619,54.6634], [11.8097,58.9796], [10.4619,54.6634], [10.4619,54.6634], [10.4619,54.6634], [10.4619,54.6634], [10.4792,54.3973], [10.5073,53.9675], [10.5212,53.7544], [10.5757,52.9186], [11.3066,57.3685], [11.1889,56.9918], [11.0686,56.6064], [10.4619,54.6634], [10.7028,55.435], [10.4619,54.6634], [10.4619,54.6634], [10.5343,53.5536], [10.4619,54.6634], [10.6061,52.452], [11.9662,59.4809], [7.49658,74.9616], [7.49658,74.9616], [10.4619,54.6634], [10.4619,54.6634], [10.4619,54.6634], [10.5465,53.3656], [10.4619,54.6634], [24.6124,58.5057], [21.3075,60.5847], [10.5635,73.451], [10.4186,73.5223], [11.4574,73.3961], [10.856,48.6224], [7.49658,74.9616], [10.51,73.4773], [8.64545,74.3957], [11.5861,73.3972], [10.108,73.6753], [10.5968,73.4345], [10.4745,73.4948], [21.0268,60.7613], [10.3616,73.5504], [10.4556,73.5041], [9.53346,73.9583], [10.6873,73.39], [22.1694,60.0425], [11.8559,73.3993], [11.0768,73.3931], [10.3449,73.5586], [43.1104,90.0055], [41.4013,90.0435], [41.4013,90.0435], [41.4013,90.0435], [41.4013,90.0435], [43.6458,89.9937], [43.8308,89.9896], [41.4013,90.0435], [36.0656,89.8156], [44.2788,89.9797], [27.0647,89.425], [28.2588,89.4822], [44.0186,89.9855], [41.4013,90.0435], [38.0078,89.8985], [41.4013,90.0435], [41.4013,90.0435], [41.4013,90.0435], [35.3417,89.7846], [41.4013,90.0435], [41.4012,90.0435], [40.4238,79.1657], [38.626,78.2238], [41.4013,90.0435], [42.1886,90.0259], [44.7403,89.9694], [28.1912,89.479], [41.4012,90.0435], [45.6385,89.9494], [51.0915,81.2911], [47.6907,89.9036], [41.4013,90.0435], [41.4013,90.0435], [41.4013,90.0435], [23.8764,89.2716], [41.4013,90.0435], [47.1077,89.9166], [28.2005,89.4795], [31.0919,89.6032], [37.3698,89.8712], [38.8339,78.3327], [54.3499,78.7837], [48.5249,62.1854], [54.517,76.0011], [50.722,89.8362], [40.0444,78.9669], [46.5349,80.3833], [42.9357,90.0093], [54.4142,89.7542], [44.9304,80.0636], [49.7024,81.0142], [56.4521,89.7091], [56.1815,89.7151], [51.3639,89.822], [50.3635,81.146], [55.6177,89.7276], [46.0687,89.9398], [41.4013,90.0435], [41.4013,90.0435], [48.2729,89.8905], [58.1062,89.6725], [52.7466,89.7912], [58.9621,89.6533], [54.9166,74.4242], [53.7429,89.7691], [54.5679,75.152], [41.4013,90.0435], [53.4129,89.7765], [48.7617,89.8796], [56.9781,89.6975], [45.1912,89.9593], [41.4012,90.0435], [50.1771,89.8482], [49.522,80.9782], [53.0786,89.7839], [57.2311,89.6919], [49.5653,89.8618], [50.6905,81.2112], [55.036,89.7405], [64.9311,89.5193], [66.5598,89.4828], [49.9056,89.8542], [71.8822,89.3632], [49.2208,89.8694], [64.1175,89.5375], [60.6681,89.615], [54.1622,81.9029], [63.2895,89.5561], [65.7197,89.5016], [55.912,89.721], [61.5499,89.5952], [51.7174,89.8141], [54.7402,89.747], [62.4332,89.5753], [79.5021,89.1917], [76.6032,89.2571], [52.0646,89.8064], [79.5021,89.1917], [79.5021,89.1917], [67.401,89.4639], [69.1555,89.4245], [79.5021,89.1917], [79.5021,89.1917], [65.6386,76.4568], [79.5021,89.1917], [71.3151,69.2117], [79.5021,89.1917], [85.9473,80.2244], [80.4026,87.9389], [79.5021,89.1917], [81.3321,86.6457], [79.5021,89.1917], [69.2503,71.8481], [69.9677,70.9321], [68.743,72.4958], [73.7094,89.3221], [75.5534,89.2807], [68.9924,72.1775], [69.5545,71.4597], [74.6073,89.302], [79.5021,89.1917], [79.5021,89.1917], [70.058,89.4042], [85.557,80.7677], [86.1684,79.9166], [72.8145,89.3422], [79.5021,89.1917], [82.707,84.7333], [85.258,81.184], [77.6118,89.2342], [85.4101,80.9722], [85.1065,81.3948], [82.4466,62.1483], [84.7226,81.9293], [84.0515,82.8631], [78.6137,89.2116], [84.9189,81.6561], [86.4654,79.5032], [70.8909,69.7534], [81.4592,61.7832], [83.1952,62.5854], [84.2714,63.2138], [81.6533,61.685], [83.9091,63.0022], [80.9448,62.0433], [80.7855,62.1239], [81.6533,61.685], [82.8312,62.3728], [81.5557,61.7344], [84.939,63.6036], [85.55,63.9604], [71.0332,69.5717], [83.5705,62.8045], [72.2215,68.0545], [63.7641,75.1655], [54.2582,55.7311], [54.242,58.7474], [74.2928,65.4102], [68.5519,43.8489], [67.8676,44.1327], [72.6518,67.5052], [81.3535,61.8366], [70.4366,70.3336], [81.2451,61.8914], [85.7388,80.5146], [62.6645,74.4558], [65.349,76.1884], [77.0904,63.9943], [81.6533,61.685], [68.5042,72.8009], [72.9933,67.0691], [55.7078,74.1682], [64.0444,75.3464], [54.4849,76.5363], [54.2295,61.0613], [54.7184,74.4883], [61.9393,73.9878], [64.6819,75.7579], [71.1736,69.3924], [81.1438,61.9427], [70.9614,89.3839], [54.4602,76.949], [54.2628,80.2303], [50.9721,81.2673], [59.8176,89.6341], [73.3503,66.6134], [65.5442,76.3693], [55.007,74.395], [71.7501,68.6563], [63.1871,74.7931], [65.0166,75.9739], [67.094,74.5998], [49.8751,81.0486], [50.0514,81.0838], [55.3277,89.734], [65.4503,76.2822], [54.6055,74.5248], [58.4653,