{
  "instance_index": 0,
  "birth_iter": 15,
  "death_iter": 20,
  "survival_iters": 5,
  "censored": false,
  "pre_vnd_cost": 11463.1,
  "post_vnd_cost": 600.915,
  "pre_vnd_coords": [[80,20], [101.621,15.9738], [75.4353,15.2258], [73.1639,11.4994], [75.4353,15.2258], [73.1639,11.4994], [61.6753,21.2499], [61.9276,11.5572], [61.6753,21.2499], [61.6753,21.2499], [61.9276,11.5572], [75.4353,15.2258], [61.6753,21.2499], [48.7469,29.715], [61.6753,21.2499], [61.6753,21.2499], [48.7469,29.715], [48.7469,29.715], [54.4057,11.379], [48.7469,29.715], [48.7469,29.715], [42.724,26.3475], [49.5349,7.53808], [49.5349,7.53808], [37.8775,7.15205], [29.1581,9.53276], [37.8775,7.15205], [27.7247,23.788], [35.7372,18.1313], [27.7247,23.788], [17.7674,25.1605], [35.7372,18.1313], [42.724,26.3475], [35.7372,18.1313], [35.7372,18.1313], [17.1054,36.2178], [35.7372,18.1313], [24.3569,37.5031], [27.7247,23.788], [27.7247,23.788], [27.7247,23.788], [17.1054,36.2178], [14.0711,28.1493], [17.7674,25.1605], [17.7674,25.1605], [-2.91069,13.4831], [24.3569,37.5031], [17.7674,25.1605], [4.97411,15.3753], [14.0711,28.1493], [17.7674,25.1605], [12.65,16.2704], [4.97411,15.3753], [35.7372,18.1313], [27.7247,23.788], [27.7247,23.788], [29.1581,9.53276], [49.5349,7.53808], [29.1581,9.53276], [12.65,16.2704], [29.1581,9.53276], [12.65,16.2704], [12.65,16.2704], [-2.91069,13.4831], [12.65,16.2704], [4.97411,15.3753], [12.65,16.2704], [-2.91069,13.4831], [-2.91069,13.4831], [1.37675,21.9675], [4.97411,15.3753], [4.7844,32.8785], [1.37675,21.9675], [12.65,16.2704], [1.37675,21.9675], [4.97411,15.3753], [-2.91069,13.4831], [1.37675,21.9675], [4.7844,32.8785], [1.37675,21.9675], [1.37675,21.9675], [1.37675,21.9675], [10.722,34.7772], [12.65,16.2704], [1.37675,21.9675], [17.1054,36.2178], [17.7674,25.1605], [4.7844,32.8785], [17.3723,43.7892], [10.722,34.7772], [27.6447,42.635], [37.0842,25.4111], [24.3569,37.5031], [17.1054,36.2178], [37.0378,35.1744], [30.1584,30.9427], [27.7247,23.788], [17.7674,25.1605], [35.7372,18.1313], [24.3569,37.5031], [27.7247,23.788], [27.7247,23.788], [35.7372,18.1313], [30.1584,30.9427], [14.0711,28.1493], [37.0874,31.4994], [48.7469,29.715], [35.7372,18.1313], [42.724,26.3475], [48.7469,29.715], [35.7372,18.1313], [35.7372,18.1313], [48.7469,29.715], [37.0842,25.4111], [37.0842,25.4111], [48.7469,29.715], [37.0378,35.1744], [48.7469,29.715], [37.0842,25.4111], [37.0378,35.1744], [37.0874,31.4994], [17.3723,43.7892], [27.6447,42.635], [9.76235,57.883], [37.0874,31.4994], [11.4674,45.2844], [20.6069,37.6428], [27.6447,42.635], [27.6447,42.635], [24.3569,37.5031], [17.3723,43.7892], [20.6069,37.6428], [27.6447,42.635], [27.6447,42.635], [24.3569,37.5031], [37.0378,35.1744], [37.0378,35.1744], [37.0378,35.1744], [37.0874,31.4994], [27.6447,42.635], [24.3569,37.5031], [20.6069,37.6428], [24.3569,37.5031], [17.3723,43.7892], [27.6447,42.635], [11.4674,45.2844], [27.6447,42.635], [27.6447,42.635], [8.65717,37.8447], [11.4674,45.2844], [11.4674,45.2844], [10.2509,47.7431], [27.6447,42.635], [17.3723,43.7892], [19.8284,56.1611], [4.91751,46.615], [17.3723,43.7892], [11.4674,45.2844], [17.3723,43.7892], [11.4674,45.2844], [11.4674,45.2844], [17.3723,43.7892], [4.7844,32.8785], [10.722,34.7772], [24.3569,37.5031], [1.37675,21.9675], [4.7844,32.8785], [4.7844,32.8785], [10.2509,47.7431], [4.41338,42.0462], [10.2509,47.7431], [17.3723,43.7892], [4.2205,55.6217], [19.7689,46.2151], [11.4674,45.2844], [4.91751,46.615], [4.91751,46.615], [4.2205,55.6217], [11.4674,45.2844], [8.65717,37.8447], [4.2205,55.6217], [19.7689,46.2151], [10.2509,47.7431], [5.92438,57.8434], [10.2509,47.7431], [10.722,34.7772], [11.4674,45.2844], [8.65717,37.8447], [4.41338,42.0462], [4.41338,42.0462], [4.91751,46.615], [4.41338,42.0462], [4.41338,42.0462], [11.4674,45.2844], [4.7844,32.8785], [4.41338,42.0462], [4.41338,42.0462], [4.41338,42.0462], [10.2509,47.7431], [10.2509,47.7431], [6.21057,70.1172], [6.21057,70.1172], [6.21057,70.1172], [5.92438,57.8434], [6.21057,70.1172], [6.21057,70.1172], [5.92438,57.8434], [6.21057,70.1172], [7.64835,66.3775], [7.64835,66.3775], [1.64259,77.5213], [9.76235,57.883], [7.64835,66.3775], [6.21057,70.1172], [6.21057,70.1172], [7.64835,66.3775], [15.0463,66.927], [6.21057,70.1172], [7.64835,66.3775], [6.21057,70.1172], [19.4825,81.3846], [6.21057,70.1172], [15.0463,66.927], [1.1787,92.6107], [7.39415,86.796], [21.151,67.0988], [-4.84891,85.152], [4.96445,84.1947], [15.0463,66.927], [20.2061,86.1281], [20.373,66.8282], [7.5275,78.6658], [7.5275,78.6658], [17.5635,73.4192], [6.46241,83.0878], [17.5635,73.4192], [8.84804,69.5129], [17.5635,73.4192], [17.5635,73.4192], [17.5635,73.4192], [6.21057,70.1172], [7.5275,78.6658], [6.21057,70.1172], [7.27653,91.7651], [6.21057,70.1172], [4.96445,84.1947], [8.84804,69.5129], [7.5275,78.6658], [7.64835,66.3775], [6.21057,70.1172], [1.64259,77.5213], [6.21057,70.1172], [1.1787,92.6107], [1.64259,77.5213], [5.41408,84.8892], [5.41408,84.8892], [5.41408,84.8892], [13.8733,86.0556], [0.341068,82.6483], [13.8733,86.0556], [52.2164,28.3785], [31.726,46.055], [54.6617,36.2083], [41.7635,44.1964], [25.3055,35.5988], [45.946,45.6265], [34.7668,42.9489], [43.0703,37.6227], [45.946,45.6265], [45.946,45.6265], [45.946,45.6265], [47.6997,33.1884], [47.5218,23.3936], [51.3053,48.7446], [64.1985,35.6024], [64.1985,35.6024], [54.6617,36.2083], [52.2164,28.3785], [62.4916,25.5088], [75.2646,48.0828], [75.2646,48.0828], [79.6266,43.1991], [79.6266,43.1991], [79.3799,51.4848], [93.7004,33.1279], [79.3799,51.4848], [79.6266,43.1991], [75.2646,48.0828], [75.2646,48.0828], [79.6266,43.1991], [61.0337,55.6627], [63.2829,50.9855], [75.2646,48.0828], [79.3799,51.4848], [71.1653,58.8598], [71.1653,58.8598], [79.6266,43.1991], [68.4832,64.1793], [61.0337,55.6627], [75.2646,48.0828], [63.0858,46.7329], [63.0858,46.7329], [61.0337,55.6627], [64.1985,35.6024], [79.6266,43.1991], [61.6648,42.3196], [63.0858,46.7329], [63.0858,46.7329], [54.6617,36.2083], [64.1985,35.6024], [64.1985,35.6024], [61.6648,42.3196], [45.946,45.6265], [75.2646,48.0828], [54.6617,36.2083], [61.0337,55.6627], [60.1674,61.9638], [43.0703,37.6227], [63.2829,50.9855], [61.0337,55.6627], [55.5805,59.6386], [55.5805,59.6386], [55.5805,59.6386], [61.0337,55.6627], [43.7045,61.0315], [49.3271,65.3496], [63.2829,50.9855], [51.3053,48.7446], [61.7795,65.6991], [62.0907,70.4266], [60.1674,61.9638], [52.8527,73.8046], [61.7795,65.6991], [55.5805,59.6386], [44.2623,68.3528], [44.2623,68.3528], [33.2196,51.3895], [52.8527,73.8046], [44.2623,68.3528], [42.0086,55.9744], [49.3271,65.3496], [49.3271,65.3496], [41.2893,45.4387], [44.2623,68.3528], [42.0086,55.9744], [60.1674,61.9638], [55.5805,59.6386], [62.0907,70.4266], [49.3271,65.3496], [61.6648,42.3196], [35.6135,55.1633], [51.3053,48.7446], [51.3053,48.7446], [45.946,45.6265], [61.0337,55.6627], [71.1653,58.8598], [54.6617,36.2083], [54.6617,36.2083], [63.0858,46.7329], [45.946,45.6265], [47.6997,33.1884], [45.946,45.6265], [43.0703,37.6227], [55.5805,59.6386], [55.5805,59.6386], [41.7635,44.1964], [43.0703,37.6227], [55.5805,59.6386], [43.0703,37.6227], [41.0668,51.0497], [41.7635,44.1964], [45.946,45.6265], [41.0668,51.0497], [36.6504,57.9457], [35.6135,55.1633], [51.3053,48.7446], [36.6504,57.9457], [31.726,46.055], [35.6135,55.1633], [42.0086,55.9744], [34.7668,42.9489], [36.6504,57.9457], [30.9466,57.9935], [32.9571,66.3271], [48.095,63.3484], [46.2556,74.3195], [35.6135,55.1633], [32.9571,66.3271], [51.3053,48.7446], [36.6504,57.9457], [31.726,46.055], [43.7045,61.0315], [35.6135,55.1633], [43.7045,61.0315], [41.2893,45.4387], [30.9466,57.9935], [43.7045,61.0315], [43.0703,37.6227], [34.7668,42.9489], [33.2196,51.3895], [25.3055,35.5988], [33.2196,51.3895], [42.0086,55.9744], [14.6735,60.5041], [41.7635,44.1964], [34.7668,42.9489], [25.9229,41.1281], [31.726,46.055], [25.9229,41.1281], [30.9466,57.9935], [36.6504,57.9457], [29.4852,63.6373], [23.3647,59.3824], [33.2196,51.3895], [25.9229,41.1281], [21.7922,65.0676], [15.9115,