{
  "instance_index": 0,
  "birth_iter": 40,
  "death_iter": 40,
  "survival_iters": 0,
  "censored": false,
  "pre_vnd_cost": 11241.7,
  "post_vnd_cost": 863.181,
  "pre_vnd_coords": [[80,20], [82.578,6.49874], [82.578,6.49874], [64.1057,22.0701], [61.5612,14.0281], [62.0525,80.6214], [49.1371,106.706], [45.7579,93.9964], [40.1274,91.826], [45.7579,93.9964], [45.7579,93.9964], [45.7579,93.9964], [39.1629,97.6945], [41.7148,88.9084], [41.365,85.5449], [41.7148,88.9084], [41.7148,88.9084], [62.0525,80.6214], [50.6127,80.4581], [52.6767,86.2795], [50.6127,80.4581], [62.0525,80.6214], [62.0525,80.6214], [52.0771,75.8974], [46.9021,83.0714], [52.6767,86.2795], [62.1092,83.2133], [50.6127,80.4581], [62.0525,80.6214], [50.6127,80.4581], [54.7501,90.8057], [39.1629,97.6945], [52.6767,86.2795], [54.7501,90.8057], [54.7501,90.8057], [41.7148,88.9084], [54.7501,90.8057], [52.6767,86.2795], [54.7501,90.8057], [54.7501,90.8057], [41.7148,88.9084], [54.7501,90.8057], [45.7579,93.9964], [39.1629,97.6945], [41.3446,77.2951], [62.1092,83.2133], [41.7148,88.9084], [52.6767,86.2795], [50.6127,80.4581], [45.5789,82.8574], [44.4691,68.6257], [52.6767,86.2795], [54.7501,90.8057], [41.7148,88.9084], [52.6767,86.2795], [41.365,85.5449], [45.7579,93.9964], [54.7501,90.8057], [44.4691,68.6257], [50.6127,80.4581], [39.8158,71.7096], [39.8158,71.7096], [52.0771,75.8974], [34.2349,83.7065], [52.0771,75.8974], [41.3446,77.2951], [41.7148,88.9084], [39.8158,71.7096], [41.3446,77.2951], [41.3446,77.2951], [39.8158,71.7096], [35.2185,77.5709], [41.3446,77.2951], [36.1055,65.5629], [39.8158,71.7096], [45.5789,82.8574], [52.0771,75.8974], [45.5789,82.8574], [54.7501,90.8057], [62.0525,80.6214], [62.1092,83.2133], [52.0771,75.8974], [54.7501,90.8057], [52.6767,86.2795], [36.1055,65.5629], [44.4691,68.6257], [36.9952,58.0114], [36.9952,58.0114], [35.0762,49.3412], [40.8669,68.6814], [49.3024,68.7534], [41.3446,77.2951], [49.3024,68.7534], [27.3737,59.1196], [44.4691,68.6257], [39.8158,71.7096], [44.4691,68.6257], [41.3446,77.2951], [33.4945,69.2998], [55.7928,74.7412], [49.3024,68.7534], [41.7148,88.9084], [52.0771,75.8974], [50.6127,80.4581], [52.0771,75.8974], [44.4691,68.6257], [45.5789,82.8574], [49.3024,68.7534], [31.4357,76.5818], [40.8669,68.6814], [35.2185,77.5709], [32.7761,63.8229], [35.2185,77.5709], [41.7148,88.9084], [25.0024,78.8729], [25.0024,78.8729], [39.8158,71.7096], [27.2974,65.8512], [25.4262,70.8577], [35.2185,77.5709], [36.1055,65.5629], [25.0024,78.8729], [33.4945,69.2998], [33.4945,69.2998], [25.0024,78.8729], [25.0024,78.8729], [25.4262,70.8577], [27.0204,81.8721], [20.2956,86.5363], [19.0058,82.3391], [41.365,85.5449], [27.0204,81.8721], [33.4945,69.2998], [41.365,85.5449], [41.3446,77.2951], [35.2185,77.5709], [52.0771,75.8974], [41.365,85.5449], [27.0204,81.8721], [41.365,85.5449], [40.1274,91.826], [41.7148,88.9084], [41.365,85.5449], [22.8293,94.0555], [30.3898,98.6831], [22.8293,94.0555], [34.2349,83.7065], [41.3446,77.2951], [41.365,85.5449], [41.7148,88.9084], [46.9021,83.0714], [55.7928,74.7412], [31.4357,76.5818], [20.2956,86.5363], [36.962,94.6732], [27.0204,81.8721], [36.5672,89.3365], [45.5789,82.8574], [27.0204,81.8721], [36.5672,89.3365], [30.3898,98.6831], [19.0058,82.3391], [27.0204,81.8721], [25.0024,78.8729], [36.5672,89.3365], [22.8293,94.0555], [30.3898,98.6831], [22.8293,94.0555], [27.0204,81.8721], [22.8293,94.0555], [36.962,94.6732], [41.365,85.5449], [38.8374,94.0847], [45.1195,94.6862], [38.8374,94.0847], [45.1195,94.6862], [45.1195,94.6862], [35.6391,98.8349], [28.19,26.8448], [33.1752,43.2392], [15.268,39.9802], [15.268,39.9802], [15.268,39.9802], [21.1719,24.0112], [28.19,26.8448], [21.1719,24.0112], [21.1719,24.0112], [28.19,26.8448], [12.1199,46.0148], [13.8397,34.929], [33.98,30.4572], [11.4297,31.2873], [4.50577,20.8756], [15.0257,18.0833], [5.35611,7.57538], [11.4297,31.2873], [5.89952,31.7037], [5.89952,31.7037], [4.50577,20.8756], [5.89952,31.7037], [14.8419,23.2853], [13.8397,34.929], [13.8397,34.929], [3.41578,36.253], [5.35611,7.57538], [5.89952,31.7037], [3.41578,36.253], [5.89952,31.7037], [24.4995,43.8826], [5.89952,31.7037], [12.1199,46.0148], [13.8397,34.929], [12.1199,46.0148], [8.22125,37.5085], [8.22125,37.5085], [13.8397,34.929], [2.09071,46.9764], [13.5706,53.6619], [6.89151,50.4166], [13.5706,53.6619], [24.4995,43.8826], [18.8193,47.6379], [6.89151,50.4166], [8.22125,37.5085], [18.8193,47.6379], [12.1199,46.0148], [2.90384,56.4253], [13.5706,53.6619], [18.8193,47.6379], [6.89151,50.4166], [13.5706,53.6619], [6.89151,50.4166], [13.5706,53.6619], [2.90384,56.4253], [18.8193,47.6379], [17.4447,71.3139], [13.5706,53.6619], [15.4796,68.0235], [10.8809,61.2878], [12.1655,55.8047], [18.8193,47.6379], [4.09526,62.4536], [18.8193,47.6379], [2.90384,56.4253], [19.2721,62.2742], [19.2721,62.2742], [6.89151,50.4166], [21.3161,68.8734], [4.09526,62.4536], [4.09526,62.4536], [4.09526,62.4536], [4.09526,62.4536], [10.8809,61.2878], [1.76324,72.1054], [13.6542,56.7842], [-3.55549,64.6593], [6.04547,68.1649], [6.01861,77.7578], [-3.55549,64.6593], [1.76324,72.1054], [4.09526,62.4536], [17.4447,71.3139], [-3.55549,64.6593], [2.90384,56.4253], [-3.55549,64.6593], [6.89151,50.4166], [4.09526,62.4536], [10.8809,61.2878], [13.5706,53.6619], [2.09071,46.9764], [2.09071,46.9764], [6.89151,50.4166], [2.09071,46.9764], [13.5706,53.6619], [12.1199,46.0148], [8.22125,37.5085], [8.22125,37.5085], [8.22125,37.5085], [2.09071,46.9764], [8.22125,37.5085], [8.22125,37.5085], [5.89952,31.7037], [11.4297,31.2873], [4.50577,20.8756], [5.89952,31.7037], [4.50577,20.8756], [4.50577,20.8756], [11.8521,4.69625], [5.35611,7.57538], [14.8419,23.2853], [14.8419,23.2853], [5.35611,7.57538], [4.50577,20.8756], [4.50577,20.8756], [5.35611,7.57538], [11.8521,4.69625], [5.35611,7.57538], [22.4168,11.8804], [22.4168,11.8804], [14.8419,23.2853], [28.19,26.8448], [28.19,26.8448], [30.7066,8.69965], [22.4168,11.8804], [15.0257,18.0833], [22.4168,11.8804], [28.19,26.8448], [30.7066,8.69965], [21.1719,24.0112], [14.8419,23.2853], [21.1719,24.0112], [28.19,26.8448], [22.4168,11.8804], [28.19,26.8448], [37.5925,19.2573], [28.19,26.8448], [44.4057,17.9051], [28.19,26.8448], [30.7066,8.69965], [30.7066,8.69965], [37.5925,19.2573], [30.7066,8.69965], [44.4057,17.9051], [49.8626,24.3083], [50.4705,33.2112], [49.8626,24.3083], [44.4057,17.9051], [33.98,30.4572], [37.0397,28.9218], [38.6862,38.9162], [37.5925,19.2573], [44.4057,17.9051], [44.4057,17.9051], [37.5925,19.2573], [33.98,30.4572], [33.98,30.4572], [41.9853,37.0709], [32.1611,38.0284], [37.5925,19.2573], [28.19,26.8448], [33.0947,42.3123], [50.4705,33.2112], [28.19,26.8448], [33.98,30.4572], [38.6862,38.9162], [33.4157,46.2458], [37.6898,48.0272], [33.4157,46.2458], [41.9853,37.0709], [46.2228,44.1305], [50.4705,33.2112], [41.9853,37.0709], [40.6013,46.3296], [50.6278,41.9682], [38.6862,38.9162], [38.6862,38.9162], [38.6862,38.9162], [50.6278,41.9682], [37.6898,48.0272], [42.1203,54.7559], [63.1285,51.2422], [37.6898,48.0272], [63.1285,51.2422], [49.7393,54.9348], [28.1691,52.6866], [37.6898,48.0272], [40.6013,46.3296], [47.6949,46.3697], [33.0947,42.3123], [33.4157,46.2458], [49.7393,54.9348], [40.6013,46.3296], [37.6898,48.0272], [37.6898,48.0272], [37.0192,55.445], [41.5785,59.595], [42.1203,54.7559], [41.5785,59.595], [43.4506,63.5688], [56.2569,52.3416], [49.7393,54.9348], [43.4506,63.5688], [51.7299,69.1083], [43.4506,63.5688], [56.2569,52.3416], [52.1552,66.076], [49.7393,54.9348], [43.4506,63.5688], [51.222,82.5644], [49.0621,72.4113], [52.1552,66.076], [57.167,63.8642], [71.1102,67.7929], [52.1552,66.076], [45.8711,66.7365], [57.167,63.8642], [49.7393,54.9348], [60.5192,56.401], [57.167,63.8642], [49.7393,54.9348], [49.7393,54.9348], [60.5192,56.401], [37.0192,55.445], [43.4506,63.5688], [49.7393,54.9348], [52.1552,66.076], [63.1285,51.2422], [37.6898,48.0272], [50.6278,41.9682], [47.6949,46.3697], [65.5142,58.6919], [56.2569,52.3416], [71.7856,55.2755], [55.7847,38.498], [55.7847,38.498], [55.5823,