{
  "instance_index": 0,
  "birth_iter": 77,
  "death_iter": 80,
  "survival_iters": 3,
  "censored": false,
  "pre_vnd_cost": 9892.5,
  "post_vnd_cost": 541.763,
  "pre_vnd_coords": [[80,20], [66.9855,15.4192], [59.1299,21.8466], [85.024,16.2456], [59.1299,21.8466], [59.1299,21.8466], [66.9855,15.4192], [59.1299,21.8466], [59.1299,21.8466], [50.9393,33.5073], [59.1299,21.8466], [50.9393,33.5073], [59.1299,21.8466], [59.1299,21.8466], [50.9393,33.5073], [32.4653,18.5193], [59.1299,21.8466], [50.9393,33.5073], [50.9393,33.5073], [39.9156,54.5656], [41.13,23.8779], [41.13,23.8779], [50.9393,33.5073], [50.9393,33.5073], [50.9393,33.5073], [50.9393,33.5073], [32.4653,18.5193], [32.4653,18.5193], [50.9393,33.5073], [50.9393,33.5073], [50.9393,33.5073], [41.13,23.8779], [30.5573,18.7964], [32.4653,18.5193], [38.4479,17.12], [38.4479,17.12], [30.5573,18.7964], [30.5573,18.7964], [30.5573,18.7964], [32.4653,18.5193], [32.4653,18.5193], [32.4653,18.5193], [32.4653,18.5193], [20.3251,18.2269], [41.13,23.8779], [22.0177,21.0178], [20.3251,18.2269], [32.4653,18.5193], [22.0177,21.0178], [32.4653,18.5193], [12.397,19.1031], [22.0177,21.0178], [20.3251,18.2269], [22.0177,21.0178], [30.5573,18.7964], [20.3251,18.2269], [12.3785,16.6322], [12.3785,16.6322], [12.6337,15.0958], [12.6337,15.0958], [12.397,19.1031], [12.397,19.1031], [12.3785,16.6322], [12.6337,15.0958], [12.6337,15.0958], [12.397,19.1031], [12.397,19.1031], [11.4282,34.2439], [12.6337,15.0958], [12.6337,15.0958], [12.3785,16.6322], [7.87708,27.788], [12.6337,15.0958], [12.3785,16.6322], [12.0866,33.3713], [12.3785,16.6322], [11.4282,34.2439], [12.0866,33.3713], [12.0866,33.3713], [12.6337,15.0958], [11.4282,34.2439], [12.0368,35.6741], [12.0368,35.6741], [7.87708,27.788], [22.0177,21.0178], [11.9054,41.735], [20.3251,18.2269], [20.3251,18.2269], [12.6337,15.0958], [12.2212,33.8815], [20.3251,18.2269], [22.0177,21.0178], [20.3251,18.2269], [22.0177,21.0178], [22.0177,21.0178], [7.87708,27.788], [22.0177,21.0178], [12.2212,33.8815], [22.0177,21.0178], [22.0177,21.0178], [22.0177,21.0178], [22.0177,21.0178], [12.0866,33.3713], [12.2212,33.8815], [11.604,47.1269], [11.4282,34.2439], [10.722,34.7772], [5.04556,40.1691], [8.42803,44.7863], [11.4674,45.2844], [8.42803,44.7863], [8.42803,44.7863], [8.42803,44.7863], [8.42803,44.7863], [8.42803,44.7863], [8.42803,44.7863], [12.4801,52.1397], [8.42803,44.7863], [8.42803,44.7863], [5.04556,40.1691], [8.42803,44.7863], [8.42803,44.7863], [8.42803,44.7863], [12.4801,52.1397], [12.4801,52.1397], [5.04556,40.1691], [10.722,34.7772], [10.722,34.7772], [8.42803,44.7863], [8.42803,44.7863], [12.4801,52.1397], [8.42803,44.7863], [77.5355,51.5232], [77.6157,53.0771], [77.5355,51.5232], [77.6157,53.0771], [77.5355,51.5232], [77.6157,53.0771], [77.6157,53.0771], [77.5355,51.5232], [67.1676,91.3362], [78.4152,90.0483], [78.1617,83.7299], [78.1617,83.7299], [78.4152,90.0483], [78.4152,90.0483], [42.7011,86.8963], [40.6506,86.9248], [44.8004,82.6954], [44.8004,82.6954], [40.6506,86.9248], [44.8004,82.6954], [41.6912,88.9173], [40.6506,86.9248], [40.6506,86.9248], [41.6912,88.9173], [31.3865,87.5403], [40.7853,88.6708], [26.1748,90.1637], [40.7853,88.6708], [40.7853,88.6708], [31.3865,87.5403], [26.1748,90.1637], [40.6506,86.9248], [40.7853,88.6708], [26.1748,90.1637], [31.3865,87.5403], [35.8415,79.9186], [31.3865,87.5403], [26.1748,90.1637], [31.3865,87.5403], [26.1748,90.1637], [41.6912,88.9173], [40.7853,88.6708], [40.6506,86.9248], [26.1748,90.1637], [26.1748,90.1637], [26.1748,90.1637], [26.1748,90.1637], [26.1748,90.1637], [26.1748,90.1637], [26.1748,90.1637], [26.1748,90.1637], [26.1748,90.1637], [26.1748,90.1637], [26.7417,88.6894], [31.3865,87.5403], [41.6912,88.9173], [41.6912,88.9173], [26.1748,90.1637], [41.6912,88.9173], [40.7853,88.6708], [31.3865,87.5403], [26.1748,90.1637], [40.6506,86.9248], [44.8004,82.6954], [42.8003,67.5015], [35.8415,79.9186], [35.8415,79.9186], [40.6506,86.9248], [40.6506,86.9248], [42.8003,67.5015], [35.8415,79.9186], [26.1748,90.1637], [35.8415,79.9186], [42.8003,67.5015], [35.8415,79.9186], [44.8004,82.6954], [31.3865,87.5403], [35.8415,79.9186], [42.8003,67.5015], [31.3865,87.5403], [32.4111,66.507], [35.8415,79.9186], [40.6506,86.9248], [40.6506,86.9248], [35.8415,79.9186], [35.8415,79.9186], [35.8415,79.9186], [40.6506,86.9248], [31.3865,87.5403], [35.8415,79.9186], [35.8415,79.9186], [40.6506,86.9248], [42.8003,67.5015], [40.6506,86.9248], [33.8216,77.5213], [33.8216,77.5213], [33.8216,77.5213], [33.8216,77.5213], [33.8216,77.5213], [23.3622,81.1464], [33.8216,77.5213], [23.3622,81.1464], [23.3622,81.1464], [25.4768,93.2872], [23.3622,81.1464], [23.3622,81.1464], [13.6287,92.6513], [25.4768,93.2872], [23.3622,81.1464], [25.4768,93.2872], [23.3622,81.1464], [18.248,93.4363], [23.3622,81.1464], [25.4768,93.2872], [25.4768,93.2872], [25.4768,93.2872], [23.3622,81.1464], [25.4768,93.2872], [25.4768,93.2872], [13.7988,92.5575], [13.6287,92.6513], [25.4768,93.2872], [25.4768,93.2872], [25.4768,93.2872], [25.4768,93.2872], [18.248,93.4363], [25.4768,93.2872], [25.4768,93.2872], [25.4768,93.2872], [25.4768,93.2872], [25.4768,93.2872], [13.6287,92.6513], [23.3622,81.1464], [25.4768,93.2872], [23.3622,81.1464], [9.85244,86.7833], [44.8004,82.6954], [23.5632,58.0248], [23.5632,58.0248], [21.151,67.0988], [21.151,67.0988], [23.5632,58.0248], [22.699,72.113], [23.3622,81.1464], [6.57787,78.3833], [15.431,62.7898], [15.431,62.7898], [15.0463,66.927], [6.57787,78.3833], [22.699,72.113], [6.23325,73.3239], [8.07928,64.0213], [15.0463,66.927], [15.431,62.7898], [14.8125,71.5787], [7.34589,59.6485], [15.431,62.7898], [22.699,72.113], [23.3622,81.1464], [22.699,72.113], [8.21193,73.3267], [8.21193,73.3267], [8.21193,73.3267], [8.21193,73.3267], [14.8125,71.5787], [8.07928,64.0213], [14.8125,71.5787], [9.22915,61.1994], [6.57787,78.3833], [12.4801,52.1397], [8.21193,73.3267], [8.21193,73.3267], [8.07928,64.0213], [9.85244,86.7833], [6.57787,78.3833], [9.85244,86.7833], [14.8125,71.5787], [6.23325,73.3239], [6.23325,73.3239], [8.21193,73.3267], [8.21193,73.3267], [15.431,62.7898], [14.8125,71.5787], [21.151,67.0988], [21.151,67.0988], [23.3622,81.1464], [23.3622,81.1464], [8.21193,73.3267], [6.23325,73.3239], [8.21193,73.3267], [15.0463,66.927], [15.0463,66.927], [15.0463,66.927], [15.431,62.7898], [22.699,72.113], [23.3622,81.1464], [21.151,67.0988], [6.23325,73.3239], [14.8125,71.5787], [9.85244,86.7833], [22.699,72.113], [14.8125,71.5787], [6.5362,86.2859], [7.34589,59.6485], [9.85244,86.7833], [23.3622,81.1464], [23.3622,81.1464], [5.6719,86.9043], [23.3622,81.1464], [7.72387,86.6659], [9.85244,86.7833], [6.23325,73.3239], [9.85244,86.7833], [9.85244,86.7833], [13.6287,92.6513], [1.1787,92.6107], [9.85244,86.7833], [7.20059,77.9747], [5.6719,86.9043], [5.6719,86.9043], [5.6719,86.9043], [9.85244,86.7833], [9.85244,86.7833], [5.6719,86.9043], [5.6719,86.9043], [1.1787,92.6107], [5.6719,86.9043], [6.23325,73.3239], [8.21193,73.3267], [9.85244,86.7833], [9.85244,86.7833], [9.85244,86.7833], [6.5362,86.2859], [6.57787,78.3833], [13.6287,92.6513], [8.21193,73.3267], [5.6719,86.9043], [5.6719,86.9043], [23.3622,81.1464], [7.20059,77.9747], [9.85244,86.7833], [9.85244,86.7833], [5.6719,86.9043], [9.85244,86.7833], [9.85244,86.7833], [9.85244,86.7833], [9.85244,86.7833], [9.85244,86.7833], [25.4768,93.2872], [22.699,72.113], [6.23325,73.3239], [13.6287,92.6513], [9.85244,86.7833], [13.6287,92.6513], [9.85244,86.7833], [5.6719,86.9043], [6.5362,86.2859], [9.85244,86.7833], [9.85244,86.7833], [9.85244,86.7833], [6.5362,86.2859], [9.85244,86.7833], [6.23325,73.3239], [13.6287,92.6513], [9.85244,86.7833], [13.6287,92.6513], [13.6287,92.6513], [6.57787,78.3833], [6.5362,86.2859], [9.85244,86.7833], [1.1787,92.6107], [7.20059,77.9747], [6.5362,86.2859], [13.6287,92.6513], [1.1787,92.6107], [6.5362,86.2859], [7.20059,77.9747], [13.6287,92.6513], [25.4768,93.2872], [6.5362,86.2859], [9.85244,86.7833], [1.1787,92.6107], [13.6287,92.6513], [1.1787,92.6107], 