{
  "instance_index": 0,
  "birth_iter": 23,
  "death_iter": 40,
  "survival_iters": 17,
  "censored": false,
  "pre_vnd_cost": 10390.8,
  "post_vnd_cost": 772.08,
  "pre_vnd_coords": [[80,20], [60.7244,18.1233], [54.9143,23.7872], [63.0718,3.69188], [63.0718,3.69188], [60.7244,18.1233], [57.1945,27.8548], [54.9143,23.7872], [60.7244,18.1233], [57.1945,27.8548], [60.7244,18.1233], [54.9143,23.7872], [57.1945,27.8548], [57.1945,27.8548], [54.9143,23.7872], [54.9143,23.7872], [57.4409,36.4145], [57.4409,36.4145], [57.4409,36.4145], [54.9143,23.7872], [67.9451,41.9707], [57.2468,43.1071], [57.4409,36.4145], [57.2468,43.1071], [72.3401,54.9444], [59.3059,83.3156], [59.3059,83.3156], [56.6099,90.8723], [67.6364,63.2639], [67.6364,63.2639], [72.3401,54.9444], [67.6364,63.2639], [67.6364,63.2639], [56.6099,90.8723], [56.3915,78.2301], [59.3059,83.3156], [56.6099,90.8723], [56.6099,90.8723], [56.6099,90.8723], [59.3059,83.3156], [56.6099,90.8723], [56.6099,90.8723], [56.3915,78.2301], [56.6099,90.8723], [56.6099,90.8723], [59.3059,83.3156], [67.6364,63.2639], [64.2632,60.5638], [57.2468,43.1071], [64.2632,60.5638], [64.2632,60.5638], [64.0457,77.9559], [66.7328,56.2098], [69.9388,75.9165], [74.4302,67.8986], [69.7739,67.1848], [66.7328,56.2098], [58.7523,49.446], [55.4713,57.3503], [66.7328,56.2098], [64.2632,60.5638], [64.2632,60.5638], [64.2632,60.5638], [48.8132,70.3183], [64.2632,60.5638], [51.5599,56.6671], [65.6343,51.2664], [64.2632,60.5638], [64.2632,60.5638], [55.4347,67.2637], [49.2481,75.9931], [65.6343,51.2664], [58.7523,49.446], [44.4769,55.0233], [66.2732,44.3541], [55.4713,57.3503], [55.4347,67.2637], [51.5599,56.6671], [43.0197,61.5113], [44.4769,55.0233], [55.4347,67.2637], [55.4713,57.3503], [65.6343,51.2664], [51.5599,56.6671], [58.7523,49.446], [55.4347,67.2637], [43.0197,61.5113], [48.8132,70.3183], [48.8132,70.3183], [51.5599,56.6671], [37.7992,62.3548], [44.4769,55.0233], [37.5702,50.8232], [28.0579,56.3434], [53.1775,72.6649], [40.944,73.7533], [43.0197,61.5113], [40.5111,57.8851], [37.7992,62.3548], [43.0197,61.5113], [48.8132,70.3183], [40.5111,57.8851], [24.1907,57.0131], [40.5111,57.8851], [43.0197,61.5113], [55.4347,67.2637], [55.3242,80.8205], [55.4347,67.2637], [32.9245,68.8905], [48.8132,70.3183], [48.8132,70.3183], [64.0457,77.9559], [48.8132,70.3183], [44.8129,77.7587], [32.0786,72.0363], [23.5144,71.263], [40.944,73.7533], [49.2481,75.9931], [43.6535,88.7059], [55.3242,80.8205], [53.1775,72.6649], [64.0457,77.9559], [54.2424,92.3775], [55.3242,80.8205], [47.3413,68.2556], [53.1775,72.6649], [32.0786,72.0363], [56.9279,74.6895], [57.9111,91.4912], [44.8129,77.7587], [46.5802,87.9493], [55.3242,80.8205], [44.8129,77.7587], [54.0352,85.4149], [55.3242,80.8205], [43.6535,88.7059], [49.4979,97.6124], [28.1174,87.2563], [31.9989,78.2796], [46.5802,87.9493], [54.2424,92.3775], [39.7293,88.9417], [54.2424,92.3775], [57.9111,91.4912], [54.2424,92.3775], [43.6535,88.7059], [37.1032,75.9324], [48.8132,70.3183], [49.2481,75.9931], [28.1174,87.2563], [37.7992,62.3548], [39.7293,88.9417], [37.1032,75.9324], [48.8132,70.3183], [44.8129,77.7587], [37.1032,75.9324], [44.8129,77.7587], [31.9989,78.2796], [40.0327,84.3121], [44.8129,77.7587], [40.0327,84.3121], [40.0327,84.3121], [48.3782,85.6595], [44.8129,77.7587], [49.2481,75.9931], [30.37,63.9334], [30.7996,86.6533], [37.1032,75.9324], [31.9989,78.2796], [32.0786,72.0363], [23.9991,66.9749], [23.9991,66.9749], [24.4076,80.0834], [23.1256,60.6238], [27.1976,65.8976], [27.1594,73.3885], [27.1594,73.3885], [27.1594,73.3885], [23.9991,66.9749], [9.36217,59.8058], [23.9991,66.9749], [23.9991,66.9749], [23.1256,60.6238], [24.4076,80.0834], [23.9991,66.9749], [23.9991,66.9749], [23.9991,66.9749], [23.9991,66.9749], [7.34589,59.6485], [23.9991,66.9749], [23.5632,58.0248], [7.34589,59.6485], [8.21193,73.3267], [15.431,62.7898], [23.9991,66.9749], [23.5632,58.0248], [8.21193,73.3267], [23.9991,66.9749], [23.9991,66.9749], [8.21193,73.3267], [23.9991,66.9749], [23.9991,66.9749], [24.4076,80.0834], [23.9991,66.9749], [25.7423,72.8458], [23.1256,60.6238], [23.9991,66.9749], [8.21193,73.3267], [27.1594,73.3885], [24.4076,80.0834], [24.4076,80.0834], [22.2429,87.614], [22.2429,87.614], [24.4076,80.0834], [24.4076,80.0834], [14.4201,86.7008], [23.9991,66.9749], [12.2275,88.4054], [25.1385,85.2463], [12.2275,88.4054], [24.4076,80.0834], [24.4076,80.0834], [12.2275,88.4054], [24.1742,91.9078], [7.39415,86.796], [24.1742,91.9078], [24.4076,80.0834], [7.39415,86.796], [14.4201,86.7008], [12.2275,88.4054], [25.1385,85.2463], [12.2275,88.4054], [13.6287,92.6513], [12.2275,88.4054], [22.2429,87.614], [14.4201,86.7008], [12.2275,88.4054], [18.9571,83.6948], [24.1742,91.9078], [35.7212,90.1538], [35.7212,90.1538], [35.7212,90.1538], [35.7212,90.1538], [24.1742,91.9078], [24.1742,91.9078], [28.9654,92.4254], [24.1742,91.9078], [35.7212,90.1538], [13.6287,92.6513], [24.1742,91.9078], [12.2275,88.4054], [24.1742,91.9078], [28.9654,92.4254], [24.1742,91.9078], [12.2275,88.4054], [12.2275,88.4054], [12.2275,88.4054], [1.1787,92.6107], [1.1787,92.6107], [12.2275,88.4054], [13.6287,92.6513], [7.39415,86.796], [1.1787,92.6107], [12.2275,88.4054], [12.2275,88.4054], [7.39415,86.796], [14.4201,86.7008], [1.1787,92.6107], [24.1742,91.9078], [24.1742,91.9078], [7.39415,86.796], [24.1742,91.9078], [12.2275,88.4054], [24.4076,80.0834], [1.1787,92.6107], [7.39415,86.796], [7.39415,86.796], [12.2275,88.4054], [1.1787,92.6107], [12.2275,88.4054], [12.2275,88.4054], [1.1787,92.6107], [7.39415,86.796], [1.1787,92.6107], [12.212,87.5974], [7.39415,86.796], [8.38329,86.3912], [15.8513,76.4633], [-0.391814,71.6612], [2.74946,80.1172], [-2.41801,83.4917], [0.479604,88.2854], [23.6108,85.3549], [8.38329,86.3912], [8.38329,86.3912], [8.38329,86.3912], [8.38329,86.3912], [9.36716,88.9799], [2.74946,80.1172], [2.74946,80.1172], [0.479604,88.2854], [8.38329,86.3912], [-2.41801,83.4917], [9.36716,88.9799], [15.8513,76.4633], [13.8973,67.9022], [13.8973,67.9022], [13.8973,67.9022], [8.38329,86.3912], [2.74946,80.1172], [13.8973,67.9022], [8.38329,86.3912], [15.8513,76.4633], [4.2747,75.3904], [13.8973,67.9022], [-0.391814,71.6612], [4.2747,75.3904], [0.479604,88.2854], [4.2747,75.3904], [4.2747,75.3904], [-0.516035,58.4684], [4.2747,75.3904], [4.2747,75.3904], [-2.41801,83.4917], [10.0756,81.6371], [8.38329,86.3912], [-0.391814,71.6612], [5.46051,64.9291], [-0.391814,71.6612], [-0.516035,58.4684], [-0.391814,71.6612], [-0.516035,58.4684], [-0.391814,71.6612], [2.74946,80.1172], [5.46051,64.9291], [-0.391814,71.6612], [10.0756,81.6371], [4.2747,75.3904], [2.74946,80.1172], [4.2747,75.3904], [2.74946,80.1172], [21.9957,60.524], [15.8513,76.4633], [8.38329,86.3912], [2.74946,80.1172], [-0.391814,71.6612], [10.3233,50.9297], [4.2747,75.3904], [0.242906,53.1611], [4.2747,75.3904], [-0.516035,58.4684], [-0.516035,58.4684], [-0.516035,58.4684], [17.638,57.3279], [17.638,57.3279], [13.8973,67.9022], [4.2747,75.3904], [13.8973,67.9022], [5.46051,64.9291], [1.96961,45.5492], [21.9957,60.524], [-0.391814,71.6612], [13.8973,67.9022], [1.96961,45.5492], [5.70291,51.5117], [5.46051,64.9291], [19.6038,49.9263], [0.242906,53.1611], [0.242906,53.1611], [10.0611,45.9508], [0.990479,36.6137], [13.3435,49.0961], [16.1721,42.3988], [0.990479,36.6137], [10.0611,45.9508], [16.1721,42.3988], [1.51275,40.7228], [11.295,34.1196], [15.5962,25.5782], [-0.815071,26.0927], [14.4846,37.7732], [11.295,34.1196], [11.295,34.1196], [10.0611,45.9508], [10.0611,45.9508], [-0.815071,26.0927], [10.0611,45.9508], [12.4222,23.8769], [11.295,34.1196], [1.51275,40.7228], [14.4846,37.7732], [22.9056,17.9556], [8.42803,44.7863], [3.7657,17.0569], [-1.07199,23.7336], [-1.07199,23.7336], [8.42803,44.7863], [15.0721,50.3347], [8.42803,44.7863], [8.42803,44.7863], [12.921,56.6977], [7.39415,86.796], [12.2275,88.4054], [12.212,87.5974], [1.1787,92.6107], [8.38329,86.3912], [2.74946,80.1172], [8.38329,86.3912], [10.0756,81.6371], [8.38329,86.3912], [15.8513,76.4633], [2.74946,80.1172], 