{
  "instance_index": 0,
  "birth_iter": 80,
  "death_iter": 100,
  "survival_iters": 20,
  "censored": true,
  "pre_vnd_cost": 7909.91,
  "post_vnd_cost": 502.552,
  "pre_vnd_coords": [[80,20], [76.5783,15.4752], [64.9207,17.3167], [63.9367,15.996], [76.5783,15.4752], [63.0609,16.563], [76.5783,15.4752], [76.5783,15.4752], [63.0609,16.563], [63.0609,16.563], [64.9207,17.3167], [64.9207,17.3167], [52.954,33.0923], [64.9207,17.3167], [61.9456,24.3775], [62.1133,38.2161], [62.1133,38.2161], [41.2773,30.3213], [44.7406,37.0728], [44.7406,37.0728], [52.954,33.0923], [54.6816,35.7109], [52.954,33.0923], [63.0609,16.563], [44.7406,37.0728], [54.6816,35.7109], [52.954,33.0923], [54.6816,35.7109], [52.372,46.0009], [52.372,46.0009], [62.1133,38.2161], [54.6816,35.7109], [45.9045,40.8584], [52.954,33.0923], [52.954,33.0923], [62.1133,38.2161], [44.7406,37.0728], [52.372,46.0009], [52.954,33.0923], [41.2773,30.3213], [41.2773,30.3213], [52.954,33.0923], [45.9045,40.8584], [41.2773,30.3213], [28.7146,41.2464], [52.954,33.0923], [45.9045,40.8584], [54.6816,35.7109], [49.6487,45.719], [52.372,46.0009], [54.5653,45.0965], [54.6816,35.7109], [45.9045,40.8584], [45.9045,40.8584], [61.9456,24.3775], [32.6213,19.9339], [52.372,46.0009], [49.6487,45.719], [45.9045,40.8584], [45.9045,40.8584], [24.2625,45.1706], [24.2625,45.1706], [24.2625,45.1706], [24.2625,45.1706], [28.7146,41.2464], [24.2625,45.1706], [24.2625,45.1706], [28.7146,41.2464], [28.7146,41.2464], [28.7146,41.2464], [28.7146,41.2464], [12.9537,25.2185], [8.92871,32.1741], [24.2625,45.1706], [14.3766,20.5704], [24.2625,45.1706], [28.7146,41.2464], [25.4865,41.9699], [22.0104,46.8307], [41.2773,30.3213], [25.4865,41.9699], [28.7146,41.2464], [18.6532,34.2576], [41.2773,30.3213], [41.2773,30.3213], [18.4244,34.1684], [12.579,23.9135], [18.6532,34.2576], [32.6213,19.9339], [18.6532,34.2576], [18.6532,34.2576], [18.4244,34.1684], [32.6213,19.9339], [32.6213,19.9339], [33.0287,13.3354], [32.6213,19.9339], [32.6213,19.9339], [33.0287,13.3354], [32.6213,19.9339], [32.6213,19.9339], [32.6213,19.9339], [32.6213,19.9339], [33.0287,13.3354], [32.6213,19.9339], [32.6213,19.9339], [41.2773,30.3213], [32.6213,19.9339], [32.6213,19.9339], [33.0287,13.3354], [33.0287,13.3354], [16.8738,15.2061], [16.8738,15.2061], [32.6213,19.9339], [33.0287,13.3354], [33.0287,13.3354], [33.0287,13.3354], [16.8738,15.2061], [16.8738,15.2061], [8.92871,32.1741], [12.4766,15.2028], [32.6213,19.9339], [12.4766,15.2028], [12.4766,15.2028], [12.4766,15.2028], [12.4766,15.2028], [12.579,23.9135], [12.4766,15.2028], [12.4766,15.2028], [12.4766,15.2028], [12.4766,15.2028], [12.579,23.9135], [15.7362,18.0418], [12.579,23.9135], [16.8738,15.2061], [12.9537,25.2185], [12.579,23.9135], [16.8738,15.2061], [12.9537,25.2185], [12.579,23.9135], [12.4766,15.2028], [32.6213,19.9339], [12.579,23.9135], [12.579,23.9135], [12.579,23.9135], [12.579,23.9135], [12.579,23.9135], [8.92871,32.1741], [12.579,23.9135], [12.4766,15.2028], [16.8738,15.2061], [16.8738,15.2061], [12.579,23.9135], [12.4766,15.2028], [8.92871,32.1741], [15.7362,18.0418], [16.8738,15.2061], [9.23795,33.514], [8.92871,32.1741], [12.579,23.9135], [18.4244,34.1684], [12.9537,25.2185], [12.9537,25.2185], [8.92871,32.1741], [18.4244,34.1684], [8.92871,32.1741], [13.3772,49.8064], [8.92871,32.1741], [10.5955,44.4333], [10.5955,44.4333], [22.0104,46.8307], [10.5955,44.4333], [13.3772,49.8064], [15.3538,47.9964], [11.896,52.173], [10.5955,44.4333], [10.5955,44.4333], [10.5955,44.4333], [13.3772,49.8064], [10.5955,44.4333], [9.23795,33.514], [10.5955,44.4333], [10.5955,44.4333], [13.3772,49.8064], [15.3538,47.9964], [13.3772,49.8064], [8.92871,32.1741], [9.23795,33.514], [15.3538,47.9964], [15.3538,47.9964], [11.896,52.173], [15.9113,60.3624], [10.5908,59.1872], [13.3772,49.8064], [10.5955,44.4333], [11.896,52.173], [11.896,52.173], [13.3772,49.8064], [8.92871,32.1741], [11.896,52.173], [15.3538,47.9964], [10.5908,59.1872], [11.896,52.173], [15.9113,60.3624], [22.0104,46.8307], [13.3772,49.8064], [15.3538,47.9964], [24.2625,45.1706], [10.5955,44.4333], [10.5955,44.4333], [13.3772,49.8064], [11.896,52.173], [9.83554,61.0074], [10.5908,59.1872], [10.5955,44.4333], [10.5908,59.1872], [10.5908,59.1872], [10.5955,44.4333], [10.5955,44.4333], [13.3772,49.8064], [10.5908,59.1872], [13.3772,49.8064], [10.5908,59.1872], [9.83554,61.0074], [22.0104,46.8307], [15.9113,60.3624], [11.896,52.173], [9.83554,61.0074], [9.83554,61.0074], [15.9113,60.3624], [10.5908,59.1872], [10.5908,59.1872], [15.9113,60.3624], [10.5908,59.1872], [15.9113,60.3624], [15.9113,60.3624], [15.9113,60.3624], [15.9113,60.3624], [11.896,52.173], [9.67175,73.0817], [15.9113,60.3624], [10.5908,59.1872], [9.83554,61.0074], [15.9113,60.3624], [9.67175,73.0817], [9.83554,61.0074], [17.5422,71.024], [9.83554,61.0074], [9.67175,73.0817], [9.67175,73.0817], [9.67175,73.0817], [17.5422,71.024], [9.67175,73.0817], [10.5908,59.1872], [9.83554,61.0074], [13.3772,49.8064], [10.5908,59.1872], [9.83554,61.0074], [9.83554,61.0074], [9.67175,73.0817], [9.67175,73.0817], [9.67175,73.0817], [10.5908,59.1872], [9.67175,73.0817], [10.5908,59.1872], [16.4657,83.2899], [16.4657,83.2899], [10.4326,80.4263], [15.9113,60.3624], [10.5908,59.1872], [9.83554,61.0074], [10.6261,86.6117], [16.4657,83.2899], [10.5908,59.1872], [9.67175,73.0817], [12.1896,72.1048], [12.282,69.2598], [12.7143,83.9683], [12.2546,77.3782], [12.2746,78.2221], [12.2614,77.666], [11.9879,87.1871], [12.405,82.9597], [12.155,73.1675], [12.2276,76.2357], [28.0922,71.194], [12.521,83.338], [22.8108,88.4082], [12.2683,77.9576], [12.0799,86.9518], [11.8732,87.4805], [12.3733,82.396], [12.4427,86.0235], [16.7438,89.7472], [12.4046,90.1977], [12.351,81.4542], [12.2713,69.5891], [12.1974,74.9575], [12.7714,85.1826], [12.4673,83.1629], [10.7437,90.3701], [12.2242,76.0929], [12.6777,83.8491], [12.3321,80.6552], [12.3166,80.0006], [11.9304,87.3342], [12.8746,84.4914], [12.2946,79.0671], [12.2821,78.5389], [11.7667,87.753], [12.3613,81.8895], [12.3409,81.0246], [19.2272,89.4893], [12.4462,83.0941], [12.498,85.882], [12.2383,76.6873], [12.5491,83.4298], [12.6054,85.6073], [12.3906,86.1568], [12.6012,83.5996], [12.6537,83.7709], [12.2206,75.9387], [12.1797,74.211], [10.7437,90.3701], [11.0298,90.3404], [11.8196,87.6177], [27.4574,69.8709], [12.9078,84.5994], [12.7551,84.1014], [12.2494,77.1594], [22.6568,88.6548], [12.2166,75.7688], [22.7996,88.426], [10.7437,90.3701], [10.7437,90.3701], [10.7437,90.3701], [12.2867,90.2099], [12.5479,85.7544], [13.5469,90.0791], [14.4662,89.9836], [12.1293,86.8254], [11.4863,90.293], [12.8621,90.1502], [10.8848,90.3555], [22.788,88.4446], [10.7437,90.3701], [12.1804,86.6947], [12.8753,84.9169], [12.5757,83.5166], [12.3378,86.292], [12.6316,90.1741], [10.7437,90.3701], [11.1719,90.3257], [17.7893,89.6386], [12.6289,83.6899], [11.9155,90.2485], [15.5966,89.8663], [12.5187,90.1858], [24.0722,88.3536], [10.7437,90.3701], [10.7437,90.3701], [12.7129,85.3323], [12.3851,82.8947], [11.3263,88.8797], [12.8005,84.2497], [12.2848,86.4276], [12.234,86.5574], [12.821,85.0559], [10.7437,90.3701], [12.4947,83.2522], [12.4264,83.0295], [10.7437,90.3701], [10.7437,90.3701], [12.0323,87.0734], [12.6547,85.4811], [22.7776,88.4612], [10.7437,90.3701], [11.3263,90.3096], [12.7493,90.1619], [23.9397,88.3556], [10.7437,90.3701], [25.1304,88.3342], [12.984,90.1375], [22.6245,88.7065], [22.4558,88.9767], [24.9161,88.3409], [23.671,88.3597], [23.2796,88.3656], [27.2919,88.2673], [25.544,88.3214], [24.7766,88.343], [28.7028,88.2236], [26.3654,88.296], [21.8971,89.2121], [24.2212,88.3514], [12.8426,84.3869], [22.487,88.9268], [22.3374,89.1664], [23.8034,88.3577], [22.0114,89.2003], [24.916,88.3409], [22.6767,88.6229], [22.697,88.5903], [22.6869,88.6065], [12.2887,78.8189], [23.4136,88.3636], [22.7673,88.4778], [22.7469,88.5105], [22.7166,88.559], [23.5422,88.3617], [22.6347,88.6901], [12.0505,90.2344], [22.7064,88.5753], [22.8331,88.3724], [22.3696,89.1148], [11.6445,90.2766], [22.895,88.3715], 