{
  "instance_index": 0,
  "birth_iter": 37,
  "death_iter": 40,
  "survival_iters": 3,
  "censored": false,
  "pre_vnd_cost": 7650.31,
  "post_vnd_cost": 547.384,
  "pre_vnd_coords": [[80,20], [57.9747,16.2483], [63.0718,3.69188], [63.0718,3.69188], [63.0718,3.69188], [57.1945,27.8548], [57.1945,27.8548], [57.1945,27.8548], [57.1945,27.8548], [57.1945,27.8548], [57.1945,27.8548], [57.1945,27.8548], [57.1945,27.8548], [57.1945,27.8548], [57.1945,27.8548], [42.6433,30.2971], [53.7021,31.405], [54.9143,23.7872], [57.1945,27.8548], [49.6756,34.1006], [49.5109,26.424], [32.3395,30.8107], [42.0937,30.183], [37.633,16.8068], [42.0937,30.183], [37.633,16.8068], [49.5109,26.424], [36.3202,27.1255], [37.633,16.8068], [36.3202,27.1255], [49.5109,26.424], [37.633,16.8068], [37.633,16.8068], [37.633,16.8068], [37.633,16.8068], [37.633,16.8068], [37.633,16.8068], [32.3395,30.8107], [21.518,29.3087], [38.4104,31.6953], [32.3395,30.8107], [36.3202,27.1255], [24.9414,27.2833], [38.4104,31.6953], [38.4104,31.6953], [38.4104,31.6953], [38.4104,31.6953], [51.3331,36.2846], [47.168,41.1939], [47.168,41.1939], [35.1991,37.6193], [35.1991,37.6193], [51.3331,36.2846], [35.1991,37.6193], [36.3202,27.1255], [46.0219,32.2161], [51.3331,36.2846], [62.6212,35.9363], [38.4104,31.6953], [51.3331,36.2846], [51.3331,36.2846], [46.0219,32.2161], [46.0219,32.2161], [58.8714,40.9971], [51.3331,36.2846], [51.3331,36.2846], [77.0228,49.9089], [77.0228,49.9089], [77.0228,49.9089], [77.0228,49.9089], [80.2847,45.476], [77.0228,49.9089], [67.4751,51.9955], [66.7328,56.2098], [77.0228,49.9089], [77.0228,49.9089], [77.0228,49.9089], [67.4751,51.9955], [66.2732,44.3541], [66.2732,44.3541], [66.2732,44.3541], [80.2847,45.476], [66.2732,44.3541], [66.2732,44.3541], [66.2732,44.3541], [66.2732,44.3541], [66.2732,44.3541], [66.2732,44.3541], [66.2732,44.3541], [66.2732,44.3541], [66.2732,44.3541], [62.6212,35.9363], [62.6212,35.9363], [66.2732,44.3541], [62.6212,35.9363], [51.3331,36.2846], [51.3331,36.2846], [51.3331,36.2846], [51.3331,36.2846], [58.8714,40.9971], [66.2732,44.3541], [58.8714,40.9971], [51.3331,36.2846], [51.3331,36.2846], [51.2826,45.5588], [51.2826,45.5588], [58.8714,40.9971], [58.8714,40.9971], [58.8714,40.9971], [51.2826,45.5588], [47.168,41.1939], [47.168,41.1939], [47.168,41.1939], [47.168,41.1939], [47.168,41.1939], [47.168,41.1939], [47.168,41.1939], [47.168,41.1939], [47.168,41.1939], [47.168,41.1939], [58.7523,49.446], [58.7523,49.446], [58.7523,49.446], [67.4751,51.9955], [58.7523,49.446], [58.7523,49.446], [66.2732,44.3541], [65.6343,51.2664], [58.7523,49.446], [66.7328,56.2098], [66.7328,56.2098], [58.7523,49.446], [65.6343,51.2664], [67.6364,63.2639], [32.3395,30.8107], [28.2105,49.1354], [28.4811,31.5526], [32.3395,30.8107], [32.3395,30.8107], [28.8729,43.1039], [28.8729,43.1039], [35.1991,37.6193], [35.1991,37.6193], [28.8729,43.1039], [14.4846,37.7732], [28.8729,43.1039], [19.8466,30.9221], [21.522,42.2372], [28.8729,43.1039], [18.901,35.9659], [19.8466,30.9221], [22.9291,39.2577], [22.9291,39.2577], [28.8729,43.1039], [35.1991,37.6193], [28.8729,43.1039], [28.8729,43.1039], [28.8729,43.1039], [28.8729,43.1039], [28.8729,43.1039], [28.8729,43.1039], [28.8729,43.1039], [28.8729,43.1039], [28.8729,43.1039], [28.8729,43.1039], [21.522,42.2372], [21.522,42.2372], [21.522,42.2372], [15.6726,48.6762], [21.522,42.2372], [13.3435,49.0961], [28.8729,43.1039], [28.8729,43.1039], [1.96961,45.5492], [50.358,57.6518], [64.2632,60.5638], [35.7212,90.1538], [51.1709,72.0019], [49.2831,72.7732], [43.5619,78.7967], [43.5619,78.7967], [43.5619,78.7967], [52.4095,93.3306], [51.2917,88.8548], [43.5619,78.7967], [51.2917,88.8548], [35.7212,90.1538], [35.7212,90.1538], [52.0171,90.9872], [51.2917,88.8548], [51.2917,88.8548], [51.2917,88.8548], [43.5619,78.7967], [51.2917,88.8548], [51.2917,88.8548], [56.6099,90.8723], [52.0171,90.9872], [52.0171,90.9872], [51.2917,88.8548], [59.3059,83.3156], [56.6099,90.8723], [56.6099,90.8723], [56.6099,90.8723], [56.6099,90.8723], [52.0171,90.9872], [56.6099,90.8723], [56.6099,90.8723], [56.6099,90.8723], [56.6099,90.8723], [56.6099,90.8723], [56.6099,90.8723], [56.6099,90.8723], [56.6099,90.8723], [56.6099,90.8723], [56.6099,90.8723], [73.1276,86.846], [73.1276,86.846], [73.1276,86.846], [73.1276,86.846], [73.1276,86.846], [73.1276,86.846], [73.1276,86.846], [73.1276,86.846], [67.5924,83.5063], [73.4879,91.1462], [93.192,83.488], [93.192,83.488], [93.192,83.488], [93.192,83.488], [93.192,83.488], [93.192,83.488], [93.192,83.488], [93.192,83.488], [93.192,83.488], [93.192,83.488], [93.192,83.488], [83.3833,87.4079], [83.3833,87.4079], [83.3833,87.4079], [73.4879,91.1462], [73.4879,91.1462], [73.4879,91.1462], [73.4879,91.1462], [73.4879,91.1462], [73.4879,91.1462], [73.4879,91.1462], [73.4879,91.1462], [73.4879,91.1462], [73.1276,86.846], [56.6099,90.8723], [56.6099,90.8723], [56.6099,90.8723], [73.4879,91.1462], [73.4879,91.1462], [52.4095,93.3306], [44.5054,104.816], [39.7293,88.9417], [49.4979,97.6124], [43.6535,88.7059], [43.6535,88.7059], [43.6535,88.7059], [43.6535,88.7059], [43.6535,88.7059], [43.6535,88.7059], [43.6535,88.7059], [43.6535,88.7059], [43.6535,88.7059], [34.5824,98.7899], [34.5824,98.7899], [43.6535,88.7059], [30.7996,86.6533], [31.9989,78.2796], [30.7996,86.6533], [34.5824,98.7899], [34.5824,98.7899], [34.5824,98.7899], [34.5824,98.7899], [34.4095,94.11], [34.4095,94.11], [34.4095,94.11], [34.4095,94.11], [34.4095,94.11], [34.4095,94.11], [34.4095,94.11], [34.4095,94.11], [34.5824,98.7899], [34.4095,94.11], [34.4095,94.11], [34.4095,94.11], [34.4095,94.11], [34.4095,94.11], [34.4095,94.11], [28.1174,87.2563], [28.1174,87.2563], [28.1174,87.2563], [32.4343,89.631], [32.4343,89.631], [32.4343,89.631], [30.7996,86.6533], [34.4095,94.11], [31.9989,78.2796], [39.7293,88.9417], [30.7996,86.6533], [34.4095,94.11], [30.7996,86.6533], [30.7996,86.6533], [28.1174,87.2563], [34.4095,94.11], [30.7996,86.6533], [26.1955,95.1933], [25.5229,96.83], [25.5229,96.83], [26.1955,95.1933], [20.9353,98.6828], [20.9353,98.6828], [20.9353,98.6828], [20.9353,98.6828], [20.9353,98.6828], [14.0127,104.125], [14.0127,104.125], [25.5229,96.83], [14.0127,104.125], [14.0127,104.125], [14.0127,104.125], [2.74946,80.1172], [16.8458,90.5123], [15.9194,93.016], [15.9194,93.016], [16.8458,90.5123], [30.7996,86.6533], [31.9989,78.2796], [30.7996,86.6533], [16.8458,90.5123], [19.9999,86.8136], [16.8458,90.5123], [16.8458,90.5123], [16.8458,90.5123], [17.1121,96.477], [17.1121,96.477], [26.1955,95.1933], [26.1955,95.1933], [26.1955,95.1933], [26.1955,95.1933], [26.1955,95.1933], [26.1955,95.1933], [15.9194,93.016], [13.5289,90.5269], [13.5289,90.5269], [13.5289,90.5269], [13.5289,90.5269], [13.5289,90.5269], [13.5289,90.5269], [13.5289,90.5269], [13.5289,90.5269], [7.59707,91.6847], [7.59707,91.6847], [7.59707,91.6847], [7.59707,91.6847], [7.59707,91.6847], [0.631469,93.8656], [0.631469,93.8656], [0.631469,93.8656], [0.631469,93.8656], [13.5289,90.5269], [0.614472,100.736], [0.614472,100.736], [0.614472,100.736], [0.479604,88.2854], [0.479604,88.2854], [0.479604,88.2854], [2.74946,80.1172], [2.74946,80.1172], [2.74946,80.1172], [4.2747,75.3904], [2.74946,80.1172], [-0.391814,71.6612], [10.0899,75.7932], [10.0899,75.7932], [14.2886,66.1091], [22.3014,68.7702], [13.8973,67.9022], [16.5324,55.2192], [16.5324,55.2192], [16.5324,55.2192], [16.5324,55.2192], [16.5324,55.2192], [16.5324,55.2192], [16.5324,55.2192], [16.5324,55.2192], [16.5324,55.2192], [16.5324,55.2192], [16.5324,55.2192], [13.8973,67.9022], [16.5324,55.2192], [30.4581,51.9833], [30.4581,51.9833], [16.5324,55.2192], [30.4581,51.9833], [30.4581,51.9833], [26.7211,64.003], [26.7211,64.003], [22.3014,68.7702], [26.7211,64.003], [30.4581,51.9833], [30.4581,51.9833], [26.7211,64.003], [26.7211,64.003], [28.2105,49.1354], [30.4581,51.9833], [30.4581,51.9833], [26.7211,64.003], [26.7211,64.003], [37.7992,62.3548], [26.7211,64.003], [51.1709,72.0019], [26.7211,64.003], [26.7211,64.003], [51.1709,72.0019], 