{
  "instance_index": 0,
  "birth_iter": 12,
  "death_iter": 50,
  "survival_iters": 38,
  "censored": false,
  "pre_vnd_cost": 10541.6,
  "post_vnd_cost": 553.595,
  "pre_vnd_coords": [[80,20], [60.7244,18.1233], [90.9572,43.1565], [85.3857,55.5489], [61.775,58.622], [85.3857,55.5489], [85.3857,55.5489], [54.0353,57.158], [85.3857,55.5489], [81.418,58.7148], [82.4567,57.8987], [78.4612,61.0381], [81.5368,54.4674], [53.415,33.8853], [34.8859,51.7666], [54.0353,57.158], [28.8482,39.9536], [28.2105,49.1354], [28.2105,49.1354], [28.8482,39.9536], [28.2105,49.1354], [28.2105,49.1354], [28.2105,49.1354], [28.2105,49.1354], [28.8482,39.9536], [26.2332,50.6135], [28.2105,49.1354], [28.2105,49.1354], [14.7141,38.3229], [26.2332,50.6135], [28.2105,49.1354], [28.2105,49.1354], [25.3726,64.371], [42.1491,51.0006], [28.2105,49.1354], [34.8859,51.7666], [32.941,57.7083], [32.941,57.7083], [32.941,57.7083], [28.2105,49.1354], [28.8482,39.9536], [32.941,57.7083], [39.3912,61.3945], [39.3912,61.3945], [32.941,57.7083], [23.9991,66.9749], [32.941,57.7083], [28.2105,49.1354], [23.9991,66.9749], [20.9132,84.5775], [10.6253,73.6901], [26.8898,74.3754], [25.2982,77.3075], [10.7893,73.0715], [21.5721,84.0113], [11.015,72.2204], [18.9011,86.3063], [22.5965,82.2885], [21.4152,84.1461], [25.856,76.2797], [26.1246,75.7849], [26.561,74.9809], [21.6364,83.956], [49.1353,85.9184], [20.4623,84.965], [37.3709,89.8934], [47.613,88.7345], [37.3235,90.155], [49.7025,84.8692], [30.7288,90.9065], [47.662,88.6437], [48.451,87.1842], [53.3362,79.822], [50.7723,82.8902], [37.2873,90.3551], [49.9332,84.4424], [48.1693,87.7053], [54.2532,79.4436], [52.7493,80.0642], [49.8231,88.5092], [47.1482,81.4136], [56.6099,90.8723], [56.6099,90.8723], [56.6099,90.8723], [49.0977,95.5861], [56.6099,90.8723], [56.6099,90.8723], [71.9579,76.3285], [48.6651,88.7452], [47.5451,88.86], [47.5896,88.7777], [56.2345,73.7419], [53.6358,79.6984], [50.3662,83.6414], [48.9576,86.2471], [47.6364,88.6911], [47.6884,88.5949], [47.8629,88.2721], [37.2923,90.3274], [37.2821,90.3837], [48.008,88.0037], [36.0862,90.4791], [47.7142,88.5472], [54.0158,74.065], [37.3386,90.0718], [30.1358,90.9539], [49.4552,85.3265], [21.7404,83.8666], [48.7124,86.7007], [37.303,90.2683], [47.5006,88.9423], [37.3599,89.9543], [37.3084,90.2388], [21.7403,83.8666], [23.1205,81.3224], [21.7404,83.8666], [8.87101,80.3026], [20.0951,85.2805], [9.07689,79.5263], [21.7403,83.8666], [6.95914,83.3075], [7.2669,83.2596], [6.95504,83.3648], [6.93501,83.6447], [9.30679,78.6595], [6.94196,83.5475], [7.33,78.1222], [8.54196,81.5432], [22.0998,83.2041], [18.4243,86.7159], [8.48305,81.7654], [7.74073,82.6774], [9.17174,79.1687], [6.94565,83.496], [6.96724,83.1942], [8.60337,81.3117], [6.96927,83.1659], [7.15028,83.4029], [6.93322,83.6696], [6.94011,83.5733], [23.9991,66.9749], [23.9991,66.9749], [23.9991,66.9749], [25.3726,64.371], [11.6387,69.8687], [11.8076,69.2318], [11.17,71.636], [8.48305,81.7654], [23.244,50.3379], [28.2105,49.1354], [8.42803,44.7863], [8.42803,44.7863], [28.2105,49.1354], [28.2105,49.1354], [28.2105,49.1354], [28.2105,49.1354], [28.2105,49.1354], [8.42803,44.7863], [28.2105,49.1354], [28.2105,49.1354], [29.3771,32.3375], [9.36217,59.8058], [4.50199,41.1529], [8.42803,44.7863], [4.50199,41.1529], [28.8482,39.9536], [28.2105,49.1354], [17.1182,28.1868], [16.2928,23.4245], [3.27288,37.2103], [3.27288,37.2103], [22.9056,17.9556], [16.2928,23.4245], [22.9056,17.9556], [17.1182,28.1868], [17.1182,28.1868], [17.1182,28.1868], [28.2105,49.1354], [17.1182,28.1868], [17.1182,28.1868], [29.3771,32.3375], [14.7141,38.3229], [16.2928,23.4245], [10.1783,38.3223], [9.67634,45.3361], [46.8194,53.1282], [51.5678,51.7711], [43.4439,59.2231], [43.1576,45.1566], [48.9931,52.5069], [48.3253,52.6977], [48.8295,39.3833], [49.6618,52.3158], [51.5678,51.7712], [43.9433,57.7695], [43.9433,57.7695], [51.5678,51.7711], [37.1021,46.0763], [51.5678,51.7712], [32.608,48.1477], [47.1444,41.4037], [47.665,52.8864], [53.0305,30.9893], [51.5678,51.7712], [50.1913,37.7505], [51.5678,51.7711], [43.9652,45.2159], [57.8923,52.0483], [58.2856,52.5034], [63.032,59.4728], [50.7932,37.0289], [47.8637,40.5413], [51.5678,51.7711], [43.86,58.0118], [51.5678,51.7712], [76.4025,49.1032], [59.8794,54.3474], [54.4145,32.6869], [51.4384,36.2553], [60.6984,55.295], [49.6436,38.4072], [77.6178,50.3729], [76.4025,49.1032], [76.4025,49.1032], [76.4025,49.1032], [76.4025,49.1032], [72.1005,71.4738], [77.2089,66.1457], [76.5626,62.53], [73.3014,68.1508], [77.1453,62.0722], [77.7699,61.5813], [85.3668,82.9329], [86.0035,83.4018], [84.6049,82.558], [82.2609,81.4038], [85.806,83.2563], [85.9077,83.3312], [85.4677,83.0072], [85.6927,83.1729], [77.2089,66.1457], [72.8946,69.0536], [75.9845,62.9843], [83.3879,57.167], [81.9464,58.2997], [82.7372,55.7215], [80.3178,59.5792], [79.1194,60.5208], [80.8721,59.1437], [82.9473,57.5132], [83.8063,56.8383], [75.3301,37.3094], [75.1362,64.0777], [76.4025,49.1032], [79.7068,60.0594], [59.5673,53.9862], [76.3988,49.0633], [75.7488,41.9185], [76.3224,48.2251], [58.9506,53.2728], [62.3655,57.224], [63.6544,59.0099], [76.2534,47.4676], [57.8535,77.5727], [72.0243,74.0651], [63.8094,58.8947], [72.1212,70.7704], [72.4161,70.1157], [74.7871,64.8527], [72.043,73.4306], [75.434,63.4168], [72.0583,72.9106], [74.4075,65.6953], [78.8806,51.6923], [51.5678,51.7712], [61.3121,60.7518], [52.7395,51.8225], [60.543,61.3237], [58.6612,52.938], [58.6856,76.1966], [62.0767,60.1832], [77.2089,66.1457], [62.9839,79.8572], [54.0353,57.158], [57.4409,36.4145], [52.064,58.1924], [57.4409,36.4145], [42.1491,51.0006], [42.6433,30.2971], [54.0353,57.158], [52.064,58.1924], [52.064,58.1924], [55.0473,62.0362], [39.3912,61.3945], [44.205,73.1673], [39.3912,61.3945], [34.8859,51.7666], [44.205,73.1673], [39.3912,61.3945], [34.8859,51.7666], [39.3912,61.3945], [32.941,57.7083], [32.941,57.7083], [28.2105,49.1354], [39.3912,61.3945], [39.3912,61.3945], [25.3656,61.505], [25.3726,64.371], [61.775,58.622], [39.3912,61.3945], [39.6207,78.776], [39.3912,61.3945], [27.1976,65.8976], [39.3912,61.3945], [34.3869,73.4614], [39.3912,61.3945], [39.3912,61.3945], [39.3912,61.3945], [44.205,73.1673], [51.1709,72.0019], [52.064,58.1924], [51.1709,72.0019], [53.5756,71.4024], [40.8174,69.2808], [54.6791,73.9684], [54.7396,65.6392], [56.6301,73.6843], [57.288,74.0205], [56.068,78.6948], [40.4619,72.7184], [55.1643,79.0677], [53.94,79.5729], [56.3877,78.5629], [58.4577,75.8419], [53.4327,66.6109], [58.0042,75.1357], [71.9807,75.5529], [58.9319,62.5218], [72.6689,69.5546], [57.5482,74.4256], [72.2241,76.4594], [57.7771,74.782], [73.9975,66.6056], [55.4609,78.9453], [54.8668,79.1904], [51.9473,80.7166], [73.4996,67.7107], [73.7198,67.2218], [55.7879,73.8069], [58.4277,77.0584], [79.5021,89.1917], [79.5021,89.1917], [57.4163,88.2025], [73.0975,68.6033], [74.2791,89.4059], [72.0735,72.3945], [75.4112,89.3593], [79.5021,89.1917], [58.9427,76.597], [52.4647,80.1816], [79.5021,89.1917], [79.5021,89.1917], [72.1212,70.7704], [56.4013,89.4176], [64.1968,89.8218], [79.5021,89.1917], [79.5021,89.1917], [79.5021,89.1917], [71.3901,89.5249], [65.8134,89.7551], [56.8081,88.9308], [79.5957,89.1084], [79.5021,89.1917], [69.6844,89.5953], [66.5785,89.7235], [79.5021,89.1917], [73.2851,89.4468], [79.6718,89.0408], [79.6195,89.0873], [79.5021,89.1917], [72.3316,89.4861], [79.5723,89.1293], [67.3244,89.6927], [70.5228,89.5607], [63.3584,89.8564], [79.5021,89.1917], [79.5492,89.1498], [65.0294,89.7875], [76.5506,89.3124], [79.6449,89.0647], [79.5267,89.1699], [83.2443,85.859], [93.192,83.488], [93.192,83.488], [83.3833,87.4079], [59.3059,83.3156], [56.6099,90.8723], [49.0977,95.5861], [59.3059,83.3156], [56.6099,90.8723], [56.6099,90.8723], [56.6099,90.8723], [52.4095,93.3306], [52.4095,93.3306], [56.3915,78.2301], [52.4095,93.3306], [35.7212,90.1538], [49.0977,95.5861], [56.6099,90.8723], [56.6099,90.8723], [52.4095,93.3306], [52.4095,93.3306], [49.4525,101.379], [52.4095,93.3306], [52.4095,93.3306], [49.0977,95.5861], 