{
  "instance_index": 0,
  "birth_iter": 22,
  "death_iter": 30,
  "survival_iters": 8,
  "censored": false,
  "pre_vnd_cost": 11002.6,
  "post_vnd_cost": 600.226,
  "pre_vnd_coords": [[80,20], [87.2365,8.72593], [82.9272,14.471], [87.2365,8.72593], [64.8359,12.4918], [64.8359,12.4918], [51.3331,36.2846], [71.1717,15.5756], [64.8359,12.4918], [59.5399,28.5788], [64.8359,12.4918], [59.5399,28.5788], [64.8359,12.4918], [64.8359,12.4918], [64.8359,12.4918], [59.5399,28.5788], [71.1717,15.5756], [49.5109,26.424], [34.8422,20.5708], [38.4104,31.6953], [38.4104,31.6953], [36.1535,8.52064], [34.8422,20.5708], [34.8422,20.5708], [49.5109,26.424], [34.8422,20.5708], [36.1535,8.52064], [34.8422,20.5708], [51.3331,36.2846], [34.8422,20.5708], [22.2002,19.7749], [35.1991,37.6193], [24.9414,27.2833], [14.4846,37.7732], [22.2002,19.7749], [24.9414,27.2833], [28.8729,43.1039], [12.4222,23.8769], [19.8466,30.9221], [19.8466,30.9221], [36.3202,27.1255], [34.8422,20.5708], [26.044,10.3919], [36.1535,8.52064], [36.1535,8.52064], [22.2002,19.7749], [34.8422,20.5708], [26.044,10.3919], [34.8422,20.5708], [38.4104,31.6953], [21.518,29.3087], [32.3395,30.8107], [26.044,10.3919], [36.3202,27.1255], [22.2002,19.7749], [7.95185,12.1957], [22.2002,19.7749], [15.5962,25.5782], [11.295,34.1196], [22.2002,19.7749], [8.5732,8.9978], [24.9414,27.2833], [26.044,10.3919], [8.5732,8.9978], [15.5962,25.5782], [21.518,29.3087], [8.5732,8.9978], [7.95185,12.1957], [8.5732,8.9978], [8.5732,8.9978], [-0.815071,26.0927], [12.4222,23.8769], [15.5962,25.5782], [11.295,34.1196], [12.4222,23.8769], [14.4846,37.7732], [15.5962,25.5782], [14.4846,37.7732], [11.295,34.1196], [11.295,34.1196], [7.95185,12.1957], [7.95185,12.1957], [12.4222,23.8769], [8.5732,8.9978], [7.95185,12.1957], [12.4222,23.8769], [8.5732,8.9978], [7.95185,12.1957], [7.95185,12.1957], [-0.815071,26.0927], [-0.815071,26.0927], [8.5732,8.9978], [11.295,34.1196], [21.522,42.2372], [14.4846,37.7732], [10.0611,45.9508], [15.5962,25.5782], [18.901,35.9659], [10.0611,45.9508], [19.8466,30.9221], [10.0611,45.9508], [14.4846,37.7732], [24.9414,27.2833], [28.8729,43.1039], [21.522,42.2372], [15.5962,25.5782], [21.522,42.2372], [21.522,42.2372], [32.3395,30.8107], [28.8729,43.1039], [18.901,35.9659], [22.9291,39.2577], [21.522,42.2372], [1.96961,45.5492], [1.51275,40.7228], [17.638,57.3279], [14.4846,37.7732], [10.0611,45.9508], [10.0611,45.9508], [0.990479,36.6137], [16.1721,42.3988], [11.295,34.1196], [10.0611,45.9508], [16.1721,42.3988], [10.0611,45.9508], [10.0611,45.9508], [0.990479,36.6137], [11.295,34.1196], [1.51275,40.7228], [-0.815071,26.0927], [10.0611,45.9508], [16.1721,42.3988], [13.3435,49.0961], [13.3435,49.0961], [1.96961,45.5492], [0.242906,53.1611], [1.96961,45.5492], [13.3435,49.0961], [0.242906,53.1611], [0.242906,53.1611], [-0.516035,58.4684], [11.3035,59.1797], [10.3473,54.6141], [10.3334,54.5479], [11.4125,59.7008], [10.3239,54.5025], [10.3424,54.5909], [10.3379,54.5693], [10.3519,54.6362], [11.3727,59.5104], [10.366,54.7036], [49.7283,66.0364], [50.9344,67.3186], [54.6013,86.2367], [64.0457,77.9559], [64.0457,77.9559], [57.9111,91.4912], [57.9111,91.4912], [57.9111,91.4912], [57.9111,91.4912], [11.0695,58.061], [10.3239,54.5025], [21.9957,60.524], [24.1907,57.0131], [24.9036,60.8699], [21.9957,60.524], [24.1907,57.0131], [32.3031,72.2736], [32.3031,72.2736], [32.3031,72.2736], [32.3498,72.3255], [39.911,74.3915], [32.3251,72.2981], [45.1342,67.0394], [33.8602,73.1032], [32.3031,72.2736], [39.2597,74.6154], [41.3424,68.2817], [38.9574,74.7193], [55.3242,80.8205], [64.0457,77.9559], [70.5409,71.3918], [49.2481,75.9931], [49.2481,75.9931], [49.2481,75.9931], [44.8129,77.7587], [44.8129,77.7587], [49.2481,75.9931], [44.8129,77.7587], [31.9989,78.2796], [28.0579,56.3434], [31.9989,78.2796], [19.9999,86.8136], [30.37,63.9334], [19.1141,73.0975], [18.2683,65.5969], [19.1141,73.0975], [13.8973,67.9022], [13.8973,67.9022], [13.8973,67.9022], [13.8973,67.9022], [18.2683,65.5969], [24.5023,77.364], [19.1141,73.0975], [31.9989,78.2796], [18.2683,65.5969], [23.5144,71.263], [13.8973,67.9022], [30.37,63.9334], [8.38329,86.3912], [23.5144,71.263], [18.2683,65.5969], [19.1141,73.0975], [10.0756,81.6371], [13.8973,67.9022], [2.74946,80.1172], [-0.391814,71.6612], [19.1141,73.0975], [-0.391814,71.6612], [-2.41801,83.4917], [-0.391814,71.6612], [13.8973,67.9022], [19.1141,73.0975], [13.8973,67.9022], [19.1141,73.0975], [23.6108,85.3549], [19.9999,86.8136], [23.6108,85.3549], [15.8513,76.4633], [15.8513,76.4633], [30.37,63.9334], [4.2747,75.3904], [13.8973,67.9022], [24.5023,77.364], [2.74946,80.1172], [23.6108,85.3549], [19.9999,86.8136], [2.74946,80.1172], [15.8513,76.4633], [19.9999,86.8136], [15.8513,76.4633], [8.38329,86.3912], [9.36716,88.9799], [15.8513,76.4633], [13.5289,90.5269], [13.5289,90.5269], [0.479604,88.2854], [19.1141,73.0975], [-0.391814,71.6612], [2.74946,80.1172], [2.74946,80.1172], [9.36716,88.9799], [2.74946,80.1172], [8.38329,86.3912], [15.9194,93.016], [15.9194,93.016], [13.5289,90.5269], [8.38329,86.3912], [8.38329,86.3912], [13.5289,90.5269], [8.38329,86.3912], [-2.41801,83.4917], [9.36716,88.9799], [19.1141,73.0975], [2.74946,80.1172], [4.2747,75.3904], [8.38329,86.3912], [16.8458,90.5123], [10.0756,81.6371], [16.8458,90.5123], [-0.391814,71.6612], [7.59707,91.6847], [-0.391814,71.6612], [8.38329,86.3912], [19.1141,73.0975], [13.8973,67.9022], [15.8513,76.4633], [19.1141,73.0975], [15.8513,76.4633], [8.38329,86.3912], [9.36716,88.9799], [0.479604,88.2854], [8.38329,86.3912], [4.2747,75.3904], [-0.391814,71.6612], [7.59707,91.6847], [13.8973,67.9022], [-0.391814,71.6612], [8.38329,86.3912], [-0.516035,58.4684], [4.2747,75.3904], [4.2747,75.3904], [5.46051,64.9291], [2.74946,80.1172], [4.2747,75.3904], [2.74946,80.1172], [-0.516035,58.4684], [-0.516035,58.4684], [10.0756,81.6371], [8.38329,86.3912], [0.479604,88.2854], [-0.516035,58.4684], [4.2747,75.3904], [13.8973,67.9022], [-0.391814,71.6612], [4.2747,75.3904], [2.74946,80.1172], [10.0756,81.6371], [0.479604,88.2854], [9.36716,88.9799], [0.631469,93.8656], [0.479604,88.2854], [0.614472,100.736], [5.46051,64.9291], [8.38329,86.3912], [13.5289,90.5269], [2.74946,80.1172], [8.38329,86.3912], [13.5289,90.5269], [0.479604,88.2854], [8.38329,86.3912], [13.5289,90.5269], [13.5289,90.5269], [0.479604,88.2854], [17.1121,96.477], [0.631469,93.8656], [0.631469,93.8656], [-2.41801,83.4917], [0.614472,100.736], [0.479604,88.2854], [10.0756,81.6371], [0.631469,93.8656], [0.614472,100.736], [7.59707,91.6847], [10.0756,81.6371], [7.59707,91.6847], [0.631469,93.8656], [26.1955,95.1933], [13.5289,90.5269], [17.1121,96.477], [0.614472,100.736], [14.0127,104.125], [20.9353,98.6828], [14.0127,104.125], [26.1955,95.1933], [16.8458,90.5123], [13.5289,90.5269], [0.631469,93.8656], [8.38329,86.3912], [0.614472,100.736], [0.631469,93.8656], [9.36716,88.9799], [14.0127,104.125], [14.0127,104.125], [13.5289,90.5269], [28.1174,87.2563], [19.1141,73.0975], [14.0127,104.125], [20.9353,98.6828], [34.4095,94.11], [30.7996,86.6533], [32.4343,89.631], [13.5289,90.5269], [19.9999,86.8136], [19.9999,86.8136], [28.1174,87.2563], [26.1955,95.1933], [28.1174,87.2563], [28.1174,87.2563], [34.4095,94.11], [19.9999,86.8136], [26.1955,95.1933], [30.7996,86.6533], [15.9194,93.016], [34.4095,94.11], [31.9989,78.2796], [19.9999,86.8136], [30.7996,86.6533], [19.9999,86.8136], [26.1955,95.1933], [7.59707,91.6847], [19.9999,86.8136], [23.6108,85.3549], [30.7996,86.6533], [30.7996,86.6533], [13.5289,90.5269], [34.4095,94.11], [15.8513,76.4633], [34.4095,94.11], [16.8458,90.5123], [16.8458,90.5123], [15.8513,76.4633], [19.9999,86.8136], [32.4343,89.631], [46.5802,87.9493], [31.9989,78.2796], [44.8129,77.7587], [49.2481,75.9931], [30.7996,86.6533], [37.1032,75.9324], [43.6535,88.7059], [34.4095,94.11], [43.6535,88.7059], [28.1174,87.2563], [25.5229,96.83], [30.7996,86.6533], [32.4343,89.631], [43.6535,88.7059], [40.0327,84.3121], [34.5824,98.7899], [34.4095,94.11], [54.2424,92.3775], [54.2424,92.3775], 