{
  "instance_index": 0,
  "birth_iter": 45,
  "death_iter": 70,
  "survival_iters": 25,
  "censored": false,
  "pre_vnd_cost": 8648.35,
  "post_vnd_cost": 513.115,
  "pre_vnd_coords": [[80,20], [86.2684,17.5916], [86.1773,18.8949], [86.2684,17.5916], [86.2211,18.2679], [86.2684,17.5916], [86.1076,19.8933], [85.374,30.3892], [61.328,43.8375], [77.2579,52.5407], [84.3428,45.1425], [38.9432,19.88], [42.0546,36.1826], [32.6687,24.6643], [32.6135,24.3514], [41.8924,35.4363], [33.4233,22.7672], [38.2525,18.8804], [34.2794,27.1688], [36.8288,16.8195], [27.6387,22.9652], [26.876,23.9195], [27.7018,22.7991], [38.9085,17.6345], [27.7742,22.7956], [21.5464,15.536], [24.0482,27.4576], [37.6297,16.9003], [26.4879,24.4051], [27.9651,15.793], [20.8805,31.421], [25.0135,26.2498], [36.2806,16.1257], [36.7047,16.3692], [25.6606,25.4402], [15.9732,37.5611], [21.6168,30.4998], [35.8141,41.5536], [15.6348,37.9845], [39.6358,18.052], [21.9785,30.0473], [23.3329,28.3526], [22.6363,29.2243], [27.2292,23.4776], [29.1515,43.1238], [17.7526,42.783], [12.997,17.1222], [14.7266,31.2365], [14.1454,27.2781], [14.95,32.7454], [15.2171,34.5497], [13.1524,20.1147], [10.4897,39.0968], [13.1201,40.4318], [11.2278,39.4715], [14.3274,28.5386], [12.208,39.9689], [16.7373,55.4942], [15.3687,35.5739], [30.1805,45.8022], [10.2537,38.0114], [10.4644,38.9803], [9.64603,56.3283], [16.2305,50.7541], [10.5645,23.6237], [9.36779,56.1652], [11.7224,42.8798], [13.2558,40.9611], [16.0591,47.5807], [34.4626,42.2997], [31.8032,48.6657], [29.2017,58.3123], [33.2366,43.3574], [36.4471,41.2041], [16.1907,50.0179], [31.8563,48.4689], [16.5845,57.3116], [32.2171,47.1327], [14.8195,59.4238], [9.60893,56.3066], [33.3574,42.9099], [31.9109,48.2667], [32.9958,44.2489], [16.4519,54.8562], [16.6188,57.9462], [15.3518,59.9563], [33.1133,43.8137], [29.9442,42.8443], [15.4962,36.4348], [30.1135,42.7846], [30.0069,49.2339], [30.203,42.7531], [29.8184,42.8887], [22.8847,57.2051], [26.8409,43.9372], [29.5124,42.9966], [29.9025,42.8591], [29.7763,42.9036], [30.2904,42.7222], [28.5933,56.2714], [27.8025,56.4279], [28.0035,56.3881], [28.202,56.3488], [25.2182,56.9396], [27.3763,56.5123], [28.3968,56.3103], [44.6681,67.6343], [29.6618,56.0599], [29.6618,56.0599], [29.6618,56.0599], [49.7107,57.471], [48.4241,54.6201], [47.6564,55.28], [60.58,45.3223], [52.4441,62.4033], [29.6618,56.0599], [29.6618,56.0599], [48.7519,61.058], [53.8957,44.2776], [60.143,52.8271], [59.131,48.5015], [78.0144,55.2176], [78.4359,51.3107], [80.5369,43.7261], [77.5181,57.4778], [77.6518,56.8687], [79.4825,48.5294], [80.6802,43.0735], [81.03,41.4807], [80.4024,44.3385], [81.1067,41.1316], [80.8148,42.4605], [80.2658,44.9604], [75.976,53.8794], [61.328,43.8375], [76.3699,53.468], [78.004,51.7616], [83.5713,62.0585], [77.7809,56.281], [58.7151,46.7256], [57.5207,43.2419], [59.5215,50.1703], [59.9856,52.1546], [58.8809,47.4329], [53.8857,44.3032], [80.9542,41.8256], [57.9613,44.5272], [53.8761,44.3276], [53.8957,44.2776], [60.1811,43.0269], [59.0756,42.2455], [76.0182,53.8353], [61.328,43.8375], [57.6257,41.2207], [57.6226,59.1033], [57.2072,40.9249], [60.6241,59.276], [63.6591,59.4506], [58.4232,59.1494], [76.7704,53.0498], [62.0725,59.3593], [51.2649,68.0437], [63.7071,64.7742], [63.801,60.9927], [63.5568,68.2696], [63.799,62.6291], [63.7557,63.6401], [63.7392,64.025], [77.3867,58.0759], [69.5896,72.5817], [63.8501,69.3048], [48.6813,60.6943], [77.8894,55.787], [69.5896,72.5817], [63.8501,69.3048], [78.309,53.8762], [63.8501,69.3048], [77.3867,58.0759], [63.8501,69.3048], [48.0625,67.8811], [48.9058,61.8511], [52.0387,64.3422], [51.8489,65.2502], [51.2649,68.0437], [51.4543,67.138], [51.2649,68.0437], [51.6562,66.1721], [63.5317,68.8558], [51.2649,68.0437], [52.1864,63.6358], [63.6714,65.6076], [48.7724,69.3487], [52.9948,59.7691], [49.1466,69.7968], [52.7161,61.102], [52.5662,61.819], [46.403,66.5119], [17.4474,56.0748], [29.4951,56.0929], [29.6618,56.0599], [29.6618,56.0599], [29.6618,56.0599], [27.5972,56.4686], [24.5745,57.0671], [23.9364,57.1934], [29.6618,56.0599], [28.9747,56.1959], [29.6618,56.0599], [29.3157,56.1284], [26.5046,56.6849], [29.4642,74.5111], [16.4755,55.2801], [29.9837,42.8304], [30.0264,42.8153], [30.0693,42.8002], [25.4377,56.8962], [28.9816,74.9636], [28.7909,56.2323], [11.1317,76.9251], [25.8588,56.8128], [17.9988,56.5256], [13.6031,71.6969], [13.6956,73.0214], [13.3927,73.3139], [26.3737,70.4096], [16.7156,59.7399], [16.8059,61.4114], [11.2012,63.0643], [10.5251,72.0296], [16.8059,61.4114], [11.0011,74.2175], [9.85135,89.4428], [10.9526,73.9948], [10.8935,71.4972], [13.1943,68.1717], [10.5251,72.0296], [11.0565,74.4723], [11.5476,76.0614], [11.4427,78.6351], [11.3144,89.2265], [11.5033,78.2234], [11.5639,77.8117], [13.6869,65.5786], [11.3205,75.6857], [14.1926,66.0901], [11.2556,79.9064], [26.7094,70.5076], [10.6392,84.0925], [10.6963,83.7045], [9.85134,89.4428], [10.9243,82.1554], [10.2815,80.6535], [10.5273,79.5755], [9.62723,89.0808], [10.5589,79.4368], [10.62,79.1688], [10.5893,79.3034], [19.4061,85.7137], [9.74594,83.0029], [13.9031,72.821], [18.423,86.0688], [9.71288,83.1479], [9.5724,87.5234], [10.3121,80.5193], [10.1064,81.4217], [11.1391,64.5558], [9.45773,84.2671], [9.58614,83.7037], [10.4959,79.713], [10.2502,80.791], [9.77882,82.8587], [10.2208,86.9351], [10.2717,86.5894], [10.3234,86.2379], [9.85134,89.4428], [10.3741,85.8938], [13.8167,65.7099], [10.5251,72.0296], [10.5251,72.0296], [10.8463,73.5057], [12.1727,69.6484], [9.85134,89.4428], [9.85134,89.4428], [10.7513,83.3306], [14.4526,66.3531], [10.5251,72.0296], [9.85134,89.4428], [10.5251,72.0296], [9.85134,89.4428], [10.8672,82.5431], [9.85134,89.4428], [9.62575,89.039], [9.57753,87.6691], [9.61438,88.7158], [9.63016,89.1642], [9.45773,84.2671], [9.59904,88.2802], [9.59102,88.0523], [9.52626,83.9664], [9.6294,89.1425], [9.5186,85.9953], [9.62255,88.948], [9.62801,89.103], [9.63088,89.1846], [9.55886,87.1389], [9.58256,87.8121], [9.6165,83.5705], [9.63297,89.2439], [9.62646,89.0591], [9.59495,88.164], [9.63297,89.2439], [9.62868,89.122], [9.47755,84.1801], [9.45773,84.2671], [9.85134,89.4428], [10.7873,89.3044], [10.2981,89.3767], [9.85134,89.4428], [9.85135,89.4428], [9.85134,89.4428], [9.85134,89.4428], [9.85134,89.4428], [9.85134,89.4428], [10.5846,84.4629], [9.63297,89.2439], [9.64801,83.4323], [9.68017,83.2913], [27.8437,76.0305], [26.5897,70.4727], [9.45773,84.2671], [9.55606,83.8357], [10.6439,58.9022], [10.6966,58.619], [12.4114,68.2419], [13.1179,70.2905], [11.2153,64.7768], [11.2895,64.9915], [11.3991,54.844], [11.047,64.2889], [10.4327,60.0363], [13.7467,72.1133], [27.1619,56.5548], [16.5503,56.6783], [15.1232,54.1745], [24.7912,57.0242], [26.0746,56.7701], [15.4059,54.4056], [27.5753,43.6786], [17.8244,56.3831], [15.9538,54.8536], [14.843,53.9454], [14.2504,53.4609], [23.7273,57.2348], [28.3337,43.4116], [23.2,57.241], [24.1529,57.1506], [11.9233,52.0263], [11.7224,42.8798], [17.6422,56.234], [14.5655,53.7185], [12.4617,51.9986], [13.7935,40.2884], [12.5949,41.7881], [16.2708,51.5022], [16.3198,52.4081], [16.1241,48.784], [16.524,56.1916], [29.6618,56.0599], [10.3336,38.3787], [10.1965,37.7482], [10.0269,36.9681], [26.1036,44.1968], [10.1403,37.4898], [10.2265,37.8861], [10.2809,38.1364], [10.3862,38.6207], [10.4129,38.7433], [10.0839,37.2301], [10.0555,37.0995], [10.1685,37.6194], [9.99911,36.8403], [14.5355,29.9447], [10.4383,38.8602], [14.6339,30.6097], [10.799,23.6124], [10.7417,23.6152], [11.4639,19.734], [10.8811,23.6085], [13.6168,40.5095], [14.1662,39.822], [13.9672,40.071], [10.825,23.6112], [12.7292,15.1832], [11.3202,23.5873], [10.6189,23.6211], [12.0217,23.5536], [11.2222,20.7792], [10.5918,23.6224], [13.4639,23.4842], [10.6484,23.6197], [19.0009,23.2177], [12.3595,23.5373], [10.8525,23.6098], [10.7101,23.6167], [12.6972,23.5211], [10.7693,23.6138], [10.6794,23.6182], [12.6156,15.1787], [23.2818,23.0118], [10.8142,22.5436], [15.6775,23.3777], [13.0417,15.1957], [36.3953,16.192], [30.3142,15.7599], [34.2962,16.0429], [32.0013,