{
  "instance_index": 0,
  "birth_iter": 19,
  "death_iter": 20,
  "survival_iters": 1,
  "censored": false,
  "pre_vnd_cost": 10115.9,
  "post_vnd_cost": 673.884,
  "pre_vnd_coords": [[80,20], [85.9941,17.647], [83.648,21.6846], [87.6786,18.7156], [87.6786,18.7156], [87.6786,18.7156], [85.9941,17.647], [62.8898,16.0103], [62.8898,16.0103], [62.8898,16.0103], [50.7591,34.0128], [48.497,23.7378], [58.4905,21.9845], [48.497,23.7378], [60.8494,36.096], [48.497,23.7378], [62.8898,16.0103], [62.8898,16.0103], [48.497,23.7378], [58.4905,21.9845], [58.4905,21.9845], [58.4905,21.9845], [58.4905,21.9845], [32.5282,12.6736], [14.2129,24.4826], [32.5282,12.6736], [32.5282,12.6736], [25.8901,22.8483], [25.8901,22.8483], [23.351,26.74], [20.374,13.747], [32.5282,12.6736], [32.5282,12.6736], [32.5282,12.6736], [23.351,26.74], [11.1042,13.7951], [32.5282,12.6736], [11.1042,13.7951], [32.5282,12.6736], [32.5282,12.6736], [32.5282,12.6736], [32.5282,12.6736], [16.9287,20.9157], [23.351,26.74], [23.351,26.74], [32.5282,12.6736], [23.351,26.74], [16.9287,20.9157], [32.5282,12.6736], [14.2129,24.4826], [23.351,26.74], [13.3679,30.6231], [12.391,24.399], [30.136,29.2], [25.2424,35.5417], [22.7301,36.9411], [12.2675,23.6115], [26.8561,48.5036], [15.5223,41.0577], [13.5523,31.7982], [14.514,37.9198], [13.6958,32.7135], [8.63337,39.5813], [16.527,40.4768], [14.5869,38.3851], [29.3018,47.1229], [26.1347,48.9107], [34.5665,44.15], [30.0327,30.0687], [31.0588,46.1307], [27.2398,33.897], [13.6454,32.3919], [8.62121,44.8263], [15.1467,41.2748], [22.3239,51.0615], [17.0907,40.1507], [16.8334,55.4901], [8.63613,38.39], [27.9332,58.1893], [8.62971,41.152], [26.3591,48.784], [16.3545,40.5765], [26.6077,48.6437], [24.1581,50.0263], [8.64233,35.7055], [15.4291,41.1115], [14.4757,37.6757], [8.61953,45.5546], [16.0468,40.7545], [23.526,50.383], [25.165,60.3818], [15.9818,54.6457], [28.5294,47.5591], [23.2203,50.5556], [22.0288,51.228], [15.2414,41.22], [27.9586,47.8814], [8.61796,46.2383], [14.971,40.8338], [16.8943,40.2644], [8.6246,43.356], [14.7565,39.4665], [15.8115,40.8905], [8.64329,35.2881], [8.64067,36.4346], [14.6204,38.5991], [16.7033,40.3748], [8.65342,30.923], [8.62611,42.6973], [14.8905,40.3203], [15.6152,41.004], [8.64145,36.0924], [15.713,40.9474], [14.5527,38.1669], [16.1881,40.6728], [8.64477,34.6456], [15.9124,40.8322], [8.61618,47.0092], [8.6474,33.5117], [8.62296,44.0666], [17.7993,56.2222], [15.8314,54.7306], [15.049,41.3312], [26.5684,59.2702], [20.5624,58.3167], [22.0742,59.4628], [8.80306,88.1729], [3.69098,76.8233], [8.80307,88.1729], [12.0509,88.9711], [8.80307,88.1729], [8.80307,88.1729], [32.5358,72.0084], [45.3601,82.6867], [34.601,77.6437], [40.2674,88.4099], [36.0181,70.6786], [34.601,77.6437], [43.1979,81.9488], [34.601,77.6437], [34.601,77.6437], [34.601,77.6437], [35.6105,94.1734], [35.6105,94.1734], [34.601,77.6437], [36.6799,89.5493], [36.6799,89.5493], [35.6105,94.1734], [49.6425,69.8763], [51.2664,64.5912], [52.0398,65.4635], [56.6075,63.7604], [58.5382,63.0405], [52.9333,65.1304], [38.2659,49.3136], [38.2659,49.3136], [38.2659,49.3136], [50.7591,34.0128], [58.4905,21.9845], [47.1177,50.9187], [51.1759,35.2165], [51.1759,35.2165], [51.1759,35.2165], [47.1177,50.9187], [51.1759,35.2165], [50.7591,34.0128], [47.1177,50.9187], [61.0887,45.8272], [61.0887,45.8272], [61.0887,45.8272], [51.1759,35.2165], [51.1759,35.2165], [38.2659,49.3136], [61.0887,45.8272], [58.4905,21.9845], [60.8494,36.096], [61.0887,45.8272], [61.0887,45.8272], [61.0887,45.8272], [60.9155,54.2334], [51.1759,35.2165], [51.1759,35.2165], [51.1759,35.2165], [61.0887,45.8272], [50.7591,34.0128], [47.1177,50.9187], [51.1759,35.2165], [60.9155,54.2334], [50.7591,34.0128], [50.7591,34.0128], [61.0887,45.8272], [60.8494,36.096], [61.0887,45.8272], [60.9155,54.2334], [61.0887,45.8272], [61.0887,45.8272], [61.0887,45.8272], [60.9155,54.2334], [46.7474,54.3829], [47.1177,50.9187], [60.9155,54.2334], [60.9155,54.2334], [60.9155,54.2334], [67.9018,57.7259], [60.9155,54.2334], [61.0887,45.8272], [72.9983,63.5593], [67.9018,57.7259], [60.9155,54.2334], [77.7122,58.5564], [72.9983,63.5593], [60.9155,54.2334], [47.4487,59.6346], [46.7474,54.3829], [60.9155,54.2334], [60.9155,54.2334], [63.3757,61.2362], [47.498,60.3355], [60.9255,62.1501], [44.6694,57.1426], [62.1922,61.6776], [63.3757,61.2362], [8.82763,17.1452], [11.6401,22.4317], [8.68584,16.8789], [8.68292,18.1527], [8.68148,18.7826], [9.24848,17.9356], [9.39059,18.2025], [10.0011,19.3496], [10.3036,19.9181], [9.61163,18.6179], [8.67441,21.8548], [8.66431,26.2275], [8.65646,29.6167], [8.66981,23.8604], [8.66218,27.1538], [8.67827,20.1821], [8.6665,25.2824], [8.65968,28.2321], [8.67282,22.5475], [8.6765,20.9514], [10.9524,21.1383], [8.68415,17.6133], [8.63976,36.8308], [8.67992,19.4613], [12.6774,26.2243], [20.1674,38.3687], [8.67126,23.2288], [8.96842,17.4097], [12.9206,27.7744], [9.83948,19.046], [13.7484,33.0492], [8.65086,32.0321], [13.1486,29.227], [13.8131,33.4615], [12.4542,24.8019], [12.7929,26.961], [9.10799,17.6718], [12.5667,25.519], [10.1708,49.0959], [10.1708,49.0959], [7.34638,40.7755], [7.34638,40.7755], [7.34638,40.7755], [9.88026,58.2252], [10.1708,49.0959], [7.21214,68.694], [22.8271,61.289], [7.21214,68.694], [18.7337,57.3936], [9.88026,58.2252], [7.21214,68.694], [7.34638,40.7755], [7.34638,40.7755], [9.88026,58.2252], [9.88026,58.2252], [10.1708,49.0959], [10.1708,49.0959], [9.88026,58.2252], [10.1708,49.0959], [10.1708,49.0959], [5.8327,61.922], [10.1708,49.0959], [9.88026,58.2252], [10.1708,49.0959], [5.8327,61.922], [7.21214,68.694], [3.69098,76.8233], [5.8327,61.922], [3.69098,76.8233], [7.21214,68.694], [11.1122,86.8177], [3.69098,76.8233], [3.69098,76.8233], [3.69098,76.8233], [12.0926,80.3423], [7.21214,68.694], [3.69098,76.8233], [0.225554,80.0809], [3.69098,76.8233], [5.8327,61.922], [3.69098,76.8233], [7.21214,68.694], [11.1122,86.8177], [11.1122,86.8177], [7.01637,83.8568], [12.0926,80.3423], [7.01637,83.8568], [3.69098,76.8233], [12.0926,80.3423], [11.1122,86.8177], [11.1122,86.8177], [11.1122,86.8177], [7.01637,83.8568], [14.245,93.7563], [12.0926,80.3423], [11.1122,86.8177], [7.01637,83.8568], [11.1122,86.8177], [3.69098,76.8233], [11.1122,86.8177], [11.1122,86.8177], [3.69098,76.8233], [23.6603,63.9811], [7.21214,68.694], [3.69098,76.8233], [3.69098,76.8233], [5.8327,61.922], [7.21214,68.694], [7.21214,68.694], [7.21214,68.694], [22.8271,61.289], [18.7337,57.3936], [22.5888,77.495], [7.21214,68.694], [22.5888,77.495], [11.1122,86.8177], [5.8327,61.922], [7.01637,83.8568], [11.1122,86.8177], [22.5888,77.495], [12.0926,80.3423], [12.0926,80.3423], [7.21214,68.694], [22.8271,61.289], [7.21214,68.694], [0.225554,80.0809], [12.0926,80.3423], [23.3955,55.268], [23.6603,63.9811], [7.21214,68.694], [7.01637,83.8568], [0.225554,80.0809], [7.21214,68.694], [7.21214,68.694], [0.225554,80.0809], [3.69098,76.8233], [11.1122,86.8177], [5.8327,61.922], [7.21214,68.694], [7.21214,68.694], [11.1122,86.8177], [7.21214,68.694], [7.21214,68.694], [9.88026,58.2252], [9.88026,58.2252], [22.8271,61.289], [7.21214,68.694], [3.69098,76.8233], [23.6603,63.9811], [12.0926,80.3423], [22.5888,77.495], [26.4126,89.8505], [22.5888,77.495], [23.6603,63.9811], [12.0926,80.3423], [23.6603,63.9811], [22.5888,77.495], [26.7789,80.9095], [22.5888,77.495], [36.0181,70.6786], [23.6603,63.9811], [36.0181,70.6786], [23.6603,63.9811], [26.7789,80.9095], [22.5888,77.495], [23.6603,63.9811], [23.6603,63.9811], [23.6603,63.9811], [36.0181,70.6786], [22.8271,61.289], [30.6991,55.6196], [22.5888,77.495], [36.0181,70.6786], [22.8271,61.289], [30.6991,55.6196], [38.2659,49.3136], [38.2659,49.3136], [42.6023,58.1385], [28.8365,41.376], [42.6023,58.1385], [42.6023,58.1385], [31.7038,50.2646], [30.7682,53.1251], [30.7682,53.1251], [34.601,77.6437], [23.6603,63.9811], [22.8271,61.289], [36.0181,70.6786], [36.0181,70.6786], [38.6552,61.3885], [43.2815,71.3638], [41.906,62.4348], [37.1123,76.4659], [30.424,88.4278], [38.1334,76.1868], [37.5835,58.0307], [25.6149,