{
  "instance_index": 0,
  "birth_iter": 6,
  "death_iter": 10,
  "survival_iters": 4,
  "censored": false,
  "pre_vnd_cost": 11038.9,
  "post_vnd_cost": 787.528,
  "pre_vnd_coords": [[80,20], [79.1039,5.3755], [95.372,17.045], [95.372,17.045], [95.372,17.045], [79.1039,5.3755], [95.372,17.045], [79.1039,5.3755], [54.0913,11.7702], [62.8406,17.0229], [62.8406,17.0229], [62.8406,17.0229], [54.7231,32.7088], [45.6702,26.1648], [59.3992,29.0188], [59.3992,29.0188], [59.3992,29.0188], [59.3992,29.0188], [59.3992,29.0188], [45.6702,26.1648], [61.8821,38.2497], [44.8281,30.1523], [50.474,34.5179], [46.2403,36.4612], [38.4208,11.0584], [50.474,34.5179], [37.6523,31.2413], [35.4364,20.2515], [31.8435,15.9036], [35.4364,20.2515], [38.4208,11.0584], [39.6315,25.6608], [39.6315,25.6608], [38.4208,11.0584], [36.8387,3.98796], [36.8387,3.98796], [24.5767,11.7195], [31.8435,15.9036], [39.6315,25.6608], [37.7815,19.7551], [20.3811,26.9553], [31.8435,15.9036], [20.3811,26.9553], [20.3811,26.9553], [37.6523,31.2413], [37.7815,19.7551], [17.9393,36.7792], [20.3811,26.9553], [16.0679,13.181], [31.8435,15.9036], [16.0679,13.181], [20.3811,26.9553], [38.4208,11.0584], [16.9683,9.64551], [31.8435,15.9036], [10.1502,22.0787], [29.1997,36.2042], [29.1997,36.2042], [15.7361,41.1655], [16.0679,13.181], [20.3811,26.9553], [20.3811,26.9553], [20.3811,26.9553], [10.1502,22.0787], [26.9732,40.292], [18.7339,48.1692], [17.9393,36.7792], [10.1502,22.0787], [36.8407,44.563], [20.3811,26.9553], [20.3811,26.9553], [31.3499,50.6016], [17.9393,36.7792], [8.61879,37.3588], [15.7361,41.1655], [5.17257,44.8379], [29.1997,36.2042], [15.7361,41.1655], [15.7361,41.1655], [18.7339,48.1692], [31.3499,50.6016], [5.17257,44.8379], [13.6806,30.9966], [15.7361,41.1655], [4.98272,28.0814], [5.17257,44.8379], [8.47892,51.4971], [15.7361,41.1655], [15.7361,41.1655], [21.7573,51.5583], [5.17257,44.8379], [5.17257,44.8379], [18.7339,48.1692], [5.17257,44.8379], [8.47892,51.4971], [24.8337,46.6057], [8.47892,51.4971], [18.7339,48.1692], [15.7361,41.1655], [13.3272,55.283], [18.7339,48.1692], [14.2711,52.0352], [17.9393,36.7792], [31.3499,50.6016], [18.7339,48.1692], [21.7573,51.5583], [24.8337,46.6057], [15.7361,41.1655], [21.7573,51.5583], [18.7339,48.1692], [26.9732,40.292], [36.8407,44.563], [8.61879,37.3588], [20.3811,26.9553], [17.9393,36.7792], [18.7339,48.1692], [26.9732,40.292], [26.9732,40.292], [29.1997,36.2042], [36.8407,44.563], [36.8407,44.563], [37.6523,31.2413], [46.2403,36.4612], [24.8337,46.6057], [18.7339,48.1692], [36.8407,44.563], [29.1997,36.2042], [37.7815,19.7551], [39.6315,25.6608], [37.6523,31.2413], [44.8281,30.1523], [50.474,34.5179], [50.474,34.5179], [61.8821,38.2497], [43.1109,38.1953], [50.474,34.5179], [50.474,34.5179], [46.2403,36.4612], [39.6315,25.6608], [31.3499,50.6016], [43.1109,38.1953], [31.3499,50.6016], [24.8337,46.6057], [43.1109,38.1953], [31.3499,50.6016], [29.1997,36.2042], [39.9332,52.9909], [39.9332,52.9909], [24.8337,46.6057], [31.3499,50.6016], [26.9732,40.292], [21.7573,51.5583], [18.7339,48.1692], [26.9732,40.292], [18.277,56.4299], [27.3917,55.5895], [25.3156,66.4139], [36.8407,44.563], [27.3917,55.5895], [34.2758,57.5831], [13.3272,55.283], [21.7573,51.5583], [27.3917,55.5895], [15.7361,41.1655], [17.9393,36.7792], [24.8337,46.6057], [8.73662,64.2886], [21.7573,51.5583], [13.3272,55.283], [18.277,56.4299], [21.7344,70.54], [22.0167,63.9145], [15.7361,41.1655], [8.73662,64.2886], [13.3272,55.283], [13.3272,55.283], [13.3272,55.283], [-2.00019,50.6889], [8.47892,51.4971], [8.73662,64.2886], [15.7361,41.1655], [8.47892,51.4971], [8.73662,64.2886], [-0.205989,57.317], [-3.93551,67.7603], [8.47892,51.4971], [18.277,56.4299], [-0.205989,57.317], [9.55915,71.0167], [-3.93551,67.7603], [14.2043,67.7546], [9.55915,71.0167], [25.3156,66.4139], [2.89381,70.9199], [9.55915,71.0167], [19.4588,79.7693], [8.73662,64.2886], [4.89102,58.0728], [0.844,65.8801], [2.89381,70.9199], [14.2711,52.0352], [8.73662,64.2886], [16.7971,64.755], [4.89102,58.0728], [16.7971,64.755], [8.73662,64.2886], [13.3272,55.283], [16.7544,73.713], [16.7971,64.755], [9.21441,69.2532], [22.0167,63.9145], [25.1003,75.868], [16.7544,73.713], [16.7544,73.713], [25.5083,61.9819], [0.844,65.8801], [20.9321,65.5487], [13.3272,55.283], [21.7573,51.5583], [16.7971,64.755], [20.9321,65.5487], [22.0167,63.9145], [25.5083,61.9819], [16.7971,64.755], [16.7544,73.713], [19.4588,79.7693], [27.5073,62.4269], [24.8337,46.6057], [23.0285,68.9819], [8.47892,51.4971], [31.1719,60.6], [27.5073,62.4269], [21.7573,51.5583], [13.3272,55.283], [27.3917,55.5895], [31.1719,60.6], [29.1997,36.2042], [31.1719,60.6], [27.3917,55.5895], [34.2758,57.5831], [32.3604,65.2335], [32.3604,65.2335], [18.277,56.4299], [27.3917,55.5895], [13.3272,55.283], [24.8337,46.6057], [25.3156,66.4139], [27.5073,62.4269], [18.277,56.4299], [25.5083,61.9819], [27.5073,62.4269], [31.1719,60.6], [22.0167,63.9145], [32.3604,65.2335], [34.2758,57.5831], [32.3604,65.2335], [32.3604,65.2335], [39.9332,52.9909], [27.3917,55.5895], [48.2279,48.7921], [36.8407,44.563], [40.4343,68.8719], [43.9584,60.1016], [32.3604,65.2335], [31.1719,60.6], [31.1719,60.6], [16.7971,64.755], [22.0167,63.9145], [25.1003,75.868], [42.8021,72.8803], [42.8021,72.8803], [36.6889,60.7703], [40.4343,68.8719], [25.1003,75.868], [40.4343,68.8719], [25.3156,66.4139], [43.9584,60.1016], [43.9584,60.1016], [42.8021,72.8803], [51.9377,62.7155], [43.9584,60.1016], [32.3604,65.2335], [43.9584,60.1016], [34.2758,57.5831], [32.3604,65.2335], [52.1541,60.9851], [31.3499,50.6016], [48.2279,48.7921], [25.5083,61.9819], [39.9332,52.9909], [51.9377,62.7155], [48.2279,48.7921], [48.2279,48.7921], [52.1541,60.9851], [43.1109,38.1953], [27.3917,55.5895], [32.3604,65.2335], [31.3499,50.6016], [48.2279,48.7921], [39.9332,52.9909], [43.1109,38.1953], [39.9332,52.9909], [36.6889,60.7703], [51.7326,42.8163], [43.1109,38.1953], [43.1109,38.1953], [61.3112,46.6712], [56.5862,52.2361], [46.2403,36.4612], [51.7326,42.8163], [48.2279,48.7921], [43.1109,38.1953], [56.5862,52.2361], [56.5862,52.2361], [51.7326,42.8163], [43.9584,60.1016], [43.9584,60.1016], [43.9584,60.1016], [43.1109,38.1953], [51.9377,62.7155], [51.9377,62.7155], [51.9377,62.7155], [54.0755,65.0721], [42.8021,72.8803], [62.4315,66.2673], [72.6463,65.1488], [70.3723,60.9429], [51.9377,62.7155], [54.0755,65.0721], [62.4315,66.2673], [66.4976,72.3143], [66.4976,72.3143], [66.4976,72.3143], [62.4315,66.2673], [72.6463,65.1488], [51.9377,62.7155], [52.1541,60.9851], [54.0755,65.0721], [54.0755,65.0721], [51.9377,62.7155], [54.0755,65.0721], [62.4315,66.2673], [62.4315,66.2673], [66.8776,69.0758], [57.3763,54.7488], [66.8776,69.0758], [66.8776,69.0758], [54.4446,55.6634], [66.8776,69.0758], [65.9913,58.4405], [66.8776,69.0758], [57.3763,54.7488], [65.1114,53.3537], [60.0507,46.8913], [60.0507,46.8913], [54.0348,37.6007], [64.7314,59.8316], [54.4446,55.6634], [54.0348,37.6007], [54.9152,50.7628], [54.9152,50.7628], [60.0507,46.8913], [54.9152,50.7628], [57.3763,54.7488], [54.4446,55.6634], [57.3763,54.7488], [54.9152,50.7628], [54.7231,32.7088], [54.0348,37.6007], [57.3763,54.7488], [60.0507,46.8913], [54.9152,50.7628], [64.7314,59.8316], [65.1114,53.3537], [65.9913,58.4405], [57.3763,54.7488], [65.1114,53.3537], [60.0507,46.8913], [54.0348,37.6007], [54.0348,37.6007], [54.0348,37.6007], [56.5157,35.377], [62.8406,17.0229], [54.0348,37.6007], [59.3992,29.0188], [59.3992,29.0188], [56.5157,35.377], [60.0507,46.8913], [54.7231,32.7088], [36.8387,3.98796], [36.8387,3.98796], [35.4364,20.2515], [31.8435,15.9036], [38.4208,11.0584], [16.0679,13.181], [31.8435,15.9036], [16.9683,9.64551], [20.3811,26.9553], [24.5767,11.7195], [5.76201,10.3822], [5.76201,10.3822], [5.76201,10.3822], [5.76201,10.3822], [-0.156635,18.2798], [5.76201,10.3822], [-0.156635,18.2798], [-0.156635,18.2798], [5.76201,10.3822], [-0.156635,18.2798], [8.95795,26.0706], [16.0679,13.181], [13.6806,30.9966], [4.98272,28.0814], [4.98272,28.0814], [20.3811,26.9553], [10.1502,