{
  "instance_index": 0,
  "birth_iter": 36,
  "death_iter": 40,
  "survival_iters": 4,
  "censored": false,
  "pre_vnd_cost": 11525.5,
  "post_vnd_cost": 612.505,
  "pre_vnd_coords": [[80,20], [92.7414,5.16902], [96.5921,23.1344], [96.5921,23.1344], [92.7414,5.16902], [96.5921,23.1344], [81.2649,38.7062], [81.2649,38.7062], [81.2649,38.7062], [101.76,52.1356], [89.196,49.4177], [83.1534,59.4987], [101.76,52.1356], [83.1534,59.4987], [83.1534,59.4987], [101.76,52.1356], [75.8329,75.9441], [79.4701,64.0257], [81.1255,64.0753], [73.6379,54.2889], [65.0142,75.0195], [68.1472,71.3515], [79.4701,64.0257], [83.1534,59.4987], [73.1163,64.019], [89.196,49.4177], [89.196,49.4177], [78.4804,45.5592], [79.4701,64.0257], [73.6379,54.2889], [89.196,49.4177], [72.6654,40.9207], [78.4804,45.5592], [72.6654,40.9207], [89.196,49.4177], [78.4804,45.5592], [65.5667,53.3787], [65.5667,53.3787], [81.2649,38.7062], [72.6654,40.9207], [78.4804,45.5592], [73.6379,54.2889], [73.6379,54.2889], [65.5667,53.3787], [65.0142,75.0195], [65.5667,53.3787], [73.1163,64.019], [65.5667,53.3787], [60.0668,47.9298], [65.5667,53.3787], [73.1163,64.019], [73.1163,64.019], [54.8001,39.4341], [65.5667,53.3787], [78.4804,45.5592], [78.4804,45.5592], [65.5667,53.3787], [57.6366,30.3995], [60.9206,29.5246], [60.9206,29.5246], [72.6654,40.9207], [78.4804,45.5592], [47.6403,45.0858], [57.6366,30.3995], [54.8001,39.4341], [67.3674,18.4006], [67.3674,18.4006], [64.9345,9.09696], [67.3674,18.4006], [67.3674,18.4006], [60.9206,29.5246], [57.6366,30.3995], [67.3674,18.4006], [57.6366,30.3995], [57.6366,30.3995], [49.2544,26.8891], [57.6366,30.3995], [49.2544,26.8891], [49.2544,26.8891], [49.2544,26.8891], [49.2544,26.8891], [39.7078,43.4396], [54.8001,39.4341], [54.8001,39.4341], [54.8001,39.4341], [49.3597,35.5308], [49.3597,35.5308], [57.6366,30.3995], [33.9637,44.8991], [45.1555,42.5271], [49.3597,35.5308], [49.3597,35.5308], [51.2922,45.0528], [44.2374,57.6962], [45.1555,42.5271], [41.7911,52.2637], [35.1384,39.8251], [32.665,33.3013], [57.6366,30.3995], [41.5925,34.0079], [39.7078,43.4396], [41.5925,34.0079], [42.822,25.5087], [39.7078,43.4396], [33.6333,24.6964], [49.2544,26.8891], [57.6366,30.3995], [36.6375,18.9636], [33.6081,13.9975], [36.6375,18.9636], [33.6333,24.6964], [39.7078,43.4396], [39.7078,43.4396], [33.9637,44.8991], [35.1384,39.8251], [35.1384,39.8251], [18.195,23.3996], [18.195,23.3996], [32.665,33.3013], [32.7273,49.7257], [18.195,23.3996], [26.1023,42.1214], [28.7958,36.5617], [33.9637,44.8991], [25.8508,45.007], [30.3194,30.138], [26.1023,42.1214], [21.9904,33.7861], [21.9904,33.7861], [26.1023,42.1214], [6.83621,35.1302], [21.9904,33.7861], [17.8948,45.2542], [25.8508,45.007], [22.5481,53.8988], [31.0171,54.1557], [25.8508,45.007], [33.9637,44.8991], [39.7078,43.4396], [33.9637,44.8991], [30.3194,30.138], [33.9637,44.8991], [39.7078,43.4396], [21.494,51.9255], [35.1384,39.8251], [25.8508,45.007], [32.7273,49.7257], [25.8508,45.007], [25.8508,45.007], [22.9513,48.1424], [39.669,64.5977], [38.4322,57.2723], [46.2549,47.3852], [54.1582,57.4694], [32.7273,49.7257], [41.7911,52.2637], [49.3597,35.5308], [44.2374,57.6962], [60.0668,47.9298], [39.7078,43.4396], [55.788,52.1041], [39.7078,43.4396], [47.6403,45.0858], [41.7911,52.2637], [51.2922,45.0528], [44.2374,57.6962], [54.8001,39.4341], [49.3597,35.5308], [54.8001,39.4341], [60.9206,29.5246], [72.6654,40.9207], [60.0668,47.9298], [55.788,52.1041], [60.0668,47.9298], [51.2922,45.0528], [55.788,52.1041], [46.2549,47.3852], [54.1582,57.4694], [60.0668,47.9298], [54.1582,57.4694], [59.0005,61.0257], [59.0005,61.0257], [52.0542,68.95], [65.5667,53.3787], [61.4633,69.3104], [73.6379,54.2889], [64.3285,59.8833], [73.1163,64.019], [79.4701,64.0257], [60.5558,78.9595], [72.1456,75.263], [68.1472,71.3515], [65.0142,75.0195], [79.4701,64.0257], [79.4701,64.0257], [73.1163,64.019], [65.0142,75.0195], [70.6958,84.3747], [69.8807,96.3722], [60.5558,78.9595], [70.6958,84.3747], [65.0142,75.0195], [75.8329,75.9441], [70.6958,84.3747], [96.1546,72.7228], [96.1546,72.7228], [96.1546,72.7228], [81.1255,64.0753], [94.3172,88.0585], [88.1998,100.871], [96.1546,72.7228], [94.3172,88.0585], [94.3172,88.0585], [75.8329,75.9441], [94.3172,88.0585], [61.8927,92.2636], [94.3172,88.0585], [88.1998,100.871], [69.8807,96.3722], [88.1998,100.871], [69.8807,96.3722], [69.8807,96.3722], [69.8807,96.3722], [57.3715,89.2266], [78.0502,86.6675], [69.8807,96.3722], [69.8807,96.3722], [69.8807,96.3722], [71.1293,92.7196], [71.1293,92.7196], [65.0142,75.0195], [71.1293,92.7196], [56.5371,98.8769], [75.8329,75.9441], [78.0502,86.6675], [61.8927,92.2636], [61.8927,92.2636], [61.8927,92.2636], [51.1072,80.371], [78.0502,86.6675], [70.6958,84.3747], [61.8927,92.2636], [78.0502,86.6675], [69.8807,96.3722], [61.8927,92.2636], [57.3715,89.2266], [56.5371,98.8769], [69.8807,96.3722], [71.1293,92.7196], [56.5371,98.8769], [57.3715,89.2266], [56.5371,98.8769], [61.8927,92.2636], [61.8927,92.2636], [50.6291,90.8418], [47.9876,90.5472], [47.9876,90.5472], [57.3715,89.2266], [46.9365,101.415], [46.9365,101.415], [34.4744,92.4183], [39.2214,96.6777], [32.7901,88.6981], [51.3044,86.6357], [20.7651,103.073], [34.4744,92.4183], [30.794,84.9034], [39.2214,96.6777], [47.7444,104.691], [39.2214,96.6777], [30.794,84.9034], [34.4744,92.4183], [47.9876,90.5472], [39.2214,96.6777], [39.2214,96.6777], [34.4744,92.4183], [30.794,84.9034], [47.7444,104.691], [50.6291,90.8418], [34.4744,92.4183], [56.5371,98.8769], [47.9876,90.5472], [47.9876,90.5472], [51.3044,86.6357], [39.4972,89.6876], [46.9365,101.415], [51.3044,86.6357], [46.9365,101.415], [30.794,84.9034], [39.2214,96.6777], [32.7901,88.6981], [47.7444,104.691], [32.7901,88.6981], [46.9365,101.415], [51.3044,86.6357], [56.5371,98.8769], [57.3715,89.2266], [47.9876,90.5472], [60.5558,78.9595], [51.3044,86.6357], [51.1072,80.371], [51.3658,68.4957], [43.9848,77.8826], [51.1072,80.371], [51.1072,80.371], [50.6291,90.8418], [51.1072,80.371], [60.5558,78.9595], [43.9848,77.8826], [60.5558,78.9595], [57.3715,89.2266], [51.3658,68.4957], [54.1437,74.1309], [54.1437,74.1309], [57.3715,89.2266], [50.6291,90.8418], [39.4972,89.6876], [51.1072,80.371], [43.9848,77.8826], [57.3715,89.2266], [26.9841,78.9235], [45.1641,81.0424], [50.6291,90.8418], [51.3044,86.6357], [39.4972,89.6876], [45.1641,81.0424], [43.9848,77.8826], [54.1437,74.1309], [45.1641,81.0424], [30.794,84.9034], [33.4792,81.0983], [30.794,84.9034], [39.4972,89.6876], [45.1641,81.0424], [33.4792,81.0983], [39.4972,89.6876], [51.1072,80.371], [34.4744,92.4183], [39.4972,89.6876], [47.9876,90.5472], [47.9876,90.5472], [39.4972,89.6876], [34.4744,92.4183], [47.7444,104.691], [34.4744,92.4183], [39.2214,96.6777], [30.794,84.9034], [46.9365,101.415], [39.2214,96.6777], [32.7901,88.6981], [34.4744,92.4183], [30.794,84.9034], [26.6046,98.6897], [30.794,84.9034], [34.4744,92.4183], [39.2214,96.6777], [26.9841,78.9235], [24.2236,98.2787], [39.2214,96.6777], [29.1438,86.885], [43.3741,78.5425], [56.2076,89.687], [56.6418,74.8413], [56.2076,89.687], [36.8726,78.4529], [43.3741,78.5425], [36.8726,78.4529], [28.9893,81.4867], [22.2249,77.7454], [34.8708,69.9382], [27.3701,84.9357], [22.2249,77.7454], [28.9893,81.4867], [27.6822,74.6024], [36.8726,78.4529], [18.6359,67.8651], [19.7963,77.8516], [22.8443,74.5328], [29.1438,86.885], [31.1075,77.9789], [43.3741,78.5425], [27.6822,74.6024], [27.6822,74.6024], [39.4029,72.0135], [31.1075,77.9789], [39.4029,72.0135], [43.3741,78.5425], [43.3741,78.5425], [61.4615,79.7307], [61.4615,79.7307], [56.2076,89.687], [61.4615,79.7307], [43.3741,78.5425], [63.3476,69.1054], [52.0252,67.2134], [63.3476,69.1054], [43.3741,78.5425], [56.6418,74.8413], [52.0252,67.2134], [43.3741,78.5425], [56.6418,74.8413], [43.664,62.1947], [52.0252,67.2134], [48.0374,72.3735], [54.0411,61.8453], [34.8708,69.9382], [34.8708,69.9382], [34.8708,69.9382], [43.664,62.1947], [34.8708,69.9382], [62.5118,68.4928], [39.4029,72.0135], [39.4029,72.0135], [39.4029,72.0135], [48.0374,72.3735],