{
  "instance_index": 0,
  "birth_iter": 69,
  "death_iter": 101,
  "survival_iters": 32,
  "censored": true,
  "pre_vnd_cost": 9350.2,
  "post_vnd_cost": 502.334,
  "pre_vnd_coords": [[80,20], [78.6759,14.1491], [85.0605,24.7789], [82.9328,13.8007], [83.5038,13.754], [81.0705,13.9531], [85.1925,23.3732], [65.5584,17.272], [66.8318,16.1135], [60.7553,21.642], [78.4436,18.6599], [77.9955,19.0943], [73.1588,14.6012], [68.0324,15.0212], [64.3508,18.3707], [61.9202,20.5822], [57.064,25.0006], [53.6239,42.6448], [52.3046,23.8617], [57.6907,40.2229], [49.5839,22.6156], [56.3641,25.6376], [53.6272,24.4674], [63.1448,19.468], [56.7366,25.2986], [57.769,39.9215], [57.7946,39.8231], [58.4739,23.7177], [48.1646,21.9655], [42.0559,19.002], [48.4754,46.0319], [56.9423,40.6686], [40.9588,18.2798], [46.312,21.1171], [33.829,35.6409], [50.9586,23.2452], [35.0981,39.2216], [28.2319,40.3861], [40.2132,17.7891], [48.6356,45.832], [55.0042,41.8228], [47.3333,34.9992], [30.5245,39.0991], [44.312,37.606], [46.9374,36.0622], [47.3716,34.708], [47.256,35.5863], [34.928,61.2066], [34.3444,60.9272], [33.4217,40.2836], [25.1947,56.0726], [34.7836,61.1374], [34.6342,61.0659], [31.2359,59.4393], [35.2211,61.3469], [33.8851,60.7073], [34.1924,60.8544], [30.0162,58.8555], [34.6764,63.2714], [31.5304,59.5803], [32.6293,60.1063], [31.2766,75.2833], [31.9901,72.7624], [36.9397,41.7219], [38.9211,40.6522], [34.8726,62.5784], [35.1523,61.59], [35.0845,61.8298], [35.0071,62.1032], [34.4743,63.9854], [35.0682,61.2737], [33.45,60.4991], [34.1975,64.9634], [33.3731,67.8761], [41.4901,39.2653], [33.8745,66.1047], [9.98045,70.4856], [9.80723,70.7095], [9.82491,70.0314], [9.8745,68.1298], [9.92516,66.1873], [9.91619,66.5314], [9.86913,68.336], [9.81922,70.2498], [9.90099,70.5883], [9.96382,64.705], [12.53,67.191], [10.6205,69.6585], [12.652,67.0333], [10.0747,60.4551], [9.89551,67.3243], [9.90332,67.025], [12.2106,67.6038], [9.81335,70.4745], [9.83802,69.5287], [9.85028,69.0588], [9.84428,69.2886], [9.9102,66.7609], [9.88769,67.6242], [12.01,67.863], [9.86311,68.5668], [9.98478,63.9013], [13.3022,66.1931], [9.9436,65.4802], [12.317,67.4662], [9.85664,68.8146], [10.9005,69.2967], [15.7011,63.0932], [12.108,67.7363], [10.0286,62.2204], [11.4459,68.5919], [12.7693,66.8817], [11.1792,68.9365], [9.83165,69.7729], [10.248,53.808], [10.2731,52.8451], [24.5303,41.7586], [10.2576,53.4393], [10.0523,61.3114], [9.88135,67.8671], [10.2913,52.149], [34.9108,39.5645], [21.6136,42.8401], [26.0807,41.1837], [20.5825,43.2224], [23.6424,42.0878], [19.2779,43.7061], [28.9618,40.1155], [14.6361,64.4694], [34.9108,39.5645], [43.7731,37.9228], [30.2799,38.9991], [30.7495,39.1911], [34.6571,40.7887], [33.6706,40.3854], [42.5588,38.6369], [47.2148,35.899], [42.9314,38.4177], [26.9542,22.804], [23.3881,35.7053], [32.2883,39.8203], [41.8446,39.0568], [31.8782,39.6526], [22.3267,34.7087], [31.4994,39.4977], [11.8991,53.1989], [11.052,35.024], [11.1417,37.0216], [11.177,37.8063], [11.052,35.024], [12.8666,18.1262], [12.4768,21.7564], [12.8667,18.1258], [11.1502,37.2107], [20.841,31.0715], [22.4305,34.8062], [12.4509,21.9974], [21.0973,33.5546], [12.5042,21.5015], [13.0473,16.4899], [13.2229,14.8981], [13.1819,15.2702], [13.2366,14.7745], [12.8666,18.1266], [12.2545,23.8268], [12.6385,20.2507], [12.1497,24.8023], [12.9267,17.5817], [22.1548,15.7225], [11.9107,27.0283], [11.7686,28.3514], [13.2089,15.0256], [12.4287,22.2045], [11.1596,37.4199], [13.1956,15.1455], [11.3469,32.278], [12.8667,18.1253], [12.8666,18.1269], [13.2517,14.6378], [13.1085,15.9352], [15.6328,14.9278], [12.9867,17.0384], [13.1687,15.3901], [32.1981,14.9501], [26.8695,16.2968], [31.607,15.8354], [12.0354,25.8671], [28.7476,20.118], [21.75,34.1674], [24.9989,25.4484], [25.7077,24.4898], [26.8695,16.2968], [29.6361,18.7872], [21.8883,34.2972], [22.9842,28.1731], [11.2291,33.3753], [26.8695,16.2968], [19.3653,15.3826], [28.345,20.721], [26.8695,16.2968], [29.1655,19.492], [22.9668,35.3098], [26.3615,23.6055], [17.7962,15.1914], [26.8695,16.2968], [21.4801,33.9139], [26.0404,37.2658], [20.6284,15.5365], [26.8695,16.2968], [26.8695,16.2968], [30.8997,16.8947], [32.742,14.1355], [24.2687,26.4359], [33.1657,13.5009], [28.1226,21.0541], [28.5546,20.4071], [26.8695,16.2968], [26.8695,16.2968], [46.351,36.407], [26.8695,16.2968], [44.9798,37.2133], [26.9239,16.2727], [45.4621,36.9297], [46.1048,36.5518], [45.8261,36.7156], [47.2984,35.2642], [47.2148,35.899], [47.2148,35.899], [46.6959,36.2041], [23.3887,42.1819], [28.9071,40.1358], [23.0829,42.2953], [23.5204,42.1331], [29.9279,39.7954], [28.3082,40.3579], [28.4613,40.3011], [22.4304,42.5372], [26.7289,40.9434], [30.1638,39.7465], [28.7657,40.1882], [28.8429,40.1596], [28.5365,40.2732], [34.9108,39.5645], [28.6927,40.2153], [28.3865,40.3288], [22.7956,42.4018], [29.494,39.9182], [24.0161,41.9493], [28.6153,40.244], [23.2347,42.239], [27.337,40.718], [22.028,42.6864], [27.9249,40.5], [10.3241,50.8892], [18.6637,43.9339], [30.7476,39.7217], [32.0687,39.6717], [24.1431,41.9022], [23.7615,42.0437], [19.7243,43.5406], [20.0694,43.4127], [29.6946,39.8438], [15.8791,44.9664], [15.6525,45.0504], [29.3114,39.9859], [12.2998,46.8002], [30.1796,39.7432], [19.8933,43.478], [30.1796,39.7432], [10.405,47.7891], [14.9209,45.4322], [10.396,48.1329], [10.3642,49.3527], [10.1711,56.7568], [10.34,50.2818], [14.0387,45.8927], [10.2271,54.6092], [10.2123,55.1779], [11.3495,47.2962], [10.2013,55.6004], [10.378,48.8245], [10.3689,49.1713], [13.1372,46.3631], [16.7103,44.6581], [17.7173,44.2848], [16.3136,44.8053], [10.3735,48.9969], [24.3922,41.8098], [10.0076,63.0274], [24.9785,41.5924], [10.3556,49.6831], [10.3913,48.3147], [10.3823,48.6602], [19.5436,43.6076], [20.7433,43.1628], [10.3133,51.3054], [10.1559,57.3402], [16.0627,44.8983], [10.1914,55.9803], [10.1131,58.9809], [10.1821,56.3359], [10.2075,55.3606], [10.2172,54.9903], [10.1351,58.139], [10.243,53.9989], [10.2679,53.0456], [10.3867,48.4912], [10.332,50.5878], [10.4005,47.962], [17.2008,44.4763], [10.3475,49.9925], [10.3316,70.0318], [10.2376,54.2073], [10.222,54.8057], [12.4288,67.3217], [10.3028,51.7075], [10.2623,53.2584], [11.765,68.1795], [10.232,54.4223], [10.279,52.62], [11.912,67.9896], [22.9204,42.3555], [23.8822,41.9989], [29.131,40.0527], [25.5075,41.3963], [20.2344,43.3515], [19.3908,43.6643], [24.267,41.8562], [21.164,43.0068], [20.4064,43.2877], [10.253,53.6179], [11.8532,52.705], [14.6404,53.9028], [13.098,53.6564], [13.7812,53.7655], [22.7557,56.8611], [20.9503,55.2257], [22.2188,56.3747], [24.0655,36.3412], [13.2644,53.683], [34.0332,60.7782], [24.006,56.6847], [24.2864,36.5487], [34.9963,40.9274], [21.7321,55.9338], [29.5643,38.7066], [22.5485,56.6734], [24.612,56.3726], [25.0932,56.1248], [24.2676,56.55], [33.6299,66.9689], [33.0901,68.876], [27.2257,57.192], [18.7262,54.5555], [24.4865,56.4372], [30.646,59.1569], [33.5907,60.5664], [33.1827,60.3711], [19.2578,71.3903], [50.1532,60.3685], [22.6557,75.1394], [30.2928,58.9879], [32.0339,59.8213], [23.7604,56.8111], [24.7405,56.3064], [13.0036,65.8782], [22.3277,56.4734], [23.5318,56.9288], [12.9328,65.9819], [21.3227,55.563], [14.2987,53.8482], [13.9537,53.7931], [21.4572,55.6849], [32.3206,59.9585], [24.3808,56.4916], [26.3536,56.6605], [23.0846,57.1591], [13.2375,65.5359], [20.2783,73.5885], [13.0673,65.785], [29.7292,58.7181], [13.1019,65.7343], [12.8916,66.0423], [22.9784,57.0629], [11.497,79.3825], [12.6332,66.4208], [12.1617,70.765], [27.0429,75.2126], [23.3004,57.0479], [22.4325,56.5684], [24.1162,75.1638], [22.87,56.9647], [12.9701,65.9273], [31.2766,75.2833], [43.1779,74.8126], [23.6459,56.8701], [23.1933,57.1031], [30.9346,59.2951], [25.886,56.3754], [22.6587,56.7732], [23.4196,56.9866], [31.2766,75.2833], [31.7774,59.6985], [47.3116,77.526], [34.485,60.9945], [44.9876,71.2427], [32.3439,71.5126], [33.7467,60.6411], [31.2766,75.2833], [32.9376,60.2538], [32.6166,70.5489], [45.4361,70.5036], [22.0067,56.1826], [31.2766,75.2833], [31.2766,75.2833], [20.2675,74.2693], [47.0325,67.549], [20.2818,