{
  "instance_index": 0,
  "birth_iter": 33,
  "death_iter": 40,
  "survival_iters": 7,
  "censored": false,
  "pre_vnd_cost": 11309.4,
  "post_vnd_cost": 619.037,
  "pre_vnd_coords": [[80,20], [64.9345,9.09696], [96.5921,23.1344], [96.5921,23.1344], [92.7414,5.16902], [96.5921,23.1344], [92.7414,5.16902], [92.7414,5.16902], [92.7414,5.16902], [64.9345,9.09696], [64.9345,9.09696], [64.9345,9.09696], [64.9345,9.09696], [67.3674,18.4006], [57.6366,30.3995], [57.6366,30.3995], [67.3674,18.4006], [67.3674,18.4006], [67.3674,18.4006], [67.3674,18.4006], [54.8001,39.4341], [57.6366,30.3995], [49.3597,35.5308], [60.9206,29.5246], [49.2544,26.8891], [57.6366,30.3995], [45.1555,42.5271], [49.2544,26.8891], [49.2544,26.8891], [54.8001,39.4341], [49.2544,26.8891], [49.3597,35.5308], [57.6366,30.3995], [60.9206,29.5246], [47.6403,45.0858], [54.8001,39.4341], [54.8001,39.4341], [57.6366,30.3995], [57.6366,30.3995], [60.9206,29.5246], [60.9206,29.5246], [51.2922,45.0528], [54.8001,39.4341], [49.3597,35.5308], [54.8001,39.4341], [51.7326,42.8163], [56.5862,52.2361], [48.2279,48.7921], [51.7326,42.8163], [52.1541,60.9851], [48.2279,48.7921], [51.7326,42.8163], [56.5862,52.2361], [54.0755,65.0721], [56.5862,52.2361], [56.5862,52.2361], [56.5862,52.2361], [63.7291,51.9164], [72.6463,65.1488], [51.7326,42.8163], [63.7291,51.9164], [70.3723,60.9429], [63.7291,51.9164], [61.3112,46.6712], [63.7291,51.9164], [70.3723,60.9429], [70.3723,60.9429], [63.7291,51.9164], [63.7291,51.9164], [54.0755,65.0721], [62.4315,66.2673], [72.6463,65.1488], [70.3723,60.9429], [62.4315,66.2673], [70.3723,60.9429], [72.6463,65.1488], [62.4315,66.2673], [63.7291,51.9164], [66.4976,72.3143], [66.4976,72.3143], [54.0755,65.0721], [54.0755,65.0721], [63.0768,69.2848], [62.4315,66.2673], [63.0768,69.2848], [66.4976,72.3143], [72.6463,65.1488], [72.6463,65.1488], [70.3723,60.9429], [62.4315,66.2673], [66.4976,72.3143], [54.0755,65.0721], [51.9377,62.7155], [54.0755,65.0721], [62.4315,66.2673], [51.9377,62.7155], [56.5862,52.2361], [70.3723,60.9429], [42.8021,72.8803], [56.5862,52.2361], [56.5862,52.2361], [42.8021,72.8803], [40.4343,68.8719], [51.9377,62.7155], [51.9377,62.7155], [66.4976,72.3143], [62.4315,66.2673], [72.6463,65.1488], [63.0768,69.2848], [45.2159,92.5562], [45.2159,92.5562], [40.7873,94.7752], [33.255,96.0627], [40.7873,94.7752], [45.2159,92.5562], [45.2159,92.5562], [26.5177,87.8802], [26.5177,87.8802], [33.255,96.0627], [33.255,96.0627], [45.2159,92.5562], [28.1317,104.499], [45.2159,92.5562], [36.9576,84.5838], [26.1406,94.5743], [36.9576,84.5838], [33.255,96.0627], [40.7873,94.7752], [26.1406,94.5743], [33.255,96.0627], [27.8568,97.6739], [26.1406,94.5743], [26.1406,94.5743], [26.1406,94.5743], [26.1406,94.5743], [19.2563,98.7783], [26.5177,87.8802], [13.7546,95.2972], [26.1406,94.5743], [25.2631,83.2937], [23.9892,84.4838], [26.1406,94.5743], [36.9576,84.5838], [26.5177,87.8802], [27.8568,97.6739], [25.1003,75.868], [26.5177,87.8802], [45.2159,92.5562], [26.5177,87.8802], [36.9576,84.5838], [45.2159,92.5562], [33.255,96.0627], [28.1317,104.499], [45.2159,92.5562], [45.2159,92.5562], [45.2159,92.5562], [45.2159,92.5562], [45.2159,92.5562], [45.2159,92.5562], [36.9576,84.5838], [45.2159,92.5562], [45.2159,92.5562], [36.9576,84.5838], [42.8021,72.8803], [33.255,96.0627], [33.255,96.0627], [26.5177,87.8802], [25.1003,75.868], [26.9841,78.9235], [26.9841,78.9235], [-3.01575,64.783], [-3.01575,64.783], [5.31221,57.7519], [-3.01575,64.783], [3.45397,64.5689], [-3.01575,64.783], [5.31221,57.7519], [-0.908973,42.0825], [15.4063,59.3277], [21.494,51.9255], [1.4999,50.0939], [9.40423,45.0974], [17.8948,45.2542], [9.40423,45.0974], [15.4063,59.3277], [-0.908973,42.0825], [3.45397,64.5689], [5.55333,50.7568], [5.31221,57.7519], [15.4063,59.3277], [15.4063,59.3277], [5.31221,57.7519], [5.31221,57.7519], [34.2718,64.1958], [22.9513,48.1424], [15.4063,59.3277], [31.9924,66.0675], [25.0628,65.129], [3.45397,64.5689], [26.9841,78.9235], [26.9841,78.9235], [31.9924,66.0675], [22.5481,53.8988], [25.0628,65.129], [3.45397,64.5689], [22.0501,58.6007], [31.0171,54.1557], [22.0501,58.6007], [21.494,51.9255], [38.4322,57.2723], [22.0501,58.6007], [21.494,51.9255], [25.0628,65.129], [17.8948,45.2542], [25.0628,65.129], [31.0171,54.1557], [25.8508,45.007], [38.4322,57.2723], [45.1439,66.0686], [38.4322,57.2723], [25.8508,45.007], [32.665,33.3013], [35.3518,63.9599], [46.2549,47.3852], [35.3518,63.9599], [41.7911,52.2637], [41.7911,52.2637], [39.7078,43.4396], [45.1555,42.5271], [39.7078,43.4396], [33.9637,44.8991], [39.7078,43.4396], [35.1384,39.8251], [49.3597,35.5308], [32.7273,49.7257], [39.7078,43.4396], [45.1555,42.5271], [33.6333,24.6964], [28.7958,36.5617], [39.7078,43.4396], [49.2544,26.8891], [33.9637,44.8991], [33.6333,24.6964], [39.7078,43.4396], [57.6366,30.3995], [57.6366,30.3995], [49.2544,26.8891], [33.6333,24.6964], [39.7078,43.4396], [57.6366,30.3995], [42.822,25.5087], [36.6375,18.9636], [41.5925,34.0079], [33.6081,13.9975], [36.6375,18.9636], [20.8441,15.4703], [42.822,25.5087], [36.6375,18.9636], [36.6375,18.9636], [33.6333,24.6964], [42.822,25.5087], [36.6375,18.9636], [36.6375,18.9636], [36.6375,18.9636], [33.6081,13.9975], [36.6375,18.9636], [33.6081,13.9975], [36.6375,18.9636], [33.6081,13.9975], [20.8441,15.4703], [33.6333,24.6964], [33.6081,13.9975], [33.6333,24.6964], [36.6375,18.9636], [32.665,33.3013], [33.6081,13.9975], [30.3194,30.138], [20.8441,15.4703], [20.8441,15.4703], [30.3194,30.138], [30.3194,30.138], [30.3194,30.138], [28.7958,36.5617], [10.3665,16.8609], [14.1354,28.8311], [18.195,23.3996], [18.195,23.3996], [18.195,23.3996], [26.1023,42.1214], [27.0355,16.1236], [20.8441,15.4703], [6.00533,13.8354], [18.195,23.3996], [10.3665,16.8609], [18.195,23.3996], [10.3665,16.8609], [20.8441,15.4703], [6.00533,13.8354], [27.0355,16.1236], [20.8441,15.4703], [27.0355,16.1236], [33.6081,13.9975], [20.8441,15.4703], [6.00533,13.8354], [10.3665,16.8609], [15.9129,11.6649], [6.00533,13.8354], [15.9129,11.6649], [15.9129,11.6649], [10.3665,16.8609], [10.3665,16.8609], [6.00533,13.8354], [4.69474,23.3934], [15.9129,11.6649], [4.69474,23.3934], [14.1354,28.8311], [4.69474,23.3934], [5.5157,31.5944], [6.83621,35.1302], [14.1354,28.8311], [5.5157,31.5944], [14.1354,28.8311], [6.83621,35.1302], [10.3665,16.8609], [5.5157,31.5944], [4.69474,23.3934], [15.9129,11.6649], [-0.908973,42.0825], [12.9914,37.8785], [27.0355,16.1236], [31.0171,54.1557], [28.7958,36.5617], [32.665,33.3013], [18.195,23.3996], [15.7361,41.1655], [8.61879,37.3588], [15.7361,41.1655], [3.14428,42.0827], [8.61879,37.3588], [8.61879,37.3588], [-0.205989,57.317], [3.14428,42.0827], [3.14428,42.0827], [15.7361,41.1655], [15.7361,41.1655], [8.61879,37.3588], [5.17257,44.8379], [8.61879,37.3588], [5.17257,44.8379], [8.61879,37.3588], [5.17257,44.8379], [5.17257,44.8379], [-2.00019,50.6889], [5.17257,44.8379], [24.8337,46.6057], [18.7339,48.1692], [5.17257,44.8379], [18.7339,48.1692], [8.61879,37.3588], [-2.00019,50.6889], [15.7361,41.1655], [15.7361,41.1655], [14.2711,52.0352], [5.17257,44.8379], [15.7361,41.1655], [15.7361,41.1655], [15.7361,41.1655], [21.7573,51.5583], [13.3272,55.283], [31.3499,50.6016], [18.7339,48.1692], [24.8337,46.6057], [27.3917,55.5895], [13.3272,55.283], [21.7573,51.5583], [13.3272,55.283], [25.3156,66.4139], [13.3272,55.283], [-0.205989,57.317], [-2.00019,50.6889], [-2.00019,50.6889], [14.2711,52.0352], [-0.205989,57.317], [-0.205989,57.317], [-3.93551,67.7603], [-0.205989,57.317], [-3.93551,67.7603], [-3.93551,67.7603], [3.14428,42.0827], [13.3272,55.283], [-3.93551,67.7603], [17.8948,45.2542], [21.9904,33.7861], [26.1023,42.1214], [21.9904,33.7861], [21.9904,33.7861], [26.1023,42.1214], [17.8948,45.2542], [17.8948,45.2542], [39.7078,43.4396], [21.9904,33.7861], [35.1384,39.8251], [33.9637,44.8991], [22.9513,48.1424], [30.3194,30.138], [25.8508,45.007], [25.8508,45.007], [32.7273,49.7257], [34.2718,64.1958], [25.8508,45.007], [25.8508,45.007], [25.0628,65.129], [22.5481,53.8988], [22.0501,