{
  "instance_index": 0,
  "birth_iter": 2,
  "death_iter": 50,
  "survival_iters": 48,
  "censored": false,
  "pre_vnd_cost": 10991.7,
  "post_vnd_cost": 623.982,
  "pre_vnd_coords": [[80,20], [80.062,40.8749], [80.062,40.8749], [59.4501,35.1437], [71.4196,41.2525], [80.062,40.8749], [71.4196,41.2525], [60.2852,43.6824], [68.3184,21.1904], [47.4761,36.1001], [54.6658,36.9801], [64.6992,37.2412], [57.3339,41.1317], [50.6025,50.4711], [45.4315,29.1353], [50.1758,28.1356], [44.7014,34.0889], [50.5055,41.9227], [45.9791,45.6424], [50.5055,41.9227], [52.8377,20.5975], [58.7649,28.1524], [56.7835,45.6913], [58.7649,28.1524], [58.7649,28.1524], [58.7649,28.1524], [58.7649,28.1524], [58.7649,28.1524], [57.3339,41.1317], [50.1758,28.1356], [50.5055,41.9227], [67.6173,48.1755], [61.0976,57.6533], [63.4753,46.5467], [72.3029,53.3073], [74.774,44.213], [64.6992,37.2412], [74.774,44.213], [74.774,44.213], [58.7649,28.1524], [58.7649,28.1524], [58.7649,28.1524], [52.8377,20.5975], [58.7649,28.1524], [52.8377,20.5975], [45.4315,29.1353], [61.4885,39.7333], [50.5055,41.9227], [35.1024,32.6729], [45.4315,29.1353], [50.1758,28.1356], [45.4315,29.1353], [41.6569,21.5417], [41.6569,21.5417], [41.6569,21.5417], [41.6569,21.5417], [28.6203,21.3356], [28.6203,21.3356], [35.1024,32.6729], [34.0869,44.3225], [50.1758,28.1356], [19.8199,40.996], [19.6462,28.9892], [17.9911,17.9116], [28.6203,21.3356], [19.6462,28.9892], [25.3865,12.9709], [19.6462,28.9892], [16.8662,25.4998], [5.38784,24.0254], [3.0919,15.1724], [12.5388,20.8717], [12.5388,20.8717], [36.5046,21.8708], [16.8662,25.4998], [19.3355,44.2987], [8.00242,40.0406], [8.08555,29.7936], [19.6462,28.9892], [5.38784,24.0254], [8.08555,29.7936], [4.91367,34.7078], [11.2022,30.6193], [5.38784,24.0254], [-8.69603,31.4043], [8.00242,40.0406], [1.79788,38.6646], [5.38784,24.0254], [5.38784,24.0254], [11.1789,16.9136], [8.08555,29.7936], [5.38784,24.0254], [11.1789,16.9136], [-8.69603,31.4043], [4.91367,34.7078], [12.5388,20.8717], [11.1789,16.9136], [8.08555,29.7936], [3.0919,15.1724], [3.0919,15.1724], [3.0919,15.1724], [17.9911,17.9116], [21.3261,23.1273], [28.397,29.4664], [21.3261,23.1273], [28.397,29.4664], [21.3261,23.1273], [21.3261,23.1273], [18.8426,32.3783], [36.9669,41.7538], [28.397,29.4664], [18.8426,32.3783], [47.4761,36.1001], [21.3261,23.1273], [38.8909,33.4304], [36.9669,41.7538], [36.9669,41.7538], [38.8909,33.4304], [38.8909,33.4304], [47.4761,36.1001], [38.8909,33.4304], [38.8909,33.4304], [24.3711,37.4597], [26.1354,47.9146], [36.9669,41.7538], [46.5875,50.1235], [36.9669,41.7538], [26.1354,47.9146], [36.9669,41.7538], [47.4761,36.1001], [36.9669,41.7538], [40.9397,47.949], [47.4761,36.1001], [36.9669,41.7538], [47.4761,36.1001], [46.5875,50.1235], [46.5875,50.1235], [40.9397,47.949], [53.3597,44.6382], [53.3597,44.6382], [40.9397,47.949], [54.6658,36.9801], [62.7286,4.89129], [62.7286,4.89129], [45.4748,10.4198], [38.8909,33.4304], [37.1938,14.8882], [37.1938,14.8882], [45.4748,10.4198], [37.1938,14.8882], [31.0956,7.06981], [31.0956,7.06981], [37.1938,14.8882], [37.1938,14.8882], [31.0956,7.06981], [37.1938,14.8882], [21.3261,23.1273], [37.1938,14.8882], [31.0956,7.06981], [16.2977,12.3744], [16.2977,12.3744], [2.46944,5.23193], [-4.31712,4.26861], [5.38784,24.0254], [3.0919,15.1724], [16.8662,25.4998], [19.6462,28.9892], [19.6462,28.9892], [19.6462,28.9892], [74.774,44.213], [72.3029,53.3073], [67.6173,48.1755], [72.3029,53.3073], [71.0302,69.9614], [71.8642,60.7982], [71.8642,60.7982], [67.6173,48.1755], [56.6349,62.5746], [71.0302,69.9614], [71.0302,69.9614], [71.0302,69.9614], [59.5119,66.1584], [69.7123,69.9745], [71.0302,69.9614], [71.2457,78.1807], [64.8292,73.6951], [63.7759,84.4689], [71.2457,78.1807], [65.7002,78.2585], [71.0302,69.9614], [71.0302,69.9614], [71.0302,69.9614], [63.2424,68.9949], [69.7123,69.9745], [71.8642,60.7982], [64.544,65.8207], [74.9141,77.6016], [71.0302,69.9614], [74.9141,77.6016], [71.6256,88.1838], [62.8451,91.8199], [55.1759,82.3806], [71.8305,90.4383], [63.8809,84.3477], [63.8809,84.3477], [63.8809,84.3477], [62.8451,91.8199], [63.8809,84.3477], [50.11,64.3395], [63.8809,84.3477], [63.8809,84.3477], [62.8451,91.8199], [62.8451,91.8199], [65.1257,95.6966], [51.14,99.3576], [48.7774,82.1991], [65.0789,102.65], [58.1848,101.302], [63.8809,84.3477], [62.8451,91.8199], [65.0789,102.65], [47.3802,91.7923], [60.1493,99.6219], [50.3286,93.255], [47.3802,91.7923], [62.8451,91.8199], [47.8771,74.4681], [45.8107,83.7552], [48.7774,82.1991], [60.1493,99.6219], [47.3802,91.7923], [48.7774,82.1991], [45.8107,83.7552], [51.14,99.3576], [33.4909,90.1345], [39.7418,80.7398], [47.3649,79.5005], [55.1759,82.3806], [48.7774,82.1991], [48.7774,82.1991], [40.3393,86.0981], [45.8107,83.7552], [47.3802,91.7923], [55.1759,82.3806], [48.7774,82.1991], [45.8107,83.7552], [47.8771,74.4681], [48.7774,82.1991], [40.3393,86.0981], [55.1759,82.3806], [62.8451,91.8199], [48.7774,82.1991], [48.7774,82.1991], [63.8809,84.3477], [47.8771,74.4681], [55.4562,65.8101], [55.4562,65.8101], [63.8809,84.3477], [55.4562,65.8101], [76.584,85.8267], [55.4562,65.8101], [47.8771,74.4681], [55.4562,65.8101], [60.3925,56.8611], [55.1759,82.3806], [47.8771,74.4681], [53.1282,73.5139], [53.1282,73.5139], [55.4562,65.8101], [63.8809,84.3477], [45.8107,83.7552], [48.7774,82.1991], [55.1759,82.3806], [57.3526,54.31], [47.8771,74.4681], [32.8393,75.6165], [50.11,64.3395], [55.4562,65.8101], [47.8771,74.4681], [55.1759,82.3806], [44.3086,80.3421], [35.5751,62.6778], [35.5751,62.6778], [43.1237,54.5589], [37.2281,65.7767], [47.8287,70.6004], [53.5089,44.3904], [56.6349,62.5746], [43.3947,63.8808], [34.0869,44.3225], [43.3947,63.8808], [40.1177,56.3148], [61.0976,57.6533], [50.6025,50.4711], [56.7835,45.6913], [61.0976,57.6533], [53.5089,44.3904], [50.6025,50.4711], [51.6539,57.5204], [56.6349,62.5746], [61.0976,57.6533], [61.0976,57.6533], [56.6349,62.5746], [51.6539,57.5204], [51.6539,57.5204], [64.544,65.8207], [61.0976,57.6533], [43.3947,63.8808], [43.6443,68.2539], [47.8287,70.6004], [56.6349,62.5746], [59.5119,66.1584], [64.544,65.8207], [40.1177,56.3148], [59.5119,66.1584], [64.544,65.8207], [59.5119,66.1584], [51.6539,57.5204], [74.774,44.213], [61.0976,57.6533], [56.7835,45.6913], [64.544,65.8207], [72.3029,53.3073], [63.4753,46.5467], [61.4885,39.7333], [67.6173,48.1755], [72.3029,53.3073], [56.7835,45.6913], [37.0789,50.2106], [53.5089,44.3904], [36.9669,41.7538], [47.4761,36.1001], [63.8809,84.3477], [36.9669,41.7538], [40.9397,47.949], [42.8695,51.9188], [43.9261,68.9365], [42.8695,51.9188], [29.8328,69.8617], [28.4559,54.177], [36.9669,41.7538], [36.1763,59.1275], [36.9669,41.7538], [35.5751,62.6778], [36.9669,41.7538], [40.9397,47.949], [25.7477,60.7279], [28.4559,54.177], [28.9183,47.6241], [24.3711,37.4597], [24.3711,37.4597], [14.0788,50.6863], [28.4559,54.177], [24.3711,37.4597], [24.3711,37.4597], [26.1354,47.9146], [36.9669,41.7538], [24.3711,37.4597], [40.9397,47.949], [28.397,29.4664], [28.9183,47.6241], [12.4596,36.3437], [28.9183,47.6241], [14.4051,46.2951], [28.4559,54.177], [25.7477,60.7279], [26.1354,47.9146], [9.90187,46.0515], [28.4559,54.177], [12.1781,51.0687], [14.4051,46.2951], [9.90187,46.0515], [9.90187,46.0515], [3.16631,51.5188], [12.1781,51.0687], [2.46179,41.8666], [2.46179,41.8666], [15.698,46.267], [1.79788,38.6646], [8.00242,40.0406], [8.00242,40.0406], [8.00242,40.0406], [4.91367,34.7078], [11.2022,30.6193], [19.6462,28.9892], [23.8318,48.7631], [19.6462,28.9892], [19.6462,28.9892], [40.1177,56.3148], [23.8318,48.7631], [23.8318,48.7631], [36.7366,57.1184], [36.7366,57.1184], [32.4146,60.4796], [32.4146,60.4796], [32.4146,60.4796], [51.6539,57.5204], [40.1177,56.3148], [48.3682,77.8152], [47.8771,74.4681], [43.9261,68.9365], [47.8771,74.4681], [55.1759,82.3806], [53.1282,73.5139], [44.3086,80.3421], [47.8771,74.4681], [47.8771,74.4681], [47.8771,74.4681], [47.8771,74.4681], [48.7774,82.1991], [63.8809,84.3477], [55.1759,82.3806], [41.8869,59.8756], [53.1282,73.5139], [43.9261,