{
  "instance_index": 0,
  "birth_iter": 40,
  "death_iter": 40,
  "survival_iters": 0,
  "censored": false,
  "pre_vnd_cost": 6507.05,
  "post_vnd_cost": 779.247,
  "pre_vnd_coords": [[80,20], [98.4204,33.5162], [98.4204,33.5162], [68.2203,46.3654], [83.0729,42.4926], [83.0729,42.4926], [83.0729,42.4926], [83.0729,42.4926], [83.0729,42.4926], [70.8959,47.0054], [70.8959,47.0054], [70.8959,47.0054], [70.8959,47.0054], [70.8959,47.0054], [83.0729,42.4926], [98.4204,33.5162], [68.2203,46.3654], [82.477,56.3092], [89.7213,49.9311], [89.7213,49.9311], [89.7213,49.9311], [89.7213,49.9311], [89.7213,49.9311], [89.7213,49.9311], [82.477,56.3092], [82.477,56.3092], [82.477,56.3092], [82.477,56.3092], [82.477,56.3092], [82.477,56.3092], [82.477,56.3092], [89.7213,49.9311], [71.4545,61.2111], [66.1135,65.3549], [79.2693,68.899], [79.2693,68.899], [75.5752,62.885], [75.5752,62.885], [75.5752,62.885], [75.5752,62.885], [79.2693,68.899], [91.9351,71.8734], [91.9351,71.8734], [91.9351,71.8734], [91.9351,71.8734], [91.3821,81.5779], [74.369,82.3471], [91.3821,81.5779], [91.3821,81.5779], [91.3821,81.5779], [91.3821,81.5779], [91.3821,81.5779], [91.3821,81.5779], [82.4756,93.4058], [82.4756,93.4058], [80.3045,88.175], [69.0552,82.4151], [69.0907,82.6861], [69.1268,82.9617], [69.1665,83.2652], [69.5145,85.9205], [67.8425,73.2113], [67.8425,73.2113], [67.8425,73.2113], [65.7385,74.8452], [66.726,74.0783], [67.2899,73.6405], [68.8558,80.9058], [68.5666,78.7199], [16.3217,18.3946], [21.7768,22.2233], [15.6875,18.0416], [14.7948,17.5449], [15.2495,17.7979], [16.1252,18.2852], [3.46115,9.10511], [3.46115,9.10511], [3.46115,9.10511], [3.46115,9.10511], [3.46115,9.10511], [3.46115,9.10511], [3.46115,9.10511], [-4.78996,17.7809], [9.81043,22.4666], [9.81043,22.4666], [9.81043,22.4666], [9.81043,22.4666], [9.81043,22.4666], [9.26898,46.2173], [12.7479,41.1634], [4.35463,35.9692], [-4.78996,17.7809], [4.35463,35.9692], [4.35463,35.9692], [4.35463,35.9692], [16.7344,22.6276], [9.81043,22.4666], [16.7344,22.6276], [14.3168,31.8005], [9.26898,46.2173], [24.7022,38.2983], [9.26898,46.2173], [9.26898,46.2173], [9.26898,46.2173], [12.7479,41.1634], [4.35463,35.9692], [16.8505,48.3164], [9.26898,46.2173], [16.8505,48.3164], [14.3168,31.8005], [9.26898,46.2173], [9.26898,46.2173], [9.26898,46.2173], [9.26898,46.2173], [20.4724,43.2705], [9.26898,46.2173], [20.4724,43.2705], [9.26898,46.2173], [16.8505,48.3164], [16.8505,48.3164], [16.8505,48.3164], [16.8505,48.3164], [16.8505,48.3164], [8.08304,55.6635], [7.57824,52.8442], [7.57824,52.8442], [7.57824,52.8442], [7.57824,52.8442], [7.57824,52.8442], [7.57824,52.8442], [7.57824,52.8442], [7.57824,52.8442], [7.57824,52.8442], [7.57824,52.8442], [7.57824,52.8442], [7.57824,52.8442], [7.90485,61.7208], [8.08304,55.6635], [8.08304,55.6635], [1.74109,71.4035], [8.08304,55.6635], [8.08304,55.6635], [7.90485,61.7208], [7.90485,61.7208], [12.1461,72.2467], [5.63218,77.4414], [12.1461,72.2467], [1.74109,71.4035], [1.81269,62.3953], [1.81269,62.3953], [-4.41747,56.784], [-4.41747,56.784], [-4.41747,56.784], [-0.728271,68.7862], [-0.728271,68.7862], [1.74109,71.4035], [-4.47736,71.1433], [-4.47736,71.1433], [-0.728271,68.7862], [1.74109,71.4035], [-4.47736,71.1433], [12.1461,72.2467], [-3.94019,84.1021], [12.1461,72.2467], [13.9547,82.2645], [12.1461,72.2467], [12.1461,72.2467], [13.9547,82.2645], [11.5125,79.773], [19.7222,96.0133], [-0.441951,89.9659], [15.9295,89.5693], [-0.441951,89.9659], [5.01905,86.0869], [8.75889,76.7879], [5.01905,86.0869], [2.32656,100.16], [1.74109,71.4035], [-0.441951,89.9659], [11.5125,79.773], [-0.441951,89.9659], [15.0172,84.8685], [10.3334,87.7126], [5.01905,86.0869], [5.63218,77.4414], [10.3334,87.7126], [1.74109,71.4035], [-3.94019,84.1021], [19.7222,96.0133], [10.3334,87.7126], [10.3334,87.7126], [27.3731,95.6895], [2.32656,100.16], [20.581,85.907], [19.7482,97.9587], [10.3334,87.7126], [-0.441951,89.9659], [10.3334,87.7126], [10.3334,87.7126], [19.7482,97.9587], [10.3334,87.7126], [13.0221,102.138], [-0.441951,89.9659], [10.3334,87.7126], [10.3334,87.7126], [-0.441951,89.9659], [10.3334,87.7126], [-3.94019,84.1021], [5.63218,77.4414], [10.3334,87.7126], [2.32656,100.16], [14.3051,89.974], [10.478,90.0728], [10.5223,90.0716], [10.4836,90.0726], [10.4951,90.0723], [10.5011,90.0722], [10.478,90.0727], [26.5065,88.6395], [10.478,90.0727], [15.8301,89.9344], [26.8264,88.6545], [28.2352,88.7206], [26.5065,88.6395], [15.9042,89.6621], [17.1174,85.2192], [28.9721,88.7552], [31.3107,88.8655], [26.5065,88.6395], [26.5065,88.6395], [26.5065,88.6395], [26.5065,88.6395], [27.5298,88.6874], [17.4553,83.9798], [27.1571,84.7357], [27.1745,88.6708], [26.5065,88.6395], [17.7368,82.9478], [26.5065,88.6395], [15.8796,89.7525], [29.7328,88.7909], [18.0393,81.8389], [26.5065,88.6395], [16.346,88.0444], [11.244,75.669], [10.5121,90.0719], [10.3475,78.2823], [10.4893,90.0725], [10.5171,90.0718], [10.6112,77.5136], [15.8439,89.8838], [15.8918,89.7078], [10.524,77.7679], [17.2281,84.8131], [16.833,86.263], [18.5368,80.0152], [15.8679,89.7955], [10.381,78.1847], [10.3475,78.2823], [20.9183,71.2931], [10.5064,90.072], [10.7986,76.9673], [10.6234,77.9845], [10.4153,78.0847], [10.3475,78.2823], [10.3475,78.2823], [12.5805,75.8701], [11.7536,76.7642], [10.7033,77.2453], [10.3475,78.2823], [19.0185,68.9177], [10.3475,78.2823], [12.1948,72.8977], [12.0821,73.2262], [19.4266,68.7583], [12.8263,71.057], [12.4185,72.2456], [19.0185,68.9177], [12.6309,71.6263], [13.1854,70.0102], [13.0972,70.2671], [20.4937,72.8497], [19.0185,68.9177], [10.8958,76.684], [19.7644,75.5243], [17.6343,70.4112], [11.3267,77.2252], [11.8581,73.8792], [28.9842,82.2341], [14.8181,73.4521], [17.3764,70.6894], [20.109,74.2605], [27.4931,82.7184], [10.3475,78.2823], [13.3556,69.514], [36.6544,82.5389], [27.3608,83.5132], [11.6285,74.5483], [27.1929,84.5208], [27.1217,84.9485], [27.3316,83.6886], [14.2063,67.034], [10.3475,78.2823], [20.3627,73.3301], [17.0341,85.525], [11.084,76.1353], [15.9173,89.6141], [17.3408,84.3999], [11.2243,75.7264], [10.3475,78.2823], [5.01905,86.0869], [5.01905,86.0869], [1.74109,71.4035], [15.0732,61.4024], [25.5611,68.238], [23.8577,60.2264], [4.23779,65.0245], [18.6359,67.8651], [4.23779,65.0245], [4.23779,65.0245], [7.90485,61.7208], [1.81269,62.3953], [7.90485,61.7208], [18.6359,67.8651], [15.0732,61.4024], [25.5611,68.238], [15.0732,61.4024], [15.0732,61.4024], [-4.47736,71.1433], [1.74109,71.4035], [-4.47736,71.1433], [15.0732,61.4024], [15.0732,61.4024], [18.6359,67.8651], [18.6359,67.8651], [15.0732,61.4024], [15.0732,61.4024], [15.0732,61.4024], [15.0732,61.4024], [15.0732,61.4024], [15.0732,61.4024], [15.0732,61.4024], [15.0732,61.4024], [27.6269,55.8176], [27.6269,55.8176], [27.6269,55.8176], [27.6269,55.8176], [8.08304,55.6635], [20.4724,43.2705], [28.3654,41.8442], [28.3654,41.8442], [15.407,55.0948], [21.6041,54.3375], [21.6041,54.3375], [21.6041,54.3375], [21.6041,54.3375], [15.407,55.0948], [15.407,55.0948], [12.7479,41.1634], [12.7479,41.1634], [12.7479,41.1634], [14.3168,31.8005], [14.3168,31.8005], [12.7479,41.1634], [12.2398,50.7729], [12.2398,50.7729], [12.2398,50.7729], [12.2398,50.7729], [12.7479,41.1634], [12.7479,41.1634], [12.7479,41.1634], [24.6172,34.5821], [24.7022,38.2983], [28.3654,41.8442], [28.3654,41.8442], [28.3654,41.8442], [28.3654,41.8442], [28.3654,41.8442], [27.6269,55.8176], [28.3654,41.8442], [28.3654,41.8442], [28.3654,41.8442], [29.0606,29.0896], [9.26898,46.2173], [35.5847,48.0424], [35.5847,48.0424], [35.5847,48.0424], [35.5847,48.0424], [35.5847,48.0424], [35.5847,48.0424], [35.5847,48.0424], [27.428,49.5467], [28.1629,51.8967], [28.1629,51.8967], [28.1629,51.8967], [28.1629,51.8967], [28.1629,51.8967], [28.1629,51.8967], [28.1629,51.8967], [28.1629,51.8967], [28.1629,51.8967], [28.1629,51.8967], [27.428,49.5467], [30.6434,52.6336], [30.6434,52.6336], [30.6434,52.6336], [30.6434,52.6336], [28.3654,41.8442], [40.7897,57.9087], [40.7897,57.9087], [27.6269,55.8176], [40.7897,57.9087], [40.553,65.5872], 