{
  "instance_index": 0,
  "birth_iter": 35,
  "death_iter": 80,
  "survival_iters": 45,
  "censored": false,
  "pre_vnd_cost": 9629.52,
  "post_vnd_cost": 535.885,
  "pre_vnd_coords": [[80,20], [70.6751,14.9175], [61.2139,24.1695], [60.9078,24.5665], [68.3969,14.8555], [65.2941,18.8787], [60.1487,25.5509], [60.5682,25.0069], [61.4578,23.8531], [53.107,24.7268], [51.187,31.5311], [43.2655,22.5573], [45.7734,23.1101], [40.164,19.4763], [27.6957,15.9459], [16.1537,26.5428], [14.2671,40.4818], [8.58907,38.2323], [8.58907,38.2323], [9.67523,47.2317], [8.83273,40.2512], [8.63308,38.5969], [8.62239,38.5084], [8.71064,39.2396], [8.77195,39.7476], [9.04785,42.0336], [9.46076,45.4547], [8.94794,41.2058], [10.4327,53.5081], [8.89186,40.7412], [9.20988,43.3761], [8.64421,38.6891], [10.3102,52.493], [10.5768,54.7014], [10.1863,51.4663], [9.83339,48.5423], [10.3731,53.0139], [10.0131,50.0313], [10.0741,50.5366], [16.9126,27.4956], [10.9438,42.7776], [18.4008,52.9457], [15.4331,52.3373], [15.7869,52.4098], [11.0273,43.9333], [14.2013,56.9598], [14.2013,56.9598], [11.5633,51.3479], [15.6882,55.9578], [10.5868,34.8202], [20.544,60.9135], [14.7085,52.1887], [11.5776,51.5469], [12.7696,51.7913], [17.3793,52.7362], [14.3261,56.8756], [14.0388,52.0514], [13.7079,51.9836], [15.9367,55.7904], [10.7059,39.4821], [11.183,46.0879], [18.3246,54.1813], [14.9095,56.4825], [15.2656,70.8236], [8.63344,64.7881], [15.0324,56.3997], [17.6058,54.6656], [11.4252,49.4388], [18.9376,53.0557], [18.0765,54.3485], [16.1167,52.4774], [21.1101,62.3568], [17.161,75.3345], [13.4169,70.3213], [15.7071,72.6525], [13.0146,70.643], [18.3572,87.0893], [18.0473,87.3136], [12.8955,70.7382], [20.1954,66.2626], [16.7557,88.248], [12.7738,89.5727], [11.1588,89.5571], [12.9472,89.5744], [9.91853,88.7703], [9.61558,83.1163], [29.0475,83.4499], [27.2875,78.1056], [9.71875,85.0417], [12.0551,89.5658], [16.6744,74.1764], [28.9591,83.8142], [14.9608,70.0979], [9.49893,80.9397], [27.0442,77.4851], [29.0022,83.6369], [11.8618,89.5639], [10.7319,90.3547], [10.7354,90.2331], [16.7699,90.9475], [11.6743,90.4473], [10.7658,89.5186], [10.884,86.7525], [10.7558,89.7535], [15.3111,90.8042], [10.7321,90.3547], [10.7312,90.3546], [10.7302,90.3545], [10.7304,90.3546], [11.3214,77.5733], [10.8307,88.0003], [10.9622,84.9201], [11.0778,82.2189], [11.5622,77.3031], [10.787,89.0233], [11.2801,77.6197], [10.8494,87.5619], [10.9557,85.0735], [10.7307,90.3546], [10.8116,88.445], [10.8215,88.2137], [10.7456,89.9941], [10.7608,89.6358], [10.7976,88.7728], [10.7816,89.15], [10.7712,89.393], [12.5488,76.1963], [12.5459,71.0178], [11.1037,81.6141], [10.7314,90.3547], [11.0182,83.6125], [10.7505,89.8773], [11.0539,82.7765], [10.7765,89.2685], [10.8766,86.9257], [10.9719,84.6938], [11.0904,81.9246], [9.58268,82.5023], [9.47338,80.463], [9.07939,73.1102], [9.46054,80.2234], [9.34897,78.1413], [9.56748,82.2187], [9.30723,77.3622], [9.51049,81.1552], [16.423,73.5781], [27.2986,90.659], [20.2101,91.2854], [28.208,90.6704], [19.3304,91.199], [27.3051,90.632], [27.3008,90.65], [27.3074,90.6228], [24.5118,91.7076], [14.9286,90.7667], [40.7858,93.305], [25.1832,91.7735], [29.8346,92.2301], [27.639,92.0145], [18.9844,68.975], [20.4035,67.3828], [19.975,65.0773], [39.2376,90.9086], [20.3806,67.2593], [25.9833,64.3872], [25.624,65.4682], [20.3107,66.8835], [17.5863,70.5438], [20.1312,65.917], [15.4474,71.2561], [8.80457,67.9817], [16.6429,55.3145], [20.7315,61.3916], [17.1448,54.9763], [18.7404,53.9011], [14.7894,56.5635], [15.7041,71.8671], [16.9003,55.1411], [18.9495,53.7602], [19.0127,63.1814], [15.8073,55.8776], [11.4782,50.1721], [14.6696,56.6442], [11.5388,51.0098], [11.5517,51.1886], [16.8688,74.639], [8.79015,67.7126], [8.83198,68.4931], [8.9385,70.4807], [15.3023,68.676], [8.76106,67.1698], [8.88895,69.556], [8.84671,68.7679], [14.8736,69.8906], [8.73184,66.6245], [8.68508,65.752], [8.99157,71.4711], [15.1053,70.442], [8.66878,65.4477], [9.5332,81.5789], [8.6519,65.1328], [9.22497,75.827], [9.40492,79.1853], [9.42584,79.5757], [9.01051,71.8243], [8.61622,64.4667], [12.0774,67.1353], [12.1818,68.0006], [12.3115,69.0754], [25.8462,64.6956], [10.9932,58.1517], [11.9143,65.7838], [11.2525,78.1514], [11.238,60.1804], [13.4934,75.1366], [11.8126,77.0222], [12.1154,67.4505], [11.9409,66.0039], [13.1369,75.5365], [20.2838,66.7386], [14.4193,74.0977], [11.275,77.6254], [11.8047,64.8757], [13.5737,75.0465], [20.2249,66.4214], [11.1189,81.2606], [11.1539,80.444], [11.301,77.5962], [11.2958,77.6021], [11.1333,80.9229], [11.1966,79.4495], [9.59846,82.7968], [8.59636,64.0961], [9.63238,83.4298], [9.522,81.3701], [9.55047,81.9012], [15.035,70.2747], [16.1722,67.3877], [15.3604,71.0492], [15.2684,56.2407], [17.0037,74.96], [16.7327,74.3153], [19.1397,53.6321], [17.0818,75.146], [15.9564,72.4675], [16.1838,73.0087], [25.94,64.4845], [25.6217,65.2011], [25.7164,64.988], [11.5687,62.9201], [11.1786,59.6878], [11.5208,50.7616], [11.9673,66.2226], [10.1283,50.9854], [9.53514,46.071], [9.27315,43.9003], [9.39766,44.9319], [8.60106,38.3317], [8.99671,41.6099], [10.7904,56.4716], [9.94927,49.5025], [10.5053,54.1092], [9.33566,44.4182], [10.7532,39.0898], [10.2478,51.9758], [9.60374,46.6394], [10.7166,55.8601], [12.2426,68.5048], [14.5477,56.7263], [11.3932,61.4663], [11.6775,63.8216], [9.15677,42.9361], [10.8982,57.3649], [10.65,55.3085], [11.9978,66.4761], [11.2482,46.9911], [25.5762,65.3035], [25.6683,65.0962], [26.027,64.2887], [14.3963,52.1247], [19.5183,53.377], [15.4086,56.1462], [17.3806,54.8174], [17.8418,54.5066], [12.4905,51.734], [16.9126,27.4956], [15.3828,29.2668], [16.9126,27.4956], [10.386,35.0527], [11.691,33.5415], [12.2899,32.8481], [16.9126,27.4956], [16.9126,27.4956], [10.4938,36.5453], [14.1749,24.0584], [10.386,35.0527], [13.3047,22.9659], [12.7289,22.2429], [12.7225,16.19], [13.7694,31.1348], [13.1092,22.7205], [12.7289,22.2429], [9.09826,42.4512], [8.65436,38.7732], [8.66687,38.8769], [8.58907,38.2323], [39.551,18.8674], [28.3869,15.9986], [29.2527,16.0646], [27.4321,15.9258], [28.4886,16.0063], [41.4939,20.7975], [38.1388,17.4646], [29.0668,16.0504], [38.8388,18.1599], [29.4188,16.0772], [28.584,16.0136], [29.1658,16.0579], [29.3352,16.0709], [37.3512,16.6822], [28.1385,15.9796], [28.7768,16.0283], [28.6802,16.0209], [40.7466,20.0551], [24.4915,15.7015], [14.9477,14.9736], [13.8489,23.6492], [16.9126,27.4956], [16.9126,27.4956], [12.9055,15.3155], [12.9412,15.1452], [28.9702,16.043], [25.7883,15.8004], [31.7228,16.2529], [12.7225,16.19], [12.5589,15.3878], [12.5182,15.1748], [12.6014,15.6101], [12.5182,15.1748], [12.5182,15.1748], [12.5182,15.1748], [12.8232,16.7698], [13.3064,19.2956], [15.0541,27.2827], [13.6525,21.1049], [19.6632,30.4084], [61.6921,23.5493], [59.6688,26.1733], [56.2994,25.4305], [59.1939,26.0686], [57.9526,25.795], [49.2081,23.8673], [52.0446,24.4926], [62.4483,22.5686], [55.0141,25.1472], [48.5996,32.2732], [47.8914,32.4764], [57.8675,45.4846], [80.7717,43.3862], [73.4593,43.3137], [80.8522,43.6881], [80.9312,43.9847], [80.4701,43.3832], [81.1052,44.6377], [81.5375,46.2601], [81.1994,44.9912], [71.6992,43.2962], [68.2326,43.2617], [81.6817,46.8011], [81.2846,45.311], [81.4109,45.785], [81.0185,44.3122], [50.5678,31.7087], [55.1626,50.9515], [72.3021,43.3022], [67.2246,67.2392], [63.9453,51.2882], [64.0995,63.2674], [67.4487,67.1019], [66.74,67.8425], [67.8044,66.884], [67.2978,67.1944], [66.8991,67.4386], [68.9095,66.4646], [67.943,66.799], [79.2444,70.5539], [66.4899,68.9126], [67.7403,66.9232], [67.6694,66.9667], [67.1426,67.2894], [67.0643,67.3374], [66.8236,67.4849], [67.5965,67.0113], [66.3195,69.6414], [67.8737,66.8415], [69.9534,66.1033], [67.5171,67.06], [66.407,69.2672], [66.5665,68.585], [66.6494,68.2303], [78.5464,69.6877], [83.9923,86.1192], [84.7296,85.5136], [86.4628,79.5122], [57.6419,92.3177], [54.1266,91.9066], [53.5359,91.8375], [58.8582,92.4599], [57.2598,92.273], [58.4942,92.4173], [55.8619,92.1095], [49.6204,87.6302], [51.8676,91.6424], [52.6982,91.7395], [49.1226,91.3214], [58.0399,92.3642], 