{
  "instance_index": 0,
  "birth_iter": 17,
  "death_iter": 70,
  "survival_iters": 53,
  "censored": false,
  "pre_vnd_cost": 10022.4,
  "post_vnd_cost": 575.741,
  "pre_vnd_coords": [[80,20], [61.3851,12.2149], [61.3851,12.2149], [65.3304,16.572], [68.534,16.3737], [54.2152,28.1718], [41.8167,20.0566], [51.4641,29.9672], [40.4158,18.6174], [36.7048,31.3614], [48.4363,28.8683], [54.3511,32.3355], [54.3511,32.3355], [72.1599,-2.53696], [72.1599,-2.53696], [52.4839,43.1012], [55.6936,84.0142], [54.5124,77.1066], [57.9443,88.0819], [53.6287,80.2826], [42.861,85.3571], [56.9448,76.7845], [53.326,77.4266], [56.2046,76.8825], [54.2919,81.481], [43.5574,59.6746], [46.8009,91.8908], [57.351,87.0096], [55.9324,84.4458], [57.5491,87.3676], [53.907,80.7854], [54.168,81.2572], [46.1196,90.7609], [63.6691,90.0898], [56.6582,85.7575], [55.525,76.9725], [59.7419,76.4141], [47.1615,92.4889], [53.1586,77.529], [60.6966,76.2876], [55.8761,76.926], [44.5309,88.1264], [45.7072,92.5153], [54.6541,82.1357], [47.0589,92.3188], [58.2402,76.6129], [54.8587,77.0607], [52.9898,77.6321], [59.218,76.4835], [55.1871,77.0172], [55.4501,83.5742], [54.0432,81.0317], [51.9561,61.917], [44.8342,74.3155], [48.7174,76.0393], [47.6269,68.8349], [47.6269,68.8349], [57.9407,63.2211], [48.7174,76.0393], [48.7174,76.0393], [47.6269,68.8349], [39.332,71.7288], [43.5616,91.4798], [44.8342,74.3155], [48.7174,76.0393], [48.7174,76.0393], [38.3611,84.5395], [48.687,84.5552], [43.5616,91.4798], [48.687,84.5552], [48.7174,76.0393], [43.5616,91.4798], [57.9407,63.2211], [54.4537,98.2225], [59.0351,94.7567], [45.0895,92.9767], [64.327,90.5504], [54.4537,98.2225], [48.687,84.5552], [44.5825,101.881], [54.4468,90.8123], [42.9998,97.4773], [54.4537,98.2225], [54.4537,98.2225], [46.2409,96.4073], [54.4537,98.2225], [64.327,90.5504], [47.1104,92.4042], [46.24,90.9606], [36.9161,92.3279], [21.1521,96.0376], [45.9954,90.5551], [45.4391,89.6325], [47.0426,92.2918], [47.1966,92.5471], [46.9791,92.1864], [45.7331,90.1201], [47.0079,92.2342], [47.1799,92.5194], [47.0248,92.2623], [36.9161,92.3279], [47.0935,92.3762], [47.0757,92.3466], [45.2823,89.3724], [36.9161,92.3279], [46.3784,91.1902], [46.6414,91.6264], [44.6622,92.4929], [43.5494,92.4692], [36.3104,92.1715], [37.5774,76.5956], [39.216,79.3128], [40.3062,81.1204], [32.0697,91.0764], [31.869,91.0246], [44.6736,88.363], [44.8133,88.5947], [47.1267,92.4312], [41.1949,92.419], [36.9161,92.3279], [47.1444,92.4606], [36.6176,92.2508], [36.9161,92.3279], [36.9161,92.3279], [35.3274,91.9177], [36.9161,92.3279], [44.0867,87.3898], [40.6929,81.7618], [34.9907,91.8308], [45.8623,90.3343], [46.512,91.4118], [45.591,89.8844], [36.9161,92.3279], [36.9161,92.3279], [36.9161,92.3279], [34.1031,91.6016], [36.9161,92.3279], [42.3651,92.444], [36.9161,92.3279], [36.9161,92.3279], [43.4909,86.4017], [36.9161,92.3279], [35.6611,92.0039], [36.9161,92.3279], [35.9828,92.0869], [33.4518,94.1587], [43.7325,82.8999], [34.2161,82.6625], [34.2161,82.6625], [21.6948,89.7971], [29.4888,83.5507], [36.8882,91.3031], [26.2442,90.3591], [21.1521,96.0376], [43.7325,82.8999], [36.8882,91.3031], [33.4518,94.1587], [33.4518,94.1587], [24.0982,92.3215], [38.3611,84.5395], [12.7274,83.68], [25.6779,75.9267], [13.594,96.3542], [29.4888,83.5507], [24.0982,92.3215], [29.4888,83.5507], [29.4888,83.5507], [33.4518,94.1587], [47.6269,68.8349], [24.9282,71.6177], [21.0853,70.1918], [43.7325,82.8999], [26.0931,67.4973], [33.5351,72.0226], [26.0931,67.4973], [26.0931,67.4973], [29.4888,83.5507], [12.1626,80.7226], [17.6674,74.1527], [14.1272,71.4723], [29.4888,83.5507], [16.1843,77.8819], [17.6674,74.1527], [29.4888,83.5507], [14.1272,71.4723], [26.9125,70.1907], [14.1272,71.4723], [17.6674,74.1527], [12.1626,80.7226], [16.1843,77.8819], [14.1272,71.4723], [26.9125,70.1907], [24.9282,71.6177], [26.2442,90.3591], [26.9125,70.1907], [25.6779,75.9267], [26.9125,70.1907], [24.9282,71.6177], [18.5667,83.8989], [33.5351,72.0226], [25.6779,75.9267], [25.6779,75.9267], [25.6779,75.9267], [29.4888,83.5507], [38.3611,84.5395], [13.594,96.3542], [29.4888,83.5507], [15.7832,69.0778], [5.54559,82.9579], [18.5667,83.8989], [26.9125,70.1907], [19.6058,91.6985], [25.6779,75.9267], [24.0982,92.3215], [33.4518,94.1587], [29.4888,83.5507], [21.6948,89.7971], [18.5667,83.8989], [18.5667,83.8989], [21.5663,89.5239], [10.3602,89.9181], [17.9613,89.587], [10.562,87.3256], [10.5121,87.8923], [9.11606,81.3268], [10.7308,85.4084], [10.5442,87.5276], [8.8826,84.5788], [10.6314,86.5373], [10.7477,85.2166], [17.1268,89.6234], [10.6128,86.7494], [10.442,88.6895], [9.20171,84.3817], [9.01654,84.4961], [8.81992,84.6175], [10.3993,89.9164], [9.26372,84.3434], [10.3685,89.5245], [8.85934,84.1794], [8.97484,82.8961], [11.3394,89.8755], [10.3337,89.9193], [10.475,88.3145], [10.8583,89.8964], [14.7584,89.7266], [10.3509,89.7239], [8.92689,83.4288], [10.3467,89.9187], [8.83993,84.3951], [10.5953,86.9477], [10.8519,84.0327], [8.88102,83.9385], [21.5739,89.4383], [8.90353,83.6884], [10.7644,85.0271], [8.94973,83.175], [10.3878,89.9169], [21.5663,89.5239], [10.4077,89.0784], [21.5985,89.1607], [20.6967,89.5289], [12.6281,89.8193], [21.6143,88.9824], [21.8774,86.0132], [15.6105,89.6894], [13.3144,89.7895], [21.5899,89.2577], [21.5663,89.5239], [14.0212,89.7587], [21.6224,88.891], [40.9961,82.2645], [21.1427,89.5263], [39.6864,92.3871], [38.7803,78.5902], [36.9161,92.3279], [46.3578,92.5292], [44.9515,88.8239], [21.6575,88.4953], [41.1378,82.4994], [38.6211,92.3644], [21.5663,89.5239], [36.9161,92.3279], [36.9161,92.3279], [21.9633,85.0442], [29.4888,83.5507], [33.5351,72.0226], [34.2161,82.6625], [17.6674,74.1527], [25.6779,75.9267], [12.1626,80.7226], [21.1521,96.0376], [21.1521,96.0376], [18.5667,83.8989], [21.1521,96.0376], [21.1521,96.0376], [21.1521,96.0376], [24.0982,92.3215], [29.4888,83.5507], [21.1521,96.0376], [29.4888,83.5507], [21.1521,96.0376], [21.1521,96.0376], [24.0982,92.3215], [21.1521,96.0376], [21.1521,96.0376], [21.1521,96.0376], [12.7274,83.68], [21.1521,96.0376], [2.0629,84.9201], [16.1843,77.8819], [16.1843,77.8819], [5.54559,82.9579], [12.1626,80.7226], [12.7274,83.68], [5.54559,82.9579], [12.7274,83.68], [10.0702,77.6227], [10.0702,77.6227], [12.1626,80.7226], [25.6779,75.9267], [5.54559,82.9579], [5.54559,82.9579], [5.54559,82.9579], [9.02552,82.333], [17.6674,74.1527], [21.1521,96.0376], [16.1843,77.8819], [17.6674,74.1527], [27.4932,60.1144], [25.6013,61.3995], [28.297,68.1152], [45.4705,49.8399], [41.5149,59.4251], [29.2612,58.845], [38.3611,84.5395], [47.6269,68.8349], [25.6779,75.9267], [44.8342,74.3155], [25.6779,75.9267], [29.4888,83.5507], [47.6269,68.8349], [47.6269,68.8349], [26.9125,70.1907], [26.9125,70.1907], [43.7325,82.8999], [47.6269,68.8349], [33.5351,72.0226], [39.332,71.7288], [38.3611,84.5395], [39.9015,78.9286], [34.2161,82.6625], [39.9015,78.9286], [38.3611,84.5395], [29.4888,83.5507], [39.332,71.7288], [33.5351,72.0226], [29.4888,83.5507], [29.4888,83.5507], [38.3611,84.5395], [43.7325,82.8999], [34.2161,82.6625], [47.6269,68.8349], [34.2161,82.6625], [48.7174,76.0393], [39.9015,78.9286], [39.9015,78.9286], [39.9015,78.9286], [25.6779,75.9267], [37.924,58.9864], [26.7833,60.6241], [48.1892,60.2404], [48.2394,60.2465], [47.89,60.2038], [46.0635,59.9807], [42.6034,59.558], [47.6316,58.9206], [48.3625,60.2615], [48.1386,60.2342], [48.0851,60.2276], [47.2625,60.1272], [48.6479,60.2964], [48.5318,60.2822], [48.4193,60.2685], [46.7854,55.3593], [42.962,62.3967], [44.6395,49.0056], [42.962,62.3967], [51.5898,55.9082], [48.4363,28.8683], [45.3718,59.8962], [38.8196,59.0958], [44.4993,59.7896], [47.7215,60.1832], [47.5901,60.1672], [29.6904,58.5368], [46.2233,60.0002], [45.7058,59.937], [44.1731,59.7498], [48.3035,60.2543], [43.7173,59.6941], [47.0915,60.1063], [45.8972,59.9604], [35.429,58.6816], [46.752,60.0648], [46.4161,60.0238], [46.5951,60.0456], [47.4375,60.1485], [24.492,67.1944], [25.7414,44.8264], [23.9142,45.007], [27.8575,59.8529], [16.2206,45.7674], [26.3665,60.8975], [25.7414,44.8264],