{
  "instance_index": 0,
  "birth_iter": 45,
  "death_iter": 60,
  "survival_iters": 15,
  "censored": false,
  "pre_vnd_cost": 8937.35,
  "post_vnd_cost": 580.49,
  "pre_vnd_coords": [[80,20], [87.0142,18.2291], [77.6598,16.1945], [78.692,17.8732], [85.9654,18.4939], [61.305,21.6047], [66.0141,16.1156], [63.2564,19.3301], [60.6906,29.3253], [60.0275,27.9558], [32.9163,14.6012], [48.945,34.2639], [45.8386,30.1427], [60.3165,28.5526], [57.275,26.3022], [53.2071,31.0438], [51.34,33.2201], [55.2035,28.7167], [44.2149,27.9884], [59.6374,27.1501], [48.8811,34.1792], [46.7339,51.3891], [53.3459,38.462], [52.9337,38.8119], [52.4944,39.1848], [34.339,43.082], [60.2193,28.352], [59.7452,39.9036], [51.5721,39.9678], [44.596,52.1224], [49.2783,35.8191], [43.7389,27.3569], [47.1151,31.8362], [45.4874,51.8167], [32.273,35.5566], [50.6685,40.735], [50.6685,40.735], [50.6685,40.735], [42.6064,49.4914], [42.4158,49.4952], [41.2672,49.5178], [43.2175,54.5508], [48.9538,55.9524], [44.3868,52.4909], [37.1655,64.3805], [29.0624,37.5827], [30.6705,35.505], [28.2442,46.9094], [25.157,51.8894], [10.7169,51.3319], [10.4792,50.4109], [15.5475,56.9003], [19.6727,43.5121], [15.3824,58.1078], [12.8026,43.1425], [9.61942,53.2996], [9.50972,45.452], [9.6754,44.9207], [11.382,53.9082], [9.81975,47.8562], [9.62691,47.1091], [9.63779,53.1675], [9.86034,51.5662], [13.7206,42.0991], [9.675,52.8999], [10.6976,45.5341], [9.99775,43.887], [11.562,38.8706], [10.5044,42.2624], [10.6068,41.9337], [9.56925,45.2611], [9.32072,55.4497], [9.68459,52.8308], [8.9151,58.3715], [10.1257,43.4766], [10.0619,43.6813], [11.246,39.8839], [10.7133,41.5923], [11.9934,37.4869], [16.3543,34.4349], [19.6727,43.5121], [11.7945,44.2881], [9.86538,44.3114], [12.2508,23.8737], [13.0531,28.6449], [12.2304,24.5361], [12.1857,25.9832], [12.2352,24.3797], [16.1624,31.1034], [18.9125,29.6741], [12.6799,25.3192], [12.1383,15.4211], [16.5294,16.1576], [15.1071,15.8093], [27.4615,23.4992], [26.587,26.4239], [12.1987,25.5612], [11.4502,22.9571], [11.3212,24.3698], [10.8169,41.26], [15.6205,27.3739], [27.2846,26.9829], [27.4579,27.1218], [27.6427,27.2699], [27.8504,27.4364], [28.061,27.6053], [19.0626,29.779], [21.9964,44.607], [14.5723,31.3093], [30.504,29.5633], [14.4684,41.2492], [17.1931,16.3202], [31.8341,11.5625], [15.3946,14.7831], [31.8341,11.5625], [26.1404,12.6779], [36.5412,17.8075], [32.9581,14.4741], [33.0831,14.094], [33.1247,13.9677], [33.0015,14.342], [33.0419,14.2193], [15.8065,15.9805], [30.5777,18.416], [29.5796,12.0042], [42.5382,25.7639], [32.0811,31.3063], [41.1812,23.9635], [26.7694,26.5701], [26.4195,26.2896], [32.273,35.5566], [31.7971,35.8569], [28.0691,47.1917], [28.2442,46.9094], [31.5615,37.3453], [34.732,43.8936], [59.0397,49.6213], [47.5583,53.0841], [49.4061,56.882], [44.0313,54.8981], [59.2957,59.4797], [37.2986,49.1947], [43.0022,54.9301], [44.1742,52.8655], [25.4216,46.2209], [42.7859,55.3112], [42.4971,55.8201], [46.8622,66.7497], [35.5957,82.7894], [32.455,69.4599], [14.5027,74.2838], [30.2886,61.6818], [44.596,52.1224], [29.8068,49.0628], [44.596,52.1224], [27.9666,47.42], [24.3549,45.7183], [26.7301,40.0438], [27.0789,48.7891], [26.5295,40.5967], [27.1879,38.7818], [17.9704,37.2694], [24.1631,52.4275], [31.9607,31.8143], [31.0159,29.9736], [30.067,29.213], [30.0924,30.7767], [18.9904,29.7285], [32.1372,31.1396], [21.5142,44.3798], [28.0089,50.4311], [24.2333,54.808], [27.7731,47.6693], [25.7874,55.8816], [37.4904,49.5909], [51.2277,38.7251], [45.2241,29.3274], [40.0464,22.458], [46.4621,30.9699], [58.953,53.8231], [56.9173,26.7191], [33.7845,41.9366], [35.1968,44.8537], [31.7644,31.0735], [27.4912,43.1683], [45.2245,51.9068], [19.6727,43.5121], [21.0344,44.1537], [20.5168,43.9098], [27.0681,39.1119], [26.9577,39.4164], [23.5311,45.3302], [17.6054,36.6291], [19.6727,43.5121], [24.6618,55.104], [9.93387,44.0918], [24.0802,53.6263], [24.5108,54.9998], [28.9124,47.8656], [12.9516,75.5015], [20.8834,54.1304], [45.775,69.8647], [53.226,64.7346], [52.9164,64.0979], [58.3646,48.4653], [59.0095,44.4665], [58.8951,45.1759], [58.7745,45.9236], [58.6482,46.7065], [56.9561,49.9206], [69.965,49.9427], [67.3509,43.0808], [59.5203,26.9084], [60.0221,38.1863], [56.5749,27.1182], [55.914,27.8885], [67.386,52.2348], [67.3499,53.6802], [57.1563,50.3118], [46.9652,66.3892], [43.8117,53.504], [30.3793,48.5574], [11.4821,54.2963], [9.89361,51.3268], [19.6727,43.5121], [34.9245,68.3169], [15.041,57.6138], [23.6848,54.4292], [21.5581,68.7448], [9.72767,44.7531], [10.188,43.2769], [9.24238,56.0138], [11.9346,44.129], [9.711,52.641], [9.70251,52.702], [10.8345,51.7874], [9.19166,61.4268], [10.0864,58.0971], [17.9848,61.874], [9.66573,52.9665], [15.8467,58.7798], [9.14647,56.7045], [17.5345,61.2224], [30.4525,61.93], [23.9588,54.6185], [31.0375,62.8155], [29.8482,61.0153], [29.8482,61.0153], [35.9078,65.6896], [26.7155,49.3753], [25.062,55.3805], [29.2682,58.2862], [24.743,55.1602], [27.4294,48.2237], [37.4904,49.5909], [44.7825,52.0585], [43.4173,54.1988], [43.62,53.8418], [43.9984,53.1752], [29.2682,58.2862], [27.276,56.9099], [28.7325,57.9161], [31.7425,63.8827], [35.9078,65.6896], [35.4608,66.8839], [35.9078,65.6896], [20.0284,64.8314], [20.179,65.0494], [29.8104,48.289], [19.9425,67.545], [29.2209,48.011], [16.5592,59.8111], [35.2859,67.3512], [24.9929,55.3327], [33.122,65.971], [24.9107,55.276], [28.2623,57.5913], [30.0955,48.8079], [28.5976,47.7173], [19.7172,64.3811], [29.8482,61.0153], [37.6214,63.9061], [45.7594,61.4563], [44.3537,56.1217], [59.1841,54.2747], [44.596,52.1224], [63.3462,50.9695], [44.596,52.1224], [36.4083,65.1685], [29.3383,58.6162], [38.3312,63.1673], [54.1046,65.6175], [34.6887,68.9471], [37.3838,64.1534], [32.9671,66.7814], [17.3258,72.0674], [29.8482,61.0153], [32.3635,69.9388], [31.2668,72.9675], [13.5046,75.0674], [13.6518,74.9518], [27.672,77.2903], [20.7204,81.3082], [33.4115,89.643], [31.7683,89.8974], [32.9903,89.7082], [27.1487,82.5546], [26.0707,78.2158], [36.0654,82.193], [35.9496,82.34], [21.4086,80.9104], [7.96718,87.9762], [19.0522,71.0034], [14.6352,74.1798], [11.4972,86.6384], [23.2501,91.1073], [5.14766,85.8416], [10.3144,89.2459], [18.9682,71.3297], [6.45501,76.0936], [21.1729,68.6004], [14.0661,74.6266], [9.20654,88.073], [13.1793,75.3228], [5.30354,84.3838], [12.9516,75.5015], [22.4994,80.28], [21.524,68.732], [12.5215,76.0964], [9.16237,86.168], [11.4079,86.69], [8.04384,88.0361], [7.62462,87.7087], [8.55187,88.3289], [12.6809,89.2615], [8.35549,88.2267], [8.62533,88.4412], [8.74177,88.3674], [17.095,92.8652], [29.9919,90.1724], [29.9919,90.1724], [30.3553,89.9199], [30.5299,91.5669], [36.173,82.0564], [49.9609,75.713], [55.8401,89.6815], [55.5987,86.2689], [62.8205,82.8684], [62.8205,82.8684], [65.6714,79.4847], [67.4458,79.7957], [62.4439,78.9273], [62.4416,78.9188], [63.4002,82.5437], [62.4461,78.9357], [62.5437,79.3049], [62.6335,79.6444], [62.7312,80.0139], [62.8418,80.4321], [55.0524,82.7745], [54.5229,65.5707], [52.4099,76.4565], [52.4591,76.6728], [52.6118,77.3443], [52.35,76.1934], [71.192,53.5007], [72.0612,57.7794], [67.3132,55.1499], [67.3326,54.3735], [61.5489,50.4068], [66.0418,51.8138], [64.6922,51.3912], [59.7516,57.8343], [59.5244,58.6546], [45.2652,70.512], [45.0588,70.7741], [22.4982,91.3221], [40.1621,89.5424], [23.4076,83.4392], [19.7656,84.8538], [15.7517,86.4134], [18.3145,71.2912], [25.131,78.7589], [21.5581,68.7448], [19.2436,63.6958], [26.0532,72.2729], [23.4076,83.4392], [25.7779,78.3851], [26.3875,78.0327], [18.1539,62.1188], [18.3192,62.358], [18.487,62.6009], [22.6912,71.8253], [13.3547,75.185], [13.7933,74.8408], [21.2649,68.6349], [19.0976,63.4844], [18.8385,70.8798], [24.3475,72.0458], [19.7846,71.4382], [24.9098,72.1207], [18.9481,63.2681], [19.8683,67.8331], [19.792,68.1293], [9.75525,52.3227], [6.99273,72.2248], [18.3151,55.464], [17.5511,55.8605], [16.8845,56.2065], [35.9078,65.6896], [28.9392,49.8287], [20.6949,69.4224], [19.5599,64.1535], [25.4742,72.1959], [23.2362,71.8979], [32.6386,68.4996], [32.7188,68.08], [18.6496,