{
  "instance_index": 0,
  "birth_iter": 25,
  "death_iter": 30,
  "survival_iters": 5,
  "censored": false,
  "pre_vnd_cost": 11157.5,
  "post_vnd_cost": 582.819,
  "pre_vnd_coords": [[80,20], [65.2385,21.3464], [65.2385,21.3464], [67.3649,30.2141], [65.2385,21.3464], [65.2385,21.3464], [50.1237,23.0721], [67.3649,30.2141], [50.1237,23.0721], [56.4828,31.434], [49.1141,34.0391], [49.1141,34.0391], [56.4828,31.434], [50.1237,23.0721], [46.1496,19.7931], [46.1496,19.7931], [65.2385,21.3464], [70.8464,9.04552], [65.2385,21.3464], [70.8464,9.04552], [87.6835,10.9281], [87.6835,10.9281], [87.6835,10.9281], [87.6835,10.9281], [87.6835,10.9281], [87.6835,10.9281], [86.4029,36.4131], [86.4029,36.4131], [86.4029,36.4131], [73.1746,44.6893], [76.9009,45.9593], [76.9009,45.9593], [76.9009,45.9593], [47.4761,36.1001], [47.4761,36.1001], [40.9397,47.949], [47.4761,36.1001], [57.3526,54.31], [40.9397,47.949], [45.3778,58.5835], [55.4562,65.8101], [42.8695,51.9188], [46.5875,50.1235], [40.9397,47.949], [42.8695,51.9188], [45.3778,58.5835], [57.3526,54.31], [43.1237,54.5589], [45.3778,58.5835], [42.8695,51.9188], [43.1237,54.5589], [57.3526,54.31], [50.11,64.3395], [50.11,64.3395], [46.5875,50.1235], [57.3526,54.31], [50.11,64.3395], [57.3526,54.31], [57.3526,54.31], [57.3526,54.31], [57.3526,54.31], [57.3526,54.31], [57.3526,54.31], [45.3778,58.5835], [57.3526,54.31], [46.5875,50.1235], [57.3526,54.31], [55.4562,65.8101], [50.11,64.3395], [55.4562,65.8101], [50.11,64.3395], [55.4562,65.8101], [55.4562,65.8101], [45.3778,58.5835], [55.4562,65.8101], [67.9897,92.1958], [64.4948,88.0603], [67.9897,92.1958], [67.9897,92.1958], [67.9897,92.1958], [67.9897,92.1958], [51.7067,89.6446], [51.7067,89.6446], [52.7397,96.6245], [67.9897,92.1958], [55.2955,96.5572], [58.6956,82.9302], [55.928,85.5517], [55.928,85.5517], [55.928,85.5517], [67.9897,92.1958], [57.3368,77.2291], [55.928,85.5517], [67.9897,92.1958], [57.3368,77.2291], [71.8033,74.9716], [64.8762,73.6846], [64.4948,88.0603], [73.1596,84.6343], [52.9745,72.023], [73.1596,84.6343], [71.8033,74.9716], [78.7004,82.8751], [73.1596,84.6343], [64.8762,73.6846], [51.0892,84.1358], [63.4453,78.4444], [51.0892,84.1358], [57.3368,77.2291], [63.4453,78.4444], [43.5952,79.951], [48.5156,76.4207], [42.181,71.2437], [51.4507,73.3538], [57.3368,77.2291], [57.3368,77.2291], [58.6956,82.9302], [63.4453,78.4444], [48.5156,76.4207], [53.1686,66.7175], [57.3368,77.2291], [42.181,71.2437], [42.181,71.2437], [63.4453,78.4444], [38.9689,85.2648], [53.5652,79.8019], [31.7297,77.8163], [48.5156,76.4207], [43.5952,79.951], [48.5156,76.4207], [55.928,85.5517], [51.4507,73.3538], [57.3368,77.2291], [43.5952,79.951], [58.6956,82.9302], [64.4948,88.0603], [42.181,71.2437], [51.0892,84.1358], [36.7236,79.4878], [57.3368,77.2291], [48.5156,76.4207], [43.5952,79.951], [51.7067,89.6446], [55.928,85.5517], [43.5952,79.951], [58.6956,82.9302], [51.7067,89.6446], [44.7079,90.6611], [44.0745,99.696], [55.928,85.5517], [55.928,85.5517], [64.4948,88.0603], [51.7067,89.6446], [55.2955,96.5572], [44.7079,90.6611], [55.2955,96.5572], [51.0892,84.1358], [55.2955,96.5572], [51.0892,84.1358], [52.7397,96.6245], [55.2955,96.5572], [44.0745,99.696], [55.928,85.5517], [40.3925,91.4598], [35.1832,92.0906], [29.0518,92.0284], [35.1832,92.0906], [40.3925,91.4598], [44.0745,99.696], [29.0518,92.0284], [44.0745,99.696], [34.5562,88.567], [44.0745,99.696], [44.0745,99.696], [40.3925,91.4598], [44.7079,90.6611], [35.1832,92.0906], [44.7079,90.6611], [31.7297,77.8163], [35.1832,92.0906], [44.0745,99.696], [35.1832,92.0906], [35.1832,92.0906], [29.0518,92.0284], [21.1599,95.4461], [51.0892,84.1358], [29.0518,92.0284], [38.9689,85.2648], [34.5562,88.567], [29.0518,92.0284], [40.3925,91.4598], [35.1832,92.0906], [53.5652,79.8019], [43.5952,79.951], [40.3925,91.4598], [43.5952,79.951], [43.5952,79.951], [35.1832,92.0906], [35.1832,92.0906], [44.7079,90.6611], [40.3925,91.4598], [53.5652,79.8019], [35.1832,92.0906], [55.928,85.5517], [51.0892,84.1358], [51.7067,89.6446], [40.3925,91.4598], [40.3925,91.4598], [51.7067,89.6446], [48.5156,76.4207], [58.6956,82.9302], [51.0892,84.1358], [44.7079,90.6611], [55.2955,96.5572], [37.8774,63.8452], [43.5952,79.951], [36.7236,79.4878], [40.3925,91.4598], [43.5952,79.951], [37.8774,63.8452], [31.7297,77.8163], [33.1187,75.382], [27.0296,73.7197], [48.5156,76.4207], [48.5156,76.4207], [43.5952,79.951], [36.7236,79.4878], [48.5156,76.4207], [51.0892,84.1358], [57.3368,77.2291], [42.4268,64.4494], [42.181,71.2437], [43.5952,79.951], [51.334,69.2908], [48.5156,76.4207], [53.1686,66.7175], [57.3368,77.2291], [37.8774,63.8452], [51.334,69.2908], [53.5652,79.8019], [45.6059,66.2882], [42.4268,64.4494], [37.8774,63.8452], [31.2926,54.4315], [42.181,71.2437], [42.181,71.2437], [33.7604,60.312], [51.334,69.2908], [29.801,61.7816], [34.6158,69.5774], [42.4268,64.4494], [33.7604,60.312], [33.7604,60.312], [44.7079,90.6611], [37.8774,63.8452], [57.3526,54.31], [51.4507,73.3538], [42.181,71.2437], [24.9941,67.7951], [30.0857,57.4152], [31.2926,54.4315], [34.9477,60.4724], [29.5483,50.9976], [32.002,51.6271], [33.7604,60.312], [32.002,51.6271], [31.7301,46.188], [31.7301,46.188], [34.6158,69.5774], [33.1187,75.382], [43.5952,79.951], [43.5952,79.951], [24.9941,67.7951], [37.8774,63.8452], [27.5211,83.9508], [28.1984,79.6901], [38.9689,85.2648], [21.6765,76.8806], [28.1984,79.6901], [21.6765,76.8806], [27.5211,83.9508], [27.0296,73.7197], [28.1984,79.6901], [28.1984,79.6901], [18.3543,72.3611], [27.0296,73.7197], [21.6765,76.8806], [28.1984,79.6901], [19.9669,69.5174], [21.6165,61.4728], [10.9433,89.1445], [21.6765,76.8806], [16.7736,64.3214], [13.0036,76.4515], [13.0036,76.4515], [14.9546,83.7534], [18.1741,86.0082], [21.6765,76.8806], [13.0036,76.4515], [18.1741,86.0082], [13.0036,76.4515], [22.0602,63.3309], [21.6765,76.8806], [21.1599,95.4461], [28.1984,79.6901], [33.1187,75.382], [24.9941,67.7951], [21.6765,76.8806], [12.1892,75.9676], [28.1984,79.6901], [27.5211,83.9508], [31.7297,77.8163], [27.5211,83.9508], [34.5562,88.567], [38.9689,85.2648], [40.3925,91.4598], [34.6158,69.5774], [28.1984,79.6901], [27.5211,83.9508], [18.1741,86.0082], [18.3543,72.3611], [28.1984,79.6901], [27.62,88.9321], [38.9689,85.2648], [27.62,88.9321], [21.1599,95.4461], [34.5562,88.567], [27.62,88.9321], [21.6765,76.8806], [10.3749,75.0495], [18.1741,86.0082], [13.0036,76.4515], [8.00653,89.1839], [18.3543,72.3611], [34.6158,69.5774], [13.0036,76.4515], [21.6765,76.8806], [14.9546,83.7534], [28.1984,79.6901], [14.0999,93.4777], [13.0036,76.4515], [18.1741,86.0082], [8.00653,89.1839], [13.0036,76.4515], [27.62,88.9321], [21.6765,76.8806], [14.9546,83.7534], [10.9433,89.1445], [21.1599,95.4461], [14.0999,93.4777], [18.1741,86.0082], [27.62,88.9321], [27.62,88.9321], [29.4751,94.7909], [29.4751,94.7909], [29.4751,94.7909], [28.1984,79.6901], [29.4751,94.7909], [35.1832,92.0906], [29.0518,92.0284], [27.62,88.9321], [27.62,88.9321], [27.62,88.9321], [27.5211,83.9508], [29.4751,94.7909], [34.5562,88.567], [40.3925,91.4598], [29.4751,94.7909], [27.5211,83.9508], [44.7079,90.6611], [44.0745,99.696], [44.0745,99.696], [32.8167,102.557], [21.1599,95.4461], [29.0518,92.0284], [29.4751,94.7909], [32.8167,102.557], [29.4751,94.7909], [29.4751,94.7909], [35.1832,92.0906], [27.5211,83.9508], [29.4751,94.7909], [11.7962,103.396], [29.4751,94.7909], [7.16138,97.74], [29.4751,94.7909], [3.96983,92.985], [10.9433,89.1445], [3.13087,98.5169], [3.13087,98.5169], [11.7962,103.396], [1.4455,89.6939], [3.13087,98.5169], [1.4455,89.6939], [7.16138,97.74], [1.48164,84.3049], [8.00653,89.1839], [5.89863,83.4479], [1.4455,89.6939], [3.96983,92.985], [1.4455,89.6939], [10.9433,89.1445], [1.4455,89.6939], [3.96983,92.985], [8.00653,89.1839], [3.13087,98.5169], [1.4455,89.6939], [10.3749,75.0495], [5.89863,83.4479], [1.4455,89.6939], [10.9433,89.1445], [14.9546,83.7534], [3.96983,92.985], [1.4455,89.6939], [1.4455,89.6939], [14.9546,83.7534], [5.89863,83.4479], [14.0999,93.4777], [6.56786,75.901], 