{
  "instance_index": 0,
  "birth_iter": 83,
  "death_iter": 90,
  "survival_iters": 7,
  "censored": false,
  "pre_vnd_cost": 9352.56,
  "post_vnd_cost": 655.146,
  "pre_vnd_coords": [[80,20], [65.5808,15.787], [69.7936,17.0182], [58.1779,21.7172], [57.8328,21.9938], [72.075,17.685], [67.5201,16.3538], [58.7535,21.2559], [57.4848,22.2727], [55.7514,23.6617], [54.5886,24.5934], [55.1037,24.1806], [52.0389,24.5129], [59.3554,20.7735], [56.9902,22.669], [59.794,20.422], [56.4017,23.1406], [59.1508,42.7123], [34.1364,39.074], [54.1033,24.9822], [52.8407,42.2821], [50.4656,23.6615], [31.8641,30.6538], [32.9163,14.6012], [49.32,35.9665], [28.7089,28.1245], [26.4195,26.2896], [32.9163,14.6012], [30.5777,18.416], [32.0682,33.1025], [32.9163,14.6012], [33.2469,13.5963], [31.8741,16.3014], [33.0419,14.2193], [33.1655,13.8436], [33.0015,14.342], [31.0159,29.9736], [33.1247,13.9677], [33.2058,13.7211], [28.9175,28.2917], [32.9581,14.4741], [33.0831,14.094], [12.356,20.4531], [13.0531,28.6449], [26.9271,26.6964], [29.5176,28.7727], [26.587,26.4239], [30.2528,29.362], [27.4579,27.1218], [28.061,27.6053], [28.4855,27.9455], [28.7609,21.3795], [17.1931,16.3202], [27.6427,27.2699], [32.9163,14.6012], [13.2604,15.3569], [29.8801,29.0633], [27.8504,27.4364], [31.9607,31.8143], [27.4615,23.4992], [15.8065,15.9805], [29.6947,28.9146], [17.3385,37.9874], [16.5294,16.1576], [12.5182,15.1748], [21.5297,15.584], [12.4997,15.7745], [12.8719,15.2616], [25.3272,14.9392], [13.0605,15.3079], [12.5088,15.4788], [14.3937,15.6346], [12.6887,15.2166], [13.0531,28.6449], [12.5182,15.1748], [13.7075,15.4666], [12.1987,25.5612], [12.4297,18.0545], [12.2051,25.3554], [12.2162,24.9944], [12.2453,24.0525], [12.2304,24.5361], [26.0343,25.9808], [12.2113,25.1549], [15.1071,15.8093], [12.2256,24.6907], [13.4562,15.4049], [12.1723,26.4186], [15.0444,40.5946], [16.3543,34.4349], [12.3023,22.1983], [12.2352,24.3797], [12.1857,25.9832], [15.2678,32.5291], [12.2208,24.8463], [25.9712,25.9302], [12.2401,24.2218], [10.6976,45.5341], [12.159,26.8521], [12.8026,43.1425], [12.2508,23.8737], [13.7206,42.0991], [10.6976,45.5341], [13.0531,28.6449], [9.58357,53.5574], [9.32072,55.4497], [9.92836,51.0767], [19.6727,43.5121], [10.8668,45.3419], [13.0531,28.6449], [11.0336,45.1524], [19.6727,43.5121], [10.4948,46.9954], [19.6727,43.5121], [19.6727,43.5121], [10.6976,45.5341], [11.6488,44.4536], [11.5001,44.6225], [19.6727,43.5121], [9.46075,54.4415], [9.86034,51.5662], [9.52572,53.9738], [10.6976,45.5341], [9.14647,56.7045], [9.70251,52.702], [10.6976,45.5341], [8.9151,58.3715], [11.9346,44.129], [9.711,52.641], [9.675,52.8999], [10.2405,48.8281], [9.61055,53.3634], [9.24238,56.0138], [9.60159,53.4278], [9.61942,53.2996], [9.66573,52.9665], [19.6727,43.5121], [9.68459,52.8308], [8.13879,63.9674], [9.59231,53.4946], [19.6727,43.5121], [9.96492,50.8136], [9.65658,53.0324], [14.8118,57.2822], [6.99273,72.2248], [9.62839,53.2351], [15.8467,58.7798], [8.62974,60.4278], [9.69407,52.7627], [20.2524,43.1462], [15.6168,58.4469], [9.71983,52.5775], [19.6727,43.5121], [14.9248,57.4457], [17.3195,60.9114], [9.75525,52.3227], [20.2736,66.2592], [15.4989,58.2764], [9.72799,52.5187], [9.38931,54.9559], [9.63779,53.1675], [19.4601,71.3951], [7.12736,71.2563], [19.792,68.1293], [21.3226,71.643], [7.24209,70.4311], [6.72954,74.1181], [6.68257,74.456], [20.0911,66.968], [6.93984,72.6053], [7.22826,70.5306], [6.60371,75.0232], [7.15758,71.039], [6.8873,72.9833], [6.75789,73.9143], [5.59525,82.2836], [6.27129,77.4163], [7.0293,71.9618], [7.07959,71.6], [5.42193,83.5313], [7.62151,67.6977], [7.11256,71.3628], [7.28451,70.126], [7.01284,72.0802], [9.79003,52.0724], [6.96657,72.4131], [7.17192,70.9358], [7.2003,70.7317], [20.0974,71.4799], [18.9481,63.2681], [19.1464,70.6373], [23.4076,83.4392], [17.1084,60.6059], [18.3192,62.358], [19.3911,63.9092], [19.195,55.0073], [9.74584,52.3904], [20.0162,67.259], [17.9848,61.874], [19.9409,71.459], [9.73676,52.4557], [7.09577,71.4836], [8.96209,88.5423], [19.3428,69.8743], [5.17742,85.7967], [6.07586,78.8234], [5.14766,85.8416], [7.07564,87.2799], [7.0626,71.7222], [6.81205,73.5247], [7.18614,70.8336], [18.1539,62.1188], [6.85985,73.1809], [7.14191,71.1517], [11.8755,76.0212], [10.8843,83.543], [11.4054,79.5878], [10.9427,83.0994], [23.7425,59.5265], [22.9047,54.9253], [21.4484,46.9279], [21.4484,46.9279], [21.6279,47.9136], [26.5025,41.7497], [21.4484,46.9279], [29.2995,39.5453], [23.9032,44.4129], [25.391,42.8885], [21.4484,46.9279], [28.5862,39.6149], [36.7672,38.8177], [28.5862,39.6149], [28.5862,39.6149], [28.5862,39.6149], [27.0664,41.1719], [28.5862,39.6149], [28.5862,39.6149], [28.5862,39.6149], [27.5897,40.6358], [28.5862,39.6149], [42.9677,47.1586], [37.7221,43.5456], [48.0583,44.5559], [52.2436,42.4166], [28.5862,39.6149], [53.029,42.2397], [38.0777,38.69], [45.6817,45.7711], [41.4661,47.9262], [27.6534,47.2724], [39.9451,48.7038], [24.9684,43.3215], [38.1168,41.4846], [40.7933,48.2702], [40.5552,48.3919], [30.2269,39.455], [38.4201,39.9008], [39.7174,48.8203], [24.5744,43.7252], [37.7221,43.5456], [40.1574,48.5953], [47.272,44.9579], [41.0639,48.1318], [38.8766,46.5976], [45.0593,46.0893], [39.8302,48.7626], [37.7221,43.5456], [37.9761,42.2194], [47.7929,44.6916], [37.7221,43.5456], [52.6412,42.327], [40.3527,48.4955], [47.0216,45.086], [63.2455,46.9649], [63.2455,46.9649], [58.3646,48.4653], [67.3326,54.3735], [59.0095,44.4665], [59.9278,49.8994], [51.1142,40.3566], [58.5134,47.5427], [67.386,52.2348], [59.3824,42.1539], [49.7295,37.4157], [60.0221,38.1863], [61.029,31.9427], [60.5287,35.0456], [37.5143,38.7449], [54.1904,41.9787], [37.7221,43.5456], [57.6875,41.1924], [38.6626,38.633], [38.268,40.6953], [52.2436,42.4166], [41.3147,48.0036], [44.2557,46.5001], [47.5272,44.8275], [35.9453,38.8978], [61.0681,44.704], [56.1419,41.5399], [60.0158,43.6107], [60.1157,43.7145], [52.4434,42.3716], [37.8513,42.8712], [60.7053,44.3271], [60.2255,43.8287], [60.8275,44.454], [55.1928,41.7533], [57.6875,41.1924], [58.6524,42.1946], [58.18,41.7039], [57.0826,41.3284], [60.3547,43.9629], [60.5885,44.2057], [46.4557,45.3754], [57.6875,41.1924], [46.7515,45.2241], [57.6875,41.1924], [60.9559,44.5875], [57.6875,41.1924], [60.4753,44.0881], [28.5862,39.6149], [37.7221,43.5456], [37.7221,43.5456], [37.7221,43.5456], [37.7221,43.5456], [37.7221,43.5456], [37.7221,43.5456], [37.7221,43.5456], [35.0389,38.9861], [37.7221,43.5456], [28.5862,39.6149], [37.7221,43.5456], [25.9401,42.326], [22.7309,53.9706], [28.5862,39.6149], [21.9076,46.4575], [22.758,54.1196], [28.0703,40.1434], [37.7221,43.5456], [31.273,39.353], [24.2412,44.0665], [21.4484,46.9279], [23.4437,44.8836], [16.0958,59.1403], [26.9873,46.9586], [15.3824,58.1078], [25.6178,51.6722], [15.5475,56.9003], [24.1631,52.4275], [25.0904,46.0649], [24.3549,45.7183], [22.6465,53.2149], [29.2209,48.011], [29.8104,48.289], [19.6343,68.7419], [29.2333,49.5691], [35.6185,66.4627], [26.6782,46.813], [28.9124,47.8656], [17.6424,61.3786], [16.8845,56.2065], [28.0089,50.4311], [16.9991,60.4477], [26.365,46.6654], [20.0284,64.8314], [44.1742,52.8655], [18.6496,62.8361], [19.5409,69.1045], [17.4266,61.0663], [16.5592,59.8111], [35.9078,65.6896], [36.7911,64.7699], [19.2436,63.6958], [26.7346,72.3637], [27.4456,72.4584], [30.3476,83.7238], [26.9365,82.6048], [20.3269,65.2634], [15.1563,57.7806], [17.5511,55.8605], [6.7156,74.2184], [16.7577,60.0984], [19.7173,68.4195], [19.7172,64.3811], [19.8683,67.8331], [35.9078,65.6896], [28.5976,47.7173], [17.5345,61.2224], [20.3788,65.8507], [34.9245,68.3169], [17.8135,61.6262], [19.444,69.4811], [16.8815,60.2776], [19.5599,64.1535], [15.041,57.6138], [20.8834,54.1304], [16.2335,56.5443], [20.6682,71.5559], [17.2143,60.7591], [18.3151,55.464], [19.9425,67.545], [18.487,62.6009], [19.0976,63.4844], [23.7844,71.9709], [18.7981,63.051], [16.354,59.5142], [15.2705,57.9459], [26.3065,82.7539], [27.8822,82.3809], [23.4076,83.4392], [30.7465,84.1126], [35.9078,65.6896], [20.179,65.0494], [28.7575,82.1737], [22.6912,71.8253],