{
  "instance_index": 0,
  "birth_iter": 78,
  "death_iter": 80,
  "survival_iters": 2,
  "censored": false,
  "pre_vnd_cost": 8232.48,
  "post_vnd_cost": 609.831,
  "pre_vnd_coords": [[80,20], [85.9671,19.2402], [86.2684,17.5916], [86.2684,17.5916], [85.2561,17.9804], [86.2684,17.5916], [85.6672,20.8809], [82.3386,39.0912], [84.4415,27.5863], [78.1617,53.0633], [83.1801,34.4875], [78.3848,52.2489], [80.3994,49.7008], [83.773,31.2438], [80.0244,50.3294], [82.781,36.671], [80.488,49.2163], [79.0735,58.3915], [80.4441,49.4565], [80.6687,48.2275], [80.3554,49.9419], [78.5676,58.0652], [81.0857,45.9461], [84.552,61.9257], [78.0049,53.6361], [77.691,54.7819], [79.9059,50.4681], [77.8505,54.1998], [82.2107,70.2274], [77.5228,55.3961], [78.8202,58.2281], [81.4765,72.3377], [81.2226,73.0673], [82.2107,70.2274], [82.2107,70.2274], [86.0085,82.1906], [83.0255,85.6802], [83.9151,84.6396], [81.7143,71.6542], [81.934,71.0227], [84.5711,80.0813], [85.3643,82.9442], [71.1686,88.6682], [76.6163,89.0579], [84.8569,83.5378], [72.2066,88.7932], [74.8665,89.1136], [80.6128,88.5027], [75.2242,89.1567], [75.5887,89.2006], [75.5887,89.2006], [83.1555,78.0038], [84.3817,84.0937], [75.5887,89.2006], [72.7108,88.8539], [73.9336,89.0012], [75.5887,89.2006], [61.8781,87.5492], [69.9719,88.524], [56.6999,87.0168], [71.6703,88.7286], [68.8027,88.3832], [73.0791,88.8983], [73.4818,88.9468], [64.9519,87.9194], [75.5887,89.2006], [75.5887,89.2006], [66.197,88.0694], [66.8473,88.1477], [75.5887,89.2006], [75.5887,89.2006], [63.7853,87.7789], [80.739,74.4574], [58.2638,87.155], [74.3799,89.055], [64.3611,87.8483], [68.1277,88.3019], [67.5288,88.2298], [78.403,88.8098], [75.5887,89.2006], [57.4873,87.0864], [63.1761,87.7056], [57.8594,87.1193], [62.5048,87.6247], [58.8706,87.2087], [65.5524,87.9917], [9.76052,57.201], [9.76052,57.201], [9.76052,57.201], [10.2309,51.0276], [10.4132,48.6326], [10.378,49.0946], [9.76052,57.201], [9.76052,57.201], [9.76052,57.201], [9.76052,57.201], [9.76052,57.201], [9.76052,57.201], [15.5545,57.3227], [10.0654,57.2073], [11.5563,57.2382], [16.6172,57.3448], [16.0644,57.3333], [10.1944,51.5074], [14.6122,57.3031], [17.5338,57.3639], [9.76052,57.201], [14.0961,57.2924], [15.0769,57.3128], [10.5795,71.0816], [23.2344,83.5062], [10.417,87.7256], [10.5572,84.6192], [10.5787,84.1477], [10.8877,77.3362], [10.5266,70.6137], [10.911,76.8218], [12.0189,70.0173], [21.3727,69.4443], [10.4133,87.8082], [12.5038,69.9876], [10.5158,85.531], [12.2535,70.0029], [10.764,89.9023], [10.7283,89.9024], [10.5181,89.9032], [10.379,88.5733], [10.6627,89.9027], [24.9035,87.9023], [10.639,82.818], [10.3703,88.7696], [10.4439,87.1266], [10.9566,75.816], [10.4476,87.0425], [10.3904,88.3189], [10.3719,88.7321], [10.5871,89.9029], [10.6967,89.9025], [10.4456,87.0869], [10.5752,71.0435], [10.4494,87.003], [10.3685,88.8096], [10.4049,87.9973], [10.9464,76.0416], [10.573,71.0235], [10.7402,80.5879], [10.6918,81.6553], [10.451,86.9668], [10.3972,88.1677], [10.4699,86.5447], [10.468,86.587], [10.4661,86.6304], [10.4642,86.672], [10.4624,86.7135], [10.4605,86.7557], [10.4585,86.7988], [10.4567,86.8387], [10.4548,86.8817], [10.4529,86.9248], [10.3949,88.219], [10.6189,83.2604], [10.4397,87.2201], [10.4419,87.171], [10.3773,88.6124], [10.3753,88.6575], [10.3736,88.695], [10.6237,89.9028], [10.5531,89.903], [10.4091,87.9027], [10.319,89.9039], [10.3883,88.367], [10.7845,89.9022], [10.416,89.9035], [10.3926,88.2714], [10.4491,89.9034], [10.4287,87.4654], [10.4834,89.9033], [10.3858,88.4223], [10.3454,89.9037], [10.4352,87.3201], [10.3824,88.4993], [21.3333,88.3269], [10.3807,88.5368], [25.1215,88.4949], [21.0411,89.0678], [21.4238,88.0973], [20.1439,89.8639], [20.8569,89.5348], [10.5355,85.0986], [10.4756,86.4181], [20.976,89.2329], [10.4736,86.4614], [21.1791,88.7178], [24.7047,87.362], [22.1353,86.2933], [21.1121,88.8877], [22.4531,85.4875], [10.3997,88.1118], [10.3842,88.4584], [10.4716,86.5068], [10.4246,87.5567], [21.7965,87.1524], [22.5622,85.2108], [24.1949,85.9763], [10.3861,89.9036], [24.4482,86.6647], [18.0759,69.6461], [19.689,89.8656], [10.4774,86.3775], [23.152,83.7151], [29.4074,74.1675], [21.6812,87.4446], [22.0373,86.5417], [23.2483,83.471], [27.9924,88.7542], [15.791,69.7861], [10.5992,83.6953], [23.2414,83.4885], [21.5602,87.7516], [27.9517,71.4776], [32.187,78.3884], [31.354,77.7678], [22.8123,84.5765], [35.4498,89.4294], [31.4215,77.8927], [10.4961,85.9654], [19.0089,69.589], [21.9273,86.8207], [23.6118,84.3916], [37.909,80.9771], [30.4747,76.1407], [27.9857,71.4044], [30.3784,75.9625], [26.0425,88.5781], [30.7796,89.006], [21.0784,69.4623], [20.7906,69.4799], [10.6786,81.9469], [10.4375,87.2693], [22.2372,86.0348], [18.6542,69.6107], [20.5062,89.8625], [20.6109,89.862], [20.3953,89.8629], [35.4498,89.4294], [19.8078,89.8652], [19.9237,89.8647], [20.0353,89.8643], [26.9386,88.6591], [22.6781,84.917], [31.4215,77.8928], [20.2783,89.8634], [21.249,88.5407], [31.4215,77.8928], [31.5833,89.0786], [19.5958,89.866], [40.6816,89.2335], [34.2669,79.7352], [35.4498,89.4294], [19.3741,89.8669], [36.6077,89.386], [36.2063,89.4011], [29.8735,75.0288], [33.6987,79.3672], [31.2954,77.6594], [35.4502,80.1387], [40.2266,89.2505], [20.7943,89.6936], [35.4498,89.4294], [19.49,89.8664], [20.7281,89.8616], [32.507,89.162], [10.4209,87.6404], [30.1674,75.5722], [31.4035,77.8593], [20.9232,89.3668], [37.1812,80.729], [35.4498,89.4294], [22.8965,84.363], [31.3099,77.6861], [49.1746,84.1917], [42.6653,89.1593], [23.926,85.2455], [31.3237,77.7117], [31.4215,77.8928], [10.9023,73.9453], [31.4215,77.8927], [20.5131,69.4969], [31.3388,77.7396], [28.5883,70.104], [31.4982,69.7596], [28.444,72.3872], [27.9517,71.4776], [23.2547,83.4548], [19.9314,69.5325], [19.6195,69.5516], [19.3132,69.5704], [28.0573,71.2499], [20.2332,69.514], [30.0606,75.3748], [14.3256,69.8759], [23.2611,83.4384], [28.9297,73.2847], [25.002,69.222], [20.8079,57.4321], [17.1415,57.3557], [20.8079,57.4321], [25.002,69.222], [18.9006,57.3923], [11.0015,74.8237], [18.313,42.7768], [39.8168,56.0599], [28.8485,69.5424], [25.002,69.222], [28.8485,69.5424], [20.4387,57.4244], [20.8079,57.4321], [28.8485,69.5424], [9.76052,57.201], [29.9638,69.6339], [20.8079,57.4321], [23.756,69.2983], [25.002,69.222], [30.6578,69.6908], [26.4719,54.3286], [18.4451,57.3828], [17.0947,69.7062], [28.0232,71.3234], [20.6211,57.4282], [28.3242,70.6739], [17.8163,69.662], [27.1394,69.3988], [11.0015,74.8237], [29.4872,69.5948], [30.2643,75.7515], [18.0134,57.3738], [40.7473,56.5139], [29.2651,69.5747], [45.3591,58.7643], [39.8168,56.0599], [39.5779,55.8652], [39.3552,55.6837], [38.2173,54.7563], [40.2873,56.2894], [45.9344,58.9019], [24.5748,69.2482], [29.1652,69.5684], [30.4839,69.6765], [49.04,71.2588], [40.5387,56.4121], [31.3687,77.795], [30.9453,77.0115], [41.1477,81.1342], [28.8485,69.5424], [48.9772,83.6978], [30.8357,69.7053], [31.0267,77.1621], [31.2179,69.7367], [54.9418,70.9382], [31.6316,69.7706], [40.0698,56.1833], [48.686,71.7018], [23.0715,83.9193], [30.7885,76.7214], [42.8888,78.9552], [30.1209,75.4862], [30.0147,75.2899], [29.9229,75.1201], [31.0452,69.7225], [43.2303,78.5279], [45.8587,89.0398], [30.5676,76.3126], [42.5232,79.4128], [47.7326,88.9697], [29.9653,75.1985], [41.5264,80.6602], [50.9491,84.6382], [36.4111,80.4664], [31.1049,77.3069], [41.4915,89.2032], [42.2174,79.7955], [42.0493,80.0059], [41.6945,80.4499], [41.3325,80.9029], [40.9281,81.409], [40.7468,81.6359], [40.5528,81.8786], [49.879,85.9533], [30.7211,76.5967], [31.386,77.827], [31.1991,77.4812], [32.9854,78.9054], [35.4498,89.4294], [35.4498,89.4294], [40.5391,89.2388], [41.7897,89.192], [35.4498,89.4294], [43.8507,89.1149], [49.3969,84.7475], [35.4498,89.4294], [35.4498,89.4294], [38.8598,89.3016], [40.0825,89.2559], [39.8022,89.2664], [29.9638,88.9323], [38.4536,89.3169], [35.4498,89.4294], [35.4498,89.4294], [50.7251,88.858], [38.0813,89.3308], [35.8496,89.4144], [42.4373,89.1678], [35.4498,89.4294], [37.1921,89.3641], [39.6518,89.272], [50.7722,88.8563], [28.9951,