{
  "instance_index": 0,
  "birth_iter": 7,
  "death_iter": 70,
  "survival_iters": 63,
  "censored": false,
  "pre_vnd_cost": 10059.5,
  "post_vnd_cost": 539.897,
  "pre_vnd_coords": [[80,20], [81.9455,9.72725], [97.3005,13.0033], [97.3005,13.0033], [81.9455,9.72725], [101.111,26.903], [101.111,26.903], [101.111,26.903], [88.0003,66.6397], [75.3071,40.0008], [79.9772,40.334], [92.256,52.2328], [74.6794,59.4945], [92.256,52.2328], [92.256,52.2328], [88.0003,66.6397], [92.256,52.2328], [79.9772,40.334], [75.3071,40.0008], [92.256,52.2328], [79.9772,40.334], [82.1425,48.5307], [72.4846,48.6929], [64.1461,38.9109], [72.4846,48.6929], [72.4846,48.6929], [72.4846,48.6929], [64.1461,38.9109], [75.3071,40.0008], [79.9772,40.334], [71.4169,51.2518], [58.5457,33.2357], [59.2662,27.3024], [55.5997,34.0776], [59.2662,27.3024], [58.8202,20.9736], [54.3065,45.1599], [44.2397,19.0402], [58.5457,33.2357], [62.5958,43.011], [58.8202,20.9736], [55.5997,34.0776], [75.3071,40.0008], [47.7994,39.5325], [62.5958,43.011], [56.7107,40.1589], [56.7107,40.1589], [64.1461,38.9109], [72.4846,48.6929], [58.5457,33.2357], [62.5958,43.011], [62.5958,43.011], [64.1461,38.9109], [50.4439,51.8909], [59.3742,53.3196], [63.2143,45.8944], [59.3742,53.3196], [63.2143,45.8944], [63.2143,45.8944], [59.9836,59.0908], [64.1461,38.9109], [59.9836,59.0908], [59.9836,59.0908], [74.0538,64.9988], [59.9836,59.0908], [54.3065,45.1599], [59.3742,53.3196], [59.3742,53.3196], [59.9836,59.0908], [68.6905,61.6195], [68.6905,61.6195], [59.3742,53.3196], [56.5048,63.0768], [68.5295,65.4443], [59.3742,53.3196], [43.9665,58.9873], [59.3742,53.3196], [59.3742,53.3196], [72.4846,48.6929], [62.5958,43.011], [59.9836,59.0908], [72.4846,48.6929], [68.6905,61.6195], [68.6905,61.6195], [68.5295,65.4443], [72.4846,48.6929], [71.4169,51.2518], [72.4846,48.6929], [82.1425,48.5307], [74.6794,59.4945], [56.5048,63.0768], [74.6794,59.4945], [56.5048,63.0768], [68.6905,61.6195], [79.4042,75.9479], [79.4042,75.9479], [74.0538,64.9988], [78.2802,62.4646], [77.6416,61.3156], [79.3183,61.9993], [72.3982,85.3747], [72.3982,85.3747], [69.7108,80.3408], [85.9009,82.2788], [78.558,61.6893], [78.9414,61.8456], [75.1355,65.8619], [48.6619,71.5243], [52.2446,72.1527], [52.4332,72.1879], [37.1128,36.5943], [79.8937,60.7212], [85.6515,81.6116], [83.1666,77.8906], [85.5702,82.6676], [86.0108,82.1496], [84.9494,83.3976], [85.6771,82.5419], [85.7905,82.4086], [85.336,81.1393], [74.6098,88.3362], [79.1998,88.7018], [75.1093,88.7773], [80.4582,73.8344], [74.6098,88.3363], [78.1545,61.5248], [82.5092,86.2668], [70.3605,81.5578], [72.3983,85.3747], [68.8029,79.9125], [74.6098,88.3363], [70.0777,81.0282], [52.3425,72.171], [65.1955,78.2101], [69.7108,80.3408], [70.6476,82.0957], [77.1522,63.6833], [54.4012,73.1165], [57.5132,81.598], [62.6371,77.0027], [55.9081,79.7706], [75.1355,65.8619], [57.5102,81.5945], [55.5651,73.6657], [75.5512,65.4129], [59.2661,85.8585], [55.052,73.4236], [60.1717,88.059], [67.7444,79.4129], [54.5804,78.2595], [75.1355,65.8619], [66.4878,78.82], [63.9171,77.6068], [53.908,77.4942], [59.6861,75.6102], [72.3983,85.3748], [74.6098,88.3363], [59.0297,88.948], [72.062,84.7449], [57.8704,88.7703], [72.3983,85.3748], [76.8557,89.0257], [72.3982,85.3746], [74.6098,88.3362], [75.5887,89.2006], [74.6098,88.3362], [80.603,88.5081], [75.5887,89.2006], [75.5887,89.2006], [75.8687,89.1619], [76.3052,89.1017], [73.1547,86.3877], [52.0955,87.8855], [74.6098,88.3362], [72.3983,85.3748], [57.5112,81.5957], [73.8855,87.3664], [71.1437,83.0249], [60.639,89.1947], [57.3787,88.695], [74.6098,88.3362], [71.6398,83.9541], [72.3982,85.3746], [47.3807,86.8643], [57.5117,81.5963], [59.707,86.9297], [60.2265,89.1315], [57.5096,81.5939], [51.6897,72.0493], [59.1165,75.3415], [57.5122,81.5969], [55.7888,84.9975], [56.5048,63.0768], [56.5048,63.0768], [44.0481,69.9718], [51.6876,63.6577], [51.5418,85.2107], [50.8484,73.2971], [42.7258,72.0636], [55.7888,84.9975], [48.2769,79.0688], [42.7258,72.0636], [50.8484,73.2971], [53.3251,77.4807], [30.4278,61.6259], [38.0801,61.6346], [44.0481,69.9718], [37.9036,56.5028], [51.6876,63.6577], [39.0008,71.4001], [50.8484,73.2971], [44.0481,69.9718], [50.8484,73.2971], [38.8873,81.2377], [44.0481,69.9718], [56.5048,63.0768], [68.6905,61.6195], [56.5048,63.0768], [44.0481,69.9718], [51.6876,63.6577], [55.3023,72.2608], [55.3023,72.2608], [68.6905,61.6195], [68.6905,61.6195], [44.0481,69.9718], [53.3251,77.4807], [55.3023,72.2608], [53.3251,77.4807], [68.6905,61.6195], [50.8484,73.2971], [56.5048,63.0768], [68.6905,61.6195], [56.2324,93.8611], [68.6905,61.6195], [65.1363,93.1568], [65.1363,93.1568], [54.8206,98.4052], [65.1363,93.1568], [68.6905,61.6195], [45.5269,84.9283], [38.167,80.9241], [46.1853,85.6159], [47.4734,86.9611], [45.9708,85.3918], [52.0954,87.8855], [47.4734,86.9611], [46.5415,85.9878], [44.874,84.6663], [44.4661,84.5027], [43.1258,83.965], [47.4734,86.9611], [36.5811,79.5235], [42.7412,83.8107], [42.0148,83.5193], [34.3087,76.7636], [45.823,85.2375], [20.0402,85.114], [31.0408,71.8793], [30.7463,71.4784], [40.291,82.8001], [31.0856,71.9404], [25.1483,45.2903], [36.9001,38.6564], [37.1643,36.6145], [23.045,45.5009], [36.6561,40.4378], [37.179,36.6202], [37.1352,36.6031], [37.1574,36.6117], [37.1505,36.6091], [20.4212,44.059], [24.4935,45.3559], [37.1716,36.6173], [37.4779,54.8937], [37.9036,56.5028], [15.7663,56.0886], [25.2425,56.3848], [25.2425,56.3848], [15.7663,56.0886], [15.7663,56.0886], [15.7663,56.0886], [25.2425,56.3848], [10.917,69.5974], [15.7663,56.0886], [14.5241,61.7462], [10.917,69.5974], [0.412682,56.6504], [15.7663,56.0886], [15.7663,56.0886], [16.7681,69.6754], [10.917,69.5974], [-0.258236,77.4077], [10.917,69.5974], [-1.8262,65.443], [0.412682,56.6504], [11.6813,62.8416], [9.64236,72.6922], [21.5449,69.279], [9.63496,73.2711], [11.1055,86.7779], [9.61156,75.1013], [20.9093,66.3501], [21.0424,66.9631], [20.8462,66.0591], [22.4898,73.6334], [22.7754,74.95], [23.6147,78.818], [9.65269,71.8836], [26.6799,65.941], [21.4092,68.6536], [32.9492,74.7289], [24.7027,65.645], [20.7878,65.7902], [19.0886,81.7621], [25.2645,65.7291], [9.66548,70.883], [22.0014,71.3827], [23.5211,78.3868], [20.1347,85.3977], [20.3399,82.5862], [23.3437,77.5691], [20.0505,82.3956], [9.97494,80.0488], [9.66762,70.7153], [9.6012,75.9123], [19.0807,82.2314], [10.4867,83.0947], [23.7399,79.3952], [19.5552,82.0694], [36.8785,79.7862], [22.9443,84.3012], [21.0496,83.0535], [23.2432,77.1058], [22.8419,65.3664], [21.1128,67.2876], [21.8544,70.7053], [23.0528,76.2284], [26.6799,65.941], [29.57,88.3205], [19.7431,84.2214], [22.2664,72.6036], [28.2346,88.5495], [37.2172,80.0853], [10.5941,83.7338], [21.5642,89.692], [24.6889,83.7706], [40.3482,82.8506], [12.0771,92.5804], [26.7056,88.8115], [23.5143,84.6766], [12.1855,93.228], [12.1855,93.2281], [20.4148,86.2392], [40.6498,82.9716], [29.2409,88.377], [46.792,86.2494], [19.6479,83.9353], [25.3867,89.0375], [35.8996,78.9216], [24.478,85.3114], [23.7442,93.6945], [40.3177,82.8237], [25.8939,88.9507], [24.9162,84.8203], [40.3482,82.8506], [28.9146,88.4329], [24.0604,89.2648], [25.1133,85.7297], [43.4363,84.0896], [36.2304,79.2137], [47.078,86.5481], [36.9764,94.2285], [34.5623,91.5449], [31.3488,89.5144], [35.0815,91.9617], [32.7603,91.0216], [33.4412,91.2193], [30.6158,93.9718], [24.8185,85.5356], [32.0232,90.8075], [47.4734,86.9611], [33.7655,91.3135], [29.9384,88.2574], [36.8286,94.2225], [37.3933,94.2453], [35.6105,94.1734], [46.3342,85.7713], [37.2581,94.2399], [56.0011,88.4841], [53.3245,88.0737], [58.4574,83.8938], [52.0953,87.8855], [37.0524,94.2316], [36.2744,94.2002], [32.0232,90.8075], [33.1091,91.1229], [41.6731,83.3822], [31.6277,90.0492], [49.3546,87.3375], [32.0232,90.8075], [47.2814,86.7605], [34.063,91.3999], [47.1803,86.655], [23.6576,89.3338], [37.1874,94.237], [36.8996,94.2254], [34.1783,91.4334], [34.7,91.5849], [47.4734,86.961], [42.344,83.6513], [47.4734,86.961], [40.9683,83.0994], [27.8847,88.6095], [44.0887,84.3513], [24.4519,82.676], [36.8386,