{
  "instance_index": 0,
  "birth_iter": 1,
  "death_iter": 20,
  "survival_iters": 19,
  "censored": false,
  "pre_vnd_cost": 11707.8,
  "post_vnd_cost": 667.089,
  "pre_vnd_coords": [[80,20], [68.5121,18.7023], [58.3357,24.1628], [58.3357,24.1628], [67.8197,22.7335], [51.5514,34.8458], [51.5514,34.8458], [37.9022,35.5953], [58.1829,37.6596], [43.9479,34.6441], [58.1829,37.6596], [58.1829,37.6596], [41.4158,27.0713], [41.4158,27.0713], [51.5514,34.8458], [38.7337,22.3301], [44.932,44.1241], [35.0336,40.3414], [41.4158,27.0713], [51.5514,34.8458], [41.4158,27.0713], [41.4158,27.0713], [47.2544,20.5701], [39.6639,19.2263], [39.6639,19.2263], [29.1343,13.4015], [39.6639,19.2263], [29.1343,13.4015], [29.1343,13.4015], [39.6639,19.2263], [19.0578,5.7784], [29.1343,13.4015], [48.3138,9.99811], [39.6639,19.2263], [29.1343,13.4015], [58.3357,24.1628], [58.3357,24.1628], [48.3138,9.99811], [67.8197,22.7335], [68.5121,18.7023], [68.5121,18.7023], [58.3357,24.1628], [62.468,2.23503], [62.468,2.23503], [62.468,2.23503], [96.5631,4.77165], [90.4986,15.2226], [96.5631,4.77165], [90.4986,15.2226], [96.5631,4.77165], [90.4986,15.2226], [94.6434,39.6553], [94.6434,39.6553], [94.6434,39.6553], [72.7845,55.8258], [94.6434,39.6553], [86.768,48.1799], [75.0942,38.8372], [76.849,46.9456], [68.6455,48.9124], [76.849,46.9456], [76.849,46.9456], [76.849,46.9456], [75.0942,38.8372], [75.0942,38.8372], [75.0942,38.8372], [75.0942,38.8372], [86.768,48.1799], [86.768,48.1799], [69.6733,59.7994], [76.849,46.9456], [72.7845,55.8258], [64.1789,37.4301], [57.2652,43.7641], [56.4797,59.3674], [59.3541,47.9454], [69.6733,59.7994], [68.6455,48.9124], [69.6733,59.7994], [56.4797,59.3674], [50.188,53.6058], [58.1829,37.6596], [69.3272,29.764], [43.9479,34.6441], [44.932,44.1241], [44.932,44.1241], [42.9943,62.4139], [40.0357,49.9738], [44.932,44.1241], [44.932,44.1241], [44.932,44.1241], [45.1034,50.6401], [38.0469,57.6139], [40.0357,49.9738], [44.932,44.1241], [44.932,44.1241], [38.0469,57.6139], [38.0469,57.6139], [44.932,44.1241], [35.0336,40.3414], [45.1034,50.6401], [38.0469,57.6139], [37.9022,35.5953], [36.6587,42.8282], [40.0357,49.9738], [33.9239,59.3417], [33.9239,59.3417], [38.0469,57.6139], [33.9239,59.3417], [38.0469,57.6139], [33.9239,59.3417], [42.9943,62.4139], [40.0357,49.9738], [38.0469,57.6139], [35.0336,40.3414], [47.1049,55.7857], [35.0336,40.3414], [38.0469,57.6139], [40.0357,49.9738], [44.932,44.1241], [50.188,53.6058], [52.712,60.9015], [42.9943,62.4139], [38.0469,57.6139], [52.1435,72.7722], [52.712,60.9015], [42.9943,62.4139], [-2.16655,19.5536], [-2.16655,19.5536], [6.66241,15.426], [-2.16655,19.5536], [15.4453,13.8916], [9.08494,8.73774], [6.66241,15.426], [-2.16655,19.5536], [9.08494,8.73774], [15.4453,13.8916], [15.6663,33.0617], [15.6663,33.0617], [15.6663,33.0617], [22.8096,35.2487], [29.3125,21.0969], [24.2935,24.848], [15.2105,26.1104], [15.2105,26.1104], [15.4453,13.8916], [24.2935,24.848], [24.2935,24.848], [34.6779,13.9758], [15.4453,13.8916], [26.2714,19.1717], [24.2935,24.848], [26.2714,19.1717], [26.5674,4.58206], [34.6779,13.9758], [29.3125,21.0969], [24.2935,24.848], [24.2935,24.848], [17.811,26.9916], [17.811,26.9916], [38.6993,29.5467], [22.8096,35.2487], [33.5245,29.0083], [15.6663,33.0617], [33.5245,29.0083], [29.7822,36.4474], [22.8096,35.2487], [33.5245,29.0083], [38.6993,29.5467], [27.786,38.9265], [27.786,38.9265], [44.7321,40.6213], [32.8005,47.3741], [33.5245,29.0083], [33.5245,29.0083], [27.786,38.9265], [23.999,46.2507], [23.999,46.2507], [33.2158,34.5754], [22.8096,35.2487], [22.8096,35.2487], [27.786,38.9265], [29.583,57.7722], [34.157,38.5691], [32.8005,47.3741], [32.8005,47.3741], [34.157,38.5691], [10.3326,51.2709], [32.8005,47.3741], [27.786,38.9265], [29.583,57.7722], [29.583,57.7722], [26.5174,65.1026], [29.583,57.7722], [31.3023,57.2546], [26.5174,65.1026], [30.6539,52.0331], [18.2578,57.4805], [31.3023,57.2546], [29.583,57.7722], [26.5174,65.1026], [26.5174,65.1026], [28.3816,69.4169], [29.583,57.7722], [30.6539,52.0331], [41.2629,54.1559], [29.583,57.7722], [27.786,38.9265], [16.9783,41.5468], [29.583,57.7722], [24.8601,49.6596], [10.3326,51.2709], [1.91063,53.8811], [14.1475,40.9713], [14.1475,40.9713], [10.3326,51.2709], [27.786,38.9265], [23.999,46.2507], [19.9092,52.9844], [1.91063,53.8811], [12.2272,36.2931], [27.786,38.9265], [27.786,38.9265], [10.3326,51.2709], [16.9783,41.5468], [34.157,38.5691], [22.8096,35.2487], [27.786,38.9265], [22.7484,32.5006], [16.9783,41.5468], [14.1475,40.9713], [14.1475,40.9713], [12.2272,36.2931], [10.3326,51.2709], [1.91063,53.8811], [1.91063,53.8811], [19.9092,52.9844], [14.1475,40.9713], [10.3326,51.2709], [16.9783,41.5468], [16.9783,41.5468], [14.1475,40.9713], [4.05367,31.1719], [15.6663,33.0617], [4.05367,31.1719], [14.1475,40.9713], [22.8096,35.2487], [14.1475,40.9713], [0.414746,37.3272], [-2.16655,19.5536], [17.811,26.9916], [26.2714,19.1717], [-2.16655,19.5536], [-2.16655,19.5536], [-2.16655,19.5536], [-2.16655,19.5536], [-2.16655,19.5536], [-2.16655,19.5536], [15.6663,33.0617], [15.6663,33.0617], [0.414746,37.3272], [0.414746,37.3272], [0.414746,37.3272], [0.414746,37.3272], [0.414746,37.3272], [-3.98319,46.0073], [12.2272,36.2931], [12.2272,36.2931], [4.05367,31.1719], [1.91063,53.8811], [10.3326,51.2709], [0.414746,37.3272], [14.1475,40.9713], [4.05367,31.1719], [1.91063,53.8811], [10.3326,51.2709], [14.1475,40.9713], [10.3326,51.2709], [24.8601,49.6596], [23.999,46.2507], [23.999,46.2507], [1.91063,53.8811], [10.3326,51.2709], [26.5174,65.1026], [19.9092,52.9844], [10.3326,51.2709], [1.91063,53.8811], [18.2578,57.4805], [1.91063,53.8811], [9.96976,65.7872], [1.91063,53.8811], [9.96976,65.7872], [18.2578,57.4805], [17.1593,57.0057], [23.999,46.2507], [23.999,46.2507], [30.6539,52.0331], [18.2578,57.4805], [24.8601,49.6596], [10.3326,51.2709], [29.583,57.7722], [39.9356,64.529], [18.2578,57.4805], [17.1593,57.0057], [17.1593,57.0057], [29.583,57.7722], [18.2578,57.4805], [26.5174,65.1026], [29.583,57.7722], [17.1593,57.0057], [10.3326,51.2709], [31.3023,57.2546], [28.3816,69.4169], [17.1593,57.0057], [31.3023,57.2546], [9.96976,65.7872], [26.5174,65.1026], [11.0599,73.6377], [9.27286,74.9341], [-0.411799,70.1976], [-5.63269,66.5617], [-2.89006,58.9245], [10.3326,51.2709], [9.96976,65.7872], [11.0599,73.6377], [9.96976,65.7872], [9.96976,65.7872], [-3.98319,46.0073], [-2.89006,58.9245], [-2.89006,58.9245], [-3.98319,46.0073], [9.96976,65.7872], [0.414746,37.3272], [1.91063,53.8811], [-3.98319,46.0073], [14.1475,40.9713], [1.91063,53.8811], [9.96976,65.7872], [10.3326,51.2709], [-3.98319,46.0073], [0.414746,37.3272], [-2.89006,58.9245], [-5.63269,66.5617], [-5.63269,66.5617], [-5.63269,66.5617], [-2.89006,58.9245], [9.96976,65.7872], [-5.63269,66.5617], [10.7348,83.6251], [-0.411799,70.1976], [-0.411799,70.1976], [5.81359,76.7957], [9.96976,65.7872], [10.7348,83.6251], [2.31692,87.9086], [10.7348,83.6251], [5.81359,76.7957], [-5.63269,66.5617], [5.81359,76.7957], [-0.411799,70.1976], [-2.89006,58.9245], [9.96976,65.7872], [-2.89006,58.9245], [9.96976,65.7872], [-0.411799,70.1976], [11.0599,73.6377], [5.81359,76.7957], [9.96976,65.7872], [9.96976,65.7872], [9.96976,65.7872], [22.6137,84.7428], [5.81359,76.7957], [26.5174,65.1026], [26.5174,65.1026], [5.81359,76.7957], [9.96976,65.7872], [-0.411799,70.1976], [26.5174,65.1026], [11.0599,73.6377], [11.0599,73.6377], [18.422,80.7367], [8.69702,86.4746], [11.0599,73.6377], [6.09418,81.0976], [-2.89006,58.9245], [8.69702,86.4746], [8.69702,86.4746], [2.31692,87.9086], [10.7348,83.6251], [-0.411799,70.1976], [9.27286,74.9341], [10.7348,83.6251], [10.7348,83.6251], [9.27286,74.9341], [-0.411799,70.1976], [5.81359,76.7957], [2.31692,87.9086], [10.7348,83.6251], [9.96976,65.7872], [18.422,80.7367], [6.09418,81.0976], [5.81359,76.7957], [2.31692,87.9086], [5.81359,76.7957], [9.27286,74.9341], [5.81359,76.7957], [5.81359,76.7957], [10.7348,83.6251], [5.81359,76.7957], [8.69702,86.4746], [2.31692,87.9086], [18.422,80.7367], [10.7348,