{
  "instance_index": 0,
  "birth_iter": 10,
  "death_iter": 30,
  "survival_iters": 20,
  "censored": false,
  "pre_vnd_cost": 10682.4,
  "post_vnd_cost": 616.902,
  "pre_vnd_coords": [[80,20], [77.8349,5.49009], [68.6819,18.9179], [77.8349,5.49009], [77.8349,5.49009], [61.0524,13.6471], [49.7193,21.5016], [61.0524,13.6471], [41.3068,34.9062], [38.6993,29.5467], [61.0524,13.6471], [62.103,33.3863], [62.103,33.3863], [53.1732,29.1855], [62.103,33.3863], [69.3435,37.7916], [53.1732,29.1855], [61.0524,13.6471], [61.0524,13.6471], [53.1732,29.1855], [68.6819,18.9179], [41.3068,34.9062], [62.103,33.3863], [62.103,33.3863], [61.0524,13.6471], [62.103,33.3863], [53.1732,29.1855], [61.5524,40.1943], [69.3435,37.7916], [76.4212,28.6363], [74.58,61.8599], [67.9213,55.7956], [67.9213,55.7956], [74.58,61.8599], [61.5524,40.1943], [60.5658,74.6144], [69.7248,69.5811], [74.58,61.8599], [74.58,61.8599], [74.58,61.8599], [61.5109,54.6633], [69.7248,69.5811], [74.58,61.8599], [65.8479,61.3733], [76.3566,74.4932], [74.58,61.8599], [65.8479,61.3733], [74.58,61.8599], [74.58,61.8599], [74.58,61.8599], [69.7248,69.5811], [74.58,61.8599], [74.58,61.8599], [51.9492,65.8144], [65.8479,61.3733], [68.0516,72.3831], [64.1232,69.9125], [44.6733,57.3345], [60.124,56.4903], [60.1921,56.2446], [61.0399,65.1921], [86.6006,62.9528], [86.5959,63.4669], [61.0315,83.4027], [51.9492,65.8144], [68.3892,75.38], [71.824,67.8978], [45.984,70.6681], [43.4217,87.2797], [68.3892,75.38], [76.3566,74.4932], [69.7248,69.5811], [76.3566,74.4932], [68.3892,75.38], [59.263,85.5762], [51.9492,65.8144], [61.0315,83.4027], [60.5658,74.6144], [55.1107,80.2089], [68.3892,75.38], [59.263,85.5762], [59.263,85.5762], [45.984,70.6681], [59.263,85.5762], [50.8033,78.6872], [51.404,81.2152], [55.1107,80.2089], [50.8033,78.6872], [59.263,85.5762], [48.0241,89.9705], [50.8033,78.6872], [43.4217,87.2797], [30.1499,80.5032], [51.404,81.2152], [50.9971,86.0006], [43.4217,87.2797], [39.3995,87.8953], [59.263,85.5762], [41.3698,103.729], [50.8033,78.6872], [50.8033,78.6872], [50.8033,78.6872], [51.404,81.2152], [59.263,85.5762], [67.9744,72.3346], [57.6827,91.45], [66.7933,71.5918], [46.0841,69.4722], [59.6091,61.7922], [71.786,72.2223], [62.6316,68.9743], [71.6884,73.8055], [71.71,73.455], [71.6634,74.2108], [71.7604,72.6375], [71.85,71.1839], [60.0058,56.9167], [60.5658,74.6144], [51.9492,65.8144], [55.1107,80.2089], [43.5208,66.1511], [50.9971,86.0006], [60.5658,74.6144], [55.1107,80.2089], [51.9492,65.8144], [57.6511,69.9535], [55.1107,80.2089], [61.5109,54.6633], [47.4599,55.5135], [51.9492,65.8144], [53.1577,63.5571], [61.5109,54.6633], [61.5524,40.1943], [47.531,65.8128], [61.5109,54.6633], [57.6511,69.9535], [51.9492,65.8144], [51.9492,65.8144], [61.5109,54.6633], [55.3475,54.9852], [47.4599,55.5135], [61.5524,40.1943], [61.5524,40.1943], [62.103,33.3863], [41.2629,54.1559], [61.5109,54.6633], [61.5109,54.6633], [57.6511,69.9535], [69.3435,37.7916], [61.5524,40.1943], [61.5524,40.1943], [50.9852,36.7604], [53.1732,29.1855], [62.103,33.3863], [61.5524,40.1943], [61.5524,40.1943], [50.9852,36.7604], [53.1732,29.1855], [53.1732,29.1855], [53.1732,29.1855], [44.7321,40.6213], [44.7321,40.6213], [49.7193,21.5016], [53.1732,29.1855], [49.7193,21.5016], [50.9852,36.7604], [38.6993,29.5467], [33.5245,29.0083], [38.6993,29.5467], [33.5245,29.0083], [35.1968,44.8537], [26.7155,49.3753], [29.1782,33.2964], [26.9577,39.4164], [28.2442,46.9094], [25.7874,55.8816], [27.7731,47.6693], [31.5615,37.3453], [34.339,43.082], [42.2236,49.499], [28.2442,46.9094], [40.0464,22.458], [43.2477,26.7052], [41.2672,49.5178], [42.6064,49.4914], [42.6064,49.4914], [32.1372,31.1396], [30.9307,30.9255], [35.7673,46.0321], [31.7644,31.0735], [31.3572,31.0012], [30.5127,30.8513], [41.1812,23.9635], [38.365,20.2272], [42.5382,25.7639], [40.3423,22.8505], [32.6828,12.6885], [33.3582,13.5845], [40.7373,23.3745], [34.8402,15.5507], [29.5796,12.0042], [34.1886,14.6862], [41.6137,24.5374], [31.8341,11.5625], [42.0424,25.1061], [15.3946,14.7831], [35.53,16.4659], [26.1404,12.6779], [31.8341,11.5625], [36.5412,17.8075], [9.08494,8.73774], [15.4453,13.8916], [9.08494,8.73774], [6.66241,15.426], [15.6663,33.0617], [6.66241,15.426], [-2.16655,19.5536], [9.08494,8.73774], [24.2935,24.848], [15.4453,13.8916], [6.66241,15.426], [15.4453,13.8916], [15.4453,13.8916], [9.08494,8.73774], [9.08494,8.73774], [15.4453,13.8916], [9.08494,8.73774], [9.08494,8.73774], [9.08494,8.73774], [27.4294,48.2237], [28.2442,46.9094], [26.6197,40.3481], [25.062,55.3805], [24.6618,55.104], [33.1269,40.5784], [27.1368,42.3966], [27.0681,39.1119], [25.157,51.8894], [25.6894,51.0306], [28.2442,46.9094], [24.8759,52.3427], [27.4912,43.1683], [27.1879,38.7818], [26.8475,39.7201], [26.5295,40.5967], [30.0893,30.7853], [29.8482,61.0153], [27.3112,38.4419], [34.732,43.8936], [30.0913,30.7798], [30.0902,30.7826], [32.2467,38.7604], [28.2442,46.9094], [30.0853,30.7962], [30.0864,30.7932], [30.0844,30.7987], [30.0884,30.7877], [30.0924,30.7767], [30.0874,30.7903], [32.0811,31.3063], [85.9654,18.4939], [87.0046,19.2661], [86.9703,22.9782], [86.8876,31.9226], [86.8621,34.6695], [86.9093,29.5787], [71.192,53.5007], [86.835,37.596], [86.6072,62.2413], [68.9423,46.9764], [71.192,53.5007], [67.8645,44.1416], [71.192,53.5007], [71.192,53.5007], [71.192,53.5007], [86.7868,42.8106], [67.2764,42.9268], [67.2024,42.7739], [69.965,49.9427], [72.5058,59.5192], [72.4771,59.4866], [59.9662,57.0598], [67.127,42.6183], [71.192,53.5007], [54.996,46.0898], [57.1563,50.3118], [60.003,62.7282], [71.192,53.5007], [58.4951,52.9282], [60.0454,56.774], [59.5244,58.6546], [58.1787,52.3099], [60.0833,56.6372], [49.4934,35.3358], [53.7852,43.7233], [42.6573,49.6847], [48.8178,34.0952], [51.9852,40.2056], [43.1079,51.3945], [37.4904,49.5909], [41.4679,49.5139], [37.2986,49.1947], [44.0313,54.8981], [42.4158,49.4952], [27.276,56.9099], [43.7578,53.8606], [33.7845,41.9366], [37.4904,49.5909], [29.2682,58.2862], [26.7301,40.0438], [30.1041,61.4026], [37.4904,49.5909], [30.0162,61.2696], [36.4463,47.4345], [28.0691,47.1917], [36.6369,47.828], [48.7191,33.9643], [44.8858,58.1405], [27.7737,57.2538], [24.0248,54.664], [33.122,65.971], [29.8482,61.0153], [28.2442,46.9094], [10.3635,49.9628], [9.62393,45.0857], [27.43,38.1146], [23.9588,54.6185], [24.2333,54.808], [9.72767,44.7531], [24.5108,54.9998], [10.0619,43.6813], [9.534,46.7492], [10.7169,51.3319], [24.443,53.0412], [25.943,50.6215], [9.47444,60.3745], [17.1573,67.0955], [11.4821,54.2963], [10.3944,56.9511], [11.1702,53.0879], [25.4076,51.4851], [28.3816,69.4169], [21.5581,68.7448], [17.3258,72.0674], [19.1911,67.8577], [30.769,75.5004], [21.0838,68.5671], [29.5895,59.7982], [29.7438,60.5242], [21.5581,68.7448], [24.0942,54.712], [21.5581,68.7448], [10.2153,57.6173], [16.0508,66.6808], [29.8482,61.0153], [29.6924,60.2824], [24.3063,54.8585], [21.5581,68.7448], [24.8287,55.2193], [32.6989,65.3306], [32.7188,68.08], [21.3086,68.6513], [32.9671,66.7814], [29.8482,61.0153], [32.115,64.4466], [27.0789,48.7891], [24.9107,55.276], [33.122,65.971], [32.3109,64.7432], [31.0375,62.8155], [37.4904,49.5909], [29.2682,58.2862], [24.5916,55.0555], [26.5199,56.3876], [24.743,55.1602], [29.8482,61.0153], [29.7966,60.7725], [24.438,54.9495], [24.3696,54.9022], [14.9525,66.2692], [30.4525,61.93], [23.6132,54.3797], [29.6409,60.0399], [29.4736,59.2532], [29.9287,61.137], [29.8482,61.0153], [12.6289,65.3984], [10.0864,58.0971], [21.1729,68.6004], [29.8482,61.0153], [23.6848,54.4292], [32.6386,68.4996], [9.95658,58.5803], [8.93951,62.3651], [8.72554,63.1614], [8.39344,63.9835], [13.7933,74.8408], [12.9516,75.5015], [13.6939,65.7975], [9.70197,59.5278], [21.5581,68.7448], [21.5581,68.7448], [8.38156,63.945], [11.3527,77.7129], [12.9516,75.5015], [8.40532,64.0219], [13.9246,74.7377], [21.4403,68.7006], [8.65384,63.4282], [8.3572,63.8662], [24.1631,54.7595], [8.79999,62.8844], [29.6409,87.7275], [25.6208,76.2416], [18.422,80.7367], [25.6208,76.2416], [22.6137,84.7428], [18.422,80.7367], 