{
  "instance_index": 0,
  "birth_iter": 27,
  "death_iter": 30,
  "survival_iters": 3,
  "censored": false,
  "pre_vnd_cost": 10672.6,
  "post_vnd_cost": 785.079,
  "pre_vnd_coords": [[80,20], [85.9654,18.4939], [87.0046,19.2661], [87.6835,10.9281], [87.6835,10.9281], [67.3649,30.2141], [87.6835,10.9281], [67.3649,30.2141], [64.7464,39.758], [67.3649,30.2141], [73.1746,44.6893], [73.1746,44.6893], [67.3649,30.2141], [73.1746,44.6893], [86.4029,36.4131], [64.7464,39.758], [73.1746,44.6893], [76.9009,45.9593], [64.7464,39.758], [76.9009,45.9593], [76.9009,45.9593], [73.1746,44.6893], [73.5068,59.3997], [76.9009,45.9593], [75.4832,58.6369], [75.4832,58.6369], [37.8774,63.8452], [37.8774,63.8452], [33.7604,60.312], [24.9107,55.276], [32.115,64.4466], [32.19,70.846], [32.8058,67.6251], [44.31,71.7248], [29.8482,61.0153], [43.625,72.5946], [28.2623,57.5913], [32.9671,66.7814], [29.3383,58.6162], [21.5581,68.7448], [21.2222,68.6189], [29.5365,59.5492], [21.5581,68.7448], [29.7438,60.5242], [29.8482,61.0153], [26.3875,78.0327], [19.5513,92.1637], [18.8385,70.8798], [21.2649,68.6349], [26.0308,90.3133], [14.3561,74.3989], [21.5581,68.7448], [21.0023,68.5365], [17.3258,72.0674], [30.2182,75.8187], [18.3145,71.2912], [19.5008,70.3599], [27.672,77.2903], [18.5111,82.585], [28.8759,89.8173], [21.047,81.1194], [14.0661,74.6266], [17.095,92.8652], [21.6985,91.5505], [28.2384,89.8841], [17.095,92.8652], [33.5365,91.2764], [19.9921,92.5854], [25.0977,92.0918], [17.095,92.8652], [41.9565,88.7959], [11.2494,86.7816], [22.6117,92.3321], [39.8587,89.6388], [24.8154,78.9414], [30.1663,89.6821], [39.4235,77.9291], [35.2232,91.1134], [38.9135,78.5768], [45.7609,87.2039], [30.1663,89.6821], [30.1663,89.6821], [29.0869,76.4726], [37.2043,80.747], [35.2232,91.1134], [32.8167,102.557], [40.8302,106.402], [44.0745,99.696], [40.8302,106.402], [35.1832,92.0906], [44.0745,99.696], [35.1832,92.0906], [44.7079,90.6611], [60.3279,92.3922], [55.928,85.5517], [59.6949,92.1667], [60.1119,92.3152], [57.6827,91.45], [58.2362,91.6471], [57.138,91.256], [29.0518,92.0284], [27.5211,83.9508], [29.4751,94.7909], [29.4751,94.7909], [29.4751,94.7909], [27.5211,83.9508], [29.4751,94.7909], [21.1599,95.4461], [29.4751,94.7909], [29.4751,94.7909], [29.0518,92.0284], [3.13087,98.5169], [3.13087,98.5169], [29.4751,94.7909], [7.16138,97.74], [29.4751,94.7909], [8.00653,89.1839], [14.0999,93.4777], [14.9546,83.7534], [29.4751,94.7909], [1.4455,89.6939], [7.16138,97.74], [14.0999,93.4777], [11.7962,103.396], [7.16138,97.74], [29.4751,94.7909], [29.4751,94.7909], [29.4751,94.7909], [29.4751,94.7909], [29.4751,94.7909], [10.9433,89.1445], [11.7962,103.396], [5.89863,83.4479], [3.96983,92.985], [8.00653,89.1839], [14.9546,83.7534], [12.1892,75.9676], [35.1832,92.0906], [36.6299,81.4762], [47.5903,87.8554], [48.5763,88.2067], [35.2232,91.1134], [44.3154,86.689], [30.1663,89.6821], [40.5135,89.4306], [30.1663,89.6821], [36.173,82.0564], [25.131,78.7589], [18.9653,82.3225], [30.1663,89.6821], [9.58066,84.3976], [9.37677,87.9652], [11.876,86.4195], [14.6352,74.1798], [11.3694,86.7122], [10.4798,80.5919], [11.7022,86.5199], [8.6595,88.2965], [10.6343,87.1687], [12.7449,85.9173], [11.4519,86.6646], [8.74177,88.3674], [11.4972,86.6384], [17.504,83.167], [11.6606,86.544], [11.7907,86.4688], [12.0006,86.3474], [8.62533,88.4412], [11.2574,77.8446], [9.16237,86.168], [11.4079,86.69], [9.55003,87.8555], [9.38071,85.2439], [10.2228,81.6799], [15.3361,84.4198], [11.3293,86.7354], [12.9516,75.5015], [9.68058,83.9747], [9.77943,83.5563], [11.6187,86.5681], [14.1993,74.522], [1.9753,65.2485], [7.66214,70.3789], [18.3543,72.3611], [13.0036,76.4515], [7.66214,70.3789], [1.4455,89.6939], [13.0036,76.4515], [5.63471,71.8856], [3.98078,76.1484], [8.80641,75.034], [18.3543,72.3611], [13.0036,76.4515], [1.9753,65.2485], [7.66214,70.3789], [16.7736,64.3214], [1.9753,65.2485], [18.3543,72.3611], [1.9753,65.2485], [3.96983,92.985], [1.4455,89.6939], [6.56786,75.901], [6.56786,75.901], [1.9753,65.2485], [1.48164,84.3049], [3.96983,92.985], [1.4455,89.6939], [1.48164,84.3049], [1.4455,89.6939], [8.80641,75.034], [1.4455,89.6939], [-6.06994,69.4789], [1.48164,84.3049], [10.3749,75.0495], [3.96983,92.985], [3.13087,98.5169], [1.48164,84.3049], [1.4455,89.6939], [1.4455,89.6939], [3.13087,98.5169], [1.4455,89.6939], [3.13087,98.5169], [3.96983,92.985], [11.5728,86.5947], [10.0845,87.517], [9.90397,87.6313], [11.2043,86.8076], [11.2867,86.76], [10.8221,87.0498], [11.5336,86.6174], [11.9599,86.371], [9.0509,88.1716], [9.43815,64.2027], [9.87855,64.3677], [9.27446,61.1186], [8.86628,62.6377], [9.57525,59.9993], [10.4019,64.5639], [9.36963,60.7645], [9.47444,60.3745], [8.40532,64.0219], [8.93951,62.3651], [13.6939,65.7975], [8.58281,63.6925], [8.3693,63.9053], [8.44045,64.1356], [9.06184,64.0617], [12.0412,86.324], [8.41699,64.0597], [21.4086,80.9104], [11.8336,86.444], [8.69282,63.9234], [21.3525,68.6677], [12.0792,86.302], [9.20654,88.073], [10.266,87.402], [17.8505,82.9668], [30.1663,89.6821], [35.2232,91.1134], [35.2232,91.1134], [22.4982,91.3221], [40.1621,89.5424], [38.9793,89.9185], [35.2232,91.1134], [41.874,88.8929], [53.749,90.0489], [54.5913,90.3489], [41.7517,89.0369], [54.1731,90.1999], [41.556,89.0991], [62.7373,93.2504], [63.2474,92.9304], [62.8205,82.8684], [52.8008,89.7111], [63.6547,93.2851], [60.2076,90.2829], [61.8301,91.696], [62.6159,92.3804], [81.257,88.1454], [81.232,88.1867], [81.3031,88.0692], [59.4863,92.0924], [81.6116,87.5594], [80.6187,88.0096], [78.7004,82.8751], [67.9897,92.1958], [85.5228,81.4279], [73.1596,84.6343], [67.9897,92.1958], [63.4453,78.4444], [67.9897,92.1958], [73.1596,84.6343], [64.8762,73.6846], [71.8033,74.9716], [55.928,85.5517], [78.7004,82.8751], [42.181,71.2437], [57.3368,77.2291], [55.928,85.5517], [55.928,85.5517], [57.3368,77.2291], [71.8033,74.9716], [64.4948,88.0603], [64.8762,73.6846], [73.1596,84.6343], [64.8762,73.6846], [52.9745,72.023], [48.5156,76.4207], [51.4507,73.3538], [63.4453,78.4444], [57.3368,77.2291], [53.5652,79.8019], [48.5156,76.4207], [63.4453,78.4444], [42.181,71.2437], [64.4948,88.0603], [57.3368,77.2291], [42.181,71.2437], [53.5652,79.8019], [43.5952,79.951], [51.0892,84.1358], [58.6956,82.9302], [44.7079,90.6611], [57.3368,77.2291], [40.3925,91.4598], [43.5952,79.951], [53.5652,79.8019], [57.3368,77.2291], [43.5952,79.951], [48.5156,76.4207], [44.0745,99.696], [51.0892,84.1358], [58.6956,82.9302], [44.0745,99.696], [55.2955,96.5572], [51.7067,89.6446], [55.2955,96.5572], [48.5156,76.4207], [42.7172,87.9008], [35.8415,82.4774], [46.4882,87.4629], [36.3028,81.8916], [35.7187,82.6333], [61.5124,66.315], [46.5698,67.7728], [58.7501,53.4266], [59.0338,60.4251], [62.6316,68.9743], [43.9283,72.2095], [33.122,65.971], [45.0588,70.7741], [44.2057,71.8573], [44.9583,70.9016], [45.3744,70.3734], [48.1039,88.0384], [20.6949,69.4224], [35.5957,82.7894], [23.8717,79.4868], [38.5091,79.0902], [27.1249,90.0009], [35.2232,91.1134], [30.769,75.5004], [20.7204,81.3082], [28.3806,76.8807], [23.1945,79.8782], [27.6681,89.9439], [22.1668,80.4722], [24.4902,79.1293], [23.5309,79.6838], [21.8074,80.6799], [29.6837,76.1276], [24.9822,90.6127], [25.7779,78.3851], [23.2501,91.1073], [42.7779,73.6702], [38.1616,79.5314], [36.0654,82.193], [49.0707,88.3828], [25.473,78.5613], [35.9496,82.34], [24.1863,79.305], [29.6409,60.0399], [32.455,69.4599], [32.5478,68.9747], [42.135,74.4864], [44.7079,90.6611], [43.5952,79.951], [43.5952,79.951], [34.6158,69.5774], [43.5952,79.951], [60.7802,92.5533], [51.0892,84.1358], [55.928,85.5517], [51.7067,89.6446], [43.5952,79.951], [55.928,85.5517], [43.5952,79.951], [35.1832,92.0906], [33.1187,75.382], [37.8774,63.8452], [43.5952,79.951], [40.3925,91.4598], [51.0892,84.1358], [40.3925,91.4598], [35.1832,92.0906], [35.1832,92.0906], [8.80641,75.034], [41.0484,89.2605], [35.2232,91.1134], [41.7714,89.0136], [38.7797,89.9819], [39.4134,89.7804], [41.8324,88.9418], [39.1948,89.8499], [41.8129,88.9648], [47.4085,87.7907], [41.895,88.8683], [41.7918,88.9896], 