{
  "instance_index": 0,
  "birth_iter": 22,
  "death_iter": 40,
  "survival_iters": 18,
  "censored": false,
  "pre_vnd_cost": 11305.7,
  "post_vnd_cost": 828.468,
  "pre_vnd_coords": [[80,20], [100.775,27.9389], [88.0372,4.65344], [88.0372,4.65344], [88.0372,4.65344], [88.0372,4.65344], [100.775,27.9389], [100.775,27.9389], [87.288,38.5494], [75.5622,38.2605], [87.288,38.5494], [83.6049,45.5001], [75.5622,38.2605], [68.1244,11.6481], [53.9117,34.7047], [68.1244,11.6481], [61.8607,32.3786], [61.8607,32.3786], [61.8607,32.3786], [76.7073,52.707], [62.4327,43.6121], [50.7099,27.2008], [62.4327,43.6121], [50.426,40.8304], [75.2646,40.4329], [83.6049,45.5001], [76.7073,52.707], [76.7073,52.707], [83.6049,45.5001], [62.4327,43.6121], [75.2646,40.4329], [68.8652,56.407], [86.4372,60.4209], [82.5504,57.4524], [75.2646,40.4329], [75.5622,38.2605], [86.4372,60.4209], [92.7715,49.5566], [82.5504,57.4524], [82.5504,57.4524], [76.7073,52.707], [92.7715,49.5566], [83.6049,45.5001], [65.2267,51.6064], [65.5903,62.1728], [58.2364,65.5008], [74.0211,66.881], [71.1551,73.1272], [74.0211,66.881], [76.7073,52.707], [71.1551,73.1272], [84.5725,76.1586], [86.4372,60.4209], [68.8652,56.407], [83.6049,45.5001], [86.4372,60.4209], [92.7715,49.5566], [92.7715,49.5566], [92.7715,49.5566], [84.5725,76.1586], [84.5725,76.1586], [84.5725,76.1586], [79.8191,89.9485], [104.495,83.6759], [91.7507,95.1171], [91.7507,95.1171], [84.5725,76.1586], [104.495,83.6759], [91.7507,95.1171], [83.6712,103.851], [91.7507,95.1171], [83.6712,103.851], [73.0962,101.652], [91.7507,95.1171], [69.7302,94.0877], [69.7302,94.0877], [63.9081,91.6463], [73.0962,101.652], [73.0962,101.652], [73.0962,101.652], [50.9818,98.3651], [63.9081,91.6463], [58.9712,96.7746], [52.5967,87.2285], [49.9188,91.8845], [43.8071,98.5657], [58.9712,96.7746], [43.8071,98.5657], [54.1529,101.724], [38.6887,104.204], [38.6887,104.204], [54.1529,101.724], [34.2297,96.9304], [22.5208,92.0033], [34.2297,96.9304], [26.6385,90.0366], [25.402,104.587], [25.402,104.587], [26.6385,90.0366], [25.402,104.587], [23.0704,87.8596], [7.08554,98.7642], [33.8821,100.821], [25.402,104.587], [23.0704,87.8596], [23.0704,87.8596], [33.8821,100.821], [23.0704,87.8596], [14.9928,99.3415], [23.0704,87.8596], [34.2297,96.9304], [25.402,104.587], [25.402,104.587], [25.402,104.587], [16.3419,95.3372], [17.9696,86.6896], [19.3465,83.2696], [7.08554,98.7642], [7.18073,89.6518], [7.08554,98.7642], [16.3419,95.3372], [2.59684,88.9641], [7.23732,86.4795], [7.08554,98.7642], [5.52014,79.8487], [7.23732,86.4795], [-0.594692,80.4906], [7.23732,86.4795], [7.18073,89.6518], [4.9345,77.7667], [10.8552,85.277], [2.59684,88.9641], [5.87334,72.619], [7.23732,86.4795], [7.08554,98.7642], [7.18073,89.6518], [7.23732,86.4795], [7.08554,98.7642], [7.08554,98.7642], [-0.594692,80.4906], [12.9153,77.1206], [4.9345,77.7667], [7.18073,89.6518], [10.8552,85.277], [15.8764,78.4789], [7.23732,86.4795], [10.8552,85.277], [2.59684,88.9641], [5.52014,79.8487], [2.59684,88.9641], [5.87334,72.619], [-0.594692,80.4906], [2.13581,63.4141], [2.13581,63.4141], [4.9345,77.7667], [2.13581,63.4141], [-0.196013,72.4181], [5.87334,72.619], [1.12045,59.3437], [16.1022,66.3755], [-0.196013,72.4181], [-3.36047,71.067], [8.51206,60.3961], [2.13581,63.4141], [-3.36047,71.067], [-0.196013,72.4181], [16.1022,66.3755], [-0.196013,72.4181], [16.1022,66.3755], [-0.196013,72.4181], [5.87334,72.619], [5.87334,72.619], [-0.594692,80.4906], [12.9153,77.1206], [16.1022,66.3755], [5.52014,79.8487], [5.87334,72.619], [8.51206,60.3961], [21.6611,78.9104], [-0.594692,80.4906], [5.87334,72.619], [5.87334,72.619], [16.1022,66.3755], [16.1022,66.3755], [10.8552,85.277], [5.52014,79.8487], [12.9153,77.1206], [16.1022,66.3755], [20.3552,68.2825], [2.13581,63.4141], [12.9153,77.1206], [16.1022,66.3755], [2.13581,63.4141], [-0.196013,72.4181], [2.13581,63.4141], [14.3967,57.1255], [16.1022,66.3755], [16.1022,66.3755], [16.1022,66.3755], [14.3967,57.1255], [8.51206,60.3961], [1.12045,59.3437], [16.1022,66.3755], [8.51206,60.3961], [10.8176,50.9338], [1.12045,59.3437], [1.12045,59.3437], [2.908,40.554], [2.908,40.554], [12.3928,30.4677], [2.908,40.554], [7.01831,54.241], [2.908,40.554], [12.1936,43.8494], [15.8132,51.8581], [12.3928,30.4677], [2.908,40.554], [7.01831,54.241], [7.01831,54.241], [7.01831,54.241], [10.8176,50.9338], [10.8176,50.9338], [1.12045,59.3437], [1.12045,59.3437], [7.01831,54.241], [12.1936,43.8494], [10.8176,50.9338], [10.8176,50.9338], [14.3967,57.1255], [18.6212,49.157], [18.729,42.5097], [1.12045,59.3437], [10.8176,50.9338], [10.8176,50.9338], [10.8176,50.9338], [17.182,58.3835], [28.9629,47.5702], [14.3967,57.1255], [15.8132,51.8581], [10.8176,50.9338], [15.8132,51.8581], [15.8132,51.8581], [15.8132,51.8581], [17.182,58.3835], [1.12045,59.3437], [16.1022,66.3755], [24.8143,42.1442], [23.3902,48.8021], [20.3552,68.2825], [10.8176,50.9338], [10.8176,50.9338], [10.8176,50.9338], [17.182,58.3835], [7.01831,54.241], [18.6212,49.157], [7.01831,54.241], [18.6212,49.157], [2.908,40.554], [18.729,42.5097], [10.8176,50.9338], [10.8176,50.9338], [10.8176,50.9338], [10.8176,50.9338], [12.1936,43.8494], [24.0263,46.0753], [12.3928,30.4677], [10.8176,50.9338], [10.0122,37.8266], [12.3928,30.4677], [0.755206,25.5094], [2.908,40.554], [12.3928,30.4677], [17.5397,27.0312], [12.3928,30.4677], [24.8143,42.1442], [23.7295,27.6066], [15.4096,23.0906], [12.3928,30.4677], [15.4096,23.0906], [15.4096,23.0906], [3.11711,15.3089], [3.11711,15.3089], [19.8496,17.948], [29.1994,17.6214], [19.8496,17.948], [21.0027,26.5514], [19.8496,17.948], [9.26249,4.23573], [9.26249,4.23573], [39.9311,8.44229], [36.2913,14.175], [19.8496,17.948], [39.9311,8.44229], [36.2913,14.175], [29.1994,17.6214], [29.1994,17.6214], [31.795,2.65985], [31.795,2.65985], [36.2913,14.175], [32.1918,27.8917], [29.1994,17.6214], [36.2913,14.175], [36.2913,14.175], [42.7467,34.0863], [38.5948,42.0347], [42.7467,34.0863], [48.4977,47.4142], [42.7467,34.0863], [42.7467,34.0863], [42.7467,34.0863], [68.4163,53.8809], [42.7467,34.0863], [38.5948,42.0347], [32.1142,35.9598], [68.4163,53.8809], [71.4637,69.8499], [48.4977,47.4142], [42.163,50.1146], [42.181,71.2437], [60.7569,68.521], [65.2168,56.8166], [71.4637,69.8499], [71.4637,69.8499], [71.4637,69.8499], [64.8762,73.6846], [65.2168,56.8166], [53.5652,79.8019], [64.8762,73.6846], [51.4507,73.3538], [64.8762,73.6846], [73.1596,84.6343], [42.181,71.2437], [64.8762,73.6846], [63.4453,78.4444], [55.928,85.5517], [60.7569,68.521], [55.928,85.5517], [63.4453,78.4444], [63.4453,78.4444], [71.4637,69.8499], [78.7004,82.8751], [78.7004,82.8751], [64.8762,73.6846], [64.8762,73.6846], [71.4637,69.8499], [71.4637,69.8499], [64.8762,73.6846], [52.9745,72.023], [63.4453,78.4444], [64.8762,73.6846], [71.8033,74.9716], [71.4637,69.8499], [73.1596,84.6343], [78.7004,82.8751], [73.1596,84.6343], [73.1596,84.6343], [71.4637,69.8499], [71.8033,74.9716], [71.8033,74.9716], [67.9897,92.1958], [73.1596,84.6343], [71.4637,69.8499], [78.7004,82.8751], [51.0892,84.1358], [78.7004,82.8751], [71.8033,74.9716], [73.1596,84.6343], [71.8033,74.9716], [67.9897,92.1958], [64.4948,88.0603], [67.9897,92.1958], [58.6956,82.9302], [67.9897,92.1958], [55.928,85.5517], [55.928,85.5517], [52.9745,72.023], [55.928,85.5517], [57.3368,77.2291], [42.181,71.2437], [58.2364,65.5008], [51.4507,73.3538], [36.7236,79.4878], [48.5156,76.4207], [42.181,71.2437], [33.7604,60.312], [42.163,50.1146], [33.7604,60.312], [33.7604,60.312], [29.801,61.7816], [48.5156,76.4207], [42.181,71.2437], [36.7236,79.4878], [38.9689,85.2648], [37.8774,63.8452], [33.7604,60.312], [42.181,71.2437], [33.7604,60.312], [33.7604,60.312], [37.8774,63.8452], [24.9941,67.7951], [33.7604,60.312], [33.1187,75.382], [21.6765,76.8806], [31.2926,54.4315], [34.6158,69.5774], [36.7236,79.4878], [22.0602,63.3309], [43.5952,79.951], [33.1187,75.382], [34.6158,69.5774], [29.801,61.7816], [28.1984,79.6901], [13.0036,76.4515], [19.9669,69.5174], [24.9941,67.7951], [33.1187,75.382], 