{
  "instance_index": 0,
  "birth_iter": 5,
  "death_iter": 60,
  "survival_iters": 55,
  "censored": false,
  "pre_vnd_cost": 11494.1,
  "post_vnd_cost": 583.196,
  "pre_vnd_coords": [[80,20], [100.147,15.8102], [100.147,15.8102], [100.147,15.8102], [100.147,15.8102], [74.4107,2.04017], [80.7429,19.8455], [74.4107,2.04017], [70.4048,16.5955], [57.1669,20.5827], [65.011,22.8519], [65.011,22.8519], [74.4107,2.04017], [41.0754,15.7142], [30.2962,12.341], [21.5815,11.3646], [21.5815,11.3646], [31.6159,11.1768], [11.8876,16.2022], [21.5815,11.3646], [11.8876,16.2022], [3.34155,7.87141], [3.34155,7.87141], [3.34155,7.87141], [3.34155,7.87141], [10.7056,14.3291], [11.8876,16.2022], [5.18699,28.7345], [11.8876,16.2022], [3.34155,7.87141], [3.34155,7.87141], [10.7056,14.3291], [10.7056,14.3291], [5.18699,28.7345], [11.8876,16.2022], [5.18699,28.7345], [5.18699,28.7345], [5.18699,28.7345], [13.645,46.8286], [5.18699,28.7345], [5.18699,28.7345], [5.18699,28.7345], [5.18699,28.7345], [5.18699,28.7345], [5.18699,28.7345], [5.18699,28.7345], [5.18699,28.7345], [1.23074,42.5822], [13.645,46.8286], [1.23074,42.5822], [1.23074,42.5822], [1.23074,42.5822], [7.88157,38.857], [13.645,46.8286], [13.645,46.8286], [4.67265,50.2922], [5.30506,58.6729], [7.88157,38.857], [13.645,46.8286], [1.23074,42.5822], [5.30506,58.6729], [5.30506,58.6729], [5.30506,58.6729], [5.30506,58.6729], [5.30506,58.6729], [-1.27268,68.2585], [1.66551,56.5819], [4.67265,50.2922], [0.27621,77.3111], [3.89744,63.4088], [8.79388,71.8365], [-1.27268,68.2585], [1.66551,56.5819], [10.7283,63.1111], [-1.27268,68.2585], [-1.27268,68.2585], [7.38502,88.9892], [0.27621,77.3111], [10.9248,70.751], [11.1707,79.1808], [11.1707,79.1808], [4.03109,84.3852], [7.38502,88.9892], [0.27621,77.3111], [3.89744,63.4088], [-1.27268,68.2585], [0.27621,77.3111], [11.1707,79.1808], [7.38502,88.9892], [7.38502,88.9892], [4.03109,84.3852], [16.2062,80.6771], [7.38502,88.9892], [-1.27268,68.2585], [11.1707,79.1808], [4.03109,84.3852], [8.79388,71.8365], [7.38502,88.9892], [8.65112,93.0591], [0.27621,77.3111], [10.827,77.0158], [7.38502,88.9892], [23.1363,75.9838], [18.3044,78.716], [8.79388,71.8365], [4.03109,84.3852], [18.3044,78.716], [7.38502,88.9892], [8.6138,96.7921], [8.65112,93.0591], [7.38502,88.9892], [11.1707,79.1808], [7.38502,88.9892], [17.5049,85.1463], [7.38502,88.9892], [7.38502,88.9892], [8.79388,71.8365], [4.03109,84.3852], [7.38502,88.9892], [11.1707,79.1808], [16.2062,80.6771], [8.6138,96.7921], [9.42117,106.004], [7.38502,88.9892], [4.03109,84.3852], [4.03109,84.3852], [8.6138,96.7921], [4.03109,84.3852], [8.6138,96.7921], [7.38502,88.9892], [20.0227,83.3398], [4.03109,84.3852], [8.6138,96.7921], [11.1707,79.1808], [8.6138,96.7921], [11.1707,79.1808], [4.03109,84.3852], [7.38502,88.9892], [7.38502,88.9892], [7.38502,88.9892], [7.38502,88.9892], [11.1707,79.1808], [7.38502,88.9892], [8.65112,93.0591], [7.38502,88.9892], [7.38502,88.9892], [7.38502,88.9892], [7.38502,88.9892], [8.65112,93.0591], [9.42117,106.004], [18.7772,89.5662], [9.42117,106.004], [8.6138,96.7921], [8.6138,96.7921], [26.4717,99.6684], [17.5049,85.1463], [26.4717,99.6684], [26.4717,99.6684], [26.4717,99.6684], [32.3166,102.402], [32.3166,102.402], [26.4717,99.6684], [26.4717,99.6684], [11.1707,79.1808], [17.5049,85.1463], [26.4717,99.6684], [4.03109,84.3852], [11.1707,79.1808], [7.38502,88.9892], [8.6138,96.7921], [9.42117,106.004], [7.38502,88.9892], [20.0227,83.3398], [11.1707,79.1808], [26.4717,99.6684], [18.3044,78.716], [18.3044,78.716], [11.1707,79.1808], [8.6138,96.7921], [18.3044,78.716], [8.6138,96.7921], [32.9194,106.099], [39.5669,95.5605], [39.5669,95.5605], [21.4833,70.6619], [16.2062,80.6771], [8.79388,71.8365], [13.3108,74.8521], [23.1363,75.9838], [23.5516,64.1519], [7.38502,88.9892], [18.7293,64.0076], [18.7293,64.0076], [21.4833,70.6619], [23.5516,64.1519], [20.0227,83.3398], [23.1363,75.9838], [18.7772,89.5662], [16.2062,80.6771], [11.1707,79.1808], [20.0227,83.3398], [18.7772,89.5662], [18.7772,89.5662], [4.03109,84.3852], [23.5516,64.1519], [18.7293,64.0076], [10.827,77.0158], [18.3044,78.716], [18.3044,78.716], [16.2062,80.6771], [23.1363,75.9838], [11.1707,79.1808], [0.27621,77.3111], [16.2062,80.6771], [8.79388,71.8365], [7.38502,88.9892], [0.27621,77.3111], [0.27621,77.3111], [18.3044,78.716], [10.9248,70.751], [21.4833,70.6619], [20.0227,83.3398], [5.30506,58.6729], [16.2062,80.6771], [4.03109,84.3852], [18.3044,78.716], [10.7283,63.1111], [11.1707,79.1808], [3.89744,63.4088], [8.79388,71.8365], [13.3108,74.8521], [20.0227,83.3398], [23.5516,64.1519], [10.7283,63.1111], [20.0227,83.3398], [23.5516,64.1519], [32.7323,68.8575], [23.1363,75.9838], [23.5516,64.1519], [23.5516,64.1519], [23.5516,64.1519], [18.3044,78.716], [41.6197,80.3125], [41.6197,80.3125], [32.3166,102.402], [23.1363,75.9838], [39.5669,95.5605], [46.4362,97.1082], [39.5669,95.5605], [26.4717,99.6684], [39.5669,95.5605], [32.3166,102.402], [32.3166,102.402], [32.9194,106.099], [39.5669,95.5605], [39.5669,95.5605], [39.5669,95.5605], [32.3166,102.402], [39.5669,95.5605], [51.0667,97.6651], [46.4362,97.1082], [51.0667,97.6651], [52.0884,76.9706], [41.6197,80.3125], [41.1999,72.8357], [39.5669,95.5605], [32.7323,68.8575], [49.6567,80.1683], [34.1047,66.3887], [52.0884,76.9706], [49.6567,80.1683], [38.6157,62.696], [52.0884,76.9706], [45.8842,70.6192], [45.8842,70.6192], [41.6197,80.3125], [49.6567,80.1683], [41.6197,80.3125], [51.0667,97.6651], [52.0884,76.9706], [51.0667,97.6651], [61.2663,97.8231], [61.2663,97.8231], [51.0667,97.6651], [50.7845,102.97], [50.7845,102.97], [45.6702,26.1648], [69.3647,51.4905], [62.5816,49.1593], [78.5557,39.8902], [78.5557,39.8902], [93.7522,39.7297], [78.5557,39.8902], [78.5557,39.8902], [93.7522,39.7297], [75.4795,60.2456], [69.1227,44.8359], [91.6019,52.937], [91.6019,52.937], [91.6019,52.937], [91.6019,52.937], [91.6019,52.937], [75.4795,60.2456], [91.6019,52.937], [91.6019,52.937], [91.6019,52.937], [76.4815,54.5973], [76.4815,54.5973], [76.4815,54.5973], [69.3647,51.4905], [76.4815,54.5973], [76.4815,54.5973], [69.1227,44.8359], [59.6223,55.1357], [61.5365,62.8595], [69.3373,58.8446], [75.4795,60.2456], [75.4795,60.2456], [76.4815,54.5973], [91.6019,52.937], [69.3373,58.8446], [75.4795,60.2456], [76.4815,54.5973], [76.4815,54.5973], [75.5001,68.8128], [80.3141,76.007], [81.9011,68.4178], [73.6858,89.0203], [72.8205,82.5913], [81.9011,68.4178], [81.6448,87.1916], [80.3141,76.007], [80.3141,76.007], [64.346,84.2277], [75.5001,68.8128], [73.6858,89.0203], [73.6858,89.0203], [80.3141,76.007], [73.6858,89.0203], [64.8849,94.5816], [72.8205,82.5913], [77.3717,97.6376], [64.8849,94.5816], [73.6858,89.0203], [77.3717,97.6376], [73.6858,89.0203], [81.6448,87.1916], [73.6858,89.0203], [81.6448,87.1916], [80.3141,76.007], [64.346,84.2277], [95.6455,93.776], [96.8933,73.1533], [80.3141,76.007], [96.8933,73.1533], [96.8933,73.1533], [95.6455,93.776], [95.6455,93.776], [95.6455,93.776], [81.6448,87.1916], [72.8205,82.5913], [77.3717,97.6376], [81.3913,102.955], [81.3913,102.955], [73.6858,89.0203], [81.3913,102.955], [95.6455,93.776], [64.8849,94.5816], [81.3913,102.955], [64.8849,94.5816], [64.346,84.2277], [77.3717,97.6376], [61.2663,97.8231], [64.8849,94.5816], [51.0667,97.6651], [61.2663,97.8231], [61.2663,97.8231], [61.2663,97.8231], [33.217,92.8667], [61.2663,97.8231], [61.2663,97.8231], [56.2232,86.0094], [51.0667,97.6651], [46.4362,97.1082], [50.7845,102.97], [46.4362,97.1082], [44.5938,92.9717], [61.2663,97.8231], [50.7845,102.97], [50.7845,102.97], [39.7142,91.3292], [44.5938,92.9717], [46.4362,97.1082], [51.0667,97.6651], [51.0667,97.6651], [44.5938,92.9717], [44.5938,92.9717], [49.6567,80.1683], [56.2232,86.0094], [33.217,92.8667], [49.6567,80.1683], [51.0667,97.6651], [41.1999,72.8357], [50.1418,86.8184], [56.2232,86.0094], [39.7142,91.3292], [54.1686,89.6924], [42.1253,87.0058], [44.5938,92.9717], [61.2663,97.8231], [50.1418,86.8184], [61.2663,97.8231], [64.1333,94.4443], [58.9009,95.327], [64.1333,94.4443], 