{
  "instance_index": 0,
  "birth_iter": 3,
  "death_iter": 50,
  "survival_iters": 47,
  "censored": false,
  "pre_vnd_cost": 11224.1,
  "post_vnd_cost": 603.238,
  "pre_vnd_coords": [[80,20], [77.8349,5.49009], [68.6819,18.9179], [61.0524,13.6471], [68.6819,18.9179], [61.0524,13.6471], [62.103,33.3863], [61.0524,13.6471], [61.0524,13.6471], [61.0524,13.6471], [61.0524,13.6471], [41.3068,34.9062], [49.7193,21.5016], [38.6993,29.5467], [41.3068,34.9062], [49.7193,21.5016], [50.9852,36.7604], [47.5543,17.0887], [38.6993,29.5467], [33.5245,29.0083], [23.6667,27.2549], [23.6667,27.2549], [28.9597,26.2675], [28.9597,26.2675], [29.3125,21.0969], [33.5245,29.0083], [32.8005,47.3741], [38.6993,29.5467], [32.8005,47.3741], [44.7321,40.6213], [50.9852,36.7604], [62.103,33.3863], [62.103,33.3863], [62.103,33.3863], [33.2158,34.5754], [50.9852,36.7604], [53.1732,29.1855], [46.4505,48.2218], [46.4505,48.2218], [32.8005,47.3741], [50.9852,36.7604], [53.1732,29.1855], [38.6993,29.5467], [27.786,38.9265], [32.8005,47.3741], [44.7321,40.6213], [41.3068,34.9062], [44.7321,40.6213], [46.4505,48.2218], [50.9852,36.7604], [32.8005,47.3741], [44.7321,40.6213], [61.5524,40.1943], [62.103,33.3863], [52.6129,44.6543], [53.1732,29.1855], [53.1732,29.1855], [38.81,46.6762], [46.4505,48.2218], [46.4505,48.2218], [53.1732,29.1855], [69.3435,37.7916], [62.103,33.3863], [41.3068,34.9062], [50.9852,36.7604], [53.1732,29.1855], [53.1732,29.1855], [69.3435,37.7916], [53.1732,29.1855], [61.5524,40.1943], [61.5524,40.1943], [53.1732,29.1855], [52.6129,44.6543], [61.5524,40.1943], [74.6376,41.276], [74.6376,41.276], [74.6376,41.276], [74.6376,41.276], [74.6376,41.276], [73.9486,51.3524], [73.9486,51.3524], [73.9486,51.3524], [62.103,33.3863], [61.5524,40.1943], [74.6376,41.276], [62.103,33.3863], [61.5524,40.1943], [69.3435,37.7916], [61.1668,50.9095], [61.5524,40.1943], [61.1668,50.9095], [61.5524,40.1943], [46.4505,48.2218], [46.4505,48.2218], [61.1668,50.9095], [32.8005,47.3741], [25.089,45.3668], [26.0892,44.6087], [26.0892,44.6087], [35.4143,59.9504], [27.6274,68.5269], [35.1295,41.9961], [18.9464,41.719], [18.9464,41.719], [21.9488,48.5499], [11.7396,56.9006], [21.9488,48.5499], [11.7396,56.9006], [18.9464,41.719], [7.20268,43.4196], [7.89989,51.3202], [10.4561,60.7362], [12.7917,48.1652], [12.7917,48.1652], [-1.23494,56.6181], [16.7236,63.5592], [12.7917,48.1652], [7.89989,51.3202], [7.20268,43.4196], [7.89989,51.3202], [7.89989,51.3202], [7.20268,43.4196], [12.7917,48.1652], [14.1475,40.9713], [-3.98319,46.0073], [16.9783,41.5468], [14.1475,40.9713], [12.2272,36.2931], [16.9783,41.5468], [14.1475,40.9713], [14.1475,40.9713], [4.05367,31.1719], [4.05367,31.1719], [22.8096,35.2487], [14.1475,40.9713], [4.05367,31.1719], [23.999,46.2507], [23.999,46.2507], [27.786,38.9265], [32.8005,47.3741], [32.8005,47.3741], [25.6208,76.2416], [25.6208,76.2416], [18.422,80.7367], [25.6208,76.2416], [25.6208,76.2416], [11.0599,73.6377], [8.69702,86.4746], [25.6208,76.2416], [25.6208,76.2416], [25.6208,76.2416], [22.6137,84.7428], [11.0599,73.6377], [18.422,80.7367], [18.422,80.7367], [11.0599,73.6377], [10.7348,83.6251], [25.6208,76.2416], [11.0599,73.6377], [22.4112,73.7705], [10.7348,83.6251], [22.6137,84.7428], [22.6137,84.7428], [11.0599,73.6377], [5.81359,76.7957], [18.422,80.7367], [22.6137,84.7428], [9.27286,74.9341], [8.69702,86.4746], [10.7348,83.6251], [9.27286,74.9341], [18.422,80.7367], [8.69702,86.4746], [10.7348,83.6251], [2.31692,87.9086], [2.31692,87.9086], [10.7348,83.6251], [9.27286,74.9341], [-5.63269,66.5617], [11.0599,73.6377], [5.81359,76.7957], [11.0599,73.6377], [5.81359,76.7957], [11.0599,73.6377], [9.27286,74.9341], [-5.63269,66.5617], [-0.411799,70.1976], [5.81359,76.7957], [-0.411799,70.1976], [-2.89006,58.9245], [-2.89006,58.9245], [11.0599,73.6377], [-5.63269,66.5617], [11.0599,73.6377], [-0.411799,70.1976], [5.81359,76.7957], [11.0599,73.6377], [-0.411799,70.1976], [12.2272,36.2931], [23.999,46.2507], [12.2272,36.2931], [27.786,38.9265], [0.414746,37.3272], [14.1475,40.9713], [14.1475,40.9713], [16.9783,41.5468], [14.1475,40.9713], [-2.89006,58.9245], [14.1475,40.9713], [0.414746,37.3272], [-3.98319,46.0073], [-2.89006,58.9245], [-5.63269,66.5617], [-3.98319,46.0073], [-3.98319,46.0073], [-3.98319,46.0073], [-2.89006,58.9245], [-0.411799,70.1976], [-2.89006,58.9245], [-0.411799,70.1976], [-2.89006,58.9245], [-5.63269,66.5617], [2.31692,87.9086], [-0.411799,70.1976], [9.27286,74.9341], [18.422,80.7367], [22.4112,73.7705], [8.69702,86.4746], [10.7348,83.6251], [5.81359,76.7957], [10.7348,83.6251], [5.81359,76.7957], [2.31692,87.9086], [6.09418,81.0976], [6.09418,81.0976], [5.81359,76.7957], [-5.63269,66.5617], [10.7348,83.6251], [-2.89006,58.9245], [8.69702,86.4746], [2.31692,87.9086], [8.69702,86.4746], [5.81359,76.7957], [10.7348,83.6251], [8.69702,86.4746], [2.31692,87.9086], [12.2893,101.04], [10.7348,83.6251], [8.69702,86.4746], [8.69702,86.4746], [9.17602,101.492], [3.08168,101.992], [9.17602,101.492], [3.08168,101.992], [9.17602,101.492], [23.2283,100.003], [8.69702,86.4746], [13.4427,97.0374], [6.09418,81.0976], [8.69702,86.4746], [8.69702,86.4746], [8.69702,86.4746], [8.69702,86.4746], [31.227,92.655], [13.4427,97.0374], [8.69702,86.4746], [3.08168,101.992], [2.31692,87.9086], [22.7384,90.066], [22.7384,90.066], [12.2893,101.04], [31.227,92.655], [18.422,80.7367], [8.69702,86.4746], [13.4427,97.0374], [9.17602,101.492], [9.17602,101.492], [8.69702,86.4746], [10.7348,83.6251], [22.7384,90.066], [8.69702,86.4746], [8.69702,86.4746], [8.69702,86.4746], [2.31692,87.9086], [8.69702,86.4746], [10.7348,83.6251], [2.31692,87.9086], [2.31692,87.9086], [5.81359,76.7957], [13.4427,97.0374], [2.31692,87.9086], [8.69702,86.4746], [13.4427,97.0374], [5.81359,76.7957], [5.81359,76.7957], [8.69702,86.4746], [8.69702,86.4746], [18.422,80.7367], [2.31692,87.9086], [-0.411799,70.1976], [5.81359,76.7957], [5.81359,76.7957], [8.69702,86.4746], [5.81359,76.7957], [5.81359,76.7957], [18.422,80.7367], [8.69702,86.4746], [11.0599,73.6377], [11.0599,73.6377], [8.69702,86.4746], [8.69702,86.4746], [18.422,80.7367], [31.227,92.655], [18.422,80.7367], [30.1499,80.5032], [25.6208,76.2416], [22.4112,73.7705], [25.6208,76.2416], [18.422,80.7367], [25.6208,76.2416], [23.2283,100.003], [30.1499,80.5032], [23.2283,100.003], [32.637,98.8285], [23.2283,100.003], [11.0599,73.6377], [18.422,80.7367], [22.6137,84.7428], [23.2283,100.003], [23.2283,100.003], [22.4112,73.7705], [22.7384,90.066], [8.69702,86.4746], [22.7384,90.066], [23.2283,100.003], [13.4427,97.0374], [13.4427,97.0374], [12.2893,101.04], [23.2283,100.003], [32.637,98.8285], [23.2283,100.003], [29.6409,87.7275], [23.2283,100.003], [32.637,98.8285], [29.6409,87.7275], [8.69702,86.4746], [29.5935,84.2821], [29.6409,87.7275], [37.8426,92.3051], [22.7384,90.066], [22.7384,90.066], [29.5935,84.2821], [29.5935,84.2821], [37.8426,92.3051], [29.5935,84.2821], [29.6409,87.7275], [31.227,92.655], [29.6409,87.7275], [37.8426,92.3051], [30.1499,80.5032], [22.7384,90.066], [31.227,92.655], [22.7384,90.066], [31.227,92.655], [22.7384,90.066], [31.227,92.655], [37.8426,92.3051], [22.7384,90.066], [34.3561,106.991], [31.227,92.655], [41.3698,103.729], [37.828,94.3021], [41.3698,103.729], [34.3561,106.991], [41.3698,103.729], [34.3561,106.991], [31.227,92.655], [31.227,92.655], [31.227,92.655], [31.227,92.655], [42.1129,95.2196], [42.1129,95.2196], [42.1129,95.2196], [53.3108,96.9474], [42.1129,95.2196], [41.3698,103.729], [42.1129,95.2196], [42.1129,95.2196], [34.3561,106.991], [50.7598,95.9857], [50.7598,95.9857], [50.7598,95.9857], [53.3108,96.9474], [74.326,98.8069], [74.326,98.8069], [79.2463,91.4303], [65.8096,96.9202], [79.2463,91.4303], [74.326,98.8069], [79.2463,91.4303], [74.326,98.8069], [61.7067,97.6454], [53.3108,96.9474], [61.7067,97.6454], [53.3108,96.9474], [51.1926,90.6807], [53.3108,96.9474], [61.7067,97.6454], [51.1926,90.6807], [51.1926,90.6807], [53.3108,96.9474], [61.7067,97.6454], [41.3698,103.729], [53.3108,96.9474], 