{
  "instance_index": 0,
  "birth_iter": 15,
  "death_iter": 50,
  "survival_iters": 35,
  "censored": false,
  "pre_vnd_cost": 10482.5,
  "post_vnd_cost": 751.816,
  "pre_vnd_coords": [[80,20], [86.2684,17.5916], [86.2684,17.5916], [83.8528,14.0708], [66.4448,21.4848], [72.1599,-2.53696], [72.1599,-2.53696], [61.3851,12.2149], [61.3851,12.2149], [61.3851,12.2149], [54.3511,32.3355], [61.3851,12.2149], [66.4448,21.4848], [66.4448,21.4848], [45.626,17.9896], [39.5813,21.0727], [29.2702,24.6916], [36.7048,31.3614], [54.3511,32.3355], [52.0879,42.252], [36.7048,31.3614], [29.2702,24.6916], [48.4363,28.8683], [52.0879,42.252], [39.5813,21.0727], [40.6792,35.5592], [36.7265,39.2471], [32.5574,42.2975], [29.2702,24.6916], [27.5948,32.6842], [36.7048,31.3614], [43.0192,33.9302], [21.7269,37.0066], [32.4719,39.0073], [40.6792,35.5592], [36.7048,31.3614], [52.0879,42.252], [52.0879,42.252], [48.4363,28.8683], [40.6792,35.5592], [44.6395,49.0056], [32.5574,42.2975], [40.6792,35.5592], [49.1963,46.3863], [22.97,52.5836], [21.7269,37.0066], [26.5539,46.1235], [43.0192,33.9302], [40.1379,42.1685], [40.1379,42.1685], [44.6395,49.0056], [42.962,62.3967], [40.6792,35.5592], [37.8257,51.5098], [21.769,60.9284], [22.9991,44.5898], [49.1963,46.3863], [51.5898,55.9082], [37.8257,51.5098], [37.8257,51.5098], [23.4642,60.9185], [52.0879,42.252], [38.2218,58.8579], [32.7619,51.0528], [43.0192,33.9302], [32.5574,42.2975], [31.1534,56.8092], [35.294,66.2091], [32.5574,42.2975], [32.5574,42.2975], [19.1998,53.1597], [31.1534,56.8092], [26.5539,46.1235], [17.8282,59.079], [31.422,61.3551], [18.4108,56.6453], [11.3035,63.9793], [22.97,52.5836], [8.59038,58.5586], [16.5153,46.3562], [10.6755,50.9142], [26.0931,67.4973], [31.1534,56.8092], [23.4642,60.9185], [22.9991,44.5898], [21.7269,37.0066], [26.5539,46.1235], [22.97,52.5836], [31.1534,56.8092], [22.97,52.5836], [18.4108,56.6453], [35.294,66.2091], [10.6755,50.9142], [42.6671,58.1113], [22.9991,44.5898], [26.5539,46.1235], [26.5539,46.1235], [32.5574,42.2975], [26.5539,46.1235], [26.5539,46.1235], [26.5539,46.1235], [22.9991,44.5898], [40.1379,42.1685], [18.7537,33.7654], [16.5153,46.3562], [22.9991,44.5898], [22.9991,44.5898], [22.9991,44.5898], [16.5153,46.3562], [22.9991,44.5898], [26.5539,46.1235], [27.5948,32.6842], [32.5574,42.2975], [22.9991,44.5898], [22.9991,44.5898], [10.5375,46.8933], [22.9991,44.5898], [10.5375,46.8933], [10.6755,50.9142], [36.7265,39.2471], [40.6792,35.5592], [22.97,52.5836], [36.7265,39.2471], [26.5539,46.1235], [36.7048,31.3614], [32.4719,39.0073], [18.7537,33.7654], [21.7269,37.0066], [18.7537,33.7654], [27.5948,32.6842], [21.7269,37.0066], [22.9991,44.5898], [8.84913,22.7439], [27.5948,32.6842], [39.5813,21.0727], [40.6792,35.5592], [39.5813,21.0727], [21.7269,37.0066], [25.9192,25.9914], [29.2702,24.6916], [29.2702,24.6916], [20.7193,17.7708], [29.5965,15.9515], [18.7537,33.7654], [21.7269,37.0066], [20.7193,17.7708], [30.8882,9.34451], [20.7193,17.7708], [29.5965,15.9515], [29.5965,15.9515], [29.5965,15.9515], [29.5965,15.9515], [29.5965,15.9515], [39.5813,21.0727], [39.5813,21.0727], [20.7193,17.7708], [29.5965,15.9515], [39.5813,21.0727], [20.7193,17.7708], [25.9192,25.9914], [29.5965,15.9515], [45.626,17.9896], [30.8882,9.34451], [45.626,17.9896], [20.7193,17.7708], [20.7193,17.7708], [9.44574,4.53147], [9.44574,4.53147], [8.4693,8.98476], [12.2866,16.0729], [8.84913,22.7439], [20.7193,17.7708], [12.2866,16.0729], [12.0131,26.5827], [9.44574,4.53147], [30.8882,9.34451], [20.7193,17.7708], [12.2866,16.0729], [9.44574,4.53147], [8.84913,22.7439], [12.2866,16.0729], [12.2866,16.0729], [8.84913,22.7439], [8.4693,8.98476], [8.84913,22.7439], [18.7537,33.7654], [12.2866,16.0729], [8.84913,22.7439], [8.84913,22.7439], [8.84913,22.7439], [8.84913,22.7439], [8.4693,8.98476], [8.84913,22.7439], [8.84913,22.7439], [5.33655,37.7237], [8.84913,22.7439], [14.6222,40.3583], [14.6222,40.3583], [5.33655,37.7237], [12.0131,26.5827], [12.0131,26.5827], [5.33655,37.7237], [8.84913,22.7439], [25.9192,25.9914], [18.7537,33.7654], [8.84913,22.7439], [8.84913,22.7439], [21.7269,37.0066], [5.33655,37.7237], [20.7193,17.7708], [12.0131,26.5827], [10.5375,46.8933], [12.0131,26.5827], [14.6222,40.3583], [26.5539,46.1235], [10.6755,50.9142], [5.33655,37.7237], [14.6222,40.3583], [14.6222,40.3583], [14.6222,40.3583], [10.5375,46.8933], [14.6222,40.3583], [14.6222,40.3583], [10.5375,46.8933], [5.33655,37.7237], [12.0131,26.5827], [18.7537,33.7654], [10.5375,46.8933], [10.6755,50.9142], [14.6222,40.3583], [16.5153,46.3562], [10.6755,50.9142], [14.6222,40.3583], [-3.80542,57.3548], [10.5375,46.8933], [17.8282,59.079], [22.9991,44.5898], [22.9991,44.5898], [16.5153,46.3562], [21.769,60.9284], [6.32031,55.4894], [10.5375,46.8933], [17.8282,59.079], [-3.80542,57.3548], [19.1998,53.1597], [10.6755,50.9142], [6.32031,55.4894], [31.422,61.3551], [6.32031,55.4894], [16.5153,46.3562], [21.0853,70.1918], [8.59038,58.5586], [5.33655,37.7237], [10.5375,46.8933], [6.32031,55.4894], [18.4108,56.6453], [6.32031,55.4894], [5.33655,37.7237], [11.3035,63.9793], [-3.80542,57.3548], [-3.80542,57.3548], [11.3035,63.9793], [6.32031,55.4894], [8.59038,58.5586], [10.5375,46.8933], [-3.80542,57.3548], [6.32031,55.4894], [5.33655,37.7237], [8.59038,58.5586], [1.28858,69.3505], [19.915,65.7273], [7.36771,67.002], [6.32031,55.4894], [8.59038,58.5586], [23.4642,60.9185], [26.0931,67.4973], [12.1626,80.7226], [18.5667,83.8989], [17.8282,59.079], [11.8409,68.2064], [10.1289,78.0087], [10.5244,74.8354], [13.6145,66.6504], [10.3537,75.7661], [12.3359,67.7733], [12.0216,68.0484], [12.1769,67.9126], [10.4775,75.0909], [11.9915,68.0747], [10.8336,73.1491], [10.5011,74.9625], [10.4343,75.3265], [12.2085,67.8849], [12.7883,67.3763], [10.2047,80.5874], [12.272,67.8293], [10.1032,77.1307], [10.1032,77.1307], [11.187,71.224], [11.961,68.1014], [11.9008,68.154], [10.1155,77.5521], [11.8709,68.1802], [11.4731,69.6659], [10.1032,77.1307], [10.4019,87.4201], [10.2791,83.1657], [10.1032,77.1307], [10.764,73.5284], [10.1032,77.1307], [10.1032,77.1307], [10.1032,77.1307], [10.2952,83.7239], [10.1032,77.1307], [10.1032,77.1307], [12.4019,67.7155], [13.2252,66.9926], [11.722,68.3104], [23.5904,72.8169], [11.7523,68.2839], [12.0523,68.0215], [10.7027,73.8629], [12.0836,67.9941], [21.9855,77.8482], [10.6365,74.224], [24.3339,70.4866], [15.7417,90.2878], [12.1459,67.9397], [10.1397,78.3683], [10.2548,82.3237], [10.4705,89.8116], [10.1961,80.2917], [10.2217,81.1739], [10.2301,81.4653], [10.898,72.7977], [10.6583,74.1049], [10.2872,83.4464], [10.2383,81.7509], [10.3761,86.5288], [10.2169,76.5112], [20.8247,85.9192], [10.1032,77.1307], [10.1032,77.1307], [10.7226,73.7543], [10.179,79.7018], [10.4555,89.2899], [10.1875,79.9944], [10.5462,74.7161], [10.478,90.0727], [20.793,86.5596], [10.2128,80.8663], [10.7426,73.645], [10.2629,82.6025], [21.8827,84.5015], [10.5913,74.4704], [10.271,82.8851], [10.1709,79.4228], [23.4112,73.3786], [25.9462,68.0555], [21.0836,80.6695], [22.2509,77.0163], [24.4968,69.9761], [23.0697,74.4495], [21.0836,80.6695], [10.1032,77.1307], [23.3936,82.7616], [10.1032,77.1307], [11.8112,68.2324], [22.4249,76.4707], [23.2441,73.9027], [22.0779,77.5586], [10.569,74.5921], [29.4204,64.1412], [26.787,67.042], [22.6259,83.6456], [14.0587,66.2601], [22.3379,76.7437], [34.0119,84.1338], [22.8766,75.0548], [22.5943,75.9396], [14.0587,66.2601], [27.1774,66.5713], [29.1989,64.1359], [28.3937,65.1059], [34.1615,80.2009], [29.1651,64.1767], [26.3982,67.5107], [44.3981,56.3008], [44.7016,56.3759], [29.6789,64.4173], [30.3338,65.1169], [30.6045,65.4061], [28.2544,65.2737], [30.91,65.7325], [32.6036,72.9599], [32.2072,71.116], [48.4993,67.9066], [28.5342,64.9367], [49.4029,70.0041], [28.674,64.7683], [32.722,73.5106], [43.8685,56.1699], [50.0448,70.1844], [32.6613,73.2285], [29.266,64.0551], [29.9357,64.6917], [29.5534,64.2832], [44.5478,56.3379], [44.8601,56.4151], [49.0086,69.1694], [45.0474,56.4615], [27.5329,66.1428], [31.0884,65.9231], [47.384,65.1429], [48.9075,