{
  "instance_index": 0,
  "birth_iter": 28,
  "death_iter": 90,
  "survival_iters": 62,
  "censored": false,
  "pre_vnd_cost": 11112,
  "post_vnd_cost": 592.431,
  "pre_vnd_coords": [[80,20], [68.1244,11.6481], [68.1244,11.6481], [88.0372,4.65344], [100.775,27.9389], [88.0372,4.65344], [100.775,27.9389], [88.0372,4.65344], [88.0372,4.65344], [83.6049,45.5001], [87.288,38.5494], [100.775,27.9389], [87.288,38.5494], [75.5622,38.2605], [92.7715,49.5566], [86.4372,60.4209], [92.7715,49.5566], [92.7715,49.5566], [92.7715,49.5566], [83.6049,45.5001], [82.5504,57.4524], [86.4372,60.4209], [84.5725,76.1586], [83.6049,45.5001], [84.5725,76.1586], [84.5725,76.1586], [104.495,83.6759], [79.8191,89.9485], [91.7507,95.1171], [104.495,83.6759], [84.5725,76.1586], [84.5725,76.1586], [91.7507,95.1171], [83.6712,103.851], [69.7302,94.0877], [91.7507,95.1171], [69.7302,94.0877], [73.0962,101.652], [91.7507,95.1171], [79.2418,78.2622], [72.78,84.7408], [91.7507,95.1171], [69.7302,94.0877], [61.0984,68.7145], [79.8191,89.9485], [72.78,84.7408], [63.607,78.6289], [69.7302,94.0877], [83.6712,103.851], [71.1551,73.1272], [63.607,78.6289], [79.2418,78.2622], [79.8191,89.9485], [63.607,78.6289], [71.1551,73.1272], [70.6854,75.2617], [79.8191,89.9485], [61.0984,68.7145], [79.2418,78.2622], [63.607,78.6289], [72.78,84.7408], [70.6854,75.2617], [79.2418,78.2622], [72.78,84.7408], [71.1551,73.1272], [79.2418,78.2622], [79.8191,89.9485], [70.6854,75.2617], [70.6854,75.2617], [67.6619,65.0028], [70.6854,75.2617], [72.78,84.7408], [56.8061,54.9988], [70.6854,75.2617], [51.2635,68.3017], [65.5903,62.1728], [61.0984,68.7145], [70.6854,75.2617], [70.6854,75.2617], [63.607,78.6289], [51.2635,68.3017], [52.7205,79.3592], [42.472,72.3558], [61.0984,68.7145], [52.5967,87.2285], [46.7674,75.4019], [71.1551,73.1272], [49.8692,83.296], [59.4299,81.9461], [58.2364,65.5008], [51.0171,62.6397], [51.0171,62.6397], [35.5085,68.016], [51.2635,68.3017], [51.0171,62.6397], [51.0171,62.6397], [61.0984,68.7145], [40.1749,78.1431], [61.0984,68.7145], [51.2635,68.3017], [35.5085,68.016], [56.8061,54.9988], [46.7674,75.4019], [42.472,72.3558], [40.1749,78.1431], [49.8692,83.296], [51.0171,62.6397], [58.2364,65.5008], [51.2635,68.3017], [59.4299,81.9461], [42.472,72.3558], [52.5967,87.2285], [62.4747,86.627], [52.7205,79.3592], [49.8692,83.296], [42.6872,83.1646], [49.8692,83.296], [42.6872,83.1646], [49.8692,83.296], [40.1749,78.1431], [49.8692,83.296], [49.9188,91.8845], [55.8088,84.6394], [59.4299,81.9461], [59.4299,81.9461], [46.7674,75.4019], [63.607,78.6289], [59.4299,81.9461], [51.2635,68.3017], [55.8088,84.6394], [59.4299,81.9461], [52.5967,87.2285], [58.2364,65.5008], [62.4747,86.627], [72.78,84.7408], [49.9188,91.8845], [52.5967,87.2285], [52.7205,79.3592], [58.9712,96.7746], [52.5967,87.2285], [50.9818,98.3651], [49.8692,83.296], [52.5967,87.2285], [49.9188,91.8845], [49.8692,83.296], [55.8088,84.6394], [69.7302,94.0877], [59.4299,81.9461], [72.78,84.7408], [73.0962,101.652], [63.9081,91.6463], [73.0962,101.652], [73.0962,101.652], [52.5967,87.2285], [72.78,84.7408], [62.4747,86.627], [72.78,84.7408], [69.7302,94.0877], [73.0962,101.652], [72.78,84.7408], [69.7302,94.0877], [73.0962,101.652], [41.5892,90.9011], [52.5967,87.2285], [52.5967,87.2285], [49.9188,91.8845], [62.4747,86.627], [63.607,78.6289], [62.4747,86.627], [52.5967,87.2285], [50.9818,98.3651], [63.9081,91.6463], [63.9081,91.6463], [63.9081,91.6463], [50.9818,98.3651], [63.9081,91.6463], [58.9712,96.7746], [63.9081,91.6463], [58.9712,96.7746], [49.9188,91.8845], [41.5892,90.9011], [43.8071,98.5657], [55.8088,84.6394], [43.8071,98.5657], [50.9818,98.3651], [63.9081,91.6463], [58.9712,96.7746], [52.5967,87.2285], [49.9188,91.8845], [43.8071,98.5657], [58.9712,96.7746], [43.8071,98.5657], [54.1529,101.724], [58.9712,96.7746], [49.8692,83.296], [49.8692,83.296], [55.8088,84.6394], [49.8692,83.296], [58.9712,96.7746], [55.8088,84.6394], [50.9818,98.3651], [38.6887,104.204], [38.9785,87.828], [34.2297,96.9304], [49.9188,91.8845], [49.8692,83.296], [40.1749,78.1431], [41.5892,90.9011], [42.6872,83.1646], [36.0993,77.3145], [42.472,72.3558], [42.472,72.3558], [51.0171,62.6397], [46.7674,75.4019], [42.6872,83.1646], [49.9188,91.8845], [46.7674,75.4019], [32.6103,82.3115], [49.9188,91.8845], [35.3201,83.837], [26.6385,90.0366], [29.0646,76.6035], [36.0993,77.3145], [36.0993,77.3145], [51.2635,68.3017], [32.6103,82.3115], [29.0646,76.6035], [15.8764,78.4789], [32.6103,82.3115], [32.6103,82.3115], [26.6385,90.0366], [28.8483,84.5854], [21.6611,78.9104], [29.0646,76.6035], [36.0993,77.3145], [28.8483,84.5854], [38.6887,104.204], [34.2297,96.9304], [35.3201,83.837], [42.472,72.3558], [26.6385,90.0366], [41.5892,90.9011], [38.9785,87.828], [35.3201,83.837], [54.1529,101.724], [42.6872,83.1646], [36.0993,77.3145], [41.5892,90.9011], [38.6887,104.204], [38.9785,87.828], [54.1529,101.724], [38.9785,87.828], [26.6385,90.0366], [41.5892,90.9011], [41.5892,90.9011], [42.6872,83.1646], [34.2297,96.9304], [38.6887,104.204], [38.9785,87.828], [49.9188,91.8845], [26.6385,90.0366], [34.2297,96.9304], [38.9785,87.828], [42.6872,83.1646], [26.6385,90.0366], [50.9818,98.3651], [34.2297,96.9304], [41.5892,90.9011], [34.2297,96.9304], [34.2297,96.9304], [22.5208,92.0033], [26.6385,90.0366], [25.402,104.587], [23.0704,87.8596], [41.5892,90.9011], [41.5892,90.9011], [34.2297,96.9304], [43.8071,98.5657], [38.6887,104.204], [38.6887,104.204], [38.6887,104.204], [43.8071,98.5657], [38.6887,104.204], [26.6385,90.0366], [7.18073,89.6518], [33.8821,100.821], [23.0704,87.8596], [16.3419,95.3372], [23.0704,87.8596], [25.402,104.587], [25.402,104.587], [20.3383,89.7544], [20.3383,89.7544], [30.1663,89.6821], [29.4751,94.7909], [20.3383,89.7544], [20.3383,89.7544], [29.4751,94.7909], [30.1663,89.6821], [20.3383,89.7544], [30.1663,89.6821], [51.7039,60.4219], [42.4268,64.4494], [47.0879,55.1103], [51.7039,60.4219], [45.5254,56.3817], [45.5254,56.3817], [42.6573,49.6847], [51.7039,60.4219], [57.8904,23.5419], [57.4132,14.501], [57.8904,23.5419], [57.4132,14.501], [57.8904,23.5419], [57.8904,23.5419], [52.6873,34.5731], [57.8904,23.5419], [57.8904,23.5419], [57.8904,23.5419], [41.6033,34.3213], [36.0465,32.4874], [57.8904,23.5419], [52.6873,34.5731], [57.8904,23.5419], [57.8904,23.5419], [57.8904,23.5419], [57.8904,23.5419], [41.6033,34.3213], [57.8904,23.5419], [57.8904,23.5419], [51.7039,60.4219], [35.5696,45.0583], [52.6873,34.5731], [42.6573,49.6847], [57.8904,23.5419], [42.6573,49.6847], [32.1918,27.8917], [57.8904,23.5419], [41.6033,34.3213], [41.6033,34.3213], [52.6873,34.5731], [40.7368,20.6517], [36.2913,14.175], [36.2913,14.175], [29.1994,17.6214], [29.139,23.3087], [36.0465,32.4874], [40.7368,20.6517], [36.2913,14.175], [36.2913,14.175], [29.1994,17.6214], [34.7254,22.0289], [36.2913,14.175], [36.2913,14.175], [36.2913,14.175], [32.1918,27.8917], [36.2913,14.175], [40.7368,20.6517], [11.0925,14.788], [31.7638,11.8283], [11.0925,14.788], [11.0319,15.2082], [31.7638,11.8283], [3.12663,11.1183], [19.8496,17.948], [29.139,23.3087], [6.79506,23.0913], [19.8496,17.948], [11.0319,15.2082], [13.4543,32.2848], [6.79506,23.0913], [3.49371,11.1521], [3.12663,11.1183], [3.12663,11.1183], [3.12663,11.1183], [3.12663,11.1183], [11.0319,15.2082], [6.79506,23.0913], [3.12663,11.1183], [11.0319,15.2082], [6.79506,23.0913], [6.79506,23.0913], [19.8496,17.948], [6.79506,23.0913], [6.79506,23.0913], [13.4543,32.2848], [6.79506,23.0913], [6.79506,23.0913], [6.79506,23.0913], [6.79506,23.0913], [13.4543,32.2848], [8.2852,44.9296], [8.2852,44.9296], [8.59001,38.2314], [8.59001,38.2314], [8.2852,44.9296], [8.2852,44.9296], [8.2852,44.9296], [8.72554,63.1614], [8.51206,60.3961], [23.6157,54.3918], [23.6157,54.3918], [23.6157,54.3918], [25.6894,51.0306], [23.6157,54.3918], [23.9924,49.8238], [41.2694,51.9118], [23.6157,54.3918], [23.6157,54.3918], [23.9924,49.8238], [25.6894,51.0306], [42.6573,49.6847], [23.9924,49.8238], [23.6157,54.3918], [23.9924,49.8238], [23.6157,54.3918], [42.6573,