{
  "instance_index": 0,
  "birth_iter": 79,
  "death_iter": 101,
  "survival_iters": 22,
  "censored": true,
  "pre_vnd_cost": 9617.18,
  "post_vnd_cost": 522.587,
  "pre_vnd_coords": [[80,20], [64.8714,20.8124], [67.6196,15.1915], [64.3286,21.9226], [66.5267,17.4269], [44.4042,22.3599], [57.3342,30.1085], [52.8231,38.1136], [61.141,30.5392], [52.494,38.2843], [61.2167,30.7751], [66.8418,16.7824], [61.3266,28.428], [67.1972,16.0555], [65.9261,18.6552], [65.4139,19.7029], [53.0245,38.5182], [61.7035,27.2915], [61.0604,30.288], [52.0097,27.5495], [49.0628,40.0635], [52.7136,38.1704], [54.5927,41.6679], [56.1535,44.8027], [50.3677,26.5469], [48.1933,40.5143], [61.4725,31.5721], [53.7984,40.0726], [29.8527,35.4258], [60.888,29.7508], [61.3846,31.2982], [52.8231,38.1136], [36.2806,16.1257], [35.4337,16.346], [24.1218,21.2698], [25.4074,20.6493], [45.9817,23.5704], [42.7134,21.0623], [29.8186,35.3275], [31.3247,17.4146], [34.5913,16.5651], [39.6276,18.6943], [30.0966,17.734], [33.0114,16.9759], [33.7617,16.7808], [36.2806,16.1257], [24.0299,21.2216], [32.1776,17.1928], [29.9534,35.2959], [45.4269,23.1447], [44.8594,22.7092], [41.0773,19.8068], [28.9598,18.0296], [24.5085,21.4731], [23.9455,21.1772], [47.9303,25.0586], [20.8036,19.5258], [13.2282,22.082], [38.4588,17.7973], [37.2691,16.8843], [36.2806,16.1257], [22.3871,20.3581], [15.6447,16.8143], [13.8845,15.8891], [26.9408,18.5547], [26.1723,19.6044], [12.6411,15.2355], [24.2059,21.3141], [24.6072,21.525], [13.328,23.057], [13.1611,15.5088], [13.0518,20.3578], [13.7247,15.8051], [13.5818,15.7299], [13.2736,22.5258], [11.512,25.9939], [14.0342,15.9677], [12.5214,15.1726], [12.847,15.3437], [12.7467,15.291], [13.0107,15.4298], [11.5002,24.878], [11.487,23.6359], [11.6096,35.1612], [11.487,23.6359], [11.6054,34.7705], [11.6015,34.4008], [12.6808,16.731], [13.2986,15.5811], [11.5707,31.5016], [13.1457,21.2752], [12.7552,23.6208], [13.4473,15.6593], [12.1552,23.6279], [12.8013,17.9092], [12.9724,19.5809], [18.5233,18.3272], [12.0416,26.0376], [20.5465,41.1661], [12.2729,26.3377], [20.5465,41.1661], [12.2729,26.3377], [12.2729,26.3377], [12.2729,26.3377], [9.35941,48.0944], [20.4333,39.9325], [11.8904,25.8414], [20.5465,41.1661], [9.29754,48.3301], [12.2729,26.3377], [12.2729,26.3377], [12.2729,26.3377], [9.1293,48.9711], [20.3372,41.2826], [16.5033,43.4161], [9.37785,48.0241], [19.9903,41.4756], [9.39647,47.9532], [9.57541,47.2713], [8.94267,49.6821], [9.47057,52.5118], [9.5564,47.3438], [17.3649,42.9366], [9.4239,47.8487], [9.18754,48.7493], [9.4411,47.7831], [9.44978,47.7501], [14.5973,29.1996], [9.24475,48.5313], [20.2104,37.5039], [9.45891,47.7153], [20.4885,40.534], [9.4147,47.8837], [9.36894,48.0581], [9.40569,47.918], [20.5465,41.1661], [14.7772,44.3766], [20.1146,36.4603], [36.2385,58.679], [24.7221,21.5854], [24.3141,21.3709], [24.4126,21.4227], [25.1659,69.5784], [18.9894,42.0326], [33.222,44.2572], [35.1158,41.5078], [15.2746,44.0999], [20.5465,41.1661], [32.9216,44.6933], [20.0662,35.9335], [26.1191,20.3419], [19.1713,41.9314], [36.6135,39.8596], [35.898,40.3721], [34.331,42.6471], [20.2628,38.0748], [20.5465,41.1661], [20.1748,41.3729], [16.0708,43.6568], [12.7348,45.5132], [16.9369,43.1748], [31.7666,46.3701], [9.3498,48.131], [19.4912,41.7533], [22.3397,18.9377], [29.0254,50.3499], [25.4856,57.0769], [9.24546,51.3051], [19.335,41.8403], [18.6737,42.2083], [29.7551,49.2905], [18.211,42.4658], [24.5645,62.0038], [24.6309,61.6486], [26.784,53.604], [24.2075,66.298], [26.3271,54.2673], [25.3371,57.871], [27.6733,52.3129], [25.3981,66.911], [24.5989,61.8195], [30.2591,48.5588], [23.8432,66.0015], [28.7666,50.7255], [20.3803,39.3547], [28.488,51.1301], [27.4217,52.6782], [26.5427,53.9543], [31.4759,46.7922], [24.1116,64.426], [24.249,63.6909], [27.9206,51.9539], [23.8614,65.8291], [28.1856,51.5692], [34.0669,43.0305], [17.7933,42.6982], [14.5468,69.5021], [26.977,53.3238], [19.6504,41.6648], [14.1187,44.7431], [10.4518,57.7715], [24.0749,64.6222], [25.2931,68.1175], [9.01882,50.0903], [25.1796,58.7133], [11.223,61.9057], [24.1437,64.2541], [24.1789,64.0657], [24.9485,59.9499], [29.2564,50.0146], [24.66,61.4927], [24.7012,66.4541], [13.4528,45.1136], [9.52911,47.4477], [19.8226,41.5689], [9.65288,53.489], [9.5107,47.5179], [9.56567,47.3085], [11.2961,62.2975], [9.50184,47.5516], [9.47544,47.6523], [10.9101,60.2285], [9.54291,52.8995], [18.6612,34.2034], [9.39332,52.0977], [9.31696,51.6883], [9.48358,47.6213], [9.49242,47.5876], [9.06541,49.2146], [9.53808,47.4136], [9.51979,47.4833], [9.46681,47.6852], [10.033,55.5263], [15.6116,43.9123], [9.38693,47.9895], [9.09865,50.5182], [9.17061,50.9039], [25.5824,56.5588], [10.203,56.4378], [9.43236,47.8164], [10.9372,60.3733], [9.84817,54.5359], [9.54725,47.3786], [25.8929,54.8977], [24.5291,62.1933], [11.0042,60.7325], [12.2473,67.3972], [10.8175,59.7318], [24.3212,63.3052], [12.2473,67.3972], [12.1629,66.9447], [12.2046,67.1684], [10.803,79.4572], [11.026,75.696], [11.6938,64.4297], [11.5423,63.6177], [10.8561,59.9388], [10.6411,58.7861], [11.6447,64.1664], [10.5425,58.2576], [9.00293,49.4525], [11.8314,65.1677], [23.8247,66.177], [11.9324,65.7091], [11.1562,61.5473], [24.2102,63.8983], [10.5948,58.538], [9.76133,54.0704], [11.4844,63.307], [11.026,75.696], [8.94267,49.6821], [10.8836,60.0862], [10.3666,57.3148], [10.2824,56.8636], [11.0827,61.1537], [10.1361,56.0793], [12.0725,66.4598], [11.026,75.696], [9.94482,55.0539], [12.0218,66.1883], [24.7528,60.9965], [10.6905,59.0511], [11.026,75.696], [14.0412,69.0393], [11.7898,64.9445], [11.026,75.696], [11.8831,65.4445], [12.2473,67.3972], [10.7346,59.2878], [11.7397,64.676], [11.026,75.696], [11.026,75.696], [11.026,75.696], [11.026,75.696], [12.2473,67.3972], [12.2473,67.3972], [11.026,75.696], [14.5468,69.5021], [14.5468,69.5021], [13.5873,68.6238], [23.8772,65.6793], [24.0402,64.808], [19.0567,89.3362], [10.8155,79.2463], [11.026,75.696], [10.7407,80.5067], [11.026,75.696], [10.7762,79.9074], [11.6006,63.9301], [10.778,59.5201], [11.9766,65.9457], [10.3018,87.9012], [10.8215,79.1446], [10.3979,86.2826], [19.4057,89.3191], [10.3699,86.7533], [10.7885,79.7004], [10.7823,79.806], [10.8274,79.0447], [11.026,75.696], [12.1232,66.7318], [10.4547,85.3254], [12.2473,67.3972], [11.026,75.696], [11.026,75.696], [10.4037,86.1846], [11.404,62.8759], [10.1965,89.6742], [10.5607,83.5403], [10.4709,85.0519], [10.3555,86.9964], [10.8088,79.3585], [11.026,75.696], [10.7956,79.5816], [10.3646,86.8427], [11.4032,89.7127], [10.8337,78.9385], [10.5772,83.2618], [11.026,75.696], [10.3813,86.5624], [13.5847,89.6053], [11.026,75.696], [11.026,75.696], [24.8432,73.2872], [10.7227,80.81], [11.026,75.696], [10.5315,84.0312], [10.2114,89.4234], [10.4857,84.8037], [22.2118,83.4236], [12.2101,89.673], [10.5985,89.7522], [10.6099,82.7107], [11.026,75.696], [10.7035,81.1338], [10.8403,78.8277], [10.1977,89.6551], [10.3357,87.3295], [13.1284,89.6278], [10.2187,89.3006], [10.2357,89.0145], [10.1955,89.6926], [10.3177,87.6327], [10.3455,87.1643], [12.6052,89.6535], [17.1777,89.4286], [10.2677,88.4751], [10.3266,87.4839], [10.2462,88.8383], [10.6847,81.4503], [10.4084,86.1052], [10.1921,89.7496], [10.1938,89.7207], [11.026,75.696], [10.1914,89.7604], [10.1949,89.7016], [10.4353,85.652], [10.392,86.382], [10.3753,86.6636], [10.1971,89.6644], [10.5165,84.2834], [10.1907,89.7723], [10.4134,86.0212], [10.3101,87.7621], [10.2575,88.648], [10.2933,88.0445], [18.5729,89.36], [10.5449,83.8065], [21.0921,86.3705], [10.5928,82.9984], [20.2245,88.6536], [27.5938,91.1597], [10.9677,89.7341], [16.9447,89.4401], [10.196,89.6828], [10.2855,88.1753], [16.0119,89.486], [18.4105,89.368], [22.4597,82.7714], [11.026,75.696], [10.3863,86.4782], [10.4185,85.9362], [10.2265,89.1694], [10.6277,82.4109], [10.2032,89.562], [22.2441,83.3387], [14.0644,89.5817], [17.6492,89.4054], [17.4052,89.4174], [18.9201,89.343], [17.8799,89.3941], [16.5059,89.4617], [36.3423,91.8338], [15.3083,89.5206], [14.9231,89.5395], [33.3122,91.6003], [10.1927,89.7396], [19.9824,89.2907], 